asset,phase,model,method,query_date,target_date,actual_return,predicted_return,prediction_std,previous_close,actual_close,predicted_close,seed
BTC,benchmark,arima,arima,2025-10-31,2025-11-01,0.004624825172493095,-0.0005966666596372398,0.0,109556.1640625,110064.015625,109490.81504977348,benchmark
BTC,benchmark,arima,arima,2025-11-01,2025-11-02,0.005216141233319792,-3.013272054983138e-05,0.0,110064.015625,110639.625,110060.69914674209,benchmark
BTC,benchmark,arima,arima,2025-11-02,2025-11-03,-0.03768718290100999,-0.00021255794355248044,0.0,110639.625,106547.5234375,110616.11016805528,benchmark
BTC,benchmark,arima,arima,2025-11-03,2025-11-04,-0.04764085753760775,0.001655280831742996,0.0,106547.5234375,101590.5234375,106724.03555897847,benchmark
BTC,benchmark,arima,arima,2025-11-04,2025-11-05,0.022400061321748738,0.0015579910214041336,0.0,101590.5234375,103891.8359375,101748.92392210085,benchmark
BTC,benchmark,arima,arima,2025-11-05,2025-11-06,-0.025251182491850755,-0.0013815519745019695,0.0,103891.8359375,101301.2890625,103748.40306922112,benchmark
BTC,benchmark,arima,arima,2025-11-06,2025-11-07,0.02023892596873405,0.0014532968228295673,0.0,101301.2890625,103372.40625,101448.61693367604,benchmark
BTC,benchmark,arima,arima,2025-11-07,2025-11-08,-0.010603212214200236,-0.0012609340068119668,0.0,103372.40625,102282.1171875,103242.14261177847,benchmark
BTC,benchmark,arima,arima,2025-11-08,2025-11-09,0.023551839699680072,0.000799377833966595,0.0,102282.1171875,104719.640625,102363.91193288846,benchmark
BTC,benchmark,arima,arima,2025-11-09,2025-11-10,0.01212026933646231,-0.001219596575971883,0.0,104719.640625,105996.59375,104592.00275902977,benchmark
BTC,benchmark,arima,arima,2025-11-10,2025-11-11,-0.028702546476841843,-0.00017455415971799788,0.0,105996.59375,102997.46875,105978.09321836435,benchmark
BTC,benchmark,arima,arima,2025-11-11,2025-11-12,-0.013039146642676998,0.0012641810399265166,0.0,102997.46875,101663.1875,103127.75853474003,benchmark
BTC,benchmark,arima,arima,2025-11-12,2025-11-13,-0.019524742976585432,0.0002010877012362756,0.0,101663.1875,99697.4921875,101683.63277225224,benchmark
BTC,benchmark,arima,arima,2025-11-13,2025-11-14,-0.05462287113659148,0.0007711056137710602,0.0,99697.4921875,94397.7890625,99774.39913128196,benchmark
BTC,benchmark,arima,arima,2025-11-14,2025-11-15,0.01212310649874722,0.0020993320794225057,0.0,94397.7890625,95549.1484375,94596.16952968636,benchmark
BTC,benchmark,arima,arima,2025-11-15,2025-11-16,-0.014463938461922525,-0.0010966552332278274,0.0,95549.1484375,94177.078125,95444.42139905879,benchmark
BTC,benchmark,arima,arima,2025-11-16,2025-11-17,-0.02236838271634354,0.0009172623702991501,0.0,94177.078125,92093.875,94263.50284592138,benchmark
BTC,benchmark,arima,arima,2025-11-17,2025-11-18,0.009241173563305538,0.0006925978734752475,0.0,92093.875,92948.875,92157.6811154244,benchmark
BTC,benchmark,arima,arima,2025-11-18,2025-11-19,-0.016082377699808928,-0.0005838081644188604,0.0,92948.875,91465.9921875,92894.62652479362,benchmark
BTC,benchmark,arima,arima,2025-11-19,2025-11-20,-0.05429914313161118,0.000843344836154683,0.0,91465.9921875,86631.8984375,91543.16209554301,benchmark
BTC,benchmark,arima,arima,2025-11-20,2025-11-21,-0.017950490472289502,0.002065552966652319,0.0,86631.8984375,85090.6875,86811.02614752323,benchmark
BTC,benchmark,arima,arima,2025-11-21,2025-11-22,-0.00521187239368071,0.00018648981877205165,0.0,85090.6875,84648.359375,85106.55752664428,benchmark
BTC,benchmark,arima,arima,2025-11-22,2025-11-23,0.025158586579000386,0.000168941959020146,0.0,84648.359375,86805.0078125,84662.6612427194,benchmark
BTC,benchmark,arima,arima,2025-11-23,2025-11-24,0.016742357810839485,-0.0011125182630074993,0.0,86805.0078125,88270.5625,86708.48935521636,benchmark
BTC,benchmark,arima,arima,2025-11-24,2025-11-25,-0.01057647695675446,-0.0004000676160639087,0.0,88270.5625,87341.890625,88235.25536958268,benchmark
BTC,benchmark,arima,arima,2025-11-25,2025-11-26,0.0357225879133364,0.0005591013164794054,0.0,87341.890625,90518.3671875,87390.73724486453,benchmark
BTC,benchmark,arima,arima,2025-11-26,2025-11-27,0.008437806108495432,-0.001668338714835873,0.0,90518.3671875,91285.375,90367.47779342448,benchmark
BTC,benchmark,arima,arima,2025-11-27,2025-11-28,-0.004018666774419681,0.00010607406271139147,0.0,91285.375,90919.265625,91295.05852416868,benchmark
BTC,benchmark,arima,arima,2025-11-28,2025-11-29,-0.00074277862694653,0.0001407430390696759,0.0,90919.265625,90851.7578125,90932.06277928813,benchmark
BTC,benchmark,arima,arima,2025-11-29,2025-11-30,-0.005047792573132774,-7.637429920974046e-06,0.0,90851.7578125,90394.3125,90851.0639412162,benchmark
BTC,benchmark,arima,arima,2025-11-30,2025-12-01,-0.04610183805407602,0.00021591991749735128,0.0,90394.3125,86321.5703125,90413.83253980408,benchmark
BTC,benchmark,arima,arima,2025-12-01,2025-12-02,0.05662099387030378,0.0018926530320021902,0.0,86321.5703125,91350.203125,86485.10179964564,benchmark
BTC,benchmark,arima,arima,2025-12-02,2025-12-03,0.023558262011831657,-0.002923940308857594,0.0,91350.203125,93527.8046875,91083.49069948624,benchmark
BTC,benchmark,arima,arima,2025-12-03,2025-12-04,-0.014931972865932171,-0.00018555041524809333,0.0,93527.8046875,92141.625,93510.45217443578,benchmark
BTC,benchmark,arima,arima,2025-12-04,2025-12-05,-0.030343059975675362,0.0006839857557043054,0.0,92141.625,89387.7578125,92204.67011753072,benchmark
BTC,benchmark,arima,arima,2025-12-05,2025-12-06,-0.0012916460625568118,0.0010951668041525378,0.0,89387.7578125,89272.375,89485.7059425343,benchmark
BTC,benchmark,arima,arima,2025-12-06,2025-12-07,0.012614572226014349,-0.0002495241524992993,0.0,89272.375,90405.640625,89250.1021652072,benchmark
BTC,benchmark,arima,arima,2025-12-07,2025-12-08,0.002591195979813834,-0.00046497127488557633,0.0,90405.640625,90640.203125,90363.61437027954,benchmark
BTC,benchmark,arima,arima,2025-12-08,2025-12-09,0.022381192698197744,1.9416966702996696e-05,0.0,90640.203125,92691.7109375,90641.96309989266,benchmark
BTC,benchmark,arima,arima,2025-12-09,2025-12-10,-0.007262832846635849,-0.0009533450259120897,0.0,92691.7109375,92020.9453125,92603.38586475847,benchmark
BTC,benchmark,arima,arima,2025-12-10,2025-12-11,0.0053149701081481185,0.0005724501114861655,0.0,92020.9453125,92511.3359375,92073.63779337255,benchmark
BTC,benchmark,arima,arima,2025-12-11,2025-12-12,-0.024521421452147512,-0.00038413815955517594,0.0,92511.3359375,90270.4140625,92475.80562788577,benchmark
BTC,benchmark,arima,arima,2025-12-12,2025-12-13,0.0003134187556330964,0.0011453116285837055,0.0,90270.4140625,90298.7109375,90373.86104565127,benchmark
BTC,benchmark,arima,arima,2025-12-13,2025-12-14,-0.02379767101791624,-0.0003314363311369416,0.0,90298.7109375,88175.1796875,90268.78762315116,benchmark
BTC,benchmark,arima,arima,2025-12-14,2025-12-15,-0.020108914713088392,0.0011000170282469222,0.0,88175.1796875,86419.78125,88272.2272538268,benchmark
BTC,benchmark,arima,arima,2025-12-15,2025-12-16,0.016345736935078115,0.0005461302607534758,0.0,86419.78125,87843.984375,86466.99059772164,benchmark
BTC,benchmark,arima,arima,2025-12-16,2025-12-17,-0.019544833040854463,-0.0008440326424471829,0.0,87843.984375,86143.7578125,87769.87246557997,benchmark
BTC,benchmark,arima,arima,2025-12-17,2025-12-18,-0.007939728497768105,0.0010622854533984287,0.0,86143.7578125,85462.5078125,86235.31569501878,benchmark
BTC,benchmark,arima,arima,2025-12-18,2025-12-19,0.030433154968407768,4.118836137734314e-05,0.0,85462.5078125,88103.3828125,85466.02794564975,benchmark
BTC,benchmark,arima,arima,2025-12-19,2025-12-20,0.002727355122150639,-0.0013004323117985842,0.0,88103.3828125,88344.0,87988.88479131092,benchmark
BTC,benchmark,arima,arima,2025-12-20,2025-12-21,0.0031390280669266876,0.0002457366498090513,0.0,88344.0,88621.75,88365.71202620176,benchmark
BTC,benchmark,arima,arima,2025-12-21,2025-12-22,-0.0014875849588890807,-0.00020121727510436394,0.0,88621.75,88490.015625,88603.91956690575,benchmark
BTC,benchmark,arima,arima,2025-12-22,2025-12-23,-0.012234274952953525,0.00011890347327172228,0.0,88490.015625,87414.0,88500.53802076998,benchmark
BTC,benchmark,arima,arima,2025-12-23,2025-12-24,0.002262076104062497,0.0004851495942840068,0.0,87414.0,87611.9609375,87456.4191556208,benchmark
BTC,benchmark,arima,arima,2025-12-24,2025-12-25,-0.0043148578556266,-0.00023058179950899915,0.0,87611.9609375,87234.7421875,87591.76154278441,benchmark
BTC,benchmark,arima,arima,2025-12-25,2025-12-26,0.0007641682813230021,0.0002468093811233065,0.0,87234.7421875,87301.4296875,87256.27519739686,benchmark
BTC,benchmark,arima,arima,2025-12-26,2025-12-27,0.00571921956587603,-0.00010092854659542514,0.0,87301.4296875,87802.15625,87292.61892572211,benchmark
BTC,benchmark,arima,arima,2025-12-27,2025-12-28,0.0003835125589097617,-0.000214199021450657,0.0,87802.15625,87835.8359375,87783.35112814124,benchmark
BTC,benchmark,arima,arima,2025-12-28,2025-12-29,-0.007974888882579774,4.325976001024018e-05,0.0,87835.8359375,87138.140625,87839.63577687244,benchmark
BTC,benchmark,arima,arima,2025-12-29,2025-12-30,0.01471809780879094,0.0003257575450594809,0.0,87138.140625,88430.1328125,87166.53115573479,benchmark
BTC,benchmark,arima,arima,2025-12-30,2025-12-31,-0.010473099349299821,-0.0007138759214196828,0.0,88430.1328125,87508.828125,88367.02719742675,benchmark
BTC,benchmark,arima,arima,2025-12-31,2026-01-01,0.013880733660550057,0.0006418970728809975,0.0,87508.828125,88731.984375,87565.01781769498,benchmark
BTC,benchmark,arima,arima,2026-01-01,2026-01-02,0.013574570130194884,-0.0007662314209502526,0.0,88731.984375,89944.6953125,88664.02118162089,benchmark
BTC,benchmark,arima,arima,2026-01-02,2026-01-03,0.007294409627148249,-0.00036209324206455326,0.0,89944.6953125,90603.1875,89912.13284184884,benchmark
BTC,benchmark,arima,arima,2026-01-03,2026-01-04,0.008903689947606831,-0.00020836571496875332,0.0,90603.1875,91413.4921875,90584.3108687478,benchmark
BTC,benchmark,arima,arima,2026-01-04,2026-01-05,0.02665149838136465,-0.00031923116982013637,0.0,91413.4921875,93882.5546875,91384.31480886378,benchmark
BTC,benchmark,arima,arima,2026-01-05,2026-01-06,-0.00163660971149983,-0.0010401383291846408,0.0,93882.5546875,93729.03125,93784.9546115171,benchmark
BTC,benchmark,arima,arima,2026-01-06,2026-01-07,-0.026168967250151644,0.00035826323972941985,0.0,93729.03125,91308.0546875,93762.61693229075,benchmark
BTC,benchmark,arima,arima,2026-01-07,2026-01-08,-0.003081466892755565,0.0010088579127877847,0.0,91308.0546875,91027.125,91400.21802301095,benchmark
BTC,benchmark,arima,arima,2026-01-08,2026-01-09,-0.005662930149506993,-0.0001497404812629776,0.0,91027.125,90513.1015625,91013.49557495832,benchmark
BTC,benchmark,arima,arima,2026-01-09,2026-01-10,-0.0013980466595052143,0.0002814494302371506,0.0,90513.1015625,90386.6484375,90538.58000864265,benchmark
BTC,benchmark,arima,arima,2026-01-10,2026-01-11,0.004865110901100388,-1.8971173574163782e-05,0.0,90386.6484375,90827.4609375,90384.93371296892,benchmark
BTC,benchmark,arima,arima,2026-01-11,2026-01-12,0.004016380962680633,-0.0002007907406007443,0.0,90827.4609375,91192.9921875,90809.22545517074,benchmark
BTC,benchmark,arima,arima,2026-01-12,2026-01-13,0.044280285031478225,-0.00011433442952794035,0.0,91192.9921875,95321.78125,91182.56628479248,benchmark
BTC,benchmark,arima,arima,2026-01-13,2026-01-14,0.016723797821879046,-0.001843721419184879,0.0,95321.78125,96929.328125,95146.19635474958,benchmark
BTC,benchmark,arima,arima,2026-01-14,2026-01-15,-0.014320038274756287,-0.00019615712437136713,0.0,96929.328125,95551.1875,96910.31661141063,benchmark
BTC,benchmark,arima,arima,2026-01-15,2026-01-16,-0.00027287855188963723,0.0006610138722124657,0.0,95551.1875,95525.1171875,95614.36904008056,benchmark
BTC,benchmark,arima,arima,2026-01-16,2026-01-17,-0.004461072057980408,-0.00017206845503993758,0.0,95525.1171875,95099.921875,95508.68174221943,benchmark
BTC,benchmark,arima,arima,2026-01-17,2026-01-18,-0.015529993658124637,0.00023674755641302832,0.0,95099.921875,93634.4296875,95122.43921447636,benchmark
BTC,benchmark,arima,arima,2026-01-18,2026-01-19,-0.011610285761608208,0.0005920026577807807,0.0,93634.4296875,92553.59375,93689.8779298688,benchmark
BTC,benchmark,arima,arima,2026-01-19,2026-01-20,-0.046924255054821146,0.000327296190028175,0.0,92553.59375,88310.90625,92583.89114644854,benchmark
BTC,benchmark,arima,arima,2026-01-20,2026-01-21,0.011999327760148781,0.0018965466031509882,0.0,88310.90625,89376.9609375,88478.55092198629,benchmark
BTC,benchmark,arima,arima,2026-01-21,2026-01-22,0.0009560777691027553,-0.0010350798710300787,0.0,89376.9609375,89462.453125,89284.49650659082,benchmark
BTC,benchmark,arima,arima,2026-01-22,2026-01-23,0.00046290133092210693,0.00024704524910935125,0.0,89462.453125,89503.875,89484.55712925039,benchmark
BTC,benchmark,arima,arima,2026-01-23,2026-01-24,-0.004402117623558332,-8.823396597225312e-05,0.0,89503.875,89110.734375,89495.97806653287,benchmark
BTC,benchmark,arima,arima,2026-01-24,2026-01-25,-0.028900838361794738,0.00021096177305967635,0.0,89110.734375,86572.21875,89129.53531659266,benchmark
BTC,benchmark,arima,arima,2026-01-25,2026-01-26,0.01938894055131375,0.0011654853580683397,0.0,86572.21875,88267.140625,86673.17622416955,benchmark
BTC,benchmark,arima,arima,2026-01-26,2026-01-27,0.00942027656458104,-0.001144980529033497,0.0,88267.140625,89102.5703125,88166.13430380123,benchmark
BTC,benchmark,arima,arima,2026-01-27,2026-01-28,0.0009198645005418251,-8.092443222940419e-05,0.0,89102.5703125,89184.5703125,89095.36002933525,benchmark
BTC,benchmark,arima,arima,2026-01-28,2026-01-29,-0.053227949504083015,-1.648030208941905e-05,0.0,89184.5703125,84561.5859375,89183.10053595075,benchmark
BTC,benchmark,arima,arima,2026-01-29,2026-01-30,-0.005132847429550004,0.0022590376637695586,0.0,84561.5859375,84128.65625,84752.82967711588,benchmark
BTC,benchmark,arima,arima,2026-01-30,2026-01-31,-0.06770691927198588,-0.0004101480072889322,0.0,84128.65625,78621.1171875,84094.1581244355,benchmark
BTC,benchmark,arima,arima,2026-01-31,2026-02-01,-0.021166842147211495,0.0029816504481290293,0.0,78621.1171875,76974.4453125,78855.88770467289,benchmark
BTC,benchmark,arima,arima,2026-02-01,2026-02-02,0.022026908157821636,6.823071583797469e-05,0.0,76974.4453125,78688.765625,76979.69751318356,benchmark
BTC,benchmark,arima,arima,2026-02-02,2026-02-03,-0.03960046937497693,-0.0009518995751203454,0.0,78688.765625,75633.546875,78613.89746157455,benchmark
BTC,benchmark,arima,arima,2026-02-03,2026-02-04,-0.035170615941758965,0.001941702923439063,0.0,75633.546875,73019.703125,75780.54742358948,benchmark
BTC,benchmark,arima,arima,2026-02-04,2026-02-05,-0.1523344080304475,0.0009502497976496341,0.0,73019.703125,62702.09765625,73089.12306103535,benchmark
BTC,benchmark,arima,arima,2026-02-05,2026-02-06,0.118003181433477,0.00618812004482313,0.0,62702.09765625,70555.390625,63091.308764139525,benchmark
BTC,benchmark,arima,arima,2026-02-06,2026-02-07,-0.018213402812750957,-0.006717029130030066,0.0,70555.390625,69281.96875,70083.05612909184,benchmark
BTC,benchmark,arima,arima,2026-02-07,2026-02-08,0.01408523588474713,0.0026373804856578333,0.0,69281.96875,70264.7265625,69464.93282928059,benchmark
BTC,benchmark,arima,arima,2026-02-08,2026-02-09,-0.0020507154219692207,-0.0013292278588584255,0.0,70264.7265625,70120.78125,70171.39077646408,benchmark
BTC,benchmark,arima,arima,2026-02-09,2026-02-10,-0.01910323758989731,0.00045611015639448387,0.0,70120.78125,68793.9609375,70152.77134545158,benchmark
BTC,benchmark,arima,arima,2026-02-10,2026-02-11,-0.026543221212374526,0.000682408939183283,0.0,68793.9609375,66991.96875,68840.9225731031,benchmark
BTC,benchmark,arima,arima,2026-02-11,2026-02-12,-0.01156236827483507,0.0009346633984313466,0.0,66991.96875,66221.84375,67054.61296224516,benchmark
BTC,benchmark,arima,arima,2026-02-12,2026-02-13,0.03903376935715579,0.00023007730451196596,0.0,66221.84375,68857.84375,66237.08164618965,benchmark
BTC,benchmark,arima,arima,2026-02-13,2026-02-14,0.013125933067848304,-0.0017171820272931203,0.0,68857.84375,69767.625,68739.70376123714,benchmark
BTC,benchmark,arima,arima,2026-02-14,2026-02-15,-0.014138040068878806,-7.892223431069535e-05,0.0,69767.625,68788.1875,69762.1190004282,benchmark
BTC,benchmark,arima,arima,2026-02-15,2026-02-16,0.0007987824782500607,0.0006207381381394639,0.0,68788.1875,68843.15625,68830.90020676628,benchmark
BTC,benchmark,arima,arima,2026-02-16,2026-02-17,-0.019788873300286218,-0.00020627006415695057,0.0,68843.15625,67494.21875,68828.95743218942,benchmark
BTC,benchmark,arima,arima,2026-02-17,2026-02-18,-0.015963632260214883,0.0008954546450819917,0.0,67494.21875,66425.3203125,67554.68382952377,benchmark
BTC,benchmark,arima,arima,2026-02-18,2026-02-19,0.007980125994704771,0.00042738397594638006,0.0,66425.3203125,66957.5234375,66453.71549738996,benchmark
BTC,benchmark,arima,arima,2026-02-19,2026-02-20,0.015528995656632263,-0.0004567217138048184,0.0,66957.5234375,68005.421875,66926.9494650735,benchmark
BTC,benchmark,arima,arima,2026-02-20,2026-02-21,-2.4354972344490844e-05,-0.0005308527248780275,0.0,68005.421875,68003.765625,67969.33059191672,benchmark
BTC,benchmark,arima,arima,2026-02-21,2026-02-22,-0.005076923598302017,0.00014849964214048704,0.0,68003.765625,67659.390625,68013.86490971105,benchmark
BTC,benchmark,arima,arima,2026-02-22,2026-02-23,-0.04601267313564273,0.0001737796998982691,0.0,67659.390625,64616.73828125,67671.14947529325,benchmark
BTC,benchmark,arima,arima,2026-02-23,2026-02-24,-0.00834051043874472,0.0019005827996776883,0.0,64616.73828125,64080.04296875,64739.6645213444,benchmark
BTC,benchmark,arima,arima,2026-02-24,2026-02-25,0.05878816281087323,-0.0001747111860010758,0.0,64080.04296875,67960.125,64068.84844637654,benchmark
BTC,benchmark,arima,arima,2026-02-25,2026-02-26,-0.007478610812400483,-0.002441427435915796,0.0,67960.125,67453.7734375,67794.40766201862,benchmark
BTC,benchmark,arima,arima,2026-02-26,2026-02-27,-0.023580345399758597,0.000994970804186685,0.0,67453.7734375,65881.796875,67520.92137228034,benchmark
BTC,benchmark,arima,arima,2026-02-27,2026-02-28,0.016768637200983844,0.0007223433251012951,0.0,65881.796875,66995.859375,65929.40334325562,benchmark
BTC,benchmark,arima,arima,2026-02-28,2026-03-01,-0.018952127255243773,-0.0009108955630453535,0.0,66995.859375,65738.1015625,66934.86092977715,benchmark
BTC,benchmark,arima,arima,2026-03-01,2026-03-02,0.04517399874225875,0.001055755681607473,0.0,65738.1015625,68775.8515625,65807.54158612249,benchmark
BTC,benchmark,arima,arima,2026-03-02,2026-03-03,-0.007035921401254354,-0.002206619363080973,0.0,68775.8515625,68293.6484375,68624.25675426114,benchmark
BTC,benchmark,arima,arima,2026-03-03,2026-03-04,0.06267011054362281,0.0009109923333128764,0.0,68293.6484375,72710.578125,68355.89177493745,benchmark
BTC,benchmark,arima,arima,2026-03-04,2026-03-05,-0.026047184090688055,-0.0029074493038610642,0.0,72710.578125,70841.125,72499.48282838735,benchmark
BTC,benchmark,arima,arima,2026-03-05,2026-03-06,-0.03892676222985379,0.0019108975609627389,0.0,70841.125,68136.4921875,70976.62455463086,benchmark
BTC,benchmark,arima,arima,2026-03-06,2026-03-07,-0.012760002816373808,0.0011178982158515007,0.0,68136.4921875,67272.59375,68212.70444138526,benchmark
BTC,benchmark,arima,arima,2026-03-07,2026-03-08,-0.019556151272463178,0.00022990121671500512,0.0,67272.59375,65969.78125,67288.06157912295,benchmark
BTC,benchmark,arima,arima,2026-03-08,2026-03-09,0.036210883133673905,0.0007644316631832638,0.0,65969.78125,68402.3828125,66020.22991942424,benchmark
BTC,benchmark,arima,arima,2026-03-09,2026-03-10,0.022043063053682945,-0.0017460600538345902,0.0,68402.3828125,69926.921875,68283.05235367482,benchmark
BTC,benchmark,arima,arima,2026-03-10,2026-03-11,0.003967140831024369,-0.00044858338918297644,0.0,69926.921875,70204.8828125,69895.56085393262,benchmark
BTC,benchmark,arima,arima,2026-03-11,2026-03-12,0.004102088510358853,-4.341338013176218e-05,0.0,70204.8828125,70493.4609375,70201.83504739273,benchmark
BTC,benchmark,arima,arima,2026-03-12,2026-03-13,0.006712861238543366,-0.00016168315829337464,0.0,70493.4609375,70968.265625,70482.06425344736,benchmark
BTC,benchmark,arima,arima,2026-03-13,2026-03-14,0.0034653905327112298,-0.00023940721136660398,0.0,70968.265625,71214.625,70951.27734407083,benchmark
BTC,benchmark,arima,arima,2026-03-14,2026-03-15,0.021879197879022205,-8.026988400602767e-05,0.0,71214.625,72789.9140625,71208.90883973255,benchmark
BTC,benchmark,arima,arima,2026-03-15,2026-03-16,0.028056806108927662,-0.0009043906500161387,0.0,72789.9140625,74861.0859375,72724.11330408673,benchmark
BTC,benchmark,arima,arima,2026-03-16,2026-03-17,-0.012617278563279094,-0.0009371056439245531,0.0,74861.0859375,73922.4765625,74790.96605135959,benchmark
BTC,benchmark,arima,arima,2026-03-17,2026-03-18,-0.03688417423341742,0.0007947254110255001,0.0,73922.4765625,71245.578125,73981.24798354776,benchmark
BTC,benchmark,arima,arima,2026-03-18,2026-03-19,-0.01888416104762736,0.0013414515422167771,0.0,71245.578125,69912.7890625,71341.21474725768,benchmark
BTC,benchmark,arima,arima,2026-03-19,2026-03-20,0.008684431647448684,0.0004271868189507288,0.0,69912.7890625,70522.5859375,69942.66126451478,benchmark
BTC,benchmark,arima,arima,2026-03-20,2026-03-21,-0.026016105631017767,-0.00048649767454592976,0.0,70522.5859375,68711.5234375,70488.2852077276,benchmark
BTC,benchmark,arima,arima,2026-03-21,2026-03-22,-0.012688120086084904,0.0012370536226811195,0.0,68711.5234375,67845.2109375,68796.5758728536,benchmark
BTC,benchmark,arima,arima,2026-03-22,2026-03-23,0.04425119303469704,0.00019375589289987762,0.0,67845.2109375,70914.859375,67858.35762050671,benchmark
BTC,benchmark,arima,arima,2026-03-23,2026-03-24,-0.005613991531695598,-0.0019280751027298034,0.0,70914.859375,70517.859375,70778.26192761063,benchmark
BTC,benchmark,arima,arima,2026-03-24,2026-03-25,0.011168924480813245,0.0007733886393024346,0.0,70517.859375,71309.8828125,70572.41818116955,benchmark
BTC,benchmark,arima,arima,2026-03-25,2026-03-26,-0.03595291880741613,-0.0006879009316470793,0.0,71309.8828125,68791.625,71260.84554600203,benchmark
BTC,benchmark,arima,arima,2026-03-26,2026-03-27,-0.03631346968520713,0.0017138741903298983,0.0,68791.625,66338.375,68909.62628138925,benchmark
BTC,benchmark,arima,arima,2026-03-27,2026-03-28,-0.0002816215791388498,0.001061944769783281,0.0,66338.375,66319.6953125,66408.8601093898,benchmark
BTC,benchmark,arima,arima,2026-03-28,2026-03-29,-0.005515409833700628,-0.000283074638221707,0.0,66319.6953125,65954.921875,66300.9245456318,benchmark
BTC,benchmark,arima,arima,2026-03-29,2026-03-30,0.011105181731209317,0.00031224076253655243,0.0,65954.921875,66691.4453125,65975.5189055482,benchmark
BTC,benchmark,arima,arima,2026-03-30,2026-03-31,0.022856210162579323,-0.0005570966676108446,0.0,66691.4453125,68233.3125,66654.30207770506,benchmark
BTC,benchmark,arima,arima,2026-03-31,2026-04-01,-0.002270644254019965,-0.0008133118466644154,0.0,68233.3125,68078.5546875,68177.84009984451,benchmark
BTC,benchmark,arima,arima,2026-04-01,2026-04-02,-0.017634149228875802,0.00032210644775719255,0.0,68078.5546875,66888.5703125,68100.48676096034,benchmark
BTC,benchmark,arima,arima,2026-04-02,2026-04-03,0.0006356502125007872,0.0006574115100611263,0.0,66888.5703125,66931.1015625,66932.558085965,benchmark
BTC,benchmark,arima,arima,2026-04-03,2026-04-04,0.005355544495529739,-0.00020954829817458915,0.0,66931.1015625,67290.515625,66917.07773345869,benchmark
BTC,benchmark,arima,arima,2026-04-04,2026-04-05,0.024824828794848448,-0.00016862163897671972,0.0,67290.515625,68981.8984375,67279.16994455822,benchmark
BTC,benchmark,arima,arima,2026-04-05,2026-04-06,-0.0017711667933321205,-0.0010046086262855743,0.0,68981.8984375,68859.828125,68912.63342521197,benchmark
BTC,benchmark,arima,arima,2026-04-06,2026-04-07,0.043769250088650125,0.0003540924145479815,0.0,68859.828125,71940.703125,68884.21518518784,benchmark
BTC,benchmark,arima,arima,2026-04-07,2026-04-08,-0.011426386592901714,-0.0019522031438454594,0.0,71940.703125,71123.359375,71800.3972555286,benchmark
BTC,benchmark,arima,arima,2026-04-08,2026-04-09,0.00902047398791368,0.0010262741524984728,0.0,71123.359375,71767.828125,71196.38890811673,benchmark
BTC,benchmark,arima,arima,2026-04-09,2026-04-10,0.01673607145352826,-0.0006671539900024053,0.0,71767.828125,72979.046875,71719.96390029219,benchmark
BTC,benchmark,arima,arima,2026-04-10,2026-04-11,0.0010302658186926742,-0.0005235212087769418,0.0,72979.046875,73054.2734375,72940.85079526591,benchmark
BTC,benchmark,arima,arima,2026-04-11,2026-04-12,-0.03200195641601119,0.00010179472561763379,0.0,73054.2734375,70753.40625,73061.71035573287,benchmark
BTC,benchmark,arima,arima,2026-04-12,2026-04-13,0.05139225778223328,0.001327158645417107,0.0,70753.40625,74484.640625,70847.3695831305,benchmark
BTC,benchmark,arima,arima,2026-04-13,2026-04-14,-0.004076670658997154,-0.0025453868383256,0.0,74484.640625,74181.609375,74295.2894892738,benchmark
BTC,benchmark,arima,arima,2026-04-14,2026-04-15,0.00836950468372944,0.0008797616605587353,0.0,74181.609375,74805.078125,74246.90022682962,benchmark
BTC,benchmark,arima,arima,2026-04-15,2026-04-16,0.004628724487070657,-0.0005988819119685271,0.0,74805.078125,75152.1328125,74760.29212888761,benchmark
BTC,benchmark,arima,arima,2026-04-16,2026-04-17,0.025937296578403095,-2.9682489831629527e-05,0.0,75152.1328125,77126.875,75149.90214318804,benchmark
BTC,benchmark,arima,arima,2026-04-17,2026-04-18,-0.018327445076503752,-0.0010903235485410397,0.0,77126.875,75726.2109375,77042.82757972922,benchmark
BTC,benchmark,arima,arima,2026-04-18,2026-04-19,-0.025002336494923415,0.0010791415382249946,0.0,75726.2109375,73856.3515625,75807.97434646574,benchmark
BTC,benchmark,arima,arima,2026-04-19,2026-04-20,0.02693259727225901,0.0007591892965919276,0.0,73856.3515625,75872.5234375,73912.443803712,benchmark
BTC,benchmark,arima,arima,2026-04-20,2026-04-21,0.006309747501944813,-0.001351623746027656,0.0,75872.5234375,76352.7734375,75770.04160719042,benchmark
BTC,benchmark,arima,arima,2026-04-21,2026-04-22,0.02394495237334366,0.00010822582324557066,0.0,76352.7734375,78203.1015625,76361.03722643197,benchmark
BTC,benchmark,arima,arima,2026-04-22,2026-04-23,0.0008417038623198857,-0.0010442483977437566,0.0,78203.1015625,78268.953125,78121.48072262738,benchmark
BTC,benchmark,arima,arima,2026-04-23,2026-04-24,-0.010449855400701123,0.000254436502292922,0.0,78268.953125,77455.3125,78288.87013737128,benchmark
BTC,benchmark,arima,arima,2026-04-24,2026-04-25,0.0020210985800430967,0.0003719204868600657,0.0,77455.3125,77612.015625,77484.12507519627,benchmark
BTC,benchmark,arima,arima,2026-04-25,2026-04-26,0.01338122502813899,-0.00018892079313106942,0.0,77612.015625,78657.5390625,77597.3544863922,benchmark
BTC,benchmark,arima,arima,2026-04-26,2026-04-27,-0.016547994707933746,-0.0005142780004255142,0.0,78657.5390625,77366.625,78617.09762055583,benchmark
BTC,benchmark,arima,arima,2026-04-27,2026-04-28,-0.013218654490737211,0.0008437508411448707,0.0,77366.625,76350.671875,77431.93070191641,benchmark
BTC,benchmark,arima,arima,2026-04-28,2026-04-29,-0.0075534590417408835,0.0003254840171004582,0.0,76350.671875,75776.1328125,76375.5268431182,benchmark
BTC,benchmark,arima,arima,2026-04-29,2026-04-30,0.006946186875134918,0.0002295075528444654,0.0,75776.1328125,76304.3203125,75793.52600316377,benchmark
BTC,benchmark,arima,arima,2026-04-30,2026-05-01,0.02427150989403538,-0.00035796039355224813,0.0,76304.3203125,78179.0,76277.01127603953,benchmark
BTC,benchmark,arima,arima,2026-05-01,2026-05-02,0.006098736514783506,-0.0009285756019530291,0.0,78179.0,78657.25,78106.43858260968,benchmark
BTC,benchmark,arima,arima,2026-05-02,2026-05-03,-0.0015143369624661424,-3.5739418296283805e-07,0.0,78657.25,78538.2265625,78657.22188836143,benchmark
BTC,benchmark,arima,arima,2026-05-03,2026-05-04,0.01628767686490818,6.42387318403084e-05,0.0,78538.2265625,79827.90625,78543.27192062733,benchmark
BTC,benchmark,arima,arima,2026-05-04,2026-05-05,0.013675043806522565,-0.0007077065898514548,0.0,79827.90625,80927.0546875,79771.43150082602,benchmark
BTC,benchmark,arima,arima,2026-05-05,2026-05-06,0.006165248057273942,-0.0003826066751647858,0.0,80927.0546875,81427.53125,80896.09737878926,benchmark
BTC,benchmark,arima,arima,2026-05-06,2026-05-07,-0.017561908350902416,-0.00015484177101397355,0.0,81427.53125,80009.9921875,81414.92384295377,benchmark
BTC,benchmark,arima,arima,2026-05-07,2026-05-08,0.0022069548930199264,0.0007868454656295805,0.0,80009.9921875,80186.765625,80072.97246167998,benchmark
BTC,benchmark,arima,arima,2026-05-08,2026-05-09,0.005938447031188693,-0.00031205667586691436,0.0,80186.765625,80664.3671875,80161.74671333277,benchmark
BTC,benchmark,arima,arima,2026-05-09,2026-05-10,0.018115146956791082,-0.0001648340757044026,0.0,80664.3671875,82138.9296875,80651.07204686858,benchmark
BTC,benchmark,arima,arima,2026-05-10,2026-05-11,-0.005011785219488408,-0.0007214735128484246,0.0,82138.9296875,81728.296875,82079.68999785988,benchmark
BTC,benchmark,arima,arima,2026-05-11,2026-05-12,-0.015422747705667463,0.0004126947384213071,0.0,81728.296875,80477.4921875,81762.03267391499,benchmark
BTC,benchmark,arima,arima,2026-05-12,2026-05-13,-0.015028018231235505,0.0005385830753880739,0.0,80477.4921875,79277.1171875,80520.84767696027,benchmark
BTC,benchmark,arima,arima,2026-05-13,2026-05-14,0.022132143698821827,0.0004868932675256522,0.0,79277.1171875,81051.25,79315.72608056976,benchmark
BTC,benchmark,arima,arima,2026-05-14,2026-05-15,-0.02480277513696735,-0.001072659058705512,0.0,81051.25,79065.6796875,80964.35625448138,benchmark
BTC,benchmark,arima,arima,2026-05-15,2026-05-16,-0.011886390842574117,0.0013484957902406957,0.0,79065.6796875,78131.4375,79172.37134416835,benchmark
BTC,benchmark,arima,arima,2026-05-16,2026-05-17,-0.009026576797854137,0.00012884075821324682,0.0,78131.4375,77429.3515625,78141.50466216427,benchmark
BTC,benchmark,arima,arima,2026-05-17,2026-05-18,-0.006155853649121142,0.00034652763291374714,0.0,77429.3515625,76954.171875,77456.18762186452,benchmark
BTC,benchmark,arima,arima,2026-05-18,2026-05-19,-0.002644879999712329,0.00016446644064913008,0.0,76954.171875,76750.90625,76966.82929457322,benchmark
BTC,benchmark,arima,arima,2026-05-19,2026-05-20,0.009167734783614812,6.633547036249336e-05,0.0,76750.90625,77457.7734375,76755.99772633772,benchmark
BTC,benchmark,arima,arima,2026-05-20,2026-05-21,0.0010503232153248991,-0.0004067252808224167,0.0,77457.7734375,77539.171875,77426.27580872193,benchmark
BTC,benchmark,arima,arima,2026-05-21,2026-05-22,-0.026806340702622146,6.849990461042132e-05,0.0,77539.171875,75488.2421875,77544.48348279725,benchmark
BTC,benchmark,arima,arima,2026-05-22,2026-05-23,0.015577503022418466,0.0011163484711560513,0.0,75488.2421875,76673.3671875,75572.56042676834,benchmark
BTC,benchmark,arima,arima,2026-05-23,2026-05-24,0.004005847400396048,-0.0009698978600331904,0.0,76673.3671875,76981.125,76599.03790447638,benchmark
BTC,benchmark,arima,arima,2026-05-24,2026-05-25,0.003874018128693613,9.976562583761494e-05,0.0,76981.125,77279.9296875,76988.80545322955,benchmark
BTC,benchmark,arima,arima,2026-05-25,2026-05-26,-0.018996541405031864,-0.00019179765532926596,0.0,77279.9296875,75825.734375,77265.10899951396,benchmark
BTC,benchmark,arima,arima,2026-05-26,2026-05-27,-0.019725310724108713,0.0008578752216884204,0.0,75825.734375,74344.703125,75890.81130363782,benchmark
BTC,benchmark,arima,arima,2026-05-27,2026-05-28,-0.010929802661887332,0.0005971485068427653,0.0,74344.703125,73536.5546875,74389.11121125435,benchmark
BTC,benchmark,arima,arima,2026-05-28,2026-05-29,-0.0022330998228095003,0.0002970449699686152,0.0,73536.5546875,73372.5234375,73558.4015957752,benchmark
BTC,benchmark,arima,arima,2026-05-29,2026-05-30,0.005197039654902875,1.2064983078310704e-05,0.0,73372.5234375,73754.8359375,73373.4086810939,benchmark
BTC,benchmark,arima,arima,2026-05-30,2026-05-31,-0.002377562514476544,-0.00022347119978093901,0.0,73754.8359375,73579.6875,73738.35569732152,benchmark
BTC,benchmark,arima,arima,2026-05-31,2026-06-01,-0.031195386303294676,0.0001627803238852891,0.0,73579.6875,71319.7734375,73591.66580025197,benchmark
BTC,benchmark,arima,arima,2026-06-01,2026-06-02,-0.06691384852525814,0.0012760550459415716,0.0,71319.7734375,66703.65625,71410.83948455774,benchmark
BTC,benchmark,arima,arima,2026-06-02,2026-06-03,-0.041152222290191665,0.0024796417596017126,0.0,66703.65625,64014.3671875,66869.26265898504,benchmark
BTC,benchmark,arima,arima,2026-06-03,2026-06-04,-0.003329681149437111,0.0010541630030587116,0.0,64014.3671875,63801.57421875,64081.884345846054,benchmark
BTC,benchmark,arima,arima,2026-06-04,2026-06-05,-0.046172542625212365,-0.00015181292989525875,0.0,63801.57421875,60922.66796875,63791.88905002145,benchmark
BTC,benchmark,arima,arima,2026-06-05,2026-06-06,-0.0009073630482773938,0.0019978019593226166,0.0,60922.66796875,60867.4140625,61044.50105285038,benchmark
BTC,benchmark,arima,arima,2026-06-06,2026-06-07,0.0382314561194156,-0.0005165476790232487,0.0,60867.4140625,63239.51953125,60835.981260007364,benchmark
BTC,benchmark,arima,arima,2026-06-07,2026-06-08,-0.0023577871851843952,-0.001475791715652942,0.0,63239.51953125,63090.58984375,63146.26000496835,benchmark
BTC,benchmark,arima,arima,2026-06-08,2026-06-09,-0.023199274916972237,0.0005098307893754476,0.0,63090.58984375,61643.78125,63122.76356985339,benchmark
BTC,benchmark,arima,arima,2026-06-09,2026-06-10,-0.00316008608540611,0.0008409725002041712,0.0,61643.78125,61449.2890625,61695.643779263715,benchmark
BTC,benchmark,arima,arima,2026-06-10,2026-06-11,0.03378866852406486,-9.977289685421126e-05,0.0,61449.2890625,63561.0546875,61443.15839476293,benchmark
BTC,benchmark,arima,arima,2026-06-11,2026-06-12,-0.0002809578486747506,-0.0014033961451146264,0.0,63561.0546875,63543.19921875,63471.9159115095,benchmark
BTC,benchmark,arima,arima,2026-06-12,2026-06-13,0.01372472245570358,0.0004017559755481977,0.0,63543.19921875,64421.32421875,63568.73320761443,benchmark
BTC,benchmark,arima,arima,2026-06-13,2026-06-14,0.019812484755317328,-0.0006929136640182933,0.0,64421.32421875,65710.3984375,64376.70126465738,benchmark
BTC,benchmark,arima,arima,2026-06-14,2026-06-15,0.0087743291428838,-0.0006466661982860288,0.0,65710.3984375,66289.5,65667.91948028775,benchmark
BTC,benchmark,arima,arima,2026-06-15,2026-06-16,-0.010446052081715382,-0.00019199455133726536,0.0,66289.5,65600.640625,66276.77399888966,benchmark
BTC,benchmark,arima,arima,2026-06-16,2026-06-17,-0.01818545153086442,0.0004957755942228549,0.0,65600.640625,64418.4453125,65633.17188502332,benchmark
BTC,benchmark,arima,arima,2026-06-17,2026-06-18,-0.023909926459543353,0.0006325174380956804,0.0,64418.4453125,62896.47265625,64459.20399142386,benchmark
BTC,benchmark,arima,arima,2026-06-18,2026-06-19,0.0101927013006599,0.0008369903039991671,0.0,62896.47265625,63540.8359375,62949.13843131598,benchmark
BTC,benchmark,arima,arima,2026-06-19,2026-06-20,0.01093823779640829,-0.0006642213949510554,0.0,63540.8359375,64239.67578125,63498.644768506994,benchmark
BTC,benchmark,arima,arima,2026-06-20,2026-06-21,-0.01572292530514671,-0.0002787697432899061,0.0,64239.67578125,63237.5390625,64221.77019920664,benchmark
BTC,benchmark,arima,arima,2026-06-21,2026-06-22,0.011236353824842346,0.0007433822320526765,0.0,63237.5390625,63952.10546875,63284.56620284241,benchmark
BTC,benchmark,arima,arima,2026-06-22,2026-06-23,-0.02028318896027214,-0.0006824212665445368,0.0,63952.10546875,62668.01953125,63908.47807975995,benchmark
BTC,benchmark,arima,arima,2026-06-23,2026-06-24,-0.027057191162537193,0.0010486635864553487,0.0,62668.01953125,60995.1328125,62733.771671279574,benchmark
BTC,benchmark,arima,arima,2026-06-24,2026-06-25,-0.021099038116469408,0.0008546888837671403,0.0,60995.1328125,59721.67578125,61047.28695908856,benchmark
BTC,benchmark,arima,arima,2026-06-25,2026-06-26,0.004923319948585001,0.0006562176131696771,0.0,59721.67578125,60016.4296875,59760.8790583193,benchmark
BTC,benchmark,arima,arima,2026-06-26,2026-06-27,-0.0012726617424323222,-0.0003908200636020204,0.0,60016.4296875,59940.09765625,59992.97864549972,benchmark
BTC,benchmark,arima,arima,2026-06-27,2026-06-28,-0.006825999440473744,0.00016247109831272837,0.0,59940.09765625,59532.33984375,59949.836980907145,benchmark
BTC,benchmark,arima,arima,2026-06-28,2026-06-29,0.010128530183576383,0.00024398027247291075,0.0,59532.33984375,60138.37890625,59546.86633226228,benchmark
BTC,benchmark,arima,arima,2026-06-29,2026-06-30,-0.026615830286262104,-0.0004967683751650877,0.0,60138.37890625,58558.859375,60108.51148068613,benchmark
BTC,benchmark,arima,arima,2026-06-30,2026-07-01,0.024374798891813786,0.0012653079911996382,0.0,58558.859375,60003.7578125,58633.00126399324,benchmark
BTC,benchmark,arima,arima,2026-07-01,2026-07-02,0.024390944088390595,-0.0013838857981570583,0.0,60003.7578125,61485.30078125,59920.77689552682,benchmark
BTC,benchmark,arima,arima,2026-07-02,2026-07-03,0.01707535974546987,-0.0006486375383699351,0.0,61485.30078125,62544.19921875,61445.43203868467,benchmark
BTC,benchmark,arima,arima,2026-07-03,2026-07-04,0.00866191238397133,-0.0005430354716365214,0.0,62544.19921875,63088.3046875,62510.2447201121,benchmark
BTC,benchmark,arima,arima,2026-07-04,2026-07-05,0.007258275090508953,-0.00021602123146119293,0.0,63088.3046875,63547.8828125,63074.677746137924,benchmark
BTC,benchmark,arima,arima,2026-07-05,2026-07-06,0.007011517689840301,-0.00024741327911221656,0.0,63547.8828125,63995.015625,63532.16216726111,benchmark
BTC,benchmark,arima,arima,2026-07-06,2026-07-07,-0.01096103180817717,-0.0002282413715013194,0.0,63995.015625,63297.39453125,63980.41098161982,benchmark
BTC,benchmark,arima,arima,2026-07-07,2026-07-08,-0.016563965519348627,0.0005276566368907932,0.0,63297.39453125,62257.57421875,63330.80263480096,benchmark
BTC,benchmark,arima,arima,2026-07-08,2026-07-09,0.014915682336986301,0.0005549833253993301,0.0,62257.57421875,63193.1484375,62292.13572396367,benchmark
BTC,benchmark,arima,arima,2026-07-09,2026-07-10,0.01467180052315595,-0.0007859222908433924,0.0,63193.1484375,64127.140625,63143.50304478018,benchmark
BTC,benchmark,arima,arima,2026-07-10,2026-07-11,-0.005082718606355573,-0.00040309620349451587,0.0,64127.140625,63802.02734375,64101.29642727204,benchmark
BTC,benchmark,arima,arima,2026-07-11,2026-07-12,-0.0006868690961942699,0.00032725556806738223,0.0,63802.02734375,63758.21875,63822.91032930251,benchmark
BTC,benchmark,arima,arima,2026-07-12,2026-07-13,-0.024114338771437895,-6.181766585201367e-05,0.0,63758.21875,62239.12109375,63754.27748755907,benchmark
BTC,benchmark,arima,arima,2026-07-13,2026-07-14,0.04272810304426096,0.0010385307841441968,0.0,62239.12109375,64956.11328125,62303.79191248944,benchmark
BTC,benchmark,arima,arima,2026-07-14,2026-07-15,-0.0037594109647903352,-0.0020982389372840825,0.0,64956.11328125,64712.375,64819.9627233011,benchmark
BTC,benchmark,arima,arima,2026-07-15,2026-07-16,-0.014367279855176223,0.0007421088548346986,0.0,64712.375,63789.28125,64760.416450292905,benchmark
BTC,benchmark,arima,arima,2026-07-16,2026-07-17,0.0017257545646935989,0.0004023694312489858,0.0,63789.28125,63899.4609375,63814.95327128828,benchmark
BTC,benchmark,arima,arima,2026-07-17,2026-07-18,0.01394223164475083,-0.0001848701108287502,0.0,63899.4609375,64796.6015625,63887.64892895189,benchmark
BTC,benchmark,arima,arima,2026-07-18,2026-07-19,-0.0016340878484766735,-0.0005391645855548971,0.0,64796.6015625,64690.8046875,64761.674946116604,benchmark
BTC,benchmark,arima,arima,2026-07-19,2026-07-20,0.008300835886390828,0.00021898855839373336,0.0,64690.8046875,65230.02734375,64704.97278482883,benchmark
BTC,benchmark,arima,arima,2026-07-20,2026-07-21,0.019359107363714313,-0.00041241416955831644,0.0,65230.02734375,66505.125,65203.13110276943,benchmark
BTC,benchmark,arima,arima,2026-07-21,2026-07-22,-0.006098209978869257,-0.0007053847691236553,0.0,66505.125,66100.796875,66458.22983926686,benchmark
BTC,benchmark,arima,arima,2026-07-22,2026-07-23,-0.016104346952909084,0.00045424068101170695,0.0,66100.796875,65044.8125,66130.82936646121,benchmark
BTC,benchmark,arima,arima,2026-07-23,2026-07-24,-0.014655553654227636,0.0005559108357752491,0.0,65044.8125,64098.49609375,65080.981668564615,benchmark
BTC,benchmark,arima,arima,2026-07-24,2026-07-25,0.0033224217714330475,0.00046630404168801834,0.0,64098.49609375,64311.8125,64128.39245139912,benchmark
BTC,benchmark,arima,arima,2026-07-25,2026-07-26,0.015865685940396487,-0.00027025734020371664,0.0,64311.8125,65340.30078125,64294.4341090347,benchmark
BTC,benchmark,arima,arima,2026-07-26,2026-07-27,-0.02503365298859531,-0.0005969119980668604,0.0,65340.30078125,63724.8984375,65301.310009943685,benchmark
BTC,benchmark,arima,arima,2026-07-27,2026-07-28,0.0022957554728576246,0.0012261145484626793,0.0,63724.8984375,63871.36328125,63803.08038278919,benchmark
BTC,benchmark,arima,arima,2026-07-28,2026-07-29,0.0005760654802496461,-0.0004378444457029257,0.0,63871.36328125,63908.16796875,63843.40368102233,benchmark
BTC,benchmark,arima,arima,2026-07-29,2026-07-30,0.01270511594195683,9.723173955657394e-05,0.0,63908.16796875,64725.30859375,63914.38217319753,benchmark
BTC,benchmark,arima,arima,2026-07-30,2026-07-31,-0.02997835702863742,-0.0005651331976059808,0.0,64725.30859375,62813.74609375,64688.740507031514,benchmark
BTC,benchmark,arima,arima,2026-07-31,2026-08-01,-0.0008031049841085494,0.0014267185497774323,0.0,62813.74609375,62763.3203125,62903.427590397965,benchmark
BTC,benchmark,arima,arima,2026-08-01,2026-08-02,0.011385569767075112,-0.00036231954482553045,0.0,62763.3203125,63482.0,62740.584053996776,benchmark
BTC,benchmark,arima,arima,2026-08-02,2026-08-03,-0.0003324575530272348,-0.00038158314695307125,0.0,63482.0,63460.8984375,63457.78095974779,benchmark
BTC,benchmark,arima,arima,2026-08-03,2026-08-04,0.00933302539348361,0.0001200829646173781,0.0,63460.8984375,64055.953125,63468.519467890466,benchmark
BTC,benchmark,arima,arima,2026-08-04,2026-08-05,0.008418741360802475,-0.00042865690360407126,0.0,64055.953125,64597.5,64028.50098267155,benchmark
BTC,benchmark,arima,arima,2026-08-05,2026-08-06,-0.005205470783879128,-0.00023749553371990497,0.0,64597.5,64262.11328125,64582.160203899155,benchmark
BTC,benchmark,arima,arima,2026-08-06,2026-08-07,0.00957212039536744,0.0002864517186793498,0.0,64262.11328125,64880.19140625,64280.52391079773,benchmark
BTC,benchmark,arima,arima,2026-08-07,2026-08-08,0.00037748764335751974,-0.0004850000901721169,0.0,64880.19140625,64904.6875,64848.73213705845,benchmark
BTC,benchmark,arima,arima,2026-08-08,2026-08-09,-0.0009217877722439945,0.00011874205524698436,0.0,64904.6875,64844.88671875,64912.39487357454,benchmark
BTC,benchmark,arima,arima,2026-08-09,2026-08-10,-0.014513048045569134,6.056225329434254e-06,0.0,64844.88671875,63910.5859375,64845.27943518462,benchmark
BTC,benchmark,arima,arima,2026-08-10,2026-08-11,-0.00562851025881392,0.0006130149599061852,0.0,63910.5859375,63551.875,63949.77609362479,benchmark
BTC,benchmark,arima,arima,2026-08-11,2026-08-12,-0.0023542560615523694,6.810213682389857e-05,0.0,63551.875,63402.43359375,63556.20316586366,benchmark
BTC,benchmark,arima,arima,2026-08-12,2026-08-13,-4.127906065128786e-06,8.079564581993761e-05,0.0,63402.43359375,63402.171875,63407.556441267865,benchmark
BTC,benchmark,arima,arima,2026-08-13,2026-08-14,-0.006750867021094253,-2.2269768349106517e-05,0.0,63402.171875,62975.59375,63400.759939041316,benchmark
BTC,benchmark,arima,arima,2026-08-14,2026-08-15,0.0007734380660748331,0.0002921180934421178,0.0,62975.59375,63024.3203125,62993.992747588854,benchmark
BTC,benchmark,arima,arima,2026-08-15,2026-08-16,-0.0032686473868631834,-0.00011390768826678477,0.0,63024.3203125,62818.65234375,63017.141766722154,benchmark
BTC,benchmark,arima,arima,2026-08-16,2026-08-17,0.026510137670231988,0.00017008588494340149,0.0,62818.65234375,64506.25390625,62829.337818523294,benchmark
BTC,benchmark,arima,arima,2026-08-17,2026-08-18,0.002700847372800676,-0.0011700807250828657,0.0,64506.25390625,64680.7109375,64430.82052208767,benchmark
BTC,benchmark,arima,arima,2026-08-18,2026-08-19,0.0684938460027011,0.00021064839593566036,0.0,64680.7109375,69266.1875,64694.33726063813,benchmark
BTC,benchmark,arima,arima,2026-08-19,2026-08-20,0.05295120538976306,-0.0029595606361954956,0.0,69266.1875,73032.7578125,69061.49307025387,benchmark
BTC,benchmark,arima,arima,2026-08-20,2026-08-21,0.07008881775516321,-0.001420587716681623,0.0,73032.7578125,78335.1875,72929.08203154206,benchmark
BTC,benchmark,arima,arima,2026-08-21,2026-08-22,-0.016108760387506423,-0.002573966553273594,0.0,78335.1875,77083.4140625,78133.81462213646,benchmark
BTC,benchmark,arima,arima,2026-08-22,2026-08-23,0.008678138825315892,0.0013973177918814418,0.0,77083.4140625,77755.265625,77191.19937605913,benchmark
BTC,benchmark,arima,arima,2026-08-23,2026-08-24,0.0154319126625293,-0.000755728419744237,0.0,77755.265625,78964.484375,77696.5259593954,benchmark
BTC,benchmark,arima,arima,2026-08-24,2026-08-25,-0.005072177186830813,-0.0004436783047938519,0.0,78964.484375,78564.9765625,78929.45731738095,benchmark
BTC,benchmark,arima,arima,2026-08-25,2026-08-26,0.005868895257053803,0.0003380825823520329,0.0,78564.9765625,79027.421875,78591.54250314654,benchmark
BTC,benchmark,arima,arima,2026-08-26,2026-08-27,0.015445797722405792,-0.000342493486640856,0.0,79027.421875,80257.5390625,79000.36013224165,benchmark
BTC,benchmark,arima,arima,2026-08-27,2026-08-28,-0.030710027313092664,-0.0005590608925254521,0.0,80257.5390625,77830.2890625,80212.68275095292,benchmark
BTC,benchmark,arima,arima,2026-08-28,2026-08-29,0.005324638622765287,0.0014560214490055446,0.0,77830.2890625,78245.8125,77943.69417285897,benchmark
BTC,benchmark,arima,arima,2026-08-29,2026-08-30,-0.007417513856522034,-0.0006299991331152961,0.0,78245.8125,77667.5703125,78196.53323053353,benchmark
BTC,benchmark,arima,arima,2026-08-30,2026-08-31,0.01128015948027171,0.0004891778092126066,0.0,77667.5703125,78548.6328125,77705.57285863566,benchmark
BTC,phase0,lstm,phase0_lstm,2025-10-31,2025-11-01,0.004624825172493095,0.0015948151238262653,0.00038779065395813504,109556.1640625,110064.015625,109731.02528845677,ensemble
BTC,phase0,lstm,phase0_lstm,2025-11-01,2025-11-02,0.005216141233319792,0.0014813219662755729,0.0002875085069726569,110064.015625,110639.625,110227.17668623826,ensemble
BTC,phase0,lstm,phase0_lstm,2025-11-02,2025-11-03,-0.03768718290100999,0.0013621073914691806,0.0002791404785772568,110639.625,106547.5234375,110790.4307344884,ensemble
BTC,phase0,lstm,phase0_lstm,2025-11-03,2025-11-04,-0.04764085753760775,0.0012629511067643762,0.0003026968172638695,106547.5234375,101590.5234375,106682.17276000619,ensemble
BTC,phase0,lstm,phase0_lstm,2025-11-04,2025-11-05,0.022400061321748738,0.0012306779506616294,0.0003362333610076249,101590.5234375,103891.8359375,101715.62561914932,ensemble
BTC,phase0,lstm,phase0_lstm,2025-11-05,2025-11-06,-0.025251182491850755,0.0012601366615854204,0.00043191968099080846,103891.8359375,101301.2890625,104022.83637069342,ensemble
BTC,phase0,lstm,phase0_lstm,2025-11-06,2025-11-07,0.02023892596873405,0.0012678971979767084,0.000536966680713788,101301.2890625,103372.40625,101429.81014159464,ensemble
BTC,phase0,lstm,phase0_lstm,2025-11-07,2025-11-08,-0.010603212214200236,0.00129801127477549,0.000624702834069056,103372.40625,102282.1171875,103506.67191913808,ensemble
BTC,phase0,lstm,phase0_lstm,2025-11-08,2025-11-09,0.023551839699680072,0.0012126303103286774,0.0005746798109826713,102282.1171875,104719.640625,102406.22281492107,ensemble
BTC,phase0,lstm,phase0_lstm,2025-11-09,2025-11-10,0.01212026933646231,0.001050492242211476,0.0004998956454435917,104719.640625,105996.59375,104829.7055961612,ensemble
BTC,phase0,lstm,phase0_lstm,2025-11-10,2025-11-11,-0.028702546476841843,0.0008809049497358501,0.000357839684894485,105996.59375,102997.46875,106090.00781250381,ensemble
BTC,phase0,lstm,phase0_lstm,2025-11-11,2025-11-12,-0.013039146642676998,0.0007272922492120415,0.00017391904066080233,102997.46875,101663.1875,103072.4052577778,ensemble
BTC,phase0,lstm,phase0_lstm,2025-11-12,2025-11-13,-0.019524742976585432,0.0005962546332739293,0.00015562698703535402,101663.1875,99697.4921875,101723.82272179982,ensemble
BTC,phase0,lstm,phase0_lstm,2025-11-13,2025-11-14,-0.05462287113659148,0.0005418104992713779,0.00023363074060372773,99697.4921875,94397.7890625,99751.52397169042,ensemble
BTC,phase0,lstm,phase0_lstm,2025-11-14,2025-11-15,0.01212310649874722,0.0005377634544856847,0.00023475341614818707,94397.7890625,95549.1484375,94448.56639551537,ensemble
BTC,phase0,lstm,phase0_lstm,2025-11-15,2025-11-16,-0.014463938461922525,0.0004949488822603599,0.00027596292609832204,95549.1484375,94177.078125,95596.45208719866,ensemble
BTC,phase0,lstm,phase0_lstm,2025-11-16,2025-11-17,-0.02236838271634354,0.0004755514601129107,0.00031385069687810303,94177.078125,92093.875,94221.8748227348,ensemble
BTC,phase0,lstm,phase0_lstm,2025-11-17,2025-11-18,0.009241173563305538,0.0005111447964736727,0.0003489501412599158,92093.875,92948.875,92140.96033768085,ensemble
BTC,phase0,lstm,phase0_lstm,2025-11-18,2025-11-19,-0.016082377699808928,0.0006061071107978933,0.00042742869217665967,92948.875,91465.9921875,93005.22905064836,ensemble
BTC,phase0,lstm,phase0_lstm,2025-11-19,2025-11-20,-0.05429914313161118,0.0006915288555319421,0.0005677827866135395,91465.9921875,86631.8984375,91529.26543551439,ensemble
BTC,phase0,lstm,phase0_lstm,2025-11-20,2025-11-21,-0.017950490472289502,0.0008338794621522538,0.0006793564846580504,86631.8984375,85090.6875,86704.1691267082,ensemble
BTC,phase0,lstm,phase0_lstm,2025-11-21,2025-11-22,-0.00521187239368071,0.0009186971321469173,0.000739481947672547,85090.6875,84648.359375,85168.89599003571,ensemble
BTC,phase0,lstm,phase0_lstm,2025-11-22,2025-11-23,0.025158586579000386,0.0008431925820332253,0.0008190467660528535,84648.359375,86805.0078125,84719.76434354558,ensemble
BTC,phase0,lstm,phase0_lstm,2025-11-23,2025-11-24,0.016742357810839485,0.0007232123918583966,0.0008848529670623592,86805.0078125,88270.5625,86867.80897637806,ensemble
BTC,phase0,lstm,phase0_lstm,2025-11-24,2025-11-25,-0.01057647695675446,0.0005843425249622669,0.0009346383111155221,88270.5625,87341.890625,88322.15781657174,ensemble
BTC,phase0,lstm,phase0_lstm,2025-11-25,2025-11-26,0.0357225879133364,0.00046914218255551533,0.0009744797936467331,87341.890625,90518.3671875,87382.87600342956,ensemble
BTC,phase0,lstm,phase0_lstm,2025-11-26,2025-11-27,0.008437806108495432,0.00039621071409783325,0.0010263497714607043,90518.3671875,91285.375,90554.23864026001,ensemble
BTC,phase0,lstm,phase0_lstm,2025-11-27,2025-11-28,-0.004018666774419681,0.00036196308792568743,0.0011506132126162692,91285.375,90919.265625,91318.42291691966,ensemble
BTC,phase0,lstm,phase0_lstm,2025-11-28,2025-11-29,-0.00074277862694653,0.0005311284970957786,0.0014652995648466488,90919.265625,90851.7578125,90967.56826422705,ensemble
BTC,phase0,lstm,phase0_lstm,2025-11-29,2025-11-30,-0.005047792573132774,0.000754312879871577,0.0018242890362020726,90851.7578125,90394.3125,90920.31431685342,ensemble
BTC,phase0,lstm,phase0_lstm,2025-11-30,2025-12-01,-0.04610183805407602,0.0009252068470232188,0.002091452635829855,90394.3125,86321.5703125,90477.98463790574,ensemble
BTC,phase0,lstm,phase0_lstm,2025-12-01,2025-12-02,0.05662099387030378,0.00105659028631635,0.002150374318988415,86321.5703125,91350.203125,86412.82504613473,ensemble
BTC,phase0,lstm,phase0_lstm,2025-12-02,2025-12-03,0.023558262011831657,0.0011510435317177326,0.002067137566120935,91350.203125,93527.8046875,91455.4117236507,ensemble
BTC,phase0,lstm,phase0_lstm,2025-12-03,2025-12-04,-0.014931972865932171,0.0012073928548488766,0.001958601961789425,93527.8046875,92141.625,93640.7976903548,ensemble
BTC,phase0,lstm,phase0_lstm,2025-12-04,2025-12-05,-0.030343059975675362,0.0012666854381677695,0.0017942282417879969,92141.625,89387.7578125,92258.41340610778,ensemble
BTC,phase0,lstm,phase0_lstm,2025-12-05,2025-12-06,-0.0012916460625568118,0.00128774268887355,0.0016662716726497256,89387.7578125,89272.375,89502.9403909424,ensemble
BTC,phase0,lstm,phase0_lstm,2025-12-06,2025-12-07,0.012614572226014349,0.0012750882437103429,0.0015453247385159316,89272.375,90405.640625,89386.27775845231,ensemble
BTC,phase0,lstm,phase0_lstm,2025-12-07,2025-12-08,0.002591195979813834,0.0012751359317917377,0.0014154159707548116,90405.640625,90640.203125,90520.99363555181,ensemble
BTC,phase0,lstm,phase0_lstm,2025-12-08,2025-12-09,0.022381192698197744,0.0012556555495393696,0.0012489339601989204,90640.203125,92691.7109375,90754.08748386572,ensemble
BTC,phase0,lstm,phase0_lstm,2025-12-09,2025-12-10,-0.007262832846635849,0.0011889579269336536,0.0010534587451201916,92691.7109375,92020.9453125,92801.98302342527,ensemble
BTC,phase0,lstm,phase0_lstm,2025-12-10,2025-12-11,0.0053149701081481185,0.0010950944692012855,0.0009780019366506171,92020.9453125,92511.3359375,92121.77213813571,ensemble
BTC,phase0,lstm,phase0_lstm,2025-12-11,2025-12-12,-0.024521421452147512,0.0010286594817443984,0.0009140982297007865,92511.3359375,90270.4140625,92606.54756215557,ensemble
BTC,phase0,lstm,phase0_lstm,2025-12-12,2025-12-13,0.0003134187556330964,0.0009216522383212577,0.0008864175989713202,90270.4140625,90298.7109375,90353.65034323507,ensemble
BTC,phase0,lstm,phase0_lstm,2025-12-13,2025-12-14,-0.02379767101791624,0.0007826037995982915,0.0009303024632122625,90298.7109375,88175.1796875,90369.40671156097,ensemble
BTC,phase0,lstm,phase0_lstm,2025-12-14,2025-12-15,-0.020108914713088392,0.0007004598970524967,0.0009532852541286025,88175.1796875,86419.78125,88236.9645011524,ensemble
BTC,phase0,lstm,phase0_lstm,2025-12-15,2025-12-16,0.016345736935078115,0.0006341448839521036,0.0009218380120144023,86419.78125,87843.984375,86474.6012922395,ensemble
BTC,phase0,lstm,phase0_lstm,2025-12-16,2025-12-17,-0.019544833040854463,0.0006151456997031346,0.0009031732434332815,87843.984375,86143.7578125,87898.03784790926,ensemble
BTC,phase0,lstm,phase0_lstm,2025-12-17,2025-12-18,-0.007939728497768105,0.000522255030227825,0.0009368399549116753,86143.7578125,85462.5078125,86188.75857325431,ensemble
BTC,phase0,lstm,phase0_lstm,2025-12-18,2025-12-19,0.030433154968407768,0.00041239779093302784,0.0009645124226995222,85462.5078125,88103.3828125,85497.75963031575,ensemble
BTC,phase0,lstm,phase0_lstm,2025-12-19,2025-12-20,0.002727355122150639,0.0003455774567555636,0.0009072467952546073,88103.3828125,88344.0,88133.83461688939,ensemble
BTC,phase0,lstm,phase0_lstm,2025-12-20,2025-12-21,0.0031390280669266876,0.0003107515920419246,0.0008389284920538561,88344.0,88621.75,88371.45730462695,ensemble
BTC,phase0,lstm,phase0_lstm,2025-12-21,2025-12-22,-0.0014875849588890807,0.00027002330170944333,0.0007378256628922471,88621.75,88490.015625,88645.68316864947,ensemble
BTC,phase0,lstm,phase0_lstm,2025-12-22,2025-12-23,-0.012234274952953525,0.00024000846897251905,0.0006615762543186852,88490.015625,87414.0,88511.25652706575,ensemble
BTC,phase0,lstm,phase0_lstm,2025-12-23,2025-12-24,0.002262076104062497,0.0002675359704880975,0.0006370922020821596,87414.0,87611.9609375,87437.38951795343,ensemble
BTC,phase0,lstm,phase0_lstm,2025-12-24,2025-12-25,-0.0043148578556266,0.0003289258886070456,0.0005943823126240296,87611.9609375,87234.7421875,87640.78351959081,ensemble
BTC,phase0,lstm,phase0_lstm,2025-12-25,2025-12-26,0.0007641682813230021,0.000350531821459299,0.0005602299987922086,87234.7421875,87301.4296875,87265.32610057773,ensemble
BTC,phase0,lstm,phase0_lstm,2025-12-26,2025-12-27,0.00571921956587603,0.0004128764548113395,0.000484918088710518,87301.4296875,87802.15625,87337.48183431849,ensemble
BTC,phase0,lstm,phase0_lstm,2025-12-27,2025-12-28,0.0003835125589097617,0.0004334333108999999,0.0004484942180911171,87802.15625,87835.8359375,87840.22087793052,ensemble
BTC,phase0,lstm,phase0_lstm,2025-12-28,2025-12-29,-0.007974888882579774,0.00042645557405194265,0.00047131017998047764,87835.8359375,87138.140625,87873.30200757645,ensemble
BTC,phase0,lstm,phase0_lstm,2025-12-29,2025-12-30,0.01471809780879094,0.0004444476006028708,0.0004556124041805701,87138.140625,88430.1328125,87176.87757015528,ensemble
BTC,phase0,lstm,phase0_lstm,2025-12-30,2025-12-31,-0.010473099349299821,0.00046353827201528475,0.00038147386951537735,88430.1328125,87508.828125,88471.13306531702,ensemble
BTC,phase0,lstm,phase0_lstm,2025-12-31,2026-01-01,0.013880733660550057,0.0005069159455160843,0.0003587155784424571,87508.828125,88731.984375,87553.19899054948,ensemble
BTC,phase0,lstm,phase0_lstm,2026-01-01,2026-01-02,0.013574570130194884,0.00048196028510574254,0.00038239247807464124,88731.984375,89944.6953125,88774.75997472947,ensemble
BTC,phase0,lstm,phase0_lstm,2026-01-02,2026-01-03,0.007294409627148249,0.0004780033224960789,0.00042938858109683694,89944.6953125,90603.1875,89987.69945294246,ensemble
BTC,phase0,lstm,phase0_lstm,2026-01-03,2026-01-04,0.008903689947606831,0.0004961215541698039,0.0005147331912373369,90603.1875,91413.4921875,90648.14884641956,ensemble
BTC,phase0,lstm,phase0_lstm,2026-01-04,2026-01-05,0.02665149838136465,0.0004985638894140721,0.0006195095785223598,91413.4921875,93882.5546875,91459.0790167391,ensemble
BTC,phase0,lstm,phase0_lstm,2026-01-05,2026-01-06,-0.00163660971149983,0.0005724797665607184,0.0007001492326035849,93882.5546875,93729.03125,93936.31593763732,ensemble
BTC,phase0,lstm,phase0_lstm,2026-01-06,2026-01-07,-0.026168967250151644,0.0006332209974061698,0.0007614538865015097,93729.03125,91308.0546875,93788.40123583107,ensemble
BTC,phase0,lstm,phase0_lstm,2026-01-07,2026-01-08,-0.003081466892755565,0.0006786368088796735,0.000796318307094001,91308.0546875,91027.125,91370.04072498251,ensemble
BTC,phase0,lstm,phase0_lstm,2026-01-08,2026-01-09,-0.005662930149506993,0.0007073054905049503,0.0008419011695806284,91027.125,90513.1015625,91091.53176023983,ensemble
BTC,phase0,lstm,phase0_lstm,2026-01-09,2026-01-10,-0.0013980466595052143,0.0006749498599674553,0.0008693075326334098,90513.1015625,90386.6484375,90574.21398931678,ensemble
BTC,phase0,lstm,phase0_lstm,2026-01-10,2026-01-11,0.004865110901100388,0.0005035548994783313,0.0008350348976542671,90386.6484375,90827.4609375,90432.17453865179,ensemble
BTC,phase0,lstm,phase0_lstm,2026-01-11,2026-01-12,0.004016380962680633,0.0003155116966809146,0.0008125630759156196,90827.4609375,91192.9921875,90856.12258511038,ensemble
BTC,phase0,lstm,phase0_lstm,2026-01-12,2026-01-13,0.044280285031478225,0.00023385332078760258,0.0008062313434793185,91192.9921875,95321.78125,91214.3204653027,ensemble
BTC,phase0,lstm,phase0_lstm,2026-01-13,2026-01-14,0.016723797821879046,0.00024984865885926413,0.0007730562386238865,95321.78125,96929.328125,95345.60024465341,ensemble
BTC,phase0,lstm,phase0_lstm,2026-01-14,2026-01-15,-0.014320038274756287,0.00040079612081171944,0.0006886037369553943,96929.328125,95551.1875,96968.18480998954,ensemble
BTC,phase0,lstm,phase0_lstm,2026-01-15,2026-01-16,-0.00027287855188963723,0.0005271805566735566,0.0006261040974305962,95551.1875,95525.1171875,95601.57350831208,ensemble
BTC,phase0,lstm,phase0_lstm,2026-01-16,2026-01-17,-0.004461072057980408,0.0005750765849370509,0.0006007238918642475,95525.1171875,95099.921875,95580.06724439903,ensemble
BTC,phase0,lstm,phase0_lstm,2026-01-17,2026-01-18,-0.015529993658124637,0.0005391178216086701,0.0006040660665067169,95099.921875,93634.4296875,95151.20576050258,ensemble
BTC,phase0,lstm,phase0_lstm,2026-01-18,2026-01-19,-0.011610285761608208,0.00044984167034272103,0.0006442433956643883,93634.4296875,92553.59375,93676.55983098883,ensemble
BTC,phase0,lstm,phase0_lstm,2026-01-19,2026-01-20,-0.046924255054821146,0.0003850961657008156,0.0007248497646901428,92553.59375,88310.90625,92589.24264776132,ensemble
BTC,phase0,lstm,phase0_lstm,2026-01-20,2026-01-21,0.011999327760148781,0.0004603819994372316,0.0006604759559386955,88310.90625,89376.9609375,88351.57236184616,ensemble
BTC,phase0,lstm,phase0_lstm,2026-01-21,2026-01-22,0.0009560777691027553,0.0006531910563353449,0.0005708362931824935,89376.9609375,89462.453125,89435.36023990143,ensemble
BTC,phase0,lstm,phase0_lstm,2026-01-22,2026-01-23,0.00046290133092210693,0.0008410960632318165,0.0005163912573109881,89462.453125,89503.875,89537.73129577913,ensemble
BTC,phase0,lstm,phase0_lstm,2026-01-23,2026-01-24,-0.004402117623558332,0.0009796461963560432,0.0004837743446600814,89503.875,89110.734375,89591.60009346408,ensemble
BTC,phase0,lstm,phase0_lstm,2026-01-24,2026-01-25,-0.028900838361794738,0.0010123218176886438,0.000483886326399714,89110.734375,86572.21875,89200.98879114768,ensemble
BTC,phase0,lstm,phase0_lstm,2026-01-25,2026-01-26,0.01938894055131375,0.0010906710755079984,0.0005042047942759104,86572.21875,88267.140625,86666.69207522961,ensemble
BTC,phase0,lstm,phase0_lstm,2026-01-26,2026-01-27,0.00942027656458104,0.0011508524883538484,0.000480394443545077,88267.140625,89102.5703125,88368.78155907082,ensemble
BTC,phase0,lstm,phase0_lstm,2026-01-27,2026-01-28,0.0009198645005418251,0.0012809638166800142,0.00043027953593243763,89102.5703125,89184.5703125,89216.78061505903,ensemble
BTC,phase0,lstm,phase0_lstm,2026-01-28,2026-01-29,-0.053227949504083015,0.001464668707922101,0.000369550626957453,89184.5703125,84561.5859375,89315.2918703846,ensemble
BTC,phase0,lstm,phase0_lstm,2026-01-29,2026-01-30,-0.005132847429550004,0.0015953555703163147,0.00035424312894086077,84561.5859375,84128.65625,84696.59940326662,ensemble
BTC,phase0,lstm,phase0_lstm,2026-01-30,2026-01-31,-0.06770691927198588,0.0017186279408633709,0.0004259410687712031,84128.65625,78621.1171875,84273.36642511468,ensemble
BTC,phase0,lstm,phase0_lstm,2026-01-31,2026-02-01,-0.021166842147211495,0.001750255806837231,0.0005694166775544624,78621.1171875,76974.4453125,78758.84474846964,ensemble
BTC,phase0,lstm,phase0_lstm,2026-02-01,2026-02-02,0.022026908157821636,0.0017359884222969413,0.0006805277090602476,76974.4453125,78688.765625,77108.18811276373,ensemble
BTC,phase0,lstm,phase0_lstm,2026-02-02,2026-02-03,-0.03960046937497693,0.0016141917556524276,0.0006954768230201126,78688.765625,75633.546875,78815.88695323191,ensemble
BTC,phase0,lstm,phase0_lstm,2026-02-03,2026-02-04,-0.035170615941758965,0.0015019654878415168,0.0007213027463320659,75633.546875,73019.703125,75747.23120572821,ensemble
BTC,phase0,lstm,phase0_lstm,2026-02-04,2026-02-05,-0.1523344080304475,0.0013532539131119847,0.0008066462868438882,73019.703125,62702.09765625,73118.58421450878,ensemble
BTC,phase0,lstm,phase0_lstm,2026-02-05,2026-02-06,0.118003181433477,0.0012333709941231064,0.0009663589899066955,62702.09765625,70555.390625,62779.48031572414,ensemble
BTC,phase0,lstm,phase0_lstm,2026-02-06,2026-02-07,-0.018213402812750957,0.001154599578876514,0.0009322563751379418,70555.390625,69281.96875,70636.90089611032,ensemble
BTC,phase0,lstm,phase0_lstm,2026-02-07,2026-02-08,0.01408523588474713,0.0009037587966304273,0.0009101122347568342,69281.96875,70264.7265625,69344.6112412932,ensemble
BTC,phase0,lstm,phase0_lstm,2026-02-08,2026-02-09,-0.0020507154219692207,0.0006237921588763129,0.0013178809233849265,70264.7265625,70120.78125,70308.57082140603,ensemble
BTC,phase0,lstm,phase0_lstm,2026-02-09,2026-02-10,-0.01910323758989731,0.00028770005446858703,0.0017574902497146973,70120.78125,68793.9609375,70140.9579048582,ensemble
BTC,phase0,lstm,phase0_lstm,2026-02-10,2026-02-11,-0.026543221212374526,0.00020021755481138825,0.0020677213741536827,68793.9609375,66991.96875,68807.73607511086,ensemble
BTC,phase0,lstm,phase0_lstm,2026-02-11,2026-02-12,-0.01156236827483507,0.0002651693997904658,0.002263472637245741,66991.96875,66221.84375,67009.73532561622,ensemble
BTC,phase0,lstm,phase0_lstm,2026-02-12,2026-02-13,0.03903376935715579,0.0007150243123760447,0.0023413447851457266,66221.84375,68857.84375,66269.21091060927,ensemble
BTC,phase0,lstm,phase0_lstm,2026-02-13,2026-02-14,0.013125933067848304,0.001222769753076136,0.002404439125549321,68857.84375,69767.625,68942.09253653634,ensemble
BTC,phase0,lstm,phase0_lstm,2026-02-14,2026-02-15,-0.014138040068878806,0.001751535799121484,0.002369549363788155,69767.625,68788.1875,69889.93257458616,ensemble
BTC,phase0,lstm,phase0_lstm,2026-02-15,2026-02-16,0.0007987824782500607,0.0021742284385254606,0.0024130395507529346,68788.1875,68843.15625,68937.91144154083,ensemble
BTC,phase0,lstm,phase0_lstm,2026-02-16,2026-02-17,-0.019788873300286218,0.0023721442878013475,0.0023452746800267797,68843.15625,67494.21875,69006.65599567785,ensemble
BTC,phase0,lstm,phase0_lstm,2026-02-17,2026-02-18,-0.015963632260214883,0.002544861365458928,0.002221425667160514,67494.21875,66425.3203125,67666.20092226396,ensemble
BTC,phase0,lstm,phase0_lstm,2026-02-18,2026-02-19,0.007980125994704771,0.002708839310798794,0.0021691874948463826,66425.3203125,66957.5234375,66605.49975980296,ensemble
BTC,phase0,lstm,phase0_lstm,2026-02-19,2026-02-20,0.015528995656632263,0.0028045068145729603,0.0021742903544529047,66957.5234375,68005.421875,67145.56983371444,ensemble
BTC,phase0,lstm,phase0_lstm,2026-02-20,2026-02-21,-2.4354972344490844e-05,0.00261462387861684,0.002403250875443417,68005.421875,68003.765625,68183.46312893876,ensemble
BTC,phase0,lstm,phase0_lstm,2026-02-21,2026-02-22,-0.005076923598302017,0.00244766881223768,0.0027019473382796358,68003.765625,67659.390625,68170.42019562908,ensemble
BTC,phase0,lstm,phase0_lstm,2026-02-22,2026-02-23,-0.04601267313564273,0.0022246026899665596,0.003144703223718165,67659.390625,64616.73828125,67810.07342993015,ensemble
BTC,phase0,lstm,phase0_lstm,2026-02-23,2026-02-24,-0.00834051043874472,0.0018462202744558454,0.0034453556903405722,64616.73828125,64080.04296875,64736.14520535932,ensemble
BTC,phase0,lstm,phase0_lstm,2026-02-24,2026-02-25,0.05878816281087323,0.0013954095309600234,0.003892394091253329,64080.04296875,67960.125,64169.523287778495,ensemble
BTC,phase0,lstm,phase0_lstm,2026-02-25,2026-02-26,-0.007478610812400483,0.0008354116580449045,0.004322294712953912,67960.125,67453.7734375,68016.92340242761,ensemble
BTC,phase0,lstm,phase0_lstm,2026-02-26,2026-02-27,-0.023580345399758597,0.00020282136974856258,0.004578938082354431,67453.7734375,65881.796875,67467.45589172345,ensemble
BTC,phase0,lstm,phase0_lstm,2026-02-27,2026-02-28,0.016768637200983844,-0.0004977320088073612,0.004834543721176835,65881.796875,66995.859375,65849.01355522817,ensemble
BTC,phase0,lstm,phase0_lstm,2026-02-28,2026-03-01,-0.018952127255243773,-0.0012980045401491224,0.005118357352497447,66995.859375,65738.1015625,66908.95485878986,ensemble
BTC,phase0,lstm,phase0_lstm,2026-03-01,2026-03-02,0.04517399874225875,-0.0019333544885739684,0.005183454888600109,65738.1015625,68775.8515625,65611.12928953112,ensemble
BTC,phase0,lstm,phase0_lstm,2026-03-02,2026-03-03,-0.007035921401254354,-0.002427113114390522,0.005133949843463555,68775.8515625,68293.6484375,68609.12720250567,ensemble
BTC,phase0,lstm,phase0_lstm,2026-03-03,2026-03-04,0.06267011054362281,-0.0029734348150668665,0.005122912086509284,68293.6484375,72710.578125,68090.88332939634,ensemble
BTC,phase0,lstm,phase0_lstm,2026-03-04,2026-03-05,-0.026047184090688055,-0.003298093661578605,0.005208967847746479,72710.578125,70841.125,72471.16684558254,ensemble
BTC,phase0,lstm,phase0_lstm,2026-03-05,2026-03-06,-0.03892676222985379,-0.003612009358039359,0.0051006449781702745,70841.125,68136.4921875,70585.7077559978,ensemble
BTC,phase0,lstm,phase0_lstm,2026-03-06,2026-03-07,-0.012760002816373808,-0.0038937630286454807,0.0050090658919468975,68136.4921875,67272.59375,67871.70068554954,ensemble
BTC,phase0,lstm,phase0_lstm,2026-03-07,2026-03-08,-0.019556151272463178,-0.003994905974832363,0.004904162774541168,67272.59375,65969.78125,67004.38216003239,ensemble
BTC,phase0,lstm,phase0_lstm,2026-03-08,2026-03-09,0.036210883133673905,-0.0037435051325701353,0.004587854466578154,65969.78125,68402.3828125,65723.28470370255,ensemble
BTC,phase0,lstm,phase0_lstm,2026-03-09,2026-03-10,0.022043063053682945,-0.0032580077677266672,0.0041339394795116245,68402.3828125,69926.921875,68179.88995649871,ensemble
BTC,phase0,lstm,phase0_lstm,2026-03-10,2026-03-11,0.003967140831024369,-0.0029289726982824503,0.003724860095651555,69926.921875,70204.8828125,69722.4074846947,ensemble
BTC,phase0,lstm,phase0_lstm,2026-03-11,2026-03-12,0.004102088510358853,-0.0025750547531060873,0.0034070369150188433,70204.8828125,70493.4609375,70024.33395668396,ensemble
BTC,phase0,lstm,phase0_lstm,2026-03-12,2026-03-13,0.006712861238543366,-0.00258434705901891,0.003229654604730178,70493.4609375,70968.265625,70311.51657400138,ensemble
BTC,phase0,lstm,phase0_lstm,2026-03-13,2026-03-14,0.0034653905327112298,-0.002460068790242076,0.0030745856713450233,70968.265625,71214.625,70793.8933814363,ensemble
BTC,phase0,lstm,phase0_lstm,2026-03-14,2026-03-15,0.021879197879022205,-0.0024412970175035297,0.0029146225902051686,71214.625,72789.9140625,71040.98099292534,ensemble
BTC,phase0,lstm,phase0_lstm,2026-03-15,2026-03-16,0.028056806108927662,-0.0022921191179193557,0.002624326307010408,72789.9140625,74861.0859375,72623.26197506665,ensemble
BTC,phase0,lstm,phase0_lstm,2026-03-16,2026-03-17,-0.012617278563279094,-0.0021508590900339184,0.0023077460559790485,74861.0859375,73922.4765625,74700.24332722413,ensemble
BTC,phase0,lstm,phase0_lstm,2026-03-17,2026-03-18,-0.03688417423341742,-0.0019839310145471243,0.0020182297792772906,73922.4765625,71245.578125,73775.96485119517,ensemble
BTC,phase0,lstm,phase0_lstm,2026-03-18,2026-03-19,-0.01888416104762736,-0.0018840259872376919,0.0018182910070612761,71245.578125,69912.7890625,71111.47596997613,ensemble
BTC,phase0,lstm,phase0_lstm,2026-03-19,2026-03-20,0.008684431647448684,-0.0017684601596556603,0.0017246461277664565,69912.7890625,70522.5859375,69789.26034039854,ensemble
BTC,phase0,lstm,phase0_lstm,2026-03-20,2026-03-21,-0.026016105631017767,-0.0017112230299971998,0.0017349312659690553,70522.5859375,68711.5234375,70402.00926052562,ensemble
BTC,phase0,lstm,phase0_lstm,2026-03-21,2026-03-22,-0.012688120086084904,-0.001609075698070228,0.0017489510787012518,68711.5234375,67845.2109375,68601.0502986166,ensemble
BTC,phase0,lstm,phase0_lstm,2026-03-22,2026-03-23,0.04425119303469704,-0.0014740904443897307,0.001738459284410758,67845.2109375,70914.859375,67745.27463602927,ensemble
BTC,phase0,lstm,phase0_lstm,2026-03-23,2026-03-24,-0.005613991531695598,-0.001304320921190083,0.0017553481529474413,70914.859375,70517.859375,70822.423936137,ensemble
BTC,phase0,lstm,phase0_lstm,2026-03-24,2026-03-25,0.011168924480813245,-0.001160146831534803,0.0017404062066864714,70517.859375,71309.8828125,70436.09574196013,ensemble
BTC,phase0,lstm,phase0_lstm,2026-03-25,2026-03-26,-0.03595291880741613,-0.00101172563736327,0.0016870797973429867,71309.8828125,68791.625,71237.77325955381,ensemble
BTC,phase0,lstm,phase0_lstm,2026-03-26,2026-03-27,-0.03631346968520713,-0.0007816382596502081,0.0016369696657954366,68791.625,66338.375,68737.87584289184,ensemble
BTC,phase0,lstm,phase0_lstm,2026-03-27,2026-03-28,-0.0002816215791388498,-0.000407484445895534,0.0015626834226107349,66338.375,66319.6953125,66311.34865080394,ensemble
BTC,phase0,lstm,phase0_lstm,2026-03-28,2026-03-29,-0.005515409833700628,4.834617720916868e-06,0.0015093511784933394,66319.6953125,65954.921875,66320.01594364927,ensemble
BTC,phase0,lstm,phase0_lstm,2026-03-29,2026-03-30,0.011105181731209317,0.00041039964416995646,0.0015458382182088292,65954.921875,66691.4453125,65981.9953065521,ensemble
BTC,phase0,lstm,phase0_lstm,2026-03-30,2026-03-31,0.022856210162579323,0.0006900443520862609,0.0015424685484802295,66691.4453125,68233.3125,66737.48124926272,ensemble
BTC,phase0,lstm,phase0_lstm,2026-03-31,2026-04-01,-0.002270644254019965,0.0009611615867470391,0.0014671873817431445,68233.3125,68078.5546875,68298.9272670569,ensemble
BTC,phase0,lstm,phase0_lstm,2026-04-01,2026-04-02,-0.017634149228875802,0.0011765043949708343,0.0013334781427050912,68078.5546875,66888.5703125,68158.69654067022,ensemble
BTC,phase0,lstm,phase0_lstm,2026-04-02,2026-04-03,0.0006356502125007872,0.0012816722824936732,0.001063211806089708,66888.5703125,66931.1015625,66974.35450095045,ensemble
BTC,phase0,lstm,phase0_lstm,2026-04-03,2026-04-04,0.005355544495529739,0.0013295082491822541,0.0007292715487615896,66931.1015625,67290.515625,67020.14619382394,ensemble
BTC,phase0,lstm,phase0_lstm,2026-04-04,2026-04-05,0.024824828794848448,0.0012209480977617205,0.0006031557016822833,67290.515625,68981.8984375,67372.7240279339,ensemble
BTC,phase0,lstm,phase0_lstm,2026-04-05,2026-04-06,-0.0017711667933321205,0.0011339371878420935,0.000641828459093851,68981.8984375,68859.828125,69060.16394312365,ensemble
BTC,phase0,lstm,phase0_lstm,2026-04-06,2026-04-07,0.043769250088650125,0.0010826704499777406,0.0006076666219871003,68859.828125,71940.703125,68934.42099856515,ensemble
BTC,phase0,lstm,phase0_lstm,2026-04-07,2026-04-08,-0.011426386592901714,0.0011230593838263303,0.000589105904210038,71940.703125,71123.359375,72021.54219176323,ensemble
BTC,phase0,lstm,phase0_lstm,2026-04-08,2026-04-09,0.00902047398791368,0.0011601268779486418,0.0004913162742369142,71123.359375,71767.828125,71205.91937663965,ensemble
BTC,phase0,lstm,phase0_lstm,2026-04-09,2026-04-10,0.01673607145352826,0.001334422128275037,0.0002488289741450242,71767.828125,72979.046875,71863.66062923476,ensemble
BTC,phase0,lstm,phase0_lstm,2026-04-10,2026-04-11,0.0010302658186926742,0.0015000032726675272,0.0002648363925359554,72979.046875,73054.2734375,73088.59782700104,ensemble
BTC,phase0,lstm,phase0_lstm,2026-04-11,2026-04-12,-0.03200195641601119,0.0015504083363339304,0.00042857161642661205,73054.2734375,70753.40625,73167.62524012625,ensemble
BTC,phase0,lstm,phase0_lstm,2026-04-12,2026-04-13,0.05139225778223328,0.0015739613911136985,0.0005153179480626656,70753.40625,74484.640625,70864.85706635966,ensemble
BTC,phase0,lstm,phase0_lstm,2026-04-13,2026-04-14,-0.004076670658997154,0.0015253117540851235,0.00046213575164526347,74484.640625,74181.609375,74598.33961400218,ensemble
BTC,phase0,lstm,phase0_lstm,2026-04-14,2026-04-15,0.00836950468372944,0.0015673157060518861,0.00044219422001521007,74181.609375,74805.078125,74297.96653685822,ensemble
BTC,phase0,lstm,phase0_lstm,2026-04-15,2026-04-16,0.004628724487070657,0.001731304102577269,0.0004642364661527059,74805.078125,75152.1328125,74934.70063926911,ensemble
BTC,phase0,lstm,phase0_lstm,2026-04-16,2026-04-17,0.025937296578403095,0.0018871655920520425,0.0004931003529606766,75152.1328125,77126.875,75294.09123911135,ensemble
BTC,phase0,lstm,phase0_lstm,2026-04-17,2026-04-18,-0.018327445076503752,0.0019936982076615094,0.0006106612868767942,77126.875,75726.2109375,77280.79609757398,ensemble
BTC,phase0,lstm,phase0_lstm,2026-04-18,2026-04-19,-0.025002336494923415,0.0020806139102205632,0.0006780399031044908,75726.2109375,73856.3515625,75883.93196673128,ensemble
BTC,phase0,lstm,phase0_lstm,2026-04-19,2026-04-20,0.02693259727225901,0.002056594449095428,0.0006489616393554373,73856.3515625,75872.5234375,74008.4004229832,ensemble
BTC,phase0,lstm,phase0_lstm,2026-04-20,2026-04-21,0.006309747501944813,0.0019896340323612093,0.0006037669315551986,75872.5234375,76352.7734375,76023.63226803947,ensemble
BTC,phase0,lstm,phase0_lstm,2026-04-21,2026-04-22,0.02394495237334366,0.001879493542946875,0.0005924778484862976,76352.7734375,78203.1015625,76496.41292462232,ensemble
BTC,phase0,lstm,phase0_lstm,2026-04-22,2026-04-23,0.0008417038623198857,0.0017493816092610359,0.000630170222838712,78203.1015625,78268.953125,78340.0283638545,ensemble
BTC,phase0,lstm,phase0_lstm,2026-04-23,2026-04-24,-0.010449855400701123,0.0015578118560370057,0.0007102419222193287,78268.953125,77455.3125,78390.97644815054,ensemble
BTC,phase0,lstm,phase0_lstm,2026-04-24,2026-04-25,0.0020210985800430967,0.0013954795052995906,0.0007639895626629646,77455.3125,77612.015625,77563.47525307022,ensemble
BTC,phase0,lstm,phase0_lstm,2026-04-25,2026-04-26,0.01338122502813899,0.001263309153728187,0.000739409737638157,77612.015625,78657.5390625,77710.1255533154,ensemble
BTC,phase0,lstm,phase0_lstm,2026-04-26,2026-04-27,-0.016547994707933746,0.0012017660599667579,0.0007173107596298219,78657.5390625,77366.625,78752.1238463137,ensemble
BTC,phase0,lstm,phase0_lstm,2026-04-27,2026-04-28,-0.013218654490737211,0.0011366366816218942,0.0007643772054243494,77366.625,76350.671875,77454.61273948148,ensemble
BTC,phase0,lstm,phase0_lstm,2026-04-28,2026-04-29,-0.0075534590417408835,0.001134442919283174,0.0008213179688582995,76350.671875,75776.1328125,76437.3365028333,ensemble
BTC,phase0,lstm,phase0_lstm,2026-04-29,2026-04-30,0.006946186875134918,0.0011550326424185186,0.0009580997126893443,75776.1328125,76304.3203125,75863.70728536599,ensemble
BTC,phase0,lstm,phase0_lstm,2026-04-30,2026-05-01,0.02427150989403538,0.0013715644483454526,0.000959680090083855,76304.3203125,78179.0,76409.04840974548,ensemble
BTC,phase0,lstm,phase0_lstm,2026-05-01,2026-05-02,0.006098736514783506,0.0015560872794594615,0.0009302525108761163,78179.0,78657.25,78300.74804814857,ensemble
BTC,phase0,lstm,phase0_lstm,2026-05-02,2026-05-03,-0.0015143369624661424,0.0016433845390565693,0.0008757879330132085,78657.25,78538.2265625,78786.62038206155,ensemble
BTC,phase0,lstm,phase0_lstm,2026-05-03,2026-05-04,0.01628767686490818,0.0016592360800132156,0.0007894527444102243,78538.2265625,79827.90625,78668.64819188771,ensemble
BTC,phase0,lstm,phase0_lstm,2026-05-04,2026-05-05,0.013675043806522565,0.0017156315734609962,0.0007678894311681546,79827.90625,80927.0546875,79964.9790760183,ensemble
BTC,phase0,lstm,phase0_lstm,2026-05-05,2026-05-06,0.006165248057273942,0.0017839822452515365,0.0007497802434520274,80927.0546875,81427.53125,81071.55597176171,ensemble
BTC,phase0,lstm,phase0_lstm,2026-05-06,2026-05-07,-0.017561908350902416,0.0018750535324215888,0.0007198015697335373,81427.53125,80009.9921875,81580.3554621208,ensemble
BTC,phase0,lstm,phase0_lstm,2026-05-07,2026-05-08,0.0022069548930199264,0.0019244961440563202,0.0006775174944668638,80009.9921875,80186.765625,80164.1193699651,ensemble
BTC,phase0,lstm,phase0_lstm,2026-05-08,2026-05-09,0.005938447031188693,0.001978122070431709,0.0006305968820641532,80186.765625,80664.3671875,80345.54182341669,ensemble
BTC,phase0,lstm,phase0_lstm,2026-05-09,2026-05-10,0.018115146956791082,0.001949982880614698,0.0006092544076641116,80664.3671875,82138.9296875,80821.81478275859,ensemble
BTC,phase0,lstm,phase0_lstm,2026-05-10,2026-05-11,-0.005011785219488408,0.0019018644699826837,0.0005976635974183625,82138.9296875,81728.296875,82295.29544558248,ensemble
BTC,phase0,lstm,phase0_lstm,2026-05-11,2026-05-12,-0.015422747705667463,0.0018568942323327065,0.0005985427687564248,81728.296875,80477.4921875,81880.19866721933,ensemble
BTC,phase0,lstm,phase0_lstm,2026-05-12,2026-05-13,-0.015028018231235505,0.0018388068769127131,0.000632493298646727,80477.4921875,79277.1171875,80625.61089268286,ensemble
BTC,phase0,lstm,phase0_lstm,2026-05-13,2026-05-14,0.022132143698821827,0.0018456547288224102,0.0006330994530957473,79277.1171875,81051.25,79423.57048325974,ensemble
BTC,phase0,lstm,phase0_lstm,2026-05-14,2026-05-15,-0.02480277513696735,0.0018645606935024262,0.0006038063160007546,81051.25,79065.6796875,81202.5159533606,ensemble
BTC,phase0,lstm,phase0_lstm,2026-05-15,2026-05-16,-0.011886390842574117,0.001842705230228603,0.0006336358721327517,79065.6796875,78131.4375,79211.50874771341,ensemble
BTC,phase0,lstm,phase0_lstm,2026-05-16,2026-05-17,-0.009026576797854137,0.001752122025936842,0.0006427328161349122,78131.4375,77429.3515625,78268.45331172024,ensemble
BTC,phase0,lstm,phase0_lstm,2026-05-17,2026-05-18,-0.006155853649121142,0.0016358732478693127,0.0006703174605333458,77429.3515625,76954.171875,77556.11982745744,ensemble
BTC,phase0,lstm,phase0_lstm,2026-05-18,2026-05-19,-0.002644879999712329,0.0014677146100439131,0.0006806117617902634,76954.171875,76750.90625,77067.20156473768,ensemble
BTC,phase0,lstm,phase0_lstm,2026-05-19,2026-05-20,0.009167734783614812,0.001347570464713499,0.0007480385519285641,76750.90625,77457.7734375,76854.40322347275,ensemble
BTC,phase0,lstm,phase0_lstm,2026-05-20,2026-05-21,0.0010503232153248991,0.0012224415491800754,0.0007609111085532071,77457.7734375,77539.171875,77552.5189366757,ensemble
BTC,phase0,lstm,phase0_lstm,2026-05-21,2026-05-22,-0.026806340702622146,0.0010974187374813483,0.0007382919060839035,77539.171875,75488.2421875,77624.31152348251,ensemble
BTC,phase0,lstm,phase0_lstm,2026-05-22,2026-05-23,0.015577503022418466,0.0010002732189605013,0.0007073630384367478,75488.2421875,76673.3671875,75563.78883185014,ensemble
BTC,phase0,lstm,phase0_lstm,2026-05-23,2026-05-24,0.004005847400396048,0.0008778045616054442,0.000688700060411408,76673.3671875,76981.125,76740.70096759689,ensemble
BTC,phase0,lstm,phase0_lstm,2026-05-24,2026-05-25,0.003874018128693613,0.0007480791682610288,0.0007007473997271463,76981.125,77279.9296875,77038.73452151664,ensemble
BTC,phase0,lstm,phase0_lstm,2026-05-25,2026-05-26,-0.018996541405031864,0.0005783792721558711,0.0007093033116794109,77279.9296875,75825.734375,77324.63972541814,ensemble
BTC,phase0,lstm,phase0_lstm,2026-05-26,2026-05-27,-0.019725310724108713,0.0005091169052320766,0.0007080806869584331,75825.734375,74344.703125,75864.3483669059,ensemble
BTC,phase0,lstm,phase0_lstm,2026-05-27,2026-05-28,-0.010929802661887332,0.000508845928197843,0.0006760635308438984,74344.703125,73536.5546875,74382.54275092155,ensemble
BTC,phase0,lstm,phase0_lstm,2026-05-28,2026-05-29,-0.0022330998228095003,0.0005294538728776388,0.0006486595465333526,73536.5546875,73372.5234375,73575.49920993173,ensemble
BTC,phase0,lstm,phase0_lstm,2026-05-29,2026-05-30,0.005197039654902875,0.0005803408472274896,0.0006256552250962963,73372.5234375,73754.8359375,73415.1168680733,ensemble
BTC,phase0,lstm,phase0_lstm,2026-05-30,2026-05-31,-0.002377562514476544,0.0005587325507804053,0.0006363069643502802,73754.8359375,73579.6875,73796.05667972862,ensemble
BTC,phase0,lstm,phase0_lstm,2026-05-31,2026-06-01,-0.031195386303294676,0.000499089482036652,0.0006537333932066732,73579.6875,71319.7734375,73616.41951364116,ensemble
BTC,phase0,lstm,phase0_lstm,2026-06-01,2026-06-02,-0.06691384852525814,0.00047173653620120605,0.0006777921589520562,71319.7734375,66703.65625,71353.42551721777,ensemble
BTC,phase0,lstm,phase0_lstm,2026-06-02,2026-06-03,-0.041152222290191665,0.0005508966263732873,0.0006854227388459715,66703.65625,64014.3671875,66740.4131929032,ensemble
BTC,phase0,lstm,phase0_lstm,2026-06-03,2026-06-04,-0.003329681149437111,0.0006981172628002241,0.000695903376432392,64014.3671875,63801.57421875,64059.072325199355,ensemble
BTC,phase0,lstm,phase0_lstm,2026-06-04,2026-06-05,-0.046172542625212365,0.0008278134977445006,0.0007888250811998627,63801.57421875,60922.66796875,63854.41188991695,ensemble
BTC,phase0,lstm,phase0_lstm,2026-06-05,2026-06-06,-0.0009073630482773938,0.0009835690638283268,0.0008424935407142679,60922.66796875,60867.4140625,60982.61909845511,ensemble
BTC,phase0,lstm,phase0_lstm,2026-06-06,2026-06-07,0.0382314561194156,0.0010321266265236773,0.0008899977030494714,60867.4140625,63239.51953125,60930.269372981435,ensemble
BTC,phase0,lstm,phase0_lstm,2026-06-07,2026-06-08,-0.0023577871851843952,0.0009715901764138834,0.000930287877459488,63239.51953125,63090.58984375,63300.99228551399,ensemble
BTC,phase0,lstm,phase0_lstm,2026-06-08,2026-06-09,-0.023199274916972237,0.0008077231992501766,0.0009309049808965623,63090.58984375,61643.78125,63141.57016304277,ensemble
BTC,phase0,lstm,phase0_lstm,2026-06-09,2026-06-10,-0.00316008608540611,0.000656349979180959,0.0008778095982248467,61643.78125,61449.2890625,61684.25442537101,ensemble
BTC,phase0,lstm,phase0_lstm,2026-06-10,2026-06-11,0.03378866852406486,0.0005594676699729462,0.0007693728148433489,61449.2890625,63561.0546875,61483.6775718059,ensemble
BTC,phase0,lstm,phase0_lstm,2026-06-11,2026-06-12,-0.0002809578486747506,0.0004640791070414707,0.0007104957735265721,63561.0546875,63543.19921875,63590.558890614586,ensemble
BTC,phase0,lstm,phase0_lstm,2026-06-12,2026-06-13,0.01372472245570358,0.0003925414814148098,0.0007314963782132331,63543.19921875,64421.32421875,63568.147456593935,ensemble
BTC,phase0,lstm,phase0_lstm,2026-06-13,2026-06-14,0.019812484755317328,0.0003412728508919827,0.0009430842179481196,64421.32421875,65710.3984375,64443.31321963546,ensemble
BTC,phase0,lstm,phase0_lstm,2026-06-14,2026-06-15,0.0087743291428838,0.00032226400217041375,0.0012352229088038742,65710.3984375,66289.5,65731.57794599797,ensemble
BTC,phase0,lstm,phase0_lstm,2026-06-15,2026-06-16,-0.010446052081715382,0.00044709095964208246,0.0015166045241139495,66289.5,65600.640625,66319.14406247156,ensemble
BTC,phase0,lstm,phase0_lstm,2026-06-16,2026-06-17,-0.01818545153086442,0.0006695746327750385,0.0018037159061271902,65600.640625,64418.4453125,65644.57985851276,ensemble
BTC,phase0,lstm,phase0_lstm,2026-06-17,2026-06-18,-0.023909926459543353,0.0008884196053259074,0.0018985846131672702,64418.4453125,62896.47265625,64475.701352188364,ensemble
BTC,phase0,lstm,phase0_lstm,2026-06-18,2026-06-19,0.0101927013006599,0.0010491350723896176,0.0019197411450592033,62896.47265625,63540.8359375,62962.494178334695,ensemble
BTC,phase0,lstm,phase0_lstm,2026-06-19,2026-06-20,0.01093823779640829,0.0012222987905261106,0.001865769420480555,63540.8359375,64239.67578125,63618.54930922015,ensemble
BTC,phase0,lstm,phase0_lstm,2026-06-20,2026-06-21,-0.01572292530514671,0.0013810462987748906,0.0017896242819716386,64239.67578125,63237.5390625,64328.45503774335,ensemble
BTC,phase0,lstm,phase0_lstm,2026-06-21,2026-06-22,0.011236353824842346,0.0014712176227476448,0.0017222081635286718,63237.5390625,63952.10546875,63330.64371619798,ensemble
BTC,phase0,lstm,phase0_lstm,2026-06-22,2026-06-23,-0.02028318896027214,0.0015233758429531008,0.0015350475790861559,63952.10546875,62668.01953125,64049.60280501554,ensemble
BTC,phase0,lstm,phase0_lstm,2026-06-23,2026-06-24,-0.027057191162537193,0.0014063097201869822,0.0012384807062612868,62668.01953125,60995.1328125,62756.21217481267,ensemble
BTC,phase0,lstm,phase0_lstm,2026-06-24,2026-06-25,-0.021099038116469408,0.0011676789057673887,0.0009472212572101826,60995.1328125,59721.67578125,61066.397141269095,ensemble
BTC,phase0,lstm,phase0_lstm,2026-06-25,2026-06-26,0.004923319948585001,0.0009609186519810465,0.0008685201165382609,59721.67578125,60016.4296875,59779.09103471181,ensemble
BTC,phase0,lstm,phase0_lstm,2026-06-26,2026-06-27,-0.0012726617424323222,0.0008674038166645914,0.0010221515046951928,60016.4296875,59940.09765625,60068.51075206518,ensemble
BTC,phase0,lstm,phase0_lstm,2026-06-27,2026-06-28,-0.006825999440473744,0.0008985693144495599,0.0009691586826849275,59940.09765625,59532.33984375,59993.9821945797,ensemble
BTC,phase0,lstm,phase0_lstm,2026-06-28,2026-06-29,0.010128530183576383,0.0008557563334761654,0.0009114481342802976,59532.33984375,60138.37890625,59583.30682516617,ensemble
BTC,phase0,lstm,phase0_lstm,2026-06-29,2026-06-30,-0.026615830286262104,0.0008100379069219344,0.0007971540094096053,60138.37890625,58558.859375,60187.11300839516,ensemble
BTC,phase0,lstm,phase0_lstm,2026-06-30,2026-07-01,0.024374798891813786,0.0007933233020594344,0.0006286105896124267,58558.859375,60003.7578125,58605.333914914496,ensemble
BTC,phase0,lstm,phase0_lstm,2026-07-01,2026-07-02,0.024390944088390595,0.0007873639406170696,0.0005162405731132921,60003.7578125,61485.30078125,60051.02121200962,ensemble
BTC,phase0,lstm,phase0_lstm,2026-07-02,2026-07-03,0.01707535974546987,0.0007821399922249839,0.0004687871853846121,61485.30078125,62544.19921875,61533.409705429265,ensemble
BTC,phase0,lstm,phase0_lstm,2026-07-03,2026-07-04,0.00866191238397133,0.0007918938488728599,0.0005200422946705078,62544.19921875,63088.3046875,62593.74720117598,ensemble
BTC,phase0,lstm,phase0_lstm,2026-07-04,2026-07-05,0.007258275090508953,0.0007786491827573627,0.0006625449659038937,63088.3046875,63547.8828125,63137.447474398985,ensemble
BTC,phase0,lstm,phase0_lstm,2026-07-05,2026-07-06,0.007011517689840301,0.0006302642723312601,0.000794048109140418,63547.8828125,63995.015625,63587.947396930846,ensemble
BTC,phase0,lstm,phase0_lstm,2026-07-06,2026-07-07,-0.01096103180817717,0.0005055348592577502,0.0009445863760316866,63995.015625,63297.39453125,64027.375515054235,ensemble
BTC,phase0,lstm,phase0_lstm,2026-07-07,2026-07-08,-0.016563965519348627,0.0004302310262573883,0.0009907621540671658,63297.39453125,62257.57421875,63324.632893232665,ensemble
BTC,phase0,lstm,phase0_lstm,2026-07-08,2026-07-09,0.014915682336986301,0.00035651639045681806,0.0009916081386454661,62257.57421875,63193.1484375,62279.77402145069,ensemble
BTC,phase0,lstm,phase0_lstm,2026-07-09,2026-07-10,0.01467180052315595,0.00027801404357887807,0.0009712094557583898,63193.1484375,64127.140625,63210.71946260629,ensemble
BTC,phase0,lstm,phase0_lstm,2026-07-10,2026-07-11,-0.005082718606355573,0.00016292626387439668,0.0009444885969462115,64127.140625,63802.02734375,64137.58947160764,ensemble
BTC,phase0,lstm,phase0_lstm,2026-07-11,2026-07-12,-0.0006868690961942699,7.528462447226047e-07,0.0009381915318878956,63802.02734375,63758.21875,63802.075376884764,ensemble
BTC,phase0,lstm,phase0_lstm,2026-07-12,2026-07-13,-0.024114338771437895,-0.00016545318940188735,0.0009325016121609423,63758.21875,62239.12109375,63747.670621992,ensemble
BTC,phase0,lstm,phase0_lstm,2026-07-13,2026-07-14,0.04272810304426096,-0.000274658011039719,0.0008163665310546484,62239.12109375,64956.11328125,62222.028967893624,ensemble
BTC,phase0,lstm,phase0_lstm,2026-07-14,2026-07-15,-0.0037594109647903352,-0.00029015578038524834,0.0006863090415345603,64956.11328125,64712.375,64937.26862358547,ensemble
BTC,phase0,lstm,phase0_lstm,2026-07-15,2026-07-16,-0.014367279855176223,-0.00020010131411254405,0.0006562294189676156,64712.375,63789.28125,64699.42726419583,ensemble
BTC,phase0,lstm,phase0_lstm,2026-07-16,2026-07-17,0.0017257545646935989,-0.0001425448397640139,0.0006712944607393556,63789.28125,63899.4609375,63780.189065162966,ensemble
BTC,phase0,lstm,phase0_lstm,2026-07-17,2026-07-18,0.01394223164475083,-2.3906488786451517e-05,0.0006604019396193558,63899.4609375,64796.6015625,63897.93334401341,ensemble
BTC,phase0,lstm,phase0_lstm,2026-07-18,2026-07-19,-0.0016340878484766735,0.00010610465178615414,0.0006387709086049459,64796.6015625,64690.8046875,64803.47714810507,ensemble
BTC,phase0,lstm,phase0_lstm,2026-07-19,2026-07-20,0.008300835886390828,0.00020812566508539022,0.0006103757699792326,64690.8046875,65230.02734375,64704.26990543061,ensemble
BTC,phase0,lstm,phase0_lstm,2026-07-20,2026-07-21,0.019359107363714313,0.00033666889867163264,0.0005598660089873781,65230.02734375,66505.125,65251.991962410655,ensemble
BTC,phase0,lstm,phase0_lstm,2026-07-21,2026-07-22,-0.006098209978869257,0.0005070534360129386,0.0005317454678332384,66505.125,66100.796875,66538.8552029287,ensemble
BTC,phase0,lstm,phase0_lstm,2026-07-22,2026-07-23,-0.016104346952909084,0.0006937038463547651,0.0005105588182347664,66100.796875,65044.8125,66146.66716039651,ensemble
BTC,phase0,lstm,phase0_lstm,2026-07-23,2026-07-24,-0.014655553654227636,0.0008394615113502368,0.00047060009543710874,65044.8125,64098.49609375,65099.43804141866,ensemble
BTC,phase0,lstm,phase0_lstm,2026-07-24,2026-07-25,0.0033224217714330475,0.0009695939486846327,0.0004563555888515653,64098.49609375,64311.8125,64160.67574731888,ensemble
BTC,phase0,lstm,phase0_lstm,2026-07-25,2026-07-26,0.015865685940396487,0.0010088727227412163,0.00044262473307162827,64311.8125,65340.30078125,64376.72767344917,ensemble
BTC,phase0,lstm,phase0_lstm,2026-07-26,2026-07-27,-0.02503365298859531,0.0010233134031295775,0.0004221033251150179,65340.30078125,63724.8984375,65407.19860968843,ensemble
BTC,phase0,lstm,phase0_lstm,2026-07-27,2026-07-28,0.0022957554728576246,0.0010380855528637767,0.00039115796654127345,63724.8984375,63871.36328125,63791.084681473876,ensemble
BTC,phase0,lstm,phase0_lstm,2026-07-28,2026-07-29,0.0005760654802496461,0.0011184635455720126,0.00038268448793343427,63871.36328125,63908.16796875,63942.8410378673,ensemble
BTC,phase0,lstm,phase0_lstm,2026-07-29,2026-07-30,0.01270511594195683,0.0012674913741648197,0.00038137569275643803,63908.16796875,64725.30859375,63989.22237741959,ensemble
BTC,phase0,lstm,phase0_lstm,2026-07-30,2026-07-31,-0.02997835702863742,0.0014001025818288326,0.0003991731549656814,64725.30859375,62813.74609375,64815.99413513795,ensemble
BTC,phase0,lstm,phase0_lstm,2026-07-31,2026-08-01,-0.0008031049841085494,0.0014393612975254655,0.00042102579101887177,62813.74609375,62763.3203125,62904.22286759272,ensemble
BTC,phase0,lstm,phase0_lstm,2026-08-01,2026-08-02,0.011385569767075112,0.00134908901527524,0.00037361465925961324,62763.3203125,63482.0,62848.05076010278,ensemble
BTC,phase0,lstm,phase0_lstm,2026-08-02,2026-08-03,-0.0003324575530272348,0.0012027180870063602,0.00036181390374460194,63482.0,63460.8984375,63558.39688234622,ensemble
BTC,phase0,lstm,phase0_lstm,2026-08-03,2026-08-04,0.00933302539348361,0.0010970091796480119,0.0003459099114487134,63460.8984375,64055.953125,63530.553824948925,ensemble
BTC,phase0,lstm,phase0_lstm,2026-08-04,2026-08-05,0.008418741360802475,0.0010694662458263337,0.00033035001319465704,64055.953125,64597.5,64124.49545002995,ensemble
BTC,phase0,lstm,phase0_lstm,2026-08-05,2026-08-06,-0.005205470783879128,0.0011136879678815604,0.0002904715052806558,64597.5,64262.11328125,64669.48153354924,ensemble
BTC,phase0,lstm,phase0_lstm,2026-08-06,2026-08-07,0.00957212039536744,0.001104184438008815,0.0003153149030225724,64262.11328125,64880.19140625,64333.109696043524,ensemble
BTC,phase0,lstm,phase0_lstm,2026-08-07,2026-08-08,0.00037748764335751974,0.0010837727109901606,0.0003586909936336303,64880.19140625,64904.6875,64950.54490389412,ensemble
BTC,phase0,lstm,phase0_lstm,2026-08-08,2026-08-09,-0.0009217877722439945,0.0010264946264214813,0.0003936323960955297,64904.6875,64844.88671875,64971.34601940118,ensemble
BTC,phase0,lstm,phase0_lstm,2026-08-09,2026-08-10,-0.014513048045569134,0.0009528880764264613,0.0004204613528781745,64844.88671875,63910.5859375,64906.70608691328,ensemble
BTC,phase0,lstm,phase0_lstm,2026-08-10,2026-08-11,-0.00562851025881392,0.0008926454058382661,0.0004337694627750431,63910.5859375,63551.875,63967.66089848254,ensemble
BTC,phase0,lstm,phase0_lstm,2026-08-11,2026-08-12,-0.0023542560615523694,0.0008849851554259657,0.0004150908189251532,63551.875,63402.43359375,63608.14236019136,ensemble
BTC,phase0,lstm,phase0_lstm,2026-08-12,2026-08-13,-4.127906065128786e-06,0.00092174033052288,0.00038751665844635513,63402.43359375,63402.171875,63460.9011156436,ensemble
BTC,phase0,lstm,phase0_lstm,2026-08-13,2026-08-14,-0.006750867021094253,0.0009162280824966728,0.00041844596501793534,63402.171875,62975.59375,63460.289345726866,ensemble
BTC,phase0,lstm,phase0_lstm,2026-08-14,2026-08-15,0.0007734380660748331,0.0008958070393418893,0.0004615479040673306,62975.59375,63024.3203125,63032.033005755045,ensemble
BTC,phase0,lstm,phase0_lstm,2026-08-15,2026-08-16,-0.0032686473868631834,0.0008433444047113881,0.00048372332065385864,63024.3203125,62818.65234375,63077.49393908496,ensemble
BTC,phase0,lstm,phase0_lstm,2026-08-16,2026-08-17,0.026510137670231988,0.0007253922133827473,0.0004964587852746028,62818.65234375,64506.25390625,62864.237036407045,ensemble
BTC,phase0,lstm,phase0_lstm,2026-08-17,2026-08-18,0.002700847372800676,0.0006546535136294551,0.000514639276457922,64506.25390625,64680.7109375,64548.496977799725,ensemble
BTC,phase0,lstm,phase0_lstm,2026-08-18,2026-08-19,0.0684938460027011,0.0006282026137341745,0.0005203469212805195,64680.7109375,69266.1875,64721.356294592224,ensemble
BTC,phase0,lstm,phase0_lstm,2026-08-19,2026-08-20,0.05295120538976306,0.0007109140118700452,0.0005555457248060943,69266.1875,73032.7578125,69315.44731091282,ensemble
BTC,phase0,lstm,phase0_lstm,2026-08-20,2026-08-21,0.07008881775516321,0.0008117441873764619,0.0006457492687204899,73032.7578125,78335.1875,73092.06579734171,ensemble
BTC,phase0,lstm,phase0_lstm,2026-08-21,2026-08-22,-0.016108760387506423,0.0009224014094797895,0.0007509383036530929,78335.1875,77083.4140625,78407.47732235338,ensemble
BTC,phase0,lstm,phase0_lstm,2026-08-22,2026-08-23,0.008678138825315892,0.0008998103730846196,0.0008107744779797438,77083.4140625,77755.265625,77152.80573305672,ensemble
BTC,phase0,lstm,phase0_lstm,2026-08-23,2026-08-24,0.0154319126625293,0.0008473921334370971,0.00090623542179142,77755.265625,78964.484375,77821.18275030621,ensemble
BTC,phase0,lstm,phase0_lstm,2026-08-24,2026-08-25,-0.005072177186830813,0.0007180853514000774,0.0009175006077839183,78964.484375,78564.9765625,79021.2079782674,ensemble
BTC,phase0,lstm,phase0_lstm,2026-08-25,2026-08-26,0.005868895257053803,0.0009301548547227867,0.0005992988195578841,78564.9765625,79027.421875,78638.08815414047,ensemble
BTC,phase0,lstm,phase0_lstm,2026-08-26,2026-08-27,0.015445797722405792,0.0013071538007352502,0.0009741648996887883,79027.421875,80257.5390625,79130.79041443742,ensemble
BTC,phase0,lstm,phase0_lstm,2026-08-27,2026-08-28,-0.030710027313092664,0.0016656911873724311,0.001425348564349106,80257.5390625,77830.2890625,80391.33473824064,ensemble
BTC,phase0,lstm,phase0_lstm,2026-08-28,2026-08-29,0.005324638622765287,0.002028762311965693,0.0014308689078861587,77830.2890625,78245.8125,77988.3484979795,ensemble
BTC,phase0,lstm,phase0_lstm,2026-08-29,2026-08-30,-0.007417513856522034,0.002289284882135689,0.001206348498172804,78245.8125,77667.5703125,78425.14464851421,ensemble
BTC,phase0,lstm,phase0_lstm,2026-08-30,2026-08-31,0.01128015948027171,0.0024617078714072706,0.0009621923172643048,77667.5703125,78548.6328125,77859.00070787448,ensemble
BTC,phase0,xgb,phase0_xgb,2025-10-31,2025-11-01,0.004624825172493095,-0.003671513043809682,0.0017223111686996287,109556.1640625,110064.015625,109154.66468323661,ensemble
BTC,phase0,xgb,phase0_xgb,2025-11-01,2025-11-02,0.005216141233319792,0.0012653461191803217,0.0014992320033404827,110064.015625,110639.625,110203.37284900004,ensemble
BTC,phase0,xgb,phase0_xgb,2025-11-02,2025-11-03,-0.03768718290100999,-0.009643444325774908,0.002988731184068028,110639.625,106547.5234375,109577.80596121268,ensemble
BTC,phase0,xgb,phase0_xgb,2025-11-03,2025-11-04,-0.04764085753760775,-0.0011996750719845295,0.0029722917436445233,106547.5234375,101590.5234375,106419.77767167693,ensemble
BTC,phase0,xgb,phase0_xgb,2025-11-04,2025-11-05,0.022400061321748738,0.008329075574874879,0.003324594669144651,101590.5234375,103891.8359375,102440.21223385053,ensemble
BTC,phase0,xgb,phase0_xgb,2025-11-05,2025-11-06,-0.025251182491850755,0.0043750957818701865,0.002342645242769938,103891.8359375,101301.2890625,104347.3684432234,ensemble
BTC,phase0,xgb,phase0_xgb,2025-11-06,2025-11-07,0.02023892596873405,0.017460116371512412,0.0026507428329447602,101301.2890625,103372.40625,103085.55275563117,ensemble
BTC,phase0,xgb,phase0_xgb,2025-11-07,2025-11-08,-0.010603212214200236,-0.0044680492021143435,0.0015336420119132432,103372.40625,102282.1171875,102911.56355332343,ensemble
BTC,phase0,xgb,phase0_xgb,2025-11-08,2025-11-09,0.023551839699680072,0.009538002125918866,0.0009996478090114776,102282.1171875,104719.640625,103262.35154610935,ensemble
BTC,phase0,xgb,phase0_xgb,2025-11-09,2025-11-10,0.01212026933646231,-0.0010161945057916455,0.004150819453153179,104719.640625,105996.59375,104613.27915267316,ensemble
BTC,phase0,xgb,phase0_xgb,2025-11-10,2025-11-11,-0.028702546476841843,0.002527344855479896,0.004130165299934498,105996.59375,102997.46875,106264.82250642098,ensemble
BTC,phase0,xgb,phase0_xgb,2025-11-11,2025-11-12,-0.013039146642676998,0.0027609044685959817,0.0036555186929537915,102997.46875,101663.1875,103282.2278371605,ensemble
BTC,phase0,xgb,phase0_xgb,2025-11-12,2025-11-13,-0.019524742976585432,-0.0016154522192664445,0.0007728495900323761,101663.1875,99697.4921875,101499.08806122403,ensemble
BTC,phase0,xgb,phase0_xgb,2025-11-13,2025-11-14,-0.05462287113659148,0.007693663146346808,0.0019079256575987682,99697.4921875,94397.7890625,100467.48936019666,ensemble
BTC,phase0,xgb,phase0_xgb,2025-11-14,2025-11-15,0.01212310649874722,0.0029611053643748162,0.0038251549938461177,94397.7890625,95549.1484375,94677.72511761202,ensemble
BTC,phase0,xgb,phase0_xgb,2025-11-15,2025-11-16,-0.014463938461922525,0.0019427600782364607,0.0028672879112124,95549.1484375,94177.078125,95734.95794179544,ensemble
BTC,phase0,xgb,phase0_xgb,2025-11-16,2025-11-17,-0.02236838271634354,0.006006077211350202,0.002542192175421548,94177.078125,92093.875,94744.4149567071,ensemble
BTC,phase0,xgb,phase0_xgb,2025-11-17,2025-11-18,0.009241173563305538,0.02468535602092743,0.0026164870886556833,92093.875,92948.875,94395.53688474605,ensemble
BTC,phase0,xgb,phase0_xgb,2025-11-18,2025-11-19,-0.016082377699808928,0.022952400520443915,0.0017149608810953,92948.875,91465.9921875,95106.9465271559,ensemble
BTC,phase0,xgb,phase0_xgb,2025-11-19,2025-11-20,-0.05429914313161118,0.009479916468262673,0.0016538293234559685,91465.9921875,86631.8984375,92337.20514157631,ensemble
BTC,phase0,xgb,phase0_xgb,2025-11-20,2025-11-21,-0.017950490472289502,0.011394436098635196,0.002035485528373139,86631.8984375,85090.6875,87624.66533669653,ensemble
BTC,phase0,xgb,phase0_xgb,2025-11-21,2025-11-22,-0.00521187239368071,0.007746445666998625,0.0006833104748445967,85090.6875,84648.359375,85752.39752892348,ensemble
BTC,phase0,xgb,phase0_xgb,2025-11-22,2025-11-23,0.025158586579000386,0.01588075775653124,0.002632313488033682,84648.359375,86805.0078125,86003.37028722961,ensemble
BTC,phase0,xgb,phase0_xgb,2025-11-23,2025-11-24,0.016742357810839485,0.017283202148973942,0.003438947267487452,86805.0078125,88270.5625,88318.31604640563,ensemble
BTC,phase0,xgb,phase0_xgb,2025-11-24,2025-11-25,-0.01057647695675446,0.006526278844103217,0.003188308890400332,88270.5625,87341.890625,88848.5247245258,ensemble
BTC,phase0,xgb,phase0_xgb,2025-11-25,2025-11-26,0.0357225879133364,0.00747170364484191,0.00239883171594764,87341.890625,90518.3671875,87996.9274205798,ensemble
BTC,phase0,xgb,phase0_xgb,2025-11-26,2025-11-27,0.008437806108495432,-0.015497494488954544,0.001984556537083699,90518.3671875,91285.375,89126.37335896165,ensemble
BTC,phase0,xgb,phase0_xgb,2025-11-27,2025-11-28,-0.004018666774419681,0.004678631713613868,0.001525692701201958,91285.375,90919.265625,91713.46631035946,ensemble
BTC,phase0,xgb,phase0_xgb,2025-11-28,2025-11-29,-0.00074277862694653,-0.0012870559323346243,0.0026032868883326993,90919.265625,90851.7578125,90802.3227169887,ensemble
BTC,phase0,xgb,phase0_xgb,2025-11-29,2025-11-30,-0.005047792573132774,-0.004584359377622605,0.0017115506483374675,90851.7578125,90394.3125,90436.21393360551,ensemble
BTC,phase0,xgb,phase0_xgb,2025-11-30,2025-12-01,-0.04610183805407602,-0.008652579877525568,0.002558503229644711,90394.3125,86321.5703125,89615.54253397223,ensemble
BTC,phase0,xgb,phase0_xgb,2025-12-01,2025-12-02,0.05662099387030378,-0.0029079094223561698,0.0025347850033264853,86321.5703125,91350.203125,86070.91961622027,ensemble
BTC,phase0,xgb,phase0_xgb,2025-12-02,2025-12-03,0.023558262011831657,-0.001354255955084227,0.0016504252150932803,91350.203125,93527.8046875,91226.57529917403,ensemble
BTC,phase0,xgb,phase0_xgb,2025-12-03,2025-12-04,-0.014931972865932171,0.0062646657228469845,0.00166284684249749,93527.8046875,92141.625,94115.56425600174,ensemble
BTC,phase0,xgb,phase0_xgb,2025-12-04,2025-12-05,-0.030343059975675362,0.009837137162685394,0.0020861278660918667,92141.625,89387.7578125,93052.50769709049,ensemble
BTC,phase0,xgb,phase0_xgb,2025-12-05,2025-12-06,-0.0012916460625568118,0.0045663985889405016,0.0010927899602945217,89387.7578125,89272.375,89796.87132041366,ensemble
BTC,phase0,xgb,phase0_xgb,2025-12-06,2025-12-07,0.012614572226014349,8.550772909075022e-05,0.0031410967318481636,89272.375,90405.640625,89280.00880442679,ensemble
BTC,phase0,xgb,phase0_xgb,2025-12-07,2025-12-08,0.002591195979813834,-0.0034329417801927777,0.00234943896496521,90405.640625,90640.203125,90095.81543433055,ensemble
BTC,phase0,xgb,phase0_xgb,2025-12-08,2025-12-09,0.022381192698197744,0.0048972444608807566,0.0013090437417976452,90640.203125,92691.7109375,91085.1790462987,ensemble
BTC,phase0,xgb,phase0_xgb,2025-12-09,2025-12-10,-0.007262832846635849,0.004615697124972939,0.002356641663753551,92691.7109375,92020.9453125,93120.53670478164,ensemble
BTC,phase0,xgb,phase0_xgb,2025-12-10,2025-12-11,0.0053149701081481185,0.0067231057211756705,0.0022774661234651844,92020.9453125,92511.3359375,92641.6962051697,ensemble
BTC,phase0,xgb,phase0_xgb,2025-12-11,2025-12-12,-0.024521421452147512,-0.0035087614320218562,0.0012090266516034016,92511.3359375,90270.4140625,92187.30453681856,ensemble
BTC,phase0,xgb,phase0_xgb,2025-12-12,2025-12-13,0.0003134187556330964,-0.005037285294383765,0.0011567449457002767,90270.4140625,90298.7109375,89816.83958434142,ensemble
BTC,phase0,xgb,phase0_xgb,2025-12-13,2025-12-14,-0.02379767101791624,-0.0009160647794487886,0.0014139908373709492,90298.7109375,88175.1796875,90216.02934540976,ensemble
BTC,phase0,xgb,phase0_xgb,2025-12-14,2025-12-15,-0.020108914713088392,-0.004874811344780028,0.0030857775920302404,88175.1796875,86419.78125,87746.38830891167,ensemble
BTC,phase0,xgb,phase0_xgb,2025-12-15,2025-12-16,0.016345736935078115,0.003991755918832496,0.002778658222135966,86419.78125,87843.984375,86765.43735172699,ensemble
BTC,phase0,xgb,phase0_xgb,2025-12-16,2025-12-17,-0.019544833040854463,0.014361296594142915,0.0017202282113346244,87843.984375,86143.7578125,89114.64018209098,ensemble
BTC,phase0,xgb,phase0_xgb,2025-12-17,2025-12-18,-0.007939728497768105,0.004966397350654006,0.001969866582548018,86143.7578125,85462.5078125,86572.64607629651,ensemble
BTC,phase0,xgb,phase0_xgb,2025-12-18,2025-12-19,0.030433154968407768,0.002783893467858434,0.003343462322513439,85462.5078125,88103.3828125,85700.75780717694,ensemble
BTC,phase0,xgb,phase0_xgb,2025-12-19,2025-12-20,0.002727355122150639,0.0009201971153743216,0.0015277338682295628,88103.3828125,88344.0,88184.49260399347,ensemble
BTC,phase0,xgb,phase0_xgb,2025-12-20,2025-12-21,0.0031390280669266876,0.004444966651499271,0.0019960543707929716,88344.0,88621.75,88737.5601667807,ensemble
BTC,phase0,xgb,phase0_xgb,2025-12-21,2025-12-22,-0.0014875849588890807,0.00268377223983407,0.0011300116117443422,88621.75,88490.015625,88859.9100331901,ensemble
BTC,phase0,xgb,phase0_xgb,2025-12-22,2025-12-23,-0.012234274952953525,0.005398811702616513,0.002536296324850093,88490.015625,87414.0,88969.04849752296,ensemble
BTC,phase0,xgb,phase0_xgb,2025-12-23,2025-12-24,0.002262076104062497,0.005709332320839167,0.001566263985085606,87414.0,87611.9609375,87914.50298487591,ensemble
BTC,phase0,xgb,phase0_xgb,2025-12-24,2025-12-25,-0.0043148578556266,-0.010176136903464795,0.0012290568448535897,87611.9609375,87234.7421875,86724.93055452424,ensemble
BTC,phase0,xgb,phase0_xgb,2025-12-25,2025-12-26,0.0007641682813230021,-0.005259900167584419,0.002683439950046155,87234.7421875,87301.4296875,86777.10078161529,ensemble
BTC,phase0,xgb,phase0_xgb,2025-12-26,2025-12-27,0.00571921956587603,0.002055091524380259,0.0011291338886090995,87301.4296875,87802.15625,87481.02659655071,ensemble
BTC,phase0,xgb,phase0_xgb,2025-12-27,2025-12-28,0.0003835125589097617,0.004403543751686811,0.0011441148801608373,87802.15625,87835.8359375,88189.64943196658,ensemble
BTC,phase0,xgb,phase0_xgb,2025-12-28,2025-12-29,-0.007974888882579774,0.004111004434525967,0.0013291613043831581,87835.8359375,87138.140625,88197.67269520971,ensemble
BTC,phase0,xgb,phase0_xgb,2025-12-29,2025-12-30,0.01471809780879094,-0.012873814254999161,0.0009507614974968666,87138.140625,88430.1328125,86023.53042453779,ensemble
BTC,phase0,xgb,phase0_xgb,2025-12-30,2025-12-31,-0.010473099349299821,0.012891667522490024,0.0020765713359310522,88430.1328125,87508.828125,89577.5246901264,ensemble
BTC,phase0,xgb,phase0_xgb,2025-12-31,2026-01-01,0.013880733660550057,0.001997763550025411,0.002000917964983243,87508.828125,88731.984375,87683.82481493599,ensemble
BTC,phase0,xgb,phase0_xgb,2026-01-01,2026-01-02,0.013574570130194884,0.005033279699273407,0.002485974898648922,88731.984375,89944.6953125,89179.7231225581,ensemble
BTC,phase0,xgb,phase0_xgb,2026-01-02,2026-01-03,0.007294409627148249,0.0012559388676891103,0.001087152523219062,89944.6953125,90603.1875,90057.73131958437,ensemble
BTC,phase0,xgb,phase0_xgb,2026-01-03,2026-01-04,0.008903689947606831,0.004063836438581348,0.0018551471496107736,90603.1875,91413.4921875,90972.13319453859,ensemble
BTC,phase0,xgb,phase0_xgb,2026-01-04,2026-01-05,0.02665149838136465,0.004426337406039238,0.0017425590769438698,91413.4921875,93882.5546875,91819.01597784674,ensemble
BTC,phase0,xgb,phase0_xgb,2026-01-05,2026-01-06,-0.00163660971149983,0.0008334600104717537,0.0018630980303761299,93882.5546875,93729.03125,93960.83465959466,ensemble
BTC,phase0,xgb,phase0_xgb,2026-01-06,2026-01-07,-0.026168967250151644,0.009203092567622662,0.0019950149795738606,93729.03125,91308.0546875,94595.60968527794,ensemble
BTC,phase0,xgb,phase0_xgb,2026-01-07,2026-01-08,-0.003081466892755565,-0.007420019526034593,0.0021457186929089334,91308.0546875,91027.125,90633.05449308269,ensemble
BTC,phase0,xgb,phase0_xgb,2026-01-08,2026-01-09,-0.005662930149506993,0.00020893060327580314,0.0008172224452538454,91027.125,90513.1015625,91046.14533903699,ensemble
BTC,phase0,xgb,phase0_xgb,2026-01-09,2026-01-10,-0.0013980466595052143,-0.0029710565228015184,0.0010822297065802807,90513.1015625,90386.6484375,90244.58111394192,ensemble
BTC,phase0,xgb,phase0_xgb,2026-01-10,2026-01-11,0.004865110901100388,-0.012064827606081963,0.00131641834973316,90386.6484375,90827.4609375,89302.70107350587,ensemble
BTC,phase0,xgb,phase0_xgb,2026-01-11,2026-01-12,0.004016380962680633,-0.008994450978934764,0.003122591836941221,90827.4609375,91192.9921875,90014.18077967878,ensemble
BTC,phase0,xgb,phase0_xgb,2026-01-12,2026-01-13,0.044280285031478225,0.0035200673155486584,0.003785840607328745,91192.9921875,95321.78125,91514.56330264681,ensemble
BTC,phase0,xgb,phase0_xgb,2026-01-13,2026-01-14,0.016723797821879046,0.01763017289340496,0.001539048067060349,95321.78125,96929.328125,97017.22227822975,ensemble
BTC,phase0,xgb,phase0_xgb,2026-01-14,2026-01-15,-0.014320038274756287,-0.007287139073014259,0.0023224604084570747,96929.328125,95551.1875,96225.5579804792,ensemble
BTC,phase0,xgb,phase0_xgb,2026-01-15,2026-01-16,-0.00027287855188963723,0.0013025805470533668,0.003137511758183346,95551.1875,95525.1171875,95675.73171491145,ensemble
BTC,phase0,xgb,phase0_xgb,2026-01-16,2026-01-17,-0.004461072057980408,0.0010794180387165397,0.001402040962823204,95525.1171875,95099.921875,95628.28439239664,ensemble
BTC,phase0,xgb,phase0_xgb,2026-01-17,2026-01-18,-0.015529993658124637,0.004499464668333531,0.001486123887979558,95099.921875,93634.4296875,95528.78471650567,ensemble
BTC,phase0,xgb,phase0_xgb,2026-01-18,2026-01-19,-0.011610285761608208,0.008781980630010367,0.0036423623110594674,93634.4296875,92553.59375,94460.3467209066,ensemble
BTC,phase0,xgb,phase0_xgb,2026-01-19,2026-01-20,-0.046924255054821146,0.005834925454109907,0.0014993546142682919,92553.59375,88310.90625,93095.21569519158,ensemble
BTC,phase0,xgb,phase0_xgb,2026-01-20,2026-01-21,0.011999327760148781,-0.002203265018761158,0.0009859057325071598,88310.90625,89376.9609375,88116.54810935444,ensemble
BTC,phase0,xgb,phase0_xgb,2026-01-21,2026-01-22,0.0009560777691027553,-0.0015543980989605188,0.003274077689203169,89376.9609375,89462.453125,89238.1414776309,ensemble
BTC,phase0,xgb,phase0_xgb,2026-01-22,2026-01-23,0.00046290133092210693,-0.005447843996807933,0.0029425741693035906,89462.453125,89503.875,88976.40080753165,ensemble
BTC,phase0,xgb,phase0_xgb,2026-01-23,2026-01-24,-0.004402117623558332,-0.006300209928303957,0.001501380286186721,89503.875,89110.734375,88941.75439634392,ensemble
BTC,phase0,xgb,phase0_xgb,2026-01-24,2026-01-25,-0.028900838361794738,-0.002875221241265535,0.0026228707478466186,89110.734375,86572.21875,88854.88928057894,ensemble
BTC,phase0,xgb,phase0_xgb,2026-01-25,2026-01-26,0.01938894055131375,0.006860054843127727,0.006089354680605543,86572.21875,88267.140625,87168.1506441928,ensemble
BTC,phase0,xgb,phase0_xgb,2026-01-26,2026-01-27,0.00942027656458104,0.002397410824050894,0.0023195826107321304,88267.140625,89102.5703125,88479.00708734085,ensemble
BTC,phase0,xgb,phase0_xgb,2026-01-27,2026-01-28,0.0009198645005418251,-0.001295055472292006,0.0037704239758918207,89102.5703125,89184.5703125,88987.25222899638,ensemble
BTC,phase0,xgb,phase0_xgb,2026-01-28,2026-01-29,-0.053227949504083015,-0.012037896551191807,0.0024260947531620355,89184.5703125,84561.5859375,88117.4117402466,ensemble
BTC,phase0,xgb,phase0_xgb,2026-01-29,2026-01-30,-0.005132847429550004,0.010871338285505771,0.0021779634584154395,84561.5859375,84128.65625,85485.89869915812,ensemble
BTC,phase0,xgb,phase0_xgb,2026-01-30,2026-01-31,-0.06770691927198588,-0.0059375672601163386,0.00251422494508886,84128.65625,78621.1171875,83630.6167297727,ensemble
BTC,phase0,xgb,phase0_xgb,2026-01-31,2026-02-01,-0.021166842147211495,0.012032090686261654,0.002226669949858215,78621.1171875,76974.4453125,79572.80753019058,ensemble
BTC,phase0,xgb,phase0_xgb,2026-02-01,2026-02-02,0.022026908157821636,0.010360024916008116,0.004947967142745901,76974.4453125,78688.765625,77776.04762413441,ensemble
BTC,phase0,xgb,phase0_xgb,2026-02-02,2026-02-03,-0.03960046937497693,0.011306067183613776,0.004703895434557616,78688.765625,75633.546875,79583.47438376745,ensemble
BTC,phase0,xgb,phase0_xgb,2026-02-03,2026-02-04,-0.035170615941758965,0.01877260413020849,0.004388754528135809,75633.546875,73019.703125,77066.79633099081,ensemble
BTC,phase0,xgb,phase0_xgb,2026-02-04,2026-02-05,-0.1523344080304475,0.009203141182661056,0.0031423160023478455,73019.703125,62702.09765625,73694.81557453034,ensemble
BTC,phase0,xgb,phase0_xgb,2026-02-05,2026-02-06,0.118003181433477,0.011383834667503834,0.004202034889181931,62702.09765625,70555.390625,63419.96626558805,ensemble
BTC,phase0,xgb,phase0_xgb,2026-02-06,2026-02-07,-0.018213402812750957,0.002347567363176495,0.0072528520430398934,70555.390625,69281.96875,70721.21872749052,ensemble
BTC,phase0,xgb,phase0_xgb,2026-02-07,2026-02-08,0.01408523588474713,0.021368389949202538,0.004676435727304184,69281.96875,70264.7265625,70778.34349661185,ensemble
BTC,phase0,xgb,phase0_xgb,2026-02-08,2026-02-09,-0.0020507154219692207,0.0023480576928704977,0.002292704817787591,70264.7265625,70120.78125,70429.90604382707,ensemble
BTC,phase0,xgb,phase0_xgb,2026-02-09,2026-02-10,-0.01910323758989731,0.005306329205632209,0.0029997667506290898,70120.78125,68793.9609375,70493.85414788748,ensemble
BTC,phase0,xgb,phase0_xgb,2026-02-10,2026-02-11,-0.026543221212374526,0.005984032771084458,0.004820112640983056,68793.9609375,66991.96875,69206.86042411861,ensemble
BTC,phase0,xgb,phase0_xgb,2026-02-11,2026-02-12,-0.01156236827483507,-0.0037854739115573467,0.0022947924439561986,66991.96875,66221.84375,66738.85178610453,ensemble
BTC,phase0,xgb,phase0_xgb,2026-02-12,2026-02-13,0.03903376935715579,-0.006474825670011342,0.003742229287845305,66221.84375,68857.84375,65794.453986412,ensemble
BTC,phase0,xgb,phase0_xgb,2026-02-13,2026-02-14,0.013125933067848304,-0.00037849770742468534,0.0036161269967842735,68857.84375,69767.625,68831.78614568526,ensemble
BTC,phase0,xgb,phase0_xgb,2026-02-14,2026-02-15,-0.014138040068878806,0.009781394992023707,0.004617866541037542,69767.625,68788.1875,70453.39813911197,ensemble
BTC,phase0,xgb,phase0_xgb,2026-02-15,2026-02-16,0.0007987824782500607,0.006753732543438673,0.0020753427893694183,68788.1875,68843.15625,69254.33687274982,ensemble
BTC,phase0,xgb,phase0_xgb,2026-02-16,2026-02-17,-0.019788873300286218,0.0012538542086986126,0.0024631862040340544,68843.15625,67494.21875,68929.52966972608,ensemble
BTC,phase0,xgb,phase0_xgb,2026-02-17,2026-02-18,-0.015963632260214883,-1.88493500900222e-05,0.0012818374008908672,67494.21875,66425.3203125,67492.94653983193,ensemble
BTC,phase0,xgb,phase0_xgb,2026-02-18,2026-02-19,0.007980125994704771,0.012660801503807306,0.005038644206096669,66425.3203125,66957.5234375,67271.6645002579,ensemble
BTC,phase0,xgb,phase0_xgb,2026-02-19,2026-02-20,0.015528995656632263,0.006068391911685467,0.0027607040169767686,66957.5234375,68005.421875,67365.08329692036,ensemble
BTC,phase0,xgb,phase0_xgb,2026-02-20,2026-02-21,-2.4354972344490844e-05,0.004362468793988228,0.0017340840810918404,68005.421875,68003.765625,68302.74145792563,ensemble
BTC,phase0,xgb,phase0_xgb,2026-02-21,2026-02-22,-0.005076923598302017,-0.001259687729179859,0.001574226871631714,68003.765625,67659.390625,67918.15604789159,ensemble
BTC,phase0,xgb,phase0_xgb,2026-02-22,2026-02-23,-0.04601267313564273,-0.011604938842356204,0.00184391467851704,67659.390625,64616.73828125,66878.74596253323,ensemble
BTC,phase0,xgb,phase0_xgb,2026-02-23,2026-02-24,-0.00834051043874472,-0.007144904974848032,0.0026515417665485767,64616.73828125,64080.04296875,64156.703236835885,ensemble
BTC,phase0,xgb,phase0_xgb,2026-02-24,2026-02-25,0.05878816281087323,0.004216192569583654,0.0014686072982890246,64080.04296875,67960.125,64350.78712345156,ensemble
BTC,phase0,xgb,phase0_xgb,2026-02-25,2026-02-26,-0.007478610812400483,0.03679669797420502,0.00413484032336312,67960.125,67453.7734375,70507.41165097173,ensemble
BTC,phase0,xgb,phase0_xgb,2026-02-26,2026-02-27,-0.023580345399758597,-0.003718997281976044,0.001664141037207791,67453.7734375,65881.796875,67203.37893426462,ensemble
BTC,phase0,xgb,phase0_xgb,2026-02-27,2026-02-28,0.016768637200983844,-0.009874367527663708,0.0023946842737219403,65881.796875,66995.859375,65234.45709452345,ensemble
BTC,phase0,xgb,phase0_xgb,2026-02-28,2026-03-01,-0.018952127255243773,-0.007619924191385507,0.0038509489128625593,66995.859375,65738.1015625,66487.29607306332,ensemble
BTC,phase0,xgb,phase0_xgb,2026-03-01,2026-03-02,0.04517399874225875,0.005339520424604416,0.0020355718035039937,65738.1015625,68775.8515625,66090.05028096789,ensemble
BTC,phase0,xgb,phase0_xgb,2026-03-02,2026-03-03,-0.007035921401254354,0.01043038722127676,0.0019597704077774897,68775.8515625,68293.6484375,69496.96453186324,ensemble
BTC,phase0,xgb,phase0_xgb,2026-03-03,2026-03-04,0.06267011054362281,-0.007262925058603287,0.0028120122859495666,68293.6484375,72710.578125,67799.43368177378,ensemble
BTC,phase0,xgb,phase0_xgb,2026-03-04,2026-03-05,-0.026047184090688055,0.00026852109003812076,0.0036086053741574095,72710.578125,70841.125,72730.10507027642,ensemble
BTC,phase0,xgb,phase0_xgb,2026-03-05,2026-03-06,-0.03892676222985379,-0.002975865514599718,0.005160410703030669,70841.125,68136.4921875,70630.62470472707,ensemble
BTC,phase0,xgb,phase0_xgb,2026-03-06,2026-03-07,-0.012760002816373808,0.001745982374995947,0.002347765974580392,68136.4921875,67272.59375,68255.56121791965,ensemble
BTC,phase0,xgb,phase0_xgb,2026-03-07,2026-03-08,-0.019556151272463178,-0.008899964950978756,0.00349597886100074,67272.59375,65969.78125,66676.52644702078,ensemble
BTC,phase0,xgb,phase0_xgb,2026-03-08,2026-03-09,0.036210883133673905,-0.01571373138576746,0.0054922647687693175,65969.78125,68402.3828125,64941.252007709874,ensemble
BTC,phase0,xgb,phase0_xgb,2026-03-09,2026-03-10,0.022043063053682945,0.0008908017363864929,0.001200799143390147,68402.3828125,69926.921875,68463.3429215367,ensemble
BTC,phase0,xgb,phase0_xgb,2026-03-10,2026-03-11,0.003967140831024369,-0.00046915444545447826,0.004770556344829507,69926.921875,70204.8828125,69894.12304320587,ensemble
BTC,phase0,xgb,phase0_xgb,2026-03-11,2026-03-12,0.004102088510358853,-0.0020651175058446825,0.0036374965521864078,70204.8828125,70493.4609375,70060.05107875462,ensemble
BTC,phase0,xgb,phase0_xgb,2026-03-12,2026-03-13,0.006712861238543366,-0.007023443281650543,0.0016729368312986424,70493.4609375,70968.265625,70000.08872686538,ensemble
BTC,phase0,xgb,phase0_xgb,2026-03-13,2026-03-14,0.0034653905327112298,0.001659297956211958,0.0019280121882399423,70968.265625,71214.625,71086.12087455422,ensemble
BTC,phase0,xgb,phase0_xgb,2026-03-14,2026-03-15,0.021879197879022205,-0.010409248061478138,0.0018598878967618984,71214.625,72789.9140625,70477.17909013398,ensemble
BTC,phase0,xgb,phase0_xgb,2026-03-15,2026-03-16,0.028056806108927662,-0.002323001774493605,0.003245522430319652,72789.9140625,74861.0859375,72621.01921043922,ensemble
BTC,phase0,xgb,phase0_xgb,2026-03-16,2026-03-17,-0.012617278563279094,-0.00611638892441988,0.0021543097117612637,74861.0859375,73922.4765625,74404.60385466977,ensemble
BTC,phase0,xgb,phase0_xgb,2026-03-17,2026-03-18,-0.03688417423341742,0.008911471907049417,0.002443933918209084,73922.4765625,71245.578125,74584.17862631605,ensemble
BTC,phase0,xgb,phase0_xgb,2026-03-18,2026-03-19,-0.01888416104762736,-0.010061627812683582,0.0008722557212910416,71245.578125,69912.7890625,70532.32589110827,ensemble
BTC,phase0,xgb,phase0_xgb,2026-03-19,2026-03-20,0.008684431647448684,-0.014858934842050076,0.003174322951098122,69912.7890625,70522.5859375,68881.63935043529,ensemble
BTC,phase0,xgb,phase0_xgb,2026-03-20,2026-03-21,-0.026016105631017767,0.0005336934002116323,0.0015244128642132307,70522.5859375,68711.5234375,70560.23342139396,ensemble
BTC,phase0,xgb,phase0_xgb,2026-03-21,2026-03-22,-0.012688120086084904,0.0033181763457832856,0.0020632166122074315,68711.5234375,67845.2109375,68939.89907503204,ensemble
BTC,phase0,xgb,phase0_xgb,2026-03-22,2026-03-23,0.04425119303469704,0.0017591591808013619,0.0028843700059214936,67845.2109375,70914.859375,67964.66650306554,ensemble
BTC,phase0,xgb,phase0_xgb,2026-03-23,2026-03-24,-0.005613991531695598,-0.01788387428969145,0.0038554681258642304,70914.859375,70517.859375,69657.90009676456,ensemble
BTC,phase0,xgb,phase0_xgb,2026-03-24,2026-03-25,0.011168924480813245,0.00786206517368555,0.0010670966172154032,70517.859375,71309.8828125,71074.46053154652,ensemble
BTC,phase0,xgb,phase0_xgb,2026-03-25,2026-03-26,-0.03595291880741613,0.0010686336550861596,0.001992385266085995,71309.8828125,68791.625,71386.12768487619,ensemble
BTC,phase0,xgb,phase0_xgb,2026-03-26,2026-03-27,-0.03631346968520713,0.009204595908522606,0.00087294661464656,68791.625,66338.375,69427.74724285278,ensemble
BTC,phase0,xgb,phase0_xgb,2026-03-27,2026-03-28,-0.0002816215791388498,-0.003055453719571233,0.0005497098534596853,66338.375,66319.6953125,66135.99051102744,ensemble
BTC,phase0,xgb,phase0_xgb,2026-03-28,2026-03-29,-0.005515409833700628,-0.004057436110451817,0.0019625714619918946,66319.6953125,65954.921875,66051.15255186544,ensemble
BTC,phase0,xgb,phase0_xgb,2026-03-29,2026-03-30,0.011105181731209317,-0.006758782453835011,0.004283881417187206,65954.921875,66691.4453125,65510.64996611444,ensemble
BTC,phase0,xgb,phase0_xgb,2026-03-30,2026-03-31,0.022856210162579323,-0.0063181273639202114,0.0025499599494953978,66691.4453125,68233.3125,66271.40858697331,ensemble
BTC,phase0,xgb,phase0_xgb,2026-03-31,2026-04-01,-0.002270644254019965,0.008073233673349023,0.003150041480709155,68233.3125,68078.5546875,68786.40559694603,ensemble
BTC,phase0,xgb,phase0_xgb,2026-04-01,2026-04-02,-0.017634149228875802,0.009592829179018736,0.002039129659782412,68078.5546875,66888.5703125,68734.7630485821,ensemble
BTC,phase0,xgb,phase0_xgb,2026-04-02,2026-04-03,0.0006356502125007872,0.008552959375083446,0.001689983222995971,66888.5703125,66931.1015625,67463.11908067849,ensemble
BTC,phase0,xgb,phase0_xgb,2026-04-03,2026-04-04,0.005355544495529739,-0.00011145641328766943,0.00169959256856172,66931.1015625,67290.515625,66923.64207769388,ensemble
BTC,phase0,xgb,phase0_xgb,2026-04-04,2026-04-05,0.024824828794848448,0.006761780846863985,0.0020926225277296934,67290.515625,68981.8984375,67747.0611355723,ensemble
BTC,phase0,xgb,phase0_xgb,2026-04-05,2026-04-06,-0.0017711667933321205,-0.004344823770225048,0.004844056886058159,68981.8984375,68859.828125,68682.83440617436,ensemble
BTC,phase0,xgb,phase0_xgb,2026-04-06,2026-04-07,0.043769250088650125,-0.00030384244746528566,0.0018512591678078105,68859.828125,71940.703125,68838.90876454624,ensemble
BTC,phase0,xgb,phase0_xgb,2026-04-07,2026-04-08,-0.011426386592901714,0.0006673344527371228,0.002072197700766239,71940.703125,71123.359375,71988.72765717965,ensemble
BTC,phase0,xgb,phase0_xgb,2026-04-08,2026-04-09,0.00902047398791368,0.003677740041166544,0.000157464727280623,71123.359375,71767.828125,71385.41419100622,ensemble
BTC,phase0,xgb,phase0_xgb,2026-04-09,2026-04-10,0.01673607145352826,0.017024133168160916,0.004304345245668075,71767.828125,72979.046875,73000.07237255013,ensemble
BTC,phase0,xgb,phase0_xgb,2026-04-10,2026-04-11,0.0010302658186926742,0.00102334312396124,0.0019452355478273584,72979.046875,73054.2734375,73053.76770681667,ensemble
BTC,phase0,xgb,phase0_xgb,2026-04-11,2026-04-12,-0.03200195641601119,-0.0055286970920860766,0.0020090848980504807,73054.2734375,70753.40625,72651.49294002923,ensemble
BTC,phase0,xgb,phase0_xgb,2026-04-12,2026-04-13,0.05139225778223328,0.004595667310059071,0.0006533481043193498,70753.40625,74484.640625,71079.31367362372,ensemble
BTC,phase0,xgb,phase0_xgb,2026-04-13,2026-04-14,-0.004076670658997154,-0.0104110611602664,0.0031170407730842825,74484.640625,74181.609375,73713.19920589513,ensemble
BTC,phase0,xgb,phase0_xgb,2026-04-14,2026-04-15,0.00836950468372944,-0.0010929843090707436,0.0012118566904653163,74181.609375,74805.078125,74100.57433301334,ensemble
BTC,phase0,xgb,phase0_xgb,2026-04-15,2026-04-16,0.004628724487070657,0.007336558401584625,0.0030125550170755602,74805.078125,75152.1328125,75355.90807675062,ensemble
BTC,phase0,xgb,phase0_xgb,2026-04-16,2026-04-17,0.025937296578403095,0.006729701533913612,0.0018581812562710417,75152.1328125,77126.875,75659.58983794773,ensemble
BTC,phase0,xgb,phase0_xgb,2026-04-17,2026-04-18,-0.018327445076503752,-0.008919481188058853,0.0018944805412175283,77126.875,75726.2109375,76442.00218497642,ensemble
BTC,phase0,xgb,phase0_xgb,2026-04-18,2026-04-19,-0.025002336494923415,-4.93906089104712e-05,0.0029961529680558887,75726.2109375,73856.3515625,75722.47086619427,ensemble
BTC,phase0,xgb,phase0_xgb,2026-04-19,2026-04-20,0.02693259727225901,-0.009305172599852085,0.0015278912600895458,73856.3515625,75872.5234375,73172.29304075286,ensemble
BTC,phase0,xgb,phase0_xgb,2026-04-20,2026-04-21,0.006309747501944813,-0.0057643048465251924,0.006155192482006791,75872.5234375,76352.7734375,75436.42918056615,ensemble
BTC,phase0,xgb,phase0_xgb,2026-04-21,2026-04-22,0.02394495237334366,0.007897851150482893,0.0008430095824650057,76352.7734375,78203.1015625,76958.18385077771,ensemble
BTC,phase0,xgb,phase0_xgb,2026-04-22,2026-04-23,0.0008417038623198857,-0.017612988874316216,0.006097212112325572,78203.1015625,78268.953125,76837.77028267158,ensemble
BTC,phase0,xgb,phase0_xgb,2026-04-23,2026-04-24,-0.010449855400701123,0.004223458585329354,0.0027561283938340913,78268.953125,77455.3125,78600.21785606284,ensemble
BTC,phase0,xgb,phase0_xgb,2026-04-24,2026-04-25,0.0020210985800430967,0.00686284601688385,0.0012795609675572582,77455.3125,77612.015625,77988.70458324156,ensemble
BTC,phase0,xgb,phase0_xgb,2026-04-25,2026-04-26,0.01338122502813899,0.0034947218606248497,0.0015822213734977926,77612.015625,78657.5390625,77883.72252614393,ensemble
BTC,phase0,xgb,phase0_xgb,2026-04-26,2026-04-27,-0.016547994707933746,0.0002471454907208681,0.0014243285277783316,78657.5390625,77366.625,78676.9813210248,ensemble
BTC,phase0,xgb,phase0_xgb,2026-04-27,2026-04-28,-0.013218654490737211,0.002176070585846901,0.0013625612127414223,77366.625,76350.671875,77535.16354636895,ensemble
BTC,phase0,xgb,phase0_xgb,2026-04-28,2026-04-29,-0.0075534590417408835,-0.003540060913655907,0.00247029133904031,76350.671875,75776.1328125,76080.86369622819,ensemble
BTC,phase0,xgb,phase0_xgb,2026-04-29,2026-04-30,0.006946186875134918,0.0002948893525172025,0.001307129770351495,75776.1328125,76304.3203125,75798.48168230125,ensemble
BTC,phase0,xgb,phase0_xgb,2026-04-30,2026-05-01,0.02427150989403538,-0.002708579192403704,0.0028353651043945866,76304.3203125,78179.0,76097.92366522718,ensemble
BTC,phase0,xgb,phase0_xgb,2026-05-01,2026-05-02,0.006098736514783506,0.003873238805681467,0.0010137920306358596,78179.0,78657.25,78482.39311428987,ensemble
BTC,phase0,xgb,phase0_xgb,2026-05-02,2026-05-03,-0.0015143369624661424,0.0016190099035156892,0.0017749861708224247,78657.25,78538.2265625,78784.7000103085,ensemble
BTC,phase0,xgb,phase0_xgb,2026-05-03,2026-05-04,0.01628767686490818,0.005204004095867276,0.0018296267669076968,78538.2265625,79827.90625,78948.00513510866,ensemble
BTC,phase0,xgb,phase0_xgb,2026-05-04,2026-05-05,0.013675043806522565,0.0014724982611369342,0.0009016873021349969,79827.90625,80927.0546875,79945.53928911127,ensemble
BTC,phase0,xgb,phase0_xgb,2026-05-05,2026-05-06,0.006165248057273942,-0.005767676886171103,0.0018714482790919997,80927.0546875,81427.53125,80461.63706416552,ensemble
BTC,phase0,xgb,phase0_xgb,2026-05-06,2026-05-07,-0.017561908350902416,-0.0012945967726409435,0.002383884383533957,81427.53125,80009.9921875,81322.18363689298,ensemble
BTC,phase0,xgb,phase0_xgb,2026-05-07,2026-05-08,0.0022069548930199264,-0.0029320340836420655,0.0017692271419422726,80009.9921875,80186.765625,79775.74374340141,ensemble
BTC,phase0,xgb,phase0_xgb,2026-05-08,2026-05-09,0.005938447031188693,0.0012664565234445035,0.000755268479739639,80186.765625,80664.3671875,80288.38301083818,ensemble
BTC,phase0,xgb,phase0_xgb,2026-05-09,2026-05-10,0.018115146956791082,0.0012778833275660872,0.0004861801759725911,80664.3671875,82138.9296875,80767.51272740419,ensemble
BTC,phase0,xgb,phase0_xgb,2026-05-10,2026-05-11,-0.005011785219488408,0.005260951939271763,0.003498534409649763,82138.9296875,81728.296875,82572.19734978571,ensemble
BTC,phase0,xgb,phase0_xgb,2026-05-11,2026-05-12,-0.015422747705667463,0.0009380409632285591,0.0018083288170151536,81728.296875,80477.4921875,81804.99733378558,ensemble
BTC,phase0,xgb,phase0_xgb,2026-05-12,2026-05-13,-0.015028018231235505,-0.0012947489536600187,0.001865354287829084,80477.4921875,79277.1171875,80373.36146481601,ensemble
BTC,phase0,xgb,phase0_xgb,2026-05-13,2026-05-14,0.022132143698821827,-0.0008716435559108504,0.0019598207119977794,79277.1171875,81051.25,79208.04590631404,ensemble
BTC,phase0,xgb,phase0_xgb,2026-05-14,2026-05-15,-0.02480277513696735,0.002484618732705712,0.0010674695383113468,81051.25,79065.6796875,81252.8818394536,ensemble
BTC,phase0,xgb,phase0_xgb,2026-05-15,2026-05-16,-0.011886390842574117,-0.0004962495993822813,0.0011537685561051995,79065.6796875,78131.4375,79026.453109522,ensemble
BTC,phase0,xgb,phase0_xgb,2026-05-16,2026-05-17,-0.009026576797854137,-0.002127993223257363,0.0006966235261927539,78131.4375,77429.3515625,77965.35110850926,ensemble
BTC,phase0,xgb,phase0_xgb,2026-05-17,2026-05-18,-0.006155853649121142,-0.0006668476969935,0.002149721914537853,77429.3515625,76954.171875,77377.73518977324,ensemble
BTC,phase0,xgb,phase0_xgb,2026-05-18,2026-05-19,-0.002644879999712329,0.0006735345465131104,0.0023789716289886595,76954.171875,76750.90625,77006.02062725894,ensemble
BTC,phase0,xgb,phase0_xgb,2026-05-19,2026-05-20,0.009167734783614812,0.006937381206080317,0.0026142720818138477,76750.90625,77457.7734375,77285.20772821468,ensemble
BTC,phase0,xgb,phase0_xgb,2026-05-20,2026-05-21,0.0010503232153248991,-0.007584702968597412,0.0017299874236455235,77457.7734375,77539.171875,76872.50159568251,ensemble
BTC,phase0,xgb,phase0_xgb,2026-05-21,2026-05-22,-0.026806340702622146,-0.0037664871662855147,0.002427418243060836,77539.171875,75488.2421875,77247.6708912186,ensemble
BTC,phase0,xgb,phase0_xgb,2026-05-22,2026-05-23,0.015577503022418466,0.002345714741386473,0.0016098890928046867,75488.2421875,76673.3671875,75665.523914892,ensemble
BTC,phase0,xgb,phase0_xgb,2026-05-23,2026-05-24,0.004005847400396048,-0.0034635425661690535,0.001953016752837531,76673.3671875,76981.125,76408.26507779176,ensemble
BTC,phase0,xgb,phase0_xgb,2026-05-24,2026-05-25,0.003874018128693613,-0.0014163505809847265,0.002520409880829631,76981.125,77279.9296875,76872.16991639348,ensemble
BTC,phase0,xgb,phase0_xgb,2026-05-25,2026-05-26,-0.018996541405031864,0.00044479593270807527,0.0012478613476858342,77279.9296875,75825.734375,77314.31113170138,ensemble
BTC,phase0,xgb,phase0_xgb,2026-05-26,2026-05-27,-0.019725310724108713,0.0016626471071504057,0.000636899169863209,75825.734375,74344.703125,75951.91067717128,ensemble
BTC,phase0,xgb,phase0_xgb,2026-05-27,2026-05-28,-0.010929802661887332,-7.109431317076087e-05,0.002542889071145259,74344.703125,73536.5546875,74339.41782727298,ensemble
BTC,phase0,xgb,phase0_xgb,2026-05-28,2026-05-29,-0.0022330998228095003,-0.0038424308644607664,0.0016610929633767409,73536.5546875,73372.5234375,73254.53772242933,ensemble
BTC,phase0,xgb,phase0_xgb,2026-05-29,2026-05-30,0.005197039654902875,0.0022218821570277212,0.0011083551532943751,73372.5234375,73754.8359375,73535.72978363352,ensemble
BTC,phase0,xgb,phase0_xgb,2026-05-30,2026-05-31,-0.002377562514476544,0.002182236488442868,0.0013943499795167349,73754.8359375,73579.6875,73915.96217551749,ensemble
BTC,phase0,xgb,phase0_xgb,2026-05-31,2026-06-01,-0.031195386303294676,0.004308649292215705,0.0025698629286099585,73579.6875,71319.7734375,73897.40053397376,ensemble
BTC,phase0,xgb,phase0_xgb,2026-06-01,2026-06-02,-0.06691384852525814,-0.0010582728078588842,0.002153646336436588,71319.7734375,66703.65625,71244.33758350526,ensemble
BTC,phase0,xgb,phase0_xgb,2026-06-02,2026-06-03,-0.041152222290191665,0.008292651921510696,0.0017999215269735066,66703.65625,64014.3671875,67259.10634723218,ensemble
BTC,phase0,xgb,phase0_xgb,2026-06-03,2026-06-04,-0.003329681149437111,0.008301676623523236,0.00310482120796002,64014.3671875,63801.57421875,64548.00574575804,ensemble
BTC,phase0,xgb,phase0_xgb,2026-06-04,2026-06-05,-0.046172542625212365,0.009877150878310204,0.0032145655888187767,63801.57421875,60922.66796875,64434.874445907044,ensemble
BTC,phase0,xgb,phase0_xgb,2026-06-05,2026-06-06,-0.0009073630482773938,0.006387530779466033,0.0035932174905674444,60922.66796875,60867.4140625,61313.058875186965,ensemble
BTC,phase0,xgb,phase0_xgb,2026-06-06,2026-06-07,0.0382314561194156,0.014362663589417934,0.0028506493867057944,60867.4140625,63239.51953125,61747.940469877976,ensemble
BTC,phase0,xgb,phase0_xgb,2026-06-07,2026-06-08,-0.0023577871851843952,0.0016939347609877587,0.003914800378659498,63239.51953125,63090.58984375,63346.73393311636,ensemble
BTC,phase0,xgb,phase0_xgb,2026-06-08,2026-06-09,-0.023199274916972237,-0.00410797018557787,0.0023735367993261585,63090.58984375,61643.78125,62831.94719355437,ensemble
BTC,phase0,xgb,phase0_xgb,2026-06-09,2026-06-10,-0.00316008608540611,0.008739274926483631,0.0013226472606167913,61643.78125,61449.2890625,62184.8640939583,ensemble
BTC,phase0,xgb,phase0_xgb,2026-06-10,2026-06-11,0.03378866852406486,0.0005949610378593207,0.004704604657994073,61449.2890625,63561.0546875,61485.85987332136,ensemble
BTC,phase0,xgb,phase0_xgb,2026-06-11,2026-06-12,-0.0002809578486747506,-0.005494310520589352,0.0009605266265934724,63561.0546875,63543.19921875,63212.78813443006,ensemble
BTC,phase0,xgb,phase0_xgb,2026-06-12,2026-06-13,0.01372472245570358,-0.0013411747524514795,0.00455877071831426,63543.19921875,64421.32421875,63458.03380788318,ensemble
BTC,phase0,xgb,phase0_xgb,2026-06-13,2026-06-14,0.019812484755317328,-0.0012923516856972127,0.0027026806116462426,64421.32421875,65710.3984375,64338.12298600778,ensemble
BTC,phase0,xgb,phase0_xgb,2026-06-14,2026-06-15,0.0087743291428838,-0.003921458256081678,0.00257825094995295,65710.3984375,66289.5,65453.22243508325,ensemble
BTC,phase0,xgb,phase0_xgb,2026-06-15,2026-06-16,-0.010446052081715382,0.004832796473056078,0.0017310446992098896,66289.5,65600.640625,66610.63903656101,ensemble
BTC,phase0,xgb,phase0_xgb,2026-06-16,2026-06-17,-0.01818545153086442,2.316462341696024e-05,0.003168891533187952,65600.640625,64418.4453125,65602.16025673677,ensemble
BTC,phase0,xgb,phase0_xgb,2026-06-17,2026-06-18,-0.023909926459543353,-0.00544577919645235,0.004077482241152354,64418.4453125,62896.47265625,64068.59016471533,ensemble
BTC,phase0,xgb,phase0_xgb,2026-06-18,2026-06-19,0.0101927013006599,0.006868655793368816,0.0019426895838281155,62896.47265625,63540.8359375,63329.97395883489,ensemble
BTC,phase0,xgb,phase0_xgb,2026-06-19,2026-06-20,0.01093823779640829,0.004251841898076236,0.002241288955229397,63540.8359375,64239.67578125,63811.576691544215,ensemble
BTC,phase0,xgb,phase0_xgb,2026-06-20,2026-06-21,-0.01572292530514671,0.00163156344788149,0.0014983656231370222,64239.67578125,63237.5390625,64344.57243766409,ensemble
BTC,phase0,xgb,phase0_xgb,2026-06-21,2026-06-22,0.011236353824842346,0.004347567446529865,0.00107366011308458,63237.5390625,63952.10546875,63513.06703295703,ensemble
BTC,phase0,xgb,phase0_xgb,2026-06-22,2026-06-23,-0.02028318896027214,0.015065455064177512,0.00099485805524469,63952.10546875,62668.01953125,64922.867162373586,ensemble
BTC,phase0,xgb,phase0_xgb,2026-06-23,2026-06-24,-0.027057191162537193,-0.0042548628058284525,0.001005593177984272,62668.01953125,60995.1328125,62401.94216858725,ensemble
BTC,phase0,xgb,phase0_xgb,2026-06-24,2026-06-25,-0.021099038116469408,0.005542662367224694,0.0025274610018362195,60995.1328125,59721.67578125,61334.14689210737,ensemble
BTC,phase0,xgb,phase0_xgb,2026-06-25,2026-06-26,0.004923319948585001,0.008646467793732881,0.0024208295931479004,59721.67578125,60016.4296875,60240.29621385217,ensemble
BTC,phase0,xgb,phase0_xgb,2026-06-26,2026-06-27,-0.0012726617424323222,0.0038735164795070886,0.0018882434995552194,60016.4296875,59940.09765625,60249.35514599979,ensemble
BTC,phase0,xgb,phase0_xgb,2026-06-27,2026-06-28,-0.006825999440473744,-0.0006154211005195975,0.002446460430024336,59940.09765625,59532.33984375,59903.22060400709,ensemble
BTC,phase0,xgb,phase0_xgb,2026-06-28,2026-06-29,0.010128530183576383,0.009090459905564785,0.00395160970075517,59532.33984375,60138.37890625,60075.98343358551,ensemble
BTC,phase0,xgb,phase0_xgb,2026-06-29,2026-06-30,-0.026615830286262104,-0.007702719885855913,0.002441071110527848,60138.37890625,58558.859375,59676.92930919375,ensemble
BTC,phase0,xgb,phase0_xgb,2026-06-30,2026-07-01,0.024374798891813786,0.007020352222025394,0.0018087643585876104,58558.859375,60003.7578125,58971.409623169544,ensemble
BTC,phase0,xgb,phase0_xgb,2026-07-01,2026-07-02,0.024390944088390595,-0.001748093997593969,0.0022526655215819777,60003.7578125,61485.30078125,59898.95723095641,ensemble
BTC,phase0,xgb,phase0_xgb,2026-07-02,2026-07-03,0.01707535974546987,0.015633653849363327,0.0019711770198895906,61485.30078125,62544.19921875,62454.093846299555,ensemble
BTC,phase0,xgb,phase0_xgb,2026-07-03,2026-07-04,0.00866191238397133,-0.003057336620986462,0.0003339837091641883,62544.19921875,63088.3046875,62353.27256030146,ensemble
BTC,phase0,xgb,phase0_xgb,2026-07-04,2026-07-05,0.007258275090508953,0.0016220018093008547,0.0015177306271378684,63088.3046875,63547.8828125,63190.717065927434,ensemble
BTC,phase0,xgb,phase0_xgb,2026-07-05,2026-07-06,0.007011517689840301,0.0013368392203119584,0.004668821083473496,63547.8828125,63995.015625,63632.892924376974,ensemble
BTC,phase0,xgb,phase0_xgb,2026-07-06,2026-07-07,-0.01096103180817717,-0.0034820333821699023,0.0017358614216011249,63995.015625,63297.39453125,63772.57034999205,ensemble
BTC,phase0,xgb,phase0_xgb,2026-07-07,2026-07-08,-0.016563965519348627,-0.00494006616063416,0.0016012872552084209,63297.39453125,62257.57421875,62985.47230703433,ensemble
BTC,phase0,xgb,phase0_xgb,2026-07-08,2026-07-09,0.014915682336986301,-0.008147239871323108,0.0023893186163209228,62257.57421875,63193.1484375,61752.407479389854,ensemble
BTC,phase0,xgb,phase0_xgb,2026-07-09,2026-07-10,0.01467180052315595,0.004240801557898521,0.00128051280456117,63193.1484375,64127.140625,63461.707089328105,ensemble
BTC,phase0,xgb,phase0_xgb,2026-07-10,2026-07-11,-0.005082718606355573,-0.0025283782451879233,0.0017255464778314763,64127.140625,63802.02734375,63965.207757752636,ensemble
BTC,phase0,xgb,phase0_xgb,2026-07-11,2026-07-12,-0.0006868690961942699,-0.00021811485494254156,0.0016636150253435905,63802.02734375,63758.21875,63788.112691362236,ensemble
BTC,phase0,xgb,phase0_xgb,2026-07-12,2026-07-13,-0.024114338771437895,0.003036362770944834,0.0013928364800192034,63758.21875,62239.12109375,63952.10603886514,ensemble
BTC,phase0,xgb,phase0_xgb,2026-07-13,2026-07-14,0.04272810304426096,0.008623715303838254,0.0011521730116653866,62239.12109375,64956.11328125,62778.17453582197,ensemble
BTC,phase0,xgb,phase0_xgb,2026-07-14,2026-07-15,-0.0037594109647903352,0.001842071252031019,0.0015380213334778511,64956.11328125,64712.375,65075.87734327136,ensemble
BTC,phase0,xgb,phase0_xgb,2026-07-15,2026-07-16,-0.014367279855176223,-0.0012250133324414492,0.0019432725709814113,64712.375,63789.28125,64633.15001359082,ensemble
BTC,phase0,xgb,phase0_xgb,2026-07-16,2026-07-17,0.0017257545646935989,-0.000736679131659912,0.001543259323190837,63789.28125,63899.4609375,63742.306322528355,ensemble
BTC,phase0,xgb,phase0_xgb,2026-07-17,2026-07-18,0.01394223164475083,-0.0037626751232892274,0.001191085940306123,63899.4609375,64796.6015625,63659.479794110186,ensemble
BTC,phase0,xgb,phase0_xgb,2026-07-18,2026-07-19,-0.0016340878484766735,0.0028787402057787403,0.0024351037214448857,64796.6015625,64690.8046875,64983.40289186032,ensemble
BTC,phase0,xgb,phase0_xgb,2026-07-19,2026-07-20,0.008300835886390828,0.006199794122949243,0.0038710489545852886,64690.8046875,65230.02734375,65093.12020624045,ensemble
BTC,phase0,xgb,phase0_xgb,2026-07-20,2026-07-21,0.019359107363714313,0.008662422839552163,0.0035183544695071914,65230.02734375,66505.125,65797.53185578491,ensemble
BTC,phase0,xgb,phase0_xgb,2026-07-21,2026-07-22,-0.006098209978869257,-0.0032920435070991514,0.0007055689358850646,66505.125,66100.796875,66286.54721624577,ensemble
BTC,phase0,xgb,phase0_xgb,2026-07-22,2026-07-23,-0.016104346952909084,0.005902427155524493,0.0012612620731293357,66100.796875,65044.8125,66492.10571337854,ensemble
BTC,phase0,xgb,phase0_xgb,2026-07-23,2026-07-24,-0.014655553654227636,0.0013495969935320318,0.0011274112224482161,65044.8125,64098.49609375,65132.65604675488,ensemble
BTC,phase0,xgb,phase0_xgb,2026-07-24,2026-07-25,0.0033224217714330475,-0.0005229852278716863,0.0004700795251955296,64098.49609375,64311.8125,64064.982291539796,ensemble
BTC,phase0,xgb,phase0_xgb,2026-07-25,2026-07-26,0.015865685940396487,0.0017977664712816477,0.0009444557625815512,64311.8125,65340.30078125,64427.534109267086,ensemble
BTC,phase0,xgb,phase0_xgb,2026-07-26,2026-07-27,-0.02503365298859531,0.00196943296759855,0.0015491262709825394,65340.30078125,63724.8984375,65469.11092355751,ensemble
BTC,phase0,xgb,phase0_xgb,2026-07-27,2026-07-28,0.0022957554728576246,0.004736239789053798,0.0009872248525447508,63724.8984375,63871.36328125,64027.43070417995,ensemble
BTC,phase0,xgb,phase0_xgb,2026-07-28,2026-07-29,0.0005760654802496461,0.0017538033571327105,0.0021413693121800164,63871.36328125,63908.16796875,63983.47937865384,ensemble
BTC,phase0,xgb,phase0_xgb,2026-07-29,2026-07-30,0.01270511594195683,0.002464889007387683,0.0013710365712026498,63908.16796875,64725.30859375,64065.8888117895,ensemble
BTC,phase0,xgb,phase0_xgb,2026-07-30,2026-07-31,-0.02997835702863742,-0.0032453067833557725,0.0011972275844187251,64725.30859375,62813.74609375,64515.595586297095,ensemble
BTC,phase0,xgb,phase0_xgb,2026-07-31,2026-08-01,-0.0008031049841085494,0.0006933100172318518,0.0018095313885618755,62813.74609375,62763.3203125,62857.310593243565,ensemble
BTC,phase0,xgb,phase0_xgb,2026-08-01,2026-08-02,0.011385569767075112,0.00341925504617393,0.00034080315644898174,62763.3203125,63482.0,62978.29142327978,ensemble
BTC,phase0,xgb,phase0_xgb,2026-08-02,2026-08-03,-0.0003324575530272348,0.007784618437290192,0.0009019271067045286,63482.0,63460.8984375,63978.111662259435,ensemble
BTC,phase0,xgb,phase0_xgb,2026-08-03,2026-08-04,0.00933302539348361,0.006517669372260571,0.0017390878656100984,63460.8984375,64055.953125,63875.86643469898,ensemble
BTC,phase0,xgb,phase0_xgb,2026-08-04,2026-08-05,0.008418741360802475,-0.0032336846808902918,0.0031087538263158765,64055.953125,64597.5,63849.15091743113,ensemble
BTC,phase0,xgb,phase0_xgb,2026-08-05,2026-08-06,-0.005205470783879128,-0.010270887240767478,0.0018923275611527192,64597.5,64262.11328125,63937.4219577234,ensemble
BTC,phase0,xgb,phase0_xgb,2026-08-06,2026-08-07,0.00957212039536744,-0.0009317893476691097,0.0019058188636276315,64262.11328125,64880.19140625,64202.262417164995,ensemble
BTC,phase0,xgb,phase0_xgb,2026-08-07,2026-08-08,0.00037748764335751974,0.003046655282378197,0.0016291682826305508,64880.19140625,64904.6875,65078.16040263307,ensemble
BTC,phase0,xgb,phase0_xgb,2026-08-08,2026-08-09,-0.0009217877722439945,0.006703109946101904,0.0009986845915686054,64904.6875,64844.88671875,65341.212158238,ensemble
BTC,phase0,xgb,phase0_xgb,2026-08-09,2026-08-10,-0.014513048045569134,0.0009252882620785386,0.0020311775101999724,64844.88671875,63910.5859375,64904.914698596454,ensemble
BTC,phase0,xgb,phase0_xgb,2026-08-10,2026-08-11,-0.00562851025881392,0.0060793813318014145,0.0020820633829022094,63910.5859375,63551.875,64300.30618926335,ensemble
BTC,phase0,xgb,phase0_xgb,2026-08-11,2026-08-12,-0.0023542560615523694,0.011155388318002224,0.001636308441562276,63551.875,63402.43359375,64264.78987200799,ensemble
BTC,phase0,xgb,phase0_xgb,2026-08-12,2026-08-13,-4.127906065128786e-06,-0.001996504788985476,0.0013620658880463719,63402.43359375,63402.171875,63275.97660943926,ensemble
BTC,phase0,xgb,phase0_xgb,2026-08-13,2026-08-14,-0.006750867021094253,0.005705006793141365,0.0010285111273232782,63402.171875,62975.59375,63764.91543964321,ensemble
BTC,phase0,xgb,phase0_xgb,2026-08-14,2026-08-15,0.0007734380660748331,0.0007048928295262158,0.001538420078702379,62975.59375,63024.3203125,63020.00044361078,ensemble
BTC,phase0,xgb,phase0_xgb,2026-08-15,2026-08-16,-0.0032686473868631834,0.004730391968041659,0.001714123055019826,63024.3203125,62818.65234375,63323.1562995295,ensemble
BTC,phase0,xgb,phase0_xgb,2026-08-16,2026-08-17,0.026510137670231988,-0.0010338681895518675,0.0008514137052845717,62818.65234375,64506.25390625,62753.73969872268,ensemble
BTC,phase0,xgb,phase0_xgb,2026-08-17,2026-08-18,0.002700847372800676,-0.0027616163055427024,0.0022360169290424536,64506.25390625,64680.7109375,64328.358136642564,ensemble
BTC,phase0,xgb,phase0_xgb,2026-08-18,2026-08-19,0.0684938460027011,-0.0014853182947263122,0.00390630030000012,64680.7109375,69266.1875,64584.71080725289,ensemble
BTC,phase0,xgb,phase0_xgb,2026-08-19,2026-08-20,0.05295120538976306,-0.010661206021904946,0.003548247583347526,69266.1875,73032.7578125,68531.64889577798,ensemble
BTC,phase0,xgb,phase0_xgb,2026-08-20,2026-08-21,0.07008881775516321,0.018113081529736518,0.001020668738462493,73032.7578125,78335.1875,74367.65920152761,ensemble
BTC,phase0,xgb,phase0_xgb,2026-08-21,2026-08-22,-0.016108760387506423,0.011511155404150486,0.0013915247181030452,78335.1875,77083.4140625,79242.12595709026,ensemble
BTC,phase0,xgb,phase0_xgb,2026-08-22,2026-08-23,0.008678138825315892,0.0029748674016445873,0.003995558291649177,77083.4140625,77755.265625,77313.06842447261,ensemble
BTC,phase0,xgb,phase0_xgb,2026-08-23,2026-08-24,0.0154319126625293,0.011321956757456064,0.0034719170659057346,77755.265625,78964.484375,78640.6098370869,ensemble
BTC,phase0,xgb,phase0_xgb,2026-08-24,2026-08-25,-0.005072177186830813,0.0024507916532456875,0.0032793991512327365,78964.484375,78564.9765625,79158.24721339821,ensemble
BTC,phase0,xgb,phase0_xgb,2026-08-25,2026-08-26,0.005868895257053803,0.01803005076944828,0.001732236506507286,78564.9765625,79027.421875,79994.35423264655,ensemble
BTC,phase0,xgb,phase0_xgb,2026-08-26,2026-08-27,0.015445797722405792,0.001835489526274614,0.004609722970965122,79027.421875,80257.5390625,79172.60908417936,ensemble
BTC,phase0,xgb,phase0_xgb,2026-08-27,2026-08-28,-0.030710027313092664,0.0003773996373638511,0.0038169044217421385,80257.5390625,77830.2890625,80287.83394491715,ensemble
BTC,phase0,xgb,phase0_xgb,2026-08-28,2026-08-29,0.005324638622765287,-0.0013112929911585525,0.0028332490785575506,77830.2890625,78245.8125,77728.29763488902,ensemble
BTC,phase0,xgb,phase0_xgb,2026-08-29,2026-08-30,-0.007417513856522034,0.006980272475630045,0.002077704549835347,78245.8125,77667.5703125,78793.9002668772,ensemble
BTC,phase0,xgb,phase0_xgb,2026-08-30,2026-08-31,0.01128015948027171,0.0006622385466471314,0.0028197252190006695,77667.5703125,78548.6328125,77719.02180608615,ensemble
BTC,benchmark,random_walk_zero_return,random_walk_zero_return,2025-10-31,2025-11-01,0.004624825172493095,0.0,0.0,109556.1640625,110064.015625,109556.1640625,benchmark
BTC,benchmark,random_walk_zero_return,random_walk_zero_return,2025-11-01,2025-11-02,0.005216141233319792,0.0,0.0,110064.015625,110639.625,110064.015625,benchmark
BTC,benchmark,random_walk_zero_return,random_walk_zero_return,2025-11-02,2025-11-03,-0.03768718290100999,0.0,0.0,110639.625,106547.5234375,110639.625,benchmark
BTC,benchmark,random_walk_zero_return,random_walk_zero_return,2025-11-03,2025-11-04,-0.04764085753760775,0.0,0.0,106547.5234375,101590.5234375,106547.5234375,benchmark
BTC,benchmark,random_walk_zero_return,random_walk_zero_return,2025-11-04,2025-11-05,0.022400061321748738,0.0,0.0,101590.5234375,103891.8359375,101590.5234375,benchmark
BTC,benchmark,random_walk_zero_return,random_walk_zero_return,2025-11-05,2025-11-06,-0.025251182491850755,0.0,0.0,103891.8359375,101301.2890625,103891.8359375,benchmark
BTC,benchmark,random_walk_zero_return,random_walk_zero_return,2025-11-06,2025-11-07,0.02023892596873405,0.0,0.0,101301.2890625,103372.40625,101301.2890625,benchmark
BTC,benchmark,random_walk_zero_return,random_walk_zero_return,2025-11-07,2025-11-08,-0.010603212214200236,0.0,0.0,103372.40625,102282.1171875,103372.40625,benchmark
BTC,benchmark,random_walk_zero_return,random_walk_zero_return,2025-11-08,2025-11-09,0.023551839699680072,0.0,0.0,102282.1171875,104719.640625,102282.1171875,benchmark
BTC,benchmark,random_walk_zero_return,random_walk_zero_return,2025-11-09,2025-11-10,0.01212026933646231,0.0,0.0,104719.640625,105996.59375,104719.640625,benchmark
BTC,benchmark,random_walk_zero_return,random_walk_zero_return,2025-11-10,2025-11-11,-0.028702546476841843,0.0,0.0,105996.59375,102997.46875,105996.59375,benchmark
BTC,benchmark,random_walk_zero_return,random_walk_zero_return,2025-11-11,2025-11-12,-0.013039146642676998,0.0,0.0,102997.46875,101663.1875,102997.46875,benchmark
BTC,benchmark,random_walk_zero_return,random_walk_zero_return,2025-11-12,2025-11-13,-0.019524742976585432,0.0,0.0,101663.1875,99697.4921875,101663.1875,benchmark
BTC,benchmark,random_walk_zero_return,random_walk_zero_return,2025-11-13,2025-11-14,-0.05462287113659148,0.0,0.0,99697.4921875,94397.7890625,99697.4921875,benchmark
BTC,benchmark,random_walk_zero_return,random_walk_zero_return,2025-11-14,2025-11-15,0.01212310649874722,0.0,0.0,94397.7890625,95549.1484375,94397.7890625,benchmark
BTC,benchmark,random_walk_zero_return,random_walk_zero_return,2025-11-15,2025-11-16,-0.014463938461922525,0.0,0.0,95549.1484375,94177.078125,95549.1484375,benchmark
BTC,benchmark,random_walk_zero_return,random_walk_zero_return,2025-11-16,2025-11-17,-0.02236838271634354,0.0,0.0,94177.078125,92093.875,94177.078125,benchmark
BTC,benchmark,random_walk_zero_return,random_walk_zero_return,2025-11-17,2025-11-18,0.009241173563305538,0.0,0.0,92093.875,92948.875,92093.875,benchmark
BTC,benchmark,random_walk_zero_return,random_walk_zero_return,2025-11-18,2025-11-19,-0.016082377699808928,0.0,0.0,92948.875,91465.9921875,92948.875,benchmark
BTC,benchmark,random_walk_zero_return,random_walk_zero_return,2025-11-19,2025-11-20,-0.05429914313161118,0.0,0.0,91465.9921875,86631.8984375,91465.9921875,benchmark
BTC,benchmark,random_walk_zero_return,random_walk_zero_return,2025-11-20,2025-11-21,-0.017950490472289502,0.0,0.0,86631.8984375,85090.6875,86631.8984375,benchmark
BTC,benchmark,random_walk_zero_return,random_walk_zero_return,2025-11-21,2025-11-22,-0.00521187239368071,0.0,0.0,85090.6875,84648.359375,85090.6875,benchmark
BTC,benchmark,random_walk_zero_return,random_walk_zero_return,2025-11-22,2025-11-23,0.025158586579000386,0.0,0.0,84648.359375,86805.0078125,84648.359375,benchmark
BTC,benchmark,random_walk_zero_return,random_walk_zero_return,2025-11-23,2025-11-24,0.016742357810839485,0.0,0.0,86805.0078125,88270.5625,86805.0078125,benchmark
BTC,benchmark,random_walk_zero_return,random_walk_zero_return,2025-11-24,2025-11-25,-0.01057647695675446,0.0,0.0,88270.5625,87341.890625,88270.5625,benchmark
BTC,benchmark,random_walk_zero_return,random_walk_zero_return,2025-11-25,2025-11-26,0.0357225879133364,0.0,0.0,87341.890625,90518.3671875,87341.890625,benchmark
BTC,benchmark,random_walk_zero_return,random_walk_zero_return,2025-11-26,2025-11-27,0.008437806108495432,0.0,0.0,90518.3671875,91285.375,90518.3671875,benchmark
BTC,benchmark,random_walk_zero_return,random_walk_zero_return,2025-11-27,2025-11-28,-0.004018666774419681,0.0,0.0,91285.375,90919.265625,91285.375,benchmark
BTC,benchmark,random_walk_zero_return,random_walk_zero_return,2025-11-28,2025-11-29,-0.00074277862694653,0.0,0.0,90919.265625,90851.7578125,90919.265625,benchmark
BTC,benchmark,random_walk_zero_return,random_walk_zero_return,2025-11-29,2025-11-30,-0.005047792573132774,0.0,0.0,90851.7578125,90394.3125,90851.7578125,benchmark
BTC,benchmark,random_walk_zero_return,random_walk_zero_return,2025-11-30,2025-12-01,-0.04610183805407602,0.0,0.0,90394.3125,86321.5703125,90394.3125,benchmark
BTC,benchmark,random_walk_zero_return,random_walk_zero_return,2025-12-01,2025-12-02,0.05662099387030378,0.0,0.0,86321.5703125,91350.203125,86321.5703125,benchmark
BTC,benchmark,random_walk_zero_return,random_walk_zero_return,2025-12-02,2025-12-03,0.023558262011831657,0.0,0.0,91350.203125,93527.8046875,91350.203125,benchmark
BTC,benchmark,random_walk_zero_return,random_walk_zero_return,2025-12-03,2025-12-04,-0.014931972865932171,0.0,0.0,93527.8046875,92141.625,93527.8046875,benchmark
BTC,benchmark,random_walk_zero_return,random_walk_zero_return,2025-12-04,2025-12-05,-0.030343059975675362,0.0,0.0,92141.625,89387.7578125,92141.625,benchmark
BTC,benchmark,random_walk_zero_return,random_walk_zero_return,2025-12-05,2025-12-06,-0.0012916460625568118,0.0,0.0,89387.7578125,89272.375,89387.7578125,benchmark
BTC,benchmark,random_walk_zero_return,random_walk_zero_return,2025-12-06,2025-12-07,0.012614572226014349,0.0,0.0,89272.375,90405.640625,89272.375,benchmark
BTC,benchmark,random_walk_zero_return,random_walk_zero_return,2025-12-07,2025-12-08,0.002591195979813834,0.0,0.0,90405.640625,90640.203125,90405.640625,benchmark
BTC,benchmark,random_walk_zero_return,random_walk_zero_return,2025-12-08,2025-12-09,0.022381192698197744,0.0,0.0,90640.203125,92691.7109375,90640.203125,benchmark
BTC,benchmark,random_walk_zero_return,random_walk_zero_return,2025-12-09,2025-12-10,-0.007262832846635849,0.0,0.0,92691.7109375,92020.9453125,92691.7109375,benchmark
BTC,benchmark,random_walk_zero_return,random_walk_zero_return,2025-12-10,2025-12-11,0.0053149701081481185,0.0,0.0,92020.9453125,92511.3359375,92020.9453125,benchmark
BTC,benchmark,random_walk_zero_return,random_walk_zero_return,2025-12-11,2025-12-12,-0.024521421452147512,0.0,0.0,92511.3359375,90270.4140625,92511.3359375,benchmark
BTC,benchmark,random_walk_zero_return,random_walk_zero_return,2025-12-12,2025-12-13,0.0003134187556330964,0.0,0.0,90270.4140625,90298.7109375,90270.4140625,benchmark
BTC,benchmark,random_walk_zero_return,random_walk_zero_return,2025-12-13,2025-12-14,-0.02379767101791624,0.0,0.0,90298.7109375,88175.1796875,90298.7109375,benchmark
BTC,benchmark,random_walk_zero_return,random_walk_zero_return,2025-12-14,2025-12-15,-0.020108914713088392,0.0,0.0,88175.1796875,86419.78125,88175.1796875,benchmark
BTC,benchmark,random_walk_zero_return,random_walk_zero_return,2025-12-15,2025-12-16,0.016345736935078115,0.0,0.0,86419.78125,87843.984375,86419.78125,benchmark
BTC,benchmark,random_walk_zero_return,random_walk_zero_return,2025-12-16,2025-12-17,-0.019544833040854463,0.0,0.0,87843.984375,86143.7578125,87843.984375,benchmark
BTC,benchmark,random_walk_zero_return,random_walk_zero_return,2025-12-17,2025-12-18,-0.007939728497768105,0.0,0.0,86143.7578125,85462.5078125,86143.7578125,benchmark
BTC,benchmark,random_walk_zero_return,random_walk_zero_return,2025-12-18,2025-12-19,0.030433154968407768,0.0,0.0,85462.5078125,88103.3828125,85462.5078125,benchmark
BTC,benchmark,random_walk_zero_return,random_walk_zero_return,2025-12-19,2025-12-20,0.002727355122150639,0.0,0.0,88103.3828125,88344.0,88103.3828125,benchmark
BTC,benchmark,random_walk_zero_return,random_walk_zero_return,2025-12-20,2025-12-21,0.0031390280669266876,0.0,0.0,88344.0,88621.75,88344.0,benchmark
BTC,benchmark,random_walk_zero_return,random_walk_zero_return,2025-12-21,2025-12-22,-0.0014875849588890807,0.0,0.0,88621.75,88490.015625,88621.75,benchmark
BTC,benchmark,random_walk_zero_return,random_walk_zero_return,2025-12-22,2025-12-23,-0.012234274952953525,0.0,0.0,88490.015625,87414.0,88490.015625,benchmark
BTC,benchmark,random_walk_zero_return,random_walk_zero_return,2025-12-23,2025-12-24,0.002262076104062497,0.0,0.0,87414.0,87611.9609375,87414.0,benchmark
BTC,benchmark,random_walk_zero_return,random_walk_zero_return,2025-12-24,2025-12-25,-0.0043148578556266,0.0,0.0,87611.9609375,87234.7421875,87611.9609375,benchmark
BTC,benchmark,random_walk_zero_return,random_walk_zero_return,2025-12-25,2025-12-26,0.0007641682813230021,0.0,0.0,87234.7421875,87301.4296875,87234.7421875,benchmark
BTC,benchmark,random_walk_zero_return,random_walk_zero_return,2025-12-26,2025-12-27,0.00571921956587603,0.0,0.0,87301.4296875,87802.15625,87301.4296875,benchmark
BTC,benchmark,random_walk_zero_return,random_walk_zero_return,2025-12-27,2025-12-28,0.0003835125589097617,0.0,0.0,87802.15625,87835.8359375,87802.15625,benchmark
BTC,benchmark,random_walk_zero_return,random_walk_zero_return,2025-12-28,2025-12-29,-0.007974888882579774,0.0,0.0,87835.8359375,87138.140625,87835.8359375,benchmark
BTC,benchmark,random_walk_zero_return,random_walk_zero_return,2025-12-29,2025-12-30,0.01471809780879094,0.0,0.0,87138.140625,88430.1328125,87138.140625,benchmark
BTC,benchmark,random_walk_zero_return,random_walk_zero_return,2025-12-30,2025-12-31,-0.010473099349299821,0.0,0.0,88430.1328125,87508.828125,88430.1328125,benchmark
BTC,benchmark,random_walk_zero_return,random_walk_zero_return,2025-12-31,2026-01-01,0.013880733660550057,0.0,0.0,87508.828125,88731.984375,87508.828125,benchmark
BTC,benchmark,random_walk_zero_return,random_walk_zero_return,2026-01-01,2026-01-02,0.013574570130194884,0.0,0.0,88731.984375,89944.6953125,88731.984375,benchmark
BTC,benchmark,random_walk_zero_return,random_walk_zero_return,2026-01-02,2026-01-03,0.007294409627148249,0.0,0.0,89944.6953125,90603.1875,89944.6953125,benchmark
BTC,benchmark,random_walk_zero_return,random_walk_zero_return,2026-01-03,2026-01-04,0.008903689947606831,0.0,0.0,90603.1875,91413.4921875,90603.1875,benchmark
BTC,benchmark,random_walk_zero_return,random_walk_zero_return,2026-01-04,2026-01-05,0.02665149838136465,0.0,0.0,91413.4921875,93882.5546875,91413.4921875,benchmark
BTC,benchmark,random_walk_zero_return,random_walk_zero_return,2026-01-05,2026-01-06,-0.00163660971149983,0.0,0.0,93882.5546875,93729.03125,93882.5546875,benchmark
BTC,benchmark,random_walk_zero_return,random_walk_zero_return,2026-01-06,2026-01-07,-0.026168967250151644,0.0,0.0,93729.03125,91308.0546875,93729.03125,benchmark
BTC,benchmark,random_walk_zero_return,random_walk_zero_return,2026-01-07,2026-01-08,-0.003081466892755565,0.0,0.0,91308.0546875,91027.125,91308.0546875,benchmark
BTC,benchmark,random_walk_zero_return,random_walk_zero_return,2026-01-08,2026-01-09,-0.005662930149506993,0.0,0.0,91027.125,90513.1015625,91027.125,benchmark
BTC,benchmark,random_walk_zero_return,random_walk_zero_return,2026-01-09,2026-01-10,-0.0013980466595052143,0.0,0.0,90513.1015625,90386.6484375,90513.1015625,benchmark
BTC,benchmark,random_walk_zero_return,random_walk_zero_return,2026-01-10,2026-01-11,0.004865110901100388,0.0,0.0,90386.6484375,90827.4609375,90386.6484375,benchmark
BTC,benchmark,random_walk_zero_return,random_walk_zero_return,2026-01-11,2026-01-12,0.004016380962680633,0.0,0.0,90827.4609375,91192.9921875,90827.4609375,benchmark
BTC,benchmark,random_walk_zero_return,random_walk_zero_return,2026-01-12,2026-01-13,0.044280285031478225,0.0,0.0,91192.9921875,95321.78125,91192.9921875,benchmark
BTC,benchmark,random_walk_zero_return,random_walk_zero_return,2026-01-13,2026-01-14,0.016723797821879046,0.0,0.0,95321.78125,96929.328125,95321.78125,benchmark
BTC,benchmark,random_walk_zero_return,random_walk_zero_return,2026-01-14,2026-01-15,-0.014320038274756287,0.0,0.0,96929.328125,95551.1875,96929.328125,benchmark
BTC,benchmark,random_walk_zero_return,random_walk_zero_return,2026-01-15,2026-01-16,-0.00027287855188963723,0.0,0.0,95551.1875,95525.1171875,95551.1875,benchmark
BTC,benchmark,random_walk_zero_return,random_walk_zero_return,2026-01-16,2026-01-17,-0.004461072057980408,0.0,0.0,95525.1171875,95099.921875,95525.1171875,benchmark
BTC,benchmark,random_walk_zero_return,random_walk_zero_return,2026-01-17,2026-01-18,-0.015529993658124637,0.0,0.0,95099.921875,93634.4296875,95099.921875,benchmark
BTC,benchmark,random_walk_zero_return,random_walk_zero_return,2026-01-18,2026-01-19,-0.011610285761608208,0.0,0.0,93634.4296875,92553.59375,93634.4296875,benchmark
BTC,benchmark,random_walk_zero_return,random_walk_zero_return,2026-01-19,2026-01-20,-0.046924255054821146,0.0,0.0,92553.59375,88310.90625,92553.59375,benchmark
BTC,benchmark,random_walk_zero_return,random_walk_zero_return,2026-01-20,2026-01-21,0.011999327760148781,0.0,0.0,88310.90625,89376.9609375,88310.90625,benchmark
BTC,benchmark,random_walk_zero_return,random_walk_zero_return,2026-01-21,2026-01-22,0.0009560777691027553,0.0,0.0,89376.9609375,89462.453125,89376.9609375,benchmark
BTC,benchmark,random_walk_zero_return,random_walk_zero_return,2026-01-22,2026-01-23,0.00046290133092210693,0.0,0.0,89462.453125,89503.875,89462.453125,benchmark
BTC,benchmark,random_walk_zero_return,random_walk_zero_return,2026-01-23,2026-01-24,-0.004402117623558332,0.0,0.0,89503.875,89110.734375,89503.875,benchmark
BTC,benchmark,random_walk_zero_return,random_walk_zero_return,2026-01-24,2026-01-25,-0.028900838361794738,0.0,0.0,89110.734375,86572.21875,89110.734375,benchmark
BTC,benchmark,random_walk_zero_return,random_walk_zero_return,2026-01-25,2026-01-26,0.01938894055131375,0.0,0.0,86572.21875,88267.140625,86572.21875,benchmark
BTC,benchmark,random_walk_zero_return,random_walk_zero_return,2026-01-26,2026-01-27,0.00942027656458104,0.0,0.0,88267.140625,89102.5703125,88267.140625,benchmark
BTC,benchmark,random_walk_zero_return,random_walk_zero_return,2026-01-27,2026-01-28,0.0009198645005418251,0.0,0.0,89102.5703125,89184.5703125,89102.5703125,benchmark
BTC,benchmark,random_walk_zero_return,random_walk_zero_return,2026-01-28,2026-01-29,-0.053227949504083015,0.0,0.0,89184.5703125,84561.5859375,89184.5703125,benchmark
BTC,benchmark,random_walk_zero_return,random_walk_zero_return,2026-01-29,2026-01-30,-0.005132847429550004,0.0,0.0,84561.5859375,84128.65625,84561.5859375,benchmark
BTC,benchmark,random_walk_zero_return,random_walk_zero_return,2026-01-30,2026-01-31,-0.06770691927198588,0.0,0.0,84128.65625,78621.1171875,84128.65625,benchmark
BTC,benchmark,random_walk_zero_return,random_walk_zero_return,2026-01-31,2026-02-01,-0.021166842147211495,0.0,0.0,78621.1171875,76974.4453125,78621.1171875,benchmark
BTC,benchmark,random_walk_zero_return,random_walk_zero_return,2026-02-01,2026-02-02,0.022026908157821636,0.0,0.0,76974.4453125,78688.765625,76974.4453125,benchmark
BTC,benchmark,random_walk_zero_return,random_walk_zero_return,2026-02-02,2026-02-03,-0.03960046937497693,0.0,0.0,78688.765625,75633.546875,78688.765625,benchmark
BTC,benchmark,random_walk_zero_return,random_walk_zero_return,2026-02-03,2026-02-04,-0.035170615941758965,0.0,0.0,75633.546875,73019.703125,75633.546875,benchmark
BTC,benchmark,random_walk_zero_return,random_walk_zero_return,2026-02-04,2026-02-05,-0.1523344080304475,0.0,0.0,73019.703125,62702.09765625,73019.703125,benchmark
BTC,benchmark,random_walk_zero_return,random_walk_zero_return,2026-02-05,2026-02-06,0.118003181433477,0.0,0.0,62702.09765625,70555.390625,62702.09765625,benchmark
BTC,benchmark,random_walk_zero_return,random_walk_zero_return,2026-02-06,2026-02-07,-0.018213402812750957,0.0,0.0,70555.390625,69281.96875,70555.390625,benchmark
BTC,benchmark,random_walk_zero_return,random_walk_zero_return,2026-02-07,2026-02-08,0.01408523588474713,0.0,0.0,69281.96875,70264.7265625,69281.96875,benchmark
BTC,benchmark,random_walk_zero_return,random_walk_zero_return,2026-02-08,2026-02-09,-0.0020507154219692207,0.0,0.0,70264.7265625,70120.78125,70264.7265625,benchmark
BTC,benchmark,random_walk_zero_return,random_walk_zero_return,2026-02-09,2026-02-10,-0.01910323758989731,0.0,0.0,70120.78125,68793.9609375,70120.78125,benchmark
BTC,benchmark,random_walk_zero_return,random_walk_zero_return,2026-02-10,2026-02-11,-0.026543221212374526,0.0,0.0,68793.9609375,66991.96875,68793.9609375,benchmark
BTC,benchmark,random_walk_zero_return,random_walk_zero_return,2026-02-11,2026-02-12,-0.01156236827483507,0.0,0.0,66991.96875,66221.84375,66991.96875,benchmark
BTC,benchmark,random_walk_zero_return,random_walk_zero_return,2026-02-12,2026-02-13,0.03903376935715579,0.0,0.0,66221.84375,68857.84375,66221.84375,benchmark
BTC,benchmark,random_walk_zero_return,random_walk_zero_return,2026-02-13,2026-02-14,0.013125933067848304,0.0,0.0,68857.84375,69767.625,68857.84375,benchmark
BTC,benchmark,random_walk_zero_return,random_walk_zero_return,2026-02-14,2026-02-15,-0.014138040068878806,0.0,0.0,69767.625,68788.1875,69767.625,benchmark
BTC,benchmark,random_walk_zero_return,random_walk_zero_return,2026-02-15,2026-02-16,0.0007987824782500607,0.0,0.0,68788.1875,68843.15625,68788.1875,benchmark
BTC,benchmark,random_walk_zero_return,random_walk_zero_return,2026-02-16,2026-02-17,-0.019788873300286218,0.0,0.0,68843.15625,67494.21875,68843.15625,benchmark
BTC,benchmark,random_walk_zero_return,random_walk_zero_return,2026-02-17,2026-02-18,-0.015963632260214883,0.0,0.0,67494.21875,66425.3203125,67494.21875,benchmark
BTC,benchmark,random_walk_zero_return,random_walk_zero_return,2026-02-18,2026-02-19,0.007980125994704771,0.0,0.0,66425.3203125,66957.5234375,66425.3203125,benchmark
BTC,benchmark,random_walk_zero_return,random_walk_zero_return,2026-02-19,2026-02-20,0.015528995656632263,0.0,0.0,66957.5234375,68005.421875,66957.5234375,benchmark
BTC,benchmark,random_walk_zero_return,random_walk_zero_return,2026-02-20,2026-02-21,-2.4354972344490844e-05,0.0,0.0,68005.421875,68003.765625,68005.421875,benchmark
BTC,benchmark,random_walk_zero_return,random_walk_zero_return,2026-02-21,2026-02-22,-0.005076923598302017,0.0,0.0,68003.765625,67659.390625,68003.765625,benchmark
BTC,benchmark,random_walk_zero_return,random_walk_zero_return,2026-02-22,2026-02-23,-0.04601267313564273,0.0,0.0,67659.390625,64616.73828125,67659.390625,benchmark
BTC,benchmark,random_walk_zero_return,random_walk_zero_return,2026-02-23,2026-02-24,-0.00834051043874472,0.0,0.0,64616.73828125,64080.04296875,64616.73828125,benchmark
BTC,benchmark,random_walk_zero_return,random_walk_zero_return,2026-02-24,2026-02-25,0.05878816281087323,0.0,0.0,64080.04296875,67960.125,64080.04296875,benchmark
BTC,benchmark,random_walk_zero_return,random_walk_zero_return,2026-02-25,2026-02-26,-0.007478610812400483,0.0,0.0,67960.125,67453.7734375,67960.125,benchmark
BTC,benchmark,random_walk_zero_return,random_walk_zero_return,2026-02-26,2026-02-27,-0.023580345399758597,0.0,0.0,67453.7734375,65881.796875,67453.7734375,benchmark
BTC,benchmark,random_walk_zero_return,random_walk_zero_return,2026-02-27,2026-02-28,0.016768637200983844,0.0,0.0,65881.796875,66995.859375,65881.796875,benchmark
BTC,benchmark,random_walk_zero_return,random_walk_zero_return,2026-02-28,2026-03-01,-0.018952127255243773,0.0,0.0,66995.859375,65738.1015625,66995.859375,benchmark
BTC,benchmark,random_walk_zero_return,random_walk_zero_return,2026-03-01,2026-03-02,0.04517399874225875,0.0,0.0,65738.1015625,68775.8515625,65738.1015625,benchmark
BTC,benchmark,random_walk_zero_return,random_walk_zero_return,2026-03-02,2026-03-03,-0.007035921401254354,0.0,0.0,68775.8515625,68293.6484375,68775.8515625,benchmark
BTC,benchmark,random_walk_zero_return,random_walk_zero_return,2026-03-03,2026-03-04,0.06267011054362281,0.0,0.0,68293.6484375,72710.578125,68293.6484375,benchmark
BTC,benchmark,random_walk_zero_return,random_walk_zero_return,2026-03-04,2026-03-05,-0.026047184090688055,0.0,0.0,72710.578125,70841.125,72710.578125,benchmark
BTC,benchmark,random_walk_zero_return,random_walk_zero_return,2026-03-05,2026-03-06,-0.03892676222985379,0.0,0.0,70841.125,68136.4921875,70841.125,benchmark
BTC,benchmark,random_walk_zero_return,random_walk_zero_return,2026-03-06,2026-03-07,-0.012760002816373808,0.0,0.0,68136.4921875,67272.59375,68136.4921875,benchmark
BTC,benchmark,random_walk_zero_return,random_walk_zero_return,2026-03-07,2026-03-08,-0.019556151272463178,0.0,0.0,67272.59375,65969.78125,67272.59375,benchmark
BTC,benchmark,random_walk_zero_return,random_walk_zero_return,2026-03-08,2026-03-09,0.036210883133673905,0.0,0.0,65969.78125,68402.3828125,65969.78125,benchmark
BTC,benchmark,random_walk_zero_return,random_walk_zero_return,2026-03-09,2026-03-10,0.022043063053682945,0.0,0.0,68402.3828125,69926.921875,68402.3828125,benchmark
BTC,benchmark,random_walk_zero_return,random_walk_zero_return,2026-03-10,2026-03-11,0.003967140831024369,0.0,0.0,69926.921875,70204.8828125,69926.921875,benchmark
BTC,benchmark,random_walk_zero_return,random_walk_zero_return,2026-03-11,2026-03-12,0.004102088510358853,0.0,0.0,70204.8828125,70493.4609375,70204.8828125,benchmark
BTC,benchmark,random_walk_zero_return,random_walk_zero_return,2026-03-12,2026-03-13,0.006712861238543366,0.0,0.0,70493.4609375,70968.265625,70493.4609375,benchmark
BTC,benchmark,random_walk_zero_return,random_walk_zero_return,2026-03-13,2026-03-14,0.0034653905327112298,0.0,0.0,70968.265625,71214.625,70968.265625,benchmark
BTC,benchmark,random_walk_zero_return,random_walk_zero_return,2026-03-14,2026-03-15,0.021879197879022205,0.0,0.0,71214.625,72789.9140625,71214.625,benchmark
BTC,benchmark,random_walk_zero_return,random_walk_zero_return,2026-03-15,2026-03-16,0.028056806108927662,0.0,0.0,72789.9140625,74861.0859375,72789.9140625,benchmark
BTC,benchmark,random_walk_zero_return,random_walk_zero_return,2026-03-16,2026-03-17,-0.012617278563279094,0.0,0.0,74861.0859375,73922.4765625,74861.0859375,benchmark
BTC,benchmark,random_walk_zero_return,random_walk_zero_return,2026-03-17,2026-03-18,-0.03688417423341742,0.0,0.0,73922.4765625,71245.578125,73922.4765625,benchmark
BTC,benchmark,random_walk_zero_return,random_walk_zero_return,2026-03-18,2026-03-19,-0.01888416104762736,0.0,0.0,71245.578125,69912.7890625,71245.578125,benchmark
BTC,benchmark,random_walk_zero_return,random_walk_zero_return,2026-03-19,2026-03-20,0.008684431647448684,0.0,0.0,69912.7890625,70522.5859375,69912.7890625,benchmark
BTC,benchmark,random_walk_zero_return,random_walk_zero_return,2026-03-20,2026-03-21,-0.026016105631017767,0.0,0.0,70522.5859375,68711.5234375,70522.5859375,benchmark
BTC,benchmark,random_walk_zero_return,random_walk_zero_return,2026-03-21,2026-03-22,-0.012688120086084904,0.0,0.0,68711.5234375,67845.2109375,68711.5234375,benchmark
BTC,benchmark,random_walk_zero_return,random_walk_zero_return,2026-03-22,2026-03-23,0.04425119303469704,0.0,0.0,67845.2109375,70914.859375,67845.2109375,benchmark
BTC,benchmark,random_walk_zero_return,random_walk_zero_return,2026-03-23,2026-03-24,-0.005613991531695598,0.0,0.0,70914.859375,70517.859375,70914.859375,benchmark
BTC,benchmark,random_walk_zero_return,random_walk_zero_return,2026-03-24,2026-03-25,0.011168924480813245,0.0,0.0,70517.859375,71309.8828125,70517.859375,benchmark
BTC,benchmark,random_walk_zero_return,random_walk_zero_return,2026-03-25,2026-03-26,-0.03595291880741613,0.0,0.0,71309.8828125,68791.625,71309.8828125,benchmark
BTC,benchmark,random_walk_zero_return,random_walk_zero_return,2026-03-26,2026-03-27,-0.03631346968520713,0.0,0.0,68791.625,66338.375,68791.625,benchmark
BTC,benchmark,random_walk_zero_return,random_walk_zero_return,2026-03-27,2026-03-28,-0.0002816215791388498,0.0,0.0,66338.375,66319.6953125,66338.375,benchmark
BTC,benchmark,random_walk_zero_return,random_walk_zero_return,2026-03-28,2026-03-29,-0.005515409833700628,0.0,0.0,66319.6953125,65954.921875,66319.6953125,benchmark
BTC,benchmark,random_walk_zero_return,random_walk_zero_return,2026-03-29,2026-03-30,0.011105181731209317,0.0,0.0,65954.921875,66691.4453125,65954.921875,benchmark
BTC,benchmark,random_walk_zero_return,random_walk_zero_return,2026-03-30,2026-03-31,0.022856210162579323,0.0,0.0,66691.4453125,68233.3125,66691.4453125,benchmark
BTC,benchmark,random_walk_zero_return,random_walk_zero_return,2026-03-31,2026-04-01,-0.002270644254019965,0.0,0.0,68233.3125,68078.5546875,68233.3125,benchmark
BTC,benchmark,random_walk_zero_return,random_walk_zero_return,2026-04-01,2026-04-02,-0.017634149228875802,0.0,0.0,68078.5546875,66888.5703125,68078.5546875,benchmark
BTC,benchmark,random_walk_zero_return,random_walk_zero_return,2026-04-02,2026-04-03,0.0006356502125007872,0.0,0.0,66888.5703125,66931.1015625,66888.5703125,benchmark
BTC,benchmark,random_walk_zero_return,random_walk_zero_return,2026-04-03,2026-04-04,0.005355544495529739,0.0,0.0,66931.1015625,67290.515625,66931.1015625,benchmark
BTC,benchmark,random_walk_zero_return,random_walk_zero_return,2026-04-04,2026-04-05,0.024824828794848448,0.0,0.0,67290.515625,68981.8984375,67290.515625,benchmark
BTC,benchmark,random_walk_zero_return,random_walk_zero_return,2026-04-05,2026-04-06,-0.0017711667933321205,0.0,0.0,68981.8984375,68859.828125,68981.8984375,benchmark
BTC,benchmark,random_walk_zero_return,random_walk_zero_return,2026-04-06,2026-04-07,0.043769250088650125,0.0,0.0,68859.828125,71940.703125,68859.828125,benchmark
BTC,benchmark,random_walk_zero_return,random_walk_zero_return,2026-04-07,2026-04-08,-0.011426386592901714,0.0,0.0,71940.703125,71123.359375,71940.703125,benchmark
BTC,benchmark,random_walk_zero_return,random_walk_zero_return,2026-04-08,2026-04-09,0.00902047398791368,0.0,0.0,71123.359375,71767.828125,71123.359375,benchmark
BTC,benchmark,random_walk_zero_return,random_walk_zero_return,2026-04-09,2026-04-10,0.01673607145352826,0.0,0.0,71767.828125,72979.046875,71767.828125,benchmark
BTC,benchmark,random_walk_zero_return,random_walk_zero_return,2026-04-10,2026-04-11,0.0010302658186926742,0.0,0.0,72979.046875,73054.2734375,72979.046875,benchmark
BTC,benchmark,random_walk_zero_return,random_walk_zero_return,2026-04-11,2026-04-12,-0.03200195641601119,0.0,0.0,73054.2734375,70753.40625,73054.2734375,benchmark
BTC,benchmark,random_walk_zero_return,random_walk_zero_return,2026-04-12,2026-04-13,0.05139225778223328,0.0,0.0,70753.40625,74484.640625,70753.40625,benchmark
BTC,benchmark,random_walk_zero_return,random_walk_zero_return,2026-04-13,2026-04-14,-0.004076670658997154,0.0,0.0,74484.640625,74181.609375,74484.640625,benchmark
BTC,benchmark,random_walk_zero_return,random_walk_zero_return,2026-04-14,2026-04-15,0.00836950468372944,0.0,0.0,74181.609375,74805.078125,74181.609375,benchmark
BTC,benchmark,random_walk_zero_return,random_walk_zero_return,2026-04-15,2026-04-16,0.004628724487070657,0.0,0.0,74805.078125,75152.1328125,74805.078125,benchmark
BTC,benchmark,random_walk_zero_return,random_walk_zero_return,2026-04-16,2026-04-17,0.025937296578403095,0.0,0.0,75152.1328125,77126.875,75152.1328125,benchmark
BTC,benchmark,random_walk_zero_return,random_walk_zero_return,2026-04-17,2026-04-18,-0.018327445076503752,0.0,0.0,77126.875,75726.2109375,77126.875,benchmark
BTC,benchmark,random_walk_zero_return,random_walk_zero_return,2026-04-18,2026-04-19,-0.025002336494923415,0.0,0.0,75726.2109375,73856.3515625,75726.2109375,benchmark
BTC,benchmark,random_walk_zero_return,random_walk_zero_return,2026-04-19,2026-04-20,0.02693259727225901,0.0,0.0,73856.3515625,75872.5234375,73856.3515625,benchmark
BTC,benchmark,random_walk_zero_return,random_walk_zero_return,2026-04-20,2026-04-21,0.006309747501944813,0.0,0.0,75872.5234375,76352.7734375,75872.5234375,benchmark
BTC,benchmark,random_walk_zero_return,random_walk_zero_return,2026-04-21,2026-04-22,0.02394495237334366,0.0,0.0,76352.7734375,78203.1015625,76352.7734375,benchmark
BTC,benchmark,random_walk_zero_return,random_walk_zero_return,2026-04-22,2026-04-23,0.0008417038623198857,0.0,0.0,78203.1015625,78268.953125,78203.1015625,benchmark
BTC,benchmark,random_walk_zero_return,random_walk_zero_return,2026-04-23,2026-04-24,-0.010449855400701123,0.0,0.0,78268.953125,77455.3125,78268.953125,benchmark
BTC,benchmark,random_walk_zero_return,random_walk_zero_return,2026-04-24,2026-04-25,0.0020210985800430967,0.0,0.0,77455.3125,77612.015625,77455.3125,benchmark
BTC,benchmark,random_walk_zero_return,random_walk_zero_return,2026-04-25,2026-04-26,0.01338122502813899,0.0,0.0,77612.015625,78657.5390625,77612.015625,benchmark
BTC,benchmark,random_walk_zero_return,random_walk_zero_return,2026-04-26,2026-04-27,-0.016547994707933746,0.0,0.0,78657.5390625,77366.625,78657.5390625,benchmark
BTC,benchmark,random_walk_zero_return,random_walk_zero_return,2026-04-27,2026-04-28,-0.013218654490737211,0.0,0.0,77366.625,76350.671875,77366.625,benchmark
BTC,benchmark,random_walk_zero_return,random_walk_zero_return,2026-04-28,2026-04-29,-0.0075534590417408835,0.0,0.0,76350.671875,75776.1328125,76350.671875,benchmark
BTC,benchmark,random_walk_zero_return,random_walk_zero_return,2026-04-29,2026-04-30,0.006946186875134918,0.0,0.0,75776.1328125,76304.3203125,75776.1328125,benchmark
BTC,benchmark,random_walk_zero_return,random_walk_zero_return,2026-04-30,2026-05-01,0.02427150989403538,0.0,0.0,76304.3203125,78179.0,76304.3203125,benchmark
BTC,benchmark,random_walk_zero_return,random_walk_zero_return,2026-05-01,2026-05-02,0.006098736514783506,0.0,0.0,78179.0,78657.25,78179.0,benchmark
BTC,benchmark,random_walk_zero_return,random_walk_zero_return,2026-05-02,2026-05-03,-0.0015143369624661424,0.0,0.0,78657.25,78538.2265625,78657.25,benchmark
BTC,benchmark,random_walk_zero_return,random_walk_zero_return,2026-05-03,2026-05-04,0.01628767686490818,0.0,0.0,78538.2265625,79827.90625,78538.2265625,benchmark
BTC,benchmark,random_walk_zero_return,random_walk_zero_return,2026-05-04,2026-05-05,0.013675043806522565,0.0,0.0,79827.90625,80927.0546875,79827.90625,benchmark
BTC,benchmark,random_walk_zero_return,random_walk_zero_return,2026-05-05,2026-05-06,0.006165248057273942,0.0,0.0,80927.0546875,81427.53125,80927.0546875,benchmark
BTC,benchmark,random_walk_zero_return,random_walk_zero_return,2026-05-06,2026-05-07,-0.017561908350902416,0.0,0.0,81427.53125,80009.9921875,81427.53125,benchmark
BTC,benchmark,random_walk_zero_return,random_walk_zero_return,2026-05-07,2026-05-08,0.0022069548930199264,0.0,0.0,80009.9921875,80186.765625,80009.9921875,benchmark
BTC,benchmark,random_walk_zero_return,random_walk_zero_return,2026-05-08,2026-05-09,0.005938447031188693,0.0,0.0,80186.765625,80664.3671875,80186.765625,benchmark
BTC,benchmark,random_walk_zero_return,random_walk_zero_return,2026-05-09,2026-05-10,0.018115146956791082,0.0,0.0,80664.3671875,82138.9296875,80664.3671875,benchmark
BTC,benchmark,random_walk_zero_return,random_walk_zero_return,2026-05-10,2026-05-11,-0.005011785219488408,0.0,0.0,82138.9296875,81728.296875,82138.9296875,benchmark
BTC,benchmark,random_walk_zero_return,random_walk_zero_return,2026-05-11,2026-05-12,-0.015422747705667463,0.0,0.0,81728.296875,80477.4921875,81728.296875,benchmark
BTC,benchmark,random_walk_zero_return,random_walk_zero_return,2026-05-12,2026-05-13,-0.015028018231235505,0.0,0.0,80477.4921875,79277.1171875,80477.4921875,benchmark
BTC,benchmark,random_walk_zero_return,random_walk_zero_return,2026-05-13,2026-05-14,0.022132143698821827,0.0,0.0,79277.1171875,81051.25,79277.1171875,benchmark
BTC,benchmark,random_walk_zero_return,random_walk_zero_return,2026-05-14,2026-05-15,-0.02480277513696735,0.0,0.0,81051.25,79065.6796875,81051.25,benchmark
BTC,benchmark,random_walk_zero_return,random_walk_zero_return,2026-05-15,2026-05-16,-0.011886390842574117,0.0,0.0,79065.6796875,78131.4375,79065.6796875,benchmark
BTC,benchmark,random_walk_zero_return,random_walk_zero_return,2026-05-16,2026-05-17,-0.009026576797854137,0.0,0.0,78131.4375,77429.3515625,78131.4375,benchmark
BTC,benchmark,random_walk_zero_return,random_walk_zero_return,2026-05-17,2026-05-18,-0.006155853649121142,0.0,0.0,77429.3515625,76954.171875,77429.3515625,benchmark
BTC,benchmark,random_walk_zero_return,random_walk_zero_return,2026-05-18,2026-05-19,-0.002644879999712329,0.0,0.0,76954.171875,76750.90625,76954.171875,benchmark
BTC,benchmark,random_walk_zero_return,random_walk_zero_return,2026-05-19,2026-05-20,0.009167734783614812,0.0,0.0,76750.90625,77457.7734375,76750.90625,benchmark
BTC,benchmark,random_walk_zero_return,random_walk_zero_return,2026-05-20,2026-05-21,0.0010503232153248991,0.0,0.0,77457.7734375,77539.171875,77457.7734375,benchmark
BTC,benchmark,random_walk_zero_return,random_walk_zero_return,2026-05-21,2026-05-22,-0.026806340702622146,0.0,0.0,77539.171875,75488.2421875,77539.171875,benchmark
BTC,benchmark,random_walk_zero_return,random_walk_zero_return,2026-05-22,2026-05-23,0.015577503022418466,0.0,0.0,75488.2421875,76673.3671875,75488.2421875,benchmark
BTC,benchmark,random_walk_zero_return,random_walk_zero_return,2026-05-23,2026-05-24,0.004005847400396048,0.0,0.0,76673.3671875,76981.125,76673.3671875,benchmark
BTC,benchmark,random_walk_zero_return,random_walk_zero_return,2026-05-24,2026-05-25,0.003874018128693613,0.0,0.0,76981.125,77279.9296875,76981.125,benchmark
BTC,benchmark,random_walk_zero_return,random_walk_zero_return,2026-05-25,2026-05-26,-0.018996541405031864,0.0,0.0,77279.9296875,75825.734375,77279.9296875,benchmark
BTC,benchmark,random_walk_zero_return,random_walk_zero_return,2026-05-26,2026-05-27,-0.019725310724108713,0.0,0.0,75825.734375,74344.703125,75825.734375,benchmark
BTC,benchmark,random_walk_zero_return,random_walk_zero_return,2026-05-27,2026-05-28,-0.010929802661887332,0.0,0.0,74344.703125,73536.5546875,74344.703125,benchmark
BTC,benchmark,random_walk_zero_return,random_walk_zero_return,2026-05-28,2026-05-29,-0.0022330998228095003,0.0,0.0,73536.5546875,73372.5234375,73536.5546875,benchmark
BTC,benchmark,random_walk_zero_return,random_walk_zero_return,2026-05-29,2026-05-30,0.005197039654902875,0.0,0.0,73372.5234375,73754.8359375,73372.5234375,benchmark
BTC,benchmark,random_walk_zero_return,random_walk_zero_return,2026-05-30,2026-05-31,-0.002377562514476544,0.0,0.0,73754.8359375,73579.6875,73754.8359375,benchmark
BTC,benchmark,random_walk_zero_return,random_walk_zero_return,2026-05-31,2026-06-01,-0.031195386303294676,0.0,0.0,73579.6875,71319.7734375,73579.6875,benchmark
BTC,benchmark,random_walk_zero_return,random_walk_zero_return,2026-06-01,2026-06-02,-0.06691384852525814,0.0,0.0,71319.7734375,66703.65625,71319.7734375,benchmark
BTC,benchmark,random_walk_zero_return,random_walk_zero_return,2026-06-02,2026-06-03,-0.041152222290191665,0.0,0.0,66703.65625,64014.3671875,66703.65625,benchmark
BTC,benchmark,random_walk_zero_return,random_walk_zero_return,2026-06-03,2026-06-04,-0.003329681149437111,0.0,0.0,64014.3671875,63801.57421875,64014.3671875,benchmark
BTC,benchmark,random_walk_zero_return,random_walk_zero_return,2026-06-04,2026-06-05,-0.046172542625212365,0.0,0.0,63801.57421875,60922.66796875,63801.57421875,benchmark
BTC,benchmark,random_walk_zero_return,random_walk_zero_return,2026-06-05,2026-06-06,-0.0009073630482773938,0.0,0.0,60922.66796875,60867.4140625,60922.66796875,benchmark
BTC,benchmark,random_walk_zero_return,random_walk_zero_return,2026-06-06,2026-06-07,0.0382314561194156,0.0,0.0,60867.4140625,63239.51953125,60867.4140625,benchmark
BTC,benchmark,random_walk_zero_return,random_walk_zero_return,2026-06-07,2026-06-08,-0.0023577871851843952,0.0,0.0,63239.51953125,63090.58984375,63239.51953125,benchmark
BTC,benchmark,random_walk_zero_return,random_walk_zero_return,2026-06-08,2026-06-09,-0.023199274916972237,0.0,0.0,63090.58984375,61643.78125,63090.58984375,benchmark
BTC,benchmark,random_walk_zero_return,random_walk_zero_return,2026-06-09,2026-06-10,-0.00316008608540611,0.0,0.0,61643.78125,61449.2890625,61643.78125,benchmark
BTC,benchmark,random_walk_zero_return,random_walk_zero_return,2026-06-10,2026-06-11,0.03378866852406486,0.0,0.0,61449.2890625,63561.0546875,61449.2890625,benchmark
BTC,benchmark,random_walk_zero_return,random_walk_zero_return,2026-06-11,2026-06-12,-0.0002809578486747506,0.0,0.0,63561.0546875,63543.19921875,63561.0546875,benchmark
BTC,benchmark,random_walk_zero_return,random_walk_zero_return,2026-06-12,2026-06-13,0.01372472245570358,0.0,0.0,63543.19921875,64421.32421875,63543.19921875,benchmark
BTC,benchmark,random_walk_zero_return,random_walk_zero_return,2026-06-13,2026-06-14,0.019812484755317328,0.0,0.0,64421.32421875,65710.3984375,64421.32421875,benchmark
BTC,benchmark,random_walk_zero_return,random_walk_zero_return,2026-06-14,2026-06-15,0.0087743291428838,0.0,0.0,65710.3984375,66289.5,65710.3984375,benchmark
BTC,benchmark,random_walk_zero_return,random_walk_zero_return,2026-06-15,2026-06-16,-0.010446052081715382,0.0,0.0,66289.5,65600.640625,66289.5,benchmark
BTC,benchmark,random_walk_zero_return,random_walk_zero_return,2026-06-16,2026-06-17,-0.01818545153086442,0.0,0.0,65600.640625,64418.4453125,65600.640625,benchmark
BTC,benchmark,random_walk_zero_return,random_walk_zero_return,2026-06-17,2026-06-18,-0.023909926459543353,0.0,0.0,64418.4453125,62896.47265625,64418.4453125,benchmark
BTC,benchmark,random_walk_zero_return,random_walk_zero_return,2026-06-18,2026-06-19,0.0101927013006599,0.0,0.0,62896.47265625,63540.8359375,62896.47265625,benchmark
BTC,benchmark,random_walk_zero_return,random_walk_zero_return,2026-06-19,2026-06-20,0.01093823779640829,0.0,0.0,63540.8359375,64239.67578125,63540.8359375,benchmark
BTC,benchmark,random_walk_zero_return,random_walk_zero_return,2026-06-20,2026-06-21,-0.01572292530514671,0.0,0.0,64239.67578125,63237.5390625,64239.67578125,benchmark
BTC,benchmark,random_walk_zero_return,random_walk_zero_return,2026-06-21,2026-06-22,0.011236353824842346,0.0,0.0,63237.5390625,63952.10546875,63237.5390625,benchmark
BTC,benchmark,random_walk_zero_return,random_walk_zero_return,2026-06-22,2026-06-23,-0.02028318896027214,0.0,0.0,63952.10546875,62668.01953125,63952.10546875,benchmark
BTC,benchmark,random_walk_zero_return,random_walk_zero_return,2026-06-23,2026-06-24,-0.027057191162537193,0.0,0.0,62668.01953125,60995.1328125,62668.01953125,benchmark
BTC,benchmark,random_walk_zero_return,random_walk_zero_return,2026-06-24,2026-06-25,-0.021099038116469408,0.0,0.0,60995.1328125,59721.67578125,60995.1328125,benchmark
BTC,benchmark,random_walk_zero_return,random_walk_zero_return,2026-06-25,2026-06-26,0.004923319948585001,0.0,0.0,59721.67578125,60016.4296875,59721.67578125,benchmark
BTC,benchmark,random_walk_zero_return,random_walk_zero_return,2026-06-26,2026-06-27,-0.0012726617424323222,0.0,0.0,60016.4296875,59940.09765625,60016.4296875,benchmark
BTC,benchmark,random_walk_zero_return,random_walk_zero_return,2026-06-27,2026-06-28,-0.006825999440473744,0.0,0.0,59940.09765625,59532.33984375,59940.09765625,benchmark
BTC,benchmark,random_walk_zero_return,random_walk_zero_return,2026-06-28,2026-06-29,0.010128530183576383,0.0,0.0,59532.33984375,60138.37890625,59532.33984375,benchmark
BTC,benchmark,random_walk_zero_return,random_walk_zero_return,2026-06-29,2026-06-30,-0.026615830286262104,0.0,0.0,60138.37890625,58558.859375,60138.37890625,benchmark
BTC,benchmark,random_walk_zero_return,random_walk_zero_return,2026-06-30,2026-07-01,0.024374798891813786,0.0,0.0,58558.859375,60003.7578125,58558.859375,benchmark
BTC,benchmark,random_walk_zero_return,random_walk_zero_return,2026-07-01,2026-07-02,0.024390944088390595,0.0,0.0,60003.7578125,61485.30078125,60003.7578125,benchmark
BTC,benchmark,random_walk_zero_return,random_walk_zero_return,2026-07-02,2026-07-03,0.01707535974546987,0.0,0.0,61485.30078125,62544.19921875,61485.30078125,benchmark
BTC,benchmark,random_walk_zero_return,random_walk_zero_return,2026-07-03,2026-07-04,0.00866191238397133,0.0,0.0,62544.19921875,63088.3046875,62544.19921875,benchmark
BTC,benchmark,random_walk_zero_return,random_walk_zero_return,2026-07-04,2026-07-05,0.007258275090508953,0.0,0.0,63088.3046875,63547.8828125,63088.3046875,benchmark
BTC,benchmark,random_walk_zero_return,random_walk_zero_return,2026-07-05,2026-07-06,0.007011517689840301,0.0,0.0,63547.8828125,63995.015625,63547.8828125,benchmark
BTC,benchmark,random_walk_zero_return,random_walk_zero_return,2026-07-06,2026-07-07,-0.01096103180817717,0.0,0.0,63995.015625,63297.39453125,63995.015625,benchmark
BTC,benchmark,random_walk_zero_return,random_walk_zero_return,2026-07-07,2026-07-08,-0.016563965519348627,0.0,0.0,63297.39453125,62257.57421875,63297.39453125,benchmark
BTC,benchmark,random_walk_zero_return,random_walk_zero_return,2026-07-08,2026-07-09,0.014915682336986301,0.0,0.0,62257.57421875,63193.1484375,62257.57421875,benchmark
BTC,benchmark,random_walk_zero_return,random_walk_zero_return,2026-07-09,2026-07-10,0.01467180052315595,0.0,0.0,63193.1484375,64127.140625,63193.1484375,benchmark
BTC,benchmark,random_walk_zero_return,random_walk_zero_return,2026-07-10,2026-07-11,-0.005082718606355573,0.0,0.0,64127.140625,63802.02734375,64127.140625,benchmark
BTC,benchmark,random_walk_zero_return,random_walk_zero_return,2026-07-11,2026-07-12,-0.0006868690961942699,0.0,0.0,63802.02734375,63758.21875,63802.02734375,benchmark
BTC,benchmark,random_walk_zero_return,random_walk_zero_return,2026-07-12,2026-07-13,-0.024114338771437895,0.0,0.0,63758.21875,62239.12109375,63758.21875,benchmark
BTC,benchmark,random_walk_zero_return,random_walk_zero_return,2026-07-13,2026-07-14,0.04272810304426096,0.0,0.0,62239.12109375,64956.11328125,62239.12109375,benchmark
BTC,benchmark,random_walk_zero_return,random_walk_zero_return,2026-07-14,2026-07-15,-0.0037594109647903352,0.0,0.0,64956.11328125,64712.375,64956.11328125,benchmark
BTC,benchmark,random_walk_zero_return,random_walk_zero_return,2026-07-15,2026-07-16,-0.014367279855176223,0.0,0.0,64712.375,63789.28125,64712.375,benchmark
BTC,benchmark,random_walk_zero_return,random_walk_zero_return,2026-07-16,2026-07-17,0.0017257545646935989,0.0,0.0,63789.28125,63899.4609375,63789.28125,benchmark
BTC,benchmark,random_walk_zero_return,random_walk_zero_return,2026-07-17,2026-07-18,0.01394223164475083,0.0,0.0,63899.4609375,64796.6015625,63899.4609375,benchmark
BTC,benchmark,random_walk_zero_return,random_walk_zero_return,2026-07-18,2026-07-19,-0.0016340878484766735,0.0,0.0,64796.6015625,64690.8046875,64796.6015625,benchmark
BTC,benchmark,random_walk_zero_return,random_walk_zero_return,2026-07-19,2026-07-20,0.008300835886390828,0.0,0.0,64690.8046875,65230.02734375,64690.8046875,benchmark
BTC,benchmark,random_walk_zero_return,random_walk_zero_return,2026-07-20,2026-07-21,0.019359107363714313,0.0,0.0,65230.02734375,66505.125,65230.02734375,benchmark
BTC,benchmark,random_walk_zero_return,random_walk_zero_return,2026-07-21,2026-07-22,-0.006098209978869257,0.0,0.0,66505.125,66100.796875,66505.125,benchmark
BTC,benchmark,random_walk_zero_return,random_walk_zero_return,2026-07-22,2026-07-23,-0.016104346952909084,0.0,0.0,66100.796875,65044.8125,66100.796875,benchmark
BTC,benchmark,random_walk_zero_return,random_walk_zero_return,2026-07-23,2026-07-24,-0.014655553654227636,0.0,0.0,65044.8125,64098.49609375,65044.8125,benchmark
BTC,benchmark,random_walk_zero_return,random_walk_zero_return,2026-07-24,2026-07-25,0.0033224217714330475,0.0,0.0,64098.49609375,64311.8125,64098.49609375,benchmark
BTC,benchmark,random_walk_zero_return,random_walk_zero_return,2026-07-25,2026-07-26,0.015865685940396487,0.0,0.0,64311.8125,65340.30078125,64311.8125,benchmark
BTC,benchmark,random_walk_zero_return,random_walk_zero_return,2026-07-26,2026-07-27,-0.02503365298859531,0.0,0.0,65340.30078125,63724.8984375,65340.30078125,benchmark
BTC,benchmark,random_walk_zero_return,random_walk_zero_return,2026-07-27,2026-07-28,0.0022957554728576246,0.0,0.0,63724.8984375,63871.36328125,63724.8984375,benchmark
BTC,benchmark,random_walk_zero_return,random_walk_zero_return,2026-07-28,2026-07-29,0.0005760654802496461,0.0,0.0,63871.36328125,63908.16796875,63871.36328125,benchmark
BTC,benchmark,random_walk_zero_return,random_walk_zero_return,2026-07-29,2026-07-30,0.01270511594195683,0.0,0.0,63908.16796875,64725.30859375,63908.16796875,benchmark
BTC,benchmark,random_walk_zero_return,random_walk_zero_return,2026-07-30,2026-07-31,-0.02997835702863742,0.0,0.0,64725.30859375,62813.74609375,64725.30859375,benchmark
BTC,benchmark,random_walk_zero_return,random_walk_zero_return,2026-07-31,2026-08-01,-0.0008031049841085494,0.0,0.0,62813.74609375,62763.3203125,62813.74609375,benchmark
BTC,benchmark,random_walk_zero_return,random_walk_zero_return,2026-08-01,2026-08-02,0.011385569767075112,0.0,0.0,62763.3203125,63482.0,62763.3203125,benchmark
BTC,benchmark,random_walk_zero_return,random_walk_zero_return,2026-08-02,2026-08-03,-0.0003324575530272348,0.0,0.0,63482.0,63460.8984375,63482.0,benchmark
BTC,benchmark,random_walk_zero_return,random_walk_zero_return,2026-08-03,2026-08-04,0.00933302539348361,0.0,0.0,63460.8984375,64055.953125,63460.8984375,benchmark
BTC,benchmark,random_walk_zero_return,random_walk_zero_return,2026-08-04,2026-08-05,0.008418741360802475,0.0,0.0,64055.953125,64597.5,64055.953125,benchmark
BTC,benchmark,random_walk_zero_return,random_walk_zero_return,2026-08-05,2026-08-06,-0.005205470783879128,0.0,0.0,64597.5,64262.11328125,64597.5,benchmark
BTC,benchmark,random_walk_zero_return,random_walk_zero_return,2026-08-06,2026-08-07,0.00957212039536744,0.0,0.0,64262.11328125,64880.19140625,64262.11328125,benchmark
BTC,benchmark,random_walk_zero_return,random_walk_zero_return,2026-08-07,2026-08-08,0.00037748764335751974,0.0,0.0,64880.19140625,64904.6875,64880.19140625,benchmark
BTC,benchmark,random_walk_zero_return,random_walk_zero_return,2026-08-08,2026-08-09,-0.0009217877722439945,0.0,0.0,64904.6875,64844.88671875,64904.6875,benchmark
BTC,benchmark,random_walk_zero_return,random_walk_zero_return,2026-08-09,2026-08-10,-0.014513048045569134,0.0,0.0,64844.88671875,63910.5859375,64844.88671875,benchmark
BTC,benchmark,random_walk_zero_return,random_walk_zero_return,2026-08-10,2026-08-11,-0.00562851025881392,0.0,0.0,63910.5859375,63551.875,63910.5859375,benchmark
BTC,benchmark,random_walk_zero_return,random_walk_zero_return,2026-08-11,2026-08-12,-0.0023542560615523694,0.0,0.0,63551.875,63402.43359375,63551.875,benchmark
BTC,benchmark,random_walk_zero_return,random_walk_zero_return,2026-08-12,2026-08-13,-4.127906065128786e-06,0.0,0.0,63402.43359375,63402.171875,63402.43359375,benchmark
BTC,benchmark,random_walk_zero_return,random_walk_zero_return,2026-08-13,2026-08-14,-0.006750867021094253,0.0,0.0,63402.171875,62975.59375,63402.171875,benchmark
BTC,benchmark,random_walk_zero_return,random_walk_zero_return,2026-08-14,2026-08-15,0.0007734380660748331,0.0,0.0,62975.59375,63024.3203125,62975.59375,benchmark
BTC,benchmark,random_walk_zero_return,random_walk_zero_return,2026-08-15,2026-08-16,-0.0032686473868631834,0.0,0.0,63024.3203125,62818.65234375,63024.3203125,benchmark
BTC,benchmark,random_walk_zero_return,random_walk_zero_return,2026-08-16,2026-08-17,0.026510137670231988,0.0,0.0,62818.65234375,64506.25390625,62818.65234375,benchmark
BTC,benchmark,random_walk_zero_return,random_walk_zero_return,2026-08-17,2026-08-18,0.002700847372800676,0.0,0.0,64506.25390625,64680.7109375,64506.25390625,benchmark
BTC,benchmark,random_walk_zero_return,random_walk_zero_return,2026-08-18,2026-08-19,0.0684938460027011,0.0,0.0,64680.7109375,69266.1875,64680.7109375,benchmark
BTC,benchmark,random_walk_zero_return,random_walk_zero_return,2026-08-19,2026-08-20,0.05295120538976306,0.0,0.0,69266.1875,73032.7578125,69266.1875,benchmark
BTC,benchmark,random_walk_zero_return,random_walk_zero_return,2026-08-20,2026-08-21,0.07008881775516321,0.0,0.0,73032.7578125,78335.1875,73032.7578125,benchmark
BTC,benchmark,random_walk_zero_return,random_walk_zero_return,2026-08-21,2026-08-22,-0.016108760387506423,0.0,0.0,78335.1875,77083.4140625,78335.1875,benchmark
BTC,benchmark,random_walk_zero_return,random_walk_zero_return,2026-08-22,2026-08-23,0.008678138825315892,0.0,0.0,77083.4140625,77755.265625,77083.4140625,benchmark
BTC,benchmark,random_walk_zero_return,random_walk_zero_return,2026-08-23,2026-08-24,0.0154319126625293,0.0,0.0,77755.265625,78964.484375,77755.265625,benchmark
BTC,benchmark,random_walk_zero_return,random_walk_zero_return,2026-08-24,2026-08-25,-0.005072177186830813,0.0,0.0,78964.484375,78564.9765625,78964.484375,benchmark
BTC,benchmark,random_walk_zero_return,random_walk_zero_return,2026-08-25,2026-08-26,0.005868895257053803,0.0,0.0,78564.9765625,79027.421875,78564.9765625,benchmark
BTC,benchmark,random_walk_zero_return,random_walk_zero_return,2026-08-26,2026-08-27,0.015445797722405792,0.0,0.0,79027.421875,80257.5390625,79027.421875,benchmark
BTC,benchmark,random_walk_zero_return,random_walk_zero_return,2026-08-27,2026-08-28,-0.030710027313092664,0.0,0.0,80257.5390625,77830.2890625,80257.5390625,benchmark
BTC,benchmark,random_walk_zero_return,random_walk_zero_return,2026-08-28,2026-08-29,0.005324638622765287,0.0,0.0,77830.2890625,78245.8125,77830.2890625,benchmark
BTC,benchmark,random_walk_zero_return,random_walk_zero_return,2026-08-29,2026-08-30,-0.007417513856522034,0.0,0.0,78245.8125,77667.5703125,78245.8125,benchmark
BTC,benchmark,random_walk_zero_return,random_walk_zero_return,2026-08-30,2026-08-31,0.01128015948027171,0.0,0.0,77667.5703125,78548.6328125,77667.5703125,benchmark
ETH,benchmark,arima,arima,2025-10-31,2025-11-01,0.007021586687225155,-0.0003754042108892192,0.0,3847.080322265625,3874.18798828125,3845.6363831603853,benchmark
ETH,benchmark,arima,arima,2025-11-01,2025-11-02,0.009473174047530416,-0.00023613721467716619,0.0,3874.18798828125,3911.063232421875,3873.2732563259397,benchmark
ETH,benchmark,arima,arima,2025-11-02,2025-11-03,-0.08223448305523949,-0.0003185845355730945,0.0,3911.063232421875,3602.30810546875,3909.817426616146,benchmark
ETH,benchmark,arima,arima,2025-11-03,2025-11-04,-0.08990501013567212,0.0027655603560959347,0.0,3602.30810546875,3292.574462890625,3612.2842944736594,benchmark
ETH,benchmark,arima,arima,2025-11-04,2025-11-05,0.039481668810072805,0.003023521552127958,0.0,3292.574462890625,3425.171142578125,3302.5446977557654,benchmark
ETH,benchmark,arima,arima,2025-11-05,2025-11-06,-0.03352136366985419,-0.0013277755753666142,0.0,3425.171142578125,3312.2578125,3420.626301925474,benchmark
ETH,benchmark,arima,arima,2025-11-06,2025-11-07,0.03647448115981518,0.001127329448710101,0.0,3312.2578125,3435.301025390625,3315.9939237922163,benchmark
ETH,benchmark,arima,arima,2025-11-07,2025-11-08,-0.010218549741346181,-0.0012266433174632323,0.0,3435.301025390625,3400.3759765625,3431.0897197573577,benchmark
ETH,benchmark,arima,arima,2025-11-08,2025-11-09,0.05220874290983875,0.0003436516533152914,0.0,3400.3759765625,3582.621337890625,3401.544722197922,benchmark
ETH,benchmark,arima,arima,2025-11-09,2025-11-10,-0.003960630532174714,-0.0017557893509960517,0.0,3582.621337890625,3568.4599609375,3576.336528512161,benchmark
ETH,benchmark,arima,arima,2025-11-10,2025-11-11,-0.04387398640993172,0.0001331967123520168,0.0,3568.4599609375,3415.2822265625,3568.935299728536,benchmark
ETH,benchmark,arima,arima,2025-11-11,2025-11-12,-0.0006408517068140884,0.001475490000924474,0.0,3415.2822265625,3413.09423828125,3420.3251608227642,benchmark
ETH,benchmark,arima,arima,2025-11-12,2025-11-13,-0.054283922809847215,2.1551957386428003e-05,0.0,3413.09423828125,3232.757080078125,3413.167797935504,benchmark
ETH,benchmark,arima,arima,2025-11-13,2025-11-14,-0.04071281618360177,0.0018255780217581142,0.0,3232.757080078125,3103.78564453125,3238.6641205943183,benchmark
ETH,benchmark,arima,arima,2025-11-14,2025-11-15,0.020045814386644864,0.0013691792814792463,0.0,3103.78564453125,3166.63134765625,3108.0381941169508,benchmark
ETH,benchmark,arima,arima,2025-11-15,2025-11-16,-0.023576197316441422,-0.0006741443189485753,0.0,3166.63134765625,3092.847412109375,3164.4973005317174,benchmark
ETH,benchmark,arima,arima,2025-11-16,2025-11-17,-0.022333536068642135,0.0007928717275701476,0.0,3092.847412109375,3024.538818359375,3095.300615789529,benchmark
ETH,benchmark,arima,arima,2025-11-17,2025-11-18,0.032028732106195945,0.000751080807808885,0.0,3024.538818359375,3122.97900390625,3026.811344736959,benchmark
ETH,benchmark,arima,arima,2025-11-18,2025-11-19,-0.03251421900082368,-0.001077131982570041,0.0,3122.97900390625,3023.07080078125,3119.616954350857,benchmark
ETH,benchmark,arima,arima,2025-11-19,2025-11-20,-0.06536849882670856,0.0010934589935671756,0.0,3023.07080078125,2831.777587890625,3026.3782126666474,benchmark
ETH,benchmark,arima,arima,2025-11-20,2025-11-21,-0.02361115238578957,0.002198354293432025,0.0,2831.777587890625,2765.69921875,2838.00968597895,benchmark
ETH,benchmark,arima,arima,2025-11-21,2025-11-22,0.0006897153274086759,0.0007940472727969459,0.0,2765.69921875,2767.607421875,2767.896186804837,benchmark
ETH,benchmark,arima,arima,2025-11-22,2025-11-23,0.012234618260287876,-2.3195249676365914e-05,0.0,2767.607421875,2801.676025390625,2767.5432272743515,benchmark
ETH,benchmark,arima,arima,2025-11-23,2025-11-24,0.05250671846439223,-0.0004114523977720045,0.0,2801.676025390625,2952.71337890625,2800.523506191851,benchmark
ETH,benchmark,arima,arima,2025-11-24,2025-11-25,0.0017672851723719149,-0.0017658103221281408,0.0,2952.71337890625,2957.936279296875,2947.504047842369,benchmark
ETH,benchmark,arima,arima,2025-11-25,2025-11-26,0.023348428095094007,-5.943411606715915e-05,0.0,2957.936279296875,3027.81201171875,2957.7604821929567,benchmark
ETH,benchmark,arima,arima,2025-11-26,2025-11-27,-0.004392260426713515,-0.0007852118079659333,0.0,3027.81201171875,3014.542236328125,3025.4354711408155,benchmark
ETH,benchmark,arima,arima,2025-11-27,2025-11-28,0.005874882913213043,0.00014771250281476623,0.0,3014.542236328125,3032.304443359375,3014.987554795437,benchmark
ETH,benchmark,arima,arima,2025-11-28,2025-11-29,-0.013485997805236051,-0.00019757336190188654,0.0,3032.304443359375,2991.685302734375,3031.7053999556488,benchmark
ETH,benchmark,arima,arima,2025-11-29,2025-11-30,0.00014280097860070945,0.0004535365154238822,0.0,2991.685302734375,2992.112548828125,2993.042448996252,benchmark
ETH,benchmark,arima,arima,2025-11-30,2025-12-01,-0.0662927736435053,-4.802422421316161e-06,0.0,2992.112548828125,2800.18896484375,2992.098179474237,benchmark
ETH,benchmark,arima,arima,2025-12-01,2025-12-02,0.06823838280892502,0.0022294378206398732,0.0,2800.18896484375,2997.939697265625,2806.438776221171,benchmark
ETH,benchmark,arima,arima,2025-12-02,2025-12-03,0.06258823046337834,-0.0022948690044502867,0.0,2997.939697265625,3191.57177734375,2991.067706552303,benchmark
ETH,benchmark,arima,arima,2025-12-03,2025-12-04,-0.01810241754529839,-0.002104853371686474,0.0,3191.57177734375,3134.31640625,3184.861051751527,benchmark
ETH,benchmark,arima,arima,2025-12-04,2025-12-05,-0.03568750802814642,0.0006087875359919706,0.0,3134.31640625,3024.432861328125,3136.2251199535854,benchmark
ETH,benchmark,arima,arima,2025-12-05,2025-12-06,0.005202266348911221,0.0012001772704547794,0.0,3024.432861328125,3040.207763671875,3028.0648960110702,benchmark
ETH,benchmark,arima,arima,2025-12-06,2025-12-07,0.006914380156550823,-0.00017495314668344777,0.0,3040.207763671875,3061.3017578125,3039.675916282593,benchmark
ETH,benchmark,arima,arima,2025-12-07,2025-12-08,0.020657404003744346,-0.00023253183989845738,0.0,3061.3017578125,3125.197998046875,3060.589990439767,benchmark
ETH,benchmark,arima,arima,2025-12-08,2025-12-09,0.06080292642241868,-0.000694712187030315,0.0,3125.197998046875,3321.114990234375,3123.027638885518,benchmark
ETH,benchmark,arima,arima,2025-12-09,2025-12-10,0.001286434597521452,-0.0020448132778496907,0.0,3321.114990234375,3325.39013671875,3314.330868699823,benchmark
ETH,benchmark,arima,arima,2025-12-10,2025-12-11,-0.02692245348848621,-4.3263025332398935e-05,0.0,3325.39013671875,3237.056884765625,3325.246273393029,benchmark
ETH,benchmark,arima,arima,2025-12-11,2025-12-12,-0.048381125268667786,0.0009054069204348247,0.0,3237.056884765625,3084.172607421875,3239.989065679071,benchmark
ETH,benchmark,arima,arima,2025-12-12,2025-12-13,0.010489822947687412,0.0016270658859308524,0.0,3084.172607421875,3116.6953125,3089.194844104757,benchmark
ETH,benchmark,arima,arima,2025-12-13,2025-12-14,-0.01816399360114702,-0.00035277461970670645,0.0,3116.6953125,3060.5947265625,3115.5960154098484,benchmark
ETH,benchmark,arima,arima,2025-12-14,2025-12-15,-0.03200777016588088,0.0006108583497505412,0.0,3060.5947265625,2964.18310546875,3062.464887549996,benchmark
ETH,benchmark,arima,arima,2025-12-15,2025-12-16,-7.412721688312701e-07,0.0010764270287724567,0.0,2964.18310546875,2964.180908203125,2967.3755501903443,benchmark
ETH,benchmark,arima,arima,2025-12-16,2025-12-17,-0.045828192848759323,2.492911546388919e-08,0.0,2964.180908203125,2831.403564453125,2964.1809820975345,benchmark
ETH,benchmark,arima,arima,2025-12-17,2025-12-18,-0.0015320294953636582,0.001541210312575472,0.0,2831.403564453125,2827.069091796875,2835.770717311782,benchmark
ETH,benchmark,arima,arima,2025-12-18,2025-12-19,0.05200157806139122,5.152242562163757e-05,0.0,2827.069091796875,2977.970703125,2827.2147530062616,benchmark
ETH,benchmark,arima,arima,2025-12-19,2025-12-20,-0.0001303602133292682,-0.0017488223601333712,0.0,2977.970703125,2977.58251953125,2972.767312600564,benchmark
ETH,benchmark,arima,arima,2025-12-20,2025-12-21,0.008038330984924418,4.384037262731513e-06,0.0,2977.58251953125,3001.61376953125,2977.595573392583,benchmark
ETH,benchmark,arima,arima,2025-12-21,2025-12-22,0.0014847515809792915,-0.00027033050704716705,0.0,3001.61376953125,3006.07373046875,3000.802451425931,benchmark
ETH,benchmark,arima,arima,2025-12-22,2025-12-23,-0.014306326840175283,-4.993246091483116e-05,0.0,3006.07373046875,2963.3740234375,3005.9236335570813,benchmark
ETH,benchmark,arima,arima,2025-12-23,2025-12-24,-0.0060191597554604985,0.0004811243274182549,0.0,2963.3740234375,2945.590576171875,2964.800117808253,benchmark
ETH,benchmark,arima,arima,2025-12-24,2025-12-25,-0.014365015056822026,0.00020242541788130142,0.0,2945.590576171875,2903.57958984375,2946.186898928569,benchmark
ETH,benchmark,arima,arima,2025-12-25,2025-12-26,0.007605038907991378,0.000483098022628562,0.0,2903.57958984375,2925.74560546875,2904.98264228079,benchmark
ETH,benchmark,arima,arima,2025-12-26,2025-12-27,0.0075770385642638756,-0.00025575881709355533,0.0,2925.74560546875,2947.998291015625,2924.9974159156945,benchmark
ETH,benchmark,arima,arima,2025-12-27,2025-12-28,0.00019327323098403297,-0.0002548171605318205,0.0,2947.998291015625,2948.568115234375,2947.247186163123,benchmark
ETH,benchmark,arima,arima,2025-12-28,2025-12-29,-0.00476952504017534,-6.499813285686585e-06,0.0,2948.568115234375,2934.538330078125,2948.5489501544507,benchmark
ETH,benchmark,arima,arima,2025-12-29,2025-12-30,0.012488715813386491,0.00016039997916269963,0.0,2934.538330078125,2971.416748046875,2935.009067717266,benchmark
ETH,benchmark,arima,arima,2025-12-30,2025-12-31,-0.0014748454494985343,-0.0004199977438764905,0.0,2971.416748046875,2967.03759765625,2970.1690217560335,benchmark
ETH,benchmark,arima,arima,2025-12-31,2026-01-01,0.01117969589667102,4.9599315943432085e-05,0.0,2967.03759765625,3000.394287109375,2967.184764341125,benchmark
ETH,benchmark,arima,arima,2026-01-01,2026-01-02,0.04050579142356504,-0.000375975170224796,0.0,3000.394287109375,3124.422607421875,2999.2664253938237,benchmark
ETH,benchmark,arima,arima,2026-01-02,2026-01-03,0.0004783333560596635,-0.001362217001814847,0.0,3124.422607421875,3125.91748046875,3120.1693634035532,benchmark
ETH,benchmark,arima,arima,2026-01-03,2026-01-04,0.004721198192569982,-1.6086436217131933e-05,0.0,3125.91748046875,3140.71044921875,3125.86719600103,benchmark
ETH,benchmark,arima,arima,2026-01-04,2026-01-05,0.02683435946003148,-0.00015877473864428244,0.0,3140.71044921875,3226.13037109375,3140.2118233236633,benchmark
ETH,benchmark,arima,arima,2026-01-05,2026-01-06,0.021410072765534124,-0.0009024443025201534,0.0,3226.13037109375,3295.94677734375,3223.2202814155935,benchmark
ETH,benchmark,arima,arima,2026-01-06,2026-01-07,-0.039957957746070624,-0.000720024571951363,0.0,3295.94677734375,3166.843994140625,3293.5744688389173,benchmark
ETH,benchmark,arima,arima,2026-01-07,2026-01-08,-0.01992066167813984,0.0013437932573718368,0.0,3166.843994140625,3104.382568359375,3171.102438340583,benchmark
ETH,benchmark,arima,arima,2026-01-08,2026-01-09,-0.006896412519137501,0.0006699354110033886,0.0,3104.382568359375,3083.047119140625,3106.463000971148,benchmark
ETH,benchmark,arima,arima,2026-01-09,2026-01-10,-0.00021121695136130524,0.0002319275850423819,0.0,3083.047119140625,3082.39599609375,3083.7622457391262,benchmark
ETH,benchmark,arima,arima,2026-01-10,2026-01-11,0.011768432191719677,7.1032638075670555e-06,0.0,3082.39599609375,3118.88525390625,3082.417891243433,benchmark
ETH,benchmark,arima,arima,2026-01-11,2026-01-12,-0.008552349240195838,-0.00039577447700328767,0.0,3118.88525390625,3092.3251953125,3117.651122960926,benchmark
ETH,benchmark,arima,arima,2026-01-12,2026-01-13,0.07167244785080332,0.0002876170327997925,0.0,3092.3251953125,3322.095458984375,3093.214728625962,benchmark
ETH,benchmark,arima,arima,2026-01-13,2026-01-14,0.009773355035415114,-0.0024103572252942604,0.0,3322.095458984375,3354.72265625,3314.0976648342994,benchmark
ETH,benchmark,arima,arima,2026-01-14,2026-01-15,-0.01127779653171091,-0.00032867967582210646,0.0,3354.72265625,3317.101318359375,3353.620208280916,benchmark
ETH,benchmark,arima,arima,2026-01-15,2026-01-16,-0.006538811242779367,0.000379274312106577,0.0,3317.101318359375,3295.482177734375,3318.3596482911094,benchmark
ETH,benchmark,arima,arima,2026-01-16,2026-01-17,0.004052512545503773,0.0002199013902340429,0.0,3295.482177734375,3308.8642578125,3296.2069385317827,benchmark
ETH,benchmark,arima,arima,2026-01-17,2026-01-18,-0.008408684018054191,-0.00013628672087472415,0.0,3308.8642578125,3281.15771484375,3308.413334281126,benchmark
ETH,benchmark,arima,arima,2026-01-18,2026-01-19,-0.029235184793820444,0.0002827855457138001,0.0,3281.15771484375,3186.62109375,3282.0857100243425,benchmark
ETH,benchmark,arima,arima,2026-01-19,2026-01-20,-0.08204732940901807,0.0009831844873958522,0.0,3186.62109375,2935.605712890625,3189.755670857873,benchmark
ETH,benchmark,arima,arima,2026-01-20,2026-01-21,0.014640674097217414,0.0027592663455390607,0.0,2935.605712890625,2978.901123046875,2943.7170164150752,benchmark
ETH,benchmark,arima,arima,2026-01-21,2026-01-22,-0.009873624051331843,-0.0004923684854027347,0.0,2978.901123046875,2949.63330078125,2977.4347670361235,benchmark
ETH,benchmark,arima,arima,2026-01-22,2026-01-23,0.0012275504187740749,0.0003320517407401504,0.0,2949.63330078125,2953.25634765625,2950.6128942821824,benchmark
ETH,benchmark,arima,arima,2026-01-23,2026-01-24,-0.0015302026847261398,-4.128273988163952e-05,0.0,2953.25634765625,2948.74072265625,2953.1344316591762,benchmark
ETH,benchmark,arima,arima,2026-01-24,2026-01-25,-0.046095446910964524,5.14609896535435e-05,0.0,2948.74072265625,2815.90234375,2948.8924716766137,benchmark
ETH,benchmark,arima,arima,2026-01-25,2026-01-26,0.0385097283715548,0.001550198114431584,0.0,2815.90234375,2926.45703125,2820.2709354701765,benchmark
ETH,benchmark,arima,arima,2026-01-26,2026-01-27,0.03219617504335294,-0.0012950890447849567,0.0,2926.45703125,3022.2109375,2922.669461957936,benchmark
ETH,benchmark,arima,arima,2026-01-27,2026-01-28,-0.005176321307197195,-0.0010827631184598184,0.0,3022.2109375,3006.607421875,3018.9403699051813,benchmark
ETH,benchmark,arima,arima,2026-01-28,2026-01-29,-0.06470236643237812,0.0001740806102955998,0.0,3006.607421875,2818.232666015625,3007.1308594887673,benchmark
ETH,benchmark,arima,arima,2026-01-29,2026-01-30,-0.04197886796827195,0.002175952142008101,0.0,2818.232666015625,2702.375244140625,2824.3716821022863,benchmark
ETH,benchmark,arima,arima,2026-01-30,2026-01-31,-0.10004843937927187,0.001411756829174127,0.0,2702.375244140625,2445.091796875,2706.193035108678,benchmark
ETH,benchmark,arima,arima,2026-01-31,2026-02-01,-0.07519978220290023,0.0033646468896839812,0.0,2445.091796875,2267.96484375,2453.332523177075,benchmark
ETH,benchmark,arima,arima,2026-02-01,2026-02-02,0.03312814665299069,0.0025289821097031744,0.0,2267.96484375,2344.356689453125,2273.7077450517577,benchmark
ETH,benchmark,arima,arima,2026-02-02,2026-02-03,-0.05110473707553693,-0.0011141054901859196,0.0,2344.356689453125,2227.558837890625,2341.746283198431,benchmark
ETH,benchmark,arima,arima,2026-02-03,2026-02-04,-0.03846435100865618,0.0017186614375610905,0.0,2227.558837890625,2143.504150390625,2231.390549129204,benchmark
ETH,benchmark,arima,arima,2026-02-04,2026-02-05,-0.16268108635736284,0.001293562995964144,0.0,2143.504150390625,1821.68310546875,2146.2787021831414,benchmark
ETH,benchmark,arima,arima,2026-02-05,2026-02-06,0.12458793243377704,0.005470993996695121,0.0,1821.68310546875,2063.386962890625,1831.6768356941895,benchmark
ETH,benchmark,arima,arima,2026-02-06,2026-02-07,0.013078072860626821,-0.00418991442501516,0.0,2063.386962890625,2090.54931640625,2054.759634595392,benchmark
ETH,benchmark,arima,arima,2026-02-07,2026-02-08,-0.00085486651992098,-0.00043981792666208377,0.0,2090.54931640625,2088.762939453125,2089.630057508413,benchmark
ETH,benchmark,arima,arima,2026-02-08,2026-02-09,0.007062777520560773,2.87493137843289e-05,0.0,2088.762939453125,2103.567626953125,2088.8229908175063,benchmark
ETH,benchmark,arima,arima,2026-02-09,2026-02-10,-0.04078608660125574,-0.00023752246976086413,0.0,2103.567626953125,2019.4974365234373,2103.0680417087715,benchmark
ETH,benchmark,arima,arima,2026-02-10,2026-02-11,-0.03984048759789168,0.0013716433787144934,0.0,2019.4974365234373,1940.621337890625,2022.2693674263162,benchmark
ETH,benchmark,arima,arima,2026-02-11,2026-02-12,0.003251056309532056,0.0013398427153028828,0.0,1940.621337890625,1946.940673828125,1943.2232079124212,benchmark
ETH,benchmark,arima,arima,2026-02-12,2026-02-13,0.05086191072713562,-0.0001093336044811989,0.0,1946.940673828125,2048.52734375,1946.727819422826,benchmark
ETH,benchmark,arima,arima,2026-02-13,2026-02-14,0.018131871977993777,-0.0017104951440841424,0.0,2048.52734375,2086.009765625,2045.0263427521957,benchmark
ETH,benchmark,arima,arima,2026-02-14,2026-02-15,-0.05923016066341757,-0.0006097780938254642,0.0,2086.009765625,1966.04296875,2084.7381503074,benchmark
ETH,benchmark,arima,arima,2026-02-15,2026-02-16,0.016082623092426845,0.001991920884404512,0.0,1966.04296875,1997.917724609375,1969.9630737724553,benchmark
ETH,benchmark,arima,arima,2026-02-16,2026-02-17,-0.002868787898831094,-0.0005408614877115696,0.0,1997.917724609375,1992.1943359375,1996.8374200304236,benchmark
ETH,benchmark,arima,arima,2026-02-17,2026-02-18,-0.019371403139241388,9.647784953819971e-05,0.0,1992.1943359375,1953.97412109375,1992.3865478348396,benchmark
ETH,benchmark,arima,arima,2026-02-18,2026-02-19,-0.002958901252870125,0.0006514637482168131,0.0,1953.97412109375,1948.2010498046875,1955.24747912686,benchmark
ETH,benchmark,arima,arima,2026-02-19,2026-02-20,0.010630736664791151,9.950837773301762e-05,0.0,1948.2010498046875,1969.0223388671875,1948.394921776434,benchmark
ETH,benchmark,arima,arima,2026-02-20,2026-02-21,0.0023916477643178046,-0.0003575135731867258,0.0,1969.0223388671875,1973.7371826171875,1968.3185124763752,benchmark
ETH,benchmark,arima,arima,2026-02-21,2026-02-22,-0.008104381025179103,-8.043154157483784e-05,0.0,1973.7371826171875,1957.805908203125,1973.5784382770375,benchmark
ETH,benchmark,arima,arima,2026-02-22,2026-02-23,-0.053668696967508325,0.0002725517817005773,0.0,1957.805908203125,1855.5028076171875,1958.3395844155273,benchmark
ETH,benchmark,arima,arima,2026-02-23,2026-02-24,-0.001366236763411363,0.0018048878667719726,0.0,1855.5028076171875,1852.969482421875,1858.8548062022433,benchmark
ETH,benchmark,arima,arima,2026-02-24,2026-02-25,0.10330529755605292,4.594678642769858e-05,0.0,1852.969482421875,2054.6279296875,1853.0546223708793,benchmark
ETH,benchmark,arima,arima,2026-02-25,2026-02-26,-0.013640230652308093,-0.0034741756119972505,0.0,2054.6279296875,2026.7926025390625,2047.5021766683863,benchmark
ETH,benchmark,arima,arima,2026-02-26,2026-02-27,-0.04853988358482078,0.00045872339362415895,0.0,2026.7926025390625,1930.7618408203125,2027.7225529985794,benchmark
ETH,benchmark,arima,arima,2026-02-27,2026-02-28,0.017603302415937827,0.001632404956464783,0.0,1930.7618408203125,1965.050537109375,1933.9161999142666,benchmark
ETH,benchmark,arima,arima,2026-02-28,2026-03-01,-0.013311214361673498,-0.0005920022050261268,0.0,1965.050537109375,1939.066650390625,1963.887567132779,benchmark
ETH,benchmark,arima,arima,2026-03-01,2026-03-02,0.04448277882265156,0.0004476585169923261,0.0,1939.066650390625,2027.2689208984373,1939.9348844133665,benchmark
ETH,benchmark,arima,arima,2026-03-02,2026-03-03,-0.02219521539096451,-0.001495963798523214,0.0,2027.2689208984373,1982.7689208984373,2024.238467272517,benchmark
ETH,benchmark,arima,arima,2026-03-03,2026-03-04,0.06998564880773499,0.000746429058708005,0.0,1982.7689208984373,2126.50537109375,1984.2494697312934,benchmark
ETH,benchmark,arima,arima,2026-03-04,2026-03-05,-0.026156066067129717,-0.0023536298721341907,0.0,2126.50537109375,2071.60546875,2121.506249877354,benchmark
ETH,benchmark,arima,arima,2026-03-05,2026-03-06,-0.04585794631276462,0.0008796331745417501,0.0,2071.60546875,1978.751220703125,2073.428523336972,benchmark
ETH,benchmark,arima,arima,2026-03-06,2026-03-07,-0.004708868776353749,0.0015422109268853387,0.0,1978.751220703125,1969.4554443359373,1981.8052268127697,benchmark
ETH,benchmark,arima,arima,2026-03-07,2026-03-08,-0.016820776457913442,0.00015836009817431663,0.0,1969.4554443359373,1936.604736328125,1969.7673521896795,benchmark
ETH,benchmark,arima,arima,2026-03-08,2026-03-09,0.028673744603590037,0.0005656857172618089,0.0,1936.604736328125,1992.938232421875,1937.700555882961,benchmark
ETH,benchmark,arima,arima,2026-03-09,2026-03-10,0.021927234478122906,-0.0009643031534987669,0.0,1992.938232421875,2037.1204833984373,1991.0173620991256,benchmark
ETH,benchmark,arima,arima,2026-03-10,2026-03-11,0.007069651069372434,-0.0007374168127351407,0.0,2037.1204833984373,2051.5732421875,2035.6188302446014,benchmark
ETH,benchmark,arima,arima,2026-03-11,2026-03-12,0.010455613837732266,-0.0002377536284353395,0.0,2051.5732421875,2073.13623046875,2051.085531184997,benchmark
ETH,benchmark,arima,arima,2026-03-12,2026-03-13,0.00932731032254328,-0.00035162416122755814,0.0,2073.13623046875,2092.5634765625,2072.407393826397,benchmark
ETH,benchmark,arima,arima,2026-03-13,2026-03-14,0.0021592233043722896,-0.00031367911244365224,0.0,2092.5634765625,2097.086669921875,2091.9071860461345,benchmark
ETH,benchmark,arima,arima,2026-03-14,2026-03-15,0.03761747257489843,-7.261506546492486e-05,0.0,2097.086669921875,2177.476318359375,2096.9343953648336,benchmark
ETH,benchmark,arima,arima,2026-03-15,2026-03-16,0.0767490852405507,-0.0012650823229445325,0.0,2177.476318359375,2351.176025390625,2174.723373278626,benchmark
ETH,benchmark,arima,arima,2026-03-16,2026-03-17,-0.014187828746907258,-0.002581085447637785,0.0,2351.176025390625,2318.053466796875,2345.1152642026395,benchmark
ETH,benchmark,arima,arima,2026-03-17,2026-03-18,-0.05060291819156262,0.00047713921537231586,0.0,2318.053466796875,2203.671630859375,2319.1597649173336,benchmark
ETH,benchmark,arima,arima,2026-03-18,2026-03-19,-0.030523607148640667,0.0017017851788445684,0.0,2203.671630859375,2137.423828125,2207.4249993874423,benchmark
ETH,benchmark,arima,arima,2026-03-19,2026-03-20,0.004235958585431247,0.0010265143613613157,0.0,2137.423828125,2146.4970703125,2139.619050901975,benchmark
ETH,benchmark,arima,arima,2026-03-20,2026-03-21,-0.033061992006107994,-0.0001424560439695799,0.0,2146.4970703125,2076.68994140625,2146.1913106106467,benchmark
ETH,benchmark,arima,arima,2026-03-21,2026-03-22,-0.011449568094526609,0.0011118806975929216,0.0,2076.68994140625,2053.04833984375,2079.0002570266406,benchmark
ETH,benchmark,arima,arima,2026-03-22,2026-03-23,0.04713979833568274,0.0003850510204505528,0.0,2053.04833984375,2152.14599609375,2053.839020418453,benchmark
ETH,benchmark,arima,arima,2026-03-23,2026-03-24,0.0016520306586044232,-0.0015853198394151643,0.0,2152.14599609375,2155.704345703125,2148.736859348881,benchmark
ETH,benchmark,arima,arima,2026-03-24,2026-03-25,0.005697480587391201,-5.555808617927894e-05,0.0,2155.704345703125,2168.021484375,2155.584582222255,benchmark
ETH,benchmark,arima,arima,2026-03-25,2026-03-26,-0.05131370661715102,-0.0001916072899920949,0.0,2168.021484375,2059.578369140625,2167.606115448862,benchmark
ETH,benchmark,arima,arima,2026-03-26,2026-03-27,-0.033727669892453536,0.0017256891205773652,0.0,2059.578369140625,1991.27197265625,2063.1356296052745,benchmark
ETH,benchmark,arima,arima,2026-03-27,2026-03-28,0.0007141663784116856,0.0011342675638321162,0.0,1991.27197265625,1992.694580078125,1993.5318892983805,benchmark
ETH,benchmark,arima,arima,2026-03-28,2026-03-29,-0.005098999439741094,-2.4017542889705386e-05,0.0,1992.694580078125,1982.5596923828125,1992.6467210253124,benchmark
ETH,benchmark,arima,arima,2026-03-29,2026-03-30,0.02044726139354914,0.00017148026207972717,0.0,1982.5596923828125,2023.514892578125,1982.8996913891774,benchmark
ETH,benchmark,arima,arima,2026-03-30,2026-03-31,0.039340814763852025,-0.0006876450535080917,0.0,2023.514892578125,2104.708251953125,2022.1239108771979,benchmark
ETH,benchmark,arima,arima,2026-03-31,2026-04-01,0.016038636316827372,-0.001323038628629049,0.0,2104.708251953125,2138.737060546875,2101.925482895196,benchmark
ETH,benchmark,arima,arima,2026-04-01,2026-04-02,-0.03903857547596571,-0.0005393822045900513,0.0,2138.737060546875,2056.8525390625,2137.5837748949584,benchmark
ETH,benchmark,arima,arima,2026-04-02,2026-04-03,-0.0016871461717564678,0.0013128742673832734,0.0,2056.8525390625,2053.38525390625,2059.5547012443053,benchmark
ETH,benchmark,arima,arima,2026-04-03,2026-04-04,0.00581068555550107,5.673902715986522e-05,0.0,2053.38525390625,2065.3515625,2053.501764293253,benchmark
ETH,benchmark,arima,arima,2026-04-04,2026-04-05,0.020911357684258978,-0.00019541439329336392,0.0,2065.3515625,2108.99560546875,2064.9480025094763,benchmark
ETH,benchmark,arima,arima,2026-04-05,2026-04-06,-0.0005853459761497797,-0.0007032526946740992,0.0,2108.99560546875,2107.761474609375,2107.51297002094,benchmark
ETH,benchmark,arima,arima,2026-04-06,2026-04-07,0.06165560497032879,1.9685289748251985e-05,0.0,2107.761474609375,2241.806640625,2107.8029669131156,benchmark
ETH,benchmark,arima,arima,2026-04-07,2026-04-08,-0.02322737152703056,-0.0020734890097444192,0.0,2241.806640625,2190.33544921875,2237.1630950277613,benchmark
ETH,benchmark,arima,arima,2026-04-08,2026-04-09,-0.0005440857898826656,0.0007811406539555603,0.0,2190.33544921875,2189.14404296875,2192.0470777082,benchmark
ETH,benchmark,arima,arima,2026-04-09,2026-04-10,0.025261127435567108,1.829770231307815e-05,0.0,2189.14404296875,2245.148681640625,2189.1840996412398,benchmark
ETH,benchmark,arima,arima,2026-04-10,2026-04-11,0.017765001038666954,-0.0008495362284841483,0.0,2245.148681640625,2285.39013671875,2243.242156443014,benchmark
ETH,benchmark,arima,arima,2026-04-11,2026-04-12,-0.04163060757712065,-0.0005974401585954902,0.0,2285.39013671875,2192.201171875,2284.025160659374,benchmark
ETH,benchmark,arima,arima,2026-04-12,2026-04-13,0.07828539113868566,0.0014000447700040157,0.0,2192.201171875,2370.71484375,2195.2725011580474,benchmark
ETH,benchmark,arima,arima,2026-04-13,2026-04-14,-0.02019924377033633,-0.0026327516894485876,0.0,2370.71484375,2323.30859375,2364.4815491987415,benchmark
ETH,benchmark,arima,arima,2026-04-14,2026-04-15,0.015430748489014857,0.000679304176531827,0.0,2323.30859375,2359.43701171875,2324.8873631527204,benchmark
ETH,benchmark,arima,arima,2026-04-15,2026-04-16,-0.004584461790341291,-0.0005189388283433462,0.0,2359.43701171875,2348.64501953125,2358.212925880644,benchmark
ETH,benchmark,arima,arima,2026-04-16,2026-04-17,0.03037175089257519,0.00015417626900977597,0.0,2348.64501953125,2421.07177734375,2349.0071527730483,benchmark
ETH,benchmark,arima,arima,2026-04-17,2026-04-18,-0.029326772361462847,-0.0010214074083411608,0.0,2421.07177734375,2351.1005859375,2418.6001391838918,benchmark
ETH,benchmark,arima,arima,2026-04-18,2026-04-19,-0.0373454427406088,0.0009862645936575154,0.0,2351.1005859375,2264.9169921875,2353.4205370563063,benchmark
ETH,benchmark,arima,arima,2026-04-19,2026-04-20,0.021963323579239753,0.0012559339110200434,0.0,2264.9169921875,2315.21240234375,2267.7633652977415,benchmark
ETH,benchmark,arima,arima,2026-04-20,2026-04-21,0.0054954065471357755,-0.0007386304956529119,0.0,2315.21240234375,2327.970458984375,2313.502947265011,benchmark
ETH,benchmark,arima,arima,2026-04-21,2026-04-22,0.02045865422003999,-0.0001848115039183727,0.0,2327.970458984375,2376.088134765625,2327.5402630165786,benchmark
ETH,benchmark,arima,arima,2026-04-22,2026-04-23,-0.0189376886242059,-0.0006880281962982739,0.0,2376.088134765625,2331.513916015625,2374.4538814026823,benchmark
ETH,benchmark,arima,arima,2026-04-23,2026-04-24,-0.006810026535066284,0.0006368778515943487,0.0,2331.513916015625,2315.690185546875,2332.999278536458,benchmark
ETH,benchmark,arima,arima,2026-04-24,2026-04-25,0.001354581263398566,0.00022902240896546518,0.0,2315.690185546875,2318.8291015625,2316.220591226662,benchmark
ETH,benchmark,arima,arima,2026-04-25,2026-04-26,0.02171324359272805,-4.555480988004746e-05,0.0,2318.8291015625,2369.72900390625,2318.723470149662,benchmark
ETH,benchmark,arima,arima,2026-04-26,2026-04-27,-0.02853520923910551,-0.0007302202610304702,0.0,2369.72900390625,2303.06396484375,2367.999211416072,benchmark
ETH,benchmark,arima,arima,2026-04-27,2026-04-28,-0.005942025412355139,0.0009596441844422173,0.0,2303.06396484375,2289.419677734375,2305.275147588649,benchmark
ETH,benchmark,arima,arima,2026-04-28,2026-04-29,-0.01585118391858995,0.0001998313761428449,0.0,2289.419677734375,2253.415771484375,2289.877221333406,benchmark
ETH,benchmark,arima,arima,2026-04-29,2026-04-30,0.0012574984349416124,0.0005330781469495079,0.0,2253.415771484375,2256.251220703125,2254.6173384242293,benchmark
ETH,benchmark,arima,arima,2026-04-30,2026-05-01,0.017069008220622378,-4.2289897015478695e-05,0.0,2256.251220703125,2295.09375,2256.1558060889115,benchmark
ETH,benchmark,arima,arima,2026-05-01,2026-05-02,0.00916800638403556,-0.0005740337957875838,0.0,2295.09375,2316.23193359375,2293.776666684333,benchmark
ETH,benchmark,arima,arima,2026-05-02,2026-05-03,0.0023302997915724253,-0.0003083216925324581,0.0,2316.23193359375,2321.6357421875,2315.517899125501,benchmark
ETH,benchmark,arima,arima,2026-05-03,2026-05-04,0.010608949945406291,-7.836839829177609e-05,0.0,2321.6357421875,2346.39697265625,2321.453806442067,benchmark
ETH,benchmark,arima,arima,2026-05-04,2026-05-05,0.00628165402969772,-0.00035678088192167974,0.0,2346.39697265625,2361.1826171875,2345.559972396731,benchmark
ETH,benchmark,arima,arima,2026-05-05,2026-05-06,-0.004406055141063485,-0.0002112531472177283,0.0,2361.1826171875,2350.802001953125,2360.6838626120552,benchmark
ETH,benchmark,arima,arima,2026-05-06,2026-05-07,-0.02572114978849261,0.00014817642152274086,0.0,2350.802001953125,2291.107666015625,2351.150361190158,benchmark
ETH,benchmark,arima,arima,2026-05-07,2026-05-08,0.006900517380177334,0.0008650068623946716,0.0,2291.107666015625,2306.97216796875,2293.090347262029,benchmark
ETH,benchmark,arima,arima,2026-05-08,2026-05-09,0.008526770803293412,-0.00023206563225247278,0.0,2306.97216796875,2326.727294921875,2306.4368611295636,benchmark
ETH,benchmark,arima,arima,2026-05-09,2026-05-10,0.018023789401602215,-0.0002867568253972515,0.0,2326.727294921875,2369.0439453125,2326.060185642859,benchmark
ETH,benchmark,arima,arima,2026-05-10,2026-05-11,-0.012608728464913158,-0.000606143257472782,0.0,2369.0439453125,2339.36083984375,2367.608400415275,benchmark
ETH,benchmark,arima,arima,2026-05-11,2026-05-12,-0.028054385823506677,0.0004240337907872391,0.0,2339.36083984375,2274.6435546875,2340.353018232403,benchmark
ETH,benchmark,arima,arima,2026-05-12,2026-05-13,-0.007531505292275851,0.0009434740070779415,0.0,2274.6435546875,2257.576416015625,2276.790634454423,benchmark
ETH,benchmark,arima,arima,2026-05-13,2026-05-14,0.01029350969888902,0.0002532858684604783,0.0,2257.576416015625,2280.934814453125,2258.1483006408607,benchmark
ETH,benchmark,arima,arima,2026-05-14,2026-05-15,-0.025579807171991084,-0.0003461725700788328,0.0,2280.934814453125,2223.328857421875,2280.1453540388775,benchmark
ETH,benchmark,arima,arima,2026-05-15,2026-05-16,-0.019794470746775893,0.0008602534849512831,0.0,2223.328857421875,2179.751953125,2225.24230672738,benchmark
ETH,benchmark,arima,arima,2026-05-16,2026-05-17,-0.024195229175847065,0.0006656915874379807,0.0,2179.751953125,2127.645263671875,2181.20347874349,benchmark
ETH,benchmark,arima,arima,2026-05-17,2026-05-18,0.0004092183281597835,0.0008136898795901781,0.0,2127.645263671875,2128.51611328125,2129.377211628986,benchmark
ETH,benchmark,arima,arima,2026-05-18,2026-05-19,-0.00875425372369268,-1.3762085481662764e-05,0.0,2128.51611328125,2109.9638671875,2128.486820662114,benchmark
ETH,benchmark,arima,arima,2026-05-19,2026-05-20,0.008033908248005973,0.00029440711664943274,0.0,2109.9638671875,2126.9833984375,2110.5851470159873,benchmark
ETH,benchmark,arima,arima,2026-05-20,2026-05-21,0.002079303908552925,-0.0002701817696144908,0.0,2126.9833984375,2131.41064453125,2126.408803924946,benchmark
ETH,benchmark,arima,arima,2026-05-21,2026-05-22,-0.031829628880296966,-6.992736190615492e-05,0.0,2131.41064453125,2064.636962890625,2131.261605818742,benchmark
ETH,benchmark,arima,arima,2026-05-22,2026-05-23,0.024550147375465296,0.0010704361055138534,0.0,2064.636962890625,2115.951416015625,2066.8482081277084,benchmark
ETH,benchmark,arima,arima,2026-05-23,2026-05-24,-0.008522952674199372,-0.0008256258420484303,0.0,2115.951416015625,2097.993896484375,2114.205152825248,benchmark
ETH,benchmark,arima,arima,2026-05-24,2026-05-25,0.006355596261768782,0.00028662842103372143,0.0,2097.993896484375,2111.370361328125,2098.595327351735,benchmark
ETH,benchmark,arima,arima,2026-05-25,2026-05-26,-0.019374108363781214,-0.0002137398376918401,0.0,2111.370361328125,2070.858154296875,2110.9191255950313,benchmark
ETH,benchmark,arima,arima,2026-05-26,2026-05-27,-0.023777930243884346,0.0006515547254013678,0.0,2070.858154296875,2022.1982421875,2072.2078713724636,benchmark
ETH,benchmark,arima,arima,2026-05-27,2026-05-28,-0.0072687232435778805,0.0007996560419590465,0.0,2022.1982421875,2007.552734375,2023.815951949393,benchmark
ETH,benchmark,arima,arima,2026-05-28,2026-05-29,0.00220213888797984,0.00024444846121752633,0.0,2007.552734375,2011.978515625,2008.0435375373258,benchmark
ETH,benchmark,arima,arima,2026-05-29,2026-05-30,0.0037107092790728668,-7.405832420838941e-05,0.0,2011.978515625,2019.458251953125,2011.8295173851377,benchmark
ETH,benchmark,arima,arima,2026-05-30,2026-05-31,-0.007513679144432405,-0.00012479181596250578,0.0,2019.458251953125,2004.341552734375,2019.206255814458,benchmark
ETH,benchmark,arima,arima,2026-05-31,2026-06-01,-0.0005591235515652776,0.00025268637192391437,0.0,2004.341552734375,2003.22119140625,2004.8480865238294,benchmark
ETH,benchmark,arima,arima,2026-06-01,2026-06-02,-0.07540853835127649,1.880342492491625e-05,0.0,2003.22119140625,1857.71630859375,2003.258859179671,benchmark
ETH,benchmark,arima,arima,2026-06-02,2026-06-03,-0.02506448300158351,0.002536002616266739,0.0,1857.71630859375,1811.7322998046875,1862.4334608397219,benchmark
ETH,benchmark,arima,arima,2026-06-03,2026-06-04,-0.023540908919617697,0.0008429230410393309,0.0,1811.7322998046875,1769.58056640625,1813.2600945206113,benchmark
ETH,benchmark,arima,arima,2026-06-04,2026-06-05,-0.11277301635815795,0.0007916849724807975,0.0,1769.58056640625,1580.86083984375,1770.982071450308,benchmark
ETH,benchmark,arima,arima,2026-06-05,2026-06-06,-0.00767912718680117,0.003792576686692126,0.0,1580.86083984375,1568.7677001953125,1586.867759461385,benchmark
ETH,benchmark,arima,arima,2026-06-06,2026-06-07,0.07230344307254986,0.00025825041914558154,0.0,1568.7677001953125,1686.396240234375,1569.1728874290643,benchmark
ETH,benchmark,arima,arima,2026-06-07,2026-06-08,0.002222580242866329,-0.002431577707327035,0.0,1686.396240234375,1690.1485595703125,1682.3006181605379,benchmark
ETH,benchmark,arima,arima,2026-06-08,2026-06-09,-0.031519541921552284,-7.47457706250099e-05,0.0,1690.1485595703125,1637.7066650390625,1690.02223283501,benchmark
ETH,benchmark,arima,arima,2026-06-09,2026-06-10,-0.010785745482471555,0.0010600078256951476,0.0,1637.7066650390625,1620.1376953125,1639.4435673225692,benchmark
ETH,benchmark,arima,arima,2026-06-10,2026-06-11,0.03167720451879468,0.0003627265474171865,0.0,1620.1376953125,1672.2806396484375,1620.725468859151,benchmark
ETH,benchmark,arima,arima,2026-06-11,2026-06-12,-0.004286465439468386,-0.0010653100470063683,0.0,1672.2806396484375,1665.1278076171875,1670.5000908682514,benchmark
ETH,benchmark,arima,arima,2026-06-12,2026-06-13,0.009019641302053691,0.00014415459849374964,0.0,1665.1278076171875,1680.214599609375,1665.3678607497009,benchmark
ETH,benchmark,arima,arima,2026-06-13,2026-06-14,0.02608131744744488,-0.00030333214832042285,0.0,1680.214599609375,1724.61328125,1679.7050137960232,benchmark
ETH,benchmark,arima,arima,2026-06-14,2026-06-15,0.03998055531190125,-0.000877119365108128,0.0,1724.61328125,1794.961181640625,1723.101252755368,benchmark
ETH,benchmark,arima,arima,2026-06-15,2026-06-16,-0.002545346375384009,-0.0013445532175477093,0.0,1794.961181640625,1790.398193359375,1792.5493825679207,benchmark
ETH,benchmark,arima,arima,2026-06-16,2026-06-17,-0.024031278966082516,8.560045332279855e-05,0.0,1790.398193359375,1747.885498046875,1790.5514588160577,benchmark
ETH,benchmark,arima,arima,2026-06-17,2026-06-18,-0.022186275106794908,0.0008081762047465739,0.0,1747.885498046875,1709.533447265625,1749.2986684834607,benchmark
ETH,benchmark,arima,arima,2026-06-18,2026-06-19,0.0008472258287815989,0.0007461283953542256,0.0,1709.533447265625,1710.982421875,1710.8094546869256,benchmark
ETH,benchmark,arima,arima,2026-06-19,2026-06-20,0.016415812264568657,-2.849235597632454e-05,0.0,1710.982421875,1739.3013916015625,1710.9336726492602,benchmark
ETH,benchmark,arima,arima,2026-06-20,2026-06-21,-0.020164455160312907,-0.0005520666990939631,0.0,1739.3013916015625,1704.58056640625,1738.34144622489,benchmark
ETH,benchmark,arima,arima,2026-06-21,2026-06-22,0.012783452112487081,0.0006781342293618564,0.0,1704.58056640625,1726.5108642578125,1705.7368928629976,benchmark
ETH,benchmark,arima,arima,2026-06-22,2026-06-23,-0.036015118575190234,-0.0004299097782690152,0.0,1726.5108642578125,1665.436767578125,1725.7687798810748,benchmark
ETH,benchmark,arima,arima,2026-06-23,2026-06-24,-0.027707605238555068,0.0012111948716785224,0.0,1665.436767578125,1619.9249267578125,1667.4551581355195,benchmark
ETH,benchmark,arima,arima,2026-06-24,2026-06-25,-0.03461114583410765,0.0009318117140546883,0.0,1619.9249267578125,1564.816650390625,1621.4350952675386,benchmark
ETH,benchmark,arima,arima,2026-06-25,2026-06-26,0.00751217354974333,0.0011639790175803192,0.0,1564.816650390625,1576.6160888671875,1566.6391245931413,benchmark
ETH,benchmark,arima,arima,2026-06-26,2026-06-27,-0.003194097811799365,-0.0002526357385055507,0.0,1576.6160888671875,1571.5882568359375,1576.2178296066163,benchmark
ETH,benchmark,arima,arima,2026-06-27,2026-06-28,-0.0007810761173124416,0.00010741808002698063,0.0,1571.5882568359375,1570.3612060546875,1571.757082896403,benchmark
ETH,benchmark,arima,arima,2026-06-28,2026-06-29,0.025056343014794192,2.6267729362165625e-05,0.0,1570.3612060546875,1610.205810546875,1570.4024564196231,benchmark
ETH,benchmark,arima,arima,2026-06-29,2026-06-30,-0.025551475094469023,-0.0008426492918294215,0.0,1610.205810546875,1569.5838623046875,1608.8495432700006,benchmark
ETH,benchmark,arima,arima,2026-06-30,2026-07-01,0.024777910106091337,0.000859300672122774,0.0,1569.5838623046875,1608.960693359375,1570.9331864270534,benchmark
ETH,benchmark,arima,arima,2026-07-01,2026-07-02,0.053962428648177775,-0.0008332855433685252,0.0,1608.960693359375,1698.16943359375,1607.6205281214566,benchmark
ETH,benchmark,arima,arima,2026-07-02,2026-07-03,0.0337829584823897,-0.001814766115667186,0.0,1698.16943359375,1756.5186767578125,1695.090447911467,benchmark
ETH,benchmark,arima,arima,2026-07-03,2026-07-04,0.012736109597214896,-0.001136126928988813,0.0,1756.5186767578125,1779.032958984375,1754.524181802129,benchmark
ETH,benchmark,arima,arima,2026-07-04,2026-07-05,0.002230758380216772,-0.00042831764102281073,0.0,1779.032958984375,1783.0059814453125,1778.2711309479216,benchmark
ETH,benchmark,arima,arima,2026-07-05,2026-07-06,0.008137134529373787,-7.502080284510544e-05,0.0,1783.0059814453125,1797.57373046875,1782.872223922468,benchmark
ETH,benchmark,arima,arima,2026-07-06,2026-07-07,-0.016299610142193822,-0.0002736532878979616,0.0,1797.57373046875,1768.511474609375,1797.0818858076918,benchmark
ETH,benchmark,arima,arima,2026-07-07,2026-07-08,-0.014715429926392411,0.0005481588009593304,0.0,1768.511474609375,1742.6776123046875,1769.4811654867933,benchmark
ETH,benchmark,arima,arima,2026-07-08,2026-07-09,0.0010363767887721133,0.0004948825372927986,0.0,1742.6776123046875,1744.484619140625,1743.5402464568317,benchmark
ETH,benchmark,arima,arima,2026-07-09,2026-07-10,0.028931987175530218,-3.485353655206752e-05,0.0,1744.484619140625,1795.6932373046875,1744.423818741748,benchmark
ETH,benchmark,arima,arima,2026-07-10,2026-07-11,-0.004237766868141637,-0.0009729878973273902,0.0,1795.6932373046875,1788.099609375,1793.9468992381514,benchmark
ETH,benchmark,arima,arima,2026-07-11,2026-07-12,0.00984372406415057,0.00014251685684017472,0.0,1788.099609375,1805.7880859375,1788.3544618710023,benchmark
ETH,benchmark,arima,arima,2026-07-12,2026-07-13,-0.018041700992512517,-0.00033104619882969955,0.0,1805.7880859375,1773.500732421875,1805.1903855944302,benchmark
ETH,benchmark,arima,arima,2026-07-13,2026-07-14,0.06334617578601259,0.0006067456274749484,0.0,1773.500732421875,1889.4798583984373,1774.5771227511366,benchmark
ETH,benchmark,arima,arima,2026-07-14,2026-07-15,0.014430524175558828,-0.0021303432082913636,0.0,1889.4798583984373,1916.9437255859373,1885.4589023438186,benchmark
ETH,benchmark,arima,arima,2026-07-15,2026-07-16,-0.028440232689138405,-0.0004853011059946918,0.0,1916.9437255859373,1863.193359375,1916.0136563758429,benchmark
ETH,benchmark,arima,arima,2026-07-16,2026-07-17,-0.011989404987594009,0.0009564501060995426,0.0,1863.193359375,1840.9881591796875,1864.9762633546925,benchmark
ETH,benchmark,arima,arima,2026-07-17,2026-07-18,0.011022172689536534,0.00040320583160468064,0.0,1840.9881591796875,1861.39208984375,1841.7306060107715,benchmark
ETH,benchmark,arima,arima,2026-07-18,2026-07-19,0.005420170979573819,-0.00037067763662780617,0.0,1861.39208984375,1871.508544921875,1860.7022412866643,benchmark
ETH,benchmark,arima,arima,2026-07-19,2026-07-20,0.01708549188125397,-0.0001822813183406515,0.0,1871.508544921875,1903.7589111328125,1871.1674349669515,benchmark
ETH,benchmark,arima,arima,2026-07-20,2026-07-21,0.012851931047764876,-0.0005745881442393816,0.0,1903.7589111328125,1928.3837890625,1902.6653480372672,benchmark
ETH,benchmark,arima,arima,2026-07-21,2026-07-22,0.0026444810723667356,-0.00043221273709596756,0.0,1928.3837890625,1933.4901123046875,1927.5504971195257,benchmark
ETH,benchmark,arima,arima,2026-07-22,2026-07-23,-0.029598568421148785,-8.893437089244933e-05,0.0,1933.4901123046875,1877.1002197265625,1933.3181662239945,benchmark
ETH,benchmark,arima,arima,2026-07-23,2026-07-24,-0.009056635454748527,0.0009954051437003192,0.0,1877.1002197265625,1860.1767578125,1878.9696251940732,benchmark
ETH,benchmark,arima,arima,2026-07-24,2026-07-25,0.006988648574768904,0.00030457626828444667,0.0,1860.1767578125,1873.222412109375,1860.7434097977368,benchmark
ETH,benchmark,arima,arima,2026-07-25,2026-07-26,0.041917042836694604,-0.00023502950007096572,0.0,1873.222412109375,1953.4112548828125,1872.782201315623,benchmark
ETH,benchmark,arima,arima,2026-07-26,2026-07-27,-0.032675812699619874,-0.0014096776389543036,0.0,1953.4112548828125,1890.613525390625,1950.6595147061062,benchmark
ETH,benchmark,arima,arima,2026-07-27,2026-07-28,0.015396962638548027,0.0010988934185259302,0.0,1890.613525390625,1919.948486328125,1892.692250089915,benchmark
ETH,benchmark,arima,arima,2026-07-28,2026-07-29,-0.005970784512141466,-0.000517802604156404,0.0,1919.948486328125,1908.51904296875,1918.954589345488,benchmark
ETH,benchmark,arima,arima,2026-07-29,2026-07-30,0.004628409644754907,0.00020079854980638762,0.0,1908.51904296875,1917.3729248046875,1908.9023093032304,benchmark
ETH,benchmark,arima,arima,2026-07-30,2026-07-31,-0.03019351719084729,-0.00015565424320486063,0.0,1917.3729248046875,1860.345947265625,1917.0745007992195,benchmark
ETH,benchmark,arima,arima,2026-07-31,2026-08-01,-0.009141155880177469,0.0010154133771111255,0.0,1860.345947265625,1843.417724609375,1862.235926819403,benchmark
ETH,benchmark,arima,arima,2026-08-01,2026-08-02,0.020991044981634618,0.00030741870529094707,0.0,1843.417724609375,1882.52197265625,1843.9845128157692,benchmark
ETH,benchmark,arima,arima,2026-08-02,2026-08-03,-0.012973686445006478,-0.000705932592720743,0.0,1882.52197265625,1858.2564697265625,1881.1935079976586,benchmark
ETH,benchmark,arima,arima,2026-08-03,2026-08-04,0.005436217682913836,0.00043630739285644587,0.0,1858.2564697265625,1868.3858642578125,1859.067417660552,benchmark
ETH,benchmark,arima,arima,2026-08-04,2026-08-05,0.02020785436698823,-0.00018282097184067257,0.0,1868.3858642578125,1906.5260009765625,1868.0443153604374,benchmark
ETH,benchmark,arima,arima,2026-08-05,2026-08-06,-0.002346545855886157,-0.000679593752435488,0.0,1906.5260009765625,1902.0574951171875,1905.230777980021,benchmark
ETH,benchmark,arima,arima,2026-08-06,2026-08-07,0.005882550580216205,7.891475633695842e-05,0.0,1902.0574951171875,1913.2794189453125,1902.207601443678,benchmark
ETH,benchmark,arima,arima,2026-08-07,2026-08-08,0.001177148461113393,-0.00019783122691300898,0.0,1913.2794189453125,1915.532958984375,1912.9009499681606,benchmark
ETH,benchmark,arima,arima,2026-08-08,2026-08-09,-0.0035825526559130822,-3.9587713041349475e-05,0.0,1915.532958984375,1908.6827392578125,1915.457128916253,benchmark
ETH,benchmark,arima,arima,2026-08-09,2026-08-10,-0.019791352046331357,0.0001204818858308389,0.0,1908.6827392578125,1871.2786865234373,1908.9127148073567,benchmark
ETH,benchmark,arima,arima,2026-08-10,2026-08-11,0.005380127113694831,0.0006655867049848843,0.0,1871.2786865234373,1881.37353515625,1872.524599324011,benchmark
ETH,benchmark,arima,arima,2026-08-11,2026-08-12,-0.0017228455012013328,-0.00018093463597742242,0.0,1881.37353515625,1878.135009765625,1881.0331603142565,benchmark
ETH,benchmark,arima,arima,2026-08-12,2026-08-13,0.0031133074431306308,5.793960198667611e-05,0.0,1878.135009765625,1883.9913330078125,1878.243831313076,benchmark
ETH,benchmark,arima,arima,2026-08-13,2026-08-14,-0.001775101080760423,-0.00010470108549568964,0.0,1883.9913330078125,1880.6500244140625,1883.794087396277,benchmark
ETH,benchmark,arima,arima,2026-08-14,2026-08-15,0.00013733711278611884,5.9696966462553716e-05,0.0,1880.6500244140625,1880.9083251953125,1880.7622968666267,benchmark
ETH,benchmark,arima,arima,2026-08-15,2026-08-16,-0.003710048377518096,-4.61867163786794e-06,0.0,1880.9083251953125,1873.9429931640625,1880.8996379174393,benchmark
ETH,benchmark,arima,arima,2026-08-16,2026-08-17,0.020210771727059512,0.0001247695897251507,0.0,1873.9429931640625,1912.2021484375,1874.1768188493518,benchmark
ETH,benchmark,arima,arima,2026-08-17,2026-08-18,0.0022239875598747453,-0.000679691863775863,0.0,1912.2021484375,1916.4595947265625,1910.9028817958147,benchmark
ETH,benchmark,arima,arima,2026-08-18,2026-08-19,0.16109848705425042,-7.479309894741598e-05,0.0,1916.4595947265625,2251.4580078125,1916.3162621346767,benchmark
ETH,benchmark,arima,arima,2026-08-19,2026-08-20,0.032737450034477825,-0.005417770899404745,0.0,2251.4580078125,2326.384765625,2239.2931072143465,benchmark
ETH,benchmark,arima,arima,2026-08-20,2026-08-21,0.07806936059159927,-0.0011009662931085315,0.0,2326.384765625,2515.28173828125,2323.824903832593,benchmark
ETH,benchmark,arima,arima,2026-08-21,2026-08-22,-0.036862118710177375,-0.0026254865435568517,0.0,2515.28173828125,2424.251220703125,2508.6865614865796,benchmark
ETH,benchmark,arima,arima,2026-08-22,2026-08-23,0.01618863252300956,0.0012396796375322198,0.0,2424.251220703125,2463.81591796875,2427.258379149121,benchmark
ETH,benchmark,arima,arima,2026-08-23,2026-08-24,0.007285380356811502,-0.0005444266038003389,0.0,2463.81591796875,2481.831298828125,2462.474916107808,benchmark
ETH,benchmark,arima,arima,2026-08-24,2026-08-25,-0.01570466707427711,-0.00024500864291131735,0.0,2481.831298828125,2443.159423828125,2481.223303194798,benchmark
ETH,benchmark,arima,arima,2026-08-25,2026-08-26,0.02549994808905242,0.0005281507593004644,0.0,2443.159423828125,2506.260986328125,2444.450121144293,benchmark
ETH,benchmark,arima,arima,2026-08-26,2026-08-27,0.0016541530230063984,-0.0008575678097254658,0.0,2506.260986328125,2510.41015625,2504.1126189005167,benchmark
ETH,benchmark,arima,arima,2026-08-27,2026-08-28,-0.02740935041425752,-5.562946167327153e-05,0.0,2510.41015625,2442.535888671875,2510.2705073687607,benchmark
ETH,benchmark,arima,arima,2026-08-28,2026-08-29,0.006183572246544925,0.0009217813510312158,0.0,2442.535888671875,2457.686279296875,2444.7884107101872,benchmark
ETH,benchmark,arima,arima,2026-08-29,2026-08-30,-0.016304961587388887,-0.00020795463932827806,0.0,2457.686279296875,2417.938720703125,2457.175245170882,benchmark
ETH,benchmark,arima,arima,2026-08-30,2026-08-31,0.020014589550137154,0.0005483387710172604,0.0,2417.938720703125,2466.8203125,2419.2649338234364,benchmark
ETH,phase0,lstm,phase0_lstm,2025-10-31,2025-11-01,0.007021586687225155,-0.0025808196747675537,0.0038986567355326672,3847.080322265625,3874.18798828125,3837.1645026544825,ensemble
ETH,phase0,lstm,phase0_lstm,2025-11-01,2025-11-02,0.009473174047530416,-0.0026106420205906033,0.003415474681116985,3874.18798828125,3911.063232421875,3864.0870610128272,ensemble
ETH,phase0,lstm,phase0_lstm,2025-11-02,2025-11-03,-0.08223448305523949,-0.0036262515466660263,0.00177852249542678,3911.063232421875,3602.30810546875,3896.906416926393,ensemble
ETH,phase0,lstm,phase0_lstm,2025-11-03,2025-11-04,-0.08990501013567212,-0.0037915697786957024,0.0022693874874428373,3602.30810546875,3292.574462890625,3588.675563621125,ensemble
ETH,phase0,lstm,phase0_lstm,2025-11-04,2025-11-05,0.039481668810072805,-0.0029053470119833947,0.0029167781228460767,3292.574462890625,3425.171142578125,3283.022274443415,ensemble
ETH,phase0,lstm,phase0_lstm,2025-11-05,2025-11-06,-0.03352136366985419,-0.003044447163119912,0.005153135505702615,3425.171142578125,3312.2578125,3414.7592472844713,ensemble
ETH,phase0,lstm,phase0_lstm,2025-11-06,2025-11-07,0.03647448115981518,-0.00456355968490243,0.008393488565022438,3312.2578125,3435.301025390625,3297.1765645420546,ensemble
ETH,phase0,lstm,phase0_lstm,2025-11-07,2025-11-08,-0.010218549741346181,-0.005434216838330031,0.011143022273084079,3435.301025390625,3400.3759765625,3416.6834864013904,ensemble
ETH,phase0,lstm,phase0_lstm,2025-11-08,2025-11-09,0.05220874290983875,-0.00503233396448195,0.011826732616292527,3400.3759765625,3582.621337890625,3383.307133125399,ensemble
ETH,phase0,lstm,phase0_lstm,2025-11-09,2025-11-10,-0.003960630532174714,-0.004110846016556024,0.011601884604817295,3582.621337890625,3568.4599609375,3567.9239632545564,ensemble
ETH,phase0,lstm,phase0_lstm,2025-11-10,2025-11-11,-0.04387398640993172,-0.0026754859602078794,0.00905794449998156,3568.4599609375,3415.2822265625,3558.9253569495704,ensemble
ETH,phase0,lstm,phase0_lstm,2025-11-11,2025-11-12,-0.0006408517068140884,-0.002504871669225395,0.006142855588967286,3415.2822265625,3413.09423828125,3406.738088323113,ensemble
ETH,phase0,lstm,phase0_lstm,2025-11-12,2025-11-13,-0.054283922809847215,-0.0025634119287133218,0.004309709868548315,3413.09423828125,3232.757080078125,3404.3562760801074,ensemble
ETH,phase0,lstm,phase0_lstm,2025-11-13,2025-11-14,-0.04071281618360177,-0.0032501219830010086,0.002830011826240871,3232.757080078125,3103.78564453125,3222.267281023613,ensemble
ETH,phase0,lstm,phase0_lstm,2025-11-14,2025-11-15,0.020045814386644864,-0.0035961098328698426,0.0027905007304291785,3103.78564453125,3166.63134765625,3092.644135507743,ensemble
ETH,phase0,lstm,phase0_lstm,2025-11-15,2025-11-16,-0.023576197316441422,-0.004149604123085737,0.002243921130885847,3166.63134765625,3092.847412109375,3153.5183069399836,ensemble
ETH,phase0,lstm,phase0_lstm,2025-11-16,2025-11-17,-0.022333536068642135,-0.00477611836977303,0.001426028604989657,3092.847412109375,3024.538818359375,3078.1108266212104,ensemble
ETH,phase0,lstm,phase0_lstm,2025-11-17,2025-11-18,0.032028732106195945,-0.0044735187198966745,0.0019445213769943048,3024.538818359375,3122.97900390625,3011.0387063523776,ensemble
ETH,phase0,lstm,phase0_lstm,2025-11-18,2025-11-19,-0.03251421900082368,-0.004737278120592237,0.002246150081255394,3122.97900390625,3023.07080078125,3108.219571171208,ensemble
ETH,phase0,lstm,phase0_lstm,2025-11-19,2025-11-20,-0.06536849882670856,-0.005400124844163657,0.0025976889060979696,3023.07080078125,2831.777587890625,3006.78984021864,ensemble
ETH,phase0,lstm,phase0_lstm,2025-11-20,2025-11-21,-0.02361115238578957,-0.005819239339325577,0.004030278102928032,2831.777587890625,2765.69921875,2815.346650497041,ensemble
ETH,phase0,lstm,phase0_lstm,2025-11-21,2025-11-22,0.0006897153274086759,-0.0050518115051090716,0.005136369904742383,2765.69921875,2767.607421875,2751.762659691077,ensemble
ETH,phase0,lstm,phase0_lstm,2025-11-22,2025-11-23,0.012234618260287876,-0.004406984522938728,0.005410077782740665,2767.607421875,2801.676025390625,2755.4374549258123,ensemble
ETH,phase0,lstm,phase0_lstm,2025-11-23,2025-11-24,0.05250671846439223,-0.0037761477287858725,0.005458472198599432,2801.676025390625,2952.71337890625,2791.116432669278,ensemble
ETH,phase0,lstm,phase0_lstm,2025-11-24,2025-11-25,0.0017672851723719149,-0.004289333149790764,0.0044267314898138645,2952.71337890625,2957.936279296875,2940.0753313031696,ensemble
ETH,phase0,lstm,phase0_lstm,2025-11-25,2025-11-26,0.023348428095094007,-0.005076346592977643,0.00404079505785023,2957.936279296875,3027.81201171875,2942.958817101022,ensemble
ETH,phase0,lstm,phase0_lstm,2025-11-26,2025-11-27,-0.004392260426713515,-0.006015076325275004,0.0037287025720270754,3027.81201171875,3014.542236328125,3009.65415655965,ensemble
ETH,phase0,lstm,phase0_lstm,2025-11-27,2025-11-28,0.005874882913213043,-0.006632758490741253,0.0034729724885566083,3014.542236328125,3032.304443359375,2994.61366946051,ensemble
ETH,phase0,lstm,phase0_lstm,2025-11-28,2025-11-29,-0.013485997805236051,-0.007500363420695067,0.003400904560035418,3032.304443359375,2991.685302734375,3009.6461370190214,ensemble
ETH,phase0,lstm,phase0_lstm,2025-11-29,2025-11-30,0.00014280097860070945,-0.007132614031434059,0.002749110691083706,2991.685302734375,2992.112548828125,2970.4226853311884,ensemble
ETH,phase0,lstm,phase0_lstm,2025-11-30,2025-12-01,-0.0662927736435053,-0.006596899777650833,0.0024000291622519316,2992.112548828125,2800.18896484375,2972.438846290415,ensemble
ETH,phase0,lstm,phase0_lstm,2025-12-01,2025-12-02,0.06823838280892502,-0.005355499917641282,0.0021439034602057346,2800.18896484375,2997.939697265625,2785.232638123731,ensemble
ETH,phase0,lstm,phase0_lstm,2025-12-02,2025-12-03,0.06258823046337834,-0.003666751040145755,0.003394437790054885,2997.939697265625,3191.57177734375,2986.9671278963606,ensemble
ETH,phase0,lstm,phase0_lstm,2025-12-03,2025-12-04,-0.01810241754529839,-0.003964037785772234,0.0021432529294849434,3191.57177734375,3134.31640625,3178.945308655776,ensemble
ETH,phase0,lstm,phase0_lstm,2025-12-04,2025-12-05,-0.03568750802814642,-0.004146128287538886,0.0018475091400621513,3134.31640625,3024.432861328125,3121.3480311868984,ensemble
ETH,phase0,lstm,phase0_lstm,2025-12-05,2025-12-06,0.005202266348911221,-0.005066093243658543,0.0017030002471460017,3024.432861328125,3040.207763671875,3009.149548474999,ensemble
ETH,phase0,lstm,phase0_lstm,2025-12-06,2025-12-07,0.006914380156550823,-0.005441445717588067,0.0022674756326012133,3040.207763671875,3061.3017578125,3023.7095658878684,ensemble
ETH,phase0,lstm,phase0_lstm,2025-12-07,2025-12-08,0.020657404003744346,-0.005997808882966638,0.003247065058538233,3061.3017578125,3125.197998046875,3042.995608207719,ensemble
ETH,phase0,lstm,phase0_lstm,2025-12-08,2025-12-09,0.06080292642241868,-0.006363903824239969,0.003963626635848174,3125.197998046875,3321.114990234375,3105.3726886459253,ensemble
ETH,phase0,lstm,phase0_lstm,2025-12-09,2025-12-10,0.001286434597521452,-0.007200484443455934,0.004519225480236434,3321.114990234375,3325.39013671875,3297.287242027044,ensemble
ETH,phase0,lstm,phase0_lstm,2025-12-10,2025-12-11,-0.02692245348848621,-0.007546304329298437,0.00537964336502702,3325.39013671875,3237.056884765625,3300.3901780203705,ensemble
ETH,phase0,lstm,phase0_lstm,2025-12-11,2025-12-12,-0.048381125268667786,-0.0060175624676048756,0.005488396613529938,3237.056884765625,3084.172607421875,3217.6361839940278,ensemble
ETH,phase0,lstm,phase0_lstm,2025-12-12,2025-12-13,0.010489822947687412,-0.0052171545015880835,0.00565823593979366,3084.172607421875,3116.6953125,3068.1239031064283,ensemble
ETH,phase0,lstm,phase0_lstm,2025-12-13,2025-12-14,-0.01816399360114702,-0.006175772182177752,0.005320997566854314,3116.6953125,3060.5947265625,3097.506625755905,ensemble
ETH,phase0,lstm,phase0_lstm,2025-12-14,2025-12-15,-0.03200777016588088,-0.005644904216751456,0.004798381787666211,3060.5947265625,2964.18310546875,3043.3666336994443,ensemble
ETH,phase0,lstm,phase0_lstm,2025-12-15,2025-12-16,-7.412721688312701e-07,-0.0032183481729589404,0.0030433540955349227,2964.18310546875,2964.180908203125,2954.6586668876917,ensemble
ETH,phase0,lstm,phase0_lstm,2025-12-16,2025-12-17,-0.045828192848759323,-0.0009693486499600112,0.005674494698029826,2964.180908203125,2831.403564453125,2961.308975618389,ensemble
ETH,phase0,lstm,phase0_lstm,2025-12-17,2025-12-18,-0.0015320294953636582,0.0013178010354749858,0.006778022476827299,2831.403564453125,2827.069091796875,2835.1372505896106,ensemble
ETH,phase0,lstm,phase0_lstm,2025-12-18,2025-12-19,0.05200157806139122,0.0012290953658521176,0.004853654266670633,2827.069091796875,2977.970703125,2830.545965583573,ensemble
ETH,phase0,lstm,phase0_lstm,2025-12-19,2025-12-20,-0.0001303602133292682,-0.0013994049280881883,0.0014985786512941824,2977.970703125,2977.58251953125,2973.806230818498,ensemble
ETH,phase0,lstm,phase0_lstm,2025-12-20,2025-12-21,0.008038330984924418,-0.0038885824964381755,0.004586945335826481,2977.58251953125,3001.61376953125,2966.0264272349223,ensemble
ETH,phase0,lstm,phase0_lstm,2025-12-21,2025-12-22,0.0014847515809792915,-0.004541104738018475,0.005626975573490317,3001.61376953125,3006.07373046875,2988.0140293138275,ensemble
ETH,phase0,lstm,phase0_lstm,2025-12-22,2025-12-23,-0.014306326840175283,-0.004446367736090906,0.005162391058013059,3006.07373046875,2963.3740234375,2992.7372925469094,ensemble
ETH,phase0,lstm,phase0_lstm,2025-12-23,2025-12-24,-0.0060191597554604985,-0.0037189050868619233,0.003945735456158829,2963.3740234375,2945.590576171875,2952.3739834375965,ensemble
ETH,phase0,lstm,phase0_lstm,2025-12-24,2025-12-25,-0.014365015056822026,-0.0023696880030911415,0.002281369969448385,2945.590576171875,2903.57958984375,2938.6187093585722,ensemble
ETH,phase0,lstm,phase0_lstm,2025-12-25,2025-12-26,0.007605038907991378,-0.0010993107163812966,0.0010985119809054286,2903.57958984375,2925.74560546875,2900.3894075068574,ensemble
ETH,phase0,lstm,phase0_lstm,2025-12-26,2025-12-27,0.0075770385642638756,0.00019401178578846157,0.0010923262972827353,2925.74560546875,2947.998291015625,2926.313289665361,ensemble
ETH,phase0,lstm,phase0_lstm,2025-12-27,2025-12-28,0.00019327323098403297,0.0006547976168803871,0.0013405537270184842,2947.998291015625,2948.568115234375,2949.929265400869,ensemble
ETH,phase0,lstm,phase0_lstm,2025-12-28,2025-12-29,-0.00476952504017534,0.0008649598225019872,0.0017716920116787598,2948.568115234375,2934.538330078125,2951.119611499765,ensemble
ETH,phase0,lstm,phase0_lstm,2025-12-29,2025-12-30,0.012488715813386491,0.0019270545453764498,0.0026125933976573934,2934.538330078125,2971.416748046875,2940.1987977689823,ensemble
ETH,phase0,lstm,phase0_lstm,2025-12-30,2025-12-31,-0.0014748454494985343,0.003201685636304319,0.0037919527082126243,2971.416748046875,2967.03759765625,2980.945536321045,ensemble
ETH,phase0,lstm,phase0_lstm,2025-12-31,2026-01-01,0.01117969589667102,0.0036317892281658715,0.004108585757149156,2967.03759765625,3000.394287109375,2977.832844007011,ensemble
ETH,phase0,lstm,phase0_lstm,2026-01-01,2026-01-02,0.04050579142356504,0.003339991471148096,0.004501909509605173,3000.394287109375,3124.422607421875,3010.432332599912,ensemble
ETH,phase0,lstm,phase0_lstm,2026-01-02,2026-01-03,0.0004783333560596635,0.0030591616057790818,0.004762484525448398,3124.422607421875,3125.91748046875,3133.995355929555,ensemble
ETH,phase0,lstm,phase0_lstm,2026-01-03,2026-01-04,0.004721198192569982,0.0029221601755125446,0.005016417373050552,3125.91748046875,3140.71044921875,3135.065271187551,ensemble
ETH,phase0,lstm,phase0_lstm,2026-01-04,2026-01-05,0.02683435946003148,0.0030380794045413496,0.005181988039107993,3140.71044921875,3226.13037109375,3150.2666859027977,ensemble
ETH,phase0,lstm,phase0_lstm,2026-01-05,2026-01-06,0.021410072765534124,0.004091263850568794,0.005171431193058036,3226.13037109375,3295.94677734375,3239.3563587122158,ensemble
ETH,phase0,lstm,phase0_lstm,2026-01-06,2026-01-07,-0.039957957746070624,0.004905145859811455,0.004963932613802118,3295.94677734375,3166.843994140625,3312.153592934727,ensemble
ETH,phase0,lstm,phase0_lstm,2026-01-07,2026-01-08,-0.01992066167813984,0.005506274336948991,0.004796977958531242,3166.843994140625,3104.382568359375,3184.329602052833,ensemble
ETH,phase0,lstm,phase0_lstm,2026-01-08,2026-01-09,-0.006896412519137501,0.005619990942068398,0.0042299260605408616,3104.382568359375,3083.047119140625,3121.8782871155954,ensemble
ETH,phase0,lstm,phase0_lstm,2026-01-09,2026-01-10,-0.00021121695136130524,0.004964717873372137,0.0031767001867853235,3083.047119140625,3082.39599609375,3098.391637361236,ensemble
ETH,phase0,lstm,phase0_lstm,2026-01-10,2026-01-11,0.011768432191719677,0.0035281608812510966,0.0019790483842952616,3082.39599609375,3118.88525390625,3093.29039235801,ensemble
ETH,phase0,lstm,phase0_lstm,2026-01-11,2026-01-12,-0.008552349240195838,0.002124552419263637,0.0015431308444621352,3118.88525390625,3092.3251953125,3125.5185329973474,ensemble
ETH,phase0,lstm,phase0_lstm,2026-01-12,2026-01-13,0.07167244785080332,0.0014273332781158388,0.0020213492323871794,3092.3251953125,3322.095458984375,3096.742125436325,ensemble
ETH,phase0,lstm,phase0_lstm,2026-01-13,2026-01-14,0.009773355035415114,0.001861550466855988,0.0015219443804441062,3322.095458984375,3354.72265625,3328.2854670556394,ensemble
ETH,phase0,lstm,phase0_lstm,2026-01-14,2026-01-15,-0.01127779653171091,0.0034963889513164757,0.002329835755770837,3354.72265625,3317.101318359375,3366.4726006980222,ensemble
ETH,phase0,lstm,phase0_lstm,2026-01-15,2026-01-16,-0.006538811242779367,0.005394491041079164,0.003524470411584786,3317.101318359375,3295.482177734375,3335.0437433178063,ensemble
ETH,phase0,lstm,phase0_lstm,2026-01-16,2026-01-17,0.004052512545503773,0.005557566927745938,0.00306404197776535,3295.482177734375,3308.8642578125,3313.84802794574,ensemble
ETH,phase0,lstm,phase0_lstm,2026-01-17,2026-01-18,-0.008408684018054191,0.004716477962210775,0.0021269979814738634,3308.8642578125,3281.15771484375,3324.507304207711,ensemble
ETH,phase0,lstm,phase0_lstm,2026-01-18,2026-01-19,-0.029235184793820444,0.003699051705189049,0.0017590779099023765,3281.15771484375,3186.62109375,3293.3173626017056,ensemble
ETH,phase0,lstm,phase0_lstm,2026-01-19,2026-01-20,-0.08204732940901807,0.003143746982095763,0.001854356135426271,3186.62109375,2935.605712890625,3196.654787630284,ensemble
ETH,phase0,lstm,phase0_lstm,2026-01-20,2026-01-21,0.014640674097217414,0.003108882691594772,0.0019519570488039065,2935.605712890625,2978.901123046875,2944.7463679307493,ensemble
ETH,phase0,lstm,phase0_lstm,2026-01-21,2026-01-22,-0.009873624051331843,0.004215209610993043,0.0031106046813390953,2978.901123046875,2949.63330078125,2991.484317460452,ensemble
ETH,phase0,lstm,phase0_lstm,2026-01-22,2026-01-23,0.0012275504187740749,0.0046536247129552065,0.003544244879192488,2949.63330078125,2953.25634765625,2963.391775763809,ensemble
ETH,phase0,lstm,phase0_lstm,2026-01-23,2026-01-24,-0.0015302026847261398,0.005063212930690497,0.003638040424374229,2953.25634765625,2948.74072265625,2968.2472323783613,ensemble
ETH,phase0,lstm,phase0_lstm,2026-01-24,2026-01-25,-0.046095446910964524,0.004933480138424784,0.0038201737469604354,2948.74072265625,2815.90234375,2963.3242205642355,ensemble
ETH,phase0,lstm,phase0_lstm,2026-01-25,2026-01-26,0.0385097283715548,0.005090521206147969,0.004460762923861923,2815.90234375,2926.45703125,2830.2733011436258,ensemble
ETH,phase0,lstm,phase0_lstm,2026-01-26,2026-01-27,0.03219617504335294,0.005395409232005477,0.004446702131693365,2926.45703125,3022.2109375,2942.2891364701954,ensemble
ETH,phase0,lstm,phase0_lstm,2026-01-27,2026-01-28,-0.005176321307197195,0.005151010118424892,0.003628038072517513,3022.2109375,3006.607421875,3037.818539567594,ensemble
ETH,phase0,lstm,phase0_lstm,2026-01-28,2026-01-29,-0.06470236643237812,0.004684677463956177,0.002856008709204306,3006.607421875,2818.232666015625,3020.725451294598,ensemble
ETH,phase0,lstm,phase0_lstm,2026-01-29,2026-01-30,-0.04197886796827195,0.004770294646732509,0.0027790749098412556,2818.232666015625,2702.375244140625,2831.7085827076985,ensemble
ETH,phase0,lstm,phase0_lstm,2026-01-30,2026-01-31,-0.10004843937927187,0.005206612194888294,0.003490983876062822,2702.375244140625,2445.091796875,2716.4821567851814,ensemble
ETH,phase0,lstm,phase0_lstm,2026-01-31,2026-02-01,-0.07519978220290023,0.005450537684373558,0.004881237301883393,2445.091796875,2267.96484375,2458.4552477681273,ensemble
ETH,phase0,lstm,phase0_lstm,2026-02-01,2026-02-02,0.03312814665299069,0.005922899333745591,0.007249019389538377,2267.96484375,2344.356689453125,2281.4376308064943,ensemble
ETH,phase0,lstm,phase0_lstm,2026-02-02,2026-02-03,-0.05110473707553693,0.006799092469736934,0.010156648756290096,2344.356689453125,2227.558837890625,2360.3504974435214,ensemble
ETH,phase0,lstm,phase0_lstm,2026-02-03,2026-02-04,-0.03846435100865618,0.006800078880041837,0.011739050700221246,2227.558837890625,2143.504150390625,2242.758032992139,ensemble
ETH,phase0,lstm,phase0_lstm,2026-02-04,2026-02-05,-0.16268108635736284,0.006259620282799005,0.012126571566413941,2143.504150390625,1821.68310546875,2156.9637545033543,ensemble
ETH,phase0,lstm,phase0_lstm,2026-02-05,2026-02-06,0.12458793243377704,0.006094999029301107,0.013309340433734702,1821.68310546875,2063.386962890625,1832.8201679432098,ensemble
ETH,phase0,lstm,phase0_lstm,2026-02-06,2026-02-07,0.013078072860626821,0.005384963229880668,0.013122039809790422,2063.386962890625,2090.54931640625,2074.528196458737,ensemble
ETH,phase0,lstm,phase0_lstm,2026-02-07,2026-02-08,-0.00085486651992098,0.00458306948421523,0.01256866768163499,2090.54931640625,2088.762939453125,2100.152438261804,ensemble
ETH,phase0,lstm,phase0_lstm,2026-02-08,2026-02-09,0.007062777520560773,0.003585205634590238,0.011581450595105385,2088.762939453125,2103.567626953125,2096.2650243356784,ensemble
ETH,phase0,lstm,phase0_lstm,2026-02-09,2026-02-10,-0.04078608660125574,0.0034964099060744045,0.011832768736891233,2103.567626953125,2019.4974365234373,2110.935434573997,ensemble
ETH,phase0,lstm,phase0_lstm,2026-02-10,2026-02-11,-0.03984048759789168,0.002537630987353623,0.01092317252678224,2019.4974365234373,1940.621337890625,2024.6286836495103,ensemble
ETH,phase0,lstm,phase0_lstm,2026-02-11,2026-02-12,0.003251056309532056,0.001117685018107295,0.009497770173661126,1940.621337890625,1946.940673828125,1942.791553868824,ensemble
ETH,phase0,lstm,phase0_lstm,2026-02-12,2026-02-13,0.05086191072713562,-0.0009308995446190238,0.007639424777980807,1946.940673828125,2048.52734375,1945.129110963802,ensemble
ETH,phase0,lstm,phase0_lstm,2026-02-13,2026-02-14,0.018131871977993777,-0.0030475892592221497,0.006213400407084638,2048.52734375,2086.009765625,2042.2937773196904,ensemble
ETH,phase0,lstm,phase0_lstm,2026-02-14,2026-02-15,-0.05923016066341757,-0.005183036625385285,0.005273349050239805,2086.009765625,1966.04296875,2075.2258714096115,ensemble
ETH,phase0,lstm,phase0_lstm,2026-02-15,2026-02-16,0.016082623092426845,-0.00715557187795639,0.0055943063080072086,1966.04296875,1997.917724609375,1952.0250200043183,ensemble
ETH,phase0,lstm,phase0_lstm,2026-02-16,2026-02-17,-0.002868787898831094,-0.007903293054550887,0.005612863840738284,1997.917724609375,1992.1943359375,1982.1898282860834,ensemble
ETH,phase0,lstm,phase0_lstm,2026-02-17,2026-02-18,-0.019371403139241388,-0.008020900562405587,0.005172535203562989,1992.1943359375,1953.97412109375,1976.2790560322278,ensemble
ETH,phase0,lstm,phase0_lstm,2026-02-18,2026-02-19,-0.002958901252870125,-0.006584703596308828,0.0032404038771787383,1953.97412109375,1948.2010498046875,1941.1500483662157,ensemble
ETH,phase0,lstm,phase0_lstm,2026-02-19,2026-02-20,0.010630736664791151,-0.001329164463095367,0.004490876216004489,1948.2010498046875,1969.0223388671875,1945.6132903622452,ensemble
ETH,phase0,lstm,phase0_lstm,2026-02-20,2026-02-21,0.0023916477643178046,0.0020404808921739457,0.008659092080021,1969.0223388671875,1973.7371826171875,1973.0441931889202,ensemble
ETH,phase0,lstm,phase0_lstm,2026-02-21,2026-02-22,-0.008104381025179103,0.0060788379982113835,0.013959029118797222,1973.7371826171875,1957.805908203125,1985.771752242227,ensemble
ETH,phase0,lstm,phase0_lstm,2026-02-22,2026-02-23,-0.053668696967508325,0.008075086097232998,0.01661198865110514,1957.805908203125,1855.5028076171875,1973.6793629755534,ensemble
ETH,phase0,lstm,phase0_lstm,2026-02-23,2026-02-24,-0.001366236763411363,0.011869043466867879,0.02231632587096583,1855.5028076171875,1852.969482421875,1877.6570659415443,ensemble
ETH,phase0,lstm,phase0_lstm,2026-02-24,2026-02-25,0.10330529755605292,0.012622369895689189,0.023616718014748142,1852.969482421875,2054.6279296875,1876.5065831284314,ensemble
ETH,phase0,lstm,phase0_lstm,2026-02-25,2026-02-26,-0.013640230652308093,0.007228534761816263,0.01673399358704566,2054.6279296875,2026.7926025390625,2069.5336875901926,ensemble
ETH,phase0,lstm,phase0_lstm,2026-02-26,2026-02-27,-0.04853988358482078,-0.0003842368721961975,0.007489253537971742,2026.7926025390625,1930.7618408203125,2026.0139836854885,ensemble
ETH,phase0,lstm,phase0_lstm,2026-02-27,2026-02-28,0.017603302415937827,-0.005402087094262242,0.0021208367655365422,1930.7618408203125,1965.050537109375,1920.3598188087983,ensemble
ETH,phase0,lstm,phase0_lstm,2026-02-28,2026-03-01,-0.013311214361673498,-0.008753956854343414,0.0028062377481145586,1965.050537109375,1939.066650390625,1947.9236429092186,ensemble
ETH,phase0,lstm,phase0_lstm,2026-03-01,2026-03-02,0.04448277882265156,-0.010439222306013107,0.0043621187506321995,1939.066650390625,2027.2689208984373,1918.9295930434232,ensemble
ETH,phase0,lstm,phase0_lstm,2026-03-02,2026-03-03,-0.02219521539096451,-0.011870444007217883,0.005734582364112421,2027.2689208984373,1982.7689208984373,2003.3466038499096,ensemble
ETH,phase0,lstm,phase0_lstm,2026-03-03,2026-03-04,0.06998564880773499,-0.012589670531451703,0.00653391277888477,1982.7689208984373,2126.50537109375,1957.9629903345656,ensemble
ETH,phase0,lstm,phase0_lstm,2026-03-04,2026-03-05,-0.026156066067129717,-0.013712542410939933,0.00730154451439312,2126.50537109375,2071.60546875,2097.544592755204,ensemble
ETH,phase0,lstm,phase0_lstm,2026-03-05,2026-03-06,-0.04585794631276462,-0.014827094692736863,0.008188890733437596,2071.60546875,1978.751220703125,2041.1161707221863,ensemble
ETH,phase0,lstm,phase0_lstm,2026-03-06,2026-03-07,-0.004708868776353749,-0.016027865279465914,0.009335304618928307,1978.751220703125,1969.4554443359373,1947.2888733820164,ensemble
ETH,phase0,lstm,phase0_lstm,2026-03-07,2026-03-08,-0.016820776457913442,-0.017446804884821178,0.010783480940788789,1969.4554443359373,1936.604736328125,1935.3927461212436,ensemble
ETH,phase0,lstm,phase0_lstm,2026-03-08,2026-03-09,0.028673744603590037,-0.01676292987540364,0.009929448625264391,1936.604736328125,1992.938232421875,1904.4121418669165,ensemble
ETH,phase0,lstm,phase0_lstm,2026-03-09,2026-03-10,0.021927234478122906,-0.015612322092056274,0.008844243792021715,1992.938232421875,2037.1204833984373,1962.0654637188409,ensemble
ETH,phase0,lstm,phase0_lstm,2026-03-10,2026-03-11,0.007069651069372434,-0.013728242460638284,0.00751512819405748,2037.1204833984373,2051.5732421875,2009.3454866414188,ensemble
ETH,phase0,lstm,phase0_lstm,2026-03-11,2026-03-12,0.010455613837732266,-0.012198848463594914,0.006520087489337679,2051.5732421875,2073.13623046875,2026.6984415274342,ensemble
ETH,phase0,lstm,phase0_lstm,2026-03-12,2026-03-13,0.00932731032254328,-0.01062677577137947,0.00578108733864667,2073.13623046875,2092.5634765625,2051.222120994497,ensemble
ETH,phase0,lstm,phase0_lstm,2026-03-13,2026-03-14,0.0021592233043722896,-0.009975459147244691,0.006412003345197574,2092.5634765625,2097.086669921875,2071.792965022511,ensemble
ETH,phase0,lstm,phase0_lstm,2026-03-14,2026-03-15,0.03761747257489843,-0.008452496770769358,0.006599127454111224,2097.086669921875,2177.476318359375,2079.43575386042,ensemble
ETH,phase0,lstm,phase0_lstm,2026-03-15,2026-03-16,0.0767490852405507,-0.00719210093957372,0.007194517263270578,2177.476318359375,2351.176025390625,2161.8718705294777,ensemble
ETH,phase0,lstm,phase0_lstm,2026-03-16,2026-03-17,-0.014187828746907258,-0.007947715697810054,0.006745125003838171,2351.176025390625,2318.053466796875,2332.563607859653,ensemble
ETH,phase0,lstm,phase0_lstm,2026-03-17,2026-03-18,-0.05060291819156262,-0.008794513624161482,0.007282255611870944,2318.053466796875,2203.671630859375,2297.756694938308,ensemble
ETH,phase0,lstm,phase0_lstm,2026-03-18,2026-03-19,-0.030523607148640667,-0.010503707407042383,0.009264579332444458,2203.671630859375,2137.423828125,2180.6460475193417,ensemble
ETH,phase0,lstm,phase0_lstm,2026-03-19,2026-03-20,0.004235958585431247,-0.010795475030317903,0.010047542016324193,2137.423828125,2146.4970703125,2114.4734256980264,ensemble
ETH,phase0,lstm,phase0_lstm,2026-03-20,2026-03-21,-0.033061992006107994,-0.010540713043883442,0.01018231458704203,2146.4970703125,2076.68994140625,2123.990287800148,ensemble
ETH,phase0,lstm,phase0_lstm,2026-03-21,2026-03-22,-0.011449568094526609,-0.009583709691651166,0.009347721369035219,2076.68994140625,2053.04833984375,2056.8826133334665,ensemble
ETH,phase0,lstm,phase0_lstm,2026-03-22,2026-03-23,0.04713979833568274,-0.006400771345943213,0.005977463983822777,2053.04833984375,2152.14599609375,2039.949213835877,ensemble
ETH,phase0,lstm,phase0_lstm,2026-03-23,2026-03-24,0.0016520306586044232,-0.006357751134783029,0.006483883798370681,2152.14599609375,2155.704345703125,2138.5065913584995,ensemble
ETH,phase0,lstm,phase0_lstm,2026-03-24,2026-03-25,0.005697480587391201,-0.007177197016426362,0.007581529548521527,2155.704345703125,2168.021484375,2140.2878208012594,ensemble
ETH,phase0,lstm,phase0_lstm,2026-03-25,2026-03-26,-0.05131370661715102,-0.0074986453342717144,0.008579115721538352,2168.021484375,2059.578369140625,2151.8250616945097,ensemble
ETH,phase0,lstm,phase0_lstm,2026-03-26,2026-03-27,-0.033727669892453536,-0.0075675408472307025,0.008996232388405924,2059.578369140625,1991.27197265625,2044.0512508551055,ensemble
ETH,phase0,lstm,phase0_lstm,2026-03-27,2026-03-28,0.0007141663784116856,-0.008266543282661586,0.009900202494693866,1991.27197265625,1992.694580078125,1974.8788871349286,ensemble
ETH,phase0,lstm,phase0_lstm,2026-03-28,2026-03-29,-0.005098999439741094,-0.008111913804896176,0.009663301655387974,1992.694580078125,1982.5596923828125,1976.5953992698685,ensemble
ETH,phase0,lstm,phase0_lstm,2026-03-29,2026-03-30,0.02044726139354914,-0.007857190660433843,0.009453756534375133,1982.5596923828125,2023.514892578125,1967.0433800218086,ensemble
ETH,phase0,lstm,phase0_lstm,2026-03-30,2026-03-31,0.039340814763852025,-0.007242155360290781,0.008743169385407548,2023.514892578125,2104.708251953125,2008.913220959378,ensemble
ETH,phase0,lstm,phase0_lstm,2026-03-31,2026-04-01,0.016038636316827372,-0.006492235977202654,0.008128481003072669,2104.708251953125,2138.737060546875,2091.088249293155,ensemble
ETH,phase0,lstm,phase0_lstm,2026-04-01,2026-04-02,-0.03903857547596571,-0.005337351717753336,0.007246098315321763,2138.737060546875,2056.8525390625,2127.352277944252,ensemble
ETH,phase0,lstm,phase0_lstm,2026-04-02,2026-04-03,-0.0016871461717564678,-0.003339624195359647,0.005161426969275205,2056.8525390625,2053.38525390625,2049.9948819292736,ensemble
ETH,phase0,lstm,phase0_lstm,2026-04-03,2026-04-04,0.00581068555550107,-0.00048791468143463137,0.003202230630382956,2053.38525390625,2065.3515625,2052.383621469684,ensemble
ETH,phase0,lstm,phase0_lstm,2026-04-04,2026-04-05,0.020911357684258978,0.0008143548155203461,0.0029286134413909017,2065.3515625,2108.99560546875,2067.0341765200906,ensemble
ETH,phase0,lstm,phase0_lstm,2026-04-05,2026-04-06,-0.0005853459761497797,0.0014894197811372578,0.00348888720158486,2108.99560546875,2107.761474609375,2112.1391256713277,ensemble
ETH,phase0,lstm,phase0_lstm,2026-04-06,2026-04-07,0.06165560497032879,0.002452562563121319,0.0034358763718495373,2107.761474609375,2241.806640625,2112.9372358387277,ensemble
ETH,phase0,lstm,phase0_lstm,2026-04-07,2026-04-08,-0.02322737152703056,0.004433164073270745,0.004668097590047995,2241.806640625,2190.33544921875,2251.766998922194,ensemble
ETH,phase0,lstm,phase0_lstm,2026-04-08,2026-04-09,-0.0005440857898826656,0.006395623233402148,0.006821846939565693,2190.33544921875,2189.14404296875,2204.3889018974496,ensemble
ETH,phase0,lstm,phase0_lstm,2026-04-09,2026-04-10,0.025261127435567108,0.007256805105134845,0.0072369505838370055,2189.14404296875,2245.148681640625,2205.0880158183995,ensemble
ETH,phase0,lstm,phase0_lstm,2026-04-10,2026-04-11,0.017765001038666954,0.0072737553156912325,0.006533283680074173,2245.148681640625,2285.39013671875,2261.5388806832684,ensemble
ETH,phase0,lstm,phase0_lstm,2026-04-11,2026-04-12,-0.04163060757712065,0.006837316765449941,0.005290402453003418,2285.39013671875,2192.201171875,2301.06961471186,ensemble
ETH,phase0,lstm,phase0_lstm,2026-04-12,2026-04-13,0.07828539113868566,0.005911427899263799,0.003914790015064046,2192.201171875,2370.71484375,2205.1985898432986,ensemble
ETH,phase0,lstm,phase0_lstm,2026-04-13,2026-04-14,-0.02019924377033633,0.0058410728583112356,0.0037774683127934816,2370.71484375,2323.30859375,2384.6028829167994,ensemble
ETH,phase0,lstm,phase0_lstm,2026-04-14,2026-04-15,0.015430748489014857,0.006231708498671651,0.0037081555132432997,2323.30859375,2359.43701171875,2337.831981417584,ensemble
ETH,phase0,lstm,phase0_lstm,2026-04-15,2026-04-16,-0.004584461790341291,0.0061463881749659775,0.0033558147843319682,2359.43701171875,2348.64501953125,2373.9836864264257,ensemble
ETH,phase0,lstm,phase0_lstm,2026-04-16,2026-04-17,0.03037175089257519,0.006359193846583367,0.0034007268315253514,2348.64501953125,2421.07177734375,2363.6280981458012,ensemble
ETH,phase0,lstm,phase0_lstm,2026-04-17,2026-04-18,-0.029326772361462847,0.0069325138349086044,0.003542301387175853,2421.07177734375,2351.1005859375,2437.914203658703,ensemble
ETH,phase0,lstm,phase0_lstm,2026-04-18,2026-04-19,-0.0373454427406088,0.007190198032185435,0.0035919750500362584,2351.1005859375,2264.9169921875,2368.066385380093,ensemble
ETH,phase0,lstm,phase0_lstm,2026-04-19,2026-04-20,0.021963323579239753,0.006977032637223601,0.0032763095872960024,2264.9169921875,2315.21240234375,2280.7746473234843,ensemble
ETH,phase0,lstm,phase0_lstm,2026-04-20,2026-04-21,0.0054954065471357755,0.006987497163936496,0.0033508641340364784,2315.21240234375,2327.970458984375,2331.4465945721413,ensemble
ETH,phase0,lstm,phase0_lstm,2026-04-21,2026-04-22,0.02045865422003999,0.006493626814335585,0.0031406527800086344,2327.970458984375,2376.088134765625,2343.1366187779468,ensemble
ETH,phase0,lstm,phase0_lstm,2026-04-22,2026-04-23,-0.0189376886242059,0.006429668609052896,0.0034423667769349323,2376.088134765625,2331.513916015625,2391.41481399103,ensemble
ETH,phase0,lstm,phase0_lstm,2026-04-23,2026-04-24,-0.006810026535066284,0.006617396976798773,0.003951204973631082,2331.513916015625,2315.690185546875,2346.993630374388,ensemble
ETH,phase0,lstm,phase0_lstm,2026-04-24,2026-04-25,0.001354581263398566,0.006324767833575606,0.0037277267492039734,2315.690185546875,2318.8291015625,2330.3828030636287,ensemble
ETH,phase0,lstm,phase0_lstm,2026-04-25,2026-04-26,0.02171324359272805,0.0052822121186181905,0.002876803794963163,2318.8291015625,2369.72900390625,2331.1100554906006,ensemble
ETH,phase0,lstm,phase0_lstm,2026-04-26,2026-04-27,-0.02853520923910551,0.004393452254589647,0.0024391239119159747,2369.72900390625,2303.06396484375,2380.163199427381,ensemble
ETH,phase0,lstm,phase0_lstm,2026-04-27,2026-04-28,-0.005942025412355139,0.004373801109613851,0.0026887189201668985,2303.06396484375,2289.419677734375,2313.1591696842133,ensemble
ETH,phase0,lstm,phase0_lstm,2026-04-28,2026-04-29,-0.01585118391858995,0.004072896061916254,0.002593358253543609,2289.419677734375,2253.415771484375,2298.7632609291736,ensemble
ETH,phase0,lstm,phase0_lstm,2026-04-29,2026-04-30,0.0012574984349416124,0.0045164615468820555,0.0029872262625503907,2253.415771484375,2256.251220703125,2263.6162548714333,ensemble
ETH,phase0,lstm,phase0_lstm,2026-04-30,2026-05-01,0.017069008220622378,0.004753835924202576,0.0031587639503183104,2256.251220703125,2295.09375,2267.00260371804,ensemble
ETH,phase0,lstm,phase0_lstm,2026-05-01,2026-05-02,0.00916800638403556,0.004652279504807666,0.0029830258840583936,2295.09375,2316.23193359375,2305.796043341622,ensemble
ETH,phase0,lstm,phase0_lstm,2026-05-02,2026-05-03,0.0023302997915724253,0.004189291206421331,0.0025832187024417033,2316.23193359375,2321.6357421875,2325.9556571990115,ensemble
ETH,phase0,lstm,phase0_lstm,2026-05-03,2026-05-04,0.010608949945406291,0.003922618473734474,0.002483785371214675,2321.6357421875,2346.39697265625,2330.7605182464636,ensemble
ETH,phase0,lstm,phase0_lstm,2026-05-04,2026-05-05,0.00628165402969772,0.00403627561754547,0.002460862757071396,2346.39697265625,2361.1826171875,2355.886816475013,ensemble
ETH,phase0,lstm,phase0_lstm,2026-05-05,2026-05-06,-0.004406055141063485,0.004174736270215362,0.00251960271101873,2361.1826171875,2350.802001953125,2371.06053640752,ensemble
ETH,phase0,lstm,phase0_lstm,2026-05-06,2026-05-07,-0.02572114978849261,0.0045987632824108,0.0028287684397873937,2350.802001953125,2291.107666015625,2361.6376801468004,ensemble
ETH,phase0,lstm,phase0_lstm,2026-05-07,2026-05-08,0.006900517380177334,0.005172775313258171,0.003305834980595449,2291.107666015625,2306.97216796875,2302.9897563876025,ensemble
ETH,phase0,lstm,phase0_lstm,2026-05-08,2026-05-09,0.008526770803293412,0.005675106309354305,0.0037749848080808196,2306.97216796875,2326.727294921875,2320.101700783584,ensemble
ETH,phase0,lstm,phase0_lstm,2026-05-09,2026-05-10,0.018023789401602215,0.005608727689832449,0.00412365360177933,2326.727294921875,2369.0439453125,2339.8139401358485,ensemble
ETH,phase0,lstm,phase0_lstm,2026-05-10,2026-05-11,-0.012608728464913158,0.005550406686961651,0.0043172475522632444,2369.0439453125,2339.36083984375,2382.2296618618934,ensemble
ETH,phase0,lstm,phase0_lstm,2026-05-11,2026-05-12,-0.028054385823506677,0.005040762899443507,0.003933019246363948,2339.36083984375,2274.6435546875,2351.182773924767,ensemble
ETH,phase0,lstm,phase0_lstm,2026-05-12,2026-05-13,-0.007531505292275851,0.0046941354405134915,0.0034209523926873346,2274.6435546875,2257.576416015625,2285.346139651254,ensemble
ETH,phase0,lstm,phase0_lstm,2026-05-13,2026-05-14,0.01029350969888902,0.0038877783808857203,0.0024912710777248047,2257.576416015625,2280.934814453125,2266.3704563622855,ensemble
ETH,phase0,lstm,phase0_lstm,2026-05-14,2026-05-15,-0.025579807171991084,0.0034914747811853886,0.0019385754042016373,2280.934814453125,2223.328857421875,2288.912559779303,ensemble
ETH,phase0,lstm,phase0_lstm,2026-05-15,2026-05-16,-0.019794470746775893,0.003467357507906854,0.0016074572315710111,2223.328857421875,2179.751953125,2231.0513139500354,ensemble
ETH,phase0,lstm,phase0_lstm,2026-05-16,2026-05-17,-0.024195229175847065,0.003349437122233212,0.0017382964060339392,2179.751953125,2127.645263671875,2187.065135919975,ensemble
ETH,phase0,lstm,phase0_lstm,2026-05-17,2026-05-18,0.0004092183281597835,0.0022859423246700318,0.002442043231915454,2127.645263671875,2128.51611328125,2132.514501309826,ensemble
ETH,phase0,lstm,phase0_lstm,2026-05-18,2026-05-19,-0.00875425372369268,0.002974313119193539,0.0025805200403187334,2128.51611328125,2109.9638671875,2134.856411022633,ensemble
ETH,phase0,lstm,phase0_lstm,2026-05-19,2026-05-20,0.008033908248005973,0.0030207677598809825,0.0032612683919104745,2109.9638671875,2126.9833984375,2116.3472144628154,ensemble
ETH,phase0,lstm,phase0_lstm,2026-05-20,2026-05-21,0.002079303908552925,0.0029557538364315405,0.0037127737475990638,2126.9833984375,2131.41064453125,2133.279538113117,ensemble
ETH,phase0,lstm,phase0_lstm,2026-05-21,2026-05-22,-0.031829628880296966,0.0031149279966484755,0.003480634892050597,2131.41064453125,2064.636962890625,2138.0601862655276,ensemble
ETH,phase0,lstm,phase0_lstm,2026-05-22,2026-05-23,0.024550147375465296,0.003091204338124953,0.0033915957138648755,2064.636962890625,2115.951416015625,2071.0290521640213,ensemble
ETH,phase0,lstm,phase0_lstm,2026-05-23,2026-05-24,-0.008522952674199372,0.003814195701852441,0.0025687339697467357,2115.951416015625,2097.993896484375,2124.0374799239603,ensemble
ETH,phase0,lstm,phase0_lstm,2026-05-24,2026-05-25,0.006355596261768782,0.004596044775098562,0.002603669859259937,2097.993896484375,2111.370361328125,2107.6585629777423,ensemble
ETH,phase0,lstm,phase0_lstm,2026-05-25,2026-05-26,-0.019374108363781214,0.005487438361160457,0.0038915679985283566,2111.370361328125,2070.858154296875,2122.9882230404583,ensemble
ETH,phase0,lstm,phase0_lstm,2026-05-26,2026-05-27,-0.023777930243884346,0.005475711706094444,0.004008447850395581,2070.858154296875,2022.1982421875,2082.2286789809923,ensemble
ETH,phase0,lstm,phase0_lstm,2026-05-27,2026-05-28,-0.0072687232435778805,0.005551802041009068,0.004291720881122758,2022.1982421875,2007.552734375,2033.4563088778123,ensemble
ETH,phase0,lstm,phase0_lstm,2026-05-28,2026-05-29,0.00220213888797984,0.005980755994096398,0.005107812505604615,2007.552734375,2011.978515625,2019.5953936312646,ensemble
ETH,phase0,lstm,phase0_lstm,2026-05-29,2026-05-30,0.0037107092790728668,0.005584185104817152,0.004449494191507236,2011.978515625,2019.458251953125,2023.2452044435756,ensemble
ETH,phase0,lstm,phase0_lstm,2026-05-30,2026-05-31,-0.007513679144432405,0.005749976099468768,0.005672505887272851,2019.458251953125,2004.341552734375,2031.1035366050394,ensemble
ETH,phase0,lstm,phase0_lstm,2026-05-31,2026-06-01,-0.0005591235515652776,0.005107375007355586,0.005497149946572828,2004.341552734375,2003.22119140625,2014.6046631541772,ensemble
ETH,phase0,lstm,phase0_lstm,2026-06-01,2026-06-02,-0.07540853835127649,0.005074822372989729,0.006024958419246167,2003.22119140625,1857.71630859375,2013.413022118499,ensemble
ETH,phase0,lstm,phase0_lstm,2026-06-02,2026-06-03,-0.02506448300158351,0.005163965723477304,0.005567974135586524,1857.71630859375,1811.7322998046875,1867.3343040615212,ensemble
ETH,phase0,lstm,phase0_lstm,2026-06-03,2026-06-04,-0.023540908919617697,0.00416785548441112,0.0025523605581957974,1811.7322998046875,1769.58056640625,1819.2990959094586,ensemble
ETH,phase0,lstm,phase0_lstm,2026-06-04,2026-06-05,-0.11277301635815795,0.0059313857345841825,0.0037213762167388497,1769.58056640625,1580.86083984375,1780.1078210745552,ensemble
ETH,phase0,lstm,phase0_lstm,2026-06-05,2026-06-06,-0.00767912718680117,0.007747040278627537,0.007453903801588963,1580.86083984375,1568.7677001953125,1593.1553941589166,ensemble
ETH,phase0,lstm,phase0_lstm,2026-06-06,2026-06-07,0.07230344307254986,0.008450970286503434,0.00965447433809764,1568.7677001953125,1686.396240234375,1582.081487388166,ensemble
ETH,phase0,lstm,phase0_lstm,2026-06-07,2026-06-08,0.002222580242866329,0.007373155490495264,0.009758597362492441,1686.396240234375,1690.1485595703125,1698.8762539350093,ensemble
ETH,phase0,lstm,phase0_lstm,2026-06-08,2026-06-09,-0.031519541921552284,0.006274960163864307,0.010200760767408945,1690.1485595703125,1637.7066650390625,1700.7875190669683,ensemble
ETH,phase0,lstm,phase0_lstm,2026-06-09,2026-06-10,-0.010785745482471555,0.00485328163485974,0.010441046435563147,1637.7066650390625,1620.1376953125,1645.6742355122758,ensemble
ETH,phase0,lstm,phase0_lstm,2026-06-10,2026-06-11,0.03167720451879468,0.004064464382827282,0.011804819353404137,1620.1376953125,1672.2806396484375,1626.7360876519842,ensemble
ETH,phase0,lstm,phase0_lstm,2026-06-11,2026-06-12,-0.004286465439468386,0.0035184476990252735,0.012484799762277185,1672.2806396484375,1665.1278076171875,1678.174834745136,ensemble
ETH,phase0,lstm,phase0_lstm,2026-06-12,2026-06-13,0.009019641302053691,0.0030920227523893117,0.012306807283264394,1665.1278076171875,1680.214599609375,1670.2843887086701,ensemble
ETH,phase0,lstm,phase0_lstm,2026-06-13,2026-06-14,0.02608131744744488,0.0023068139795213937,0.011644576628544727,1680.214599609375,1724.61328125,1684.0950161151031,ensemble
ETH,phase0,lstm,phase0_lstm,2026-06-14,2026-06-15,0.03998055531190125,0.0009077467257156968,0.010277837968890334,1724.61328125,1794.961181640625,1726.1795040684503,ensemble
ETH,phase0,lstm,phase0_lstm,2026-06-15,2026-06-16,-0.002545346375384009,-0.0005189971212530509,0.007705312730409835,1794.961181640625,1790.398193359375,1794.0298436563642,ensemble
ETH,phase0,lstm,phase0_lstm,2026-06-16,2026-06-17,-0.024031278966082516,-0.0020310280146077276,0.005331938985320588,1790.398193359375,1747.885498046875,1786.765534735824,ensemble
ETH,phase0,lstm,phase0_lstm,2026-06-17,2026-06-18,-0.022186275106794908,-0.0034882841631770135,0.004064405757725535,1747.885498046875,1709.533447265625,1741.7989986365158,ensemble
ETH,phase0,lstm,phase0_lstm,2026-06-18,2026-06-19,0.0008472258287815989,-0.004896333604119718,0.002828512001505439,1709.533447265625,1710.982421875,1701.1834600438594,ensemble
ETH,phase0,lstm,phase0_lstm,2026-06-19,2026-06-20,0.016415812264568657,-0.005759538616985083,0.0021872420131650114,1710.982421875,1739.3013916015625,1701.1562767373755,ensemble
ETH,phase0,lstm,phase0_lstm,2026-06-20,2026-06-21,-0.020164455160312907,-0.005718310200609267,0.003148529520131694,1739.3013916015625,1704.58056640625,1729.383909356334,ensemble
ETH,phase0,lstm,phase0_lstm,2026-06-21,2026-06-22,0.012783452112487081,-0.004983680602163076,0.005406506861271289,1704.58056640625,1726.5108642578125,1696.1066145763118,ensemble
ETH,phase0,lstm,phase0_lstm,2026-06-22,2026-06-23,-0.036015118575190234,-0.003040589764714241,0.007092830865119305,1726.5108642578125,1665.436767578125,1721.2692258696252,ensemble
ETH,phase0,lstm,phase0_lstm,2026-06-23,2026-06-24,-0.027707605238555068,-0.0027583691291511057,0.0065968778579507305,1665.436767578125,1619.9249267578125,1660.8492082116932,ensemble
ETH,phase0,lstm,phase0_lstm,2026-06-24,2026-06-25,-0.03461114583410765,-0.0032910045236349108,0.007880862753073833,1619.9249267578125,1564.816650390625,1614.6025093495832,ensemble
ETH,phase0,lstm,phase0_lstm,2026-06-25,2026-06-26,0.00751217354974333,-0.0033991491422057153,0.008305663737790266,1564.816650390625,1576.6160888671875,1559.5066350954621,ensemble
ETH,phase0,lstm,phase0_lstm,2026-06-26,2026-06-27,-0.003194097811799365,-0.0061548005789518355,0.006525828382840555,1576.6160888671875,1571.5882568359375,1566.9421324256987,ensemble
ETH,phase0,lstm,phase0_lstm,2026-06-27,2026-06-28,-0.0007810761173124416,-0.008978531323373317,0.004903600860778006,1571.5882568359375,1570.3612060546875,1557.540859311809,ensemble
ETH,phase0,lstm,phase0_lstm,2026-06-28,2026-06-29,0.025056343014794192,-0.010444802045822144,0.005122614765669295,1570.3612060546875,1610.205810546875,1554.0444550719137,ensemble
ETH,phase0,lstm,phase0_lstm,2026-06-29,2026-06-30,-0.025551475094469023,-0.011527507659047842,0.006157664966548737,1610.205810546875,1569.5838623046875,1591.750725663457,ensemble
ETH,phase0,lstm,phase0_lstm,2026-06-30,2026-07-01,0.024777910106091337,-0.011095916666090489,0.006611585019497289,1569.5838623046875,1608.960693359375,1552.2641572688883,ensemble
ETH,phase0,lstm,phase0_lstm,2026-07-01,2026-07-02,0.053962428648177775,-0.010091710835695267,0.006415427746725921,1608.960693359375,1698.16943359375,1592.8051827763338,ensemble
ETH,phase0,lstm,phase0_lstm,2026-07-02,2026-07-03,0.0337829584823897,-0.007786140497773886,0.004602062869639457,1698.16943359375,1756.5186767578125,1684.9985893556402,ensemble
ETH,phase0,lstm,phase0_lstm,2026-07-03,2026-07-04,0.012736109597214896,-0.004697359842248261,0.0033291326483194804,1756.5186767578125,1779.032958984375,1748.2870251144577,ensemble
ETH,phase0,lstm,phase0_lstm,2026-07-04,2026-07-05,0.002230758380216772,-0.002142492635175586,0.004575102869257473,1779.032958984375,1783.0059814453125,1775.2254741825395,ensemble
ETH,phase0,lstm,phase0_lstm,2026-07-05,2026-07-06,0.008137134529373787,-0.0004597253864631057,0.004914450451414166,1783.0059814453125,1797.57373046875,1782.1864767194234,ensemble
ETH,phase0,lstm,phase0_lstm,2026-07-06,2026-07-07,-0.016299610142193822,0.001524764229543507,0.005550482999479947,1797.57373046875,1768.511474609375,1800.3166972503232,ensemble
ETH,phase0,lstm,phase0_lstm,2026-07-07,2026-07-08,-0.014715429926392411,0.001276279054582119,0.004838920956485646,1768.511474609375,1742.6776123046875,1770.7700297289257,ensemble
ETH,phase0,lstm,phase0_lstm,2026-07-08,2026-07-09,0.0010363767887721133,0.0006924038636498154,0.00371635944762074,1742.6776123046875,1744.484619140625,1743.8846668529357,ensemble
ETH,phase0,lstm,phase0_lstm,2026-07-09,2026-07-10,0.028931987175530218,-0.00020328211539890617,0.0018744563714554404,1744.484619140625,1795.6932373046875,1744.1300326587314,ensemble
ETH,phase0,lstm,phase0_lstm,2026-07-10,2026-07-11,-0.004237766868141637,-0.0012231324741151183,0.0017076408142636444,1795.6932373046875,1788.099609375,1793.4982092712823,ensemble
ETH,phase0,lstm,phase0_lstm,2026-07-11,2026-07-12,0.00984372406415057,-0.0019237079890444876,0.0030705522947407247,1788.099609375,1805.7880859375,1784.663134318265,ensemble
ETH,phase0,lstm,phase0_lstm,2026-07-12,2026-07-13,-0.018041700992512517,-0.002374542353209108,0.003935430127075588,1805.7880859375,1773.500732421875,1801.5052525435426,ensemble
ETH,phase0,lstm,phase0_lstm,2026-07-13,2026-07-14,0.06334617578601259,-0.0025574293336831032,0.004638595561600026,1773.500732421875,1889.4798583984373,1768.9709244263058,ensemble
ETH,phase0,lstm,phase0_lstm,2026-07-14,2026-07-15,0.014430524175558828,-0.00222416176693514,0.00505211250328034,1889.4798583984373,1916.9437255859373,1885.28201960479,ensemble
ETH,phase0,lstm,phase0_lstm,2026-07-15,2026-07-16,-0.028440232689138405,-0.0006441696896217763,0.003937231687953093,1916.9437255859373,1863.193359375,1915.7092861781157,ensemble
ETH,phase0,lstm,phase0_lstm,2026-07-16,2026-07-17,-0.011989404987594009,0.0013467824552208184,0.0024618233678927936,1863.193359375,1840.9881591796875,1865.704366012389,ensemble
ETH,phase0,lstm,phase0_lstm,2026-07-17,2026-07-18,0.011022172689536534,0.003050519363023341,0.0019650555826109003,1840.9881591796875,1861.39208984375,1846.6127037357217,ensemble
ETH,phase0,lstm,phase0_lstm,2026-07-18,2026-07-19,0.005420170979573819,0.0033690060256049035,0.0016707409051282623,1861.39208984375,1871.508544921875,1867.673706471114,ensemble
ETH,phase0,lstm,phase0_lstm,2026-07-19,2026-07-20,0.01708549188125397,0.0034038584330119193,0.002338730818846174,1871.508544921875,1903.7589111328125,1877.889749261878,ensemble
ETH,phase0,lstm,phase0_lstm,2026-07-20,2026-07-21,0.012851931047764876,0.003822728988598101,0.0032958460188969754,1903.7589111328125,1928.3837890625,1911.0503933104908,ensemble
ETH,phase0,lstm,phase0_lstm,2026-07-21,2026-07-22,0.0026444810723667356,0.004654388242488494,0.00409184532040509,1928.3837890625,1933.4901123046875,1937.380155948515,ensemble
ETH,phase0,lstm,phase0_lstm,2026-07-22,2026-07-23,-0.029598568421148785,0.004976397248742615,0.004199862358146628,1933.4901123046875,1877.1002197265625,1943.1359079293115,ensemble
ETH,phase0,lstm,phase0_lstm,2026-07-23,2026-07-24,-0.009056635454748527,0.00492365774953214,0.00399037828170307,1877.1002197265625,1860.1767578125,1886.3652088707393,ensemble
ETH,phase0,lstm,phase0_lstm,2026-07-24,2026-07-25,0.006988648574768904,0.004518498061224818,0.0034702996058350727,1860.1767578125,1873.222412109375,1868.6009809712302,ensemble
ETH,phase0,lstm,phase0_lstm,2026-07-25,2026-07-26,0.041917042836694604,0.003843172872439027,0.0027654394028481105,1873.222412109375,1953.4112548828125,1880.4353811331323,ensemble
ETH,phase0,lstm,phase0_lstm,2026-07-26,2026-07-27,-0.032675812699619874,0.002949452796019614,0.0022584610589306228,1953.4112548828125,1890.613525390625,1959.181254157651,ensemble
ETH,phase0,lstm,phase0_lstm,2026-07-27,2026-07-28,0.015396962638548027,0.002979022532235831,0.002164079034453884,1890.613525390625,1919.948486328125,1896.2541032152535,ensemble
ETH,phase0,lstm,phase0_lstm,2026-07-28,2026-07-29,-0.005970784512141466,0.0031230369640979916,0.002029228195576609,1919.948486328125,1908.51904296875,1925.9539291489461,ensemble
ETH,phase0,lstm,phase0_lstm,2026-07-29,2026-07-30,0.004628409644754907,0.003392169999460748,0.0019704477964815675,1908.51904296875,1917.3729248046875,1915.0040569261164,ensemble
ETH,phase0,lstm,phase0_lstm,2026-07-30,2026-07-31,-0.03019351719084729,0.0036714923306135462,0.002031133252745997,1917.3729248046875,1860.345947265625,1924.425483578471,ensemble
ETH,phase0,lstm,phase0_lstm,2026-07-31,2026-08-01,-0.009141155880177469,0.00346815766824875,0.0019096641854285618,1860.345947265625,1843.417724609375,1866.8091215035602,ensemble
ETH,phase0,lstm,phase0_lstm,2026-08-01,2026-08-02,0.020991044981634618,0.002733935776632279,0.0018385026611462863,1843.417724609375,1882.52197265625,1848.4644057856622,ensemble
ETH,phase0,lstm,phase0_lstm,2026-08-02,2026-08-03,-0.012973686445006478,0.001910701984888874,0.0022207004334846197,1882.52197265625,1858.2564697265625,1886.12234965439,ensemble
ETH,phase0,lstm,phase0_lstm,2026-08-03,2026-08-04,0.005436217682913836,0.0014485078951111062,0.002498014725743494,1858.2564697265625,1868.3858642578125,1860.9501193094675,ensemble
ETH,phase0,lstm,phase0_lstm,2026-08-04,2026-08-05,0.02020785436698823,0.0011706248420523479,0.002883853252241638,1868.3858642578125,1906.5260009765625,1870.5743238477178,ensemble
ETH,phase0,lstm,phase0_lstm,2026-08-05,2026-08-06,-0.002346545855886157,0.0014858564012683929,0.0034547406698032974,1906.5260009765625,1902.0574951171875,1909.3609304667905,ensemble
ETH,phase0,lstm,phase0_lstm,2026-08-06,2026-08-07,0.005882550580216205,0.003303866949863732,0.003258501181979219,1902.0574951171875,1913.2794189453125,1908.3520324432773,ensemble
ETH,phase0,lstm,phase0_lstm,2026-08-07,2026-08-08,0.001177148461113393,0.005135862604947761,0.003620912969867522,1913.2794189453125,1915.532958984375,1923.1310357864215,ensemble
ETH,phase0,lstm,phase0_lstm,2026-08-08,2026-08-09,-0.0035825526559130822,0.005942683748435229,0.004224670401657757,1915.532958984375,1908.6827392578125,1926.9502566634053,ensemble
ETH,phase0,lstm,phase0_lstm,2026-08-09,2026-08-10,-0.019791352046331357,0.0059548126882873476,0.004352989156629136,1908.6827392578125,1871.2786865234373,1920.0824954718694,ensemble
ETH,phase0,lstm,phase0_lstm,2026-08-10,2026-08-11,0.005380127113694831,0.006529611081350595,0.004803512202620747,1871.2786865234373,1881.37353515625,1883.5373872904916,ensemble
ETH,phase0,lstm,phase0_lstm,2026-08-11,2026-08-12,-0.0017228455012013328,0.0070402076933532955,0.0052542962533758016,1881.37353515625,1878.135009765625,1894.6655298934284,ensemble
ETH,phase0,lstm,phase0_lstm,2026-08-12,2026-08-13,0.0031133074431306308,0.007241238281130791,0.0053400582237536,1878.135009765625,1883.9913330078125,1891.7843924690767,ensemble
ETH,phase0,lstm,phase0_lstm,2026-08-13,2026-08-14,-0.001775101080760423,0.00679116842802614,0.004889683755010495,1883.9913330078125,1880.6500244140625,1896.8293787919956,ensemble
ETH,phase0,lstm,phase0_lstm,2026-08-14,2026-08-15,0.00013733711278611884,0.006059838947840035,0.004590293806854998,1880.6500244140625,1880.9083251953125,1892.0810608185523,ensemble
ETH,phase0,lstm,phase0_lstm,2026-08-15,2026-08-16,-0.003710048377518096,0.004967358766589314,0.004184006311213724,1880.9083251953125,1873.9429931640625,1890.2747155047684,ensemble
ETH,phase0,lstm,phase0_lstm,2026-08-16,2026-08-17,0.020210771727059512,0.0038725073827663437,0.003942287045216304,1873.9429931640625,1912.2021484375,1881.2139205134704,ensemble
ETH,phase0,lstm,phase0_lstm,2026-08-17,2026-08-18,0.0022239875598747453,0.0036416836956050247,0.003609339373510037,1912.2021484375,1916.4595947265625,1919.178478908707,ensemble
ETH,phase0,lstm,phase0_lstm,2026-08-18,2026-08-19,0.16109848705425042,0.003598314424743876,0.0032849737919030094,1916.4595947265625,2251.4580078125,1923.3680408572532,ensemble
ETH,phase0,lstm,phase0_lstm,2026-08-19,2026-08-20,0.032737450034477825,0.005175366811454296,0.0033357313864293037,2251.4580078125,2326.384765625,2263.1403329470586,ensemble
ETH,phase0,lstm,phase0_lstm,2026-08-20,2026-08-21,0.07806936059159927,0.006803616322577,0.004339396221566421,2326.384765625,2515.28173828125,2342.2665605456664,ensemble
ETH,phase0,lstm,phase0_lstm,2026-08-21,2026-08-22,-0.036862118710177375,0.007974867755547167,0.005250137152565823,2515.28173828125,2424.251220703125,2535.4209746500064,ensemble
ETH,phase0,lstm,phase0_lstm,2026-08-22,2026-08-23,0.01618863252300956,0.008158385287970304,0.0053303524854083914,2424.251220703125,2463.81591796875,2444.110094218024,ensemble
ETH,phase0,lstm,phase0_lstm,2026-08-23,2026-08-24,0.007285380356811502,0.007831856328994035,0.004807341241889961,2463.81591796875,2481.831298828125,2483.1879306495307,ensemble
ETH,phase0,lstm,phase0_lstm,2026-08-24,2026-08-25,-0.01570466707427711,0.006793576246127486,0.00393739935765717,2481.831298828125,2443.159423828125,2498.7492104809144,ensemble
ETH,phase0,lstm,phase0_lstm,2026-08-25,2026-08-26,0.02549994808905242,0.0052215140778571366,0.002903988386938229,2443.159423828125,2506.260986328125,2455.949778602956,ensemble
ETH,phase0,lstm,phase0_lstm,2026-08-26,2026-08-27,0.0016541530230063984,0.0034422159544192253,0.0022963931229797365,2506.260986328125,2510.41015625,2514.9029430888186,ensemble
ETH,phase0,lstm,phase0_lstm,2026-08-27,2026-08-28,-0.02740935041425752,0.001733402386889793,0.0029486275113156683,2510.41015625,2442.535888671875,2514.7654808814405,ensemble
ETH,phase0,lstm,phase0_lstm,2026-08-28,2026-08-29,0.006183572246544925,0.0006276188214542344,0.004708804254599072,2442.535888671875,2457.686279296875,2444.0693513323604,ensemble
ETH,phase0,lstm,phase0_lstm,2026-08-29,2026-08-30,-0.016304961587388887,-0.00027305318508297205,0.006733245628148719,2457.686279296875,2417.938720703125,2457.015291842178,ensemble
ETH,phase0,lstm,phase0_lstm,2026-08-30,2026-08-31,0.020014589550137154,-0.0004736443515866995,0.007667587483196441,2417.938720703125,2466.8203125,2416.793748861709,ensemble
ETH,phase0,xgb,phase0_xgb,2025-10-31,2025-11-01,0.007021586687225155,-0.00047568040354235565,0.001665938171794694,3847.080322265625,3874.18798828125,3845.2507767194497,ensemble
ETH,phase0,xgb,phase0_xgb,2025-11-01,2025-11-02,0.009473174047530416,-0.0011816826794529335,0.0017958768291083604,3874.18798828125,3911.063232421875,3869.6126312810225,ensemble
ETH,phase0,xgb,phase0_xgb,2025-11-02,2025-11-03,-0.08223448305523949,-0.014462770149111747,0.0023354545233709423,3911.063232421875,3602.30810546875,3854.9055009148533,ensemble
ETH,phase0,xgb,phase0_xgb,2025-11-03,2025-11-04,-0.08990501013567212,0.004548627237090841,0.005595360097003472,3602.30810546875,3292.574462890625,3618.7309846957755,ensemble
ETH,phase0,xgb,phase0_xgb,2025-11-04,2025-11-05,0.039481668810072805,-0.006215260596945882,0.007535182786622991,3292.574462890625,3425.171142578125,3272.1737182136244,ensemble
ETH,phase0,xgb,phase0_xgb,2025-11-05,2025-11-06,-0.03352136366985419,0.006053411160246469,0.005943526791874619,3425.171142578125,3312.2578125,3445.9679942390885,ensemble
ETH,phase0,xgb,phase0_xgb,2025-11-06,2025-11-07,0.03647448115981518,0.01192500926554203,0.0018509165529317195,3312.2578125,3435.301025390625,3351.992967771485,ensemble
ETH,phase0,xgb,phase0_xgb,2025-11-07,2025-11-08,-0.010218549741346181,-0.00011785762071667705,0.002734918182438815,3435.301025390625,3400.3759765625,3434.896172843274,ensemble
ETH,phase0,xgb,phase0_xgb,2025-11-08,2025-11-09,0.05220874290983875,0.004854544089175761,0.002250927719724919,3400.3759765625,3582.621337890625,3416.9233842233593,ensemble
ETH,phase0,xgb,phase0_xgb,2025-11-09,2025-11-10,-0.003960630532174714,-0.0013011449249461294,0.004192439225462968,3582.621337890625,3568.4599609375,3577.962859653708,ensemble
ETH,phase0,xgb,phase0_xgb,2025-11-10,2025-11-11,-0.04387398640993172,-0.002645696746185422,0.0032286278785443974,3568.4599609375,3415.2822265625,3559.0313761178245,ensemble
ETH,phase0,xgb,phase0_xgb,2025-11-11,2025-11-12,-0.0006408517068140884,-0.011069031432271004,0.002313634143015797,3415.2822265625,3413.09423828125,3377.686816493667,ensemble
ETH,phase0,xgb,phase0_xgb,2025-11-12,2025-11-13,-0.054283922809847215,0.0034292410826310517,0.004397240903933458,3413.09423828125,3232.757080078125,3424.8186526942177,ensemble
ETH,phase0,xgb,phase0_xgb,2025-11-13,2025-11-14,-0.04071281618360177,0.010003207996487618,0.004498526525204076,3232.757080078125,3103.78564453125,3265.2573037925977,ensemble
ETH,phase0,xgb,phase0_xgb,2025-11-14,2025-11-15,0.020045814386644864,0.01898589339107275,0.0023821563946275956,3103.78564453125,3166.63134765625,3163.276746725667,ensemble
ETH,phase0,xgb,phase0_xgb,2025-11-15,2025-11-16,-0.023576197316441422,-0.006793630650645355,0.004162095037986934,3166.63134765625,3092.847412109375,3145.191334100899,ensemble
ETH,phase0,xgb,phase0_xgb,2025-11-16,2025-11-17,-0.022333536068642135,-0.006325936602661386,0.004462458273100368,3092.847412109375,3024.538818359375,3073.3440091437137,ensemble
ETH,phase0,xgb,phase0_xgb,2025-11-17,2025-11-18,0.032028732106195945,0.010117097105830909,0.003964514016434615,3024.538818359375,3122.97900390625,3055.2936839384247,ensemble
ETH,phase0,xgb,phase0_xgb,2025-11-18,2025-11-19,-0.03251421900082368,0.009959370922297239,0.00383375299144114,3122.97900390625,3023.07080078125,3154.2373083397433,ensemble
ETH,phase0,xgb,phase0_xgb,2025-11-19,2025-11-20,-0.06536849882670856,0.005094437763909809,0.00363052300287649,3023.07080078125,2831.777587890625,3038.510942859631,ensemble
ETH,phase0,xgb,phase0_xgb,2025-11-20,2025-11-21,-0.02361115238578957,0.004923293273895979,0.005255881482399393,2831.777587890625,2765.69921875,2845.7536353021387,ensemble
ETH,phase0,xgb,phase0_xgb,2025-11-21,2025-11-22,0.0006897153274086759,0.011859519220888615,0.0029832267293973427,2765.69921875,2767.607421875,2798.694348255699,ensemble
ETH,phase0,xgb,phase0_xgb,2025-11-22,2025-11-23,0.012234618260287876,0.0110866354778409,0.005349128593319593,2767.607421875,2801.676025390625,2798.461594959892,ensemble
ETH,phase0,xgb,phase0_xgb,2025-11-23,2025-11-24,0.05250671846439223,0.0006450262095313519,0.006045277831622628,2801.676025390625,2952.71337890625,2803.48376281395,ensemble
ETH,phase0,xgb,phase0_xgb,2025-11-24,2025-11-25,0.0017672851723719149,0.004195115953916684,0.002427737739482406,2952.71337890625,2957.936279296875,2965.126372678866,ensemble
ETH,phase0,xgb,phase0_xgb,2025-11-25,2025-11-26,0.023348428095094007,0.0012004770454950632,0.0034335072823860804,2957.936279296875,3027.81201171875,2961.489346163108,ensemble
ETH,phase0,xgb,phase0_xgb,2025-11-26,2025-11-27,-0.004392260426713515,-0.011261931248009205,0.0014718893773903007,3027.81201171875,3014.542236328125,2993.9042925903495,ensemble
ETH,phase0,xgb,phase0_xgb,2025-11-27,2025-11-28,0.005874882913213043,-0.006852721143513918,0.0031958280040446647,3014.542236328125,3032.304443359375,2993.955038733483,ensemble
ETH,phase0,xgb,phase0_xgb,2025-11-28,2025-11-29,-0.013485997805236051,-0.0026044886093586684,0.002326192033446494,3032.304443359375,2991.685302734375,3024.4171166613573,ensemble
ETH,phase0,xgb,phase0_xgb,2025-11-29,2025-11-30,0.00014280097860070945,-0.0035160137340426445,0.003272807017182416,2991.685302734375,2992.112548828125,2981.184966602456,ensemble
ETH,phase0,xgb,phase0_xgb,2025-11-30,2025-12-01,-0.0662927736435053,0.0009961768868379296,0.007328292292740701,2992.112548828125,2800.18896484375,2995.0947073241523,ensemble
ETH,phase0,xgb,phase0_xgb,2025-12-01,2025-12-02,0.06823838280892502,0.00497948988340795,0.004914112126057646,2800.18896484375,2997.939697265625,2814.1672509499526,ensemble
ETH,phase0,xgb,phase0_xgb,2025-12-02,2025-12-03,0.06258823046337834,0.0024751712917350233,0.005298635616984118,2997.939697265625,3191.57177734375,3005.369302518359,ensemble
ETH,phase0,xgb,phase0_xgb,2025-12-03,2025-12-04,-0.01810241754529839,0.0009136448497883976,0.0034415887556513993,3191.57177734375,3134.31640625,3194.4890729439667,ensemble
ETH,phase0,xgb,phase0_xgb,2025-12-04,2025-12-05,-0.03568750802814642,-0.011618788540363311,0.004212046070319236,3134.31640625,3024.432861328125,3098.1101901989528,ensemble
ETH,phase0,xgb,phase0_xgb,2025-12-05,2025-12-06,0.005202266348911221,0.007386382389813662,0.002455787548842592,3024.432861328125,3040.207763671875,3046.855186945537,ensemble
ETH,phase0,xgb,phase0_xgb,2025-12-06,2025-12-07,0.006914380156550823,-0.01328225089237094,0.0042679383839920775,3040.207763671875,3061.3017578125,3000.0939519775375,ensemble
ETH,phase0,xgb,phase0_xgb,2025-12-07,2025-12-08,0.020657404003744346,-0.004701575651415624,0.0035945130689854746,3061.3017578125,3125.197998046875,3046.9425977954247,ensemble
ETH,phase0,xgb,phase0_xgb,2025-12-08,2025-12-09,0.06080292642241868,0.0025107562891207636,0.0034943469215205553,3125.197998046875,3321.114990234375,3133.0544672878,ensemble
ETH,phase0,xgb,phase0_xgb,2025-12-09,2025-12-10,0.001286434597521452,-0.00767463588854298,0.004020908137105846,3321.114990234375,3325.39013671875,3295.7241991051837,ensemble
ETH,phase0,xgb,phase0_xgb,2025-12-10,2025-12-11,-0.02692245348848621,0.0001718091545626521,0.003557229403965087,3325.39013671875,3237.056884765625,3325.9615182696157,ensemble
ETH,phase0,xgb,phase0_xgb,2025-12-11,2025-12-12,-0.048381125268667786,-0.008096374571323395,0.0026718814280137938,3237.056884765625,3084.172607421875,3210.9542705769236,ensemble
ETH,phase0,xgb,phase0_xgb,2025-12-12,2025-12-13,0.010489822947687412,-0.011759511101990939,0.0071229877915068305,3084.172607421875,3116.6953125,3048.116661057288,ensemble
ETH,phase0,xgb,phase0_xgb,2025-12-13,2025-12-14,-0.01816399360114702,0.000409974018111825,0.0021768046430214495,3116.6953125,3060.5947265625,3117.973338561335,ensemble
ETH,phase0,xgb,phase0_xgb,2025-12-14,2025-12-15,-0.03200777016588088,-0.009773886855691671,0.002800127060147696,3060.5947265625,2964.18310546875,3030.826532450961,ensemble
ETH,phase0,xgb,phase0_xgb,2025-12-15,2025-12-16,-7.412721688312701e-07,0.0031025923322886228,0.0030854184773501437,2964.18310546875,2964.180908203125,2973.3940387399834,ensemble
ETH,phase0,xgb,phase0_xgb,2025-12-16,2025-12-17,-0.045828192848759323,0.0303023524582386,0.00461855140754091,2964.180908203125,2831.403564453125,3055.377317516507,ensemble
ETH,phase0,xgb,phase0_xgb,2025-12-17,2025-12-18,-0.0015320294953636582,-0.007591079804114997,0.006431458481420768,2831.403564453125,2827.069091796875,2809.9915271012424,ensemble
ETH,phase0,xgb,phase0_xgb,2025-12-18,2025-12-19,0.05200157806139122,-0.009251119988039135,0.004742801026327452,2827.069091796875,2977.970703125,2801.036139063937,ensemble
ETH,phase0,xgb,phase0_xgb,2025-12-19,2025-12-20,-0.0001303602133292682,-0.008077035797759891,0.0026481662695265903,2977.970703125,2977.58251953125,2954.0144053279078,ensemble
ETH,phase0,xgb,phase0_xgb,2025-12-20,2025-12-21,0.008038330984924418,-0.01059802109375596,0.002790853452558628,2977.58251953125,3001.61376953125,2946.1926661483794,ensemble
ETH,phase0,xgb,phase0_xgb,2025-12-21,2025-12-22,0.0014847515809792915,0.004104322765488178,0.00314738792814981,3001.61376953125,3006.07373046875,3013.958677672863,ensemble
ETH,phase0,xgb,phase0_xgb,2025-12-22,2025-12-23,-0.014306326840175283,-0.005706572253257036,0.0011525504782219237,3006.07373046875,2963.3740234375,2988.968206900341,ensemble
ETH,phase0,xgb,phase0_xgb,2025-12-23,2025-12-24,-0.0060191597554604985,-0.004894601344130933,0.003471019583684163,2963.3740234375,2945.590576171875,2948.90492807251,ensemble
ETH,phase0,xgb,phase0_xgb,2025-12-24,2025-12-25,-0.014365015056822026,-0.013455808721482753,0.0029739990462561757,2945.590576171875,2903.57958984375,2906.2207432967803,ensemble
ETH,phase0,xgb,phase0_xgb,2025-12-25,2025-12-26,0.007605038907991378,-0.009195287711918354,0.0026022335168616774,2903.57958984375,2925.74560546875,2877.002718373795,ensemble
ETH,phase0,xgb,phase0_xgb,2025-12-26,2025-12-27,0.0075770385642638756,0.007227655546739697,0.004307869642052431,2925.74560546875,2947.998291015625,2946.968490384955,ensemble
ETH,phase0,xgb,phase0_xgb,2025-12-27,2025-12-28,0.00019327323098403297,0.005239637941122055,0.0014097225036671154,2947.998291015625,2948.568115234375,2963.485272367771,ensemble
ETH,phase0,xgb,phase0_xgb,2025-12-28,2025-12-29,-0.00476952504017534,0.009970725793391467,0.0016492301114009538,2948.568115234375,2934.538330078125,2978.1145342352484,ensemble
ETH,phase0,xgb,phase0_xgb,2025-12-29,2025-12-30,0.012488715813386491,-0.006828023493289948,0.0027321544869072845,2934.538330078125,2971.416748046875,2914.5694848725634,ensemble
ETH,phase0,xgb,phase0_xgb,2025-12-30,2025-12-31,-0.0014748454494985343,0.019462964311242104,0.003884716387684685,2971.416748046875,2967.03759765625,3029.8157919359696,ensemble
ETH,phase0,xgb,phase0_xgb,2025-12-31,2026-01-01,0.01117969589667102,-0.008556600846350192,0.0019171283702220806,2967.03759765625,3000.394287109375,2941.7581485517244,ensemble
ETH,phase0,xgb,phase0_xgb,2026-01-01,2026-01-02,0.04050579142356504,-0.000706946468562819,0.0024101467817035445,3000.394287109375,3124.422607421875,2998.27391854565,ensemble
ETH,phase0,xgb,phase0_xgb,2026-01-02,2026-01-03,0.0004783333560596635,-0.007805307162925601,0.0032203496058123044,3124.422607421875,3125.91748046875,3100.1304564429142,ensemble
ETH,phase0,xgb,phase0_xgb,2026-01-03,2026-01-04,0.004721198192569982,0.013898542337119579,0.002554751991843574,3125.91748046875,3140.71044921875,3169.6664964431325,ensemble
ETH,phase0,xgb,phase0_xgb,2026-01-04,2026-01-05,0.02683435946003148,0.007205292908474803,0.0033650841880535423,3140.71044921875,3226.13037109375,3163.4219110558015,ensemble
ETH,phase0,xgb,phase0_xgb,2026-01-05,2026-01-06,0.021410072765534124,0.0015070774999912829,0.002438159365105769,3226.13037109375,3295.94677734375,3230.9960651561382,ensemble
ETH,phase0,xgb,phase0_xgb,2026-01-06,2026-01-07,-0.039957957746070624,0.0018555824412032963,0.003061612987843003,3295.94677734375,3166.843994140625,3302.06835610148,ensemble
ETH,phase0,xgb,phase0_xgb,2026-01-07,2026-01-08,-0.01992066167813984,0.0003828756976872683,0.0020990728363027354,3166.843994140625,3104.382568359375,3168.056733893823,ensemble
ETH,phase0,xgb,phase0_xgb,2026-01-08,2026-01-09,-0.006896412519137501,0.006599036976695061,0.0012479814171708497,3104.382568359375,3083.047119140625,3124.9362463703615,ensemble
ETH,phase0,xgb,phase0_xgb,2026-01-09,2026-01-10,-0.00021121695136130524,0.009608421754091979,0.002031197622868624,3083.047119140625,3082.39599609375,3112.813109238743,ensemble
ETH,phase0,xgb,phase0_xgb,2026-01-10,2026-01-11,0.011768432191719677,0.0001339025446213782,0.0017670339511235227,3082.39599609375,3118.88525390625,3082.808764395904,ensemble
ETH,phase0,xgb,phase0_xgb,2026-01-11,2026-01-12,-0.008552349240195838,0.001978020055685192,0.0029480359049211717,3118.88525390625,3092.3251953125,3125.060576932811,ensemble
ETH,phase0,xgb,phase0_xgb,2026-01-12,2026-01-13,0.07167244785080332,0.0020287570776417853,0.001960982531933598,3092.3251953125,3322.095458984375,3098.6051400260576,ensemble
ETH,phase0,xgb,phase0_xgb,2026-01-13,2026-01-14,0.009773355035415114,0.02352900058031082,0.002890739248992685,3322.095458984375,3354.72265625,3401.1878789091083,ensemble
ETH,phase0,xgb,phase0_xgb,2026-01-14,2026-01-15,-0.01127779653171091,0.005222675483673811,0.0016974966583555473,3354.72265625,3317.101318359375,3372.289116051751,ensemble
ETH,phase0,xgb,phase0_xgb,2026-01-15,2026-01-16,-0.006538811242779367,0.004975214134901762,0.0025380656909811507,3317.101318359375,3295.482177734375,3333.6457295930563,ensemble
ETH,phase0,xgb,phase0_xgb,2026-01-16,2026-01-17,0.004052512545503773,-0.002586373733356595,0.0018653832349017833,3295.482177734375,3308.8642578125,3286.969841977095,ensemble
ETH,phase0,xgb,phase0_xgb,2026-01-17,2026-01-18,-0.008408684018054191,0.006618738360702992,0.0016907872791005845,3308.8642578125,3281.15771484375,3330.837401634993,ensemble
ETH,phase0,xgb,phase0_xgb,2026-01-18,2026-01-19,-0.029235184793820444,0.010677492618560791,0.0030215563752339475,3281.15771484375,3186.62109375,3316.3799601196324,ensemble
ETH,phase0,xgb,phase0_xgb,2026-01-19,2026-01-20,-0.08204732940901807,-0.0009193482343107462,0.003281852848001782,3186.62109375,2935.605712890625,3183.6928255294006,ensemble
ETH,phase0,xgb,phase0_xgb,2026-01-20,2026-01-21,0.014640674097217414,-0.0022500245831906796,0.0007993241869722658,2935.605712890625,2978.901123046875,2929.0079532142895,ensemble
ETH,phase0,xgb,phase0_xgb,2026-01-21,2026-01-22,-0.009873624051331843,-0.008590594213455916,0.004157842089337195,2978.901123046875,2949.63330078125,2953.420197147972,ensemble
ETH,phase0,xgb,phase0_xgb,2026-01-22,2026-01-23,0.0012275504187740749,0.0026826532324776054,0.0035834302428297245,2949.63330078125,2953.25634765625,2957.556767294889,ensemble
ETH,phase0,xgb,phase0_xgb,2026-01-23,2026-01-24,-0.0015302026847261398,-0.005420810077339411,0.004605464490430253,2953.25634765625,2948.74072265625,2937.290618574759,ensemble
ETH,phase0,xgb,phase0_xgb,2026-01-24,2026-01-25,-0.046095446910964524,-0.0030811501084826885,0.0015199882629308085,2948.74072265625,2815.90234375,2939.6691924086563,ensemble
ETH,phase0,xgb,phase0_xgb,2026-01-25,2026-01-26,0.0385097283715548,0.030387899652123452,0.0045340778275888265,2815.90234375,2926.45703125,2902.785108264006,ensemble
ETH,phase0,xgb,phase0_xgb,2026-01-26,2026-01-27,0.03219617504335294,-0.0018743616761639713,0.004991940750383281,2926.45703125,3022.2109375,2920.9769297941652,ensemble
ETH,phase0,xgb,phase0_xgb,2026-01-27,2026-01-28,-0.005176321307197195,-0.007098077097907662,0.003306446614188799,3022.2109375,3006.607421875,3000.8350050159124,ensemble
ETH,phase0,xgb,phase0_xgb,2026-01-28,2026-01-29,-0.06470236643237812,-0.020060164481401445,0.0021798932851511414,3006.607421875,2818.232666015625,2946.8953023148697,ensemble
ETH,phase0,xgb,phase0_xgb,2026-01-29,2026-01-30,-0.04197886796827195,-0.00324843586422503,0.004986525205795269,2818.232666015625,2702.375244140625,2809.092671330233,ensemble
ETH,phase0,xgb,phase0_xgb,2026-01-30,2026-01-31,-0.10004843937927187,-0.0014439409016631544,0.0031845060650830216,2702.375244140625,2445.091796875,2698.4759898178536,ensemble
ETH,phase0,xgb,phase0_xgb,2026-01-31,2026-02-01,-0.07519978220290023,0.012195591069757938,0.002115472659331063,2445.091796875,2267.96484375,2475.0937102371477,ensemble
ETH,phase0,xgb,phase0_xgb,2026-02-01,2026-02-02,0.03312814665299069,0.031818225234746936,0.007045776397653855,2267.96484375,2344.356689453125,2341.287776869597,ensemble
ETH,phase0,xgb,phase0_xgb,2026-02-02,2026-02-03,-0.05110473707553693,-0.02361549735069275,0.0061349371191696915,2344.356689453125,2227.558837890625,2289.6421387254777,ensemble
ETH,phase0,xgb,phase0_xgb,2026-02-03,2026-02-04,-0.03846435100865618,0.016242717485874893,0.006452138882535103,2227.558837890625,2143.504150390625,2264.035888025406,ensemble
ETH,phase0,xgb,phase0_xgb,2026-02-04,2026-02-05,-0.16268108635736284,-0.0004947553970851004,0.0033450985798478654,2143.504150390625,1821.68310546875,2142.443902446869,ensemble
ETH,phase0,xgb,phase0_xgb,2026-02-05,2026-02-06,0.12458793243377704,0.013370549585670233,0.004310826365407655,1821.68310546875,2063.386962890625,1846.203570510851,ensemble
ETH,phase0,xgb,phase0_xgb,2026-02-06,2026-02-07,0.013078072860626821,-0.005931340670213103,0.007856619448744245,2063.386962890625,2090.54931640625,2051.184536028847,ensemble
ETH,phase0,xgb,phase0_xgb,2026-02-07,2026-02-08,-0.00085486651992098,0.023709260486066343,0.005022200127638592,2090.54931640625,2088.762939453125,2140.7069452858573,ensemble
ETH,phase0,xgb,phase0_xgb,2026-02-08,2026-02-09,0.007062777520560773,0.011433679051697255,0.004674040199005357,2088.762939453125,2103.567626953125,2112.7822373216536,ensemble
ETH,phase0,xgb,phase0_xgb,2026-02-09,2026-02-10,-0.04078608660125574,0.0060477907769382,0.007331845778383374,2103.567626953125,2019.4974365234373,2116.3281113222247,ensemble
ETH,phase0,xgb,phase0_xgb,2026-02-10,2026-02-11,-0.03984048759789168,0.00773495661560446,0.007308048429085954,2019.4974365234373,1940.621337890625,2035.1787304607544,ensemble
ETH,phase0,xgb,phase0_xgb,2026-02-11,2026-02-12,0.003251056309532056,0.0003563846694305539,0.004516399473965982,1940.621337890625,1946.940673828125,1941.3130688384501,ensemble
ETH,phase0,xgb,phase0_xgb,2026-02-12,2026-02-13,0.05086191072713562,-0.010251140221953392,0.004143899567586772,1946.940673828125,2048.52734375,1927.0842612968738,ensemble
ETH,phase0,xgb,phase0_xgb,2026-02-13,2026-02-14,0.018131871977993777,0.007209769124165178,0.0035055571214902474,2048.52734375,2086.009765625,2063.3501231433434,ensemble
ETH,phase0,xgb,phase0_xgb,2026-02-14,2026-02-15,-0.05923016066341757,0.010026616742834449,0.0057907402422939114,2086.009765625,1966.04296875,2107.0305938538413,ensemble
ETH,phase0,xgb,phase0_xgb,2026-02-15,2026-02-16,0.016082623092426845,0.0027688626432791352,0.003416053955188867,1966.04296875,1997.917724609375,1971.4942150746974,ensemble
ETH,phase0,xgb,phase0_xgb,2026-02-16,2026-02-17,-0.002868787898831094,-0.0028251980780623852,0.003949639237993617,1997.917724609375,1992.1943359375,1992.2811772242242,ensemble
ETH,phase0,xgb,phase0_xgb,2026-02-17,2026-02-18,-0.019371403139241388,0.005437936255475506,0.006295004607221095,1992.1943359375,1953.97412109375,2003.0572709498085,ensemble
ETH,phase0,xgb,phase0_xgb,2026-02-18,2026-02-19,-0.002958901252870125,0.03597769066691399,0.003629019923414986,1953.97412109375,1948.2010498046875,2025.5535072718537,ensemble
ETH,phase0,xgb,phase0_xgb,2026-02-19,2026-02-20,0.010630736664791151,-0.0027894894941709937,0.005222381193567379,1948.2010498046875,1969.0223388671875,1942.7741361220908,ensemble
ETH,phase0,xgb,phase0_xgb,2026-02-20,2026-02-21,0.0023916477643178046,0.0029764714388875292,0.0034242988432929052,1969.0223388671875,1973.7371826171875,1974.891808442311,ensemble
ETH,phase0,xgb,phase0_xgb,2026-02-21,2026-02-22,-0.008104381025179103,-0.002239306492265314,0.003470490203281734,1973.7371826171875,1957.805908203125,1969.322325084551,ensemble
ETH,phase0,xgb,phase0_xgb,2026-02-22,2026-02-23,-0.053668696967508325,0.0036369994370033963,0.003511885085820532,1957.805908203125,1855.5028076171875,1964.939411599583,ensemble
ETH,phase0,xgb,phase0_xgb,2026-02-23,2026-02-24,-0.001366236763411363,0.0039131833706051115,0.006066409276665164,1855.5028076171875,1852.969482421875,1862.7779555583422,ensemble
ETH,phase0,xgb,phase0_xgb,2026-02-24,2026-02-25,0.10330529755605292,-0.0021047409099992365,0.002340886324592393,1852.969482421875,2054.6279296875,1849.0735631358152,ensemble
ETH,phase0,xgb,phase0_xgb,2026-02-25,2026-02-26,-0.013640230652308093,0.00985428411513567,0.0051572146021028695,2054.6279296875,2026.7926025390625,2074.9749048421627,ensemble
ETH,phase0,xgb,phase0_xgb,2026-02-26,2026-02-27,-0.04853988358482078,0.008263005269691348,0.0061439870312232055,2026.7926025390625,1930.7618408203125,2043.6093833852613,ensemble
ETH,phase0,xgb,phase0_xgb,2026-02-27,2026-02-28,0.017603302415937827,-0.017757531069219113,0.002703776250979424,1930.7618408203125,1965.050537109375,1896.7788970167478,ensemble
ETH,phase0,xgb,phase0_xgb,2026-02-28,2026-03-01,-0.013311214361673498,-0.03134310059249401,0.0010803379385586674,1965.050537109375,1939.066650390625,1904.4149775755056,ensemble
ETH,phase0,xgb,phase0_xgb,2026-03-01,2026-03-02,0.04448277882265156,0.002381982092629187,0.002949310542992452,1939.066650390625,2027.2689208984373,1943.6909777743056,ensemble
ETH,phase0,xgb,phase0_xgb,2026-03-02,2026-03-03,-0.02219521539096451,0.006531049450859428,0.004577011151583043,2027.2689208984373,1982.7689208984373,2040.5524449302577,ensemble
ETH,phase0,xgb,phase0_xgb,2026-03-03,2026-03-04,0.06998564880773499,-0.0391343891620636,0.006641788988730243,1982.7689208984373,2126.50537109375,1906.6731623203789,ensemble
ETH,phase0,xgb,phase0_xgb,2026-03-04,2026-03-05,-0.026156066067129717,-0.0025117198005318643,0.007105317905449057,2126.50537109375,2071.60546875,2121.1708876156126,ensemble
ETH,phase0,xgb,phase0_xgb,2026-03-05,2026-03-06,-0.04585794631276462,-0.01422502975910902,0.0037447037821138783,2071.60546875,1978.751220703125,2042.3454252024155,ensemble
ETH,phase0,xgb,phase0_xgb,2026-03-06,2026-03-07,-0.004708868776353749,0.004945565317757428,0.004267724219338035,1978.751220703125,1969.4554443359373,1988.5615028126979,ensemble
ETH,phase0,xgb,phase0_xgb,2026-03-07,2026-03-08,-0.016820776457913442,-0.022078802436590196,0.005250286125383432,1969.4554443359373,1936.604736328125,1926.4487419536297,ensemble
ETH,phase0,xgb,phase0_xgb,2026-03-08,2026-03-09,0.028673744603590037,-0.02393169663846493,0.005617104569352659,1936.604736328125,1992.938232421875,1890.808673704525,ensemble
ETH,phase0,xgb,phase0_xgb,2026-03-09,2026-03-10,0.021927234478122906,-0.010511869052425026,0.0065703542113247715,1992.938232421875,2037.1204833984373,1972.0984511174036,ensemble
ETH,phase0,xgb,phase0_xgb,2026-03-10,2026-03-11,0.007069651069372434,-0.0017805524432333187,0.004123000277515211,2037.1204833984373,2051.5732421875,2033.496510838603,ensemble
ETH,phase0,xgb,phase0_xgb,2026-03-11,2026-03-12,0.010455613837732266,-0.02010160032659769,0.006809019269284076,2051.5732421875,2073.13623046875,2010.745067449832,ensemble
ETH,phase0,xgb,phase0_xgb,2026-03-12,2026-03-13,0.00932731032254328,-0.010591884516179562,0.0020192326725104134,2073.13623046875,2092.5634765625,2051.293691957585,ensemble
ETH,phase0,xgb,phase0_xgb,2026-03-13,2026-03-14,0.0021592233043722896,0.004344565747305751,0.0027361814562697324,2092.5634765625,2097.086669921875,2101.6745336289428,ensemble
ETH,phase0,xgb,phase0_xgb,2026-03-14,2026-03-15,0.03761747257489843,-0.0032271708827465773,0.0015652541044421733,2097.086669921875,2177.476318359375,2090.3299213373407,ensemble
ETH,phase0,xgb,phase0_xgb,2026-03-15,2026-03-16,0.0767490852405507,-0.011368645541369914,0.0026544614281661908,2177.476318359375,2351.176025390625,2152.861545348988,ensemble
ETH,phase0,xgb,phase0_xgb,2026-03-16,2026-03-17,-0.014187828746907258,-0.005650292104110122,0.0034423613150071095,2351.176025390625,2318.053466796875,2337.928655059369,ensemble
ETH,phase0,xgb,phase0_xgb,2026-03-17,2026-03-18,-0.05060291819156262,0.010251227114349604,0.004454643116864251,2318.053466796875,2203.671630859375,2341.9385760190444,ensemble
ETH,phase0,xgb,phase0_xgb,2026-03-18,2026-03-19,-0.030523607148640667,-0.024134187027812004,0.004101746426128442,2203.671630859375,2137.423828125,2151.124449842926,ensemble
ETH,phase0,xgb,phase0_xgb,2026-03-19,2026-03-20,0.004235958585431247,-0.017300638370215893,0.0025294328475435612,2137.423828125,2146.4970703125,2100.7630730761666,ensemble
ETH,phase0,xgb,phase0_xgb,2026-03-20,2026-03-21,-0.033061992006107994,0.005476059904322028,0.0030814693355439,2146.4970703125,2076.68994140625,2158.2836594341147,ensemble
ETH,phase0,xgb,phase0_xgb,2026-03-21,2026-03-22,-0.011449568094526609,-0.0007700208079768345,0.001973940546029887,2076.68994140625,2053.04833984375,2075.0914624496622,ensemble
ETH,phase0,xgb,phase0_xgb,2026-03-22,2026-03-23,0.04713979833568274,0.006164970493409782,0.005857013293826844,2053.04833984375,2152.14599609375,2065.7444175411442,ensemble
ETH,phase0,xgb,phase0_xgb,2026-03-23,2026-03-24,0.0016520306586044232,-0.01659617442637682,0.0017468024995695207,2152.14599609375,2155.704345703125,2116.7233589272973,ensemble
ETH,phase0,xgb,phase0_xgb,2026-03-24,2026-03-25,0.005697480587391201,0.018586791679263116,0.00218537026973426,2155.704345703125,2168.021484375,2196.1466554017593,ensemble
ETH,phase0,xgb,phase0_xgb,2026-03-25,2026-03-26,-0.05131370661715102,-0.014018475450575352,0.003273830311908268,2168.021484375,2059.578369140625,2137.8411637076842,ensemble
ETH,phase0,xgb,phase0_xgb,2026-03-26,2026-03-27,-0.033727669892453536,-0.014653120934963227,0.004235961048378205,2059.578369140625,1991.27197265625,2029.6191522896288,ensemble
ETH,phase0,xgb,phase0_xgb,2026-03-27,2026-03-28,0.0007141663784116856,-0.008300345297902823,0.0020678796489767277,1991.27197265625,1992.694580078125,1974.8121333768981,ensemble
ETH,phase0,xgb,phase0_xgb,2026-03-28,2026-03-29,-0.005098999439741094,0.006738468908588402,0.005646200123305467,1992.694580078125,1982.5596923828125,2006.1676334450713,ensemble
ETH,phase0,xgb,phase0_xgb,2026-03-29,2026-03-30,0.02044726139354914,-0.0025218759197741746,0.005204000378602156,1982.5596923828125,2023.514892578125,1977.5662219379929,ensemble
ETH,phase0,xgb,phase0_xgb,2026-03-30,2026-03-31,0.039340814763852025,-0.009897999092936515,0.003338448867340648,2023.514892578125,2104.708251953125,2003.5849400447216,ensemble
ETH,phase0,xgb,phase0_xgb,2026-03-31,2026-04-01,0.016038636316827372,0.002126589996623807,0.0032201685449951578,2104.708251953125,2138.737060546875,2109.18886599345,ensemble
ETH,phase0,xgb,phase0_xgb,2026-04-01,2026-04-02,-0.03903857547596571,0.014256360940635204,0.00135201239672897,2138.737060546875,2056.8525390625,2169.446047121608,ensemble
ETH,phase0,xgb,phase0_xgb,2026-04-02,2026-04-03,-0.0016871461717564678,0.004402976634446531,0.0043985058191534435,2056.8525390625,2053.38525390625,2065.928779306541,ensemble
ETH,phase0,xgb,phase0_xgb,2026-04-03,2026-04-04,0.00581068555550107,0.00931366104632616,0.0010462868606269688,2053.38525390625,2065.3515625,2072.599125009157,ensemble
ETH,phase0,xgb,phase0_xgb,2026-04-04,2026-04-05,0.020911357684258978,0.008641933836042882,0.003348763645660961,2065.3515625,2108.99560546875,2083.277540043525,ensemble
ETH,phase0,xgb,phase0_xgb,2026-04-05,2026-04-06,-0.0005853459761497797,0.001837897882796824,0.0022005967224145184,2108.99560546875,2107.761474609375,2112.8752881650876,ensemble
ETH,phase0,xgb,phase0_xgb,2026-04-06,2026-04-07,0.06165560497032879,-0.010199247673153878,0.0013480255117671652,2107.761474609375,2241.806640625,2086.373151107347,ensemble
ETH,phase0,xgb,phase0_xgb,2026-04-07,2026-04-08,-0.02322737152703056,0.015925261192023754,0.004274456290448908,2241.806640625,2190.33544921875,2277.79378871844,ensemble
ETH,phase0,xgb,phase0_xgb,2026-04-08,2026-04-09,-0.0005440857898826656,-0.004109192598843947,0.0030952222469435666,2190.33544921875,2189.14404296875,2181.3534061131877,ensemble
ETH,phase0,xgb,phase0_xgb,2026-04-09,2026-04-10,0.025261127435567108,0.018521210364997386,0.003226559171272668,2189.14404296875,2245.148681640625,2230.0674459448046,ensemble
ETH,phase0,xgb,phase0_xgb,2026-04-10,2026-04-11,0.017765001038666954,0.015882425755262376,0.0010931298556558203,2245.148681640625,2285.39013671875,2281.091765008082,ensemble
ETH,phase0,xgb,phase0_xgb,2026-04-11,2026-04-12,-0.04163060757712065,0.016846774145960808,0.0036944691485635253,2285.39013671875,2192.201171875,2324.217729719536,ensemble
ETH,phase0,xgb,phase0_xgb,2026-04-12,2026-04-13,0.07828539113868566,0.02383522316813469,0.004308258124744906,2192.201171875,2370.71484375,2245.080467493103,ensemble
ETH,phase0,xgb,phase0_xgb,2026-04-13,2026-04-14,-0.02019924377033633,-0.009801208367571234,0.003846489655561465,2370.71484375,2323.30859375,2347.592472278075,ensemble
ETH,phase0,xgb,phase0_xgb,2026-04-14,2026-04-15,0.015430748489014857,0.01213108766824007,0.0021706780514557885,2323.30859375,2359.43701171875,2351.664500230018,ensemble
ETH,phase0,xgb,phase0_xgb,2026-04-15,2026-04-16,-0.004584461790341291,0.0072511017322540285,0.0036400548103871786,2359.43701171875,2348.64501953125,2376.607707518578,ensemble
ETH,phase0,xgb,phase0_xgb,2026-04-16,2026-04-17,0.03037175089257519,0.005667212884873152,0.0026156274777739755,2348.64501953125,2421.07177734375,2361.993078267877,ensemble
ETH,phase0,xgb,phase0_xgb,2026-04-17,2026-04-18,-0.029326772361462847,-0.0002680407225852832,0.0028049877673433283,2421.07177734375,2351.1005859375,2420.4229184793044,ensemble
ETH,phase0,xgb,phase0_xgb,2026-04-18,2026-04-19,-0.0373454427406088,0.009214282128959894,0.0027038022917178096,2351.1005859375,2264.9169921875,2372.8644050504117,ensemble
ETH,phase0,xgb,phase0_xgb,2026-04-19,2026-04-20,0.021963323579239753,-0.0035739518876653164,0.004606449987807549,2264.9169921875,2315.21240234375,2256.8367356527606,ensemble
ETH,phase0,xgb,phase0_xgb,2026-04-20,2026-04-21,0.0054954065471357755,-0.01982447747141123,0.003042698349255229,2315.21240234375,2327.970458984375,2269.766485391895,ensemble
ETH,phase0,xgb,phase0_xgb,2026-04-21,2026-04-22,0.02045865422003999,0.009355736337602139,0.0032479159176722226,2327.970458984375,2376.088134765625,2349.8525386734614,ensemble
ETH,phase0,xgb,phase0_xgb,2026-04-22,2026-04-23,-0.0189376886242059,-0.022178299352526666,0.007055110501445701,2376.088134765625,2331.513916015625,2323.9706160569076,ensemble
ETH,phase0,xgb,phase0_xgb,2026-04-23,2026-04-24,-0.006810026535066284,0.0009733365150168538,0.004174956089587882,2331.513916015625,2315.690185546875,2333.7843684232207,ensemble
ETH,phase0,xgb,phase0_xgb,2026-04-24,2026-04-25,0.001354581263398566,0.005656192637979984,0.0015550776502525217,2315.690185546875,2318.8291015625,2328.825287641363,ensemble
ETH,phase0,xgb,phase0_xgb,2026-04-25,2026-04-26,0.02171324359272805,0.005530969053506851,0.002927976871695522,2318.8291015625,2369.72900390625,2331.6900074134332,ensemble
ETH,phase0,xgb,phase0_xgb,2026-04-26,2026-04-27,-0.02853520923910551,-0.0027438416611403225,0.006037351840055758,2369.72900390625,2303.06396484375,2363.2357550368934,ensemble
ETH,phase0,xgb,phase0_xgb,2026-04-27,2026-04-28,-0.005942025412355139,-0.004978125030174851,0.0033454815639911094,2303.06396484375,2289.419677734375,2291.627514132946,ensemble
ETH,phase0,xgb,phase0_xgb,2026-04-28,2026-04-29,-0.01585118391858995,0.011106621660292148,0.0017776823927399066,2289.419677734375,2253.415771484375,2314.9891281755413,ensemble
ETH,phase0,xgb,phase0_xgb,2026-04-29,2026-04-30,0.0012574984349416124,0.008146323077380658,0.0037365161276132425,2253.415771484375,2256.251220703125,2271.84779907947,ensemble
ETH,phase0,xgb,phase0_xgb,2026-04-30,2026-05-01,0.017069008220622378,-0.010087700467556715,0.0055870521261277405,2256.251220703125,2295.09375,2233.605249138804,ensemble
ETH,phase0,xgb,phase0_xgb,2026-05-01,2026-05-02,0.00916800638403556,-0.0033089892705902456,0.0021970531268590276,2295.09375,2316.23193359375,2287.5118605198218,ensemble
ETH,phase0,xgb,phase0_xgb,2026-05-02,2026-05-03,0.0023302997915724253,-0.002430416434071958,0.0013251680067346181,2316.23193359375,2321.6357421875,2310.6093608015553,ensemble
ETH,phase0,xgb,phase0_xgb,2026-05-03,2026-05-04,0.010608949945406291,0.006833684630692005,0.0027476352092866032,2321.6357421875,2346.39697265625,2337.5554016902274,ensemble
ETH,phase0,xgb,phase0_xgb,2026-05-04,2026-05-05,0.00628165402969772,0.012655814178287983,0.005619998961890475,2346.39697265625,2361.1826171875,2376.281242736867,ensemble
ETH,phase0,xgb,phase0_xgb,2026-05-05,2026-05-06,-0.004406055141063485,0.007588021829724312,0.003236027586574768,2361.1826171875,2350.802001953125,2379.167470867493,ensemble
ETH,phase0,xgb,phase0_xgb,2026-05-06,2026-05-07,-0.02572114978849261,0.0015052235045004635,0.005962956237613551,2350.802001953125,2291.107666015625,2354.3431488210435,ensemble
ETH,phase0,xgb,phase0_xgb,2026-05-07,2026-05-08,0.006900517380177334,0.005796419177204371,0.0023901550696225344,2291.107666015625,2306.97216796875,2304.426449763844,ensemble
ETH,phase0,xgb,phase0_xgb,2026-05-08,2026-05-09,0.008526770803293412,-0.00036817277141381054,0.0019291332141296183,2306.97216796875,2326.727294921875,2306.1229599693183,ensemble
ETH,phase0,xgb,phase0_xgb,2026-05-09,2026-05-10,0.018023789401602215,-0.0025171013083308937,0.001123377814703481,2326.727294921875,2369.0439453125,2320.8780512614353,ensemble
ETH,phase0,xgb,phase0_xgb,2026-05-10,2026-05-11,-0.012608728464913158,0.010255041252821683,0.002933062661915005,2369.0439453125,2339.36083984375,2393.463586908368,ensemble
ETH,phase0,xgb,phase0_xgb,2026-05-11,2026-05-12,-0.028054385823506677,-0.009442781750112771,0.0013855874514181667,2339.36083984375,2274.6435546875,2317.374734363883,ensemble
ETH,phase0,xgb,phase0_xgb,2026-05-12,2026-05-13,-0.007531505292275851,-0.0046981530729681255,0.001969323310677174,2274.6435546875,2257.576416015625,2263.9819955103676,ensemble
ETH,phase0,xgb,phase0_xgb,2026-05-13,2026-05-14,0.01029350969888902,-0.004994983202777803,0.005422137326313848,2257.576416015625,2280.934814453125,2246.3279760103196,ensemble
ETH,phase0,xgb,phase0_xgb,2026-05-14,2026-05-15,-0.025579807171991084,-0.004467699443921447,0.0016216628142065005,2280.934814453125,2223.328857421875,2270.7670135030203,ensemble
ETH,phase0,xgb,phase0_xgb,2026-05-15,2026-05-16,-0.019794470746775893,0.0011336854775436222,0.0019134112319732347,2223.328857421875,2179.751953125,2225.850842358073,ensemble
ETH,phase0,xgb,phase0_xgb,2026-05-16,2026-05-17,-0.024195229175847065,0.011413483042269945,0.00289466229208168,2179.751953125,2127.645263671875,2204.773032290664,ensemble
ETH,phase0,xgb,phase0_xgb,2026-05-17,2026-05-18,0.0004092183281597835,-0.0063880909467116,0.005252499056994375,2127.645263671875,2128.51611328125,2114.0969920934976,ensemble
ETH,phase0,xgb,phase0_xgb,2026-05-18,2026-05-19,-0.00875425372369268,0.005293305590748787,0.00325669648432383,2128.51611328125,2109.9638671875,2139.812871743988,ensemble
ETH,phase0,xgb,phase0_xgb,2026-05-19,2026-05-20,0.008033908248005973,0.01261699628084898,0.004405423245423073,2109.9638671875,2126.9833984375,2136.7539230819852,ensemble
ETH,phase0,xgb,phase0_xgb,2026-05-20,2026-05-21,0.002079303908552925,-0.002901812340132892,0.001149911265898336,2126.9833984375,2131.41064453125,2120.820238256538,ensemble
ETH,phase0,xgb,phase0_xgb,2026-05-21,2026-05-22,-0.031829628880296966,0.011025906447321177,0.00545750346846314,2131.41064453125,2064.636962890625,2155.0414148298537,ensemble
ETH,phase0,xgb,phase0_xgb,2026-05-22,2026-05-23,0.024550147375465296,0.0026275245822034777,0.0028789666539577132,2064.636962890625,2115.951416015625,2070.068980518702,ensemble
ETH,phase0,xgb,phase0_xgb,2026-05-23,2026-05-24,-0.008522952674199372,0.003922613617032766,0.0024066691131722864,2115.951416015625,2097.993896484375,2124.2677761231894,ensemble
ETH,phase0,xgb,phase0_xgb,2026-05-24,2026-05-25,0.006355596261768782,0.00614886695984751,0.003292745326049132,2097.993896484375,2111.370361328125,2110.9339243209433,ensemble
ETH,phase0,xgb,phase0_xgb,2026-05-25,2026-05-26,-0.019374108363781214,-0.002141342172399163,0.0006069217060243798,2111.370361328125,2070.858154296875,2106.8540321606592,ensemble
ETH,phase0,xgb,phase0_xgb,2026-05-26,2026-05-27,-0.023777930243884346,0.0012490010645706206,0.00066448905391217,2070.858154296875,2022.1982421875,2073.4462742820183,ensemble
ETH,phase0,xgb,phase0_xgb,2026-05-27,2026-05-28,-0.0072687232435778805,0.004468030156567692,0.0018817440720460298,2022.1982421875,2007.552734375,2031.2536998804537,ensemble
ETH,phase0,xgb,phase0_xgb,2026-05-28,2026-05-29,0.00220213888797984,0.003137695643818006,0.0033661493997867264,2007.552734375,2011.978515625,2013.8617165011867,ensemble
ETH,phase0,xgb,phase0_xgb,2026-05-29,2026-05-30,0.0037107092790728668,0.012315108999609947,0.003236224132926952,2011.978515625,2019.458251953125,2036.9094488411897,ensemble
ETH,phase0,xgb,phase0_xgb,2026-05-30,2026-05-31,-0.007513679144432405,-0.00030154170817695556,0.0027270091817928367,2019.458251953125,2004.341552734375,2018.849392865057,ensemble
ETH,phase0,xgb,phase0_xgb,2026-05-31,2026-06-01,-0.0005591235515652776,-0.007796211214736104,0.004370998811871071,2004.341552734375,2003.22119140625,1988.7760375054154,ensemble
ETH,phase0,xgb,phase0_xgb,2026-06-01,2026-06-02,-0.07540853835127649,-0.003304184051012271,0.00278178867743635,2003.22119140625,1857.71630859375,1996.6131030770437,ensemble
ETH,phase0,xgb,phase0_xgb,2026-06-02,2026-06-03,-0.02506448300158351,0.018499400839209555,0.0030680204435714767,1857.71630859375,1811.7322998046875,1892.402797646456,ensemble
ETH,phase0,xgb,phase0_xgb,2026-06-03,2026-06-04,-0.023540908919617697,0.006551118474453688,0.0017317681336744399,1811.7322998046875,1769.58056640625,1823.6401349766938,ensemble
ETH,phase0,xgb,phase0_xgb,2026-06-04,2026-06-05,-0.11277301635815795,0.005519620014820248,0.004103640416685867,1769.58056640625,1580.86083984375,1779.3749845851798,ensemble
ETH,phase0,xgb,phase0_xgb,2026-06-05,2026-06-06,-0.00767912718680117,0.009383819528738967,0.008117649714866107,1580.86083984375,1568.7677001953125,1595.7651730836317,ensemble
ETH,phase0,xgb,phase0_xgb,2026-06-06,2026-06-07,0.07230344307254986,0.03334511518478393,0.007648484142369262,1568.7677001953125,1686.396240234375,1621.9603690534148,ensemble
ETH,phase0,xgb,phase0_xgb,2026-06-07,2026-06-08,0.002222580242866329,0.021350909024477005,0.009944347955383355,1686.396240234375,1690.1485595703125,1722.789464639098,ensemble
ETH,phase0,xgb,phase0_xgb,2026-06-08,2026-06-09,-0.031519541921552284,0.005062762659508735,0.006033935574740656,1690.1485595703125,1637.7066650390625,1698.7270777641236,ensemble
ETH,phase0,xgb,phase0_xgb,2026-06-09,2026-06-10,-0.010785745482471555,0.00791162196546793,0.0025562597800349147,1637.7066650390625,1620.1376953125,1650.7149716120205,ensemble
ETH,phase0,xgb,phase0_xgb,2026-06-10,2026-06-11,0.03167720451879468,-0.0024186139839002863,0.0064986322342489,1620.1376953125,1672.2806396484375,1616.2239424633128,ensemble
ETH,phase0,xgb,phase0_xgb,2026-06-11,2026-06-12,-0.004286465439468386,-0.012774775177240372,0.00382651605900171,1672.2806396484375,1665.1278076171875,1651.053505058886,ensemble
ETH,phase0,xgb,phase0_xgb,2026-06-12,2026-06-13,0.009019641302053691,0.006411137105897069,0.0039188874768490084,1665.1278076171875,1680.214599609375,1675.837464145905,ensemble
ETH,phase0,xgb,phase0_xgb,2026-06-13,2026-06-14,0.02608131744744488,-0.009027936961501837,0.0029443254909807975,1680.214599609375,1724.61328125,1665.113994341253,ensemble
ETH,phase0,xgb,phase0_xgb,2026-06-14,2026-06-15,0.03998055531190125,-0.008068051002919675,0.0035799708909240746,1724.61328125,1794.961181640625,1710.754993197536,ensemble
ETH,phase0,xgb,phase0_xgb,2026-06-15,2026-06-16,-0.002545346375384009,-0.003980377037078142,0.001297663947882537,1794.961181640625,1790.398193359375,1787.8307596688921,ensemble
ETH,phase0,xgb,phase0_xgb,2026-06-16,2026-06-17,-0.024031278966082516,-0.002477033017203212,0.00663936136733762,1790.398193359375,1747.885498046875,1785.9688060545625,ensemble
ETH,phase0,xgb,phase0_xgb,2026-06-17,2026-06-18,-0.022186275106794908,-0.013174243783578277,0.006625878325643871,1747.885498046875,1709.533447265625,1725.0094465934842,ensemble
ETH,phase0,xgb,phase0_xgb,2026-06-18,2026-06-19,0.0008472258287815989,-0.017618547193706036,0.004230970683601688,1709.533447265625,1710.982421875,1679.6777310153543,ensemble
ETH,phase0,xgb,phase0_xgb,2026-06-19,2026-06-20,0.016415812264568657,-0.013755139335989952,0.003799363004907434,1710.982421875,1739.3013916015625,1687.6087428976023,ensemble
ETH,phase0,xgb,phase0_xgb,2026-06-20,2026-06-21,-0.020164455160312907,-4.7306146007031204e-05,0.003275004039550708,1739.3013916015625,1704.58056640625,1739.219113902117,ensemble
ETH,phase0,xgb,phase0_xgb,2026-06-21,2026-06-22,0.012783452112487081,0.005359419714659452,0.0027881798490545402,1704.58056640625,1726.5108642578125,1713.7406535491725,ensemble
ETH,phase0,xgb,phase0_xgb,2026-06-22,2026-06-23,-0.036015118575190234,0.009368452476337552,0.005884715604895683,1726.5108642578125,1665.436767578125,1742.7616025164402,ensemble
ETH,phase0,xgb,phase0_xgb,2026-06-23,2026-06-24,-0.027707605238555068,-0.014012732356786729,0.000918919960706119,1665.436767578125,1619.9249267578125,1642.2621966325264,ensemble
ETH,phase0,xgb,phase0_xgb,2026-06-24,2026-06-25,-0.03461114583410765,-0.0084252605214715,0.0027105112738372516,1619.9249267578125,1564.816650390625,1606.3339712910104,ensemble
ETH,phase0,xgb,phase0_xgb,2026-06-25,2026-06-26,0.00751217354974333,0.008720032963901758,0.0020457040538034467,1564.816650390625,1576.6160888671875,1578.5215699976375,ensemble
ETH,phase0,xgb,phase0_xgb,2026-06-26,2026-06-27,-0.003194097811799365,-0.01333587896078825,0.0036132678074686747,1576.6160888671875,1571.5882568359375,1555.730103563665,ensemble
ETH,phase0,xgb,phase0_xgb,2026-06-27,2026-06-28,-0.0007810761173124416,-0.007276298780925572,0.004766659067446456,1571.5882568359375,1570.3612060546875,1560.1944138914569,ensemble
ETH,phase0,xgb,phase0_xgb,2026-06-28,2026-06-29,0.025056343014794192,-0.013066639192402363,0.005237266359395931,1570.3612060546875,1610.205810546875,1549.9753402013644,ensemble
ETH,phase0,xgb,phase0_xgb,2026-06-29,2026-06-30,-0.025551475094469023,-0.021985595300793647,0.003500434758166751,1610.205810546875,1569.5838623046875,1575.1908005764524,ensemble
ETH,phase0,xgb,phase0_xgb,2026-06-30,2026-07-01,0.024777910106091337,0.006050259526818991,0.007464782799494058,1569.5838623046875,1608.960693359375,1579.1090378565564,ensemble
ETH,phase0,xgb,phase0_xgb,2026-07-01,2026-07-02,0.053962428648177775,0.008653647173196078,0.004823237049054304,1608.960693359375,1698.16943359375,1622.9444896696366,ensemble
ETH,phase0,xgb,phase0_xgb,2026-07-02,2026-07-03,0.0337829584823897,0.009591359924525023,0.004087179565272313,1698.16943359375,1756.5186767578125,1714.535549030606,ensemble
ETH,phase0,xgb,phase0_xgb,2026-07-03,2026-07-04,0.012736109597214896,-0.015318866446614265,0.006675633479907442,1756.5186767578125,1779.032958984375,1729.815852426171,ensemble
ETH,phase0,xgb,phase0_xgb,2026-07-04,2026-07-05,0.002230758380216772,0.003150961734354496,0.00866269586033985,1779.032958984375,1783.0059814453125,1784.6474646632369,ensemble
ETH,phase0,xgb,phase0_xgb,2026-07-05,2026-07-06,0.008137134529373787,-0.004539884245969006,0.003709027163861624,1783.0059814453125,1797.57373046875,1774.9296872714233,ensemble
ETH,phase0,xgb,phase0_xgb,2026-07-06,2026-07-07,-0.016299610142193822,-0.014259448274970055,0.0028434237074366447,1797.57373046875,1768.511474609375,1772.1232072885164,ensemble
ETH,phase0,xgb,phase0_xgb,2026-07-07,2026-07-08,-0.014715429926392411,0.0028859490063041448,0.0030503104544373732,1768.511474609375,1742.6776123046875,1773.6226803342274,ensemble
ETH,phase0,xgb,phase0_xgb,2026-07-08,2026-07-09,0.0010363767887721133,-0.008956267777830363,0.004255415450871885,1742.6776123046875,1744.484619140625,1727.1394109703413,ensemble
ETH,phase0,xgb,phase0_xgb,2026-07-09,2026-07-10,0.028931987175530218,0.0052700861357152465,0.0028425616203402123,1744.484619140625,1795.6932373046875,1753.7024714491909,ensemble
ETH,phase0,xgb,phase0_xgb,2026-07-10,2026-07-11,-0.004237766868141637,-0.007212548609822988,0.002579935941261318,1795.6932373046875,1788.099609375,1782.788307203872,ensemble
ETH,phase0,xgb,phase0_xgb,2026-07-11,2026-07-12,0.00984372406415057,-0.006224181596189737,0.0016265284785188117,1788.099609375,1805.7880859375,1777.0047168255749,ensemble
ETH,phase0,xgb,phase0_xgb,2026-07-12,2026-07-13,-0.018041700992512517,0.004729135800153017,0.0025438374073539285,1805.7880859375,1773.500732421875,1814.348127868995,ensemble
ETH,phase0,xgb,phase0_xgb,2026-07-13,2026-07-14,0.06334617578601259,0.009862516168504953,0.0029227506089200186,1773.500732421875,1889.4798583984373,1791.078449850733,ensemble
ETH,phase0,xgb,phase0_xgb,2026-07-14,2026-07-15,0.014430524175558828,0.010768395476043224,0.0021851033176025314,1889.4798583984373,1916.9437255859373,1909.936469521182,ensemble
ETH,phase0,xgb,phase0_xgb,2026-07-15,2026-07-16,-0.028440232689138405,0.002287604709272273,0.0019258009374820643,1916.9437255859373,1863.193359375,1921.3339547198632,ensemble
ETH,phase0,xgb,phase0_xgb,2026-07-16,2026-07-17,-0.011989404987594009,-0.0033067485084757207,0.0026713865148919155,1863.193359375,1840.9881591796875,1857.0424229176904,ensemble
ETH,phase0,xgb,phase0_xgb,2026-07-17,2026-07-18,0.011022172689536534,-0.012287458591163158,0.0006971450331284731,1840.9881591796875,1861.39208984375,1818.505503628136,ensemble
ETH,phase0,xgb,phase0_xgb,2026-07-18,2026-07-19,0.005420170979573819,0.0012501996185164898,0.0024294989506526274,1861.39208984375,1871.508544921875,1863.7206568078516,ensemble
ETH,phase0,xgb,phase0_xgb,2026-07-19,2026-07-20,0.01708549188125397,0.018109002336859702,0.003763733223912245,1871.508544921875,1903.7589111328125,1905.7084257874374,ensemble
ETH,phase0,xgb,phase0_xgb,2026-07-20,2026-07-21,0.012851931047764876,-0.013545390032231808,0.004767557792936516,1903.7589111328125,1928.3837890625,1878.1456168059467,ensemble
ETH,phase0,xgb,phase0_xgb,2026-07-21,2026-07-22,0.0026444810723667356,-0.0018505189136703848,0.00413673261687042,1928.3837890625,1933.4901123046875,1924.8185781505347,ensemble
ETH,phase0,xgb,phase0_xgb,2026-07-22,2026-07-23,-0.029598568421148785,0.00020933259183948395,0.0007451010787053544,1933.4901123046875,1877.1002197265625,1933.8948971670463,ensemble
ETH,phase0,xgb,phase0_xgb,2026-07-23,2026-07-24,-0.009056635454748527,0.0091235158033669,0.0017409376496998388,1877.1002197265625,1860.1767578125,1894.3043349171992,ensemble
ETH,phase0,xgb,phase0_xgb,2026-07-24,2026-07-25,0.006988648574768904,-0.007115026284009218,0.0019054797518889294,1860.1767578125,1873.222412109375,1846.9885242382948,ensemble
ETH,phase0,xgb,phase0_xgb,2026-07-25,2026-07-26,0.041917042836694604,0.00795644586905837,0.004071012593571974,1873.222412109375,1953.4112548828125,1888.18605459836,ensemble
ETH,phase0,xgb,phase0_xgb,2026-07-26,2026-07-27,-0.032675812699619874,-0.01474246047437191,0.004734326595804692,1953.4112548828125,1890.613525390625,1924.824404676101,ensemble
ETH,phase0,xgb,phase0_xgb,2026-07-27,2026-07-28,0.015396962638548027,0.002758987003471702,0.0030617658046915965,1890.613525390625,1919.948486328125,1895.836905841787,ensemble
ETH,phase0,xgb,phase0_xgb,2026-07-28,2026-07-29,-0.005970784512141466,0.011215017270296812,0.002470210438842628,1919.948486328125,1908.51904296875,1941.601936712727,ensemble
ETH,phase0,xgb,phase0_xgb,2026-07-29,2026-07-30,0.004628409644754907,-0.003609227214474231,0.005428145441984574,1908.51904296875,1917.3729248046875,1901.6431798397355,ensemble
ETH,phase0,xgb,phase0_xgb,2026-07-30,2026-07-31,-0.03019351719084729,0.006975715141743421,0.0014935645989128594,1917.3729248046875,1860.345947265625,1930.7947310711645,ensemble
ETH,phase0,xgb,phase0_xgb,2026-07-31,2026-08-01,-0.009141155880177469,0.008140424359589815,0.00216713094337174,1860.345947265625,1843.417724609375,1875.5517596451791,ensemble
ETH,phase0,xgb,phase0_xgb,2026-08-01,2026-08-02,0.020991044981634618,0.0041561548365280036,0.0024237410752998524,1843.417724609375,1882.52197265625,1851.0951974326772,ensemble
ETH,phase0,xgb,phase0_xgb,2026-08-02,2026-08-03,-0.012973686445006478,0.008908188436180353,0.000985976990459066,1882.52197265625,1858.2564697265625,1899.3667499549792,ensemble
ETH,phase0,xgb,phase0_xgb,2026-08-03,2026-08-04,0.005436217682913836,0.009855245985090733,0.004317506128647465,1858.2564697265625,1868.3858642578125,1876.6605839159436,ensemble
ETH,phase0,xgb,phase0_xgb,2026-08-04,2026-08-05,0.02020785436698823,-0.006859758915379643,0.004023686513355674,1868.3858642578125,1906.5260009765625,1855.61304697845,ensemble
ETH,phase0,xgb,phase0_xgb,2026-08-05,2026-08-06,-0.002346545855886157,-0.01648593433201313,0.0023823408136555172,1906.5260009765625,1902.0574951171875,1875.3528041931527,ensemble
ETH,phase0,xgb,phase0_xgb,2026-08-06,2026-08-07,0.005882550580216205,0.0017440304742194711,0.0034310417698474706,1902.0574951171875,1913.2794189453125,1905.3776357240315,ensemble
ETH,phase0,xgb,phase0_xgb,2026-08-07,2026-08-08,0.001177148461113393,0.009221772197633982,0.002924291735703977,1913.2794189453125,1915.532958984375,1931.004850226293,ensemble
ETH,phase0,xgb,phase0_xgb,2026-08-08,2026-08-09,-0.0035825526559130822,0.00884830104187131,0.0010739660518012486,1915.532958984375,1908.6827392578125,1932.5573787833612,ensemble
ETH,phase0,xgb,phase0_xgb,2026-08-09,2026-08-10,-0.019791352046331357,-0.0016812118352390825,0.004778758590250677,1908.6827392578125,1871.2786865234373,1905.4765351561841,ensemble
ETH,phase0,xgb,phase0_xgb,2026-08-10,2026-08-11,0.005380127113694831,-0.009624075703322887,0.0013289236789887525,1871.2786865234373,1881.37353515625,1853.3557430042192,ensemble
ETH,phase0,xgb,phase0_xgb,2026-08-11,2026-08-12,-0.0017228455012013328,0.018885264359414577,0.007563334553110059,1881.37353515625,1878.135009765625,1917.2413926863396,ensemble
ETH,phase0,xgb,phase0_xgb,2026-08-12,2026-08-13,0.0031133074431306308,0.003996551805175841,0.0014537787255116622,1878.135009765625,1883.9913330078125,1885.6560928174654,ensemble
ETH,phase0,xgb,phase0_xgb,2026-08-13,2026-08-14,-0.001775101080760423,0.009235667157918214,0.0014705928546538704,1883.9913330078125,1880.6500244140625,1901.4718477422164,ensemble
ETH,phase0,xgb,phase0_xgb,2026-08-14,2026-08-15,0.00013733711278611884,0.0017832821351476014,0.0007749048786009669,1880.6500244140625,1880.9083251953125,1884.0067461064205,ensemble
ETH,phase0,xgb,phase0_xgb,2026-08-15,2026-08-16,-0.003710048377518096,0.012762170098721982,0.0021462686239411832,1880.9083251953125,1873.9429931640625,1905.066625456521,ensemble
ETH,phase0,xgb,phase0_xgb,2026-08-16,2026-08-17,0.020210771727059512,0.0025197193899657577,0.0034043355014862758,1873.9429931640625,1912.2021484375,1878.6707574779593,ensemble
ETH,phase0,xgb,phase0_xgb,2026-08-17,2026-08-18,0.0022239875598747453,0.011441662162542342,0.0018589213462268028,1912.2021484375,1916.4595947265625,1934.2065628922521,ensemble
ETH,phase0,xgb,phase0_xgb,2026-08-18,2026-08-19,0.16109848705425042,0.0018765261629596353,0.003432371495210194,1916.4595947265625,2251.4580078125,1920.059257670862,ensemble
ETH,phase0,xgb,phase0_xgb,2026-08-19,2026-08-20,0.032737450034477825,0.003827481771440944,0.0051764274623411904,2251.4580078125,2326.384765625,2260.0919348554457,ensemble
ETH,phase0,xgb,phase0_xgb,2026-08-20,2026-08-21,0.07806936059159927,0.017442403361201286,0.006181081487317711,2326.384765625,2515.28173828125,2367.3184602955453,ensemble
ETH,phase0,xgb,phase0_xgb,2026-08-21,2026-08-22,-0.036862118710177375,0.0038607324473559856,0.003971660961851245,2515.28173828125,2424.251220703125,2525.0113377073994,ensemble
ETH,phase0,xgb,phase0_xgb,2026-08-22,2026-08-23,0.01618863252300956,0.006147351767867804,0.0028384218887006507,2424.251220703125,2463.81591796875,2439.199845883585,ensemble
ETH,phase0,xgb,phase0_xgb,2026-08-23,2026-08-24,0.007285380356811502,-0.000302293969434686,0.0031978852350615845,2463.81591796875,2481.831298828125,2463.071233837383,ensemble
ETH,phase0,xgb,phase0_xgb,2026-08-24,2026-08-25,-0.01570466707427711,0.004214499823137885,0.0029404300842667164,2481.831298828125,2443.159423828125,2492.313048549528,ensemble
ETH,phase0,xgb,phase0_xgb,2026-08-25,2026-08-26,0.02549994808905242,-0.005762425158172846,0.00733585248021354,2443.159423828125,2506.260986328125,2429.1213859152863,ensemble
ETH,phase0,xgb,phase0_xgb,2026-08-26,2026-08-27,0.0016541530230063984,-0.00014119823463261129,0.0041367978396393565,2506.260986328125,2510.41015625,2505.9071316837403,ensemble
ETH,phase0,xgb,phase0_xgb,2026-08-27,2026-08-28,-0.02740935041425752,-0.0008041687193326652,0.00249897083956858,2510.41015625,2442.535888671875,2508.3921744373242,ensemble
ETH,phase0,xgb,phase0_xgb,2026-08-28,2026-08-29,0.006183572246544925,0.0005924867786234244,0.004769183804112166,2442.535888671875,2457.686279296875,2443.983487691519,ensemble
ETH,phase0,xgb,phase0_xgb,2026-08-29,2026-08-30,-0.016304961587388887,0.006270675966516137,0.0064510148868533726,2457.686279296875,2417.938720703125,2473.1460545439722,ensemble
ETH,phase0,xgb,phase0_xgb,2026-08-30,2026-08-31,0.020014589550137154,-0.011033086944371462,0.005249118641979893,2417.938720703125,2466.8203125,2391.408019467275,ensemble
ETH,benchmark,random_walk_zero_return,random_walk_zero_return,2025-10-31,2025-11-01,0.007021586687225155,0.0,0.0,3847.080322265625,3874.18798828125,3847.080322265625,benchmark
ETH,benchmark,random_walk_zero_return,random_walk_zero_return,2025-11-01,2025-11-02,0.009473174047530416,0.0,0.0,3874.18798828125,3911.063232421875,3874.18798828125,benchmark
ETH,benchmark,random_walk_zero_return,random_walk_zero_return,2025-11-02,2025-11-03,-0.08223448305523949,0.0,0.0,3911.063232421875,3602.30810546875,3911.063232421875,benchmark
ETH,benchmark,random_walk_zero_return,random_walk_zero_return,2025-11-03,2025-11-04,-0.08990501013567212,0.0,0.0,3602.30810546875,3292.574462890625,3602.30810546875,benchmark
ETH,benchmark,random_walk_zero_return,random_walk_zero_return,2025-11-04,2025-11-05,0.039481668810072805,0.0,0.0,3292.574462890625,3425.171142578125,3292.574462890625,benchmark
ETH,benchmark,random_walk_zero_return,random_walk_zero_return,2025-11-05,2025-11-06,-0.03352136366985419,0.0,0.0,3425.171142578125,3312.2578125,3425.171142578125,benchmark
ETH,benchmark,random_walk_zero_return,random_walk_zero_return,2025-11-06,2025-11-07,0.03647448115981518,0.0,0.0,3312.2578125,3435.301025390625,3312.2578125,benchmark
ETH,benchmark,random_walk_zero_return,random_walk_zero_return,2025-11-07,2025-11-08,-0.010218549741346181,0.0,0.0,3435.301025390625,3400.3759765625,3435.301025390625,benchmark
ETH,benchmark,random_walk_zero_return,random_walk_zero_return,2025-11-08,2025-11-09,0.05220874290983875,0.0,0.0,3400.3759765625,3582.621337890625,3400.3759765625,benchmark
ETH,benchmark,random_walk_zero_return,random_walk_zero_return,2025-11-09,2025-11-10,-0.003960630532174714,0.0,0.0,3582.621337890625,3568.4599609375,3582.621337890625,benchmark
ETH,benchmark,random_walk_zero_return,random_walk_zero_return,2025-11-10,2025-11-11,-0.04387398640993172,0.0,0.0,3568.4599609375,3415.2822265625,3568.4599609375,benchmark
ETH,benchmark,random_walk_zero_return,random_walk_zero_return,2025-11-11,2025-11-12,-0.0006408517068140884,0.0,0.0,3415.2822265625,3413.09423828125,3415.2822265625,benchmark
ETH,benchmark,random_walk_zero_return,random_walk_zero_return,2025-11-12,2025-11-13,-0.054283922809847215,0.0,0.0,3413.09423828125,3232.757080078125,3413.09423828125,benchmark
ETH,benchmark,random_walk_zero_return,random_walk_zero_return,2025-11-13,2025-11-14,-0.04071281618360177,0.0,0.0,3232.757080078125,3103.78564453125,3232.757080078125,benchmark
ETH,benchmark,random_walk_zero_return,random_walk_zero_return,2025-11-14,2025-11-15,0.020045814386644864,0.0,0.0,3103.78564453125,3166.63134765625,3103.78564453125,benchmark
ETH,benchmark,random_walk_zero_return,random_walk_zero_return,2025-11-15,2025-11-16,-0.023576197316441422,0.0,0.0,3166.63134765625,3092.847412109375,3166.63134765625,benchmark
ETH,benchmark,random_walk_zero_return,random_walk_zero_return,2025-11-16,2025-11-17,-0.022333536068642135,0.0,0.0,3092.847412109375,3024.538818359375,3092.847412109375,benchmark
ETH,benchmark,random_walk_zero_return,random_walk_zero_return,2025-11-17,2025-11-18,0.032028732106195945,0.0,0.0,3024.538818359375,3122.97900390625,3024.538818359375,benchmark
ETH,benchmark,random_walk_zero_return,random_walk_zero_return,2025-11-18,2025-11-19,-0.03251421900082368,0.0,0.0,3122.97900390625,3023.07080078125,3122.97900390625,benchmark
ETH,benchmark,random_walk_zero_return,random_walk_zero_return,2025-11-19,2025-11-20,-0.06536849882670856,0.0,0.0,3023.07080078125,2831.777587890625,3023.07080078125,benchmark
ETH,benchmark,random_walk_zero_return,random_walk_zero_return,2025-11-20,2025-11-21,-0.02361115238578957,0.0,0.0,2831.777587890625,2765.69921875,2831.777587890625,benchmark
ETH,benchmark,random_walk_zero_return,random_walk_zero_return,2025-11-21,2025-11-22,0.0006897153274086759,0.0,0.0,2765.69921875,2767.607421875,2765.69921875,benchmark
ETH,benchmark,random_walk_zero_return,random_walk_zero_return,2025-11-22,2025-11-23,0.012234618260287876,0.0,0.0,2767.607421875,2801.676025390625,2767.607421875,benchmark
ETH,benchmark,random_walk_zero_return,random_walk_zero_return,2025-11-23,2025-11-24,0.05250671846439223,0.0,0.0,2801.676025390625,2952.71337890625,2801.676025390625,benchmark
ETH,benchmark,random_walk_zero_return,random_walk_zero_return,2025-11-24,2025-11-25,0.0017672851723719149,0.0,0.0,2952.71337890625,2957.936279296875,2952.71337890625,benchmark
ETH,benchmark,random_walk_zero_return,random_walk_zero_return,2025-11-25,2025-11-26,0.023348428095094007,0.0,0.0,2957.936279296875,3027.81201171875,2957.936279296875,benchmark
ETH,benchmark,random_walk_zero_return,random_walk_zero_return,2025-11-26,2025-11-27,-0.004392260426713515,0.0,0.0,3027.81201171875,3014.542236328125,3027.81201171875,benchmark
ETH,benchmark,random_walk_zero_return,random_walk_zero_return,2025-11-27,2025-11-28,0.005874882913213043,0.0,0.0,3014.542236328125,3032.304443359375,3014.542236328125,benchmark
ETH,benchmark,random_walk_zero_return,random_walk_zero_return,2025-11-28,2025-11-29,-0.013485997805236051,0.0,0.0,3032.304443359375,2991.685302734375,3032.304443359375,benchmark
ETH,benchmark,random_walk_zero_return,random_walk_zero_return,2025-11-29,2025-11-30,0.00014280097860070945,0.0,0.0,2991.685302734375,2992.112548828125,2991.685302734375,benchmark
ETH,benchmark,random_walk_zero_return,random_walk_zero_return,2025-11-30,2025-12-01,-0.0662927736435053,0.0,0.0,2992.112548828125,2800.18896484375,2992.112548828125,benchmark
ETH,benchmark,random_walk_zero_return,random_walk_zero_return,2025-12-01,2025-12-02,0.06823838280892502,0.0,0.0,2800.18896484375,2997.939697265625,2800.18896484375,benchmark
ETH,benchmark,random_walk_zero_return,random_walk_zero_return,2025-12-02,2025-12-03,0.06258823046337834,0.0,0.0,2997.939697265625,3191.57177734375,2997.939697265625,benchmark
ETH,benchmark,random_walk_zero_return,random_walk_zero_return,2025-12-03,2025-12-04,-0.01810241754529839,0.0,0.0,3191.57177734375,3134.31640625,3191.57177734375,benchmark
ETH,benchmark,random_walk_zero_return,random_walk_zero_return,2025-12-04,2025-12-05,-0.03568750802814642,0.0,0.0,3134.31640625,3024.432861328125,3134.31640625,benchmark
ETH,benchmark,random_walk_zero_return,random_walk_zero_return,2025-12-05,2025-12-06,0.005202266348911221,0.0,0.0,3024.432861328125,3040.207763671875,3024.432861328125,benchmark
ETH,benchmark,random_walk_zero_return,random_walk_zero_return,2025-12-06,2025-12-07,0.006914380156550823,0.0,0.0,3040.207763671875,3061.3017578125,3040.207763671875,benchmark
ETH,benchmark,random_walk_zero_return,random_walk_zero_return,2025-12-07,2025-12-08,0.020657404003744346,0.0,0.0,3061.3017578125,3125.197998046875,3061.3017578125,benchmark
ETH,benchmark,random_walk_zero_return,random_walk_zero_return,2025-12-08,2025-12-09,0.06080292642241868,0.0,0.0,3125.197998046875,3321.114990234375,3125.197998046875,benchmark
ETH,benchmark,random_walk_zero_return,random_walk_zero_return,2025-12-09,2025-12-10,0.001286434597521452,0.0,0.0,3321.114990234375,3325.39013671875,3321.114990234375,benchmark
ETH,benchmark,random_walk_zero_return,random_walk_zero_return,2025-12-10,2025-12-11,-0.02692245348848621,0.0,0.0,3325.39013671875,3237.056884765625,3325.39013671875,benchmark
ETH,benchmark,random_walk_zero_return,random_walk_zero_return,2025-12-11,2025-12-12,-0.048381125268667786,0.0,0.0,3237.056884765625,3084.172607421875,3237.056884765625,benchmark
ETH,benchmark,random_walk_zero_return,random_walk_zero_return,2025-12-12,2025-12-13,0.010489822947687412,0.0,0.0,3084.172607421875,3116.6953125,3084.172607421875,benchmark
ETH,benchmark,random_walk_zero_return,random_walk_zero_return,2025-12-13,2025-12-14,-0.01816399360114702,0.0,0.0,3116.6953125,3060.5947265625,3116.6953125,benchmark
ETH,benchmark,random_walk_zero_return,random_walk_zero_return,2025-12-14,2025-12-15,-0.03200777016588088,0.0,0.0,3060.5947265625,2964.18310546875,3060.5947265625,benchmark
ETH,benchmark,random_walk_zero_return,random_walk_zero_return,2025-12-15,2025-12-16,-7.412721688312701e-07,0.0,0.0,2964.18310546875,2964.180908203125,2964.18310546875,benchmark
ETH,benchmark,random_walk_zero_return,random_walk_zero_return,2025-12-16,2025-12-17,-0.045828192848759323,0.0,0.0,2964.180908203125,2831.403564453125,2964.180908203125,benchmark
ETH,benchmark,random_walk_zero_return,random_walk_zero_return,2025-12-17,2025-12-18,-0.0015320294953636582,0.0,0.0,2831.403564453125,2827.069091796875,2831.403564453125,benchmark
ETH,benchmark,random_walk_zero_return,random_walk_zero_return,2025-12-18,2025-12-19,0.05200157806139122,0.0,0.0,2827.069091796875,2977.970703125,2827.069091796875,benchmark
ETH,benchmark,random_walk_zero_return,random_walk_zero_return,2025-12-19,2025-12-20,-0.0001303602133292682,0.0,0.0,2977.970703125,2977.58251953125,2977.970703125,benchmark
ETH,benchmark,random_walk_zero_return,random_walk_zero_return,2025-12-20,2025-12-21,0.008038330984924418,0.0,0.0,2977.58251953125,3001.61376953125,2977.58251953125,benchmark
ETH,benchmark,random_walk_zero_return,random_walk_zero_return,2025-12-21,2025-12-22,0.0014847515809792915,0.0,0.0,3001.61376953125,3006.07373046875,3001.61376953125,benchmark
ETH,benchmark,random_walk_zero_return,random_walk_zero_return,2025-12-22,2025-12-23,-0.014306326840175283,0.0,0.0,3006.07373046875,2963.3740234375,3006.07373046875,benchmark
ETH,benchmark,random_walk_zero_return,random_walk_zero_return,2025-12-23,2025-12-24,-0.0060191597554604985,0.0,0.0,2963.3740234375,2945.590576171875,2963.3740234375,benchmark
ETH,benchmark,random_walk_zero_return,random_walk_zero_return,2025-12-24,2025-12-25,-0.014365015056822026,0.0,0.0,2945.590576171875,2903.57958984375,2945.590576171875,benchmark
ETH,benchmark,random_walk_zero_return,random_walk_zero_return,2025-12-25,2025-12-26,0.007605038907991378,0.0,0.0,2903.57958984375,2925.74560546875,2903.57958984375,benchmark
ETH,benchmark,random_walk_zero_return,random_walk_zero_return,2025-12-26,2025-12-27,0.0075770385642638756,0.0,0.0,2925.74560546875,2947.998291015625,2925.74560546875,benchmark
ETH,benchmark,random_walk_zero_return,random_walk_zero_return,2025-12-27,2025-12-28,0.00019327323098403297,0.0,0.0,2947.998291015625,2948.568115234375,2947.998291015625,benchmark
ETH,benchmark,random_walk_zero_return,random_walk_zero_return,2025-12-28,2025-12-29,-0.00476952504017534,0.0,0.0,2948.568115234375,2934.538330078125,2948.568115234375,benchmark
ETH,benchmark,random_walk_zero_return,random_walk_zero_return,2025-12-29,2025-12-30,0.012488715813386491,0.0,0.0,2934.538330078125,2971.416748046875,2934.538330078125,benchmark
ETH,benchmark,random_walk_zero_return,random_walk_zero_return,2025-12-30,2025-12-31,-0.0014748454494985343,0.0,0.0,2971.416748046875,2967.03759765625,2971.416748046875,benchmark
ETH,benchmark,random_walk_zero_return,random_walk_zero_return,2025-12-31,2026-01-01,0.01117969589667102,0.0,0.0,2967.03759765625,3000.394287109375,2967.03759765625,benchmark
ETH,benchmark,random_walk_zero_return,random_walk_zero_return,2026-01-01,2026-01-02,0.04050579142356504,0.0,0.0,3000.394287109375,3124.422607421875,3000.394287109375,benchmark
ETH,benchmark,random_walk_zero_return,random_walk_zero_return,2026-01-02,2026-01-03,0.0004783333560596635,0.0,0.0,3124.422607421875,3125.91748046875,3124.422607421875,benchmark
ETH,benchmark,random_walk_zero_return,random_walk_zero_return,2026-01-03,2026-01-04,0.004721198192569982,0.0,0.0,3125.91748046875,3140.71044921875,3125.91748046875,benchmark
ETH,benchmark,random_walk_zero_return,random_walk_zero_return,2026-01-04,2026-01-05,0.02683435946003148,0.0,0.0,3140.71044921875,3226.13037109375,3140.71044921875,benchmark
ETH,benchmark,random_walk_zero_return,random_walk_zero_return,2026-01-05,2026-01-06,0.021410072765534124,0.0,0.0,3226.13037109375,3295.94677734375,3226.13037109375,benchmark
ETH,benchmark,random_walk_zero_return,random_walk_zero_return,2026-01-06,2026-01-07,-0.039957957746070624,0.0,0.0,3295.94677734375,3166.843994140625,3295.94677734375,benchmark
ETH,benchmark,random_walk_zero_return,random_walk_zero_return,2026-01-07,2026-01-08,-0.01992066167813984,0.0,0.0,3166.843994140625,3104.382568359375,3166.843994140625,benchmark
ETH,benchmark,random_walk_zero_return,random_walk_zero_return,2026-01-08,2026-01-09,-0.006896412519137501,0.0,0.0,3104.382568359375,3083.047119140625,3104.382568359375,benchmark
ETH,benchmark,random_walk_zero_return,random_walk_zero_return,2026-01-09,2026-01-10,-0.00021121695136130524,0.0,0.0,3083.047119140625,3082.39599609375,3083.047119140625,benchmark
ETH,benchmark,random_walk_zero_return,random_walk_zero_return,2026-01-10,2026-01-11,0.011768432191719677,0.0,0.0,3082.39599609375,3118.88525390625,3082.39599609375,benchmark
ETH,benchmark,random_walk_zero_return,random_walk_zero_return,2026-01-11,2026-01-12,-0.008552349240195838,0.0,0.0,3118.88525390625,3092.3251953125,3118.88525390625,benchmark
ETH,benchmark,random_walk_zero_return,random_walk_zero_return,2026-01-12,2026-01-13,0.07167244785080332,0.0,0.0,3092.3251953125,3322.095458984375,3092.3251953125,benchmark
ETH,benchmark,random_walk_zero_return,random_walk_zero_return,2026-01-13,2026-01-14,0.009773355035415114,0.0,0.0,3322.095458984375,3354.72265625,3322.095458984375,benchmark
ETH,benchmark,random_walk_zero_return,random_walk_zero_return,2026-01-14,2026-01-15,-0.01127779653171091,0.0,0.0,3354.72265625,3317.101318359375,3354.72265625,benchmark
ETH,benchmark,random_walk_zero_return,random_walk_zero_return,2026-01-15,2026-01-16,-0.006538811242779367,0.0,0.0,3317.101318359375,3295.482177734375,3317.101318359375,benchmark
ETH,benchmark,random_walk_zero_return,random_walk_zero_return,2026-01-16,2026-01-17,0.004052512545503773,0.0,0.0,3295.482177734375,3308.8642578125,3295.482177734375,benchmark
ETH,benchmark,random_walk_zero_return,random_walk_zero_return,2026-01-17,2026-01-18,-0.008408684018054191,0.0,0.0,3308.8642578125,3281.15771484375,3308.8642578125,benchmark
ETH,benchmark,random_walk_zero_return,random_walk_zero_return,2026-01-18,2026-01-19,-0.029235184793820444,0.0,0.0,3281.15771484375,3186.62109375,3281.15771484375,benchmark
ETH,benchmark,random_walk_zero_return,random_walk_zero_return,2026-01-19,2026-01-20,-0.08204732940901807,0.0,0.0,3186.62109375,2935.605712890625,3186.62109375,benchmark
ETH,benchmark,random_walk_zero_return,random_walk_zero_return,2026-01-20,2026-01-21,0.014640674097217414,0.0,0.0,2935.605712890625,2978.901123046875,2935.605712890625,benchmark
ETH,benchmark,random_walk_zero_return,random_walk_zero_return,2026-01-21,2026-01-22,-0.009873624051331843,0.0,0.0,2978.901123046875,2949.63330078125,2978.901123046875,benchmark
ETH,benchmark,random_walk_zero_return,random_walk_zero_return,2026-01-22,2026-01-23,0.0012275504187740749,0.0,0.0,2949.63330078125,2953.25634765625,2949.63330078125,benchmark
ETH,benchmark,random_walk_zero_return,random_walk_zero_return,2026-01-23,2026-01-24,-0.0015302026847261398,0.0,0.0,2953.25634765625,2948.74072265625,2953.25634765625,benchmark
ETH,benchmark,random_walk_zero_return,random_walk_zero_return,2026-01-24,2026-01-25,-0.046095446910964524,0.0,0.0,2948.74072265625,2815.90234375,2948.74072265625,benchmark
ETH,benchmark,random_walk_zero_return,random_walk_zero_return,2026-01-25,2026-01-26,0.0385097283715548,0.0,0.0,2815.90234375,2926.45703125,2815.90234375,benchmark
ETH,benchmark,random_walk_zero_return,random_walk_zero_return,2026-01-26,2026-01-27,0.03219617504335294,0.0,0.0,2926.45703125,3022.2109375,2926.45703125,benchmark
ETH,benchmark,random_walk_zero_return,random_walk_zero_return,2026-01-27,2026-01-28,-0.005176321307197195,0.0,0.0,3022.2109375,3006.607421875,3022.2109375,benchmark
ETH,benchmark,random_walk_zero_return,random_walk_zero_return,2026-01-28,2026-01-29,-0.06470236643237812,0.0,0.0,3006.607421875,2818.232666015625,3006.607421875,benchmark
ETH,benchmark,random_walk_zero_return,random_walk_zero_return,2026-01-29,2026-01-30,-0.04197886796827195,0.0,0.0,2818.232666015625,2702.375244140625,2818.232666015625,benchmark
ETH,benchmark,random_walk_zero_return,random_walk_zero_return,2026-01-30,2026-01-31,-0.10004843937927187,0.0,0.0,2702.375244140625,2445.091796875,2702.375244140625,benchmark
ETH,benchmark,random_walk_zero_return,random_walk_zero_return,2026-01-31,2026-02-01,-0.07519978220290023,0.0,0.0,2445.091796875,2267.96484375,2445.091796875,benchmark
ETH,benchmark,random_walk_zero_return,random_walk_zero_return,2026-02-01,2026-02-02,0.03312814665299069,0.0,0.0,2267.96484375,2344.356689453125,2267.96484375,benchmark
ETH,benchmark,random_walk_zero_return,random_walk_zero_return,2026-02-02,2026-02-03,-0.05110473707553693,0.0,0.0,2344.356689453125,2227.558837890625,2344.356689453125,benchmark
ETH,benchmark,random_walk_zero_return,random_walk_zero_return,2026-02-03,2026-02-04,-0.03846435100865618,0.0,0.0,2227.558837890625,2143.504150390625,2227.558837890625,benchmark
ETH,benchmark,random_walk_zero_return,random_walk_zero_return,2026-02-04,2026-02-05,-0.16268108635736284,0.0,0.0,2143.504150390625,1821.68310546875,2143.504150390625,benchmark
ETH,benchmark,random_walk_zero_return,random_walk_zero_return,2026-02-05,2026-02-06,0.12458793243377704,0.0,0.0,1821.68310546875,2063.386962890625,1821.68310546875,benchmark
ETH,benchmark,random_walk_zero_return,random_walk_zero_return,2026-02-06,2026-02-07,0.013078072860626821,0.0,0.0,2063.386962890625,2090.54931640625,2063.386962890625,benchmark
ETH,benchmark,random_walk_zero_return,random_walk_zero_return,2026-02-07,2026-02-08,-0.00085486651992098,0.0,0.0,2090.54931640625,2088.762939453125,2090.54931640625,benchmark
ETH,benchmark,random_walk_zero_return,random_walk_zero_return,2026-02-08,2026-02-09,0.007062777520560773,0.0,0.0,2088.762939453125,2103.567626953125,2088.762939453125,benchmark
ETH,benchmark,random_walk_zero_return,random_walk_zero_return,2026-02-09,2026-02-10,-0.04078608660125574,0.0,0.0,2103.567626953125,2019.4974365234373,2103.567626953125,benchmark
ETH,benchmark,random_walk_zero_return,random_walk_zero_return,2026-02-10,2026-02-11,-0.03984048759789168,0.0,0.0,2019.4974365234373,1940.621337890625,2019.4974365234373,benchmark
ETH,benchmark,random_walk_zero_return,random_walk_zero_return,2026-02-11,2026-02-12,0.003251056309532056,0.0,0.0,1940.621337890625,1946.940673828125,1940.621337890625,benchmark
ETH,benchmark,random_walk_zero_return,random_walk_zero_return,2026-02-12,2026-02-13,0.05086191072713562,0.0,0.0,1946.940673828125,2048.52734375,1946.940673828125,benchmark
ETH,benchmark,random_walk_zero_return,random_walk_zero_return,2026-02-13,2026-02-14,0.018131871977993777,0.0,0.0,2048.52734375,2086.009765625,2048.52734375,benchmark
ETH,benchmark,random_walk_zero_return,random_walk_zero_return,2026-02-14,2026-02-15,-0.05923016066341757,0.0,0.0,2086.009765625,1966.04296875,2086.009765625,benchmark
ETH,benchmark,random_walk_zero_return,random_walk_zero_return,2026-02-15,2026-02-16,0.016082623092426845,0.0,0.0,1966.04296875,1997.917724609375,1966.04296875,benchmark
ETH,benchmark,random_walk_zero_return,random_walk_zero_return,2026-02-16,2026-02-17,-0.002868787898831094,0.0,0.0,1997.917724609375,1992.1943359375,1997.917724609375,benchmark
ETH,benchmark,random_walk_zero_return,random_walk_zero_return,2026-02-17,2026-02-18,-0.019371403139241388,0.0,0.0,1992.1943359375,1953.97412109375,1992.1943359375,benchmark
ETH,benchmark,random_walk_zero_return,random_walk_zero_return,2026-02-18,2026-02-19,-0.002958901252870125,0.0,0.0,1953.97412109375,1948.2010498046875,1953.97412109375,benchmark
ETH,benchmark,random_walk_zero_return,random_walk_zero_return,2026-02-19,2026-02-20,0.010630736664791151,0.0,0.0,1948.2010498046875,1969.0223388671875,1948.2010498046875,benchmark
ETH,benchmark,random_walk_zero_return,random_walk_zero_return,2026-02-20,2026-02-21,0.0023916477643178046,0.0,0.0,1969.0223388671875,1973.7371826171875,1969.0223388671875,benchmark
ETH,benchmark,random_walk_zero_return,random_walk_zero_return,2026-02-21,2026-02-22,-0.008104381025179103,0.0,0.0,1973.7371826171875,1957.805908203125,1973.7371826171875,benchmark
ETH,benchmark,random_walk_zero_return,random_walk_zero_return,2026-02-22,2026-02-23,-0.053668696967508325,0.0,0.0,1957.805908203125,1855.5028076171875,1957.805908203125,benchmark
ETH,benchmark,random_walk_zero_return,random_walk_zero_return,2026-02-23,2026-02-24,-0.001366236763411363,0.0,0.0,1855.5028076171875,1852.969482421875,1855.5028076171875,benchmark
ETH,benchmark,random_walk_zero_return,random_walk_zero_return,2026-02-24,2026-02-25,0.10330529755605292,0.0,0.0,1852.969482421875,2054.6279296875,1852.969482421875,benchmark
ETH,benchmark,random_walk_zero_return,random_walk_zero_return,2026-02-25,2026-02-26,-0.013640230652308093,0.0,0.0,2054.6279296875,2026.7926025390625,2054.6279296875,benchmark
ETH,benchmark,random_walk_zero_return,random_walk_zero_return,2026-02-26,2026-02-27,-0.04853988358482078,0.0,0.0,2026.7926025390625,1930.7618408203125,2026.7926025390625,benchmark
ETH,benchmark,random_walk_zero_return,random_walk_zero_return,2026-02-27,2026-02-28,0.017603302415937827,0.0,0.0,1930.7618408203125,1965.050537109375,1930.7618408203125,benchmark
ETH,benchmark,random_walk_zero_return,random_walk_zero_return,2026-02-28,2026-03-01,-0.013311214361673498,0.0,0.0,1965.050537109375,1939.066650390625,1965.050537109375,benchmark
ETH,benchmark,random_walk_zero_return,random_walk_zero_return,2026-03-01,2026-03-02,0.04448277882265156,0.0,0.0,1939.066650390625,2027.2689208984373,1939.066650390625,benchmark
ETH,benchmark,random_walk_zero_return,random_walk_zero_return,2026-03-02,2026-03-03,-0.02219521539096451,0.0,0.0,2027.2689208984373,1982.7689208984373,2027.2689208984373,benchmark
ETH,benchmark,random_walk_zero_return,random_walk_zero_return,2026-03-03,2026-03-04,0.06998564880773499,0.0,0.0,1982.7689208984373,2126.50537109375,1982.7689208984373,benchmark
ETH,benchmark,random_walk_zero_return,random_walk_zero_return,2026-03-04,2026-03-05,-0.026156066067129717,0.0,0.0,2126.50537109375,2071.60546875,2126.50537109375,benchmark
ETH,benchmark,random_walk_zero_return,random_walk_zero_return,2026-03-05,2026-03-06,-0.04585794631276462,0.0,0.0,2071.60546875,1978.751220703125,2071.60546875,benchmark
ETH,benchmark,random_walk_zero_return,random_walk_zero_return,2026-03-06,2026-03-07,-0.004708868776353749,0.0,0.0,1978.751220703125,1969.4554443359373,1978.751220703125,benchmark
ETH,benchmark,random_walk_zero_return,random_walk_zero_return,2026-03-07,2026-03-08,-0.016820776457913442,0.0,0.0,1969.4554443359373,1936.604736328125,1969.4554443359373,benchmark
ETH,benchmark,random_walk_zero_return,random_walk_zero_return,2026-03-08,2026-03-09,0.028673744603590037,0.0,0.0,1936.604736328125,1992.938232421875,1936.604736328125,benchmark
ETH,benchmark,random_walk_zero_return,random_walk_zero_return,2026-03-09,2026-03-10,0.021927234478122906,0.0,0.0,1992.938232421875,2037.1204833984373,1992.938232421875,benchmark
ETH,benchmark,random_walk_zero_return,random_walk_zero_return,2026-03-10,2026-03-11,0.007069651069372434,0.0,0.0,2037.1204833984373,2051.5732421875,2037.1204833984373,benchmark
ETH,benchmark,random_walk_zero_return,random_walk_zero_return,2026-03-11,2026-03-12,0.010455613837732266,0.0,0.0,2051.5732421875,2073.13623046875,2051.5732421875,benchmark
ETH,benchmark,random_walk_zero_return,random_walk_zero_return,2026-03-12,2026-03-13,0.00932731032254328,0.0,0.0,2073.13623046875,2092.5634765625,2073.13623046875,benchmark
ETH,benchmark,random_walk_zero_return,random_walk_zero_return,2026-03-13,2026-03-14,0.0021592233043722896,0.0,0.0,2092.5634765625,2097.086669921875,2092.5634765625,benchmark
ETH,benchmark,random_walk_zero_return,random_walk_zero_return,2026-03-14,2026-03-15,0.03761747257489843,0.0,0.0,2097.086669921875,2177.476318359375,2097.086669921875,benchmark
ETH,benchmark,random_walk_zero_return,random_walk_zero_return,2026-03-15,2026-03-16,0.0767490852405507,0.0,0.0,2177.476318359375,2351.176025390625,2177.476318359375,benchmark
ETH,benchmark,random_walk_zero_return,random_walk_zero_return,2026-03-16,2026-03-17,-0.014187828746907258,0.0,0.0,2351.176025390625,2318.053466796875,2351.176025390625,benchmark
ETH,benchmark,random_walk_zero_return,random_walk_zero_return,2026-03-17,2026-03-18,-0.05060291819156262,0.0,0.0,2318.053466796875,2203.671630859375,2318.053466796875,benchmark
ETH,benchmark,random_walk_zero_return,random_walk_zero_return,2026-03-18,2026-03-19,-0.030523607148640667,0.0,0.0,2203.671630859375,2137.423828125,2203.671630859375,benchmark
ETH,benchmark,random_walk_zero_return,random_walk_zero_return,2026-03-19,2026-03-20,0.004235958585431247,0.0,0.0,2137.423828125,2146.4970703125,2137.423828125,benchmark
ETH,benchmark,random_walk_zero_return,random_walk_zero_return,2026-03-20,2026-03-21,-0.033061992006107994,0.0,0.0,2146.4970703125,2076.68994140625,2146.4970703125,benchmark
ETH,benchmark,random_walk_zero_return,random_walk_zero_return,2026-03-21,2026-03-22,-0.011449568094526609,0.0,0.0,2076.68994140625,2053.04833984375,2076.68994140625,benchmark
ETH,benchmark,random_walk_zero_return,random_walk_zero_return,2026-03-22,2026-03-23,0.04713979833568274,0.0,0.0,2053.04833984375,2152.14599609375,2053.04833984375,benchmark
ETH,benchmark,random_walk_zero_return,random_walk_zero_return,2026-03-23,2026-03-24,0.0016520306586044232,0.0,0.0,2152.14599609375,2155.704345703125,2152.14599609375,benchmark
ETH,benchmark,random_walk_zero_return,random_walk_zero_return,2026-03-24,2026-03-25,0.005697480587391201,0.0,0.0,2155.704345703125,2168.021484375,2155.704345703125,benchmark
ETH,benchmark,random_walk_zero_return,random_walk_zero_return,2026-03-25,2026-03-26,-0.05131370661715102,0.0,0.0,2168.021484375,2059.578369140625,2168.021484375,benchmark
ETH,benchmark,random_walk_zero_return,random_walk_zero_return,2026-03-26,2026-03-27,-0.033727669892453536,0.0,0.0,2059.578369140625,1991.27197265625,2059.578369140625,benchmark
ETH,benchmark,random_walk_zero_return,random_walk_zero_return,2026-03-27,2026-03-28,0.0007141663784116856,0.0,0.0,1991.27197265625,1992.694580078125,1991.27197265625,benchmark
ETH,benchmark,random_walk_zero_return,random_walk_zero_return,2026-03-28,2026-03-29,-0.005098999439741094,0.0,0.0,1992.694580078125,1982.5596923828125,1992.694580078125,benchmark
ETH,benchmark,random_walk_zero_return,random_walk_zero_return,2026-03-29,2026-03-30,0.02044726139354914,0.0,0.0,1982.5596923828125,2023.514892578125,1982.5596923828125,benchmark
ETH,benchmark,random_walk_zero_return,random_walk_zero_return,2026-03-30,2026-03-31,0.039340814763852025,0.0,0.0,2023.514892578125,2104.708251953125,2023.514892578125,benchmark
ETH,benchmark,random_walk_zero_return,random_walk_zero_return,2026-03-31,2026-04-01,0.016038636316827372,0.0,0.0,2104.708251953125,2138.737060546875,2104.708251953125,benchmark
ETH,benchmark,random_walk_zero_return,random_walk_zero_return,2026-04-01,2026-04-02,-0.03903857547596571,0.0,0.0,2138.737060546875,2056.8525390625,2138.737060546875,benchmark
ETH,benchmark,random_walk_zero_return,random_walk_zero_return,2026-04-02,2026-04-03,-0.0016871461717564678,0.0,0.0,2056.8525390625,2053.38525390625,2056.8525390625,benchmark
ETH,benchmark,random_walk_zero_return,random_walk_zero_return,2026-04-03,2026-04-04,0.00581068555550107,0.0,0.0,2053.38525390625,2065.3515625,2053.38525390625,benchmark
ETH,benchmark,random_walk_zero_return,random_walk_zero_return,2026-04-04,2026-04-05,0.020911357684258978,0.0,0.0,2065.3515625,2108.99560546875,2065.3515625,benchmark
ETH,benchmark,random_walk_zero_return,random_walk_zero_return,2026-04-05,2026-04-06,-0.0005853459761497797,0.0,0.0,2108.99560546875,2107.761474609375,2108.99560546875,benchmark
ETH,benchmark,random_walk_zero_return,random_walk_zero_return,2026-04-06,2026-04-07,0.06165560497032879,0.0,0.0,2107.761474609375,2241.806640625,2107.761474609375,benchmark
ETH,benchmark,random_walk_zero_return,random_walk_zero_return,2026-04-07,2026-04-08,-0.02322737152703056,0.0,0.0,2241.806640625,2190.33544921875,2241.806640625,benchmark
ETH,benchmark,random_walk_zero_return,random_walk_zero_return,2026-04-08,2026-04-09,-0.0005440857898826656,0.0,0.0,2190.33544921875,2189.14404296875,2190.33544921875,benchmark
ETH,benchmark,random_walk_zero_return,random_walk_zero_return,2026-04-09,2026-04-10,0.025261127435567108,0.0,0.0,2189.14404296875,2245.148681640625,2189.14404296875,benchmark
ETH,benchmark,random_walk_zero_return,random_walk_zero_return,2026-04-10,2026-04-11,0.017765001038666954,0.0,0.0,2245.148681640625,2285.39013671875,2245.148681640625,benchmark
ETH,benchmark,random_walk_zero_return,random_walk_zero_return,2026-04-11,2026-04-12,-0.04163060757712065,0.0,0.0,2285.39013671875,2192.201171875,2285.39013671875,benchmark
ETH,benchmark,random_walk_zero_return,random_walk_zero_return,2026-04-12,2026-04-13,0.07828539113868566,0.0,0.0,2192.201171875,2370.71484375,2192.201171875,benchmark
ETH,benchmark,random_walk_zero_return,random_walk_zero_return,2026-04-13,2026-04-14,-0.02019924377033633,0.0,0.0,2370.71484375,2323.30859375,2370.71484375,benchmark
ETH,benchmark,random_walk_zero_return,random_walk_zero_return,2026-04-14,2026-04-15,0.015430748489014857,0.0,0.0,2323.30859375,2359.43701171875,2323.30859375,benchmark
ETH,benchmark,random_walk_zero_return,random_walk_zero_return,2026-04-15,2026-04-16,-0.004584461790341291,0.0,0.0,2359.43701171875,2348.64501953125,2359.43701171875,benchmark
ETH,benchmark,random_walk_zero_return,random_walk_zero_return,2026-04-16,2026-04-17,0.03037175089257519,0.0,0.0,2348.64501953125,2421.07177734375,2348.64501953125,benchmark
ETH,benchmark,random_walk_zero_return,random_walk_zero_return,2026-04-17,2026-04-18,-0.029326772361462847,0.0,0.0,2421.07177734375,2351.1005859375,2421.07177734375,benchmark
ETH,benchmark,random_walk_zero_return,random_walk_zero_return,2026-04-18,2026-04-19,-0.0373454427406088,0.0,0.0,2351.1005859375,2264.9169921875,2351.1005859375,benchmark
ETH,benchmark,random_walk_zero_return,random_walk_zero_return,2026-04-19,2026-04-20,0.021963323579239753,0.0,0.0,2264.9169921875,2315.21240234375,2264.9169921875,benchmark
ETH,benchmark,random_walk_zero_return,random_walk_zero_return,2026-04-20,2026-04-21,0.0054954065471357755,0.0,0.0,2315.21240234375,2327.970458984375,2315.21240234375,benchmark
ETH,benchmark,random_walk_zero_return,random_walk_zero_return,2026-04-21,2026-04-22,0.02045865422003999,0.0,0.0,2327.970458984375,2376.088134765625,2327.970458984375,benchmark
ETH,benchmark,random_walk_zero_return,random_walk_zero_return,2026-04-22,2026-04-23,-0.0189376886242059,0.0,0.0,2376.088134765625,2331.513916015625,2376.088134765625,benchmark
ETH,benchmark,random_walk_zero_return,random_walk_zero_return,2026-04-23,2026-04-24,-0.006810026535066284,0.0,0.0,2331.513916015625,2315.690185546875,2331.513916015625,benchmark
ETH,benchmark,random_walk_zero_return,random_walk_zero_return,2026-04-24,2026-04-25,0.001354581263398566,0.0,0.0,2315.690185546875,2318.8291015625,2315.690185546875,benchmark
ETH,benchmark,random_walk_zero_return,random_walk_zero_return,2026-04-25,2026-04-26,0.02171324359272805,0.0,0.0,2318.8291015625,2369.72900390625,2318.8291015625,benchmark
ETH,benchmark,random_walk_zero_return,random_walk_zero_return,2026-04-26,2026-04-27,-0.02853520923910551,0.0,0.0,2369.72900390625,2303.06396484375,2369.72900390625,benchmark
ETH,benchmark,random_walk_zero_return,random_walk_zero_return,2026-04-27,2026-04-28,-0.005942025412355139,0.0,0.0,2303.06396484375,2289.419677734375,2303.06396484375,benchmark
ETH,benchmark,random_walk_zero_return,random_walk_zero_return,2026-04-28,2026-04-29,-0.01585118391858995,0.0,0.0,2289.419677734375,2253.415771484375,2289.419677734375,benchmark
ETH,benchmark,random_walk_zero_return,random_walk_zero_return,2026-04-29,2026-04-30,0.0012574984349416124,0.0,0.0,2253.415771484375,2256.251220703125,2253.415771484375,benchmark
ETH,benchmark,random_walk_zero_return,random_walk_zero_return,2026-04-30,2026-05-01,0.017069008220622378,0.0,0.0,2256.251220703125,2295.09375,2256.251220703125,benchmark
ETH,benchmark,random_walk_zero_return,random_walk_zero_return,2026-05-01,2026-05-02,0.00916800638403556,0.0,0.0,2295.09375,2316.23193359375,2295.09375,benchmark
ETH,benchmark,random_walk_zero_return,random_walk_zero_return,2026-05-02,2026-05-03,0.0023302997915724253,0.0,0.0,2316.23193359375,2321.6357421875,2316.23193359375,benchmark
ETH,benchmark,random_walk_zero_return,random_walk_zero_return,2026-05-03,2026-05-04,0.010608949945406291,0.0,0.0,2321.6357421875,2346.39697265625,2321.6357421875,benchmark
ETH,benchmark,random_walk_zero_return,random_walk_zero_return,2026-05-04,2026-05-05,0.00628165402969772,0.0,0.0,2346.39697265625,2361.1826171875,2346.39697265625,benchmark
ETH,benchmark,random_walk_zero_return,random_walk_zero_return,2026-05-05,2026-05-06,-0.004406055141063485,0.0,0.0,2361.1826171875,2350.802001953125,2361.1826171875,benchmark
ETH,benchmark,random_walk_zero_return,random_walk_zero_return,2026-05-06,2026-05-07,-0.02572114978849261,0.0,0.0,2350.802001953125,2291.107666015625,2350.802001953125,benchmark
ETH,benchmark,random_walk_zero_return,random_walk_zero_return,2026-05-07,2026-05-08,0.006900517380177334,0.0,0.0,2291.107666015625,2306.97216796875,2291.107666015625,benchmark
ETH,benchmark,random_walk_zero_return,random_walk_zero_return,2026-05-08,2026-05-09,0.008526770803293412,0.0,0.0,2306.97216796875,2326.727294921875,2306.97216796875,benchmark
ETH,benchmark,random_walk_zero_return,random_walk_zero_return,2026-05-09,2026-05-10,0.018023789401602215,0.0,0.0,2326.727294921875,2369.0439453125,2326.727294921875,benchmark
ETH,benchmark,random_walk_zero_return,random_walk_zero_return,2026-05-10,2026-05-11,-0.012608728464913158,0.0,0.0,2369.0439453125,2339.36083984375,2369.0439453125,benchmark
ETH,benchmark,random_walk_zero_return,random_walk_zero_return,2026-05-11,2026-05-12,-0.028054385823506677,0.0,0.0,2339.36083984375,2274.6435546875,2339.36083984375,benchmark
ETH,benchmark,random_walk_zero_return,random_walk_zero_return,2026-05-12,2026-05-13,-0.007531505292275851,0.0,0.0,2274.6435546875,2257.576416015625,2274.6435546875,benchmark
ETH,benchmark,random_walk_zero_return,random_walk_zero_return,2026-05-13,2026-05-14,0.01029350969888902,0.0,0.0,2257.576416015625,2280.934814453125,2257.576416015625,benchmark
ETH,benchmark,random_walk_zero_return,random_walk_zero_return,2026-05-14,2026-05-15,-0.025579807171991084,0.0,0.0,2280.934814453125,2223.328857421875,2280.934814453125,benchmark
ETH,benchmark,random_walk_zero_return,random_walk_zero_return,2026-05-15,2026-05-16,-0.019794470746775893,0.0,0.0,2223.328857421875,2179.751953125,2223.328857421875,benchmark
ETH,benchmark,random_walk_zero_return,random_walk_zero_return,2026-05-16,2026-05-17,-0.024195229175847065,0.0,0.0,2179.751953125,2127.645263671875,2179.751953125,benchmark
ETH,benchmark,random_walk_zero_return,random_walk_zero_return,2026-05-17,2026-05-18,0.0004092183281597835,0.0,0.0,2127.645263671875,2128.51611328125,2127.645263671875,benchmark
ETH,benchmark,random_walk_zero_return,random_walk_zero_return,2026-05-18,2026-05-19,-0.00875425372369268,0.0,0.0,2128.51611328125,2109.9638671875,2128.51611328125,benchmark
ETH,benchmark,random_walk_zero_return,random_walk_zero_return,2026-05-19,2026-05-20,0.008033908248005973,0.0,0.0,2109.9638671875,2126.9833984375,2109.9638671875,benchmark
ETH,benchmark,random_walk_zero_return,random_walk_zero_return,2026-05-20,2026-05-21,0.002079303908552925,0.0,0.0,2126.9833984375,2131.41064453125,2126.9833984375,benchmark
ETH,benchmark,random_walk_zero_return,random_walk_zero_return,2026-05-21,2026-05-22,-0.031829628880296966,0.0,0.0,2131.41064453125,2064.636962890625,2131.41064453125,benchmark
ETH,benchmark,random_walk_zero_return,random_walk_zero_return,2026-05-22,2026-05-23,0.024550147375465296,0.0,0.0,2064.636962890625,2115.951416015625,2064.636962890625,benchmark
ETH,benchmark,random_walk_zero_return,random_walk_zero_return,2026-05-23,2026-05-24,-0.008522952674199372,0.0,0.0,2115.951416015625,2097.993896484375,2115.951416015625,benchmark
ETH,benchmark,random_walk_zero_return,random_walk_zero_return,2026-05-24,2026-05-25,0.006355596261768782,0.0,0.0,2097.993896484375,2111.370361328125,2097.993896484375,benchmark
ETH,benchmark,random_walk_zero_return,random_walk_zero_return,2026-05-25,2026-05-26,-0.019374108363781214,0.0,0.0,2111.370361328125,2070.858154296875,2111.370361328125,benchmark
ETH,benchmark,random_walk_zero_return,random_walk_zero_return,2026-05-26,2026-05-27,-0.023777930243884346,0.0,0.0,2070.858154296875,2022.1982421875,2070.858154296875,benchmark
ETH,benchmark,random_walk_zero_return,random_walk_zero_return,2026-05-27,2026-05-28,-0.0072687232435778805,0.0,0.0,2022.1982421875,2007.552734375,2022.1982421875,benchmark
ETH,benchmark,random_walk_zero_return,random_walk_zero_return,2026-05-28,2026-05-29,0.00220213888797984,0.0,0.0,2007.552734375,2011.978515625,2007.552734375,benchmark
ETH,benchmark,random_walk_zero_return,random_walk_zero_return,2026-05-29,2026-05-30,0.0037107092790728668,0.0,0.0,2011.978515625,2019.458251953125,2011.978515625,benchmark
ETH,benchmark,random_walk_zero_return,random_walk_zero_return,2026-05-30,2026-05-31,-0.007513679144432405,0.0,0.0,2019.458251953125,2004.341552734375,2019.458251953125,benchmark
ETH,benchmark,random_walk_zero_return,random_walk_zero_return,2026-05-31,2026-06-01,-0.0005591235515652776,0.0,0.0,2004.341552734375,2003.22119140625,2004.341552734375,benchmark
ETH,benchmark,random_walk_zero_return,random_walk_zero_return,2026-06-01,2026-06-02,-0.07540853835127649,0.0,0.0,2003.22119140625,1857.71630859375,2003.22119140625,benchmark
ETH,benchmark,random_walk_zero_return,random_walk_zero_return,2026-06-02,2026-06-03,-0.02506448300158351,0.0,0.0,1857.71630859375,1811.7322998046875,1857.71630859375,benchmark
ETH,benchmark,random_walk_zero_return,random_walk_zero_return,2026-06-03,2026-06-04,-0.023540908919617697,0.0,0.0,1811.7322998046875,1769.58056640625,1811.7322998046875,benchmark
ETH,benchmark,random_walk_zero_return,random_walk_zero_return,2026-06-04,2026-06-05,-0.11277301635815795,0.0,0.0,1769.58056640625,1580.86083984375,1769.58056640625,benchmark
ETH,benchmark,random_walk_zero_return,random_walk_zero_return,2026-06-05,2026-06-06,-0.00767912718680117,0.0,0.0,1580.86083984375,1568.7677001953125,1580.86083984375,benchmark
ETH,benchmark,random_walk_zero_return,random_walk_zero_return,2026-06-06,2026-06-07,0.07230344307254986,0.0,0.0,1568.7677001953125,1686.396240234375,1568.7677001953125,benchmark
ETH,benchmark,random_walk_zero_return,random_walk_zero_return,2026-06-07,2026-06-08,0.002222580242866329,0.0,0.0,1686.396240234375,1690.1485595703125,1686.396240234375,benchmark
ETH,benchmark,random_walk_zero_return,random_walk_zero_return,2026-06-08,2026-06-09,-0.031519541921552284,0.0,0.0,1690.1485595703125,1637.7066650390625,1690.1485595703125,benchmark
ETH,benchmark,random_walk_zero_return,random_walk_zero_return,2026-06-09,2026-06-10,-0.010785745482471555,0.0,0.0,1637.7066650390625,1620.1376953125,1637.7066650390625,benchmark
ETH,benchmark,random_walk_zero_return,random_walk_zero_return,2026-06-10,2026-06-11,0.03167720451879468,0.0,0.0,1620.1376953125,1672.2806396484375,1620.1376953125,benchmark
ETH,benchmark,random_walk_zero_return,random_walk_zero_return,2026-06-11,2026-06-12,-0.004286465439468386,0.0,0.0,1672.2806396484375,1665.1278076171875,1672.2806396484375,benchmark
ETH,benchmark,random_walk_zero_return,random_walk_zero_return,2026-06-12,2026-06-13,0.009019641302053691,0.0,0.0,1665.1278076171875,1680.214599609375,1665.1278076171875,benchmark
ETH,benchmark,random_walk_zero_return,random_walk_zero_return,2026-06-13,2026-06-14,0.02608131744744488,0.0,0.0,1680.214599609375,1724.61328125,1680.214599609375,benchmark
ETH,benchmark,random_walk_zero_return,random_walk_zero_return,2026-06-14,2026-06-15,0.03998055531190125,0.0,0.0,1724.61328125,1794.961181640625,1724.61328125,benchmark
ETH,benchmark,random_walk_zero_return,random_walk_zero_return,2026-06-15,2026-06-16,-0.002545346375384009,0.0,0.0,1794.961181640625,1790.398193359375,1794.961181640625,benchmark
ETH,benchmark,random_walk_zero_return,random_walk_zero_return,2026-06-16,2026-06-17,-0.024031278966082516,0.0,0.0,1790.398193359375,1747.885498046875,1790.398193359375,benchmark
ETH,benchmark,random_walk_zero_return,random_walk_zero_return,2026-06-17,2026-06-18,-0.022186275106794908,0.0,0.0,1747.885498046875,1709.533447265625,1747.885498046875,benchmark
ETH,benchmark,random_walk_zero_return,random_walk_zero_return,2026-06-18,2026-06-19,0.0008472258287815989,0.0,0.0,1709.533447265625,1710.982421875,1709.533447265625,benchmark
ETH,benchmark,random_walk_zero_return,random_walk_zero_return,2026-06-19,2026-06-20,0.016415812264568657,0.0,0.0,1710.982421875,1739.3013916015625,1710.982421875,benchmark
ETH,benchmark,random_walk_zero_return,random_walk_zero_return,2026-06-20,2026-06-21,-0.020164455160312907,0.0,0.0,1739.3013916015625,1704.58056640625,1739.3013916015625,benchmark
ETH,benchmark,random_walk_zero_return,random_walk_zero_return,2026-06-21,2026-06-22,0.012783452112487081,0.0,0.0,1704.58056640625,1726.5108642578125,1704.58056640625,benchmark
ETH,benchmark,random_walk_zero_return,random_walk_zero_return,2026-06-22,2026-06-23,-0.036015118575190234,0.0,0.0,1726.5108642578125,1665.436767578125,1726.5108642578125,benchmark
ETH,benchmark,random_walk_zero_return,random_walk_zero_return,2026-06-23,2026-06-24,-0.027707605238555068,0.0,0.0,1665.436767578125,1619.9249267578125,1665.436767578125,benchmark
ETH,benchmark,random_walk_zero_return,random_walk_zero_return,2026-06-24,2026-06-25,-0.03461114583410765,0.0,0.0,1619.9249267578125,1564.816650390625,1619.9249267578125,benchmark
ETH,benchmark,random_walk_zero_return,random_walk_zero_return,2026-06-25,2026-06-26,0.00751217354974333,0.0,0.0,1564.816650390625,1576.6160888671875,1564.816650390625,benchmark
ETH,benchmark,random_walk_zero_return,random_walk_zero_return,2026-06-26,2026-06-27,-0.003194097811799365,0.0,0.0,1576.6160888671875,1571.5882568359375,1576.6160888671875,benchmark
ETH,benchmark,random_walk_zero_return,random_walk_zero_return,2026-06-27,2026-06-28,-0.0007810761173124416,0.0,0.0,1571.5882568359375,1570.3612060546875,1571.5882568359375,benchmark
ETH,benchmark,random_walk_zero_return,random_walk_zero_return,2026-06-28,2026-06-29,0.025056343014794192,0.0,0.0,1570.3612060546875,1610.205810546875,1570.3612060546875,benchmark
ETH,benchmark,random_walk_zero_return,random_walk_zero_return,2026-06-29,2026-06-30,-0.025551475094469023,0.0,0.0,1610.205810546875,1569.5838623046875,1610.205810546875,benchmark
ETH,benchmark,random_walk_zero_return,random_walk_zero_return,2026-06-30,2026-07-01,0.024777910106091337,0.0,0.0,1569.5838623046875,1608.960693359375,1569.5838623046875,benchmark
ETH,benchmark,random_walk_zero_return,random_walk_zero_return,2026-07-01,2026-07-02,0.053962428648177775,0.0,0.0,1608.960693359375,1698.16943359375,1608.960693359375,benchmark
ETH,benchmark,random_walk_zero_return,random_walk_zero_return,2026-07-02,2026-07-03,0.0337829584823897,0.0,0.0,1698.16943359375,1756.5186767578125,1698.16943359375,benchmark
ETH,benchmark,random_walk_zero_return,random_walk_zero_return,2026-07-03,2026-07-04,0.012736109597214896,0.0,0.0,1756.5186767578125,1779.032958984375,1756.5186767578125,benchmark
ETH,benchmark,random_walk_zero_return,random_walk_zero_return,2026-07-04,2026-07-05,0.002230758380216772,0.0,0.0,1779.032958984375,1783.0059814453125,1779.032958984375,benchmark
ETH,benchmark,random_walk_zero_return,random_walk_zero_return,2026-07-05,2026-07-06,0.008137134529373787,0.0,0.0,1783.0059814453125,1797.57373046875,1783.0059814453125,benchmark
ETH,benchmark,random_walk_zero_return,random_walk_zero_return,2026-07-06,2026-07-07,-0.016299610142193822,0.0,0.0,1797.57373046875,1768.511474609375,1797.57373046875,benchmark
ETH,benchmark,random_walk_zero_return,random_walk_zero_return,2026-07-07,2026-07-08,-0.014715429926392411,0.0,0.0,1768.511474609375,1742.6776123046875,1768.511474609375,benchmark
ETH,benchmark,random_walk_zero_return,random_walk_zero_return,2026-07-08,2026-07-09,0.0010363767887721133,0.0,0.0,1742.6776123046875,1744.484619140625,1742.6776123046875,benchmark
ETH,benchmark,random_walk_zero_return,random_walk_zero_return,2026-07-09,2026-07-10,0.028931987175530218,0.0,0.0,1744.484619140625,1795.6932373046875,1744.484619140625,benchmark
ETH,benchmark,random_walk_zero_return,random_walk_zero_return,2026-07-10,2026-07-11,-0.004237766868141637,0.0,0.0,1795.6932373046875,1788.099609375,1795.6932373046875,benchmark
ETH,benchmark,random_walk_zero_return,random_walk_zero_return,2026-07-11,2026-07-12,0.00984372406415057,0.0,0.0,1788.099609375,1805.7880859375,1788.099609375,benchmark
ETH,benchmark,random_walk_zero_return,random_walk_zero_return,2026-07-12,2026-07-13,-0.018041700992512517,0.0,0.0,1805.7880859375,1773.500732421875,1805.7880859375,benchmark
ETH,benchmark,random_walk_zero_return,random_walk_zero_return,2026-07-13,2026-07-14,0.06334617578601259,0.0,0.0,1773.500732421875,1889.4798583984373,1773.500732421875,benchmark
ETH,benchmark,random_walk_zero_return,random_walk_zero_return,2026-07-14,2026-07-15,0.014430524175558828,0.0,0.0,1889.4798583984373,1916.9437255859373,1889.4798583984373,benchmark
ETH,benchmark,random_walk_zero_return,random_walk_zero_return,2026-07-15,2026-07-16,-0.028440232689138405,0.0,0.0,1916.9437255859373,1863.193359375,1916.9437255859373,benchmark
ETH,benchmark,random_walk_zero_return,random_walk_zero_return,2026-07-16,2026-07-17,-0.011989404987594009,0.0,0.0,1863.193359375,1840.9881591796875,1863.193359375,benchmark
ETH,benchmark,random_walk_zero_return,random_walk_zero_return,2026-07-17,2026-07-18,0.011022172689536534,0.0,0.0,1840.9881591796875,1861.39208984375,1840.9881591796875,benchmark
ETH,benchmark,random_walk_zero_return,random_walk_zero_return,2026-07-18,2026-07-19,0.005420170979573819,0.0,0.0,1861.39208984375,1871.508544921875,1861.39208984375,benchmark
ETH,benchmark,random_walk_zero_return,random_walk_zero_return,2026-07-19,2026-07-20,0.01708549188125397,0.0,0.0,1871.508544921875,1903.7589111328125,1871.508544921875,benchmark
ETH,benchmark,random_walk_zero_return,random_walk_zero_return,2026-07-20,2026-07-21,0.012851931047764876,0.0,0.0,1903.7589111328125,1928.3837890625,1903.7589111328125,benchmark
ETH,benchmark,random_walk_zero_return,random_walk_zero_return,2026-07-21,2026-07-22,0.0026444810723667356,0.0,0.0,1928.3837890625,1933.4901123046875,1928.3837890625,benchmark
ETH,benchmark,random_walk_zero_return,random_walk_zero_return,2026-07-22,2026-07-23,-0.029598568421148785,0.0,0.0,1933.4901123046875,1877.1002197265625,1933.4901123046875,benchmark
ETH,benchmark,random_walk_zero_return,random_walk_zero_return,2026-07-23,2026-07-24,-0.009056635454748527,0.0,0.0,1877.1002197265625,1860.1767578125,1877.1002197265625,benchmark
ETH,benchmark,random_walk_zero_return,random_walk_zero_return,2026-07-24,2026-07-25,0.006988648574768904,0.0,0.0,1860.1767578125,1873.222412109375,1860.1767578125,benchmark
ETH,benchmark,random_walk_zero_return,random_walk_zero_return,2026-07-25,2026-07-26,0.041917042836694604,0.0,0.0,1873.222412109375,1953.4112548828125,1873.222412109375,benchmark
ETH,benchmark,random_walk_zero_return,random_walk_zero_return,2026-07-26,2026-07-27,-0.032675812699619874,0.0,0.0,1953.4112548828125,1890.613525390625,1953.4112548828125,benchmark
ETH,benchmark,random_walk_zero_return,random_walk_zero_return,2026-07-27,2026-07-28,0.015396962638548027,0.0,0.0,1890.613525390625,1919.948486328125,1890.613525390625,benchmark
ETH,benchmark,random_walk_zero_return,random_walk_zero_return,2026-07-28,2026-07-29,-0.005970784512141466,0.0,0.0,1919.948486328125,1908.51904296875,1919.948486328125,benchmark
ETH,benchmark,random_walk_zero_return,random_walk_zero_return,2026-07-29,2026-07-30,0.004628409644754907,0.0,0.0,1908.51904296875,1917.3729248046875,1908.51904296875,benchmark
ETH,benchmark,random_walk_zero_return,random_walk_zero_return,2026-07-30,2026-07-31,-0.03019351719084729,0.0,0.0,1917.3729248046875,1860.345947265625,1917.3729248046875,benchmark
ETH,benchmark,random_walk_zero_return,random_walk_zero_return,2026-07-31,2026-08-01,-0.009141155880177469,0.0,0.0,1860.345947265625,1843.417724609375,1860.345947265625,benchmark
ETH,benchmark,random_walk_zero_return,random_walk_zero_return,2026-08-01,2026-08-02,0.020991044981634618,0.0,0.0,1843.417724609375,1882.52197265625,1843.417724609375,benchmark
ETH,benchmark,random_walk_zero_return,random_walk_zero_return,2026-08-02,2026-08-03,-0.012973686445006478,0.0,0.0,1882.52197265625,1858.2564697265625,1882.52197265625,benchmark
ETH,benchmark,random_walk_zero_return,random_walk_zero_return,2026-08-03,2026-08-04,0.005436217682913836,0.0,0.0,1858.2564697265625,1868.3858642578125,1858.2564697265625,benchmark
ETH,benchmark,random_walk_zero_return,random_walk_zero_return,2026-08-04,2026-08-05,0.02020785436698823,0.0,0.0,1868.3858642578125,1906.5260009765625,1868.3858642578125,benchmark
ETH,benchmark,random_walk_zero_return,random_walk_zero_return,2026-08-05,2026-08-06,-0.002346545855886157,0.0,0.0,1906.5260009765625,1902.0574951171875,1906.5260009765625,benchmark
ETH,benchmark,random_walk_zero_return,random_walk_zero_return,2026-08-06,2026-08-07,0.005882550580216205,0.0,0.0,1902.0574951171875,1913.2794189453125,1902.0574951171875,benchmark
ETH,benchmark,random_walk_zero_return,random_walk_zero_return,2026-08-07,2026-08-08,0.001177148461113393,0.0,0.0,1913.2794189453125,1915.532958984375,1913.2794189453125,benchmark
ETH,benchmark,random_walk_zero_return,random_walk_zero_return,2026-08-08,2026-08-09,-0.0035825526559130822,0.0,0.0,1915.532958984375,1908.6827392578125,1915.532958984375,benchmark
ETH,benchmark,random_walk_zero_return,random_walk_zero_return,2026-08-09,2026-08-10,-0.019791352046331357,0.0,0.0,1908.6827392578125,1871.2786865234373,1908.6827392578125,benchmark
ETH,benchmark,random_walk_zero_return,random_walk_zero_return,2026-08-10,2026-08-11,0.005380127113694831,0.0,0.0,1871.2786865234373,1881.37353515625,1871.2786865234373,benchmark
ETH,benchmark,random_walk_zero_return,random_walk_zero_return,2026-08-11,2026-08-12,-0.0017228455012013328,0.0,0.0,1881.37353515625,1878.135009765625,1881.37353515625,benchmark
ETH,benchmark,random_walk_zero_return,random_walk_zero_return,2026-08-12,2026-08-13,0.0031133074431306308,0.0,0.0,1878.135009765625,1883.9913330078125,1878.135009765625,benchmark
ETH,benchmark,random_walk_zero_return,random_walk_zero_return,2026-08-13,2026-08-14,-0.001775101080760423,0.0,0.0,1883.9913330078125,1880.6500244140625,1883.9913330078125,benchmark
ETH,benchmark,random_walk_zero_return,random_walk_zero_return,2026-08-14,2026-08-15,0.00013733711278611884,0.0,0.0,1880.6500244140625,1880.9083251953125,1880.6500244140625,benchmark
ETH,benchmark,random_walk_zero_return,random_walk_zero_return,2026-08-15,2026-08-16,-0.003710048377518096,0.0,0.0,1880.9083251953125,1873.9429931640625,1880.9083251953125,benchmark
ETH,benchmark,random_walk_zero_return,random_walk_zero_return,2026-08-16,2026-08-17,0.020210771727059512,0.0,0.0,1873.9429931640625,1912.2021484375,1873.9429931640625,benchmark
ETH,benchmark,random_walk_zero_return,random_walk_zero_return,2026-08-17,2026-08-18,0.0022239875598747453,0.0,0.0,1912.2021484375,1916.4595947265625,1912.2021484375,benchmark
ETH,benchmark,random_walk_zero_return,random_walk_zero_return,2026-08-18,2026-08-19,0.16109848705425042,0.0,0.0,1916.4595947265625,2251.4580078125,1916.4595947265625,benchmark
ETH,benchmark,random_walk_zero_return,random_walk_zero_return,2026-08-19,2026-08-20,0.032737450034477825,0.0,0.0,2251.4580078125,2326.384765625,2251.4580078125,benchmark
ETH,benchmark,random_walk_zero_return,random_walk_zero_return,2026-08-20,2026-08-21,0.07806936059159927,0.0,0.0,2326.384765625,2515.28173828125,2326.384765625,benchmark
ETH,benchmark,random_walk_zero_return,random_walk_zero_return,2026-08-21,2026-08-22,-0.036862118710177375,0.0,0.0,2515.28173828125,2424.251220703125,2515.28173828125,benchmark
ETH,benchmark,random_walk_zero_return,random_walk_zero_return,2026-08-22,2026-08-23,0.01618863252300956,0.0,0.0,2424.251220703125,2463.81591796875,2424.251220703125,benchmark
ETH,benchmark,random_walk_zero_return,random_walk_zero_return,2026-08-23,2026-08-24,0.007285380356811502,0.0,0.0,2463.81591796875,2481.831298828125,2463.81591796875,benchmark
ETH,benchmark,random_walk_zero_return,random_walk_zero_return,2026-08-24,2026-08-25,-0.01570466707427711,0.0,0.0,2481.831298828125,2443.159423828125,2481.831298828125,benchmark
ETH,benchmark,random_walk_zero_return,random_walk_zero_return,2026-08-25,2026-08-26,0.02549994808905242,0.0,0.0,2443.159423828125,2506.260986328125,2443.159423828125,benchmark
ETH,benchmark,random_walk_zero_return,random_walk_zero_return,2026-08-26,2026-08-27,0.0016541530230063984,0.0,0.0,2506.260986328125,2510.41015625,2506.260986328125,benchmark
ETH,benchmark,random_walk_zero_return,random_walk_zero_return,2026-08-27,2026-08-28,-0.02740935041425752,0.0,0.0,2510.41015625,2442.535888671875,2510.41015625,benchmark
ETH,benchmark,random_walk_zero_return,random_walk_zero_return,2026-08-28,2026-08-29,0.006183572246544925,0.0,0.0,2442.535888671875,2457.686279296875,2442.535888671875,benchmark
ETH,benchmark,random_walk_zero_return,random_walk_zero_return,2026-08-29,2026-08-30,-0.016304961587388887,0.0,0.0,2457.686279296875,2417.938720703125,2457.686279296875,benchmark
ETH,benchmark,random_walk_zero_return,random_walk_zero_return,2026-08-30,2026-08-31,0.020014589550137154,0.0,0.0,2417.938720703125,2466.8203125,2417.938720703125,benchmark
