asset,phase,model,method,query_date,target_date,actual_return,predicted_return,prediction_std,previous_close,actual_close,predicted_close,seed
BTC,phase0,lstm,phase0_lstm,2025-10-31,2025-11-01,0.004624825172493095,0.0015948151238262653,0.00038779065395813504,109556.1640625,110064.015625,109731.02528845677,ensemble
BTC,phase0,lstm,phase0_lstm,2025-11-01,2025-11-02,0.005216141233319792,0.0014813219662755729,0.0002875085069726569,110064.015625,110639.625,110227.17668623826,ensemble
BTC,phase0,lstm,phase0_lstm,2025-11-02,2025-11-03,-0.03768718290100999,0.0013621073914691806,0.0002791404785772568,110639.625,106547.5234375,110790.4307344884,ensemble
BTC,phase0,lstm,phase0_lstm,2025-11-03,2025-11-04,-0.04764085753760775,0.0012629511067643762,0.0003026968172638695,106547.5234375,101590.5234375,106682.17276000619,ensemble
BTC,phase0,lstm,phase0_lstm,2025-11-04,2025-11-05,0.022400061321748738,0.0012306779506616294,0.0003362333610076249,101590.5234375,103891.8359375,101715.62561914932,ensemble
BTC,phase0,lstm,phase0_lstm,2025-11-05,2025-11-06,-0.025251182491850755,0.0012601366615854204,0.00043191968099080846,103891.8359375,101301.2890625,104022.83637069342,ensemble
BTC,phase0,lstm,phase0_lstm,2025-11-06,2025-11-07,0.02023892596873405,0.0012678971979767084,0.000536966680713788,101301.2890625,103372.40625,101429.81014159464,ensemble
BTC,phase0,lstm,phase0_lstm,2025-11-07,2025-11-08,-0.010603212214200236,0.00129801127477549,0.000624702834069056,103372.40625,102282.1171875,103506.67191913808,ensemble
BTC,phase0,lstm,phase0_lstm,2025-11-08,2025-11-09,0.023551839699680072,0.0012126303103286774,0.0005746798109826713,102282.1171875,104719.640625,102406.22281492107,ensemble
BTC,phase0,lstm,phase0_lstm,2025-11-09,2025-11-10,0.01212026933646231,0.001050492242211476,0.0004998956454435917,104719.640625,105996.59375,104829.7055961612,ensemble
BTC,phase0,lstm,phase0_lstm,2025-11-10,2025-11-11,-0.028702546476841843,0.0008809049497358501,0.000357839684894485,105996.59375,102997.46875,106090.00781250381,ensemble
BTC,phase0,lstm,phase0_lstm,2025-11-11,2025-11-12,-0.013039146642676998,0.0007272922492120415,0.00017391904066080233,102997.46875,101663.1875,103072.4052577778,ensemble
BTC,phase0,lstm,phase0_lstm,2025-11-12,2025-11-13,-0.019524742976585432,0.0005962546332739293,0.00015562698703535402,101663.1875,99697.4921875,101723.82272179982,ensemble
BTC,phase0,lstm,phase0_lstm,2025-11-13,2025-11-14,-0.05462287113659148,0.0005418104992713779,0.00023363074060372773,99697.4921875,94397.7890625,99751.52397169042,ensemble
BTC,phase0,lstm,phase0_lstm,2025-11-14,2025-11-15,0.01212310649874722,0.0005377634544856847,0.00023475341614818707,94397.7890625,95549.1484375,94448.56639551537,ensemble
BTC,phase0,lstm,phase0_lstm,2025-11-15,2025-11-16,-0.014463938461922525,0.0004949488822603599,0.00027596292609832204,95549.1484375,94177.078125,95596.45208719866,ensemble
BTC,phase0,lstm,phase0_lstm,2025-11-16,2025-11-17,-0.02236838271634354,0.0004755514601129107,0.00031385069687810303,94177.078125,92093.875,94221.8748227348,ensemble
BTC,phase0,lstm,phase0_lstm,2025-11-17,2025-11-18,0.009241173563305538,0.0005111447964736727,0.0003489501412599158,92093.875,92948.875,92140.96033768085,ensemble
BTC,phase0,lstm,phase0_lstm,2025-11-18,2025-11-19,-0.016082377699808928,0.0006061071107978933,0.00042742869217665967,92948.875,91465.9921875,93005.22905064836,ensemble
BTC,phase0,lstm,phase0_lstm,2025-11-19,2025-11-20,-0.05429914313161118,0.0006915288555319421,0.0005677827866135395,91465.9921875,86631.8984375,91529.26543551439,ensemble
BTC,phase0,lstm,phase0_lstm,2025-11-20,2025-11-21,-0.017950490472289502,0.0008338794621522538,0.0006793564846580504,86631.8984375,85090.6875,86704.1691267082,ensemble
BTC,phase0,lstm,phase0_lstm,2025-11-21,2025-11-22,-0.00521187239368071,0.0009186971321469173,0.000739481947672547,85090.6875,84648.359375,85168.89599003571,ensemble
BTC,phase0,lstm,phase0_lstm,2025-11-22,2025-11-23,0.025158586579000386,0.0008431925820332253,0.0008190467660528535,84648.359375,86805.0078125,84719.76434354558,ensemble
BTC,phase0,lstm,phase0_lstm,2025-11-23,2025-11-24,0.016742357810839485,0.0007232123918583966,0.0008848529670623592,86805.0078125,88270.5625,86867.80897637806,ensemble
BTC,phase0,lstm,phase0_lstm,2025-11-24,2025-11-25,-0.01057647695675446,0.0005843425249622669,0.0009346383111155221,88270.5625,87341.890625,88322.15781657174,ensemble
BTC,phase0,lstm,phase0_lstm,2025-11-25,2025-11-26,0.0357225879133364,0.00046914218255551533,0.0009744797936467331,87341.890625,90518.3671875,87382.87600342956,ensemble
BTC,phase0,lstm,phase0_lstm,2025-11-26,2025-11-27,0.008437806108495432,0.00039621071409783325,0.0010263497714607043,90518.3671875,91285.375,90554.23864026001,ensemble
BTC,phase0,lstm,phase0_lstm,2025-11-27,2025-11-28,-0.004018666774419681,0.00036196308792568743,0.0011506132126162692,91285.375,90919.265625,91318.42291691966,ensemble
BTC,phase0,lstm,phase0_lstm,2025-11-28,2025-11-29,-0.00074277862694653,0.0005311284970957786,0.0014652995648466488,90919.265625,90851.7578125,90967.56826422705,ensemble
BTC,phase0,lstm,phase0_lstm,2025-11-29,2025-11-30,-0.005047792573132774,0.000754312879871577,0.0018242890362020726,90851.7578125,90394.3125,90920.31431685342,ensemble
BTC,phase0,lstm,phase0_lstm,2025-11-30,2025-12-01,-0.04610183805407602,0.0009252068470232188,0.002091452635829855,90394.3125,86321.5703125,90477.98463790574,ensemble
BTC,phase0,lstm,phase0_lstm,2025-12-01,2025-12-02,0.05662099387030378,0.00105659028631635,0.002150374318988415,86321.5703125,91350.203125,86412.82504613473,ensemble
BTC,phase0,lstm,phase0_lstm,2025-12-02,2025-12-03,0.023558262011831657,0.0011510435317177326,0.002067137566120935,91350.203125,93527.8046875,91455.4117236507,ensemble
BTC,phase0,lstm,phase0_lstm,2025-12-03,2025-12-04,-0.014931972865932171,0.0012073928548488766,0.001958601961789425,93527.8046875,92141.625,93640.7976903548,ensemble
BTC,phase0,lstm,phase0_lstm,2025-12-04,2025-12-05,-0.030343059975675362,0.0012666854381677695,0.0017942282417879969,92141.625,89387.7578125,92258.41340610778,ensemble
BTC,phase0,lstm,phase0_lstm,2025-12-05,2025-12-06,-0.0012916460625568118,0.00128774268887355,0.0016662716726497256,89387.7578125,89272.375,89502.9403909424,ensemble
BTC,phase0,lstm,phase0_lstm,2025-12-06,2025-12-07,0.012614572226014349,0.0012750882437103429,0.0015453247385159316,89272.375,90405.640625,89386.27775845231,ensemble
BTC,phase0,lstm,phase0_lstm,2025-12-07,2025-12-08,0.002591195979813834,0.0012751359317917377,0.0014154159707548116,90405.640625,90640.203125,90520.99363555181,ensemble
BTC,phase0,lstm,phase0_lstm,2025-12-08,2025-12-09,0.022381192698197744,0.0012556555495393696,0.0012489339601989204,90640.203125,92691.7109375,90754.08748386572,ensemble
BTC,phase0,lstm,phase0_lstm,2025-12-09,2025-12-10,-0.007262832846635849,0.0011889579269336536,0.0010534587451201916,92691.7109375,92020.9453125,92801.98302342527,ensemble
BTC,phase0,lstm,phase0_lstm,2025-12-10,2025-12-11,0.0053149701081481185,0.0010950944692012855,0.0009780019366506171,92020.9453125,92511.3359375,92121.77213813571,ensemble
BTC,phase0,lstm,phase0_lstm,2025-12-11,2025-12-12,-0.024521421452147512,0.0010286594817443984,0.0009140982297007865,92511.3359375,90270.4140625,92606.54756215557,ensemble
BTC,phase0,lstm,phase0_lstm,2025-12-12,2025-12-13,0.0003134187556330964,0.0009216522383212577,0.0008864175989713202,90270.4140625,90298.7109375,90353.65034323507,ensemble
BTC,phase0,lstm,phase0_lstm,2025-12-13,2025-12-14,-0.02379767101791624,0.0007826037995982915,0.0009303024632122625,90298.7109375,88175.1796875,90369.40671156097,ensemble
BTC,phase0,lstm,phase0_lstm,2025-12-14,2025-12-15,-0.020108914713088392,0.0007004598970524967,0.0009532852541286025,88175.1796875,86419.78125,88236.9645011524,ensemble
BTC,phase0,lstm,phase0_lstm,2025-12-15,2025-12-16,0.016345736935078115,0.0006341448839521036,0.0009218380120144023,86419.78125,87843.984375,86474.6012922395,ensemble
BTC,phase0,lstm,phase0_lstm,2025-12-16,2025-12-17,-0.019544833040854463,0.0006151456997031346,0.0009031732434332815,87843.984375,86143.7578125,87898.03784790926,ensemble
BTC,phase0,lstm,phase0_lstm,2025-12-17,2025-12-18,-0.007939728497768105,0.000522255030227825,0.0009368399549116753,86143.7578125,85462.5078125,86188.75857325431,ensemble
BTC,phase0,lstm,phase0_lstm,2025-12-18,2025-12-19,0.030433154968407768,0.00041239779093302784,0.0009645124226995222,85462.5078125,88103.3828125,85497.75963031575,ensemble
BTC,phase0,lstm,phase0_lstm,2025-12-19,2025-12-20,0.002727355122150639,0.0003455774567555636,0.0009072467952546073,88103.3828125,88344.0,88133.83461688939,ensemble
BTC,phase0,lstm,phase0_lstm,2025-12-20,2025-12-21,0.0031390280669266876,0.0003107515920419246,0.0008389284920538561,88344.0,88621.75,88371.45730462695,ensemble
BTC,phase0,lstm,phase0_lstm,2025-12-21,2025-12-22,-0.0014875849588890807,0.00027002330170944333,0.0007378256628922471,88621.75,88490.015625,88645.68316864947,ensemble
BTC,phase0,lstm,phase0_lstm,2025-12-22,2025-12-23,-0.012234274952953525,0.00024000846897251905,0.0006615762543186852,88490.015625,87414.0,88511.25652706575,ensemble
BTC,phase0,lstm,phase0_lstm,2025-12-23,2025-12-24,0.002262076104062497,0.0002675359704880975,0.0006370922020821596,87414.0,87611.9609375,87437.38951795343,ensemble
BTC,phase0,lstm,phase0_lstm,2025-12-24,2025-12-25,-0.0043148578556266,0.0003289258886070456,0.0005943823126240296,87611.9609375,87234.7421875,87640.78351959081,ensemble
BTC,phase0,lstm,phase0_lstm,2025-12-25,2025-12-26,0.0007641682813230021,0.000350531821459299,0.0005602299987922086,87234.7421875,87301.4296875,87265.32610057773,ensemble
BTC,phase0,lstm,phase0_lstm,2025-12-26,2025-12-27,0.00571921956587603,0.0004128764548113395,0.000484918088710518,87301.4296875,87802.15625,87337.48183431849,ensemble
BTC,phase0,lstm,phase0_lstm,2025-12-27,2025-12-28,0.0003835125589097617,0.0004334333108999999,0.0004484942180911171,87802.15625,87835.8359375,87840.22087793052,ensemble
BTC,phase0,lstm,phase0_lstm,2025-12-28,2025-12-29,-0.007974888882579774,0.00042645557405194265,0.00047131017998047764,87835.8359375,87138.140625,87873.30200757645,ensemble
BTC,phase0,lstm,phase0_lstm,2025-12-29,2025-12-30,0.01471809780879094,0.0004444476006028708,0.0004556124041805701,87138.140625,88430.1328125,87176.87757015528,ensemble
BTC,phase0,lstm,phase0_lstm,2025-12-30,2025-12-31,-0.010473099349299821,0.00046353827201528475,0.00038147386951537735,88430.1328125,87508.828125,88471.13306531702,ensemble
BTC,phase0,lstm,phase0_lstm,2025-12-31,2026-01-01,0.013880733660550057,0.0005069159455160843,0.0003587155784424571,87508.828125,88731.984375,87553.19899054948,ensemble
BTC,phase0,lstm,phase0_lstm,2026-01-01,2026-01-02,0.013574570130194884,0.00048196028510574254,0.00038239247807464124,88731.984375,89944.6953125,88774.75997472947,ensemble
BTC,phase0,lstm,phase0_lstm,2026-01-02,2026-01-03,0.007294409627148249,0.0004780033224960789,0.00042938858109683694,89944.6953125,90603.1875,89987.69945294246,ensemble
BTC,phase0,lstm,phase0_lstm,2026-01-03,2026-01-04,0.008903689947606831,0.0004961215541698039,0.0005147331912373369,90603.1875,91413.4921875,90648.14884641956,ensemble
BTC,phase0,lstm,phase0_lstm,2026-01-04,2026-01-05,0.02665149838136465,0.0004985638894140721,0.0006195095785223598,91413.4921875,93882.5546875,91459.0790167391,ensemble
BTC,phase0,lstm,phase0_lstm,2026-01-05,2026-01-06,-0.00163660971149983,0.0005724797665607184,0.0007001492326035849,93882.5546875,93729.03125,93936.31593763732,ensemble
BTC,phase0,lstm,phase0_lstm,2026-01-06,2026-01-07,-0.026168967250151644,0.0006332209974061698,0.0007614538865015097,93729.03125,91308.0546875,93788.40123583107,ensemble
BTC,phase0,lstm,phase0_lstm,2026-01-07,2026-01-08,-0.003081466892755565,0.0006786368088796735,0.000796318307094001,91308.0546875,91027.125,91370.04072498251,ensemble
BTC,phase0,lstm,phase0_lstm,2026-01-08,2026-01-09,-0.005662930149506993,0.0007073054905049503,0.0008419011695806284,91027.125,90513.1015625,91091.53176023983,ensemble
BTC,phase0,lstm,phase0_lstm,2026-01-09,2026-01-10,-0.0013980466595052143,0.0006749498599674553,0.0008693075326334098,90513.1015625,90386.6484375,90574.21398931678,ensemble
BTC,phase0,lstm,phase0_lstm,2026-01-10,2026-01-11,0.004865110901100388,0.0005035548994783313,0.0008350348976542671,90386.6484375,90827.4609375,90432.17453865179,ensemble
BTC,phase0,lstm,phase0_lstm,2026-01-11,2026-01-12,0.004016380962680633,0.0003155116966809146,0.0008125630759156196,90827.4609375,91192.9921875,90856.12258511038,ensemble
BTC,phase0,lstm,phase0_lstm,2026-01-12,2026-01-13,0.044280285031478225,0.00023385332078760258,0.0008062313434793185,91192.9921875,95321.78125,91214.3204653027,ensemble
BTC,phase0,lstm,phase0_lstm,2026-01-13,2026-01-14,0.016723797821879046,0.00024984865885926413,0.0007730562386238865,95321.78125,96929.328125,95345.60024465341,ensemble
BTC,phase0,lstm,phase0_lstm,2026-01-14,2026-01-15,-0.014320038274756287,0.00040079612081171944,0.0006886037369553943,96929.328125,95551.1875,96968.18480998954,ensemble
BTC,phase0,lstm,phase0_lstm,2026-01-15,2026-01-16,-0.00027287855188963723,0.0005271805566735566,0.0006261040974305962,95551.1875,95525.1171875,95601.57350831208,ensemble
BTC,phase0,lstm,phase0_lstm,2026-01-16,2026-01-17,-0.004461072057980408,0.0005750765849370509,0.0006007238918642475,95525.1171875,95099.921875,95580.06724439903,ensemble
BTC,phase0,lstm,phase0_lstm,2026-01-17,2026-01-18,-0.015529993658124637,0.0005391178216086701,0.0006040660665067169,95099.921875,93634.4296875,95151.20576050258,ensemble
BTC,phase0,lstm,phase0_lstm,2026-01-18,2026-01-19,-0.011610285761608208,0.00044984167034272103,0.0006442433956643883,93634.4296875,92553.59375,93676.55983098883,ensemble
BTC,phase0,lstm,phase0_lstm,2026-01-19,2026-01-20,-0.046924255054821146,0.0003850961657008156,0.0007248497646901428,92553.59375,88310.90625,92589.24264776132,ensemble
BTC,phase0,lstm,phase0_lstm,2026-01-20,2026-01-21,0.011999327760148781,0.0004603819994372316,0.0006604759559386955,88310.90625,89376.9609375,88351.57236184616,ensemble
BTC,phase0,lstm,phase0_lstm,2026-01-21,2026-01-22,0.0009560777691027553,0.0006531910563353449,0.0005708362931824935,89376.9609375,89462.453125,89435.36023990143,ensemble
BTC,phase0,lstm,phase0_lstm,2026-01-22,2026-01-23,0.00046290133092210693,0.0008410960632318165,0.0005163912573109881,89462.453125,89503.875,89537.73129577913,ensemble
BTC,phase0,lstm,phase0_lstm,2026-01-23,2026-01-24,-0.004402117623558332,0.0009796461963560432,0.0004837743446600814,89503.875,89110.734375,89591.60009346408,ensemble
BTC,phase0,lstm,phase0_lstm,2026-01-24,2026-01-25,-0.028900838361794738,0.0010123218176886438,0.000483886326399714,89110.734375,86572.21875,89200.98879114768,ensemble
BTC,phase0,lstm,phase0_lstm,2026-01-25,2026-01-26,0.01938894055131375,0.0010906710755079984,0.0005042047942759104,86572.21875,88267.140625,86666.69207522961,ensemble
BTC,phase0,lstm,phase0_lstm,2026-01-26,2026-01-27,0.00942027656458104,0.0011508524883538484,0.000480394443545077,88267.140625,89102.5703125,88368.78155907082,ensemble
BTC,phase0,lstm,phase0_lstm,2026-01-27,2026-01-28,0.0009198645005418251,0.0012809638166800142,0.00043027953593243763,89102.5703125,89184.5703125,89216.78061505903,ensemble
BTC,phase0,lstm,phase0_lstm,2026-01-28,2026-01-29,-0.053227949504083015,0.001464668707922101,0.000369550626957453,89184.5703125,84561.5859375,89315.2918703846,ensemble
BTC,phase0,lstm,phase0_lstm,2026-01-29,2026-01-30,-0.005132847429550004,0.0015953555703163147,0.00035424312894086077,84561.5859375,84128.65625,84696.59940326662,ensemble
BTC,phase0,lstm,phase0_lstm,2026-01-30,2026-01-31,-0.06770691927198588,0.0017186279408633709,0.0004259410687712031,84128.65625,78621.1171875,84273.36642511468,ensemble
BTC,phase0,lstm,phase0_lstm,2026-01-31,2026-02-01,-0.021166842147211495,0.001750255806837231,0.0005694166775544624,78621.1171875,76974.4453125,78758.84474846964,ensemble
BTC,phase0,lstm,phase0_lstm,2026-02-01,2026-02-02,0.022026908157821636,0.0017359884222969413,0.0006805277090602476,76974.4453125,78688.765625,77108.18811276373,ensemble
BTC,phase0,lstm,phase0_lstm,2026-02-02,2026-02-03,-0.03960046937497693,0.0016141917556524276,0.0006954768230201126,78688.765625,75633.546875,78815.88695323191,ensemble
BTC,phase0,lstm,phase0_lstm,2026-02-03,2026-02-04,-0.035170615941758965,0.0015019654878415168,0.0007213027463320659,75633.546875,73019.703125,75747.23120572821,ensemble
BTC,phase0,lstm,phase0_lstm,2026-02-04,2026-02-05,-0.1523344080304475,0.0013531238655559719,0.0008066353589656948,73019.703125,62702.09765625,73118.57470561624,ensemble
BTC,phase0,lstm,phase0_lstm,2026-02-05,2026-02-06,0.118003181433477,0.0012332483971476903,0.000966265458787745,62702.09765625,70555.390625,62779.47261915021,ensemble
BTC,phase0,lstm,phase0_lstm,2026-02-06,2026-02-07,-0.018213402812750957,0.0011546745387022383,0.0009322635956758501,70555.390625,69281.96875,70636.90619104031,ensemble
BTC,phase0,lstm,phase0_lstm,2026-02-07,2026-02-08,0.01408523588474713,0.00090383390779607,0.000909934260766025,69281.96875,70264.7265625,69344.61644984798,ensemble
BTC,phase0,lstm,phase0_lstm,2026-02-08,2026-02-09,-0.0020507154219692207,0.0006241785878955853,0.0013176258618111396,70264.7265625,70120.78125,70308.59799068334,ensemble
BTC,phase0,lstm,phase0_lstm,2026-02-09,2026-02-10,-0.01910323758989731,0.0002879503706935793,0.0017572473761855258,70120.78125,68793.9609375,70140.97546228018,ensemble
BTC,phase0,lstm,phase0_lstm,2026-02-10,2026-02-11,-0.026543221212374526,-0.0006433211703551934,0.0013510130309877743,68793.9609375,66991.96875,68749.71855859166,ensemble
BTC,phase0,lstm,phase0_lstm,2026-02-11,2026-02-12,-0.01156236827483507,-0.00041228883637813853,0.0010070997881727322,66991.96875,66221.84375,66964.35440209223,ensemble
BTC,phase0,lstm,phase0_lstm,2026-02-12,2026-02-13,0.03903376935715579,-3.81556721549714e-05,0.0006532759467819608,66221.84375,68857.84375,66219.31705924448,ensemble
BTC,phase0,lstm,phase0_lstm,2026-02-13,2026-02-14,0.013125933067848304,0.00033119875442935156,0.0005288012843650292,68857.84375,69767.625,68880.65315909813,ensemble
BTC,phase0,lstm,phase0_lstm,2026-02-14,2026-02-15,-0.014138040068878806,0.0007138747809221968,0.0007148597313957487,69767.625,68788.1875,69817.44812963431,ensemble
BTC,phase0,lstm,phase0_lstm,2026-02-15,2026-02-16,0.0007987824782500607,0.0009941493422957136,0.0009779863262107057,68788.1875,68843.15625,68856.60723544321,ensemble
BTC,phase0,lstm,phase0_lstm,2026-02-16,2026-02-17,-0.019788873300286218,0.0012218675925396382,0.0012994275296513917,68843.15625,67494.21875,68927.32488258055,ensemble
BTC,phase0,lstm,phase0_lstm,2026-02-17,2026-02-18,-0.015963632260214883,0.0014241719269193708,0.0016326665813396746,67494.21875,66425.3203125,67590.4106021823,ensemble
BTC,phase0,lstm,phase0_lstm,2026-02-18,2026-02-19,0.007980125994704771,0.0016166301327757537,0.0019952324202558084,66425.3203125,66957.5234375,66532.79233474482,ensemble
BTC,phase0,lstm,phase0_lstm,2026-02-19,2026-02-20,0.015528995656632263,0.001804026053287089,0.0023597309240568974,66957.5234375,68005.421875,67078.42557675962,ensemble
BTC,phase0,lstm,phase0_lstm,2026-02-20,2026-02-21,-2.4354972344490844e-05,0.0018375138635747135,0.0024224182283731407,68005.421875,68003.765625,68130.49765954485,ensemble
BTC,phase0,lstm,phase0_lstm,2026-02-21,2026-02-22,-0.005076923598302017,0.0018726162379607558,0.002441667897484688,68003.765625,67659.390625,68131.22988932928,ensemble
BTC,phase0,lstm,phase0_lstm,2026-02-22,2026-02-23,-0.04601267313564273,0.001897777640260756,0.002492039829812031,67659.390625,64616.73828125,67787.91502046974,ensemble
BTC,phase0,lstm,phase0_lstm,2026-02-23,2026-02-24,-0.00834051043874472,0.0018573635956272484,0.002519307896248526,64616.73828125,64080.04296875,64736.86658503601,ensemble
BTC,phase0,lstm,phase0_lstm,2026-02-24,2026-02-25,0.05878816281087323,0.0016505101462826132,0.0024431838441556957,64080.04296875,67960.125,64185.89506079006,ensemble
BTC,phase0,lstm,phase0_lstm,2026-02-25,2026-02-26,-0.007478610812400483,0.0012648975942283868,0.002364625962525361,67960.125,67453.7734375,68046.14198848816,ensemble
BTC,phase0,lstm,phase0_lstm,2026-02-26,2026-02-27,-0.023580345399758597,0.0008091659197816625,0.0023370996920094715,67453.7734375,65881.796875,67508.37682074543,ensemble
BTC,phase0,lstm,phase0_lstm,2026-02-27,2026-02-28,0.016768637200983844,0.00032416058238595726,0.0023627548898104644,65881.796875,66995.859375,65903.15661845003,ensemble
BTC,phase0,lstm,phase0_lstm,2026-02-28,2026-03-01,-0.018952127255243773,-0.0002715058450121433,0.002439241484362802,66995.859375,65738.1015625,66977.6720766787,ensemble
BTC,phase0,lstm,phase0_lstm,2026-03-01,2026-03-02,0.04517399874225875,-0.0007808970723999665,0.00247363776851525,65738.1015625,68775.8515625,65686.78690978339,ensemble
BTC,phase0,lstm,phase0_lstm,2026-03-02,2026-03-03,-0.007035921401254354,-0.001283016984234564,0.002471727300699813,68775.8515625,68293.6484375,68687.66755972365,ensemble
BTC,phase0,lstm,phase0_lstm,2026-03-03,2026-03-04,0.06267011054362281,-0.0017281711177929537,0.0024334519822507665,68293.6484375,72710.578125,68175.72725008511,ensemble
BTC,phase0,lstm,phase0_lstm,2026-03-04,2026-03-05,-0.026047184090688055,-0.0020701694840681737,0.0023041214379784466,72710.578125,70841.125,72560.21060182687,ensemble
BTC,phase0,lstm,phase0_lstm,2026-03-05,2026-03-06,-0.03892676222985379,-0.0024344085541088134,0.0023189474179502786,70841.125,68136.4921875,70668.87850355549,ensemble
BTC,phase0,lstm,phase0_lstm,2026-03-06,2026-03-07,-0.012760002816373808,-0.0026797691243700683,0.0022549294693392213,68136.4921875,67272.59375,67954.1465507179,ensemble
BTC,phase0,lstm,phase0_lstm,2026-03-07,2026-03-08,-0.019556151272463178,-0.0028318535536527635,0.0021799728104422477,67272.59375,65969.78125,67082.35710461762,ensemble
BTC,phase0,lstm,phase0_lstm,2026-03-08,2026-03-09,0.036210883133673905,-0.0026323374942876397,0.0018669074727680095,65969.78125,68402.3828125,65796.35487983617,ensemble
BTC,phase0,lstm,phase0_lstm,2026-03-09,2026-03-10,0.022043063053682945,-0.0023126142681576312,0.0016395878753009024,68402.3828125,69926.921875,68244.37725940034,ensemble
BTC,phase0,lstm,phase0_lstm,2026-03-10,2026-03-11,0.003967140831024369,-0.0020114378159632905,0.001564273439046703,69926.921875,70204.8828125,69786.40958323002,ensemble
BTC,phase0,lstm,phase0_lstm,2026-03-11,2026-03-12,0.004102088510358853,-0.001553651932044886,0.001483453870909304,70204.8828125,70493.4609375,70095.89354829333,ensemble
BTC,phase0,lstm,phase0_lstm,2026-03-12,2026-03-13,0.006712861238543366,-0.0013135876564774663,0.0015045573810272476,70493.4609375,70968.265625,70400.92238940376,ensemble
BTC,phase0,lstm,phase0_lstm,2026-03-13,2026-03-14,0.0034653905327112298,-0.0011645897757261992,0.0014744429533386947,70968.265625,71214.625,70885.66481581677,ensemble
BTC,phase0,lstm,phase0_lstm,2026-03-14,2026-03-15,0.021879197879022205,-0.0010763317113742232,0.001481102017326367,71214.625,72789.9140625,71138.01567671682,ensemble
BTC,phase0,lstm,phase0_lstm,2026-03-15,2026-03-16,0.028056806108927662,-0.0009280977945309132,0.0015452643307589035,72789.9140625,74861.0859375,72722.38924345927,ensemble
BTC,phase0,lstm,phase0_lstm,2026-03-16,2026-03-17,-0.012617278563279094,-0.0008908156225515996,0.0016127846581284612,74861.0859375,73922.4765625,74794.42820690761,ensemble
BTC,phase0,lstm,phase0_lstm,2026-03-17,2026-03-18,-0.03688417423341742,-0.0009142580369370989,0.0016460063222429539,73922.4765625,71245.578125,73854.92322948673,ensemble
BTC,phase0,lstm,phase0_lstm,2026-03-18,2026-03-19,-0.01888416104762736,-0.0009888616565149277,0.0016367680711240696,71245.578125,69912.7890625,71175.1609267677,ensemble
BTC,phase0,lstm,phase0_lstm,2026-03-19,2026-03-20,0.008684431647448684,-0.0010305035044439136,0.0015890073500025791,69912.7890625,70522.5859375,69840.78079712292,ensemble
BTC,phase0,lstm,phase0_lstm,2026-03-20,2026-03-21,-0.026016105631017767,-0.001028650773514528,0.00148812583716864,70522.5859375,68711.5234375,70450.08012289961,ensemble
BTC,phase0,lstm,phase0_lstm,2026-03-21,2026-03-22,-0.012688120086084904,-0.0008940991205236059,0.0014314928304482682,68711.5234375,67845.2109375,68650.1159810919,ensemble
BTC,phase0,lstm,phase0_lstm,2026-03-22,2026-03-23,0.04425119303469704,-0.0006294297447311692,0.0014221257582778771,67845.2109375,70914.859375,67802.5205803981,ensemble
BTC,phase0,lstm,phase0_lstm,2026-03-23,2026-03-24,-0.005613991531695598,-0.0003918117959983647,0.0014723559006205506,70914.859375,70517.859375,70887.07953917439,ensemble
BTC,phase0,lstm,phase0_lstm,2026-03-24,2026-03-25,0.011168924480813245,-0.00020613230881281198,0.0015205792423318442,70517.859375,71309.8828125,70503.32486390213,ensemble
BTC,phase0,lstm,phase0_lstm,2026-03-25,2026-03-26,-0.03595291880741613,-4.512429004535079e-05,0.0014994301010174196,71309.8828125,68791.625,71306.66507726442,ensemble
BTC,phase0,lstm,phase0_lstm,2026-03-26,2026-03-27,-0.03631346968520713,0.00014267354272305964,0.0015492165085230615,68791.625,66338.375,68801.44044503394,ensemble
BTC,phase0,lstm,phase0_lstm,2026-03-27,2026-03-28,-0.0002816215791388498,0.00028483184287324547,0.001530540621256094,66338.375,66319.6953125,66357.27297284892,ensemble
BTC,phase0,lstm,phase0_lstm,2026-03-28,2026-03-29,-0.005515409833700628,0.00044203483266755936,0.0014874489057377475,66319.6953125,65954.921875,66349.0174081364,ensemble
BTC,phase0,lstm,phase0_lstm,2026-03-29,2026-03-30,0.011105181731209317,0.0006352415657602251,0.0013984272851276444,65954.921875,66691.4453125,65996.83249311545,ensemble
BTC,phase0,lstm,phase0_lstm,2026-03-30,2026-03-31,0.022856210162579323,0.0008330015989486128,0.0013027574230092575,66691.4453125,68233.3125,66747.02253782657,ensemble
BTC,phase0,lstm,phase0_lstm,2026-03-31,2026-04-01,-0.002270644254019965,0.0010299742309143767,0.0012311731847617889,68233.3125,68078.5546875,68303.6272585435,ensemble
BTC,phase0,lstm,phase0_lstm,2026-04-01,2026-04-02,-0.017634149228875802,0.001160363708913792,0.001120419364925457,68078.5546875,66888.5703125,68157.59642142568,ensemble
BTC,phase0,lstm,phase0_lstm,2026-04-02,2026-04-03,0.0006356502125007872,0.0012031650505377911,0.0009544841649043478,66888.5703125,66931.1015625,66969.09673615552,ensemble
BTC,phase0,lstm,phase0_lstm,2026-04-03,2026-04-04,0.005355544495529739,0.0011682334501529113,0.0007845729064003473,66931.1015625,67290.515625,67009.33840475103,ensemble
BTC,phase0,lstm,phase0_lstm,2026-04-04,2026-04-05,0.024824828794848448,0.001178228625212796,0.0007038797555146471,67290.515625,68981.8984375,67369.8459621744,ensemble
BTC,phase0,lstm,phase0_lstm,2026-04-05,2026-04-06,-0.0017711667933321205,0.0011791879922384396,0.0007291765430752942,68981.8984375,68859.828125,69063.28904179992,ensemble
BTC,phase0,lstm,phase0_lstm,2026-04-06,2026-04-07,0.043769250088650125,0.0011418528301874176,0.000705760085834265,68859.828125,71940.703125,68938.50082240388,ensemble
BTC,phase0,lstm,phase0_lstm,2026-04-07,2026-04-08,-0.011426386592901714,0.0010564967320533468,0.0007230434292768486,71940.703125,71123.359375,72016.74840647548,ensemble
BTC,phase0,lstm,phase0_lstm,2026-04-08,2026-04-09,0.00902047398791368,0.0009048461011843756,0.0007193298326808623,71123.359375,71767.828125,71187.74419421703,ensemble
BTC,phase0,lstm,phase0_lstm,2026-04-09,2026-04-10,0.01673607145352826,0.0007271026624948718,0.0007456153719058695,71767.828125,72979.046875,71820.029679556,ensemble
BTC,phase0,lstm,phase0_lstm,2026-04-10,2026-04-11,0.0010302658186926742,0.0005838151917487266,0.0007350678024718196,72979.046875,73054.2734375,73021.6655907613,ensemble
BTC,phase0,lstm,phase0_lstm,2026-04-11,2026-04-12,-0.03200195641601119,0.0005695258366358758,0.0006661102346658618,73054.2734375,70753.40625,73095.8915838792,ensemble
BTC,phase0,lstm,phase0_lstm,2026-04-12,2026-04-13,0.05139225778223328,0.0005601281663984992,0.0006405590980862301,70753.40625,74484.640625,70793.04832699476,ensemble
BTC,phase0,lstm,phase0_lstm,2026-04-13,2026-04-14,-0.004076670658997154,0.0005274246635963209,0.0006591313446659304,74484.640625,74181.609375,74523.93602329493,ensemble
BTC,phase0,lstm,phase0_lstm,2026-04-14,2026-04-15,0.00836950468372944,0.0005823465500725434,0.0006587356249902237,74181.609375,74805.078125,74224.82136025243,ensemble
BTC,phase0,lstm,phase0_lstm,2026-04-15,2026-04-16,0.004628724487070657,0.000642265600617975,0.0007029162216822191,74805.078125,75152.1328125,74853.13828547305,ensemble
BTC,phase0,lstm,phase0_lstm,2026-04-16,2026-04-17,0.025937296578403095,0.0006875241990201176,0.0007474234436540433,75152.1328125,77126.875,75203.81948830078,ensemble
BTC,phase0,lstm,phase0_lstm,2026-04-17,2026-04-18,-0.018327445076503752,0.000787538179429248,0.0008457488973170378,77126.875,75726.2109375,77187.63928267827,ensemble
BTC,phase0,lstm,phase0_lstm,2026-04-18,2026-04-19,-0.025002336494923415,0.0009774799225851893,0.0009753343546937648,75726.2109375,73856.3515625,75800.26797704291,ensemble
BTC,phase0,lstm,phase0_lstm,2026-04-19,2026-04-20,0.02693259727225901,0.001144644821761176,0.001045881091524234,73856.3515625,75872.5234375,73940.93925506667,ensemble
BTC,phase0,lstm,phase0_lstm,2026-04-20,2026-04-21,0.006309747501944813,0.0011757506465073675,0.0010398871609436284,75872.5234375,76352.7734375,75961.78306923601,ensemble
BTC,phase0,lstm,phase0_lstm,2026-04-21,2026-04-22,0.02394495237334366,0.0011447908706031739,0.0010033556877550814,76352.7734375,78203.1015625,76440.23144649013,ensemble
BTC,phase0,lstm,phase0_lstm,2026-04-22,2026-04-23,0.0008417038623198857,0.0011235464713536202,0.0010217947425501016,78203.1015625,78268.953125,78291.01575990435,ensemble
BTC,phase0,lstm,phase0_lstm,2026-04-23,2026-04-24,-0.010449855400701123,0.0010619524517096579,0.001037340570531845,78268.953125,77455.3125,78352.11518092298,ensemble
BTC,phase0,lstm,phase0_lstm,2026-04-24,2026-04-25,0.0020210985800430967,0.001048706832807511,0.0010856906615641585,77455.3125,77612.015625,77536.58302248376,ensemble
BTC,phase0,lstm,phase0_lstm,2026-04-25,2026-04-26,0.01338122502813899,0.0010992089402861894,0.0011538592072206785,77612.015625,78657.5390625,77697.3743513916,ensemble
BTC,phase0,lstm,phase0_lstm,2026-04-26,2026-04-27,-0.016547994707933746,0.0011712270672433079,0.0012424672456428424,78657.5390625,77366.625,78749.71887249954,ensemble
BTC,phase0,lstm,phase0_lstm,2026-04-27,2026-04-28,-0.013218654490737211,0.0012544828350655735,0.0013087826555195682,77366.625,76350.671875,77463.74100551424,ensemble
BTC,phase0,lstm,phase0_lstm,2026-04-28,2026-04-29,-0.0075534590417408835,0.0013336530071683228,0.001376724398587042,76350.671875,75776.1328125,76452.56510815129,ensemble
BTC,phase0,lstm,phase0_lstm,2026-04-29,2026-04-30,0.006946186875134918,0.00139511019224301,0.0013955629049798013,75776.1328125,76304.3203125,75881.92264479361,ensemble
BTC,phase0,lstm,phase0_lstm,2026-04-30,2026-05-01,0.02427150989403538,0.0015078647644259035,0.0013810260705605676,76304.3203125,78179.0,76419.46369698246,ensemble
BTC,phase0,lstm,phase0_lstm,2026-05-01,2026-05-02,0.006098736514783506,0.0015886875917203724,0.001366202277776639,78179.0,78657.25,78303.30071859389,ensemble
BTC,phase0,lstm,phase0_lstm,2026-05-02,2026-05-03,-0.0015143369624661424,0.0016555793059524148,0.0013326970492634383,78657.25,78538.2265625,78787.5811723899,ensemble
BTC,phase0,lstm,phase0_lstm,2026-05-03,2026-05-04,0.01628767686490818,0.001699193980311975,0.001268152805953929,78538.2265625,79827.90625,78671.79168869214,ensemble
BTC,phase0,lstm,phase0_lstm,2026-05-04,2026-05-05,0.013675043806522565,0.0016903482988709583,0.0012449675644241175,79827.90625,80927.0546875,79962.95732505308,ensemble
BTC,phase0,lstm,phase0_lstm,2026-05-05,2026-05-06,0.006165248057273942,0.001685652570449747,0.0012607360740511792,80927.0546875,81427.53125,81063.58462394377,ensemble
BTC,phase0,lstm,phase0_lstm,2026-05-06,2026-05-07,-0.017561908350902416,0.0017147960315924138,0.0013091393661095547,81427.53125,80009.9921875,81567.2826457741,ensemble
BTC,phase0,lstm,phase0_lstm,2026-05-07,2026-05-08,0.0022069548930199264,0.0017601579835172742,0.001378673903023956,80009.9921875,80186.765625,80150.94642848476,ensemble
BTC,phase0,lstm,phase0_lstm,2026-05-08,2026-05-09,0.005938447031188693,0.0018204350431915372,0.0014010443412370102,80186.765625,80664.3671875,80332.87337262597,ensemble
BTC,phase0,lstm,phase0_lstm,2026-05-09,2026-05-10,0.018115146956791082,0.0018802072328981013,0.0014002239067169157,80664.3671875,82138.9296875,80816.17558502412,ensemble
BTC,phase0,lstm,phase0_lstm,2026-05-10,2026-05-11,-0.005011785219488408,0.001931495632743463,0.0013936164123246682,82138.9296875,81728.296875,82297.7339870045,ensemble
BTC,phase0,lstm,phase0_lstm,2026-05-11,2026-05-12,-0.015422747705667463,0.0019728194398339837,0.0014034952472310276,81728.296875,80477.4921875,81889.69119644116,ensemble
BTC,phase0,lstm,phase0_lstm,2026-05-12,2026-05-13,-0.015028018231235505,0.0019977777439635245,0.0014169908841838474,80477.4921875,79277.1171875,80638.42903478155,ensemble
BTC,phase0,lstm,phase0_lstm,2026-05-13,2026-05-14,0.022132143698821827,0.002028749411692843,0.0014277811615972993,79277.1171875,81051.25,79438.11384807558,ensemble
BTC,phase0,lstm,phase0_lstm,2026-05-14,2026-05-15,-0.02480277513696735,0.0020473861542996017,0.0014256628996942862,81051.25,79065.6796875,81217.36319794346,ensemble
BTC,phase0,lstm,phase0_lstm,2026-05-15,2026-05-16,-0.011886390842574117,0.0019850704295095055,0.0014339044413710865,79065.6796875,78131.4375,79222.7865127032,ensemble
BTC,phase0,lstm,phase0_lstm,2026-05-16,2026-05-17,-0.009026576797854137,0.0018898522423114628,0.0013998651372735388,78131.4375,77429.3515625,78279.23398512538,ensemble
BTC,phase0,lstm,phase0_lstm,2026-05-17,2026-05-18,-0.006155853649121142,0.001764038548571989,0.001300690323473064,77429.3515625,76954.171875,77566.06046788543,ensemble
BTC,phase0,lstm,phase0_lstm,2026-05-18,2026-05-19,-0.002644879999712329,0.001591092551825568,0.001168267341977539,76954.171875,76750.90625,77076.7105440327,ensemble
BTC,phase0,lstm,phase0_lstm,2026-05-19,2026-05-20,0.009167734783614812,0.0014204461505869404,0.001021276240022496,76750.90625,77457.7734375,76860.00424490671,ensemble
BTC,phase0,lstm,phase0_lstm,2026-05-20,2026-05-21,0.0010503232153248991,0.0012582458832184785,0.0008615572218577782,77457.7734375,77539.171875,77555.29570267904,ensemble
BTC,phase0,lstm,phase0_lstm,2026-05-21,2026-05-22,-0.026806340702622146,0.0010751960391644389,0.0006805951917493791,77539.171875,75488.2421875,77622.58652099264,ensemble
BTC,phase0,lstm,phase0_lstm,2026-05-22,2026-05-23,0.015577503022418466,-0.00200531737646088,0.001368816788413975,75488.2421875,76673.3671875,75337.01598266822,ensemble
BTC,phase0,lstm,phase0_lstm,2026-05-23,2026-05-24,0.004005847400396048,-0.0021170809981413186,0.0015611329529840088,76673.3671875,76981.125,76511.21516381211,ensemble
BTC,phase0,lstm,phase0_lstm,2026-05-24,2026-05-25,0.003874018128693613,-0.002155634528025985,0.001814477187464353,76981.125,77279.9296875,76815.3605569112,ensemble
BTC,phase0,lstm,phase0_lstm,2026-05-25,2026-05-26,-0.018996541405031864,-0.0022598560201004146,0.002055193307935568,77279.9296875,75825.734375,77105.48535693792,ensemble
BTC,phase0,lstm,phase0_lstm,2026-05-26,2026-05-27,-0.019725310724108713,-0.002323959896875749,0.0022876367022670293,75825.734375,74344.703125,75649.7230100548,ensemble
BTC,phase0,lstm,phase0_lstm,2026-05-27,2026-05-28,-0.010929802661887332,-0.0023898759864096064,0.002468060342286144,74344.703125,73536.5546875,74167.24064540889,ensemble
BTC,phase0,lstm,phase0_lstm,2026-05-28,2026-05-29,-0.0022330998228095003,-0.0024834284453390866,0.0025964192261932013,73536.5546875,73372.5234375,73354.15849350784,ensemble
BTC,phase0,lstm,phase0_lstm,2026-05-29,2026-05-30,0.005197039654902875,-0.002565803240031528,0.00273150828519023,73372.5234375,73754.8359375,73184.50529106846,ensemble
BTC,phase0,lstm,phase0_lstm,2026-05-30,2026-05-31,-0.002377562514476544,-0.0026368200211436487,0.002808100933907803,73754.8359375,73579.6875,73560.613886273,ensemble
BTC,phase0,lstm,phase0_lstm,2026-05-31,2026-06-01,-0.031195386303294676,-0.0027009787736460567,0.0028920824177121516,73579.6875,71319.7734375,73381.2184768577,ensemble
BTC,phase0,lstm,phase0_lstm,2026-06-01,2026-06-02,-0.06691384852525814,-0.002744953532965155,0.0029984380662749334,71319.7734375,66703.65625,71124.2724167958,ensemble
BTC,phase0,lstm,phase0_lstm,2026-06-02,2026-06-03,-0.041152222290191665,-0.0027808673461549916,0.0031253597986343933,66703.65625,64014.3671875,66518.41990868449,ensemble
BTC,phase0,lstm,phase0_lstm,2026-06-03,2026-06-04,-0.003329681149437111,-0.0028026921791024506,0.003284804620629835,64014.3671875,63801.57421875,63835.2058056126,ensemble
BTC,phase0,lstm,phase0_lstm,2026-06-04,2026-06-05,-0.046172542625212365,-0.002776125317905098,0.0034466409875871886,63801.57421875,60922.66796875,63624.69868116454,ensemble
BTC,phase0,lstm,phase0_lstm,2026-06-05,2026-06-06,-0.0009073630482773938,-0.0028737631044350566,0.0035084594841948077,60922.66796875,60867.4140625,60747.841977875694,ensemble
BTC,phase0,lstm,phase0_lstm,2026-06-06,2026-06-07,0.0382314561194156,-0.0029306324548088016,0.0034624830671534097,60867.4140625,63239.51953125,60689.29517139244,ensemble
BTC,phase0,lstm,phase0_lstm,2026-06-07,2026-06-08,-0.0023577871851843952,-0.0028836637851782144,0.0033438303744374627,63239.51953125,63090.58984375,63057.42070107375,ensemble
BTC,phase0,lstm,phase0_lstm,2026-06-08,2026-06-09,-0.023199274916972237,-0.0027809225663077085,0.0032511092815280525,63090.58984375,61643.78125,62915.38352924233,ensemble
BTC,phase0,lstm,phase0_lstm,2026-06-09,2026-06-10,-0.00316008608540611,-0.0026046322775073348,0.0032080593934203966,61643.78125,61449.2890625,61483.4307852996,ensemble
BTC,phase0,lstm,phase0_lstm,2026-06-10,2026-06-11,0.03378866852406486,-0.0024140930036082864,0.003212278913910286,61449.2890625,63561.0546875,61301.123678163436,ensemble
BTC,phase0,lstm,phase0_lstm,2026-06-11,2026-06-12,-0.0002809578486747506,-0.0022853287286125124,0.003154827260889229,63561.0546875,63543.19921875,63415.96263786442,ensemble
BTC,phase0,lstm,phase0_lstm,2026-06-12,2026-06-13,0.01372472245570358,-0.0021243198432784995,0.0030699810537437667,63543.19921875,64421.32421875,63408.35641507514,ensemble
BTC,phase0,lstm,phase0_lstm,2026-06-13,2026-06-14,0.019812484755317328,-0.0019636035674011508,0.002971176445010051,64421.32421875,65710.3984375,64294.95039135188,ensemble
BTC,phase0,lstm,phase0_lstm,2026-06-14,2026-06-15,0.0087743291428838,-0.0018119174297680728,0.0028533433289653297,65710.3984375,66289.5,65591.44442122609,ensemble
BTC,phase0,lstm,phase0_lstm,2026-06-15,2026-06-16,-0.010446052081715382,-0.0016542578239750582,0.0026891829094337076,66289.5,65600.640625,66179.93072887661,ensemble
BTC,phase0,lstm,phase0_lstm,2026-06-16,2026-06-17,-0.01818545153086442,-0.0014816640303706662,0.002538731565779633,65600.640625,64418.4453125,65503.514487337605,ensemble
BTC,phase0,lstm,phase0_lstm,2026-06-17,2026-06-18,-0.023909926459543353,-0.0012991066680115182,0.0023777591260349534,64418.4453125,62896.47265625,64334.81321592076,ensemble
BTC,phase0,lstm,phase0_lstm,2026-06-18,2026-06-19,0.0101927013006599,-0.001158497157302918,0.0022029462964064574,62896.47265625,63540.8359375,62823.64946234968,ensemble
BTC,phase0,lstm,phase0_lstm,2026-06-19,2026-06-20,0.01093823779640829,-0.0010143982479348778,0.0020024747340776946,63540.8359375,64239.67578125,63476.41290568228,ensemble
BTC,phase0,lstm,phase0_lstm,2026-06-20,2026-06-21,-0.01572292530514671,-0.0009113492094911634,0.0017859516564218668,64239.67578125,63237.5390625,64181.15767277496,ensemble
BTC,phase0,lstm,phase0_lstm,2026-06-21,2026-06-22,0.011236353824842346,-0.0008194240755983629,0.0015885632732597149,63237.5390625,63952.10546875,63185.74192531951,ensemble
BTC,phase0,lstm,phase0_lstm,2026-06-22,2026-06-23,-0.02028318896027214,-0.0007701173552050022,0.0014052545254801662,63952.10546875,62668.01953125,63902.87380194033,ensemble
BTC,phase0,lstm,phase0_lstm,2026-06-23,2026-06-24,-0.027057191162537193,-0.0007422565491651767,0.0012588469643099454,62668.01953125,60995.1328125,62621.52104236851,ensemble
BTC,phase0,lstm,phase0_lstm,2026-06-24,2026-06-25,-0.021099038116469408,-0.0007327192122829728,0.0011602232567463565,60995.1328125,59721.67578125,60950.45687628972,ensemble
BTC,phase0,lstm,phase0_lstm,2026-06-25,2026-06-26,0.004923319948585001,-0.0008116255528875626,0.0010689765753917099,59721.67578125,60016.4296875,59673.22380821413,ensemble
BTC,phase0,lstm,phase0_lstm,2026-06-26,2026-06-27,-0.0012726617424323222,-0.0009353820474643726,0.0009914646040405579,60016.4296875,59940.09765625,59960.317643807786,ensemble
BTC,phase0,lstm,phase0_lstm,2026-06-27,2026-06-28,-0.006825999440473744,-0.0010472673584445147,0.0009988000336629832,59940.09765625,59532.33984375,59877.35720725908,ensemble
BTC,phase0,lstm,phase0_lstm,2026-06-28,2026-06-29,0.010128530183576383,-0.0011563594111066778,0.0010691116342068994,59532.33984375,60138.37890625,59463.53884931172,ensemble
BTC,phase0,lstm,phase0_lstm,2026-06-29,2026-06-30,-0.026615830286262104,-0.0012630957306100754,0.0011712842636049808,60138.37890625,58558.859375,60062.46632912638,ensemble
BTC,phase0,lstm,phase0_lstm,2026-06-30,2026-07-01,0.024374798891813786,-0.0013487730189808643,0.0012923037563434697,58558.859375,60003.7578125,58479.930006319766,ensemble
BTC,phase0,lstm,phase0_lstm,2026-07-01,2026-07-02,0.024390944088390595,-0.0014796359595493414,0.001453928730568611,60003.7578125,61485.30078125,59915.0397461392,ensemble
BTC,phase0,lstm,phase0_lstm,2026-07-02,2026-07-03,0.01707535974546987,-0.0016233600217674393,0.0015930379203897705,61485.30078125,62544.19921875,61385.56897425148,ensemble
BTC,phase0,lstm,phase0_lstm,2026-07-03,2026-07-04,0.00866191238397133,-0.0017380349228915293,0.0016931274368084184,62544.19921875,63088.3046875,62435.58962725536,ensemble
BTC,phase0,lstm,phase0_lstm,2026-07-04,2026-07-05,0.007258275090508953,-0.0018126074923202396,0.001751311614369959,63088.3046875,63547.8828125,62974.05393091569,ensemble
BTC,phase0,lstm,phase0_lstm,2026-07-05,2026-07-06,0.007011517689840301,-0.001878655911423266,0.0018223208401028433,63547.8828125,63995.015625,63428.610277901484,ensemble
BTC,phase0,lstm,phase0_lstm,2026-07-06,2026-07-07,-0.01096103180817717,-0.0018991978140547872,0.0018526791168995036,63995.015625,63297.39453125,63873.59177167051,ensemble
BTC,phase0,lstm,phase0_lstm,2026-07-07,2026-07-08,-0.016563965519348627,-0.0019227201119065285,0.0018865252908633482,63297.39453125,62257.57421875,63175.808283372746,ensemble
BTC,phase0,lstm,phase0_lstm,2026-07-08,2026-07-09,0.014915682336986301,-0.001932968432083726,0.001910005314029395,62257.57421875,63193.1484375,62137.34852679462,ensemble
BTC,phase0,lstm,phase0_lstm,2026-07-09,2026-07-10,0.01467180052315595,-0.0019314257428050042,0.001942462794918965,63193.1484375,64127.140625,63071.21335602218,ensemble
BTC,phase0,lstm,phase0_lstm,2026-07-10,2026-07-11,-0.005082718606355573,-0.001958360057324171,0.00194517850690209,64127.140625,63802.02734375,64001.67948335098,ensemble
BTC,phase0,lstm,phase0_lstm,2026-07-11,2026-07-12,-0.0006868690961942699,-0.0019015191588550805,0.0019169053194389926,63802.02734375,63758.21875,63680.82184019663,ensemble
BTC,phase0,lstm,phase0_lstm,2026-07-12,2026-07-13,-0.024114338771437895,-0.001843612501397729,0.0019264494415873869,63758.21875,62239.12109375,63640.781588418424,ensemble
BTC,phase0,lstm,phase0_lstm,2026-07-13,2026-07-14,0.04272810304426096,-0.0018090380355715752,0.0019913244822557102,62239.12109375,64956.11328125,62126.629937459446,ensemble
BTC,phase0,lstm,phase0_lstm,2026-07-14,2026-07-15,-0.0037594109647903352,-0.0018196480930782854,0.002004690929560088,64956.11328125,64712.375,64838.02348710248,ensemble
BTC,phase0,lstm,phase0_lstm,2026-07-15,2026-07-16,-0.014367279855176223,-0.0018458657210430828,0.001995051454688806,64712.375,63789.28125,64593.03482211682,ensemble
BTC,phase0,lstm,phase0_lstm,2026-07-16,2026-07-17,0.0017257545646935989,-0.001964867895731004,0.0019786576308768672,63789.28125,63899.4609375,63664.06679439674,ensemble
BTC,phase0,lstm,phase0_lstm,2026-07-17,2026-07-18,0.01394223164475083,-0.0021154910335098977,0.0019422284935010832,63899.4609375,64796.6015625,63764.42508476895,ensemble
BTC,phase0,lstm,phase0_lstm,2026-07-18,2026-07-19,-0.0016340878484766735,-0.002155839746410493,0.001859060060048938,64796.6015625,64690.8046875,64657.0609410728,ensemble
BTC,phase0,lstm,phase0_lstm,2026-07-19,2026-07-20,0.008300835886390828,-0.0021248541903332806,0.0017897596650385881,64690.8046875,65230.02734375,64553.49209636498,ensemble
BTC,phase0,lstm,phase0_lstm,2026-07-20,2026-07-21,0.019359107363714313,-0.0020926142584357875,0.0017380792498250968,65230.02734375,66505.125,65093.668781148386,ensemble
BTC,phase0,lstm,phase0_lstm,2026-07-21,2026-07-22,-0.006098209978869257,-0.0020594374518623226,0.0016955335163014481,66505.125,66100.796875,66368.30279158281,ensemble
BTC,phase0,lstm,phase0_lstm,2026-07-22,2026-07-23,-0.016104346952909084,-0.0020385564313983194,0.00169135616804506,66100.796875,65044.8125,65966.18392507505,ensemble
BTC,phase0,lstm,phase0_lstm,2026-07-23,2026-07-24,-0.014655553654227636,-0.00207233997170988,0.001694615520145532,65044.8125,64098.49609375,64910.15710916912,ensemble
BTC,phase0,lstm,phase0_lstm,2026-07-24,2026-07-25,0.0033224217714330475,-0.0020681269248598254,0.0016442711203385303,64098.49609375,64311.8125,63966.069253093636,ensemble
BTC,phase0,lstm,phase0_lstm,2026-07-25,2026-07-26,0.015865685940396487,-0.0019475664361380042,0.0015768809302339952,64311.8125,65340.30078125,64186.68286122168,ensemble
BTC,phase0,lstm,phase0_lstm,2026-07-26,2026-07-27,-0.02503365298859531,-0.0017546553281135857,0.0015585372335153577,65340.30078125,63724.8984375,65225.751600898104,ensemble
BTC,phase0,lstm,phase0_lstm,2026-07-27,2026-07-28,0.0022957554728576246,-0.0017012174823321403,0.001533033882786578,63724.8984375,63871.36328125,63616.58068836642,ensemble
BTC,phase0,lstm,phase0_lstm,2026-07-28,2026-07-29,0.0005760654802496461,-0.0015892311814241112,0.0015979464127287666,63871.36328125,63908.16796875,63769.93753494989,ensemble
BTC,phase0,lstm,phase0_lstm,2026-07-29,2026-07-30,0.01270511594195683,-0.001514309598132968,0.0017198708892844723,63908.16796875,64725.30859375,63811.46445460516,ensemble
BTC,phase0,lstm,phase0_lstm,2026-07-30,2026-07-31,-0.02997835702863742,-0.001533429743722081,0.0017273388288599693,64725.30859375,62813.74609375,64626.1329392635,ensemble
BTC,phase0,lstm,phase0_lstm,2026-07-31,2026-08-01,-0.0008031049841085494,-0.001548628113232553,0.0018294052335951657,62813.74609375,62763.3203125,62716.54624328807,ensemble
BTC,phase0,lstm,phase0_lstm,2026-08-01,2026-08-02,0.011385569767075112,-0.0015927599160932004,0.0018598529108917912,62763.3203125,63482.0,62663.432981091006,ensemble
BTC,phase0,lstm,phase0_lstm,2026-08-02,2026-08-03,-0.0003324575530272348,-0.0016155990073457361,0.001943885655278626,63482.0,63460.8984375,63379.521348310125,ensemble
BTC,phase0,lstm,phase0_lstm,2026-08-03,2026-08-04,0.00933302539348361,-0.0016969009309832472,0.0019360913274245855,63460.8984375,64055.953125,63353.30289516655,ensemble
BTC,phase0,lstm,phase0_lstm,2026-08-04,2026-08-05,0.008418741360802475,-0.0016685145106748677,0.0020074667683746142,64055.953125,64597.5,63949.16395213264,ensemble
BTC,phase0,lstm,phase0_lstm,2026-08-05,2026-08-06,-0.005205470783879128,-0.0016058814362622797,0.0021217015032954627,64597.5,64262.11328125,64493.84732315127,ensemble
BTC,phase0,lstm,phase0_lstm,2026-08-06,2026-08-07,0.00957212039536744,-0.001569275663496228,0.0022492774428717953,64262.11328125,64880.19140625,64161.34739619752,ensemble
BTC,phase0,lstm,phase0_lstm,2026-08-07,2026-08-08,0.00037748764335751974,-0.0015530950746324378,0.0023767088583065876,64880.19140625,64904.6875,64779.50450893683,ensemble
BTC,phase0,lstm,phase0_lstm,2026-08-08,2026-08-09,-0.0009217877722439945,-0.0015335536343627609,0.002497665995321963,64904.6875,64844.88671875,64805.22896259006,ensemble
BTC,phase0,lstm,phase0_lstm,2026-08-09,2026-08-10,-0.014513048045569134,-0.0014889812577166595,0.002637867590707748,64844.88671875,63910.5859375,64748.405744773394,ensemble
BTC,phase0,lstm,phase0_lstm,2026-08-10,2026-08-11,-0.00562851025881392,-0.0014222439502191264,0.00283897594573307,63910.5859375,63551.875,63819.754101121376,ensemble
BTC,phase0,lstm,phase0_lstm,2026-08-11,2026-08-12,-0.0023542560615523694,-0.0014799851935094921,0.002878906653578986,63551.875,63402.43359375,63457.88873227783,ensemble
BTC,phase0,lstm,phase0_lstm,2026-08-12,2026-08-13,-4.127906065128786e-06,-0.001507475426478777,0.002980208270618732,63402.43359375,63402.171875,63306.92798739204,ensemble
BTC,phase0,lstm,phase0_lstm,2026-08-13,2026-08-14,-0.006750867021094253,-0.0015625705491402186,0.0030273220653263145,63402.171875,62975.59375,63303.17887039538,ensemble
BTC,phase0,lstm,phase0_lstm,2026-08-14,2026-08-15,0.0007734380660748331,-0.0016292423475533723,0.0030565502339874374,62975.59375,63024.3203125,62873.0747825992,ensemble
BTC,phase0,lstm,phase0_lstm,2026-08-15,2026-08-16,-0.0032686473868631834,-0.0016689134179614484,0.003176740231480242,63024.3203125,62818.65234375,62919.225899803365,ensemble
BTC,phase0,lstm,phase0_lstm,2026-08-16,2026-08-17,0.026510137670231988,-0.0018378675333224237,0.003167138653812869,62818.65234375,64506.25390625,62703.30601022874,ensemble
BTC,phase0,lstm,phase0_lstm,2026-08-17,2026-08-18,0.002700847372800676,-0.0019715748145245015,0.0031673344074079133,64506.25390625,64680.7109375,64379.200289680295,ensemble
BTC,phase0,lstm,phase0_lstm,2026-08-18,2026-08-19,0.0684938460027011,-0.002173593488987535,0.003089825157325993,64680.7109375,69266.1875,64540.27404698985,ensemble
BTC,phase0,lstm,phase0_lstm,2026-08-19,2026-08-20,0.05295120538976306,-0.0023311647470109164,0.0030123216627714645,69266.1875,73032.7578125,69104.90466700609,ensemble
BTC,phase0,lstm,phase0_lstm,2026-08-20,2026-08-21,0.07008881775516321,-0.002366928540868685,0.0029964337337806653,73032.7578125,78335.1875,72860.09890986545,ensemble
BTC,phase0,lstm,phase0_lstm,2026-08-21,2026-08-22,-0.016108760387506423,-0.002329496969468892,0.003084822213944664,78335.1875,77083.4140625,78152.91829831694,ensemble
BTC,phase0,lstm,phase0_lstm,2026-08-22,2026-08-23,0.008678138825315892,-0.0022135193110443653,0.003316680625469446,77083.4140625,77755.265625,76912.9771392123,ensemble
BTC,phase0,lstm,phase0_lstm,2026-08-23,2026-08-24,0.0154319126625293,-0.0014109283802099526,0.004262463394095034,77755.265625,78964.484375,77645.63587207062,ensemble
BTC,phase0,lstm,phase0_lstm,2026-08-24,2026-08-25,-0.005072177186830813,-0.00044005247837048956,0.005108364748847304,78964.484375,78564.9765625,78929.74350241169,ensemble
BTC,phase0,lstm,phase0_lstm,2026-08-25,2026-08-26,0.005868895257053803,0.0004199234877887648,0.005590469528065785,78564.9765625,79027.421875,78597.97476935232,ensemble
BTC,phase0,lstm,phase0_lstm,2026-08-26,2026-08-27,0.015445797722405792,0.0010216268827207386,0.005644768139565556,79027.421875,80257.5390625,79108.19966901676,ensemble
BTC,phase0,lstm,phase0_lstm,2026-08-27,2026-08-28,-0.030710027313092664,0.0014503472368232906,0.00526039884104727,80257.5390625,77830.2890625,80374.02481448874,ensemble
BTC,phase0,lstm,phase0_lstm,2026-08-28,2026-08-29,0.005324638622765287,0.0016408863477408886,0.004529663081210634,77830.2890625,78245.8125,77958.10455793544,ensemble
BTC,phase0,lstm,phase0_lstm,2026-08-29,2026-08-30,-0.007417513856522034,0.001860951276466949,0.004299081590440261,78245.8125,77667.5703125,78391.55971682275,ensemble
BTC,phase0,lstm,phase0_lstm,2026-08-30,2026-08-31,0.01128015948027171,0.0016964443657343509,0.0038567396579059303,77667.5703125,78548.6328125,77799.44084844466,ensemble
BTC,phase0,xgb,phase0_xgb,2025-10-31,2025-11-01,0.004624825172493095,-0.003671513043809682,0.0017223111686996287,109556.1640625,110064.015625,109154.66468323661,ensemble
BTC,phase0,xgb,phase0_xgb,2025-11-01,2025-11-02,0.005216141233319792,0.0012653461191803217,0.0014992320033404827,110064.015625,110639.625,110203.37284900004,ensemble
BTC,phase0,xgb,phase0_xgb,2025-11-02,2025-11-03,-0.03768718290100999,-0.009643444325774908,0.002988731184068028,110639.625,106547.5234375,109577.80596121268,ensemble
BTC,phase0,xgb,phase0_xgb,2025-11-03,2025-11-04,-0.04764085753760775,-0.0011996750719845295,0.0029722917436445233,106547.5234375,101590.5234375,106419.77767167693,ensemble
BTC,phase0,xgb,phase0_xgb,2025-11-04,2025-11-05,0.022400061321748738,0.008329075574874879,0.003324594669144651,101590.5234375,103891.8359375,102440.21223385053,ensemble
BTC,phase0,xgb,phase0_xgb,2025-11-05,2025-11-06,-0.025251182491850755,0.0043750957818701865,0.002342645242769938,103891.8359375,101301.2890625,104347.3684432234,ensemble
BTC,phase0,xgb,phase0_xgb,2025-11-06,2025-11-07,0.02023892596873405,0.017460116371512412,0.0026507428329447602,101301.2890625,103372.40625,103085.55275563117,ensemble
BTC,phase0,xgb,phase0_xgb,2025-11-07,2025-11-08,-0.010603212214200236,-0.0044680492021143435,0.0015336420119132432,103372.40625,102282.1171875,102911.56355332343,ensemble
BTC,phase0,xgb,phase0_xgb,2025-11-08,2025-11-09,0.023551839699680072,0.009538002125918866,0.0009996478090114776,102282.1171875,104719.640625,103262.35154610935,ensemble
BTC,phase0,xgb,phase0_xgb,2025-11-09,2025-11-10,0.01212026933646231,-0.0010161945057916455,0.004150819453153179,104719.640625,105996.59375,104613.27915267316,ensemble
BTC,phase0,xgb,phase0_xgb,2025-11-10,2025-11-11,-0.028702546476841843,0.002527344855479896,0.004130165299934498,105996.59375,102997.46875,106264.82250642098,ensemble
BTC,phase0,xgb,phase0_xgb,2025-11-11,2025-11-12,-0.013039146642676998,0.0027609044685959817,0.0036555186929537915,102997.46875,101663.1875,103282.2278371605,ensemble
BTC,phase0,xgb,phase0_xgb,2025-11-12,2025-11-13,-0.019524742976585432,-0.0016154522192664445,0.0007728495900323761,101663.1875,99697.4921875,101499.08806122403,ensemble
BTC,phase0,xgb,phase0_xgb,2025-11-13,2025-11-14,-0.05462287113659148,0.007693663146346808,0.0019079256575987682,99697.4921875,94397.7890625,100467.48936019666,ensemble
BTC,phase0,xgb,phase0_xgb,2025-11-14,2025-11-15,0.01212310649874722,0.0029611053643748162,0.0038251549938461177,94397.7890625,95549.1484375,94677.72511761202,ensemble
BTC,phase0,xgb,phase0_xgb,2025-11-15,2025-11-16,-0.014463938461922525,0.0019427600782364607,0.0028672879112124,95549.1484375,94177.078125,95734.95794179544,ensemble
BTC,phase0,xgb,phase0_xgb,2025-11-16,2025-11-17,-0.02236838271634354,0.006006077211350202,0.002542192175421548,94177.078125,92093.875,94744.4149567071,ensemble
BTC,phase0,xgb,phase0_xgb,2025-11-17,2025-11-18,0.009241173563305538,0.02468535602092743,0.0026164870886556833,92093.875,92948.875,94395.53688474605,ensemble
BTC,phase0,xgb,phase0_xgb,2025-11-18,2025-11-19,-0.016082377699808928,0.022952400520443915,0.0017149608810953,92948.875,91465.9921875,95106.9465271559,ensemble
BTC,phase0,xgb,phase0_xgb,2025-11-19,2025-11-20,-0.05429914313161118,0.009479916468262673,0.0016538293234559685,91465.9921875,86631.8984375,92337.20514157631,ensemble
BTC,phase0,xgb,phase0_xgb,2025-11-20,2025-11-21,-0.017950490472289502,0.011394436098635196,0.002035485528373139,86631.8984375,85090.6875,87624.66533669653,ensemble
BTC,phase0,xgb,phase0_xgb,2025-11-21,2025-11-22,-0.00521187239368071,0.007746445666998625,0.0006833104748445967,85090.6875,84648.359375,85752.39752892348,ensemble
BTC,phase0,xgb,phase0_xgb,2025-11-22,2025-11-23,0.025158586579000386,0.01588075775653124,0.002632313488033682,84648.359375,86805.0078125,86003.37028722961,ensemble
BTC,phase0,xgb,phase0_xgb,2025-11-23,2025-11-24,0.016742357810839485,0.017283202148973942,0.003438947267487452,86805.0078125,88270.5625,88318.31604640563,ensemble
BTC,phase0,xgb,phase0_xgb,2025-11-24,2025-11-25,-0.01057647695675446,0.006526278844103217,0.003188308890400332,88270.5625,87341.890625,88848.5247245258,ensemble
BTC,phase0,xgb,phase0_xgb,2025-11-25,2025-11-26,0.0357225879133364,0.00747170364484191,0.00239883171594764,87341.890625,90518.3671875,87996.9274205798,ensemble
BTC,phase0,xgb,phase0_xgb,2025-11-26,2025-11-27,0.008437806108495432,-0.015497494488954544,0.001984556537083699,90518.3671875,91285.375,89126.37335896165,ensemble
BTC,phase0,xgb,phase0_xgb,2025-11-27,2025-11-28,-0.004018666774419681,0.004678631713613868,0.001525692701201958,91285.375,90919.265625,91713.46631035946,ensemble
BTC,phase0,xgb,phase0_xgb,2025-11-28,2025-11-29,-0.00074277862694653,-0.0012870559323346243,0.0026032868883326993,90919.265625,90851.7578125,90802.3227169887,ensemble
BTC,phase0,xgb,phase0_xgb,2025-11-29,2025-11-30,-0.005047792573132774,-0.004584359377622605,0.0017115506483374675,90851.7578125,90394.3125,90436.21393360551,ensemble
BTC,phase0,xgb,phase0_xgb,2025-11-30,2025-12-01,-0.04610183805407602,-0.008652579877525568,0.002558503229644711,90394.3125,86321.5703125,89615.54253397223,ensemble
BTC,phase0,xgb,phase0_xgb,2025-12-01,2025-12-02,0.05662099387030378,-0.0029079094223561698,0.0025347850033264853,86321.5703125,91350.203125,86070.91961622027,ensemble
BTC,phase0,xgb,phase0_xgb,2025-12-02,2025-12-03,0.023558262011831657,-0.001354255955084227,0.0016504252150932803,91350.203125,93527.8046875,91226.57529917403,ensemble
BTC,phase0,xgb,phase0_xgb,2025-12-03,2025-12-04,-0.014931972865932171,0.0062646657228469845,0.00166284684249749,93527.8046875,92141.625,94115.56425600174,ensemble
BTC,phase0,xgb,phase0_xgb,2025-12-04,2025-12-05,-0.030343059975675362,0.009837137162685394,0.0020861278660918667,92141.625,89387.7578125,93052.50769709049,ensemble
BTC,phase0,xgb,phase0_xgb,2025-12-05,2025-12-06,-0.0012916460625568118,0.0045663985889405016,0.0010927899602945217,89387.7578125,89272.375,89796.87132041366,ensemble
BTC,phase0,xgb,phase0_xgb,2025-12-06,2025-12-07,0.012614572226014349,8.550772909075022e-05,0.0031410967318481636,89272.375,90405.640625,89280.00880442679,ensemble
BTC,phase0,xgb,phase0_xgb,2025-12-07,2025-12-08,0.002591195979813834,-0.0034329417801927777,0.00234943896496521,90405.640625,90640.203125,90095.81543433055,ensemble
BTC,phase0,xgb,phase0_xgb,2025-12-08,2025-12-09,0.022381192698197744,0.0048972444608807566,0.0013090437417976452,90640.203125,92691.7109375,91085.1790462987,ensemble
BTC,phase0,xgb,phase0_xgb,2025-12-09,2025-12-10,-0.007262832846635849,0.004615697124972939,0.002356641663753551,92691.7109375,92020.9453125,93120.53670478164,ensemble
BTC,phase0,xgb,phase0_xgb,2025-12-10,2025-12-11,0.0053149701081481185,0.0067231057211756705,0.0022774661234651844,92020.9453125,92511.3359375,92641.6962051697,ensemble
BTC,phase0,xgb,phase0_xgb,2025-12-11,2025-12-12,-0.024521421452147512,-0.0035087614320218562,0.0012090266516034016,92511.3359375,90270.4140625,92187.30453681856,ensemble
BTC,phase0,xgb,phase0_xgb,2025-12-12,2025-12-13,0.0003134187556330964,-0.005037285294383765,0.0011567449457002767,90270.4140625,90298.7109375,89816.83958434142,ensemble
BTC,phase0,xgb,phase0_xgb,2025-12-13,2025-12-14,-0.02379767101791624,-0.0009160647794487886,0.0014139908373709492,90298.7109375,88175.1796875,90216.02934540976,ensemble
BTC,phase0,xgb,phase0_xgb,2025-12-14,2025-12-15,-0.020108914713088392,-0.004874811344780028,0.0030857775920302404,88175.1796875,86419.78125,87746.38830891167,ensemble
BTC,phase0,xgb,phase0_xgb,2025-12-15,2025-12-16,0.016345736935078115,0.003991755918832496,0.002778658222135966,86419.78125,87843.984375,86765.43735172699,ensemble
BTC,phase0,xgb,phase0_xgb,2025-12-16,2025-12-17,-0.019544833040854463,0.014361296594142915,0.0017202282113346244,87843.984375,86143.7578125,89114.64018209098,ensemble
BTC,phase0,xgb,phase0_xgb,2025-12-17,2025-12-18,-0.007939728497768105,0.004966397350654006,0.001969866582548018,86143.7578125,85462.5078125,86572.64607629651,ensemble
BTC,phase0,xgb,phase0_xgb,2025-12-18,2025-12-19,0.030433154968407768,0.002783893467858434,0.003343462322513439,85462.5078125,88103.3828125,85700.75780717694,ensemble
BTC,phase0,xgb,phase0_xgb,2025-12-19,2025-12-20,0.002727355122150639,0.0009201971153743216,0.0015277338682295628,88103.3828125,88344.0,88184.49260399347,ensemble
BTC,phase0,xgb,phase0_xgb,2025-12-20,2025-12-21,0.0031390280669266876,0.004444966651499271,0.0019960543707929716,88344.0,88621.75,88737.5601667807,ensemble
BTC,phase0,xgb,phase0_xgb,2025-12-21,2025-12-22,-0.0014875849588890807,0.00268377223983407,0.0011300116117443422,88621.75,88490.015625,88859.9100331901,ensemble
BTC,phase0,xgb,phase0_xgb,2025-12-22,2025-12-23,-0.012234274952953525,0.005398811702616513,0.002536296324850093,88490.015625,87414.0,88969.04849752296,ensemble
BTC,phase0,xgb,phase0_xgb,2025-12-23,2025-12-24,0.002262076104062497,0.005709332320839167,0.001566263985085606,87414.0,87611.9609375,87914.50298487591,ensemble
BTC,phase0,xgb,phase0_xgb,2025-12-24,2025-12-25,-0.0043148578556266,-0.010176136903464795,0.0012290568448535897,87611.9609375,87234.7421875,86724.93055452424,ensemble
BTC,phase0,xgb,phase0_xgb,2025-12-25,2025-12-26,0.0007641682813230021,-0.005259900167584419,0.002683439950046155,87234.7421875,87301.4296875,86777.10078161529,ensemble
BTC,phase0,xgb,phase0_xgb,2025-12-26,2025-12-27,0.00571921956587603,0.002055091524380259,0.0011291338886090995,87301.4296875,87802.15625,87481.02659655071,ensemble
BTC,phase0,xgb,phase0_xgb,2025-12-27,2025-12-28,0.0003835125589097617,0.004403543751686811,0.0011441148801608373,87802.15625,87835.8359375,88189.64943196658,ensemble
BTC,phase0,xgb,phase0_xgb,2025-12-28,2025-12-29,-0.007974888882579774,0.004111004434525967,0.0013291613043831581,87835.8359375,87138.140625,88197.67269520971,ensemble
BTC,phase0,xgb,phase0_xgb,2025-12-29,2025-12-30,0.01471809780879094,-0.012873814254999161,0.0009507614974968666,87138.140625,88430.1328125,86023.53042453779,ensemble
BTC,phase0,xgb,phase0_xgb,2025-12-30,2025-12-31,-0.010473099349299821,0.012891667522490024,0.0020765713359310522,88430.1328125,87508.828125,89577.5246901264,ensemble
BTC,phase0,xgb,phase0_xgb,2025-12-31,2026-01-01,0.013880733660550057,0.001997763550025411,0.002000917964983243,87508.828125,88731.984375,87683.82481493599,ensemble
BTC,phase0,xgb,phase0_xgb,2026-01-01,2026-01-02,0.013574570130194884,0.005033279699273407,0.002485974898648922,88731.984375,89944.6953125,89179.7231225581,ensemble
BTC,phase0,xgb,phase0_xgb,2026-01-02,2026-01-03,0.007294409627148249,0.0012559388676891103,0.001087152523219062,89944.6953125,90603.1875,90057.73131958437,ensemble
BTC,phase0,xgb,phase0_xgb,2026-01-03,2026-01-04,0.008903689947606831,0.004063836438581348,0.0018551471496107736,90603.1875,91413.4921875,90972.13319453859,ensemble
BTC,phase0,xgb,phase0_xgb,2026-01-04,2026-01-05,0.02665149838136465,0.004426337406039238,0.0017425590769438698,91413.4921875,93882.5546875,91819.01597784674,ensemble
BTC,phase0,xgb,phase0_xgb,2026-01-05,2026-01-06,-0.00163660971149983,0.0008334600104717537,0.0018630980303761299,93882.5546875,93729.03125,93960.83465959466,ensemble
BTC,phase0,xgb,phase0_xgb,2026-01-06,2026-01-07,-0.026168967250151644,0.009203092567622662,0.0019950149795738606,93729.03125,91308.0546875,94595.60968527794,ensemble
BTC,phase0,xgb,phase0_xgb,2026-01-07,2026-01-08,-0.003081466892755565,-0.007420019526034593,0.0021457186929089334,91308.0546875,91027.125,90633.05449308269,ensemble
BTC,phase0,xgb,phase0_xgb,2026-01-08,2026-01-09,-0.005662930149506993,0.00020893060327580314,0.0008172224452538454,91027.125,90513.1015625,91046.14533903699,ensemble
BTC,phase0,xgb,phase0_xgb,2026-01-09,2026-01-10,-0.0013980466595052143,-0.0029710565228015184,0.0010822297065802807,90513.1015625,90386.6484375,90244.58111394192,ensemble
BTC,phase0,xgb,phase0_xgb,2026-01-10,2026-01-11,0.004865110901100388,-0.012064827606081963,0.00131641834973316,90386.6484375,90827.4609375,89302.70107350587,ensemble
BTC,phase0,xgb,phase0_xgb,2026-01-11,2026-01-12,0.004016380962680633,-0.008994450978934764,0.003122591836941221,90827.4609375,91192.9921875,90014.18077967878,ensemble
BTC,phase0,xgb,phase0_xgb,2026-01-12,2026-01-13,0.044280285031478225,0.0035200673155486584,0.003785840607328745,91192.9921875,95321.78125,91514.56330264681,ensemble
BTC,phase0,xgb,phase0_xgb,2026-01-13,2026-01-14,0.016723797821879046,0.01763017289340496,0.001539048067060349,95321.78125,96929.328125,97017.22227822975,ensemble
BTC,phase0,xgb,phase0_xgb,2026-01-14,2026-01-15,-0.014320038274756287,-0.007287139073014259,0.0023224604084570747,96929.328125,95551.1875,96225.5579804792,ensemble
BTC,phase0,xgb,phase0_xgb,2026-01-15,2026-01-16,-0.00027287855188963723,0.0013025805470533668,0.003137511758183346,95551.1875,95525.1171875,95675.73171491145,ensemble
BTC,phase0,xgb,phase0_xgb,2026-01-16,2026-01-17,-0.004461072057980408,0.0010794180387165397,0.001402040962823204,95525.1171875,95099.921875,95628.28439239664,ensemble
BTC,phase0,xgb,phase0_xgb,2026-01-17,2026-01-18,-0.015529993658124637,0.004499464668333531,0.001486123887979558,95099.921875,93634.4296875,95528.78471650567,ensemble
BTC,phase0,xgb,phase0_xgb,2026-01-18,2026-01-19,-0.011610285761608208,0.008781980630010367,0.0036423623110594674,93634.4296875,92553.59375,94460.3467209066,ensemble
BTC,phase0,xgb,phase0_xgb,2026-01-19,2026-01-20,-0.046924255054821146,0.005834925454109907,0.0014993546142682919,92553.59375,88310.90625,93095.21569519158,ensemble
BTC,phase0,xgb,phase0_xgb,2026-01-20,2026-01-21,0.011999327760148781,-0.002203265018761158,0.0009859057325071598,88310.90625,89376.9609375,88116.54810935444,ensemble
BTC,phase0,xgb,phase0_xgb,2026-01-21,2026-01-22,0.0009560777691027553,-0.0015543980989605188,0.003274077689203169,89376.9609375,89462.453125,89238.1414776309,ensemble
BTC,phase0,xgb,phase0_xgb,2026-01-22,2026-01-23,0.00046290133092210693,-0.005447843996807933,0.0029425741693035906,89462.453125,89503.875,88976.40080753165,ensemble
BTC,phase0,xgb,phase0_xgb,2026-01-23,2026-01-24,-0.004402117623558332,-0.006300209928303957,0.001501380286186721,89503.875,89110.734375,88941.75439634392,ensemble
BTC,phase0,xgb,phase0_xgb,2026-01-24,2026-01-25,-0.028900838361794738,-0.002875221241265535,0.0026228707478466186,89110.734375,86572.21875,88854.88928057894,ensemble
BTC,phase0,xgb,phase0_xgb,2026-01-25,2026-01-26,0.01938894055131375,0.006860054843127727,0.006089354680605543,86572.21875,88267.140625,87168.1506441928,ensemble
BTC,phase0,xgb,phase0_xgb,2026-01-26,2026-01-27,0.00942027656458104,0.002397410824050894,0.0023195826107321304,88267.140625,89102.5703125,88479.00708734085,ensemble
BTC,phase0,xgb,phase0_xgb,2026-01-27,2026-01-28,0.0009198645005418251,-0.001295055472292006,0.0037704239758918207,89102.5703125,89184.5703125,88987.25222899638,ensemble
BTC,phase0,xgb,phase0_xgb,2026-01-28,2026-01-29,-0.053227949504083015,-0.012037896551191807,0.0024260947531620355,89184.5703125,84561.5859375,88117.4117402466,ensemble
BTC,phase0,xgb,phase0_xgb,2026-01-29,2026-01-30,-0.005132847429550004,0.010871338285505771,0.0021779634584154395,84561.5859375,84128.65625,85485.89869915812,ensemble
BTC,phase0,xgb,phase0_xgb,2026-01-30,2026-01-31,-0.06770691927198588,-0.0059375672601163386,0.00251422494508886,84128.65625,78621.1171875,83630.6167297727,ensemble
BTC,phase0,xgb,phase0_xgb,2026-01-31,2026-02-01,-0.021166842147211495,0.012032090686261654,0.002226669949858215,78621.1171875,76974.4453125,79572.80753019058,ensemble
BTC,phase0,xgb,phase0_xgb,2026-02-01,2026-02-02,0.022026908157821636,0.010360024916008116,0.004947967142745901,76974.4453125,78688.765625,77776.04762413441,ensemble
BTC,phase0,xgb,phase0_xgb,2026-02-02,2026-02-03,-0.03960046937497693,0.011306067183613776,0.004703895434557616,78688.765625,75633.546875,79583.47438376745,ensemble
BTC,phase0,xgb,phase0_xgb,2026-02-03,2026-02-04,-0.035170615941758965,0.01877260413020849,0.004388754528135809,75633.546875,73019.703125,77066.79633099081,ensemble
BTC,phase0,xgb,phase0_xgb,2026-02-04,2026-02-05,-0.1523344080304475,0.009203141182661056,0.0031423160023478455,73019.703125,62702.09765625,73694.81557453034,ensemble
BTC,phase0,xgb,phase0_xgb,2026-02-05,2026-02-06,0.118003181433477,0.011383834667503834,0.004202034889181931,62702.09765625,70555.390625,63419.96626558805,ensemble
BTC,phase0,xgb,phase0_xgb,2026-02-06,2026-02-07,-0.018213402812750957,0.002347567363176495,0.0072528520430398934,70555.390625,69281.96875,70721.21872749052,ensemble
BTC,phase0,xgb,phase0_xgb,2026-02-07,2026-02-08,0.01408523588474713,0.021368389949202538,0.004676435727304184,69281.96875,70264.7265625,70778.34349661185,ensemble
BTC,phase0,xgb,phase0_xgb,2026-02-08,2026-02-09,-0.0020507154219692207,0.0023480576928704977,0.002292704817787591,70264.7265625,70120.78125,70429.90604382707,ensemble
BTC,phase0,xgb,phase0_xgb,2026-02-09,2026-02-10,-0.01910323758989731,0.005306329205632209,0.0029997667506290898,70120.78125,68793.9609375,70493.85414788748,ensemble
BTC,phase0,xgb,phase0_xgb,2026-02-10,2026-02-11,-0.026543221212374526,0.0006379073194693774,0.0034336321077986743,68793.9609375,66991.96875,68837.85910871108,ensemble
BTC,phase0,xgb,phase0_xgb,2026-02-11,2026-02-12,-0.01156236827483507,-0.01562479604035616,0.002801530138422264,66991.96875,66221.84375,65953.36799417675,ensemble
BTC,phase0,xgb,phase0_xgb,2026-02-12,2026-02-13,0.03903376935715579,-0.005660596489906311,0.0019172102092348436,66221.84375,68857.84375,65848.0475665043,ensemble
BTC,phase0,xgb,phase0_xgb,2026-02-13,2026-02-14,0.013125933067848304,-0.004063799791038036,0.001732734583488696,68857.84375,69767.625,68578.58706490124,ensemble
BTC,phase0,xgb,phase0_xgb,2026-02-14,2026-02-15,-0.014138040068878806,0.0054644932970404625,0.0025883818460760324,69767.625,68788.1875,70149.91327373554,ensemble
BTC,phase0,xgb,phase0_xgb,2026-02-15,2026-02-16,0.0007987824782500607,-0.002272917330265045,0.0034067716416994404,68788.1875,68843.15625,68632.01518712612,ensemble
BTC,phase0,xgb,phase0_xgb,2026-02-16,2026-02-17,-0.019788873300286218,0.00012706874404102563,0.0018048356490855968,68843.15625,67494.21875,68851.90461921088,ensemble
BTC,phase0,xgb,phase0_xgb,2026-02-17,2026-02-18,-0.015963632260214883,0.0005888274405151606,0.0017113573608309666,67494.21875,66425.3203125,67533.97290109504,ensemble
BTC,phase0,xgb,phase0_xgb,2026-02-18,2026-02-19,0.007980125994704771,0.0016223160142544656,0.0017783174571563269,66425.3203125,66957.5234375,66533.17063339196,ensemble
BTC,phase0,xgb,phase0_xgb,2026-02-19,2026-02-20,0.015528995656632263,0.004072859618463554,0.0022156720613726952,66957.5234375,68005.421875,67230.78813749478,ensemble
BTC,phase0,xgb,phase0_xgb,2026-02-20,2026-02-21,-2.4354972344490844e-05,0.00504129899200052,0.002512604107036509,68005.421875,68003.765625,68349.12316230398,ensemble
BTC,phase0,xgb,phase0_xgb,2026-02-21,2026-02-22,-0.005076923598302017,-0.002791780058760196,0.0017297508957219224,68003.765625,67659.390625,67814.17883365644,ensemble
BTC,phase0,xgb,phase0_xgb,2026-02-22,2026-02-23,-0.04601267313564273,-0.015529030561447143,0.0019113332073800162,67659.390625,64616.73828125,66616.82187249782,ensemble
BTC,phase0,xgb,phase0_xgb,2026-02-23,2026-02-24,-0.00834051043874472,-0.005949647631496191,0.002884863267305597,64616.73828125,64080.04296875,64233.432854189334,ensemble
BTC,phase0,xgb,phase0_xgb,2026-02-24,2026-02-25,0.05878816281087323,-0.003128805523738265,0.0013491942753288478,64080.04296875,67960.125,63879.862302839036,ensemble
BTC,phase0,xgb,phase0_xgb,2026-02-25,2026-02-26,-0.007478610812400483,0.030881841853260993,0.002028118306085475,67960.125,67453.7734375,70091.60139678718,ensemble
BTC,phase0,xgb,phase0_xgb,2026-02-26,2026-02-27,-0.023580345399758597,-0.005134124308824539,0.0009007697054858009,67453.7734375,65881.796875,67108.34487493159,ensemble
BTC,phase0,xgb,phase0_xgb,2026-02-27,2026-02-28,0.016768637200983844,-0.0109619727358222,0.001979480913517935,65881.796875,66995.859375,65163.54632768566,ensemble
BTC,phase0,xgb,phase0_xgb,2026-02-28,2026-03-01,-0.018952127255243773,-0.005376626271754503,0.004880236622307288,66995.859375,65738.1015625,66636.61430604772,ensemble
BTC,phase0,xgb,phase0_xgb,2026-03-01,2026-03-02,0.04517399874225875,0.009157428611069917,0.0027849408147297893,65738.1015625,68775.8515625,66342.85831682805,ensemble
BTC,phase0,xgb,phase0_xgb,2026-03-02,2026-03-03,-0.007035921401254354,0.010483624879270792,0.0028402776710172908,68775.8515625,68293.6484375,69500.66448598017,ensemble
BTC,phase0,xgb,phase0_xgb,2026-03-03,2026-03-04,0.06267011054362281,-0.0060648179147392515,0.002873501905201806,68293.6484375,72710.578125,67880.71334876987,ensemble
BTC,phase0,xgb,phase0_xgb,2026-03-04,2026-03-05,-0.026047184090688055,-0.0011644260113826022,0.0035766237629773234,72710.578125,70841.125,72625.96131109905,ensemble
BTC,phase0,xgb,phase0_xgb,2026-03-05,2026-03-06,-0.03892676222985379,-0.005851473752409219,0.001720207458808927,70841.125,68136.4921875,70427.8104454199,ensemble
BTC,phase0,xgb,phase0_xgb,2026-03-06,2026-03-07,-0.012760002816373808,-0.003803489659912884,0.0029825918975533365,68136.4921875,67272.59375,67877.82796917314,ensemble
BTC,phase0,xgb,phase0_xgb,2026-03-07,2026-03-08,-0.019556151272463178,0.0006690405309200287,0.005696097966023807,67272.59375,65969.78125,67317.61690131598,ensemble
BTC,phase0,xgb,phase0_xgb,2026-03-08,2026-03-09,0.036210883133673905,-0.00852341465651989,0.0021844237152522433,65969.78125,68402.3828125,65409.88296189185,ensemble
BTC,phase0,xgb,phase0_xgb,2026-03-09,2026-03-10,0.022043063053682945,0.004794726637192071,0.0020878931872277263,68402.3828125,69926.921875,68731.14106255844,ensemble
BTC,phase0,xgb,phase0_xgb,2026-03-10,2026-03-11,0.003967140831024369,-0.0026324049569666384,0.0033496120692442363,69926.921875,70204.8828125,69743.08796803208,ensemble
BTC,phase0,xgb,phase0_xgb,2026-03-11,2026-03-12,0.004102088510358853,0.0028493165038526056,0.0030390969467772415,70204.8828125,70493.4609375,70405.20399745052,ensemble
BTC,phase0,xgb,phase0_xgb,2026-03-12,2026-03-13,0.006712861238543366,-0.008695640414953233,0.003562841935754952,70493.4609375,70968.265625,69883.13259327419,ensemble
BTC,phase0,xgb,phase0_xgb,2026-03-13,2026-03-14,0.0034653905327112298,0.001975856372155249,0.002387107359229144,70968.265625,71214.625,71108.62734649243,ensemble
BTC,phase0,xgb,phase0_xgb,2026-03-14,2026-03-15,0.021879197879022205,-0.011026952229440213,0.0034069414411487618,71214.625,72789.9140625,70433.65848567699,ensemble
BTC,phase0,xgb,phase0_xgb,2026-03-15,2026-03-16,0.028056806108927662,-0.0022678692592307927,0.002510338096236658,72789.9140625,74861.0859375,72625.02310026049,ensemble
BTC,phase0,xgb,phase0_xgb,2026-03-16,2026-03-17,-0.012617278563279094,-0.0041235832963138815,0.0021609790778739854,74861.0859375,73922.4765625,74553.02560672114,ensemble
BTC,phase0,xgb,phase0_xgb,2026-03-17,2026-03-18,-0.03688417423341742,0.003114828365505673,0.001841517729542153,73922.4765625,71245.578125,74153.09136565546,ensemble
BTC,phase0,xgb,phase0_xgb,2026-03-18,2026-03-19,-0.01888416104762736,-0.010214406624436378,0.003352888686283106,71245.578125,69912.7890625,70521.55086928693,ensemble
BTC,phase0,xgb,phase0_xgb,2026-03-19,2026-03-20,0.008684431647448684,-0.010037502460181712,0.004266948482754078,69912.7890625,70522.5859375,69214.54942371155,ensemble
BTC,phase0,xgb,phase0_xgb,2026-03-20,2026-03-21,-0.026016105631017767,0.0005258294211671454,0.0016964331189305052,70522.5859375,68711.5234375,70559.67853937876,ensemble
BTC,phase0,xgb,phase0_xgb,2026-03-21,2026-03-22,-0.012688120086084904,0.002242555748671293,0.0027637771757926025,68711.5234375,67845.2109375,68865.78576567066,ensemble
BTC,phase0,xgb,phase0_xgb,2026-03-22,2026-03-23,0.04425119303469704,2.6132146012969314e-05,0.0034204722128882547,67845.2109375,70914.859375,67846.98390162407,ensemble
BTC,phase0,xgb,phase0_xgb,2026-03-23,2026-03-24,-0.005613991531695598,-0.019437003880739212,0.0037393942299610273,70914.859375,70517.859375,69549.79632219038,ensemble
BTC,phase0,xgb,phase0_xgb,2026-03-24,2026-03-25,0.011168924480813245,0.009729141648858786,0.002544678330248872,70517.859375,71309.8828125,71207.28594380636,ensemble
BTC,phase0,xgb,phase0_xgb,2026-03-25,2026-03-26,-0.03595291880741613,-0.0003053337713936344,0.002085835360048373,71309.8828125,68791.625,71288.1128207692,ensemble
BTC,phase0,xgb,phase0_xgb,2026-03-26,2026-03-27,-0.03631346968520713,0.004961198149248958,0.0023435374617555467,68791.625,66338.375,69133.76188531006,ensemble
BTC,phase0,xgb,phase0_xgb,2026-03-27,2026-03-28,-0.0002816215791388498,-0.0016490719746798277,0.0012769069752139842,66338.375,66319.6953125,66229.06839694062,ensemble
BTC,phase0,xgb,phase0_xgb,2026-03-28,2026-03-29,-0.005515409833700628,-0.0030432124622166157,0.001621024054318318,66319.6953125,65954.921875,66118.17717601074,ensemble
BTC,phase0,xgb,phase0_xgb,2026-03-29,2026-03-30,0.011105181731209317,-0.010835328698158264,0.002098850426933531,65954.921875,66691.4453125,65244.13636861627,ensemble
BTC,phase0,xgb,phase0_xgb,2026-03-30,2026-03-31,0.022856210162579323,-0.006576472707092762,0.0013310574890740405,66691.4453125,68233.3125,66254.28988854261,ensemble
BTC,phase0,xgb,phase0_xgb,2026-03-31,2026-04-01,-0.002270644254019965,0.006746942573226988,0.0030072072176533346,68233.3125,68078.5546875,68695.23527195315,ensemble
BTC,phase0,xgb,phase0_xgb,2026-04-01,2026-04-02,-0.017634149228875802,0.0070887024514377115,0.0021484211794793617,68078.5546875,66888.5703125,68562.85781739002,ensemble
BTC,phase0,xgb,phase0_xgb,2026-04-02,2026-04-03,0.0006356502125007872,0.011103349179029465,0.003275363677468996,66888.5703125,66931.1015625,67635.39592489666,ensemble
BTC,phase0,xgb,phase0_xgb,2026-04-03,2026-04-04,0.005355544495529739,-0.0025447605601584657,0.001616967436812898,66931.1015625,67290.515625,66760.99446770707,ensemble
BTC,phase0,xgb,phase0_xgb,2026-04-04,2026-04-05,0.024824828794848448,0.006997987488284707,0.003600049897859782,67290.515625,68981.8984375,67763.06533142351,ensemble
BTC,phase0,xgb,phase0_xgb,2026-04-05,2026-04-06,-0.0017711667933321205,-0.0026404597418149935,0.004504022282500334,68981.8984375,68859.828125,68799.99477210094,ensemble
BTC,phase0,xgb,phase0_xgb,2026-04-06,2026-04-07,0.043769250088650125,0.0028434090665541588,0.0019099975419144652,68859.828125,71940.703125,69055.9034136334,ensemble
BTC,phase0,xgb,phase0_xgb,2026-04-07,2026-04-08,-0.011426386592901714,0.003967705764807761,0.0022677622429450065,71940.703125,71123.359375,72226.70968724701,ensemble
BTC,phase0,xgb,phase0_xgb,2026-04-08,2026-04-09,0.00902047398791368,0.004076031490694731,0.002858862165339591,71123.359375,71767.828125,71413.8520540024,ensemble
BTC,phase0,xgb,phase0_xgb,2026-04-09,2026-04-10,0.01673607145352826,0.013362386263906956,0.0017735644218902877,71767.828125,72979.046875,72733.25339344933,ensemble
BTC,phase0,xgb,phase0_xgb,2026-04-10,2026-04-11,0.0010302658186926742,-0.00040932847768999637,0.0022048789372680466,72979.046875,73054.2734375,72949.18058581774,ensemble
BTC,phase0,xgb,phase0_xgb,2026-04-11,2026-04-12,-0.03200195641601119,-0.00502964723855257,0.0012107476302664919,73054.2734375,70753.40625,72687.75870539971,ensemble
BTC,phase0,xgb,phase0_xgb,2026-04-12,2026-04-13,0.05139225778223328,0.0034413420740747823,0.0019367551163554189,70753.40625,74484.640625,70997.31236528895,ensemble
BTC,phase0,xgb,phase0_xgb,2026-04-13,2026-04-14,-0.004076670658997154,-0.012102265655994416,0.002597472908030693,74484.640625,74181.609375,73588.64046883996,ensemble
BTC,phase0,xgb,phase0_xgb,2026-04-14,2026-04-15,0.00836950468372944,0.0014732968935277312,0.002274938527585845,74181.609375,74805.078125,74290.98145864099,ensemble
BTC,phase0,xgb,phase0_xgb,2026-04-15,2026-04-16,0.004628724487070657,0.007540333829820156,0.002417884401120385,74805.078125,75152.1328125,75371.26532385069,ensemble
BTC,phase0,xgb,phase0_xgb,2026-04-16,2026-04-17,0.025937296578403095,0.007357502914965152,0.0009295356607765563,75152.1328125,77126.875,75707.10394608857,ensemble
BTC,phase0,xgb,phase0_xgb,2026-04-17,2026-04-18,-0.018327445076503752,-0.008713679295033217,0.0020044811637418723,77126.875,75726.2109375,76457.73571267212,ensemble
BTC,phase0,xgb,phase0_xgb,2026-04-18,2026-04-19,-0.025002336494923415,-0.0005799362930702046,0.0014330187759192179,75726.2109375,73856.3515625,75682.30729133006,ensemble
BTC,phase0,xgb,phase0_xgb,2026-04-19,2026-04-20,0.02693259727225901,-0.008817520178854465,0.0020909392360770242,73856.3515625,75872.5234375,73207.98438838289,ensemble
BTC,phase0,xgb,phase0_xgb,2026-04-20,2026-04-21,0.006309747501944813,-0.009907547570765018,0.0027435475435571366,75872.5234375,76352.7734375,75124.52433914528,ensemble
BTC,phase0,xgb,phase0_xgb,2026-04-21,2026-04-22,0.02394495237334366,0.004785554204136133,0.0020141288908045144,76352.7734375,78203.1015625,76719.03946738678,ensemble
BTC,phase0,xgb,phase0_xgb,2026-04-22,2026-04-23,0.0008417038623198857,-0.018919824063777922,0.005306155788895712,78203.1015625,78268.953125,76737.42156448592,ensemble
BTC,phase0,xgb,phase0_xgb,2026-04-23,2026-04-24,-0.010449855400701123,0.0017045512446202337,0.001096958238174615,78268.953125,77455.3125,78402.48033612107,ensemble
BTC,phase0,xgb,phase0_xgb,2026-04-24,2026-04-25,0.0020210985800430967,0.005999970994889736,0.0006889575765149656,77455.3125,77612.015625,77921.43910308389,ensemble
BTC,phase0,xgb,phase0_xgb,2026-04-25,2026-04-26,0.01338122502813899,0.0014558060967829079,0.0012869312694697213,77612.015625,78657.5390625,77725.08595479839,ensemble
BTC,phase0,xgb,phase0_xgb,2026-04-26,2026-04-27,-0.016547994707933746,0.004612453514710069,0.001523411401063956,78657.5390625,77366.625,79021.18130177069,ensemble
BTC,phase0,xgb,phase0_xgb,2026-04-27,2026-04-28,-0.013218654490737211,-0.0003253336457419209,0.0008616070256748888,77366.625,76350.671875,77341.45912770445,ensemble
BTC,phase0,xgb,phase0_xgb,2026-04-28,2026-04-29,-0.0075534590417408835,-0.004583186469972134,0.001225683070748923,76350.671875,75776.1328125,76001.54318078091,ensemble
BTC,phase0,xgb,phase0_xgb,2026-04-29,2026-04-30,0.006946186875134918,0.003363695042207837,0.0013918437607517093,75776.1328125,76304.3203125,76031.44977823424,ensemble
BTC,phase0,xgb,phase0_xgb,2026-04-30,2026-05-01,0.02427150989403538,-0.0007701590657234192,0.001802596132217066,76304.3203125,78179.0,76245.5764724116,ensemble
BTC,phase0,xgb,phase0_xgb,2026-05-01,2026-05-02,0.006098736514783506,0.004056944325566292,0.0007440346178967667,78179.0,78657.25,78496.81208750067,ensemble
BTC,phase0,xgb,phase0_xgb,2026-05-02,2026-05-03,-0.0015143369624661424,0.0030799330212175845,0.0016161043168105862,78657.25,78538.2265625,78899.88251578114,ensemble
BTC,phase0,xgb,phase0_xgb,2026-05-03,2026-05-04,0.01628767686490818,0.001698027730162721,0.001398795890423777,78538.2265625,79827.90625,78671.69993775684,ensemble
BTC,phase0,xgb,phase0_xgb,2026-05-04,2026-05-05,0.013675043806522565,0.010677167400717735,0.001965387496950364,79827.90625,80927.0546875,80684.80867289423,ensemble
BTC,phase0,xgb,phase0_xgb,2026-05-05,2026-05-06,0.006165248057273942,-0.007568933442234993,0.002099220041525653,80927.0546875,81427.53125,80316.83546445849,ensemble
BTC,phase0,xgb,phase0_xgb,2026-05-06,2026-05-07,-0.017561908350902416,0.0026198613515589384,0.0015854932415086205,81427.53125,80009.9921875,81641.1397822655,ensemble
BTC,phase0,xgb,phase0_xgb,2026-05-07,2026-05-08,0.0022069548930199264,0.00040611341537442056,0.0003741566411585042,80009.9921875,80186.765625,80042.49191753285,ensemble
BTC,phase0,xgb,phase0_xgb,2026-05-08,2026-05-09,0.005938447031188693,0.0019904682179912926,0.0005312297660734963,80186.765625,80664.3671875,80346.53378745525,ensemble
BTC,phase0,xgb,phase0_xgb,2026-05-09,2026-05-10,0.018115146956791082,0.0019301598775200545,0.0018016907862624283,80664.3671875,82138.9296875,80820.21266755347,ensemble
BTC,phase0,xgb,phase0_xgb,2026-05-10,2026-05-11,-0.005011785219488408,0.006853311602026224,0.0019624760918403954,82138.9296875,81728.296875,82703.78672711382,ensemble
BTC,phase0,xgb,phase0_xgb,2026-05-11,2026-05-12,-0.015422747705667463,-0.001037135320075322,0.0016420409501424072,81728.296875,80477.4921875,81643.57751197722,ensemble
BTC,phase0,xgb,phase0_xgb,2026-05-12,2026-05-13,-0.015028018231235505,0.0006114049814641475,0.0043035600322003315,80477.4921875,79277.1171875,80526.71157207437,ensemble
BTC,phase0,xgb,phase0_xgb,2026-05-13,2026-05-14,0.022132143698821827,-0.0036635058233514426,0.002537799399164235,79277.1171875,81051.25,78987.2163579502,ensemble
BTC,phase0,xgb,phase0_xgb,2026-05-14,2026-05-15,-0.02480277513696735,0.00024956756824394687,0.002479309903624453,81051.25,79065.6796875,81071.48028767249,ensemble
BTC,phase0,xgb,phase0_xgb,2026-05-15,2026-05-16,-0.011886390842574117,-0.0011567925452254713,0.0007167797964714212,79065.6796875,78131.4375,78974.26997988195,ensemble
BTC,phase0,xgb,phase0_xgb,2026-05-16,2026-05-17,-0.009026576797854137,0.0007489472685847431,0.0022419579668802995,78131.4375,77429.3515625,78189.97574499929,ensemble
BTC,phase0,xgb,phase0_xgb,2026-05-17,2026-05-18,-0.006155853649121142,0.001470512372907251,0.0020230637649726125,77429.3515625,76954.171875,77543.29613992143,ensemble
BTC,phase0,xgb,phase0_xgb,2026-05-18,2026-05-19,-0.002644879999712329,0.0004929119761982292,0.0031565758472460754,76954.171875,76750.90625,76992.11285794986,ensemble
BTC,phase0,xgb,phase0_xgb,2026-05-19,2026-05-20,0.009167734783614812,0.004063896834850311,0.0009870669331363212,76750.90625,77457.7734375,77063.44865488318,ensemble
BTC,phase0,xgb,phase0_xgb,2026-05-20,2026-05-21,0.0010503232153248991,-0.009566959179937839,0.0010096195258178804,77457.7734375,77539.171875,76720.27153125554,ensemble
BTC,phase0,xgb,phase0_xgb,2026-05-21,2026-05-22,-0.026806340702622146,0.0015093217662069947,0.0019190677671104958,77539.171875,75488.2421875,77656.29179843568,ensemble
BTC,phase0,xgb,phase0_xgb,2026-05-22,2026-05-23,0.015577503022418466,0.00020894274348393083,0.0009784869032189727,75488.2421875,76673.3671875,75504.01655583594,ensemble
BTC,phase0,xgb,phase0_xgb,2026-05-23,2026-05-24,0.004005847400396048,0.0009115084656514227,0.0004543127780401663,76673.3671875,76981.125,76743.28747240613,ensemble
BTC,phase0,xgb,phase0_xgb,2026-05-24,2026-05-25,0.003874018128693613,-0.001590160292107612,0.002089058341138871,76981.125,77279.9296875,76858.8099478267,ensemble
BTC,phase0,xgb,phase0_xgb,2026-05-25,2026-05-26,-0.018996541405031864,-0.006357769249007106,0.002254017197685769,77279.9296875,75825.734375,76790.1602971077,ensemble
BTC,phase0,xgb,phase0_xgb,2026-05-26,2026-05-27,-0.019725310724108713,-0.002461750328075141,0.0021921886006885435,75825.734375,74344.703125,75639.29992021865,ensemble
BTC,phase0,xgb,phase0_xgb,2026-05-27,2026-05-28,-0.010929802661887332,0.0012970276176929474,0.003215610332544597,74344.703125,73536.5546875,74441.19281955475,ensemble
BTC,phase0,xgb,phase0_xgb,2026-05-28,2026-05-29,-0.0022330998228095003,-0.002290195856403443,0.001668155187767944,73536.5546875,73372.5234375,73368.3342770303,ensemble
BTC,phase0,xgb,phase0_xgb,2026-05-29,2026-05-30,0.005197039654902875,0.0005994576844386756,0.0007532953918489249,73372.5234375,73754.8359375,73416.52034632629,ensemble
BTC,phase0,xgb,phase0_xgb,2026-05-30,2026-05-31,-0.002377562514476544,-0.0011127574602141977,0.0011877695785987342,73754.8359375,73579.6875,73672.81033934568,ensemble
BTC,phase0,xgb,phase0_xgb,2026-05-31,2026-06-01,-0.031195386303294676,0.0013698047026991845,0.0017135844260079958,73579.6875,71319.7734375,73680.54636466353,ensemble
BTC,phase0,xgb,phase0_xgb,2026-06-01,2026-06-02,-0.06691384852525814,-0.003550347953569144,0.0017620587169910695,71319.7734375,66703.65625,71067.01238617157,ensemble
BTC,phase0,xgb,phase0_xgb,2026-06-02,2026-06-03,-0.041152222290191665,0.002878501906525344,0.002514402812795835,66703.65625,64014.3671875,66895.93946271713,ensemble
BTC,phase0,xgb,phase0_xgb,2026-06-03,2026-06-04,-0.003329681149437111,0.006349363457411527,0.0035258982152829347,64014.3671875,63801.57421875,64422.11075750358,ensemble
BTC,phase0,xgb,phase0_xgb,2026-06-04,2026-06-05,-0.046172542625212365,0.004379103321116418,0.003899471430627755,63801.57421875,60922.66796875,64081.58054515803,ensemble
BTC,phase0,xgb,phase0_xgb,2026-06-05,2026-06-06,-0.0009073630482773938,0.004831932159140706,0.0018599912341935184,60922.66796875,60867.4140625,61217.75451227934,ensemble
BTC,phase0,xgb,phase0_xgb,2026-06-06,2026-06-07,0.0382314561194156,0.005894466326572001,0.004590473994109633,60867.4140625,63239.51953125,61227.2544768001,ensemble
BTC,phase0,xgb,phase0_xgb,2026-06-07,2026-06-08,-0.0023577871851843952,0.0031195580726489426,0.00428883159479705,63239.51953125,63090.58984375,63437.106917339355,ensemble
BTC,phase0,xgb,phase0_xgb,2026-06-08,2026-06-09,-0.023199274916972237,-0.013458477705717087,0.0010837955272758816,63090.58984375,61643.78125,62247.17481870522,ensemble
BTC,phase0,xgb,phase0_xgb,2026-06-09,2026-06-10,-0.00316008608540611,0.005967231490649283,0.004010111065143668,61643.78125,61449.2890625,62012.72365026237,ensemble
BTC,phase0,xgb,phase0_xgb,2026-06-10,2026-06-11,0.03378866852406486,0.002279705193359405,0.0023276578521305522,61449.2890625,63561.0546875,61589.53512500366,ensemble
BTC,phase0,xgb,phase0_xgb,2026-06-11,2026-06-12,-0.0002809578486747506,-0.0035458202473819256,0.0038555066130213068,63561.0546875,63543.19921875,63336.07771251726,ensemble
BTC,phase0,xgb,phase0_xgb,2026-06-12,2026-06-13,0.01372472245570358,-0.0005993798258714378,0.003587146506270775,63543.19921875,64421.32421875,63505.12411893019,ensemble
BTC,phase0,xgb,phase0_xgb,2026-06-13,2026-06-14,0.019812484755317328,0.0009297218512983818,0.0020608166270828284,64421.32421875,65710.3984375,64481.24598253605,ensemble
BTC,phase0,xgb,phase0_xgb,2026-06-14,2026-06-15,0.0087743291428838,-0.0010049515403807163,0.0041271183819991016,65710.3984375,66289.5,65644.39584163122,ensemble
BTC,phase0,xgb,phase0_xgb,2026-06-15,2026-06-16,-0.010446052081715382,0.008148552570492028,0.0030907509096417696,66289.5,65600.640625,66831.87024076872,ensemble
BTC,phase0,xgb,phase0_xgb,2026-06-16,2026-06-17,-0.01818545153086442,0.00230080529481711,0.001984506445900746,65600.640625,64418.4453125,65751.74869475677,ensemble
BTC,phase0,xgb,phase0_xgb,2026-06-17,2026-06-18,-0.023909926459543353,-0.004061572498176247,0.0024950083685700815,64418.4453125,62896.47265625,64157.335743312695,ensemble
BTC,phase0,xgb,phase0_xgb,2026-06-18,2026-06-19,0.0101927013006599,0.004832202242687345,0.0020991164409734186,62896.47265625,63540.8359375,63201.13663863649,ensemble
BTC,phase0,xgb,phase0_xgb,2026-06-19,2026-06-20,0.01093823779640829,0.0028224372188560666,0.0015462090173366707,63540.8359375,64239.67578125,63720.42928401766,ensemble
BTC,phase0,xgb,phase0_xgb,2026-06-20,2026-06-21,-0.01572292530514671,0.004796909773722291,0.0022787888791020523,64239.67578125,63237.5390625,64548.56798156378,ensemble
BTC,phase0,xgb,phase0_xgb,2026-06-21,2026-06-22,0.011236353824842346,0.004237682372331619,0.0021276343361391016,63237.5390625,63952.10546875,63506.08827831106,ensemble
BTC,phase0,xgb,phase0_xgb,2026-06-22,2026-06-23,-0.02028318896027214,0.013380486704409122,0.003987012013190464,63952.10546875,62668.01953125,64813.56629549057,ensemble
BTC,phase0,xgb,phase0_xgb,2026-06-23,2026-06-24,-0.027057191162537193,-0.001791182183660567,0.0032786750152350645,62668.01953125,60995.1328125,62555.87016114154,ensemble
BTC,phase0,xgb,phase0_xgb,2026-06-24,2026-06-25,-0.021099038116469408,0.0025070572970435022,0.0022341012000448293,60995.1328125,59721.67578125,61148.24295305356,ensemble
BTC,phase0,xgb,phase0_xgb,2026-06-25,2026-06-26,0.004923319948585001,0.004331642179749906,0.0027794933480747223,59721.67578125,60016.4296875,59980.92980357076,ensemble
BTC,phase0,xgb,phase0_xgb,2026-06-26,2026-06-27,-0.0012726617424323222,0.001694701670203358,0.0016383905279600914,60016.4296875,59940.09765625,60118.22586384275,ensemble
BTC,phase0,xgb,phase0_xgb,2026-06-27,2026-06-28,-0.006825999440473744,-0.0013769494726147968,0.001467407142402171,59940.09765625,59532.33984375,59857.61996723035,ensemble
BTC,phase0,xgb,phase0_xgb,2026-06-28,2026-06-29,0.010128530183576383,0.0032133455853909252,0.002201481183920702,59532.33984375,60138.37890625,59723.94550791234,ensemble
BTC,phase0,xgb,phase0_xgb,2026-06-29,2026-06-30,-0.026615830286262104,0.0002524105249904096,0.0014802520258074007,60138.37890625,58558.859375,60153.560381943316,ensemble
BTC,phase0,xgb,phase0_xgb,2026-06-30,2026-07-01,0.024374798891813786,-0.004261517059057951,0.0026455707031954627,58558.859375,60003.7578125,58309.84077218541,ensemble
BTC,phase0,xgb,phase0_xgb,2026-07-01,2026-07-02,0.024390944088390595,-0.003347058279905468,0.0021276190066523656,60003.7578125,61485.30078125,59803.257468436976,ensemble
BTC,phase0,xgb,phase0_xgb,2026-07-02,2026-07-03,0.01707535974546987,0.007968655694276095,0.0021310681672577158,61485.30078125,62544.19921875,61977.21331121347,ensemble
BTC,phase0,xgb,phase0_xgb,2026-07-03,2026-07-04,0.00866191238397133,-0.0035035253618843853,0.0023043225787548263,62544.19921875,63088.3046875,62325.45743798558,ensemble
BTC,phase0,xgb,phase0_xgb,2026-07-04,2026-07-05,0.007258275090508953,0.0031080937245860697,0.0011399869086559968,63088.3046875,63547.8828125,63284.6940916338,ensemble
BTC,phase0,xgb,phase0_xgb,2026-07-05,2026-07-06,0.007011517689840301,-0.003455423517152667,0.0010072799274651607,63547.8828125,63995.015625,63328.67690649473,ensemble
BTC,phase0,xgb,phase0_xgb,2026-07-06,2026-07-07,-0.01096103180817717,0.006908913562074304,0.0027417988441895903,63995.015625,63297.39453125,64438.682519671755,ensemble
BTC,phase0,xgb,phase0_xgb,2026-07-07,2026-07-08,-0.016563965519348627,-0.00042741132201626895,0.00191327818813882,63297.39453125,62257.57421875,63270.34628894748,ensemble
BTC,phase0,xgb,phase0_xgb,2026-07-08,2026-07-09,0.014915682336986301,-0.008719834871590138,0.0018072423306297288,62257.57421875,63193.1484375,61717.0584809084,ensemble
BTC,phase0,xgb,phase0_xgb,2026-07-09,2026-07-10,0.01467180052315595,-0.0021741907461546362,0.0015914077020338282,63193.1484375,64127.140625,63055.9037310963,ensemble
BTC,phase0,xgb,phase0_xgb,2026-07-10,2026-07-11,-0.005082718606355573,-0.0015575737576000392,0.0006407261218955882,64127.140625,63802.02734375,64027.33562061797,ensemble
BTC,phase0,xgb,phase0_xgb,2026-07-11,2026-07-12,-0.0006868690961942699,-0.001587683439720422,0.001414967891783683,63802.02734375,63758.21875,63700.81029309512,ensemble
BTC,phase0,xgb,phase0_xgb,2026-07-12,2026-07-13,-0.024114338771437895,0.004901699628680945,0.0027521734803155205,63758.21875,62239.12109375,64071.50958868863,ensemble
BTC,phase0,xgb,phase0_xgb,2026-07-13,2026-07-14,0.04272810304426096,0.009083223808556796,0.0030603589435080026,62239.12109375,64956.11328125,62807.02826969224,ensemble
BTC,phase0,xgb,phase0_xgb,2026-07-14,2026-07-15,-0.0037594109647903352,-0.002396397211123258,0.001354112898452883,64956.11328125,64712.375,64800.63899601294,ensemble
BTC,phase0,xgb,phase0_xgb,2026-07-15,2026-07-16,-0.014367279855176223,-0.0037412750069051983,0.0009959466615637527,64712.375,63789.28125,64470.72053854602,ensemble
BTC,phase0,xgb,phase0_xgb,2026-07-16,2026-07-17,0.0017257545646935989,-0.0005183919573028106,0.0005880341297731304,63789.28125,63899.4609375,63756.22196921085,ensemble
BTC,phase0,xgb,phase0_xgb,2026-07-17,2026-07-18,0.01394223164475083,-0.0030536961276084185,0.0013639306020781857,63899.4609375,64796.6015625,63704.62903119937,ensemble
BTC,phase0,xgb,phase0_xgb,2026-07-18,2026-07-19,-0.0016340878484766735,0.004409737745299935,0.0015501118265684208,64796.6015625,64690.8046875,65082.96851971501,ensemble
BTC,phase0,xgb,phase0_xgb,2026-07-19,2026-07-20,0.008300835886390828,0.00633593243546784,0.0021795968697951784,64690.8046875,65230.02734375,65101.9824770155,ensemble
BTC,phase0,xgb,phase0_xgb,2026-07-20,2026-07-21,0.019359107363714313,0.009332510642707348,0.0009296656881120776,65230.02734375,66505.125,65841.63675478632,ensemble
BTC,phase0,xgb,phase0_xgb,2026-07-21,2026-07-22,-0.006098209978869257,0.0018065236508846283,0.0022702698885368328,66505.125,66100.796875,66625.3766672543,ensemble
BTC,phase0,xgb,phase0_xgb,2026-07-22,2026-07-23,-0.016104346952909084,0.007972152484580875,0.0035842104931286295,66100.796875,65044.8125,66629.86862527125,ensemble
BTC,phase0,xgb,phase0_xgb,2026-07-23,2026-07-24,-0.014655553654227636,-0.0035333560779690744,0.0019506715582821548,65044.8125,64098.49609375,64815.39156802074,ensemble
BTC,phase0,xgb,phase0_xgb,2026-07-24,2026-07-25,0.0033224217714330475,-0.0014460028847679495,0.0007405181015174096,64098.49609375,64311.8125,64005.876463753615,ensemble
BTC,phase0,xgb,phase0_xgb,2026-07-25,2026-07-26,0.015865685940396487,-0.0012876969296485186,0.002593609287617936,64311.8125,65340.30078125,64229.05167337071,ensemble
BTC,phase0,xgb,phase0_xgb,2026-07-26,2026-07-27,-0.02503365298859531,0.005463548051193356,0.0021973583637459227,65340.30078125,63724.8984375,65698.26764838466,ensemble
BTC,phase0,xgb,phase0_xgb,2026-07-27,2026-07-28,0.0022957554728576246,0.003129408764652908,0.0009402006089226667,63724.8984375,63871.36328125,63924.6320542598,ensemble
BTC,phase0,xgb,phase0_xgb,2026-07-28,2026-07-29,0.0005760654802496461,0.002504310046788305,0.001430508855352611,63871.36328125,63908.16796875,64031.517432140376,ensemble
BTC,phase0,xgb,phase0_xgb,2026-07-29,2026-07-30,0.01270511594195683,0.0006408717366866767,0.0017681353552474698,63908.16796875,64725.30859375,63949.13803422084,ensemble
BTC,phase0,xgb,phase0_xgb,2026-07-30,2026-07-31,-0.02997835702863742,0.0003485308960080147,0.001647440968591455,64725.30859375,62813.74609375,64747.87129521945,ensemble
BTC,phase0,xgb,phase0_xgb,2026-07-31,2026-08-01,-0.0008031049841085494,0.001076632976764813,0.0008239759693878421,62813.74609375,62763.3203125,62881.40986217489,ensemble
BTC,phase0,xgb,phase0_xgb,2026-08-01,2026-08-02,0.011385569767075112,0.006025818735361099,0.0015631366355396284,62763.3203125,63482.0,63142.66247966052,ensemble
BTC,phase0,xgb,phase0_xgb,2026-08-02,2026-08-03,-0.0003324575530272348,0.008670616243034602,0.0016557205342729662,63482.0,63460.8984375,64034.82124738215,ensemble
BTC,phase0,xgb,phase0_xgb,2026-08-03,2026-08-04,0.00933302539348361,0.006644789502024651,0.002247864564252691,63460.8984375,64055.953125,63883.986859252735,ensemble
BTC,phase0,xgb,phase0_xgb,2026-08-04,2026-08-05,0.008418741360802475,-0.0023859199020080267,0.0016770057520526347,64055.953125,64597.5,63903.30292958149,ensemble
BTC,phase0,xgb,phase0_xgb,2026-08-05,2026-08-06,-0.005205470783879128,-0.010707629658281804,0.0018441885419796227,64597.5,64262.11328125,63909.50387043819,ensemble
BTC,phase0,xgb,phase0_xgb,2026-08-06,2026-08-07,0.00957212039536744,-0.0006758235394954681,0.0019919557704315056,64262.11328125,64880.19140625,64218.69810454844,ensemble
BTC,phase0,xgb,phase0_xgb,2026-08-07,2026-08-08,0.00037748764335751974,0.0022293300367891788,0.001466348922766034,64880.19140625,64904.6875,65024.99211005319,ensemble
BTC,phase0,xgb,phase0_xgb,2026-08-08,2026-08-09,-0.0009217877722439945,0.0070836590602993965,0.0020367014354626995,64904.6875,64844.88671875,65366.082430525305,ensemble
BTC,phase0,xgb,phase0_xgb,2026-08-09,2026-08-10,-0.014513048045569134,0.0007038196665234864,0.0012989519712312849,64844.88671875,63910.5859375,64890.54188991516,ensemble
BTC,phase0,xgb,phase0_xgb,2026-08-10,2026-08-11,-0.00562851025881392,0.005514149554073811,0.0028864637093615033,63910.5859375,63551.875,64263.97188250733,ensemble
BTC,phase0,xgb,phase0_xgb,2026-08-11,2026-08-12,-0.0023542560615523694,0.0073257206939160826,0.00194039178008927,63551.875,63402.43359375,64019.14775092835,ensemble
BTC,phase0,xgb,phase0_xgb,2026-08-12,2026-08-13,-4.127906065128786e-06,-0.0011392167314625112,0.00149299245669148,63402.43359375,63402.171875,63330.24560727278,ensemble
BTC,phase0,xgb,phase0_xgb,2026-08-13,2026-08-14,-0.006750867021094253,0.005719667579978704,0.0013458792538582124,63402.171875,62975.59375,63765.85029032899,ensemble
BTC,phase0,xgb,phase0_xgb,2026-08-14,2026-08-15,0.0007734380660748331,0.0011277010664343834,0.0007814310056697561,62975.59375,63024.3203125,63046.651452624326,ensemble
BTC,phase0,xgb,phase0_xgb,2026-08-15,2026-08-16,-0.0032686473868631834,0.005569189647212624,0.0014402565083193885,63024.3203125,62818.65234375,63376.29389880325,ensemble
BTC,phase0,xgb,phase0_xgb,2026-08-16,2026-08-17,0.026510137670231988,-0.0008553298670449294,0.0013737042503341559,62818.65234375,64506.25390625,62764.94464636604,ensemble
BTC,phase0,xgb,phase0_xgb,2026-08-17,2026-08-18,0.002700847372800676,-0.001228499482385814,0.002386427866412839,64506.25390625,64680.7109375,64427.056663561794,ensemble
BTC,phase0,xgb,phase0_xgb,2026-08-18,2026-08-19,0.0684938460027011,-0.0012119186576455832,0.0010331138866940704,64680.7109375,69266.1875,64602.370657736916,ensemble
BTC,phase0,xgb,phase0_xgb,2026-08-19,2026-08-20,0.05295120538976306,-0.0013264082735986449,0.000877195391139034,69266.1875,73032.7578125,69174.37316093006,ensemble
BTC,phase0,xgb,phase0_xgb,2026-08-20,2026-08-21,0.07008881775516321,0.01576650030910969,0.003119376997355079,73032.7578125,78335.1875,74193.35403961659,ensemble
BTC,phase0,xgb,phase0_xgb,2026-08-21,2026-08-22,-0.016108760387506423,0.008633290231227875,0.0019867138825291663,78335.1875,77083.4140625,79014.4056339306,ensemble
BTC,phase0,xgb,phase0_xgb,2026-08-22,2026-08-23,0.008678138825315892,0.0025872913771308958,0.0024620152161196614,77083.4140625,77755.265625,77283.10953881762,ensemble
BTC,phase0,xgb,phase0_xgb,2026-08-23,2026-08-24,0.0154319126625293,0.0035213671391829847,0.0020391065332391756,77755.265625,78964.484375,78029.55311231162,ensemble
BTC,phase0,xgb,phase0_xgb,2026-08-24,2026-08-25,-0.005072177186830813,0.0013507507392205298,0.0015775308659999286,78964.484375,78564.9765625,79071.21777952605,ensemble
BTC,phase0,xgb,phase0_xgb,2026-08-25,2026-08-26,0.005868895257053803,0.009420632105320691,0.0017693344175986302,78564.9765625,79027.421875,79308.60553088244,ensemble
BTC,phase0,xgb,phase0_xgb,2026-08-26,2026-08-27,0.015445797722405792,0.0011659573632641696,0.0034388560344484525,79027.421875,80257.5390625,79119.61821749239,ensemble
BTC,phase0,xgb,phase0_xgb,2026-08-27,2026-08-28,-0.030710027313092664,0.00316093263681978,0.0013107071556577128,80257.5390625,77830.2890625,80511.62910626794,ensemble
BTC,phase0,xgb,phase0_xgb,2026-08-28,2026-08-29,0.005324638622765287,0.002353786944877356,0.00203938660639942,77830.2890625,78245.8125,78013.70075215182,ensemble
BTC,phase0,xgb,phase0_xgb,2026-08-29,2026-08-30,-0.007417513856522034,0.005184872122481465,0.0018666880129700064,78245.8125,77667.5703125,78652.5605891327,ensemble
BTC,phase0,xgb,phase0_xgb,2026-08-30,2026-08-31,0.01128015948027171,-0.0009044779697433114,0.002522784352749424,77667.5703125,78548.6328125,77597.35346577126,ensemble
ETH,phase0,lstm,phase0_lstm,2025-10-31,2025-11-01,0.007021586687225155,-0.0025808196747675537,0.0038986567355326672,3847.080322265625,3874.18798828125,3837.1645026544825,ensemble
ETH,phase0,lstm,phase0_lstm,2025-11-01,2025-11-02,0.009473174047530416,-0.0026106420205906033,0.003415474681116985,3874.18798828125,3911.063232421875,3864.0870610128272,ensemble
ETH,phase0,lstm,phase0_lstm,2025-11-02,2025-11-03,-0.08223448305523949,-0.0036262515466660263,0.00177852249542678,3911.063232421875,3602.30810546875,3896.906416926393,ensemble
ETH,phase0,lstm,phase0_lstm,2025-11-03,2025-11-04,-0.08990501013567212,-0.0037915697786957024,0.0022693874874428373,3602.30810546875,3292.574462890625,3588.675563621125,ensemble
ETH,phase0,lstm,phase0_lstm,2025-11-04,2025-11-05,0.039481668810072805,-0.0029053470119833947,0.0029167781228460767,3292.574462890625,3425.171142578125,3283.022274443415,ensemble
ETH,phase0,lstm,phase0_lstm,2025-11-05,2025-11-06,-0.03352136366985419,-0.003044447163119912,0.005153135505702615,3425.171142578125,3312.2578125,3414.7592472844713,ensemble
ETH,phase0,lstm,phase0_lstm,2025-11-06,2025-11-07,0.03647448115981518,-0.00456355968490243,0.008393488565022438,3312.2578125,3435.301025390625,3297.1765645420546,ensemble
ETH,phase0,lstm,phase0_lstm,2025-11-07,2025-11-08,-0.010218549741346181,-0.005434216838330031,0.011143022273084079,3435.301025390625,3400.3759765625,3416.6834864013904,ensemble
ETH,phase0,lstm,phase0_lstm,2025-11-08,2025-11-09,0.05220874290983875,-0.00503233396448195,0.011826732616292527,3400.3759765625,3582.621337890625,3383.307133125399,ensemble
ETH,phase0,lstm,phase0_lstm,2025-11-09,2025-11-10,-0.003960630532174714,-0.004110846016556024,0.011601884604817295,3582.621337890625,3568.4599609375,3567.9239632545564,ensemble
ETH,phase0,lstm,phase0_lstm,2025-11-10,2025-11-11,-0.04387398640993172,-0.0026754859602078794,0.00905794449998156,3568.4599609375,3415.2822265625,3558.9253569495704,ensemble
ETH,phase0,lstm,phase0_lstm,2025-11-11,2025-11-12,-0.0006408517068140884,-0.002504871669225395,0.006142855588967286,3415.2822265625,3413.09423828125,3406.738088323113,ensemble
ETH,phase0,lstm,phase0_lstm,2025-11-12,2025-11-13,-0.054283922809847215,-0.0025634119287133218,0.004309709868548315,3413.09423828125,3232.757080078125,3404.3562760801074,ensemble
ETH,phase0,lstm,phase0_lstm,2025-11-13,2025-11-14,-0.04071281618360177,-0.0032501219830010086,0.002830011826240871,3232.757080078125,3103.78564453125,3222.267281023613,ensemble
ETH,phase0,lstm,phase0_lstm,2025-11-14,2025-11-15,0.020045814386644864,-0.0035961098328698426,0.0027905007304291785,3103.78564453125,3166.63134765625,3092.644135507743,ensemble
ETH,phase0,lstm,phase0_lstm,2025-11-15,2025-11-16,-0.023576197316441422,-0.004149604123085737,0.002243921130885847,3166.63134765625,3092.847412109375,3153.5183069399836,ensemble
ETH,phase0,lstm,phase0_lstm,2025-11-16,2025-11-17,-0.022333536068642135,-0.00477611836977303,0.001426028604989657,3092.847412109375,3024.538818359375,3078.1108266212104,ensemble
ETH,phase0,lstm,phase0_lstm,2025-11-17,2025-11-18,0.032028732106195945,-0.0044735187198966745,0.0019445213769943048,3024.538818359375,3122.97900390625,3011.0387063523776,ensemble
ETH,phase0,lstm,phase0_lstm,2025-11-18,2025-11-19,-0.03251421900082368,-0.004737278120592237,0.002246150081255394,3122.97900390625,3023.07080078125,3108.219571171208,ensemble
ETH,phase0,lstm,phase0_lstm,2025-11-19,2025-11-20,-0.06536849882670856,-0.005400124844163657,0.0025976889060979696,3023.07080078125,2831.777587890625,3006.78984021864,ensemble
ETH,phase0,lstm,phase0_lstm,2025-11-20,2025-11-21,-0.02361115238578957,-0.005819239339325577,0.004030278102928032,2831.777587890625,2765.69921875,2815.346650497041,ensemble
ETH,phase0,lstm,phase0_lstm,2025-11-21,2025-11-22,0.0006897153274086759,-0.0050518115051090716,0.005136369904742383,2765.69921875,2767.607421875,2751.762659691077,ensemble
ETH,phase0,lstm,phase0_lstm,2025-11-22,2025-11-23,0.012234618260287876,-0.004406984522938728,0.005410077782740665,2767.607421875,2801.676025390625,2755.4374549258123,ensemble
ETH,phase0,lstm,phase0_lstm,2025-11-23,2025-11-24,0.05250671846439223,-0.0037761477287858725,0.005458472198599432,2801.676025390625,2952.71337890625,2791.116432669278,ensemble
ETH,phase0,lstm,phase0_lstm,2025-11-24,2025-11-25,0.0017672851723719149,-0.004289333149790764,0.0044267314898138645,2952.71337890625,2957.936279296875,2940.0753313031696,ensemble
ETH,phase0,lstm,phase0_lstm,2025-11-25,2025-11-26,0.023348428095094007,-0.005076346592977643,0.00404079505785023,2957.936279296875,3027.81201171875,2942.958817101022,ensemble
ETH,phase0,lstm,phase0_lstm,2025-11-26,2025-11-27,-0.004392260426713515,-0.006015076325275004,0.0037287025720270754,3027.81201171875,3014.542236328125,3009.65415655965,ensemble
ETH,phase0,lstm,phase0_lstm,2025-11-27,2025-11-28,0.005874882913213043,-0.006632758490741253,0.0034729724885566083,3014.542236328125,3032.304443359375,2994.61366946051,ensemble
ETH,phase0,lstm,phase0_lstm,2025-11-28,2025-11-29,-0.013485997805236051,-0.007500363420695067,0.003400904560035418,3032.304443359375,2991.685302734375,3009.6461370190214,ensemble
ETH,phase0,lstm,phase0_lstm,2025-11-29,2025-11-30,0.00014280097860070945,-0.007132614031434059,0.002749110691083706,2991.685302734375,2992.112548828125,2970.4226853311884,ensemble
ETH,phase0,lstm,phase0_lstm,2025-11-30,2025-12-01,-0.0662927736435053,-0.006596899777650833,0.0024000291622519316,2992.112548828125,2800.18896484375,2972.438846290415,ensemble
ETH,phase0,lstm,phase0_lstm,2025-12-01,2025-12-02,0.06823838280892502,-0.005355499917641282,0.0021439034602057346,2800.18896484375,2997.939697265625,2785.232638123731,ensemble
ETH,phase0,lstm,phase0_lstm,2025-12-02,2025-12-03,0.06258823046337834,-0.003666751040145755,0.003394437790054885,2997.939697265625,3191.57177734375,2986.9671278963606,ensemble
ETH,phase0,lstm,phase0_lstm,2025-12-03,2025-12-04,-0.01810241754529839,-0.003964037785772234,0.0021432529294849434,3191.57177734375,3134.31640625,3178.945308655776,ensemble
ETH,phase0,lstm,phase0_lstm,2025-12-04,2025-12-05,-0.03568750802814642,-0.004146128287538886,0.0018475091400621513,3134.31640625,3024.432861328125,3121.3480311868984,ensemble
ETH,phase0,lstm,phase0_lstm,2025-12-05,2025-12-06,0.005202266348911221,-0.005066093243658543,0.0017030002471460017,3024.432861328125,3040.207763671875,3009.149548474999,ensemble
ETH,phase0,lstm,phase0_lstm,2025-12-06,2025-12-07,0.006914380156550823,-0.005441445717588067,0.0022674756326012133,3040.207763671875,3061.3017578125,3023.7095658878684,ensemble
ETH,phase0,lstm,phase0_lstm,2025-12-07,2025-12-08,0.020657404003744346,-0.005997808882966638,0.003247065058538233,3061.3017578125,3125.197998046875,3042.995608207719,ensemble
ETH,phase0,lstm,phase0_lstm,2025-12-08,2025-12-09,0.06080292642241868,-0.006363903824239969,0.003963626635848174,3125.197998046875,3321.114990234375,3105.3726886459253,ensemble
ETH,phase0,lstm,phase0_lstm,2025-12-09,2025-12-10,0.001286434597521452,-0.007200484443455934,0.004519225480236434,3321.114990234375,3325.39013671875,3297.287242027044,ensemble
ETH,phase0,lstm,phase0_lstm,2025-12-10,2025-12-11,-0.02692245348848621,-0.007546304329298437,0.00537964336502702,3325.39013671875,3237.056884765625,3300.3901780203705,ensemble
ETH,phase0,lstm,phase0_lstm,2025-12-11,2025-12-12,-0.048381125268667786,-0.0060175624676048756,0.005488396613529938,3237.056884765625,3084.172607421875,3217.6361839940278,ensemble
ETH,phase0,lstm,phase0_lstm,2025-12-12,2025-12-13,0.010489822947687412,-0.0052171545015880835,0.00565823593979366,3084.172607421875,3116.6953125,3068.1239031064283,ensemble
ETH,phase0,lstm,phase0_lstm,2025-12-13,2025-12-14,-0.01816399360114702,-0.006175772182177752,0.005320997566854314,3116.6953125,3060.5947265625,3097.506625755905,ensemble
ETH,phase0,lstm,phase0_lstm,2025-12-14,2025-12-15,-0.03200777016588088,-0.005644904216751456,0.004798381787666211,3060.5947265625,2964.18310546875,3043.3666336994443,ensemble
ETH,phase0,lstm,phase0_lstm,2025-12-15,2025-12-16,-7.412721688312701e-07,-0.0032183481729589404,0.0030433540955349227,2964.18310546875,2964.180908203125,2954.6586668876917,ensemble
ETH,phase0,lstm,phase0_lstm,2025-12-16,2025-12-17,-0.045828192848759323,-0.0009693486499600112,0.005674494698029826,2964.180908203125,2831.403564453125,2961.308975618389,ensemble
ETH,phase0,lstm,phase0_lstm,2025-12-17,2025-12-18,-0.0015320294953636582,0.0013178010354749858,0.006778022476827299,2831.403564453125,2827.069091796875,2835.1372505896106,ensemble
ETH,phase0,lstm,phase0_lstm,2025-12-18,2025-12-19,0.05200157806139122,0.0012290953658521176,0.004853654266670633,2827.069091796875,2977.970703125,2830.545965583573,ensemble
ETH,phase0,lstm,phase0_lstm,2025-12-19,2025-12-20,-0.0001303602133292682,-0.0013994049280881883,0.0014985786512941824,2977.970703125,2977.58251953125,2973.806230818498,ensemble
ETH,phase0,lstm,phase0_lstm,2025-12-20,2025-12-21,0.008038330984924418,-0.0038885824964381755,0.004586945335826481,2977.58251953125,3001.61376953125,2966.0264272349223,ensemble
ETH,phase0,lstm,phase0_lstm,2025-12-21,2025-12-22,0.0014847515809792915,-0.004541104738018475,0.005626975573490317,3001.61376953125,3006.07373046875,2988.0140293138275,ensemble
ETH,phase0,lstm,phase0_lstm,2025-12-22,2025-12-23,-0.014306326840175283,-0.004446367736090906,0.005162391058013059,3006.07373046875,2963.3740234375,2992.7372925469094,ensemble
ETH,phase0,lstm,phase0_lstm,2025-12-23,2025-12-24,-0.0060191597554604985,-0.0037189050868619233,0.003945735456158829,2963.3740234375,2945.590576171875,2952.3739834375965,ensemble
ETH,phase0,lstm,phase0_lstm,2025-12-24,2025-12-25,-0.014365015056822026,-0.0023696880030911415,0.002281369969448385,2945.590576171875,2903.57958984375,2938.6187093585722,ensemble
ETH,phase0,lstm,phase0_lstm,2025-12-25,2025-12-26,0.007605038907991378,-0.0010993107163812966,0.0010985119809054286,2903.57958984375,2925.74560546875,2900.3894075068574,ensemble
ETH,phase0,lstm,phase0_lstm,2025-12-26,2025-12-27,0.0075770385642638756,0.00019401178578846157,0.0010923262972827353,2925.74560546875,2947.998291015625,2926.313289665361,ensemble
ETH,phase0,lstm,phase0_lstm,2025-12-27,2025-12-28,0.00019327323098403297,0.0006547976168803871,0.0013405537270184842,2947.998291015625,2948.568115234375,2949.929265400869,ensemble
ETH,phase0,lstm,phase0_lstm,2025-12-28,2025-12-29,-0.00476952504017534,0.0008649598225019872,0.0017716920116787598,2948.568115234375,2934.538330078125,2951.119611499765,ensemble
ETH,phase0,lstm,phase0_lstm,2025-12-29,2025-12-30,0.012488715813386491,0.0019270545453764498,0.0026125933976573934,2934.538330078125,2971.416748046875,2940.1987977689823,ensemble
ETH,phase0,lstm,phase0_lstm,2025-12-30,2025-12-31,-0.0014748454494985343,0.003201685636304319,0.0037919527082126243,2971.416748046875,2967.03759765625,2980.945536321045,ensemble
ETH,phase0,lstm,phase0_lstm,2025-12-31,2026-01-01,0.01117969589667102,0.0036317892281658715,0.004108585757149156,2967.03759765625,3000.394287109375,2977.832844007011,ensemble
ETH,phase0,lstm,phase0_lstm,2026-01-01,2026-01-02,0.04050579142356504,0.003339991471148096,0.004501909509605173,3000.394287109375,3124.422607421875,3010.432332599912,ensemble
ETH,phase0,lstm,phase0_lstm,2026-01-02,2026-01-03,0.0004783333560596635,0.0030591616057790818,0.004762484525448398,3124.422607421875,3125.91748046875,3133.995355929555,ensemble
ETH,phase0,lstm,phase0_lstm,2026-01-03,2026-01-04,0.004721198192569982,0.0029221601755125446,0.005016417373050552,3125.91748046875,3140.71044921875,3135.065271187551,ensemble
ETH,phase0,lstm,phase0_lstm,2026-01-04,2026-01-05,0.02683435946003148,0.0030380794045413496,0.005181988039107993,3140.71044921875,3226.13037109375,3150.2666859027977,ensemble
ETH,phase0,lstm,phase0_lstm,2026-01-05,2026-01-06,0.021410072765534124,0.004091263850568794,0.005171431193058036,3226.13037109375,3295.94677734375,3239.3563587122158,ensemble
ETH,phase0,lstm,phase0_lstm,2026-01-06,2026-01-07,-0.039957957746070624,0.004905145859811455,0.004963932613802118,3295.94677734375,3166.843994140625,3312.153592934727,ensemble
ETH,phase0,lstm,phase0_lstm,2026-01-07,2026-01-08,-0.01992066167813984,0.005506274336948991,0.004796977958531242,3166.843994140625,3104.382568359375,3184.329602052833,ensemble
ETH,phase0,lstm,phase0_lstm,2026-01-08,2026-01-09,-0.006896412519137501,0.005619990942068398,0.0042299260605408616,3104.382568359375,3083.047119140625,3121.8782871155954,ensemble
ETH,phase0,lstm,phase0_lstm,2026-01-09,2026-01-10,-0.00021121695136130524,0.004964717873372137,0.0031767001867853235,3083.047119140625,3082.39599609375,3098.391637361236,ensemble
ETH,phase0,lstm,phase0_lstm,2026-01-10,2026-01-11,0.011768432191719677,0.0035281608812510966,0.0019790483842952616,3082.39599609375,3118.88525390625,3093.29039235801,ensemble
ETH,phase0,lstm,phase0_lstm,2026-01-11,2026-01-12,-0.008552349240195838,0.002124552419263637,0.0015431308444621352,3118.88525390625,3092.3251953125,3125.5185329973474,ensemble
ETH,phase0,lstm,phase0_lstm,2026-01-12,2026-01-13,0.07167244785080332,0.0014273332781158388,0.0020213492323871794,3092.3251953125,3322.095458984375,3096.742125436325,ensemble
ETH,phase0,lstm,phase0_lstm,2026-01-13,2026-01-14,0.009773355035415114,0.001861550466855988,0.0015219443804441062,3322.095458984375,3354.72265625,3328.2854670556394,ensemble
ETH,phase0,lstm,phase0_lstm,2026-01-14,2026-01-15,-0.01127779653171091,0.0034963889513164757,0.002329835755770837,3354.72265625,3317.101318359375,3366.4726006980222,ensemble
ETH,phase0,lstm,phase0_lstm,2026-01-15,2026-01-16,-0.006538811242779367,0.005394491041079164,0.003524470411584786,3317.101318359375,3295.482177734375,3335.0437433178063,ensemble
ETH,phase0,lstm,phase0_lstm,2026-01-16,2026-01-17,0.004052512545503773,0.005557566927745938,0.00306404197776535,3295.482177734375,3308.8642578125,3313.84802794574,ensemble
ETH,phase0,lstm,phase0_lstm,2026-01-17,2026-01-18,-0.008408684018054191,0.004716477962210775,0.0021269979814738634,3308.8642578125,3281.15771484375,3324.507304207711,ensemble
ETH,phase0,lstm,phase0_lstm,2026-01-18,2026-01-19,-0.029235184793820444,0.003699051705189049,0.0017590779099023765,3281.15771484375,3186.62109375,3293.3173626017056,ensemble
ETH,phase0,lstm,phase0_lstm,2026-01-19,2026-01-20,-0.08204732940901807,0.003143746982095763,0.001854356135426271,3186.62109375,2935.605712890625,3196.654787630284,ensemble
ETH,phase0,lstm,phase0_lstm,2026-01-20,2026-01-21,0.014640674097217414,0.003108882691594772,0.0019519570488039065,2935.605712890625,2978.901123046875,2944.7463679307493,ensemble
ETH,phase0,lstm,phase0_lstm,2026-01-21,2026-01-22,-0.009873624051331843,0.004215209610993043,0.0031106046813390953,2978.901123046875,2949.63330078125,2991.484317460452,ensemble
ETH,phase0,lstm,phase0_lstm,2026-01-22,2026-01-23,0.0012275504187740749,0.0046536247129552065,0.003544244879192488,2949.63330078125,2953.25634765625,2963.391775763809,ensemble
ETH,phase0,lstm,phase0_lstm,2026-01-23,2026-01-24,-0.0015302026847261398,0.005063212930690497,0.003638040424374229,2953.25634765625,2948.74072265625,2968.2472323783613,ensemble
ETH,phase0,lstm,phase0_lstm,2026-01-24,2026-01-25,-0.046095446910964524,0.004933480138424784,0.0038201737469604354,2948.74072265625,2815.90234375,2963.3242205642355,ensemble
ETH,phase0,lstm,phase0_lstm,2026-01-25,2026-01-26,0.0385097283715548,0.005090521206147969,0.004460762923861923,2815.90234375,2926.45703125,2830.2733011436258,ensemble
ETH,phase0,lstm,phase0_lstm,2026-01-26,2026-01-27,0.03219617504335294,0.005395409232005477,0.004446702131693365,2926.45703125,3022.2109375,2942.2891364701954,ensemble
ETH,phase0,lstm,phase0_lstm,2026-01-27,2026-01-28,-0.005176321307197195,0.005151010118424892,0.003628038072517513,3022.2109375,3006.607421875,3037.818539567594,ensemble
ETH,phase0,lstm,phase0_lstm,2026-01-28,2026-01-29,-0.06470236643237812,0.004684677463956177,0.002856008709204306,3006.607421875,2818.232666015625,3020.725451294598,ensemble
ETH,phase0,lstm,phase0_lstm,2026-01-29,2026-01-30,-0.04197886796827195,0.004770294646732509,0.0027790749098412556,2818.232666015625,2702.375244140625,2831.7085827076985,ensemble
ETH,phase0,lstm,phase0_lstm,2026-01-30,2026-01-31,-0.10004843937927187,0.005206612194888294,0.003490983876062822,2702.375244140625,2445.091796875,2716.4821567851814,ensemble
ETH,phase0,lstm,phase0_lstm,2026-01-31,2026-02-01,-0.07519978220290023,0.005450537684373558,0.004881237301883393,2445.091796875,2267.96484375,2458.4552477681273,ensemble
ETH,phase0,lstm,phase0_lstm,2026-02-01,2026-02-02,0.03312814665299069,0.005922899333745591,0.007249019389538377,2267.96484375,2344.356689453125,2281.4376308064943,ensemble
ETH,phase0,lstm,phase0_lstm,2026-02-02,2026-02-03,-0.05110473707553693,0.006799092469736934,0.010156648756290096,2344.356689453125,2227.558837890625,2360.3504974435214,ensemble
ETH,phase0,lstm,phase0_lstm,2026-02-03,2026-02-04,-0.03846435100865618,0.006800078880041837,0.011739050700221246,2227.558837890625,2143.504150390625,2242.758032992139,ensemble
ETH,phase0,lstm,phase0_lstm,2026-02-04,2026-02-05,-0.16268108635736284,0.006260463292710483,0.012128149271262652,2143.504150390625,1821.68310546875,2156.9655728459443,ensemble
ETH,phase0,lstm,phase0_lstm,2026-02-05,2026-02-06,0.12458793243377704,0.006095560581889004,0.01331066910098555,1821.68310546875,2063.386962890625,1832.8211971684073,ensemble
ETH,phase0,lstm,phase0_lstm,2026-02-06,2026-02-07,0.013078072860626821,0.005385133618256077,0.013122456515344747,2063.386962890625,2090.54931640625,2074.528549934256,ensemble
ETH,phase0,lstm,phase0_lstm,2026-02-07,2026-02-08,-0.00085486651992098,0.004583022906444967,0.012568494248126774,2090.54931640625,2088.762939453125,2100.1523404413883,ensemble
ETH,phase0,lstm,phase0_lstm,2026-02-08,2026-02-09,0.007062777520560773,0.0035848301369696854,0.011580448963503335,2088.762939453125,2103.567626953125,2096.264237193297,ensemble
ETH,phase0,lstm,phase0_lstm,2026-02-09,2026-02-10,-0.04078608660125574,0.0034964149817824364,0.011831446079520242,2103.567626953125,2019.4974365234373,2110.935445288489,ensemble
ETH,phase0,lstm,phase0_lstm,2026-02-10,2026-02-11,-0.03984048759789168,-0.004020833037793636,0.0026115963437466716,2019.4974365234373,1940.621337890625,2011.3936773600644,ensemble
ETH,phase0,lstm,phase0_lstm,2026-02-11,2026-02-12,0.003251056309532056,-0.00447620814666152,0.002355427270320454,1940.621337890625,1946.940673828125,1931.9541254435244,ensemble
ETH,phase0,lstm,phase0_lstm,2026-02-12,2026-02-13,0.05086191072713562,-0.004744220245629549,0.0019601979437839346,1946.940673828125,2048.52734375,1937.7258343639564,ensemble
ETH,phase0,lstm,phase0_lstm,2026-02-13,2026-02-14,0.018131871977993777,-0.00492628370411694,0.0014274278470699968,2048.52734375,2086.009765625,2038.4605332200454,ensemble
ETH,phase0,lstm,phase0_lstm,2026-02-14,2026-02-15,-0.05923016066341757,-0.005296626407653093,0.0015554526369706459,2086.009765625,1966.04296875,2074.990160342159,ensemble
ETH,phase0,lstm,phase0_lstm,2026-02-15,2026-02-16,0.016082623092426845,-0.0051617641933262345,0.0010511078218083069,1966.04296875,1997.917724609375,1955.9208649820346,ensemble
ETH,phase0,lstm,phase0_lstm,2026-02-16,2026-02-17,-0.002868787898831094,-0.005019052699208259,0.0009178423866882647,1997.917724609375,1992.1943359375,1987.9151928755414,ensemble
ETH,phase0,lstm,phase0_lstm,2026-02-17,2026-02-18,-0.019371403139241388,-0.004936841502785683,0.0009808575944596526,1992.1943359375,1953.97412109375,1982.383425639081,ensemble
ETH,phase0,lstm,phase0_lstm,2026-02-18,2026-02-19,-0.002958901252870125,-0.004314502188935876,0.0015507619367376641,1953.97412109375,1948.2010498046875,1945.5618558889596,ensemble
ETH,phase0,lstm,phase0_lstm,2026-02-19,2026-02-20,0.010630736664791151,-0.0032285618130117656,0.0036431574276095478,1948.2010498046875,1969.0223388671875,1941.9213050181258,ensemble
ETH,phase0,lstm,phase0_lstm,2026-02-20,2026-02-21,0.0023916477643178046,-0.002535317884758115,0.005197211224700992,1969.0223388671875,1973.7371826171875,1964.0365642483946,ensemble
ETH,phase0,lstm,phase0_lstm,2026-02-21,2026-02-22,-0.008104381025179103,-0.002181481756269932,0.005822167117521261,1973.7371826171875,1957.805908203125,1969.436203920564,ensemble
ETH,phase0,lstm,phase0_lstm,2026-02-22,2026-02-23,-0.053668696967508325,-0.0017378483898937702,0.006443828005145443,1957.805908203125,1855.5028076171875,1954.4064930474597,ensemble
ETH,phase0,lstm,phase0_lstm,2026-02-23,2026-02-24,-0.001366236763411363,1.6470951959490775e-05,0.00983588962443335,1855.5028076171875,1852.969482421875,1855.5333697664855,ensemble
ETH,phase0,lstm,phase0_lstm,2026-02-24,2026-02-25,0.10330529755605292,0.0011116006411612035,0.01198085951073212,1852.969482421875,2054.6279296875,1855.030389727314,ensemble
ETH,phase0,lstm,phase0_lstm,2026-02-25,2026-02-26,-0.013640230652308093,0.0005727604031562806,0.01117378878365949,2054.6279296875,2026.7926025390625,2055.805076288144,ensemble
ETH,phase0,lstm,phase0_lstm,2026-02-26,2026-02-27,-0.04853988358482078,-0.0010644892696291207,0.008187169770640428,2026.7926025390625,1930.7618408203125,2024.6362514718026,ensemble
ETH,phase0,lstm,phase0_lstm,2026-02-27,2026-02-28,0.017603302415937827,-0.003058064542710781,0.004424583862440107,1930.7618408203125,1965.050537109375,1924.866465308234,ensemble
ETH,phase0,lstm,phase0_lstm,2026-02-28,2026-03-01,-0.013311214361673498,-0.005783157330006361,0.0009205060309878412,1965.050537109375,1939.066650390625,1953.7191379054907,ensemble
ETH,phase0,lstm,phase0_lstm,2026-03-01,2026-03-02,0.04448277882265156,-0.00842995597049594,0.004657024622270524,1939.066650390625,2027.2689208984373,1922.789109775019,ensemble
ETH,phase0,lstm,phase0_lstm,2026-03-02,2026-03-03,-0.02219521539096451,-0.01070443568751216,0.008375915095351055,2027.2689208984373,1982.7689208984373,2005.6838850370987,ensemble
ETH,phase0,lstm,phase0_lstm,2026-03-03,2026-03-04,0.06998564880773499,-0.012486349605023862,0.011592070666226754,1982.7689208984373,2126.50537109375,1958.165299335835,ensemble
ETH,phase0,lstm,phase0_lstm,2026-03-04,2026-03-05,-0.026156066067129717,-0.01303912429139018,0.01270841828271288,2126.50537109375,2071.60546875,2098.9575930071164,ensemble
ETH,phase0,lstm,phase0_lstm,2026-03-05,2026-03-06,-0.04585794631276462,-0.013181916438043118,0.013572967180934419,2071.60546875,1978.751220703125,2044.4769344312256,ensemble
ETH,phase0,lstm,phase0_lstm,2026-03-06,2026-03-07,-0.004708868776353749,-0.01383291631937027,0.014872651655787635,1978.751220703125,1969.4554443359373,1951.5677673286566,ensemble
ETH,phase0,lstm,phase0_lstm,2026-03-07,2026-03-08,-0.016820776457913442,-0.012017294950783252,0.012078655661800655,1969.4554443359373,1936.604736328125,1945.9295592432788,ensemble
ETH,phase0,lstm,phase0_lstm,2026-03-08,2026-03-09,0.028673744603590037,-0.011171555239707231,0.011159769629162722,1936.604736328125,1992.938232421875,1915.0902484404485,ensemble
ETH,phase0,lstm,phase0_lstm,2026-03-09,2026-03-10,0.021927234478122906,-0.010654941480606795,0.010506372616859608,1992.938232421875,2037.1204833984373,1971.8163183865772,ensemble
ETH,phase0,lstm,phase0_lstm,2026-03-10,2026-03-11,0.007069651069372434,-0.008586355298757554,0.008468764467790746,2037.1204833984373,2051.5732421875,2019.7039225350154,ensemble
ETH,phase0,lstm,phase0_lstm,2026-03-11,2026-03-12,0.010455613837732266,-0.008536555292084812,0.008106178540083324,2051.5732421875,2073.13623046875,2034.1344134339402,ensemble
ETH,phase0,lstm,phase0_lstm,2026-03-12,2026-03-13,0.00932731032254328,-0.008158386731520296,0.008199656425846651,2073.13623046875,2092.5634765625,2056.291589332319,ensemble
ETH,phase0,lstm,phase0_lstm,2026-03-13,2026-03-14,0.0021592233043722896,-0.00845785872079432,0.008616493447672914,2092.5634765625,2097.086669921875,2074.9395059017334,ensemble
ETH,phase0,lstm,phase0_lstm,2026-03-14,2026-03-15,0.03761747257489843,-0.007805751264095306,0.008220467701325986,2097.086669921875,2177.476318359375,2080.7810545773505,ensemble
ETH,phase0,lstm,phase0_lstm,2026-03-15,2026-03-16,0.0767490852405507,-0.008147574355825781,0.008714126782469992,2177.476318359375,2351.176025390625,2159.8072459318737,ensemble
ETH,phase0,lstm,phase0_lstm,2026-03-16,2026-03-17,-0.014187828746907258,-0.008281731233000755,0.009030064710036857,2351.176025390625,2318.053466796875,2331.784625481158,ensemble
ETH,phase0,lstm,phase0_lstm,2026-03-17,2026-03-18,-0.05060291819156262,-0.007708575902506709,0.008688678657131339,2318.053466796875,2203.671630859375,2300.253270926204,ensemble
ETH,phase0,lstm,phase0_lstm,2026-03-18,2026-03-19,-0.030523607148640667,-0.007489725167397409,0.008742110509627202,2203.671630859375,2137.423828125,2187.2283905270956,ensemble
ETH,phase0,lstm,phase0_lstm,2026-03-19,2026-03-20,0.004235958585431247,-0.007028977328445762,0.008164818164363343,2137.423828125,2146.4970703125,2122.4526023387775,ensemble
ETH,phase0,lstm,phase0_lstm,2026-03-20,2026-03-21,-0.033061992006107994,-0.006403213820885867,0.007413223650770823,2146.4970703125,2076.68994140625,2132.7965012535155,ensemble
ETH,phase0,lstm,phase0_lstm,2026-03-21,2026-03-22,-0.011449568094526609,-0.005606329662259668,0.006393261536929488,2076.68994140625,2053.04833984375,2065.0799082346007,ensemble
ETH,phase0,lstm,phase0_lstm,2026-03-22,2026-03-23,0.04713979833568274,-0.004290038824547082,0.004881743060117445,2053.04833984375,2152.14599609375,2044.2595483648706,ensemble
ETH,phase0,lstm,phase0_lstm,2026-03-23,2026-03-24,0.0016520306586044232,-0.0025744794518686833,0.003776885888122353,2152.14599609375,2155.704345703125,2146.6124664848494,ensemble
ETH,phase0,lstm,phase0_lstm,2026-03-24,2026-03-25,0.005697480587391201,-0.002031689471914433,0.0037691881095377024,2155.704345703125,2168.021484375,2151.329069985214,ensemble
ETH,phase0,lstm,phase0_lstm,2026-03-25,2026-03-26,-0.05131370661715102,-0.001624393007659819,0.0030323078936045755,2168.021484375,2059.578369140625,2164.5026242149984,ensemble
ETH,phase0,lstm,phase0_lstm,2026-03-26,2026-03-27,-0.033727669892453536,-0.0023542015813291075,0.0032824479726454776,2059.578369140625,1991.27197265625,2054.7354093756385,ensemble
ETH,phase0,lstm,phase0_lstm,2026-03-27,2026-03-28,0.0007141663784116856,-0.004507344530429691,0.005688140482684753,1991.27197265625,1992.694580078125,1982.316820959891,ensemble
ETH,phase0,lstm,phase0_lstm,2026-03-28,2026-03-29,-0.005098999439741094,-0.005916202929802239,0.0073899052622493685,1992.694580078125,1982.5596923828125,1980.940199500688,ensemble
ETH,phase0,lstm,phase0_lstm,2026-03-29,2026-03-30,0.02044726139354914,-0.005660717550199479,0.007136712918373587,1982.5596923828125,2023.514892578125,1971.3686863832982,ensemble
ETH,phase0,lstm,phase0_lstm,2026-03-30,2026-03-31,0.039340814763852025,-0.005318637799791759,0.006605989304730761,2023.514892578125,2104.708251953125,2012.7811196103246,ensemble
ETH,phase0,lstm,phase0_lstm,2026-03-31,2026-04-01,0.016038636316827372,-0.004617553696152754,0.005566653712471569,2104.708251953125,2138.737060546875,2095.0120521749227,ensemble
ETH,phase0,lstm,phase0_lstm,2026-04-01,2026-04-02,-0.03903857547596571,-0.003883115705684759,0.004952608353742075,2138.737060546875,2056.8525390625,2130.4482007928377,ensemble
ETH,phase0,lstm,phase0_lstm,2026-04-02,2026-04-03,-0.0016871461717564678,-0.002946373517625034,0.00424286197687578,2056.8525390625,2053.38525390625,2050.8012023385772,ensemble
ETH,phase0,lstm,phase0_lstm,2026-04-03,2026-04-04,0.00581068555550107,-0.0022283600643277167,0.003302290851234224,2053.38525390625,2065.3515625,2048.814666558229,ensemble
ETH,phase0,lstm,phase0_lstm,2026-04-04,2026-04-05,0.020911357684258978,-0.0011654903762973845,0.002529197794552146,2065.3515625,2108.99560546875,2062.9458173389758,ensemble
ETH,phase0,lstm,phase0_lstm,2026-04-05,2026-04-06,-0.0005853459761497797,0.00012754485942423344,0.002860200827443695,2108.99560546875,2107.761474609375,2109.2646141717496,ensemble
ETH,phase0,lstm,phase0_lstm,2026-04-06,2026-04-07,0.06165560497032879,0.0013448466954287142,0.003099009835385224,2107.761474609375,2241.806640625,2110.597997580013,ensemble
ETH,phase0,lstm,phase0_lstm,2026-04-07,2026-04-08,-0.02322737152703056,0.0029775731556583194,0.004128846334605913,2241.806640625,2190.33544921875,2248.4917316329306,ensemble
ETH,phase0,lstm,phase0_lstm,2026-04-08,2026-04-09,-0.0005440857898826656,0.004240948642836884,0.005249154697042089,2190.33544921875,2189.14404296875,2199.6442745424347,ensemble
ETH,phase0,lstm,phase0_lstm,2026-04-09,2026-04-10,0.025261127435567108,0.004721818072721362,0.0054121523544421075,2189.14404296875,2245.148681640625,2199.5052254332427,ensemble
ETH,phase0,lstm,phase0_lstm,2026-04-10,2026-04-11,0.017765001038666954,0.004883156402502209,0.005057656793964305,2245.148681640625,2285.39013671875,2256.138905452153,ensemble
ETH,phase0,lstm,phase0_lstm,2026-04-11,2026-04-12,-0.04163060757712065,0.0048306496697478,0.004269344185573822,2285.39013671875,2192.201171875,2296.456763807047,ensemble
ETH,phase0,lstm,phase0_lstm,2026-04-12,2026-04-13,0.07828539113868566,0.00431209486851003,0.003250815746266064,2192.201171875,2370.71484375,2201.6745616976636,ensemble
ETH,phase0,lstm,phase0_lstm,2026-04-13,2026-04-14,-0.02019924377033633,0.004515556831029244,0.0033048003300931777,2370.71484375,2323.30859375,2381.4441475164795,ensemble
ETH,phase0,lstm,phase0_lstm,2026-04-14,2026-04-15,0.015430748489014857,0.0046882012044079605,0.0032050642638865217,2323.30859375,2359.43701171875,2334.226304111966,ensemble
ETH,phase0,lstm,phase0_lstm,2026-04-15,2026-04-16,-0.004584461790341291,0.00410824369173497,0.002626840426814589,2359.43701171875,2348.64501953125,2369.1500921276747,ensemble
ETH,phase0,lstm,phase0_lstm,2026-04-16,2026-04-17,0.03037175089257519,0.0041287224390544,0.002503575740550375,2348.64501953125,2421.07177734375,2358.361968414003,ensemble
ETH,phase0,lstm,phase0_lstm,2026-04-17,2026-04-18,-0.029326772361462847,0.004911426198668778,0.002695163472515361,2421.07177734375,2351.1005859375,2432.991941240869,ensemble
ETH,phase0,lstm,phase0_lstm,2026-04-18,2026-04-19,-0.0373454427406088,0.0049611835042014715,0.00246851734299075,2351.1005859375,2264.9169921875,2362.793809511024,ensemble
ETH,phase0,lstm,phase0_lstm,2026-04-19,2026-04-20,0.021963323579239753,0.005037370347417891,0.002375555911734721,2264.9169921875,2315.21240234375,2276.3550024434453,ensemble
ETH,phase0,lstm,phase0_lstm,2026-04-20,2026-04-21,0.0054954065471357755,0.005075034219771624,0.0024155103424988423,2315.21240234375,2327.970458984375,2326.9920502868754,ensemble
ETH,phase0,lstm,phase0_lstm,2026-04-21,2026-04-22,0.02045865422003999,0.005072580091655255,0.002285622675914197,2327.970458984375,2376.088134765625,2339.809276879119,ensemble
ETH,phase0,lstm,phase0_lstm,2026-04-22,2026-04-23,-0.0189376886242059,0.005103005655109882,0.0020966493118550304,2376.088134765625,2331.513916015625,2388.244316105858,ensemble
ETH,phase0,lstm,phase0_lstm,2026-04-23,2026-04-24,-0.006810026535066284,0.005163814593106508,0.002041718840074013,2331.513916015625,2315.690185546875,2343.5845600611665,ensemble
ETH,phase0,lstm,phase0_lstm,2026-04-24,2026-04-25,0.001354581263398566,0.004858021577820182,0.001637808680277757,2315.690185546875,2318.8291015625,2326.9672283158343,ensemble
ETH,phase0,lstm,phase0_lstm,2026-04-25,2026-04-26,0.02171324359272805,0.004264661157503724,0.0009643790998326597,2318.8291015625,2369.72900390625,2328.7392386312235,ensemble
ETH,phase0,lstm,phase0_lstm,2026-04-26,2026-04-27,-0.02853520923910551,0.003721180185675621,0.0007358434642366125,2369.72900390625,2303.06396484375,2378.5636199255036,ensemble
ETH,phase0,lstm,phase0_lstm,2026-04-27,2026-04-28,-0.005942025412355139,0.003449469245970249,0.0008574291380061333,2303.06396484375,2289.419677734375,2311.0220308229304,ensemble
ETH,phase0,lstm,phase0_lstm,2026-04-28,2026-04-29,-0.01585118391858995,0.003252116218209267,0.0010588113857362596,2289.419677734375,2253.415771484375,2296.8772564822466,ensemble
ETH,phase0,lstm,phase0_lstm,2026-04-29,2026-04-30,0.0012574984349416124,0.003255867399275303,0.001095519163065468,2253.415771484375,2256.251220703125,2260.764551266189,ensemble
ETH,phase0,lstm,phase0_lstm,2026-04-30,2026-05-01,0.017069008220622378,0.0031031538732349873,0.0011780011541242886,2256.251220703125,2295.09375,2263.263590020975,ensemble
ETH,phase0,lstm,phase0_lstm,2026-05-01,2026-05-02,0.00916800638403556,0.0030460190260782837,0.0012927121349842663,2295.09375,2316.23193359375,2302.095307253932,ensemble
ETH,phase0,lstm,phase0_lstm,2026-05-02,2026-05-03,0.0023302997915724253,0.0027182117104530335,0.001553679553095551,2316.23193359375,2321.6357421875,2322.5365070606135,ensemble
ETH,phase0,lstm,phase0_lstm,2026-05-03,2026-05-04,0.010608949945406291,0.002354259043931961,0.001934928314433863,2321.6357421875,2346.39697265625,2327.1079130566645,ensemble
ETH,phase0,lstm,phase0_lstm,2026-05-04,2026-05-05,0.00628165402969772,0.002286993939196691,0.0020495314213691673,2346.39697265625,2361.1826171875,2351.7693092206496,ensemble
ETH,phase0,lstm,phase0_lstm,2026-05-05,2026-05-06,-0.004406055141063485,0.0021231716149486602,0.002353431854588009,2361.1826171875,2350.802001953125,2366.2011388041133,ensemble
ETH,phase0,lstm,phase0_lstm,2026-05-06,2026-05-07,-0.02572114978849261,0.0018677230094908738,0.0028266596992910864,2350.802001953125,2291.107666015625,2355.196751753041,ensemble
ETH,phase0,lstm,phase0_lstm,2026-05-07,2026-05-08,0.006900517380177334,0.0023857157386373727,0.0024501667070280556,2291.107666015625,2306.97216796875,2296.580122901007,ensemble
ETH,phase0,lstm,phase0_lstm,2026-05-08,2026-05-09,0.008526770803293412,0.002947596524609253,0.002271245066947753,2306.97216796875,2326.727294921875,2313.782222829782,ensemble
ETH,phase0,lstm,phase0_lstm,2026-05-09,2026-05-10,0.018023789401602215,0.003588988049887121,0.0027719148417109283,2326.727294921875,2369.0439453125,2335.0928944173484,ensemble
ETH,phase0,lstm,phase0_lstm,2026-05-10,2026-05-11,-0.012608728464913158,0.0041619140072725715,0.003603247658502366,2369.0439453125,2339.36083984375,2378.9242487170827,ensemble
ETH,phase0,lstm,phase0_lstm,2026-05-11,2026-05-12,-0.028054385823506677,0.004492742684669792,0.00405163888433057,2339.36083984375,2274.6435546875,2349.8946312323847,ensemble
ETH,phase0,lstm,phase0_lstm,2026-05-12,2026-05-13,-0.007531505292275851,0.004492900078184902,0.0039830189400902735,2274.6435546875,2257.576416015625,2284.8862934630038,ensemble
ETH,phase0,lstm,phase0_lstm,2026-05-13,2026-05-14,0.01029350969888902,0.004209752287715673,0.003908204068686104,2257.576416015625,2280.934814453125,2267.1002859991895,ensemble
ETH,phase0,lstm,phase0_lstm,2026-05-14,2026-05-15,-0.025579807171991084,0.004166131268721074,0.0038527826449383006,2280.934814453125,2223.328857421875,2290.457310516621,ensemble
ETH,phase0,lstm,phase0_lstm,2026-05-15,2026-05-16,-0.019794470746775893,0.004263461535447277,0.003686860333983951,2223.328857421875,2179.751953125,2232.8281700740336,ensemble
ETH,phase0,lstm,phase0_lstm,2026-05-16,2026-05-17,-0.024195229175847065,0.004002173899789341,0.003323162009376135,2179.751953125,2127.645263671875,2188.493179786773,ensemble
ETH,phase0,lstm,phase0_lstm,2026-05-17,2026-05-18,0.0004092183281597835,0.003544508042978123,0.0029553303076179974,2127.645263671875,2128.51611328125,2135.200100602074,ensemble
ETH,phase0,lstm,phase0_lstm,2026-05-18,2026-05-19,-0.00875425372369268,0.003386909142136574,0.0025277958506073708,2128.51611328125,2109.9638671875,2135.7374260265206,ensemble
ETH,phase0,lstm,phase0_lstm,2026-05-19,2026-05-20,0.008033908248005973,0.0030769977369345725,0.002327651156543634,2109.9638671875,2126.9833984375,2116.466219963929,ensemble
ETH,phase0,lstm,phase0_lstm,2026-05-20,2026-05-21,0.002079303908552925,0.002688833174761385,0.0025480706832142464,2126.9833984375,2131.41064453125,2132.710197715015,ensemble
ETH,phase0,lstm,phase0_lstm,2026-05-21,2026-05-22,-0.031829628880296966,0.0024119067413266746,0.0028402619206631544,2131.41064453125,2064.636962890625,2136.557612741874,ensemble
ETH,phase0,lstm,phase0_lstm,2026-05-22,2026-05-23,0.024550147375465296,0.0003484241518890485,0.0007362778529338679,2064.636962890625,2115.951416015625,2065.3564576107688,ensemble
ETH,phase0,lstm,phase0_lstm,2026-05-23,2026-05-24,-0.008522952674199372,0.0002214339270722121,0.0007919372984609971,2115.951416015625,2097.993896484375,2116.4200113267025,ensemble
ETH,phase0,lstm,phase0_lstm,2026-05-24,2026-05-25,0.006355596261768782,5.1440909737721084e-05,0.0008700915633960566,2097.993896484375,2111.370361328125,2098.101821974903,ensemble
ETH,phase0,lstm,phase0_lstm,2026-05-25,2026-05-26,-0.019374108363781214,-0.00012213289228384382,0.0009351318210442597,2111.370361328125,2070.858154296875,2111.1125093056407,ensemble
ETH,phase0,lstm,phase0_lstm,2026-05-26,2026-05-27,-0.023777930243884346,-0.00026384724187664685,0.0009923859042519664,2070.858154296875,2022.1982421875,2070.3118361599822,ensemble
ETH,phase0,lstm,phase0_lstm,2026-05-27,2026-05-28,-0.0072687232435778805,-0.0003615626890677959,0.0010942392495603204,2022.1982421875,2007.552734375,2021.467222915837,ensemble
ETH,phase0,lstm,phase0_lstm,2026-05-28,2026-05-29,0.00220213888797984,-0.00041901885415427385,0.0011598953685513648,2007.552734375,2011.978515625,2006.711708143817,ensemble
ETH,phase0,lstm,phase0_lstm,2026-05-29,2026-05-30,0.0037107092790728668,-0.0004265496332664043,0.0012475756532069025,2011.978515625,2019.458251953125,2011.1204899353015,ensemble
ETH,phase0,lstm,phase0_lstm,2026-05-30,2026-05-31,-0.007513679144432405,-0.0004813146486412734,0.0013177952648078773,2019.458251953125,2004.341552734375,2018.4864909942928,ensemble
ETH,phase0,lstm,phase0_lstm,2026-05-31,2026-06-01,-0.0005591235515652776,-0.0005564560764469206,0.001400095629724945,2004.341552734375,2003.22119140625,2003.2265349560614,ensemble
ETH,phase0,lstm,phase0_lstm,2026-06-01,2026-06-02,-0.07540853835127649,-0.0006204951969266403,0.0015072248531034851,2003.22119140625,1857.71630859375,2001.9785878332434,ensemble
ETH,phase0,lstm,phase0_lstm,2026-06-02,2026-06-03,-0.02506448300158351,-0.0006879122462123633,0.001638148457170797,1857.71630859375,1811.7322998046875,1856.4388022515875,ensemble
ETH,phase0,lstm,phase0_lstm,2026-06-03,2026-06-04,-0.023540908919617697,-0.0007745154784061014,0.0017490064581919677,1811.7322998046875,1769.58056640625,1810.3296283612515,ensemble
ETH,phase0,lstm,phase0_lstm,2026-06-04,2026-06-05,-0.11277301635815795,-0.0008718713419511914,0.001863593817408209,1769.58056640625,1580.86083984375,1768.0383922095614,ensemble
ETH,phase0,lstm,phase0_lstm,2026-06-05,2026-06-06,-0.00767912718680117,-0.0011775729712098838,0.002035326213620691,1580.86083984375,1568.7677001953125,1579.000356489952,ensemble
ETH,phase0,lstm,phase0_lstm,2026-06-06,2026-06-07,0.07230344307254986,-0.0015750431455671787,0.002311649185589393,1568.7677001953125,1686.396240234375,1566.2987682297198,ensemble
ETH,phase0,lstm,phase0_lstm,2026-06-07,2026-06-08,0.002222580242866329,-0.0019594579469412567,0.002647040893668471,1686.396240234375,1690.1485595703125,1683.095053044728,ensemble
ETH,phase0,lstm,phase0_lstm,2026-06-08,2026-06-09,-0.031519541921552284,-0.0022787305526435373,0.0029657986021595804,1690.1485595703125,1637.7066650390625,1686.3015512215122,ensemble
ETH,phase0,lstm,phase0_lstm,2026-06-09,2026-06-10,-0.010785745482471555,-0.0025131629779934885,0.0032403019807519056,1637.7066650390625,1620.1376953125,1633.5960088177596,ensemble
ETH,phase0,lstm,phase0_lstm,2026-06-10,2026-06-11,0.03167720451879468,-0.00290336012840271,0.0034625183761829883,1620.1376953125,1672.2806396484375,1615.4406739970734,ensemble
ETH,phase0,lstm,phase0_lstm,2026-06-11,2026-06-12,-0.004286465439468386,-0.003069795574992895,0.0037041513844859484,1672.2806396484375,1665.1278076171875,1667.1549513735124,ensemble
ETH,phase0,lstm,phase0_lstm,2026-06-12,2026-06-13,0.009019641302053691,-0.0030385890509933232,0.00392818467814634,1665.1278076171875,1680.214599609375,1660.0758477944305,ensemble
ETH,phase0,lstm,phase0_lstm,2026-06-13,2026-06-14,0.02608131744744488,-0.0028766135685145853,0.004109423042296242,1680.214599609375,1724.61328125,1675.388216641643,ensemble
ETH,phase0,lstm,phase0_lstm,2026-06-14,2026-06-15,0.03998055531190125,-0.0026546433568000794,0.004217252852694926,1724.61328125,1794.961181640625,1720.0411194743742,ensemble
ETH,phase0,lstm,phase0_lstm,2026-06-15,2026-06-16,-0.002545346375384009,-0.002345417719334364,0.004187309565606167,1794.961181640625,1790.398193359375,1790.7561810487734,ensemble
ETH,phase0,lstm,phase0_lstm,2026-06-16,2026-06-17,-0.024031278966082516,-0.002051743632182479,0.004038007322643363,1790.398193359375,1747.885498046875,1786.7285211676913,ensemble
ETH,phase0,lstm,phase0_lstm,2026-06-17,2026-06-18,-0.022186275106794908,-0.0019524420611560344,0.0038504883492116748,1747.885498046875,1709.533447265625,1744.4761822112566,ensemble
ETH,phase0,lstm,phase0_lstm,2026-06-18,2026-06-19,0.0008472258287815989,-0.001800910709425807,0.0036228981409891017,1709.533447265625,1710.982421875,1706.457500756174,ensemble
ETH,phase0,lstm,phase0_lstm,2026-06-19,2026-06-20,0.016415812264568657,-0.0015662984456866979,0.003433566102722842,1710.982421875,1739.3013916015625,1708.304610440418,ensemble
ETH,phase0,lstm,phase0_lstm,2026-06-20,2026-06-21,-0.020164455160312907,-0.0013178954366594553,0.0032727119767961485,1739.3013916015625,1704.58056640625,1737.0106840226788,ensemble
ETH,phase0,lstm,phase0_lstm,2026-06-21,2026-06-22,0.012783452112487081,-0.0010659283550921827,0.0031246572031298886,1704.58056640625,1726.5108642578125,1702.7645736779941,ensemble
ETH,phase0,lstm,phase0_lstm,2026-06-22,2026-06-23,-0.036015118575190234,-0.0008745425206143409,0.0029593647699335244,1726.5108642578125,1665.436767578125,1725.0016171412976,ensemble
ETH,phase0,lstm,phase0_lstm,2026-06-23,2026-06-24,-0.027707605238555068,-0.0009495229227468371,0.002791269978334344,1665.436767578125,1619.9249267578125,1663.856147727071,ensemble
ETH,phase0,lstm,phase0_lstm,2026-06-24,2026-06-25,-0.03461114583410765,-0.0011851686896989122,0.0026964146472297245,1619.9249267578125,1564.816650390625,1618.0061796990185,ensemble
ETH,phase0,lstm,phase0_lstm,2026-06-25,2026-06-26,0.00751217354974333,-0.0014570840234227945,0.0025751736558922004,1564.816650390625,1576.6160888671875,1562.538241369553,ensemble
ETH,phase0,lstm,phase0_lstm,2026-06-26,2026-06-27,-0.003194097811799365,-0.0017062437545973808,0.0024491562523454593,1576.6160888671875,1571.5882568359375,1573.928291183241,ensemble
ETH,phase0,lstm,phase0_lstm,2026-06-27,2026-06-28,-0.0007810761173124416,-0.0018631689250469207,0.0023810612394549726,1571.5882568359375,1570.3612060546875,1568.6628485440149,ensemble
ETH,phase0,lstm,phase0_lstm,2026-06-28,2026-06-29,0.025056343014794192,-0.001860517612658441,0.0023059267970272097,1570.3612060546875,1610.205810546875,1567.4422376106945,ensemble
ETH,phase0,lstm,phase0_lstm,2026-06-29,2026-06-30,-0.025551475094469023,-0.0017283461638726294,0.0022378500472329805,1610.205810546875,1569.5838623046875,1607.4252211138876,ensemble
ETH,phase0,lstm,phase0_lstm,2026-06-30,2026-07-01,0.024777910106091337,-0.0014484884100966155,0.0022057655274947074,1569.5838623046875,1608.960693359375,1567.3119840633378,ensemble
ETH,phase0,lstm,phase0_lstm,2026-07-01,2026-07-02,0.053962428648177775,-0.0011220158892683684,0.0021533578037850145,1608.960693359375,1698.16943359375,1607.1564262936613,ensemble
ETH,phase0,lstm,phase0_lstm,2026-07-02,2026-07-03,0.0337829584823897,-0.0008473511319607496,0.002123876716839144,1698.16943359375,1756.5186767578125,1696.7310972759476,ensemble
ETH,phase0,lstm,phase0_lstm,2026-07-03,2026-07-04,0.012736109597214896,-0.0006363261025398969,0.002094744614443473,1756.5186767578125,1779.032958984375,1755.4013136155622,ensemble
ETH,phase0,lstm,phase0_lstm,2026-07-04,2026-07-05,0.002230758380216772,-0.0005035601905547082,0.002069956578304836,1779.032958984375,1783.0059814453125,1778.1373343279324,ensemble
ETH,phase0,lstm,phase0_lstm,2026-07-05,2026-07-06,0.008137134529373787,-0.00037092582788318397,0.002027342750943339,1783.0059814453125,1797.57373046875,1782.3447411186635,ensemble
ETH,phase0,lstm,phase0_lstm,2026-07-06,2026-07-07,-0.016299610142193822,-0.00024471598444506524,0.0019687145003996574,1797.57373046875,1768.511474609375,1797.1338892639674,ensemble
ETH,phase0,lstm,phase0_lstm,2026-07-07,2026-07-08,-0.014715429926392411,-0.00018274569883942605,0.0018851692730855395,1768.511474609375,1742.6776123046875,1768.1883162728393,ensemble
ETH,phase0,lstm,phase0_lstm,2026-07-08,2026-07-09,0.0010363767887721133,-0.00017762866336852313,0.0017181300127801136,1742.6776123046875,1744.484619140625,1742.3680903005354,ensemble
ETH,phase0,lstm,phase0_lstm,2026-07-09,2026-07-10,0.028931987175530218,-7.054756861180067e-05,0.0015523894313706295,1744.484619140625,1795.6932373046875,1744.3615543332764,ensemble
ETH,phase0,lstm,phase0_lstm,2026-07-10,2026-07-11,-0.004237766868141637,8.822893141768873e-05,0.001397163440624373,1795.6932373046875,1788.099609375,1795.8516763895218,ensemble
ETH,phase0,lstm,phase0_lstm,2026-07-11,2026-07-12,0.00984372406415057,0.00021734519978053868,0.0012590380339464076,1788.099609375,1805.7880859375,1788.4882864788483,ensemble
ETH,phase0,lstm,phase0_lstm,2026-07-12,2026-07-13,-0.018041700992512517,0.0003469125309493393,0.001249168692021431,1805.7880859375,1773.500732421875,1806.4146451270842,ensemble
ETH,phase0,lstm,phase0_lstm,2026-07-13,2026-07-14,0.06334617578601259,0.0004024446534458548,0.0011863635601165217,1773.500732421875,1889.4798583984373,1774.2146119483846,ensemble
ETH,phase0,lstm,phase0_lstm,2026-07-14,2026-07-15,0.014430524175558828,0.0005133623897563666,0.0011270284050429004,1889.4798583984373,1916.9437255859373,1890.450095314204,ensemble
ETH,phase0,lstm,phase0_lstm,2026-07-15,2026-07-16,-0.028440232689138405,0.0007018190721282735,0.0011551696488289846,1916.9437255859373,1863.193359375,1918.289545458537,ensemble
ETH,phase0,lstm,phase0_lstm,2026-07-16,2026-07-17,-0.011989404987594009,0.0008600351779023185,0.0012045023720507189,1863.193359375,1840.9881591796875,1864.796460470152,ensemble
ETH,phase0,lstm,phase0_lstm,2026-07-17,2026-07-18,0.011022172689536534,0.0009336582676041872,0.0012060710231730672,1840.9881591796875,1861.39208984375,1842.707815655889,ensemble
ETH,phase0,lstm,phase0_lstm,2026-07-18,2026-07-19,0.005420170979573819,0.0009119991824263707,0.0010406855385958983,1861.39208984375,1871.508544921875,1863.0904522427054,ensemble
ETH,phase0,lstm,phase0_lstm,2026-07-19,2026-07-20,0.01708549188125397,0.0008947487862315029,0.0009590614373669112,1871.508544921875,1903.7589111328125,1873.183824286189,ensemble
ETH,phase0,lstm,phase0_lstm,2026-07-20,2026-07-21,0.012851931047764876,0.000945086797582917,0.0008930341450714796,1903.7589111328125,1928.3837890625,1905.55897902172,ensemble
ETH,phase0,lstm,phase0_lstm,2026-07-21,2026-07-22,0.0026444810723667356,0.0010930171345989947,0.0009038168582670968,1928.3837890625,1933.4901123046875,1930.4926979128256,ensemble
ETH,phase0,lstm,phase0_lstm,2026-07-22,2026-07-23,-0.029598568421148785,0.0013007817724428605,0.000997145700780413,1933.4901123046875,1877.1002197265625,1936.0067974742103,ensemble
ETH,phase0,lstm,phase0_lstm,2026-07-23,2026-07-24,-0.009056635454748527,0.0014502881560474635,0.0009955298429588067,1877.1002197265625,1860.1767578125,1879.8245309836088,ensemble
ETH,phase0,lstm,phase0_lstm,2026-07-24,2026-07-25,0.006988648574768904,0.0015227588708512485,0.0009929671938603375,1860.1767578125,1873.222412109375,1863.0115162508214,ensemble
ETH,phase0,lstm,phase0_lstm,2026-07-25,2026-07-26,0.041917042836694604,0.00150795342924539,0.001035770389200751,1873.222412109375,1953.4112548828125,1876.0492751226695,ensemble
ETH,phase0,lstm,phase0_lstm,2026-07-26,2026-07-27,-0.032675812699619874,0.0014945170834835154,0.0010879661427333797,1953.4112548828125,1890.613525390625,1956.332844012936,ensemble
ETH,phase0,lstm,phase0_lstm,2026-07-27,2026-07-28,0.015396962638548027,0.0015259873762261122,0.0011046848201564697,1890.613525390625,1919.948486328125,1893.5007801605782,ensemble
ETH,phase0,lstm,phase0_lstm,2026-07-28,2026-07-29,-0.005970784512141466,0.0015770206315210088,0.001114985511482049,1919.948486328125,1908.51904296875,1922.9786734082886,ensemble
ETH,phase0,lstm,phase0_lstm,2026-07-29,2026-07-30,0.004628409644754907,0.0015604687621816992,0.0010721596226741666,1908.51904296875,1917.3729248046875,1911.499552208303,ensemble
ETH,phase0,lstm,phase0_lstm,2026-07-30,2026-07-31,-0.03019351719084729,0.0015548927243798972,0.0010855897087001225,1917.3729248046875,1860.345947265625,1920.3565530251713,ensemble
ETH,phase0,lstm,phase0_lstm,2026-07-31,2026-08-01,-0.009141155880177469,0.001596284459810704,0.0011219397598856101,1860.345947265625,1843.417724609375,1863.317960048939,ensemble
ETH,phase0,lstm,phase0_lstm,2026-08-01,2026-08-02,0.020991044981634618,0.0015475845371838658,0.0011329731198014498,1843.417724609375,1882.52197265625,1846.2727780239845,ensemble
ETH,phase0,lstm,phase0_lstm,2026-08-02,2026-08-03,-0.012973686445006478,0.0014753214025404304,0.0011560952026744445,1882.52197265625,1858.2564697265625,1885.3013473446179,ensemble
ETH,phase0,lstm,phase0_lstm,2026-08-03,2026-08-04,0.005436217682913836,0.0014112742734141647,0.001199351293698764,1858.2564697265625,1868.3858642578125,1860.8808306866695,ensemble
ETH,phase0,lstm,phase0_lstm,2026-08-04,2026-08-05,0.02020785436698823,0.0013509054231690242,0.001288755445673197,1868.3858642578125,1906.5260009765625,1870.9115824735202,ensemble
ETH,phase0,lstm,phase0_lstm,2026-08-05,2026-08-06,-0.002346545855886157,0.0013864994740288238,0.0014268036052695844,1906.5260009765625,1902.0574951171875,1909.1712316558496,ensemble
ETH,phase0,lstm,phase0_lstm,2026-08-06,2026-08-07,0.005882550580216205,0.0015292990225134417,0.0015342129671390636,1902.0574951171875,1913.2794189453125,1904.9685351432167,ensemble
ETH,phase0,lstm,phase0_lstm,2026-08-07,2026-08-08,0.001177148461113393,0.001698060764465481,0.001634010683279743,1913.2794189453125,1915.532958984375,1916.5310436048965,ensemble
ETH,phase0,lstm,phase0_lstm,2026-08-08,2026-08-09,-0.0035825526559130822,0.0017673146212473512,0.0017352713271877494,1915.532958984375,1908.6827392578125,1918.9213016421002,ensemble
ETH,phase0,lstm,phase0_lstm,2026-08-09,2026-08-10,-0.019791352046331357,0.001776460965629667,0.0018463274184715797,1908.6827392578125,1871.2786865234373,1912.0764531475077,ensemble
ETH,phase0,lstm,phase0_lstm,2026-08-10,2026-08-11,0.005380127113694831,0.001775660872226581,0.0019032234809153172,1871.2786865234373,1881.37353515625,1874.6043946592113,ensemble
ETH,phase0,lstm,phase0_lstm,2026-08-11,2026-08-12,-0.0017228455012013328,0.0017703415738651528,0.0019422560039782416,1881.37353515625,1878.135009765625,1884.707158897195,ensemble
ETH,phase0,lstm,phase0_lstm,2026-08-12,2026-08-13,0.0031133074431306308,0.0018067199853248894,0.001964851896876085,1878.135009765625,1883.9913330078125,1881.5313410088047,ensemble
ETH,phase0,lstm,phase0_lstm,2026-08-13,2026-08-14,-0.001775101080760423,0.0018007883278187363,0.001986739448188259,1883.9913330078125,1880.6500244140625,1887.3870591843868,ensemble
ETH,phase0,lstm,phase0_lstm,2026-08-14,2026-08-15,0.00013733711278611884,0.0017923761974088849,0.002012899612069654,1880.6500244140625,1880.9083251953125,1884.023879458976,ensemble
ETH,phase0,lstm,phase0_lstm,2026-08-15,2026-08-16,-0.003710048377518096,0.0017691859626211225,0.002027990367502267,1880.9083251953125,1873.9429931640625,1884.2389471773113,ensemble
ETH,phase0,lstm,phase0_lstm,2026-08-16,2026-08-17,0.020210771727059512,0.0017352183378534392,0.0020461080030014563,1873.9429931640625,1912.2021484375,1877.1975162473511,ensemble
ETH,phase0,lstm,phase0_lstm,2026-08-17,2026-08-18,0.0022239875598747453,0.0016714926139684394,0.0019710067056985044,1912.2021484375,1916.4595947265625,1915.4010529328646,ensemble
ETH,phase0,lstm,phase0_lstm,2026-08-18,2026-08-19,0.16109848705425042,0.001576094559277408,0.001857045081094938,1916.4595947265625,2251.4580078125,1919.482497831695,ensemble
ETH,phase0,lstm,phase0_lstm,2026-08-19,2026-08-20,0.032737450034477825,0.0016420442203525453,0.0018133399172499223,2251.4580078125,2326.384765625,2255.158038397144,ensemble
ETH,phase0,lstm,phase0_lstm,2026-08-20,2026-08-21,0.07806936059159927,0.00175124688539654,0.0017421517718133287,2326.384765625,2515.28173828125,2330.462409138154,ensemble
ETH,phase0,lstm,phase0_lstm,2026-08-21,2026-08-22,-0.036862118710177375,0.0020736923725053202,0.0015046809098795478,2515.28173828125,2424.251220703125,2520.5030706841508,ensemble
ETH,phase0,lstm,phase0_lstm,2026-08-22,2026-08-23,0.01618863252300956,0.002330176904797554,0.0013275695823499365,2424.251220703125,2463.81591796875,2429.9067415320515,ensemble
ETH,phase0,lstm,phase0_lstm,2026-08-23,2026-08-24,0.007285380356811502,0.0024282174301333724,0.0011841083184008572,2463.81591796875,2481.831298828125,2469.805868233039,ensemble
ETH,phase0,lstm,phase0_lstm,2026-08-24,2026-08-25,-0.01570466707427711,0.0025351146701723336,0.0009415421313060053,2481.831298828125,2443.159423828125,2488.131007630862,ensemble
ETH,phase0,lstm,phase0_lstm,2026-08-25,2026-08-26,0.02549994808905242,0.0026699994225054978,0.0009850604516455632,2443.159423828125,2506.260986328125,2449.6913743504297,ensemble
ETH,phase0,lstm,phase0_lstm,2026-08-26,2026-08-27,0.0016541530230063984,0.0027814067201688887,0.0011923555390999999,2506.260986328125,2510.41015625,2513.2416209697353,ensemble
ETH,phase0,lstm,phase0_lstm,2026-08-27,2026-08-28,-0.02740935041425752,0.0028872226597741247,0.0012637046811632062,2510.41015625,2442.535888671875,2517.668742874011,ensemble
ETH,phase0,lstm,phase0_lstm,2026-08-28,2026-08-29,0.006183572246544925,0.003214164520613849,0.0012234649520902956,2442.535888671875,2457.686279296875,2450.399231134162,ensemble
ETH,phase0,lstm,phase0_lstm,2026-08-29,2026-08-30,-0.016304961587388887,0.0033844213001430036,0.0010465222576622672,2457.686279296875,2417.938720703125,2466.0182165294714,ensemble
ETH,phase0,lstm,phase0_lstm,2026-08-30,2026-08-31,0.020014589550137154,0.003568093152716756,0.0009198513121183853,2417.938720703125,2466.8203125,2426.5815613568934,ensemble
ETH,phase0,xgb,phase0_xgb,2025-10-31,2025-11-01,0.007021586687225155,-0.00047568040354235565,0.001665938171794694,3847.080322265625,3874.18798828125,3845.2507767194497,ensemble
ETH,phase0,xgb,phase0_xgb,2025-11-01,2025-11-02,0.009473174047530416,-0.0011816826794529335,0.0017958768291083604,3874.18798828125,3911.063232421875,3869.6126312810225,ensemble
ETH,phase0,xgb,phase0_xgb,2025-11-02,2025-11-03,-0.08223448305523949,-0.014462770149111747,0.0023354545233709423,3911.063232421875,3602.30810546875,3854.9055009148533,ensemble
ETH,phase0,xgb,phase0_xgb,2025-11-03,2025-11-04,-0.08990501013567212,0.004548627237090841,0.005595360097003472,3602.30810546875,3292.574462890625,3618.7309846957755,ensemble
ETH,phase0,xgb,phase0_xgb,2025-11-04,2025-11-05,0.039481668810072805,-0.006215260596945882,0.007535182786622991,3292.574462890625,3425.171142578125,3272.1737182136244,ensemble
ETH,phase0,xgb,phase0_xgb,2025-11-05,2025-11-06,-0.03352136366985419,0.006053411160246469,0.005943526791874619,3425.171142578125,3312.2578125,3445.9679942390885,ensemble
ETH,phase0,xgb,phase0_xgb,2025-11-06,2025-11-07,0.03647448115981518,0.01192500926554203,0.0018509165529317195,3312.2578125,3435.301025390625,3351.992967771485,ensemble
ETH,phase0,xgb,phase0_xgb,2025-11-07,2025-11-08,-0.010218549741346181,-0.00011785762071667705,0.002734918182438815,3435.301025390625,3400.3759765625,3434.896172843274,ensemble
ETH,phase0,xgb,phase0_xgb,2025-11-08,2025-11-09,0.05220874290983875,0.004854544089175761,0.002250927719724919,3400.3759765625,3582.621337890625,3416.9233842233593,ensemble
ETH,phase0,xgb,phase0_xgb,2025-11-09,2025-11-10,-0.003960630532174714,-0.0013011449249461294,0.004192439225462968,3582.621337890625,3568.4599609375,3577.962859653708,ensemble
ETH,phase0,xgb,phase0_xgb,2025-11-10,2025-11-11,-0.04387398640993172,-0.002645696746185422,0.0032286278785443974,3568.4599609375,3415.2822265625,3559.0313761178245,ensemble
ETH,phase0,xgb,phase0_xgb,2025-11-11,2025-11-12,-0.0006408517068140884,-0.011069031432271004,0.002313634143015797,3415.2822265625,3413.09423828125,3377.686816493667,ensemble
ETH,phase0,xgb,phase0_xgb,2025-11-12,2025-11-13,-0.054283922809847215,0.0034292410826310517,0.004397240903933458,3413.09423828125,3232.757080078125,3424.8186526942177,ensemble
ETH,phase0,xgb,phase0_xgb,2025-11-13,2025-11-14,-0.04071281618360177,0.010003207996487618,0.004498526525204076,3232.757080078125,3103.78564453125,3265.2573037925977,ensemble
ETH,phase0,xgb,phase0_xgb,2025-11-14,2025-11-15,0.020045814386644864,0.01898589339107275,0.0023821563946275956,3103.78564453125,3166.63134765625,3163.276746725667,ensemble
ETH,phase0,xgb,phase0_xgb,2025-11-15,2025-11-16,-0.023576197316441422,-0.006793630650645355,0.004162095037986934,3166.63134765625,3092.847412109375,3145.191334100899,ensemble
ETH,phase0,xgb,phase0_xgb,2025-11-16,2025-11-17,-0.022333536068642135,-0.006325936602661386,0.004462458273100368,3092.847412109375,3024.538818359375,3073.3440091437137,ensemble
ETH,phase0,xgb,phase0_xgb,2025-11-17,2025-11-18,0.032028732106195945,0.010117097105830909,0.003964514016434615,3024.538818359375,3122.97900390625,3055.2936839384247,ensemble
ETH,phase0,xgb,phase0_xgb,2025-11-18,2025-11-19,-0.03251421900082368,0.009959370922297239,0.00383375299144114,3122.97900390625,3023.07080078125,3154.2373083397433,ensemble
ETH,phase0,xgb,phase0_xgb,2025-11-19,2025-11-20,-0.06536849882670856,0.005094437763909809,0.00363052300287649,3023.07080078125,2831.777587890625,3038.510942859631,ensemble
ETH,phase0,xgb,phase0_xgb,2025-11-20,2025-11-21,-0.02361115238578957,0.004923293273895979,0.005255881482399393,2831.777587890625,2765.69921875,2845.7536353021387,ensemble
ETH,phase0,xgb,phase0_xgb,2025-11-21,2025-11-22,0.0006897153274086759,0.011859519220888615,0.0029832267293973427,2765.69921875,2767.607421875,2798.694348255699,ensemble
ETH,phase0,xgb,phase0_xgb,2025-11-22,2025-11-23,0.012234618260287876,0.0110866354778409,0.005349128593319593,2767.607421875,2801.676025390625,2798.461594959892,ensemble
ETH,phase0,xgb,phase0_xgb,2025-11-23,2025-11-24,0.05250671846439223,0.0006450262095313519,0.006045277831622628,2801.676025390625,2952.71337890625,2803.48376281395,ensemble
ETH,phase0,xgb,phase0_xgb,2025-11-24,2025-11-25,0.0017672851723719149,0.004195115953916684,0.002427737739482406,2952.71337890625,2957.936279296875,2965.126372678866,ensemble
ETH,phase0,xgb,phase0_xgb,2025-11-25,2025-11-26,0.023348428095094007,0.0012004770454950632,0.0034335072823860804,2957.936279296875,3027.81201171875,2961.489346163108,ensemble
ETH,phase0,xgb,phase0_xgb,2025-11-26,2025-11-27,-0.004392260426713515,-0.011261931248009205,0.0014718893773903007,3027.81201171875,3014.542236328125,2993.9042925903495,ensemble
ETH,phase0,xgb,phase0_xgb,2025-11-27,2025-11-28,0.005874882913213043,-0.006852721143513918,0.0031958280040446647,3014.542236328125,3032.304443359375,2993.955038733483,ensemble
ETH,phase0,xgb,phase0_xgb,2025-11-28,2025-11-29,-0.013485997805236051,-0.0026044886093586684,0.002326192033446494,3032.304443359375,2991.685302734375,3024.4171166613573,ensemble
ETH,phase0,xgb,phase0_xgb,2025-11-29,2025-11-30,0.00014280097860070945,-0.0035160137340426445,0.003272807017182416,2991.685302734375,2992.112548828125,2981.184966602456,ensemble
ETH,phase0,xgb,phase0_xgb,2025-11-30,2025-12-01,-0.0662927736435053,0.0009961768868379296,0.007328292292740701,2992.112548828125,2800.18896484375,2995.0947073241523,ensemble
ETH,phase0,xgb,phase0_xgb,2025-12-01,2025-12-02,0.06823838280892502,0.00497948988340795,0.004914112126057646,2800.18896484375,2997.939697265625,2814.1672509499526,ensemble
ETH,phase0,xgb,phase0_xgb,2025-12-02,2025-12-03,0.06258823046337834,0.0024751712917350233,0.005298635616984118,2997.939697265625,3191.57177734375,3005.369302518359,ensemble
ETH,phase0,xgb,phase0_xgb,2025-12-03,2025-12-04,-0.01810241754529839,0.0009136448497883976,0.0034415887556513993,3191.57177734375,3134.31640625,3194.4890729439667,ensemble
ETH,phase0,xgb,phase0_xgb,2025-12-04,2025-12-05,-0.03568750802814642,-0.011618788540363311,0.004212046070319236,3134.31640625,3024.432861328125,3098.1101901989528,ensemble
ETH,phase0,xgb,phase0_xgb,2025-12-05,2025-12-06,0.005202266348911221,0.007386382389813662,0.002455787548842592,3024.432861328125,3040.207763671875,3046.855186945537,ensemble
ETH,phase0,xgb,phase0_xgb,2025-12-06,2025-12-07,0.006914380156550823,-0.01328225089237094,0.0042679383839920775,3040.207763671875,3061.3017578125,3000.0939519775375,ensemble
ETH,phase0,xgb,phase0_xgb,2025-12-07,2025-12-08,0.020657404003744346,-0.004701575651415624,0.0035945130689854746,3061.3017578125,3125.197998046875,3046.9425977954247,ensemble
ETH,phase0,xgb,phase0_xgb,2025-12-08,2025-12-09,0.06080292642241868,0.0025107562891207636,0.0034943469215205553,3125.197998046875,3321.114990234375,3133.0544672878,ensemble
ETH,phase0,xgb,phase0_xgb,2025-12-09,2025-12-10,0.001286434597521452,-0.00767463588854298,0.004020908137105846,3321.114990234375,3325.39013671875,3295.7241991051837,ensemble
ETH,phase0,xgb,phase0_xgb,2025-12-10,2025-12-11,-0.02692245348848621,0.0001718091545626521,0.003557229403965087,3325.39013671875,3237.056884765625,3325.9615182696157,ensemble
ETH,phase0,xgb,phase0_xgb,2025-12-11,2025-12-12,-0.048381125268667786,-0.008096374571323395,0.0026718814280137938,3237.056884765625,3084.172607421875,3210.9542705769236,ensemble
ETH,phase0,xgb,phase0_xgb,2025-12-12,2025-12-13,0.010489822947687412,-0.011759511101990939,0.0071229877915068305,3084.172607421875,3116.6953125,3048.116661057288,ensemble
ETH,phase0,xgb,phase0_xgb,2025-12-13,2025-12-14,-0.01816399360114702,0.000409974018111825,0.0021768046430214495,3116.6953125,3060.5947265625,3117.973338561335,ensemble
ETH,phase0,xgb,phase0_xgb,2025-12-14,2025-12-15,-0.03200777016588088,-0.009773886855691671,0.002800127060147696,3060.5947265625,2964.18310546875,3030.826532450961,ensemble
ETH,phase0,xgb,phase0_xgb,2025-12-15,2025-12-16,-7.412721688312701e-07,0.0031025923322886228,0.0030854184773501437,2964.18310546875,2964.180908203125,2973.3940387399834,ensemble
ETH,phase0,xgb,phase0_xgb,2025-12-16,2025-12-17,-0.045828192848759323,0.0303023524582386,0.00461855140754091,2964.180908203125,2831.403564453125,3055.377317516507,ensemble
ETH,phase0,xgb,phase0_xgb,2025-12-17,2025-12-18,-0.0015320294953636582,-0.007591079804114997,0.006431458481420768,2831.403564453125,2827.069091796875,2809.9915271012424,ensemble
ETH,phase0,xgb,phase0_xgb,2025-12-18,2025-12-19,0.05200157806139122,-0.009251119988039135,0.004742801026327452,2827.069091796875,2977.970703125,2801.036139063937,ensemble
ETH,phase0,xgb,phase0_xgb,2025-12-19,2025-12-20,-0.0001303602133292682,-0.008077035797759891,0.0026481662695265903,2977.970703125,2977.58251953125,2954.0144053279078,ensemble
ETH,phase0,xgb,phase0_xgb,2025-12-20,2025-12-21,0.008038330984924418,-0.01059802109375596,0.002790853452558628,2977.58251953125,3001.61376953125,2946.1926661483794,ensemble
ETH,phase0,xgb,phase0_xgb,2025-12-21,2025-12-22,0.0014847515809792915,0.004104322765488178,0.00314738792814981,3001.61376953125,3006.07373046875,3013.958677672863,ensemble
ETH,phase0,xgb,phase0_xgb,2025-12-22,2025-12-23,-0.014306326840175283,-0.005706572253257036,0.0011525504782219237,3006.07373046875,2963.3740234375,2988.968206900341,ensemble
ETH,phase0,xgb,phase0_xgb,2025-12-23,2025-12-24,-0.0060191597554604985,-0.004894601344130933,0.003471019583684163,2963.3740234375,2945.590576171875,2948.90492807251,ensemble
ETH,phase0,xgb,phase0_xgb,2025-12-24,2025-12-25,-0.014365015056822026,-0.013455808721482753,0.0029739990462561757,2945.590576171875,2903.57958984375,2906.2207432967803,ensemble
ETH,phase0,xgb,phase0_xgb,2025-12-25,2025-12-26,0.007605038907991378,-0.009195287711918354,0.0026022335168616774,2903.57958984375,2925.74560546875,2877.002718373795,ensemble
ETH,phase0,xgb,phase0_xgb,2025-12-26,2025-12-27,0.0075770385642638756,0.007227655546739697,0.004307869642052431,2925.74560546875,2947.998291015625,2946.968490384955,ensemble
ETH,phase0,xgb,phase0_xgb,2025-12-27,2025-12-28,0.00019327323098403297,0.005239637941122055,0.0014097225036671154,2947.998291015625,2948.568115234375,2963.485272367771,ensemble
ETH,phase0,xgb,phase0_xgb,2025-12-28,2025-12-29,-0.00476952504017534,0.009970725793391467,0.0016492301114009538,2948.568115234375,2934.538330078125,2978.1145342352484,ensemble
ETH,phase0,xgb,phase0_xgb,2025-12-29,2025-12-30,0.012488715813386491,-0.006828023493289948,0.0027321544869072845,2934.538330078125,2971.416748046875,2914.5694848725634,ensemble
ETH,phase0,xgb,phase0_xgb,2025-12-30,2025-12-31,-0.0014748454494985343,0.019462964311242104,0.003884716387684685,2971.416748046875,2967.03759765625,3029.8157919359696,ensemble
ETH,phase0,xgb,phase0_xgb,2025-12-31,2026-01-01,0.01117969589667102,-0.008556600846350192,0.0019171283702220806,2967.03759765625,3000.394287109375,2941.7581485517244,ensemble
ETH,phase0,xgb,phase0_xgb,2026-01-01,2026-01-02,0.04050579142356504,-0.000706946468562819,0.0024101467817035445,3000.394287109375,3124.422607421875,2998.27391854565,ensemble
ETH,phase0,xgb,phase0_xgb,2026-01-02,2026-01-03,0.0004783333560596635,-0.007805307162925601,0.0032203496058123044,3124.422607421875,3125.91748046875,3100.1304564429142,ensemble
ETH,phase0,xgb,phase0_xgb,2026-01-03,2026-01-04,0.004721198192569982,0.013898542337119579,0.002554751991843574,3125.91748046875,3140.71044921875,3169.6664964431325,ensemble
ETH,phase0,xgb,phase0_xgb,2026-01-04,2026-01-05,0.02683435946003148,0.007205292908474803,0.0033650841880535423,3140.71044921875,3226.13037109375,3163.4219110558015,ensemble
ETH,phase0,xgb,phase0_xgb,2026-01-05,2026-01-06,0.021410072765534124,0.0015070774999912829,0.002438159365105769,3226.13037109375,3295.94677734375,3230.9960651561382,ensemble
ETH,phase0,xgb,phase0_xgb,2026-01-06,2026-01-07,-0.039957957746070624,0.0018555824412032963,0.003061612987843003,3295.94677734375,3166.843994140625,3302.06835610148,ensemble
ETH,phase0,xgb,phase0_xgb,2026-01-07,2026-01-08,-0.01992066167813984,0.0003828756976872683,0.0020990728363027354,3166.843994140625,3104.382568359375,3168.056733893823,ensemble
ETH,phase0,xgb,phase0_xgb,2026-01-08,2026-01-09,-0.006896412519137501,0.006599036976695061,0.0012479814171708497,3104.382568359375,3083.047119140625,3124.9362463703615,ensemble
ETH,phase0,xgb,phase0_xgb,2026-01-09,2026-01-10,-0.00021121695136130524,0.009608421754091979,0.002031197622868624,3083.047119140625,3082.39599609375,3112.813109238743,ensemble
ETH,phase0,xgb,phase0_xgb,2026-01-10,2026-01-11,0.011768432191719677,0.0001339025446213782,0.0017670339511235227,3082.39599609375,3118.88525390625,3082.808764395904,ensemble
ETH,phase0,xgb,phase0_xgb,2026-01-11,2026-01-12,-0.008552349240195838,0.001978020055685192,0.0029480359049211717,3118.88525390625,3092.3251953125,3125.060576932811,ensemble
ETH,phase0,xgb,phase0_xgb,2026-01-12,2026-01-13,0.07167244785080332,0.0020287570776417853,0.001960982531933598,3092.3251953125,3322.095458984375,3098.6051400260576,ensemble
ETH,phase0,xgb,phase0_xgb,2026-01-13,2026-01-14,0.009773355035415114,0.02352900058031082,0.002890739248992685,3322.095458984375,3354.72265625,3401.1878789091083,ensemble
ETH,phase0,xgb,phase0_xgb,2026-01-14,2026-01-15,-0.01127779653171091,0.005222675483673811,0.0016974966583555473,3354.72265625,3317.101318359375,3372.289116051751,ensemble
ETH,phase0,xgb,phase0_xgb,2026-01-15,2026-01-16,-0.006538811242779367,0.004975214134901762,0.0025380656909811507,3317.101318359375,3295.482177734375,3333.6457295930563,ensemble
ETH,phase0,xgb,phase0_xgb,2026-01-16,2026-01-17,0.004052512545503773,-0.002586373733356595,0.0018653832349017833,3295.482177734375,3308.8642578125,3286.969841977095,ensemble
ETH,phase0,xgb,phase0_xgb,2026-01-17,2026-01-18,-0.008408684018054191,0.006618738360702992,0.0016907872791005845,3308.8642578125,3281.15771484375,3330.837401634993,ensemble
ETH,phase0,xgb,phase0_xgb,2026-01-18,2026-01-19,-0.029235184793820444,0.010677492618560791,0.0030215563752339475,3281.15771484375,3186.62109375,3316.3799601196324,ensemble
ETH,phase0,xgb,phase0_xgb,2026-01-19,2026-01-20,-0.08204732940901807,-0.0009193482343107462,0.003281852848001782,3186.62109375,2935.605712890625,3183.6928255294006,ensemble
ETH,phase0,xgb,phase0_xgb,2026-01-20,2026-01-21,0.014640674097217414,-0.0022500245831906796,0.0007993241869722658,2935.605712890625,2978.901123046875,2929.0079532142895,ensemble
ETH,phase0,xgb,phase0_xgb,2026-01-21,2026-01-22,-0.009873624051331843,-0.008590594213455916,0.004157842089337195,2978.901123046875,2949.63330078125,2953.420197147972,ensemble
ETH,phase0,xgb,phase0_xgb,2026-01-22,2026-01-23,0.0012275504187740749,0.0026826532324776054,0.0035834302428297245,2949.63330078125,2953.25634765625,2957.556767294889,ensemble
ETH,phase0,xgb,phase0_xgb,2026-01-23,2026-01-24,-0.0015302026847261398,-0.005420810077339411,0.004605464490430253,2953.25634765625,2948.74072265625,2937.290618574759,ensemble
ETH,phase0,xgb,phase0_xgb,2026-01-24,2026-01-25,-0.046095446910964524,-0.0030811501084826885,0.0015199882629308085,2948.74072265625,2815.90234375,2939.6691924086563,ensemble
ETH,phase0,xgb,phase0_xgb,2026-01-25,2026-01-26,0.0385097283715548,0.030387899652123452,0.0045340778275888265,2815.90234375,2926.45703125,2902.785108264006,ensemble
ETH,phase0,xgb,phase0_xgb,2026-01-26,2026-01-27,0.03219617504335294,-0.0018743616761639713,0.004991940750383281,2926.45703125,3022.2109375,2920.9769297941652,ensemble
ETH,phase0,xgb,phase0_xgb,2026-01-27,2026-01-28,-0.005176321307197195,-0.007098077097907662,0.003306446614188799,3022.2109375,3006.607421875,3000.8350050159124,ensemble
ETH,phase0,xgb,phase0_xgb,2026-01-28,2026-01-29,-0.06470236643237812,-0.020060164481401445,0.0021798932851511414,3006.607421875,2818.232666015625,2946.8953023148697,ensemble
ETH,phase0,xgb,phase0_xgb,2026-01-29,2026-01-30,-0.04197886796827195,-0.00324843586422503,0.004986525205795269,2818.232666015625,2702.375244140625,2809.092671330233,ensemble
ETH,phase0,xgb,phase0_xgb,2026-01-30,2026-01-31,-0.10004843937927187,-0.0014439409016631544,0.0031845060650830216,2702.375244140625,2445.091796875,2698.4759898178536,ensemble
ETH,phase0,xgb,phase0_xgb,2026-01-31,2026-02-01,-0.07519978220290023,0.012195591069757938,0.002115472659331063,2445.091796875,2267.96484375,2475.0937102371477,ensemble
ETH,phase0,xgb,phase0_xgb,2026-02-01,2026-02-02,0.03312814665299069,0.031818225234746936,0.007045776397653855,2267.96484375,2344.356689453125,2341.287776869597,ensemble
ETH,phase0,xgb,phase0_xgb,2026-02-02,2026-02-03,-0.05110473707553693,-0.02361549735069275,0.0061349371191696915,2344.356689453125,2227.558837890625,2289.6421387254777,ensemble
ETH,phase0,xgb,phase0_xgb,2026-02-03,2026-02-04,-0.03846435100865618,0.016242717485874893,0.006452138882535103,2227.558837890625,2143.504150390625,2264.035888025406,ensemble
ETH,phase0,xgb,phase0_xgb,2026-02-04,2026-02-05,-0.16268108635736284,-0.0004947553970851004,0.0033450985798478654,2143.504150390625,1821.68310546875,2142.443902446869,ensemble
ETH,phase0,xgb,phase0_xgb,2026-02-05,2026-02-06,0.12458793243377704,0.013370549585670233,0.004310826365407655,1821.68310546875,2063.386962890625,1846.203570510851,ensemble
ETH,phase0,xgb,phase0_xgb,2026-02-06,2026-02-07,0.013078072860626821,-0.005931340670213103,0.007856619448744245,2063.386962890625,2090.54931640625,2051.184536028847,ensemble
ETH,phase0,xgb,phase0_xgb,2026-02-07,2026-02-08,-0.00085486651992098,0.023709260486066343,0.005022200127638592,2090.54931640625,2088.762939453125,2140.7069452858573,ensemble
ETH,phase0,xgb,phase0_xgb,2026-02-08,2026-02-09,0.007062777520560773,0.011433679051697255,0.004674040199005357,2088.762939453125,2103.567626953125,2112.7822373216536,ensemble
ETH,phase0,xgb,phase0_xgb,2026-02-09,2026-02-10,-0.04078608660125574,0.0060477907769382,0.007331845778383374,2103.567626953125,2019.4974365234373,2116.3281113222247,ensemble
ETH,phase0,xgb,phase0_xgb,2026-02-10,2026-02-11,-0.03984048759789168,-0.0001962368842214346,0.006930880347246861,2019.4974365234373,1940.621337890625,2019.1011755205845,ensemble
ETH,phase0,xgb,phase0_xgb,2026-02-11,2026-02-12,0.003251056309532056,-0.01621546149253845,0.00458597585025923,1940.621337890625,1946.940673828125,1909.4070284881716,ensemble
ETH,phase0,xgb,phase0_xgb,2026-02-12,2026-02-13,0.05086191072713562,-0.012335354182869195,0.004831133320042672,1946.940673828125,2048.52734375,1923.0719880460053,ensemble
ETH,phase0,xgb,phase0_xgb,2026-02-13,2026-02-14,0.018131871977993777,0.005008231569081545,0.002531508492205342,2048.52734375,2086.009765625,2058.8125769798025,ensemble
ETH,phase0,xgb,phase0_xgb,2026-02-14,2026-02-15,-0.05923016066341757,0.01195277962833643,0.0036195675441914343,2086.009765625,1966.04296875,2111.092989143864,ensemble
ETH,phase0,xgb,phase0_xgb,2026-02-15,2026-02-16,0.016082623092426845,-0.009008653555065393,0.002887410506595436,1966.04296875,1997.917724609375,1948.4111076780018,ensemble
ETH,phase0,xgb,phase0_xgb,2026-02-16,2026-02-17,-0.002868787898831094,-0.007354271318763495,0.003191247876384601,1997.917724609375,1992.1943359375,1983.2783923816,ensemble
ETH,phase0,xgb,phase0_xgb,2026-02-17,2026-02-18,-0.019371403139241388,-0.00444768430897966,0.002436316907408037,1992.1943359375,1953.97412109375,1983.353359958449,ensemble
ETH,phase0,xgb,phase0_xgb,2026-02-18,2026-02-19,-0.002958901252870125,0.015979843586683272,0.004630598937280244,1953.97412109375,1948.2010498046875,1985.4491350478086,ensemble
ETH,phase0,xgb,phase0_xgb,2026-02-19,2026-02-20,0.010630736664791151,-0.006085064634680748,0.0026322755220815055,1948.2010498046875,1969.0223388671875,1936.382116451235,ensemble
ETH,phase0,xgb,phase0_xgb,2026-02-20,2026-02-21,0.0023916477643178046,-0.00044174492359161377,0.0037223972906091046,1969.0223388671875,1973.7371826171875,1968.152725332378,ensemble
ETH,phase0,xgb,phase0_xgb,2026-02-21,2026-02-22,-0.008104381025179103,-0.0003899922128766775,0.002796797668614101,1973.7371826171875,1957.805908203125,1972.9675905629101,ensemble
ETH,phase0,xgb,phase0_xgb,2026-02-22,2026-02-23,-0.053668696967508325,-0.007750964071601629,0.003253494642212843,1957.805908203125,1855.5028076171875,1942.689683286192,ensemble
ETH,phase0,xgb,phase0_xgb,2026-02-23,2026-02-24,-0.001366236763411363,-0.009237680677324533,0.0031650334216476376,1855.5028076171875,1852.969482421875,1838.4411913946742,ensemble
ETH,phase0,xgb,phase0_xgb,2026-02-24,2026-02-25,0.10330529755605292,0.007086416613310576,0.0025168367989423512,1852.969482421875,2054.6279296875,1866.1470318034637,ensemble
ETH,phase0,xgb,phase0_xgb,2026-02-25,2026-02-26,-0.013640230652308093,0.009175191354006528,0.0030885226154765636,2054.6279296875,2026.7926025390625,2073.5662827514266,ensemble
ETH,phase0,xgb,phase0_xgb,2026-02-26,2026-02-27,-0.04853988358482078,0.0008105142507702113,0.005268607653814328,2026.7926025390625,1930.7618408203125,2028.4360127405027,ensemble
ETH,phase0,xgb,phase0_xgb,2026-02-27,2026-02-28,0.017603302415937827,-0.009500945638865232,0.004362962237171732,1930.7618408203125,1965.050537109375,1912.5046451772012,ensemble
ETH,phase0,xgb,phase0_xgb,2026-02-28,2026-03-01,-0.013311214361673498,-0.020914509892463684,0.0031426895489179082,1965.050537109375,1939.066650390625,1924.3792606328159,ensemble
ETH,phase0,xgb,phase0_xgb,2026-03-01,2026-03-02,0.04448277882265156,-0.0017408827668987214,0.0051387030097852435,1939.066650390625,2027.2689208984373,1935.6938993090182,ensemble
ETH,phase0,xgb,phase0_xgb,2026-03-02,2026-03-03,-0.02219521539096451,0.0068771770456805825,0.005340431720381584,2027.2689208984373,1982.7689208984373,2041.2588586877227,ensemble
ETH,phase0,xgb,phase0_xgb,2026-03-03,2026-03-04,0.06998564880773499,-0.025309983268380166,0.00416574893976483,1982.7689208984373,2126.50537109375,1933.2148246735903,ensemble
ETH,phase0,xgb,phase0_xgb,2026-03-04,2026-03-05,-0.026156066067129717,0.0005132626421982423,0.0037757346250353583,2126.50537109375,2071.60546875,2127.5971070088294,ensemble
ETH,phase0,xgb,phase0_xgb,2026-03-05,2026-03-06,-0.04585794631276462,-0.006219569477252662,0.005669509678782924,2071.60546875,1978.751220703125,2058.7609596713273,ensemble
ETH,phase0,xgb,phase0_xgb,2026-03-06,2026-03-07,-0.004708868776353749,0.010283917328342796,0.0063588432634020305,1978.751220703125,1969.4554443359373,1999.205529612565,ensemble
ETH,phase0,xgb,phase0_xgb,2026-03-07,2026-03-08,-0.016820776457913442,-0.013912153244018555,0.002832299188259741,1969.4554443359373,1936.604736328125,1942.2457896927474,ensemble
ETH,phase0,xgb,phase0_xgb,2026-03-08,2026-03-09,0.028673744603590037,-0.01927083171904087,0.007446662549412399,1936.604736328125,1992.938232421875,1899.6420471101549,ensemble
ETH,phase0,xgb,phase0_xgb,2026-03-09,2026-03-10,0.021927234478122906,-0.006930830981582403,0.002732815897280255,1992.938232421875,2037.1204833984373,1979.1732707890746,ensemble
ETH,phase0,xgb,phase0_xgb,2026-03-10,2026-03-11,0.007069651069372434,-0.011446578055620193,0.002313122452672313,2037.1204833984373,2051.5732421875,2013.93537301461,ensemble
ETH,phase0,xgb,phase0_xgb,2026-03-11,2026-03-12,0.010455613837732266,-0.012269189395010472,0.0047926640824003065,2051.5732421875,2073.13623046875,2026.555886685138,ensemble
ETH,phase0,xgb,phase0_xgb,2026-03-12,2026-03-13,0.00932731032254328,-0.008790264837443829,0.0006164320347501559,2073.13623046875,2092.5634765625,2054.9926741188856,ensemble
ETH,phase0,xgb,phase0_xgb,2026-03-13,2026-03-14,0.0021592233043722896,0.001728004147298634,0.007072465256538791,2092.5634765625,2097.086669921875,2096.1825609243306,ensemble
ETH,phase0,xgb,phase0_xgb,2026-03-14,2026-03-15,0.03761747257489843,-0.005701178405433893,0.0011001848934383994,2097.086669921875,2177.476318359375,2085.164821269773,ensemble
ETH,phase0,xgb,phase0_xgb,2026-03-15,2026-03-16,0.0767490852405507,-0.0004142621997743845,0.004983453417263746,2177.476318359375,2351.176025390625,2176.574459045784,ensemble
ETH,phase0,xgb,phase0_xgb,2026-03-16,2026-03-17,-0.014187828746907258,-0.005479427939280868,0.0024581158322102763,2351.176025390625,2318.053466796875,2338.3281574157922,ensemble
ETH,phase0,xgb,phase0_xgb,2026-03-17,2026-03-18,-0.05060291819156262,0.012106468994170427,0.0036946492811983415,2318.053466796875,2203.671630859375,2346.287471424306,ensemble
ETH,phase0,xgb,phase0_xgb,2026-03-18,2026-03-19,-0.030523607148640667,-0.026699552312493324,0.0011687116306312183,2203.671630859375,2137.423828125,2145.613102188802,ensemble
ETH,phase0,xgb,phase0_xgb,2026-03-19,2026-03-20,0.004235958585431247,-0.01393712256103754,0.005246491680964294,2137.423828125,2146.4970703125,2107.840919435079,ensemble
ETH,phase0,xgb,phase0_xgb,2026-03-20,2026-03-21,-0.033061992006107994,0.01109753381460905,0.0029224430627855197,2146.4970703125,2076.68994140625,2170.450560634985,ensemble
ETH,phase0,xgb,phase0_xgb,2026-03-21,2026-03-22,-0.011449568094526609,0.0014826285769231617,0.005457491933301064,2076.68994140625,2053.04833984375,2079.7711848641597,ensemble
ETH,phase0,xgb,phase0_xgb,2026-03-22,2026-03-23,0.04713979833568274,-0.009546530153602361,0.004136517584780402,2053.04833984375,2152.14599609375,2033.5421085168875,ensemble
ETH,phase0,xgb,phase0_xgb,2026-03-23,2026-03-24,0.0016520306586044232,-0.004053943406324834,0.005623551955876714,2152.14599609375,2155.704345703125,2143.4389788256476,ensemble
ETH,phase0,xgb,phase0_xgb,2026-03-24,2026-03-25,0.005697480587391201,0.013740485440939665,0.005473020916870838,2155.704345703125,2168.021484375,2185.529204655025,ensemble
ETH,phase0,xgb,phase0_xgb,2026-03-25,2026-03-26,-0.05131370661715102,-0.007793670473620296,0.0054140976430059875,2168.021484375,2059.578369140625,2151.1903128438676,ensemble
ETH,phase0,xgb,phase0_xgb,2026-03-26,2026-03-27,-0.033727669892453536,-0.006903679994866252,0.0020439973608134027,2059.578369140625,1991.27197265625,2045.4086669786348,ensemble
ETH,phase0,xgb,phase0_xgb,2026-03-27,2026-03-28,0.0007141663784116856,-0.0045853092335164545,0.0021831921544851513,1991.27197265625,1992.694580078125,1982.1622762421157,ensemble
ETH,phase0,xgb,phase0_xgb,2026-03-28,2026-03-29,-0.005098999439741094,0.004478006856516004,0.0011671526740700264,1992.694580078125,1982.5596923828125,2001.6378892258274,ensemble
ETH,phase0,xgb,phase0_xgb,2026-03-29,2026-03-30,0.02044726139354914,-0.013075337372720241,0.001898809631103493,1982.5596923828125,2023.514892578125,1956.8057929211334,ensemble
ETH,phase0,xgb,phase0_xgb,2026-03-30,2026-03-31,0.039340814763852025,-0.006405377294868231,0.005328660817048911,2023.514892578125,2104.708251953125,2010.5949389922673,ensemble
ETH,phase0,xgb,phase0_xgb,2026-03-31,2026-04-01,0.016038636316827372,-0.001137608996941708,0.0029314945884378655,2104.708251953125,2138.737060546875,2102.315278302016,ensemble
ETH,phase0,xgb,phase0_xgb,2026-04-01,2026-04-02,-0.03903857547596571,-0.001397500466555357,0.003407768564503078,2138.737060546875,2056.8525390625,2135.750262019193,ensemble
ETH,phase0,xgb,phase0_xgb,2026-04-02,2026-04-03,-0.0016871461717564678,0.004203885700553656,0.0026646995071384627,2056.8525390625,2053.38525390625,2065.5175125576116,ensemble
ETH,phase0,xgb,phase0_xgb,2026-04-03,2026-04-04,0.00581068555550107,0.00916170384734869,0.0024567954948718006,2053.38525390625,2065.3515625,2072.2842025794885,ensemble
ETH,phase0,xgb,phase0_xgb,2026-04-04,2026-04-05,0.020911357684258978,0.014808974042534829,0.005190852446351885,2065.3515625,2108.99560546875,2096.1648939644397,ensemble
ETH,phase0,xgb,phase0_xgb,2026-04-05,2026-04-06,-0.0005853459761497797,0.006194653594866395,0.00213583509708051,2108.99560546875,2107.761474609375,2122.1006513801726,ensemble
ETH,phase0,xgb,phase0_xgb,2026-04-06,2026-04-07,0.06165560497032879,-0.005416117142885923,0.002947825902547629,2107.761474609375,2241.806640625,2096.3764506962084,ensemble
ETH,phase0,xgb,phase0_xgb,2026-04-07,2026-04-08,-0.02322737152703056,0.017398066632449628,0.003598520752788148,2241.806640625,2190.33544921875,2281.151007460786,ensemble
ETH,phase0,xgb,phase0_xgb,2026-04-08,2026-04-09,-0.0005440857898826656,-0.006527931615710259,0.002684566076281806,2190.33544921875,2189.14404296875,2176.083657163078,ensemble
ETH,phase0,xgb,phase0_xgb,2026-04-09,2026-04-10,0.025261127435567108,0.013055895082652568,0.0025041803197493532,2189.14404296875,2245.148681640625,2217.9126693498783,ensemble
ETH,phase0,xgb,phase0_xgb,2026-04-10,2026-04-11,0.017765001038666954,0.006568553112447262,0.002414166575323282,2245.148681640625,2285.39013671875,2259.94460069284,ensemble
ETH,phase0,xgb,phase0_xgb,2026-04-11,2026-04-12,-0.04163060757712065,0.012879899889230727,0.002760120898016132,2285.39013671875,2192.201171875,2315.0161131349037,ensemble
ETH,phase0,xgb,phase0_xgb,2026-04-12,2026-04-13,0.07828539113868566,0.02486759386956692,0.004073998852718365,2192.201171875,2370.71484375,2247.3994195932437,ensemble
ETH,phase0,xgb,phase0_xgb,2026-04-13,2026-04-14,-0.02019924377033633,-0.014420379884541035,0.003037553105469842,2370.71484375,2323.30859375,2336.7735464703587,ensemble
ETH,phase0,xgb,phase0_xgb,2026-04-14,2026-04-15,0.015430748489014857,-0.0044871005462482575,0.007243006882821479,2323.30859375,2359.43701171875,2312.907028376864,ensemble
ETH,phase0,xgb,phase0_xgb,2026-04-15,2026-04-16,-0.004584461790341291,0.0007414449006319046,0.005998637688978688,2359.43701171875,2348.64501953125,2361.1870529588555,ensemble
ETH,phase0,xgb,phase0_xgb,2026-04-16,2026-04-17,0.03037175089257519,0.006002980750054121,0.0027710290204285047,2348.64501953125,2421.07177734375,2362.7862928018626,ensemble
ETH,phase0,xgb,phase0_xgb,2026-04-17,2026-04-18,-0.029326772361462847,-0.001566500379703939,0.0017409269727877911,2421.07177734375,2351.1005859375,2417.2821364971205,ensemble
ETH,phase0,xgb,phase0_xgb,2026-04-18,2026-04-19,-0.0373454427406088,0.010743767395615578,0.0029831574995373236,2351.1005859375,2264.9169921875,2376.4964430639793,ensemble
ETH,phase0,xgb,phase0_xgb,2026-04-19,2026-04-20,0.021963323579239753,-0.008603158313781023,0.0019458490800430455,2264.9169921875,2315.21240234375,2245.515131045468,ensemble
ETH,phase0,xgb,phase0_xgb,2026-04-20,2026-04-21,0.0054954065471357755,-0.016351317428052424,0.0013404849350063767,2315.21240234375,2327.970458984375,2277.6634534353284,ensemble
ETH,phase0,xgb,phase0_xgb,2026-04-21,2026-04-22,0.02045865422003999,0.006774469651281834,0.0017515976954161191,2327.970458984375,2376.088134765625,2343.7947643267225,ensemble
ETH,phase0,xgb,phase0_xgb,2026-04-22,2026-04-23,-0.0189376886242059,-0.02466377094388008,0.004789143249310864,2376.088134765625,2331.513916015625,2318.2016254125983,ensemble
ETH,phase0,xgb,phase0_xgb,2026-04-23,2026-04-24,-0.006810026535066284,0.0020602611417416482,0.0010696855817586095,2331.513916015625,2315.690185546875,2336.322395198758,ensemble
ETH,phase0,xgb,phase0_xgb,2026-04-24,2026-04-25,0.001354581263398566,0.005186727317050099,0.00253963331395944,2315.690185546875,2318.8291015625,2327.7322415240096,ensemble
ETH,phase0,xgb,phase0_xgb,2026-04-25,2026-04-26,0.02171324359272805,0.006963116396218538,0.0011357016204936207,2318.8291015625,2369.72900390625,2335.031723405249,ensemble
ETH,phase0,xgb,phase0_xgb,2026-04-26,2026-04-27,-0.02853520923910551,0.0040129795001121234,0.0031137004470915765,2369.72900390625,2303.06396484375,2379.25778443258,ensemble
ETH,phase0,xgb,phase0_xgb,2026-04-27,2026-04-28,-0.005942025412355139,0.0005201735068112612,0.00414756069306742,2303.06396484375,2289.419677734375,2304.2622693388594,ensemble
ETH,phase0,xgb,phase0_xgb,2026-04-28,2026-04-29,-0.01585118391858995,0.00744466446340084,0.002718212818511994,2289.419677734375,2253.415771484375,2306.527240069028,ensemble
ETH,phase0,xgb,phase0_xgb,2026-04-29,2026-04-30,0.0012574984349416124,0.0045129472855478525,0.0024809277526400032,2253.415771484375,2256.251220703125,2263.608299946331,ensemble
ETH,phase0,xgb,phase0_xgb,2026-04-30,2026-05-01,0.017069008220622378,-0.0069316326640546325,0.002399313130394223,2256.251220703125,2295.09375,2240.6657946708574,ensemble
ETH,phase0,xgb,phase0_xgb,2026-05-01,2026-05-02,0.00916800638403556,-0.00020336353336460888,0.0011735355257874408,2295.09375,2316.23193359375,2294.6270590811628,ensemble
ETH,phase0,xgb,phase0_xgb,2026-05-02,2026-05-03,0.0023302997915724253,-0.0005348095030058176,0.0020412483971405417,2316.23193359375,2321.6357421875,2314.9935219311787,ensemble
ETH,phase0,xgb,phase0_xgb,2026-05-03,2026-05-04,0.010608949945406291,0.006640026904642582,0.0029344429465451545,2321.6357421875,2346.39697265625,2337.1027598568307,ensemble
ETH,phase0,xgb,phase0_xgb,2026-05-04,2026-05-05,0.00628165402969772,0.01755292695015669,0.004984653661973234,2346.39697265625,2361.1826171875,2387.946700177408,ensemble
ETH,phase0,xgb,phase0_xgb,2026-05-05,2026-05-06,-0.004406055141063485,0.006733733043074608,0.0014338355485027084,2361.1826171875,2350.802001953125,2377.13584269771,ensemble
ETH,phase0,xgb,phase0_xgb,2026-05-06,2026-05-07,-0.02572114978849261,0.008931744191795588,0.0014971326406492693,2350.802001953125,2291.107666015625,2371.8928127318486,ensemble
ETH,phase0,xgb,phase0_xgb,2026-05-07,2026-05-08,0.006900517380177334,0.0037874559755437078,0.003279255457990614,2291.107666015625,2306.97216796875,2299.8015889683793,ensemble
ETH,phase0,xgb,phase0_xgb,2026-05-08,2026-05-09,0.008526770803293412,-0.0003762384236324579,0.0010853746743679639,2306.97216796875,2326.727294921875,2306.1043596585614,ensemble
ETH,phase0,xgb,phase0_xgb,2026-05-09,2026-05-10,0.018023789401602215,-0.0029261815594509243,0.0015836165476061051,2326.727294921875,2369.0439453125,2319.9288200545143,ensemble
ETH,phase0,xgb,phase0_xgb,2026-05-10,2026-05-11,-0.012608728464913158,0.010207694303244353,0.0028455479025769805,2369.0439453125,2339.36083984375,2393.3502663913146,ensemble
ETH,phase0,xgb,phase0_xgb,2026-05-11,2026-05-12,-0.028054385823506677,-0.0028656731883529574,0.001585253835261786,2339.36083984375,2274.6435546875,2332.666592550761,ensemble
ETH,phase0,xgb,phase0_xgb,2026-05-12,2026-05-13,-0.007531505292275851,0.00032179844565689565,0.0032354809578294358,2274.6435546875,2257.576416015625,2275.375649234948,ensemble
ETH,phase0,xgb,phase0_xgb,2026-05-13,2026-05-14,0.01029350969888902,-0.0013154350075637923,0.002910193066975878,2257.576416015625,2280.934814453125,2254.60867333,ensemble
ETH,phase0,xgb,phase0_xgb,2026-05-14,2026-05-15,-0.025579807171991084,-0.0029586385935544968,0.002690305831677805,2280.934814453125,2223.328857421875,2274.196325973211,ensemble
ETH,phase0,xgb,phase0_xgb,2026-05-15,2026-05-16,-0.019794470746775893,-0.0036129179177805783,0.002207606217934964,2223.328857421875,2179.751953125,2215.3106460474733,ensemble
ETH,phase0,xgb,phase0_xgb,2026-05-16,2026-05-17,-0.024195229175847065,0.006724328082054853,0.001876226500533966,2179.751953125,2127.645263671875,2194.458711513783,ensemble
ETH,phase0,xgb,phase0_xgb,2026-05-17,2026-05-18,0.0004092183281597835,-0.006723240576684475,0.003257771533256489,2127.645263671875,2128.51611328125,2113.38857198887,ensemble
ETH,phase0,xgb,phase0_xgb,2026-05-18,2026-05-19,-0.00875425372369268,-0.000414438295410946,0.002847859732214868,2128.51611328125,2109.9638671875,2127.634157462264,ensemble
ETH,phase0,xgb,phase0_xgb,2026-05-19,2026-05-20,0.008033908248005973,0.007246487215161324,0.004261509405044955,2109.9638671875,2126.9833984375,2125.309226198779,ensemble
ETH,phase0,xgb,phase0_xgb,2026-05-20,2026-05-21,0.002079303908552925,-0.005519942380487919,0.000828097252773182,2126.9833984375,2131.41064453125,2115.274917433662,ensemble
ETH,phase0,xgb,phase0_xgb,2026-05-21,2026-05-22,-0.031829628880296966,0.009097996167838573,0.0010988975675004316,2131.41064453125,2064.636962890625,2150.8906907309524,ensemble
ETH,phase0,xgb,phase0_xgb,2026-05-22,2026-05-23,0.024550147375465296,-0.005577930342406034,0.0009035962279136805,2064.636962890625,2115.951416015625,2053.152620935298,ensemble
ETH,phase0,xgb,phase0_xgb,2026-05-23,2026-05-24,-0.008522952674199372,-0.0015999499359168113,0.0007124346126299683,2115.951416015625,2097.993896484375,2112.5687064877134,ensemble
ETH,phase0,xgb,phase0_xgb,2026-05-24,2026-05-25,0.006355596261768782,0.0054299637209624056,0.0029820420590840682,2097.993896484375,2111.370361328125,2109.4169124433884,ensemble
ETH,phase0,xgb,phase0_xgb,2026-05-25,2026-05-26,-0.019374108363781214,0.0009547295980155468,0.0027935754501591335,2111.370361328125,2070.858154296875,2113.387111676892,ensemble
ETH,phase0,xgb,phase0_xgb,2026-05-26,2026-05-27,-0.023777930243884346,-0.003953347727656364,0.002015396383450462,2070.858154296875,2022.1982421875,2062.6874932919195,ensemble
ETH,phase0,xgb,phase0_xgb,2026-05-27,2026-05-28,-0.0072687232435778805,0.00010272165527567268,0.0020356219083983366,2022.1982421875,2007.552734375,2022.405976407452,ensemble
ETH,phase0,xgb,phase0_xgb,2026-05-28,2026-05-29,0.00220213888797984,0.0053077282849699255,0.0013368033310016232,2007.552734375,2011.978515625,2018.2366072718523,ensemble
ETH,phase0,xgb,phase0_xgb,2026-05-29,2026-05-30,0.0037107092790728668,0.005251565831713378,0.0022740524705035545,2011.978515625,2019.458251953125,2022.5723460034092,ensemble
ETH,phase0,xgb,phase0_xgb,2026-05-30,2026-05-31,-0.007513679144432405,-0.0052409053314477205,0.002418161402159809,2019.458251953125,2004.341552734375,2008.9021483657214,ensemble
ETH,phase0,xgb,phase0_xgb,2026-05-31,2026-06-01,-0.0005591235515652776,-0.007695844303816557,0.002072359448561505,2004.341552734375,2003.22119140625,1988.9756548301302,ensemble
ETH,phase0,xgb,phase0_xgb,2026-06-01,2026-06-02,-0.07540853835127649,-0.0055649366695433855,0.002013876598061811,2003.22119140625,1857.71630859375,1992.1043532803758,ensemble
ETH,phase0,xgb,phase0_xgb,2026-06-02,2026-06-03,-0.02506448300158351,0.014920501783490182,0.005843174503874849,1857.71630859375,1811.7322998046875,1885.6421840538387,ensemble
ETH,phase0,xgb,phase0_xgb,2026-06-03,2026-06-04,-0.023540908919617697,0.014835148118436337,0.006168038146030471,1811.7322998046875,1769.58056640625,1838.8099708472346,ensemble
ETH,phase0,xgb,phase0_xgb,2026-06-04,2026-06-05,-0.11277301635815795,0.005719465488800779,0.006019644393110013,1769.58056640625,1580.86083984375,1779.7306201572596,ensemble
ETH,phase0,xgb,phase0_xgb,2026-06-05,2026-06-06,-0.00767912718680117,0.008162421430461109,0.0075944611421626335,1580.86083984375,1568.7677001953125,1593.8172983433367,ensemble
ETH,phase0,xgb,phase0_xgb,2026-06-06,2026-06-07,0.07230344307254986,0.012015985511243343,0.004054947279558233,1568.7677001953125,1686.396240234375,1587.7316975358845,ensemble
ETH,phase0,xgb,phase0_xgb,2026-06-07,2026-06-08,0.002222580242866329,0.010071902791969478,0.007781224942559918,1686.396240234375,1690.1485595703125,1703.467283869215,ensemble
ETH,phase0,xgb,phase0_xgb,2026-06-08,2026-06-09,-0.031519541921552284,-0.011842013709247113,0.0029310178890490225,1690.1485595703125,1637.7066650390625,1670.2518382949506,ensemble
ETH,phase0,xgb,phase0_xgb,2026-06-09,2026-06-10,-0.010785745482471555,0.00290223341435194,0.0012390796279848869,1637.7066650390625,1620.1376953125,1642.4665758903625,ensemble
ETH,phase0,xgb,phase0_xgb,2026-06-10,2026-06-11,0.03167720451879468,-0.009474066132679582,0.007143565543880275,1620.1376953125,1672.2806396484375,1604.86088466797,ensemble
ETH,phase0,xgb,phase0_xgb,2026-06-11,2026-06-12,-0.004286465439468386,-0.007428672305104555,0.004414888550392455,1672.2806396484375,1665.1278076171875,1659.9038432744608,ensemble
ETH,phase0,xgb,phase0_xgb,2026-06-12,2026-06-13,0.009019641302053691,0.0003073931089602411,0.003243806143726466,1665.1278076171875,1680.214599609375,1665.6397351082476,ensemble
ETH,phase0,xgb,phase0_xgb,2026-06-13,2026-06-14,0.02608131744744488,-0.009899751376360654,0.003907807157200081,1680.214599609375,1724.61328125,1663.662956568333,ensemble
ETH,phase0,xgb,phase0_xgb,2026-06-14,2026-06-15,0.03998055531190125,-0.012249174155294895,0.0020357569284910606,1724.61328125,1794.961181640625,1703.6170485988155,ensemble
ETH,phase0,xgb,phase0_xgb,2026-06-15,2026-06-16,-0.002545346375384009,-0.010984574584290386,0.00572159420275422,1794.961181640625,1790.398193359375,1775.3521920388193,ensemble
ETH,phase0,xgb,phase0_xgb,2026-06-16,2026-06-17,-0.024031278966082516,-0.003907064534723758,0.0054961118568787335,1790.398193359375,1747.885498046875,1783.4166396467263,ensemble
ETH,phase0,xgb,phase0_xgb,2026-06-17,2026-06-18,-0.022186275106794908,-0.020295656099915505,0.002964260045093964,1747.885498046875,1709.533447265625,1712.7685809328727,ensemble
ETH,phase0,xgb,phase0_xgb,2026-06-18,2026-06-19,0.0008472258287815989,-0.019861633703112603,0.002270207862051559,1709.533447265625,1710.982421875,1675.914290995491,ensemble
ETH,phase0,xgb,phase0_xgb,2026-06-19,2026-06-20,0.016415812264568657,-0.012844633311033249,0.0019014287811258603,1710.982421875,1739.3013916015625,1689.1460205698686,ensemble
ETH,phase0,xgb,phase0_xgb,2026-06-20,2026-06-21,-0.020164455160312907,-0.006968188192695379,0.002098964713897406,1739.3013916015625,1704.58056640625,1727.2237407229957,ensemble
ETH,phase0,xgb,phase0_xgb,2026-06-21,2026-06-22,0.012783452112487081,0.009480122197419404,0.0019417984267726571,1704.58056640625,1726.5108642578125,1720.8170387408798,ensemble
ETH,phase0,xgb,phase0_xgb,2026-06-22,2026-06-23,-0.036015118575190234,0.014294796250760555,0.003194085179746766,1726.5108642578125,1665.436767578125,1751.368227477873,ensemble
ETH,phase0,xgb,phase0_xgb,2026-06-23,2026-06-24,-0.027707605238555068,-0.006195532204583287,0.00274118028828179,1665.436767578125,1619.9249267578125,1655.1503981196986,ensemble
ETH,phase0,xgb,phase0_xgb,2026-06-24,2026-06-25,-0.03461114583410765,-0.01483628824353218,0.001463967232235928,1619.9249267578125,1564.816650390625,1596.0686604261982,ensemble
ETH,phase0,xgb,phase0_xgb,2026-06-25,2026-06-26,0.00751217354974333,0.015218001604080201,0.003443226964310968,1564.816650390625,1576.6160888671875,1588.812151386149,ensemble
ETH,phase0,xgb,phase0_xgb,2026-06-26,2026-06-27,-0.003194097811799365,-0.007523253187537193,0.0016884729815994225,1576.6160888671875,1571.5882568359375,1564.7993128849716,ensemble
ETH,phase0,xgb,phase0_xgb,2026-06-27,2026-06-28,-0.0007810761173124416,-0.005179618910187855,0.0035111609895971795,1571.5882568359375,1570.3612060546875,1563.4690738706963,ensemble
ETH,phase0,xgb,phase0_xgb,2026-06-28,2026-06-29,0.025056343014794192,-0.007024593977257609,0.0029926428192609605,1570.3612060546875,1610.205810546875,1559.3687102962153,ensemble
ETH,phase0,xgb,phase0_xgb,2026-06-29,2026-06-30,-0.025551475094469023,-0.021110131964087488,0.004980383582091913,1610.205810546875,1569.5838623046875,1576.5704261883786,ensemble
ETH,phase0,xgb,phase0_xgb,2026-06-30,2026-07-01,0.024777910106091337,-0.009736606944352388,0.0034885395579057612,1569.5838623046875,1608.960693359375,1554.3755997556057,ensemble
ETH,phase0,xgb,phase0_xgb,2026-07-01,2026-07-02,0.053962428648177775,-0.004675178730394691,0.0034743509250856814,1608.960693359375,1698.16943359375,1601.4560709425161,ensemble
ETH,phase0,xgb,phase0_xgb,2026-07-02,2026-07-03,0.0337829584823897,0.00512746365275234,0.004810073584772112,1698.16943359375,1756.5186767578125,1706.899097030832,ensemble
ETH,phase0,xgb,phase0_xgb,2026-07-03,2026-07-04,0.012736109597214896,-0.01348458118736744,0.004343047414299007,1756.5186767578125,1779.032958984375,1732.9917399968995,ensemble
ETH,phase0,xgb,phase0_xgb,2026-07-04,2026-07-05,0.002230758380216772,0.0017892796779051424,0.0029078664977163237,1779.032958984375,1783.0059814453125,1782.2189960098467,ensemble
ETH,phase0,xgb,phase0_xgb,2026-07-05,2026-07-06,0.008137134529373787,-0.009742025868035853,0.005622284220412759,1783.0059814453125,1797.57373046875,1765.7202268966644,ensemble
ETH,phase0,xgb,phase0_xgb,2026-07-06,2026-07-07,-0.016299610142193822,-0.00036754541797563435,0.002970617736172296,1797.57373046875,1768.511474609375,1796.9131618825577,ensemble
ETH,phase0,xgb,phase0_xgb,2026-07-07,2026-07-08,-0.014715429926392411,0.002067961194552481,0.00439032482398577,1768.511474609375,1742.6776123046875,1772.1724718063797,ensemble
ETH,phase0,xgb,phase0_xgb,2026-07-08,2026-07-09,0.0010363767887721133,-0.01438701469451189,0.0030229553511027345,1742.6776123046875,1744.484619140625,1717.7851771680907,ensemble
ETH,phase0,xgb,phase0_xgb,2026-07-09,2026-07-10,0.028931987175530218,-0.00012856671819463372,0.00391053301679307,1744.484619140625,1795.6932373046875,1744.260350895226,ensemble
ETH,phase0,xgb,phase0_xgb,2026-07-10,2026-07-11,-0.004237766868141637,-0.0031091406475752593,0.0015344673050690688,1795.6932373046875,1788.099609375,1790.1188447457762,ensemble
ETH,phase0,xgb,phase0_xgb,2026-07-11,2026-07-12,0.00984372406415057,-0.0045515617821365595,0.0016359927345268054,1788.099609375,1805.7880859375,1779.9794572359542,ensemble
ETH,phase0,xgb,phase0_xgb,2026-07-12,2026-07-13,-0.018041700992512517,0.008992353733628989,0.003058259587042889,1805.7880859375,1773.500732421875,1822.0996007140511,ensemble
ETH,phase0,xgb,phase0_xgb,2026-07-13,2026-07-14,0.06334617578601259,0.008306101430207491,0.004400443571082385,1773.500732421875,1889.4798583984373,1788.2929572071444,ensemble
ETH,phase0,xgb,phase0_xgb,2026-07-14,2026-07-15,0.014430524175558828,0.00032896108459681275,0.0021669211245477333,1889.4798583984373,1916.9437255859373,1890.1015259885962,ensemble
ETH,phase0,xgb,phase0_xgb,2026-07-15,2026-07-16,-0.028440232689138405,-0.004725494078593328,0.0034363636607497657,1916.9437255859373,1863.193359375,1907.9065886470514,ensemble
ETH,phase0,xgb,phase0_xgb,2026-07-16,2026-07-17,-0.011989404987594009,0.0008610043405496981,0.0020562651499464106,1863.193359375,1840.9881591796875,1864.798267762102,ensemble
ETH,phase0,xgb,phase0_xgb,2026-07-17,2026-07-18,0.011022172689536534,-0.008818547241389751,0.0009238155875713005,1840.9881591796875,1861.39208984375,1824.8246920247252,ensemble
ETH,phase0,xgb,phase0_xgb,2026-07-18,2026-07-19,0.005420170979573819,0.0023014742007944735,0.00203753102169604,1861.39208984375,1871.508544921875,1865.6809691955723,ensemble
ETH,phase0,xgb,phase0_xgb,2026-07-19,2026-07-20,0.01708549188125397,0.013047410547733307,0.0019403567771507037,1871.508544921875,1903.7589111328125,1896.0868783814408,ensemble
ETH,phase0,xgb,phase0_xgb,2026-07-20,2026-07-21,0.012851931047764876,-0.008505775686353445,0.0020870674190229593,1903.7589111328125,1928.3837890625,1887.6346368174643,ensemble
ETH,phase0,xgb,phase0_xgb,2026-07-21,2026-07-22,0.0026444810723667356,0.0024965106218587606,0.00165060320548,1928.3837890625,1933.4901123046875,1933.2040340678018,ensemble
ETH,phase0,xgb,phase0_xgb,2026-07-22,2026-07-23,-0.029598568421148785,-0.0009648191975429654,0.0031532556736310175,1933.4901123046875,1877.1002197265625,1931.6255435565784,ensemble
ETH,phase0,xgb,phase0_xgb,2026-07-23,2026-07-24,-0.009056635454748527,0.008350038807839156,0.001980833873918265,1877.1002197265625,1860.1767578125,1892.83970059511,ensemble
ETH,phase0,xgb,phase0_xgb,2026-07-24,2026-07-25,0.006988648574768904,-0.00640094056725502,0.0013502368993665013,1860.1767578125,1873.222412109375,1848.3079033812983,ensemble
ETH,phase0,xgb,phase0_xgb,2026-07-25,2026-07-26,0.041917042836694604,0.009870917908847332,0.0035358617920769565,1873.222412109375,1953.4112548828125,1891.8043965078527,ensemble
ETH,phase0,xgb,phase0_xgb,2026-07-26,2026-07-27,-0.032675812699619874,-0.009432316944003104,0.004596852752442378,1953.4112548828125,1890.613525390625,1935.072684372334,ensemble
ETH,phase0,xgb,phase0_xgb,2026-07-27,2026-07-28,0.015396962638548027,0.004782695509493351,0.0029051152585127795,1890.613525390625,1919.948486328125,1899.6774118357932,ensemble
ETH,phase0,xgb,phase0_xgb,2026-07-28,2026-07-29,-0.005970784512141466,0.005176891619339585,0.002159904722537129,1919.948486328125,1908.51904296875,1929.9136235185292,ensemble
ETH,phase0,xgb,phase0_xgb,2026-07-29,2026-07-30,0.004628409644754907,-0.007244613952934742,0.0030681988335520675,1908.51904296875,1917.3729248046875,1894.7425223218195,ensemble
ETH,phase0,xgb,phase0_xgb,2026-07-30,2026-07-31,-0.03019351719084729,0.001707622327376157,0.0011664635120663504,1917.3729248046875,1860.345947265625,1920.6498707177032,ensemble
ETH,phase0,xgb,phase0_xgb,2026-07-31,2026-08-01,-0.009141155880177469,0.00493028371129185,0.0027937900091092463,1860.345947265625,1843.417724609375,1869.5406281543853,ensemble
ETH,phase0,xgb,phase0_xgb,2026-08-01,2026-08-02,0.020991044981634618,0.0016607946483418346,0.000542953405135485,1843.417724609375,1882.52197265625,1846.4818066022635,ensemble
ETH,phase0,xgb,phase0_xgb,2026-08-02,2026-08-03,-0.012973686445006478,0.010813472885638475,0.0024549057481665685,1882.52197265625,1858.2564697265625,1902.989033531998,ensemble
ETH,phase0,xgb,phase0_xgb,2026-08-03,2026-08-04,0.005436217682913836,0.0064316113945096735,0.0020942042346040854,1858.2564697265625,1868.3858642578125,1870.2465697115497,ensemble
ETH,phase0,xgb,phase0_xgb,2026-08-04,2026-08-05,0.02020785436698823,-0.00657815826125443,0.005151983124079341,1868.3858642578125,1906.5260009765625,1856.1356624072523,ensemble
ETH,phase0,xgb,phase0_xgb,2026-08-05,2026-08-06,-0.002346545855886157,-0.017939297109842302,0.0011751046811710483,1906.5260009765625,1902.0574951171875,1872.6292158925812,ensemble
ETH,phase0,xgb,phase0_xgb,2026-08-06,2026-08-07,0.005882550580216205,0.0026675703120417893,0.002518626883401709,1902.0574951171875,1913.2794189453125,1907.1381406998264,ensemble
ETH,phase0,xgb,phase0_xgb,2026-08-07,2026-08-08,0.001177148461113393,0.008521483093500138,0.0014258938924187558,1913.2794189453125,1915.532958984375,1929.6530619461953,ensemble
ETH,phase0,xgb,phase0_xgb,2026-08-08,2026-08-09,-0.0035825526559130822,2.2822269238531588e-05,0.0022425331054631258,1915.532958984375,1908.6827392578125,1915.5766762921626,ensemble
ETH,phase0,xgb,phase0_xgb,2026-08-09,2026-08-10,-0.019791352046331357,-0.006259247660636902,0.0013996239638842996,1908.6827392578125,1871.2786865234373,1896.7731327585595,ensemble
ETH,phase0,xgb,phase0_xgb,2026-08-10,2026-08-11,0.005380127113694831,0.016009330563247205,0.005651806879302508,1871.2786865234373,1881.37353515625,1901.4776935406162,ensemble
ETH,phase0,xgb,phase0_xgb,2026-08-11,2026-08-12,-0.0017228455012013328,0.010805512964725494,0.0012009368385786222,1881.37353515625,1878.135009765625,1901.8129717063741,ensemble
ETH,phase0,xgb,phase0_xgb,2026-08-12,2026-08-13,0.0031133074431306308,0.0032611111644655468,0.0029497583464564107,1878.135009765625,1883.9913330078125,1884.2698145175884,ensemble
ETH,phase0,xgb,phase0_xgb,2026-08-13,2026-08-14,-0.001775101080760423,0.0038783162366598845,0.0017962177919121356,1883.9913330078125,1880.6500244140625,1891.3122343933553,ensemble
ETH,phase0,xgb,phase0_xgb,2026-08-14,2026-08-15,0.00013733711278611884,0.00033084464303101413,0.0016779132616785136,1880.6500244140625,1880.9083251953125,1881.2723303376704,ensemble
ETH,phase0,xgb,phase0_xgb,2026-08-15,2026-08-16,-0.003710048377518096,0.00798834916204214,0.0007484635061682576,1880.9083251953125,1873.9429931640625,1895.993851643163,ensemble
ETH,phase0,xgb,phase0_xgb,2026-08-16,2026-08-17,0.020210771727059512,0.0019525416661053895,0.005400519697808868,1873.9429931640625,1912.2021484375,1877.605519392063,ensemble
ETH,phase0,xgb,phase0_xgb,2026-08-17,2026-08-18,0.0022239875598747453,0.009982193261384964,0.004116442514107799,1912.2021484375,1916.4595947265625,1931.3857075413393,ensemble
ETH,phase0,xgb,phase0_xgb,2026-08-18,2026-08-19,0.16109848705425042,0.001918668136931956,0.0025953601602612944,1916.4595947265625,2251.4580078125,1920.140174463109,ensemble
ETH,phase0,xgb,phase0_xgb,2026-08-19,2026-08-20,0.032737450034477825,-0.0019023017142899335,0.005898213453036213,2251.4580078125,2326.384765625,2247.1791265365305,ensemble
ETH,phase0,xgb,phase0_xgb,2026-08-20,2026-08-21,0.07806936059159927,0.0109770517796278,0.0023777882901120256,2326.384765625,2515.28173828125,2352.062285554217,ensemble
ETH,phase0,xgb,phase0_xgb,2026-08-21,2026-08-22,-0.036862118710177375,0.005568409990519285,0.0023289406664063926,2515.28173828125,2424.251220703125,2529.3269266334355,ensemble
ETH,phase0,xgb,phase0_xgb,2026-08-22,2026-08-23,0.01618863252300956,0.0028545479523018,0.002050604888621479,2424.251220703125,2463.81591796875,2431.1812484034945,ensemble
ETH,phase0,xgb,phase0_xgb,2026-08-23,2026-08-24,0.007285380356811502,-0.006638337392359972,0.0011466673746827845,2463.81591796875,2481.831298828125,2447.514443838995,ensemble
ETH,phase0,xgb,phase0_xgb,2026-08-24,2026-08-25,-0.01570466707427711,0.0019495020271278918,0.004270579053382298,2481.831298828125,2443.159423828125,2486.6743532144924,ensemble
ETH,phase0,xgb,phase0_xgb,2026-08-25,2026-08-26,0.02549994808905242,-0.011108033824712038,0.005810987786684203,2443.159423828125,2506.260986328125,2416.170898540343,ensemble
ETH,phase0,xgb,phase0_xgb,2026-08-26,2026-08-27,0.0016541530230063984,-0.011814063135534524,0.003994173479983903,2506.260986328125,2510.41015625,2476.8260761022757,ensemble
ETH,phase0,xgb,phase0_xgb,2026-08-27,2026-08-28,-0.02740935041425752,-0.00551410224288702,0.0040743389038372406,2510.41015625,2442.535888671875,2496.605592841549,ensemble
ETH,phase0,xgb,phase0_xgb,2026-08-28,2026-08-29,0.006183572246544925,-0.005358476983383298,0.002667940416972583,2442.535888671875,2457.686279296875,2429.4826203836715,ensemble
ETH,phase0,xgb,phase0_xgb,2026-08-29,2026-08-30,-0.016304961587388887,0.0030199458124116063,0.005314166429388832,2457.686279296875,2417.938720703125,2465.119577113215,ensemble
ETH,phase0,xgb,phase0_xgb,2026-08-30,2026-08-31,0.020014589550137154,-0.013112548924982547,0.0023236377278700285,2417.938720703125,2466.8203125,2386.4403442466273,ensemble
