asset,phase,model,method,query_date,target_date,actual_return,predicted_return,prediction_std,previous_close,actual_close,predicted_close,seed
BTC,phase0,lstm,phase0_lstm,2025-10-31,2025-11-01,0.004624825172493,0.0015948151238262,0.0003877906539581225,109556.1640625,110064.015625,109731.02528845677,ensemble
BTC,phase0,lstm,phase0_lstm,2025-11-01,2025-11-02,0.0052161412333197,0.00148132196627552,0.00028750850697268927,110064.015625,110639.625,110227.17668623826,ensemble
BTC,phase0,lstm,phase0_lstm,2025-11-02,2025-11-03,-0.0376871829010099,0.00136210739146914,0.0002791404785772354,110639.625,106547.5234375,110790.4307344884,ensemble
BTC,phase0,lstm,phase0_lstm,2025-11-03,2025-11-04,-0.0476408575376077,0.0012629511067643,0.00030269681726386577,106547.5234375,101590.5234375,106682.17276000619,ensemble
BTC,phase0,lstm,phase0_lstm,2025-11-04,2025-11-05,0.0224000613217487,0.00123067795066156,0.00033623336100760404,101590.5234375,103891.8359375,101715.62561914932,ensemble
BTC,phase0,lstm,phase0_lstm,2025-11-05,2025-11-06,-0.0252511824918507,0.00126013666158536,0.00043191968099081437,103891.8359375,101301.2890625,104022.83637069342,ensemble
BTC,phase0,lstm,phase0_lstm,2025-11-06,2025-11-07,0.020238925968734,0.00126789719797664,0.0005369666807138007,101301.2890625,103372.40625,101429.81014159464,ensemble
BTC,phase0,lstm,phase0_lstm,2025-11-07,2025-11-08,-0.0106032122142002,0.00129801127477546,0.0006247028340690385,103372.40625,102282.1171875,103506.67191913808,ensemble
BTC,phase0,lstm,phase0_lstm,2025-11-08,2025-11-09,0.02355183969968,0.00121263031032864,0.0005746798109827031,102282.1171875,104719.640625,102406.22281492107,ensemble
BTC,phase0,lstm,phase0_lstm,2025-11-09,2025-11-10,0.0121202693364623,0.00105049224221142,0.0004998956454436006,104719.640625,105996.59375,104829.70559616119,ensemble
BTC,phase0,lstm,phase0_lstm,2025-11-10,2025-11-11,-0.0287025464768418,0.0008809049497357999,0.0003578396848944695,105996.59375,102997.46875,106090.00781250381,ensemble
BTC,phase0,lstm,phase0_lstm,2025-11-11,2025-11-12,-0.0130391466426769,0.00072729224921196,0.00017391904066079792,102997.46875,101663.1875,103072.4052577778,ensemble
BTC,phase0,lstm,phase0_lstm,2025-11-12,2025-11-13,-0.0195247429765854,0.00059625463327386,0.00015562698703535166,101663.1875,99697.4921875,101723.8227217998,ensemble
BTC,phase0,lstm,phase0_lstm,2025-11-13,2025-11-14,-0.0546228711365914,0.00054181049927134,0.00023363074060372833,99697.4921875,94397.7890625,99751.52397169042,ensemble
BTC,phase0,lstm,phase0_lstm,2025-11-14,2025-11-15,0.0121231064987472,0.0005377634544856201,0.00023475341614820087,94397.7890625,95549.1484375,94448.56639551537,ensemble
BTC,phase0,lstm,phase0_lstm,2025-11-15,2025-11-16,-0.0144639384619225,0.00049494888226032,0.0002759629260983466,95549.1484375,94177.078125,95596.45208719866,ensemble
BTC,phase0,lstm,phase0_lstm,2025-11-16,2025-11-17,-0.0223683827163435,0.00047555146011286,0.0003138506968780905,94177.078125,92093.875,94221.8748227348,ensemble
BTC,phase0,lstm,phase0_lstm,2025-11-17,2025-11-18,0.0092411735633055,0.0005111447964736181,0.00034895014125990704,92093.875,92948.875,92140.96033768085,ensemble
BTC,phase0,lstm,phase0_lstm,2025-11-18,2025-11-19,-0.0160823776998089,0.00060610711079782,0.00042742869217667333,92948.875,91465.9921875,93005.22905064836,ensemble
BTC,phase0,lstm,phase0_lstm,2025-11-19,2025-11-20,-0.0542991431316111,0.0006915288555319059,0.000567782786613523,91465.9921875,86631.8984375,91529.26543551439,ensemble
BTC,phase0,lstm,phase0_lstm,2025-11-20,2025-11-21,-0.0179504904722895,0.0008338794621522118,0.0006793564846580406,86631.8984375,85090.6875,86704.16912670819,ensemble
BTC,phase0,lstm,phase0_lstm,2025-11-21,2025-11-22,-0.0052118723936807,0.0009186971321468601,0.0007394819476725772,85090.6875,84648.359375,85168.89599003571,ensemble
BTC,phase0,lstm,phase0_lstm,2025-11-22,2025-11-23,0.0251585865790003,0.000843192582033184,0.0008190467660528272,84648.359375,86805.0078125,84719.76434354558,ensemble
BTC,phase0,lstm,phase0_lstm,2025-11-23,2025-11-24,0.0167423578108394,0.0007232123918583719,0.0008848529670623069,86805.0078125,88270.5625,86867.80897637806,ensemble
BTC,phase0,lstm,phase0_lstm,2025-11-24,2025-11-25,-0.0105764769567544,0.0005843425249622429,0.0009346383111154762,88270.5625,87341.890625,88322.15781657174,ensemble
BTC,phase0,lstm,phase0_lstm,2025-11-25,2025-11-26,0.0357225879133364,0.0004691421825554911,0.0009744797936467067,87341.890625,90518.3671875,87382.87600342956,ensemble
BTC,phase0,lstm,phase0_lstm,2025-11-26,2025-11-27,0.0084378061084954,0.00039621071409781937,0.0010263497714606505,90518.3671875,91285.375,90554.23864026001,ensemble
BTC,phase0,lstm,phase0_lstm,2025-11-27,2025-11-28,-0.0040186667744196,0.00036196308792565995,0.0011506132126162338,91285.375,90919.265625,91318.42291691966,ensemble
BTC,phase0,lstm,phase0_lstm,2025-11-28,2025-11-29,-0.0007427786269465,0.0005311284970957799,0.001465299564846584,90919.265625,90851.7578125,90967.56826422705,ensemble
BTC,phase0,lstm,phase0_lstm,2025-11-29,2025-11-30,-0.0050477925731327,0.00075431287987158,0.0018242890362020019,90851.7578125,90394.3125,90920.31431685342,ensemble
BTC,phase0,lstm,phase0_lstm,2025-11-30,2025-12-01,-0.046101838054076,0.0009252068470232,0.002091452635829811,90394.3125,86321.5703125,90477.98463790573,ensemble
BTC,phase0,lstm,phase0_lstm,2025-12-01,2025-12-02,0.0566209938703037,0.00105659028631636,0.0021503743189883713,86321.5703125,91350.203125,86412.82504613473,ensemble
BTC,phase0,lstm,phase0_lstm,2025-12-02,2025-12-03,0.0235582620118316,0.00115104353171772,0.0020671375661209077,91350.203125,93527.8046875,91455.4117236507,ensemble
BTC,phase0,lstm,phase0_lstm,2025-12-03,2025-12-04,-0.0149319728659321,0.0012073928548489,0.001958601961789371,93527.8046875,92141.625,93640.7976903548,ensemble
BTC,phase0,lstm,phase0_lstm,2025-12-04,2025-12-05,-0.0303430599756753,0.0012666854381677382,0.0017942282417879641,92141.625,89387.7578125,92258.41340610778,ensemble
BTC,phase0,lstm,phase0_lstm,2025-12-05,2025-12-06,-0.0012916460625568,0.0012877426888735293,0.0016662716726496866,89387.7578125,89272.375,89502.9403909424,ensemble
BTC,phase0,lstm,phase0_lstm,2025-12-06,2025-12-07,0.0126145722260143,0.00127508824371032,0.0015453247385159088,89272.375,90405.640625,89386.27775845231,ensemble
BTC,phase0,lstm,phase0_lstm,2025-12-07,2025-12-08,0.0025911959798138,0.0012751359317917,0.0014154159707547775,90405.640625,90640.203125,90520.99363555181,ensemble
BTC,phase0,lstm,phase0_lstm,2025-12-08,2025-12-09,0.0223811926981977,0.0012556555495393347,0.001248933960198929,90640.203125,92691.7109375,90754.08748386572,ensemble
BTC,phase0,lstm,phase0_lstm,2025-12-09,2025-12-10,-0.0072628328466358,0.00118895792693362,0.0010534587451201869,92691.7109375,92020.9453125,92801.98302342527,ensemble
BTC,phase0,lstm,phase0_lstm,2025-12-10,2025-12-11,0.0053149701081481,0.0010950944692012443,0.0009780019366506067,92020.9453125,92511.3359375,92121.77213813571,ensemble
BTC,phase0,lstm,phase0_lstm,2025-12-11,2025-12-12,-0.0245214214521475,0.0010286594817443568,0.0009140982297007868,92511.3359375,90270.4140625,92606.54756215557,ensemble
BTC,phase0,lstm,phase0_lstm,2025-12-12,2025-12-13,0.000313418755633,0.0009216522383212076,0.0008864175989713165,90270.4140625,90298.7109375,90353.65034323507,ensemble
BTC,phase0,lstm,phase0_lstm,2025-12-13,2025-12-14,-0.0237976710179162,0.0007826037995983,0.0009303024632122019,90298.7109375,88175.1796875,90369.40671156097,ensemble
BTC,phase0,lstm,phase0_lstm,2025-12-14,2025-12-15,-0.0201089147130883,0.00070045989705248,0.0009532852541285428,88175.1796875,86419.78125,88236.9645011524,ensemble
BTC,phase0,lstm,phase0_lstm,2025-12-15,2025-12-16,0.0163457369350781,0.0006341448839521,0.0009218380120143306,86419.78125,87843.984375,86474.6012922395,ensemble
BTC,phase0,lstm,phase0_lstm,2025-12-16,2025-12-17,-0.0195448330408544,0.0006151456997031399,0.0009031732434332397,87843.984375,86143.7578125,87898.03784790926,ensemble
BTC,phase0,lstm,phase0_lstm,2025-12-17,2025-12-18,-0.0079397284977681,0.00052225503022784,0.0009368399549116423,86143.7578125,85462.5078125,86188.75857325431,ensemble
BTC,phase0,lstm,phase0_lstm,2025-12-18,2025-12-19,0.0304331549684077,0.00041239779093302,0.0009645124226994603,85462.5078125,88103.3828125,85497.75963031575,ensemble
BTC,phase0,lstm,phase0_lstm,2025-12-19,2025-12-20,0.0027273551221506,0.00034557745675554,0.0009072467952545628,88103.3828125,88344.0,88133.83461688939,ensemble
BTC,phase0,lstm,phase0_lstm,2025-12-20,2025-12-21,0.0031390280669266,0.00031075159204192,0.0008389284920538074,88344.0,88621.75,88371.45730462695,ensemble
BTC,phase0,lstm,phase0_lstm,2025-12-21,2025-12-22,-0.001487584958889,0.00027002330170940007,0.000737825662892193,88621.75,88490.015625,88645.68316864947,ensemble
BTC,phase0,lstm,phase0_lstm,2025-12-22,2025-12-23,-0.0122342749529535,0.00024000846897250004,0.000661576254318656,88490.015625,87414.0,88511.25652706575,ensemble
BTC,phase0,lstm,phase0_lstm,2025-12-23,2025-12-24,0.0022620761040624,0.0002675359704880847,0.0006370922020821432,87414.0,87611.9609375,87437.38951795343,ensemble
BTC,phase0,lstm,phase0_lstm,2025-12-24,2025-12-25,-0.0043148578556266,0.0003289258886070256,0.0005943823126239969,87611.9609375,87234.7421875,87640.78351959081,ensemble
BTC,phase0,lstm,phase0_lstm,2025-12-25,2025-12-26,0.000764168281323,0.00035053182145927236,0.0005602299987921792,87234.7421875,87301.4296875,87265.32610057773,ensemble
BTC,phase0,lstm,phase0_lstm,2025-12-26,2025-12-27,0.005719219565876,0.00041287645481130934,0.0004849180887104931,87301.4296875,87802.15625,87337.48183431849,ensemble
BTC,phase0,lstm,phase0_lstm,2025-12-27,2025-12-28,0.0003835125589097,0.0004334333108999461,0.00044849421809110135,87802.15625,87835.8359375,87840.22087793052,ensemble
BTC,phase0,lstm,phase0_lstm,2025-12-28,2025-12-29,-0.0079748888825797,0.000426455574051898,0.00047131017998046885,87835.8359375,87138.140625,87873.30200757645,ensemble
BTC,phase0,lstm,phase0_lstm,2025-12-29,2025-12-30,0.0147180978087909,0.0004444476006028264,0.00045561240418055105,87138.140625,88430.1328125,87176.87757015528,ensemble
BTC,phase0,lstm,phase0_lstm,2025-12-30,2025-12-31,-0.0104730993492998,0.0004635382720152519,0.0003814738695153904,88430.1328125,87508.828125,88471.13306531702,ensemble
BTC,phase0,lstm,phase0_lstm,2025-12-31,2026-01-01,0.01388073366055,0.0005069159455160204,0.0003587155784424318,87508.828125,88731.984375,87553.19899054947,ensemble
BTC,phase0,lstm,phase0_lstm,2026-01-01,2026-01-02,0.0135745701301948,0.00048196028510572,0.00038239247807459175,88731.984375,89944.6953125,88774.75997472947,ensemble
BTC,phase0,lstm,phase0_lstm,2026-01-02,2026-01-03,0.0072944096271482,0.00047800332249606,0.0004293885810967721,89944.6953125,90603.1875,89987.69945294246,ensemble
BTC,phase0,lstm,phase0_lstm,2026-01-03,2026-01-04,0.0089036899476068,0.00049612155416974,0.0005147331912373101,90603.1875,91413.4921875,90648.14884641954,ensemble
BTC,phase0,lstm,phase0_lstm,2026-01-04,2026-01-05,0.0266514983813646,0.00049856388941406,0.0006195095785223258,91413.4921875,93882.5546875,91459.0790167391,ensemble
BTC,phase0,lstm,phase0_lstm,2026-01-05,2026-01-06,-0.0016366097114998,0.0005724797665607,0.0007001492326035334,93882.5546875,93729.03125,93936.31593763732,ensemble
BTC,phase0,lstm,phase0_lstm,2026-01-06,2026-01-07,-0.0261689672501516,0.00063322099740614,0.0007614538865014656,93729.03125,91308.0546875,93788.40123583107,ensemble
BTC,phase0,lstm,phase0_lstm,2026-01-07,2026-01-08,-0.0030814668927555,0.00067863680887962,0.0007963183070939502,91308.0546875,91027.125,91370.04072498251,ensemble
BTC,phase0,lstm,phase0_lstm,2026-01-08,2026-01-09,-0.0056629301495069,0.00070730549050492,0.0008419011695805875,91027.125,90513.1015625,91091.53176023983,ensemble
BTC,phase0,lstm,phase0_lstm,2026-01-09,2026-01-10,-0.0013980466595052,0.0006749498599674201,0.0008693075326334013,90513.1015625,90386.6484375,90574.21398931678,ensemble
BTC,phase0,lstm,phase0_lstm,2026-01-10,2026-01-11,0.0048651109011003,0.0005035548994783,0.0008350348976542035,90386.6484375,90827.4609375,90432.17453865179,ensemble
BTC,phase0,lstm,phase0_lstm,2026-01-11,2026-01-12,0.0040163809626806,0.0003155116966808886,0.000812563075915603,90827.4609375,91192.9921875,90856.12258511037,ensemble
BTC,phase0,lstm,phase0_lstm,2026-01-12,2026-01-13,0.0442802850314782,0.00023385332078758582,0.0008062313434792742,91192.9921875,95321.78125,91214.32046530269,ensemble
BTC,phase0,lstm,phase0_lstm,2026-01-13,2026-01-14,0.016723797821879,0.0002498486588592766,0.0007730562386238125,95321.78125,96929.328125,95345.60024465341,ensemble
BTC,phase0,lstm,phase0_lstm,2026-01-14,2026-01-15,-0.0143200382747562,0.00040079612081170003,0.0006886037369553463,96929.328125,95551.1875,96968.18480998954,ensemble
BTC,phase0,lstm,phase0_lstm,2026-01-15,2026-01-16,-0.0002728785518896,0.0005271805566735199,0.0006261040974305641,95551.1875,95525.1171875,95601.57350831208,ensemble
BTC,phase0,lstm,phase0_lstm,2026-01-16,2026-01-17,-0.0044610720579804,0.000575076584937,0.0006007238918641972,95525.1171875,95099.921875,95580.06724439903,ensemble
BTC,phase0,lstm,phase0_lstm,2026-01-17,2026-01-18,-0.0155299936581246,0.00053911782160862,0.0006040660665066916,95099.921875,93634.4296875,95151.20576050258,ensemble
BTC,phase0,lstm,phase0_lstm,2026-01-18,2026-01-19,-0.0116102857616082,0.00044984167034273995,0.0006442433956643453,93634.4296875,92553.59375,93676.55983098883,ensemble
BTC,phase0,lstm,phase0_lstm,2026-01-19,2026-01-20,-0.0469242550548211,0.0003850961657008,0.0007248497646900801,92553.59375,88310.90625,92589.24264776132,ensemble
BTC,phase0,lstm,phase0_lstm,2026-01-20,2026-01-21,0.0119993277601487,0.0004603819994372,0.0006604759559386619,88310.90625,89376.9609375,88351.57236184616,ensemble
BTC,phase0,lstm,phase0_lstm,2026-01-21,2026-01-22,0.0009560777691027,0.00065319105633532,0.000570836293182436,89376.9609375,89462.453125,89435.36023990143,ensemble
BTC,phase0,lstm,phase0_lstm,2026-01-22,2026-01-23,0.0004629013309221,0.000841096063231761,0.0005163912573109528,89462.453125,89503.875,89537.73129577913,ensemble
BTC,phase0,lstm,phase0_lstm,2026-01-23,2026-01-24,-0.0044021176235583,0.000979646196356,0.00048377434466007557,89503.875,89110.734375,89591.60009346408,ensemble
BTC,phase0,lstm,phase0_lstm,2026-01-24,2026-01-25,-0.0289008383617947,0.0010123218176885998,0.0004838863263997212,89110.734375,86572.21875,89200.98879114768,ensemble
BTC,phase0,lstm,phase0_lstm,2026-01-25,2026-01-26,0.0193889405513137,0.00109067107550796,0.0005042047942758991,86572.21875,88267.140625,86666.69207522961,ensemble
BTC,phase0,lstm,phase0_lstm,2026-01-26,2026-01-27,0.009420276564581,0.0011508524883538,0.0004803944435450728,88267.140625,89102.5703125,88368.7815590708,ensemble
BTC,phase0,lstm,phase0_lstm,2026-01-27,2026-01-28,0.0009198645005418,0.00128096381667996,0.00043027953593245395,89102.5703125,89184.5703125,89216.78061505902,ensemble
BTC,phase0,lstm,phase0_lstm,2026-01-28,2026-01-29,-0.053227949504083,0.00146466870792208,0.00036955062695745417,89184.5703125,84561.5859375,89315.29187038458,ensemble
BTC,phase0,lstm,phase0_lstm,2026-01-29,2026-01-30,-0.00513284742955,0.0015953555703162598,0.000354243128940862,84561.5859375,84128.65625,84696.5994032666,ensemble
BTC,phase0,lstm,phase0_lstm,2026-01-30,2026-01-31,-0.0677069192719858,0.0017186279408633203,0.0004259410687711788,84128.65625,78621.1171875,84273.36642511468,ensemble
BTC,phase0,lstm,phase0_lstm,2026-01-31,2026-02-01,-0.0211668421472114,0.0017502558068371802,0.0005694166775544452,78621.1171875,76974.4453125,78758.84474846962,ensemble
BTC,phase0,lstm,phase0_lstm,2026-02-01,2026-02-02,0.0220269081578216,0.0017359884222969,0.0006805277090602444,76974.4453125,78688.765625,77108.18811276373,ensemble
BTC,phase0,lstm,phase0_lstm,2026-02-02,2026-02-03,-0.0396004693749769,0.00161419175565236,0.0006954768230201076,78688.765625,75633.546875,78815.8869532319,ensemble
BTC,phase0,lstm,phase0_lstm,2026-02-03,2026-02-04,-0.0351706159417589,0.00150196548784146,0.0007213027463320603,75633.546875,73019.703125,75747.23120572821,ensemble
BTC,phase0,lstm,phase0_lstm,2026-02-04,2026-02-05,-0.1523344080304475,0.00135312386555594,0.0008066353589657062,73019.703125,62702.09765625,73118.57470561622,ensemble
BTC,phase0,lstm,phase0_lstm,2026-02-05,2026-02-06,0.118003181433477,0.0012332483971476608,0.0009662654587877216,62702.09765625,70555.390625,62779.47261915021,ensemble
BTC,phase0,lstm,phase0_lstm,2026-02-06,2026-02-07,-0.0182134028127509,0.0011546745387022044,0.0009322635956758474,70555.390625,69281.96875,70636.90619104031,ensemble
BTC,phase0,lstm,phase0_lstm,2026-02-07,2026-02-08,0.0140852358847471,0.0009038339077960599,0.000909934260766005,69281.96875,70264.7265625,69344.61644984798,ensemble
BTC,phase0,lstm,phase0_lstm,2026-02-08,2026-02-09,-0.0020507154219692,0.0006241785878955409,0.0013176258618111014,70264.7265625,70120.78125,70308.59799068334,ensemble
BTC,phase0,lstm,phase0_lstm,2026-02-09,2026-02-10,-0.0191032375898973,0.00028795037069358003,0.0017572473761854812,70120.78125,68793.9609375,70140.97546228018,ensemble
BTC,phase0,lstm,phase0_lstm,2026-02-10,2026-02-11,-0.0265432212123745,-0.0006433211703552001,0.0013510130309877528,68793.9609375,66991.96875,68749.71855859166,ensemble
BTC,phase0,lstm,phase0_lstm,2026-02-11,2026-02-12,-0.011562368274835,-0.00041228883637816,0.0010070997881726888,66991.96875,66221.84375,66964.35440209223,ensemble
BTC,phase0,lstm,phase0_lstm,2026-02-12,2026-02-13,0.0390337693571557,-3.815567215495943e-05,0.0006532759467819057,66221.84375,68857.84375,66219.31705924448,ensemble
BTC,phase0,lstm,phase0_lstm,2026-02-13,2026-02-14,0.0131259330678483,0.0003311987544293401,0.0005288012843649831,68857.84375,69767.625,68880.65315909813,ensemble
BTC,phase0,lstm,phase0_lstm,2026-02-14,2026-02-15,-0.0141380400688788,0.00071387478092216,0.0007148597313957468,69767.625,68788.1875,69817.44812963431,ensemble
BTC,phase0,lstm,phase0_lstm,2026-02-15,2026-02-16,0.00079878247825,0.0009941493422956599,0.000977986326210676,68788.1875,68843.15625,68856.6072354432,ensemble
BTC,phase0,lstm,phase0_lstm,2026-02-16,2026-02-17,-0.0197888733002862,0.00122186759253964,0.001299427529651362,68843.15625,67494.21875,68927.32488258055,ensemble
BTC,phase0,lstm,phase0_lstm,2026-02-17,2026-02-18,-0.0159636322602148,0.0014241719269193602,0.0016326665813396546,67494.21875,66425.3203125,67590.41060218228,ensemble
BTC,phase0,lstm,phase0_lstm,2026-02-18,2026-02-19,0.0079801259947047,0.00161663013277572,0.001995232420255774,66425.3203125,66957.5234375,66532.79233474482,ensemble
BTC,phase0,lstm,phase0_lstm,2026-02-19,2026-02-20,0.0155289956566322,0.0018040260532870597,0.002359730924056854,66957.5234375,68005.421875,67078.42557675962,ensemble
BTC,phase0,lstm,phase0_lstm,2026-02-20,2026-02-21,-2.4354972344490844e-05,0.0018375138635746801,0.002422418228373108,68005.421875,68003.765625,68130.49765954485,ensemble
BTC,phase0,lstm,phase0_lstm,2026-02-21,2026-02-22,-0.005076923598302,0.0018726162379606999,0.002441667897484663,68003.765625,67659.390625,68131.22988932928,ensemble
BTC,phase0,lstm,phase0_lstm,2026-02-22,2026-02-23,-0.0460126731356427,0.00189777764026074,0.0024920398298120296,67659.390625,64616.73828125,67787.91502046974,ensemble
BTC,phase0,lstm,phase0_lstm,2026-02-23,2026-02-24,-0.0083405104387447,0.0018573635956271998,0.0025193078962484784,64616.73828125,64080.04296875,64736.86658503601,ensemble
BTC,phase0,lstm,phase0_lstm,2026-02-24,2026-02-25,0.0587881628108732,0.00165051014628258,0.00244318384415567,64080.04296875,67960.125,64185.89506079006,ensemble
BTC,phase0,lstm,phase0_lstm,2026-02-25,2026-02-26,-0.0074786108124004,0.00126489759422836,0.002364625962525336,67960.125,67453.7734375,68046.14198848816,ensemble
BTC,phase0,lstm,phase0_lstm,2026-02-26,2026-02-27,-0.0235803453997585,0.00080916591978164,0.0023370996920094498,67453.7734375,65881.796875,67508.37682074541,ensemble
BTC,phase0,lstm,phase0_lstm,2026-02-27,2026-02-28,0.0167686372009838,0.0003241605823859399,0.0023627548898104167,65881.796875,66995.859375,65903.15661845003,ensemble
BTC,phase0,lstm,phase0_lstm,2026-02-28,2026-03-01,-0.0189521272552437,-0.00027150584501214,0.0024392414843627283,66995.859375,65738.1015625,66977.6720766787,ensemble
BTC,phase0,lstm,phase0_lstm,2026-03-01,2026-03-02,0.0451739987422587,-0.0007808970723999799,0.0024736377685152223,65738.1015625,68775.8515625,65686.78690978339,ensemble
BTC,phase0,lstm,phase0_lstm,2026-03-02,2026-03-03,-0.0070359214012543,-0.00128301698423456,0.0024717273006997515,68775.8515625,68293.6484375,68687.66755972365,ensemble
BTC,phase0,lstm,phase0_lstm,2026-03-03,2026-03-04,0.0626701105436228,-0.00172817111779292,0.00243345198225073,68293.6484375,72710.578125,68175.72725008511,ensemble
BTC,phase0,lstm,phase0_lstm,2026-03-04,2026-03-05,-0.026047184090688,-0.00207016948406812,0.002304121437978453,72710.578125,70841.125,72560.21060182688,ensemble
BTC,phase0,lstm,phase0_lstm,2026-03-05,2026-03-06,-0.0389267622298537,-0.00243440855410878,0.0023189474179502825,70841.125,68136.4921875,70668.87850355549,ensemble
BTC,phase0,lstm,phase0_lstm,2026-03-06,2026-03-07,-0.0127600028163738,-0.0026797691243700197,0.0022549294693392256,68136.4921875,67272.59375,67954.1465507179,ensemble
BTC,phase0,lstm,phase0_lstm,2026-03-07,2026-03-08,-0.0195561512724631,-0.00283185355365272,0.0021799728104422524,67272.59375,65969.78125,67082.35710461764,ensemble
BTC,phase0,lstm,phase0_lstm,2026-03-08,2026-03-09,0.0362108831336739,-0.00263233749428758,0.0018669074727679803,65969.78125,68402.3828125,65796.35487983617,ensemble
BTC,phase0,lstm,phase0_lstm,2026-03-09,2026-03-10,0.0220430630536829,-0.0023126142681576,0.0016395878753009227,68402.3828125,69926.921875,68244.37725940034,ensemble
BTC,phase0,lstm,phase0_lstm,2026-03-10,2026-03-11,0.0039671408310243,-0.00201143781596326,0.001564273439046705,69926.921875,70204.8828125,69786.40958323002,ensemble
BTC,phase0,lstm,phase0_lstm,2026-03-11,2026-03-12,0.0041020885103588,-0.00155365193204486,0.0014834538709092599,70204.8828125,70493.4609375,70095.89354829333,ensemble
BTC,phase0,lstm,phase0_lstm,2026-03-12,2026-03-13,0.0067128612385433,-0.00131358765647742,0.0015045573810272142,70493.4609375,70968.265625,70400.92238940376,ensemble
BTC,phase0,lstm,phase0_lstm,2026-03-13,2026-03-14,0.0034653905327112,-0.00116458977572616,0.0014744429533386713,70968.265625,71214.625,70885.66481581677,ensemble
BTC,phase0,lstm,phase0_lstm,2026-03-14,2026-03-15,0.0218791978790222,-0.0010763317113742,0.0014811020173263324,71214.625,72789.9140625,71138.01567671682,ensemble
BTC,phase0,lstm,phase0_lstm,2026-03-15,2026-03-16,0.0280568061089276,-0.0009280977945308602,0.0015452643307588621,72789.9140625,74861.0859375,72722.38924345929,ensemble
BTC,phase0,lstm,phase0_lstm,2026-03-16,2026-03-17,-0.012617278563279,-0.0008908156225515912,0.00161278465812842,74861.0859375,73922.4765625,74794.42820690761,ensemble
BTC,phase0,lstm,phase0_lstm,2026-03-17,2026-03-18,-0.0368841742334174,-0.0009142580369370801,0.0016460063222429203,73922.4765625,71245.578125,73854.92322948673,ensemble
BTC,phase0,lstm,phase0_lstm,2026-03-18,2026-03-19,-0.0188841610476273,-0.0009888616565149199,0.0016367680711240219,71245.578125,69912.7890625,71175.1609267677,ensemble
BTC,phase0,lstm,phase0_lstm,2026-03-19,2026-03-20,0.0086844316474486,-0.0010305035044439,0.0015890073500025715,69912.7890625,70522.5859375,69840.78079712292,ensemble
BTC,phase0,lstm,phase0_lstm,2026-03-20,2026-03-21,-0.0260161056310177,-0.0010286507735145067,0.001488125837168591,70522.5859375,68711.5234375,70450.08012289963,ensemble
BTC,phase0,lstm,phase0_lstm,2026-03-21,2026-03-22,-0.0126881200860849,-0.000894099120523579,0.001431492830448235,68711.5234375,67845.2109375,68650.1159810919,ensemble
BTC,phase0,lstm,phase0_lstm,2026-03-22,2026-03-23,0.044251193034697,-0.0006294297447311692,0.0014221257582778311,67845.2109375,70914.859375,67802.5205803981,ensemble
BTC,phase0,lstm,phase0_lstm,2026-03-23,2026-03-24,-0.0056139915316955,-0.00039181179599836,0.001472355900620485,70914.859375,70517.859375,70887.07953917439,ensemble
BTC,phase0,lstm,phase0_lstm,2026-03-24,2026-03-25,0.0111689244808132,-0.00020613230881282003,0.0015205792423317972,70517.859375,71309.8828125,70503.32486390213,ensemble
BTC,phase0,lstm,phase0_lstm,2026-03-25,2026-03-26,-0.0359529188074161,-4.512429004535999e-05,0.0014994301010173563,71309.8828125,68791.625,71306.66507726442,ensemble
BTC,phase0,lstm,phase0_lstm,2026-03-26,2026-03-27,-0.0363134696852071,0.00014267354272304005,0.0015492165085229965,68791.625,66338.375,68801.44044503394,ensemble
BTC,phase0,lstm,phase0_lstm,2026-03-27,2026-03-28,-0.0002816215791388,0.00028483184287324,0.0015305406212560433,66338.375,66319.6953125,66357.27297284892,ensemble
BTC,phase0,lstm,phase0_lstm,2026-03-28,2026-03-29,-0.0055154098337006,0.00044203483266756,0.001487448905737692,66319.6953125,65954.921875,66349.0174081364,ensemble
BTC,phase0,lstm,phase0_lstm,2026-03-29,2026-03-30,0.0111051817312093,0.0006352415657602201,0.001398427285127599,65954.921875,66691.4453125,65996.83249311545,ensemble
BTC,phase0,lstm,phase0_lstm,2026-03-30,2026-03-31,0.0228562101625793,0.0008330015989485801,0.001302757423009198,66691.4453125,68233.3125,66747.02253782657,ensemble
BTC,phase0,lstm,phase0_lstm,2026-03-31,2026-04-01,-0.0022706442540199,0.00102997423091438,0.00123117318476172,68233.3125,68078.5546875,68303.6272585435,ensemble
BTC,phase0,lstm,phase0_lstm,2026-04-01,2026-04-02,-0.0176341492288758,0.0011603637089137812,0.00112041936492542,68078.5546875,66888.5703125,68157.59642142568,ensemble
BTC,phase0,lstm,phase0_lstm,2026-04-02,2026-04-03,0.0006356502125007,0.0012031650505377402,0.0009544841649043446,66888.5703125,66931.1015625,66969.09673615552,ensemble
BTC,phase0,lstm,phase0_lstm,2026-04-03,2026-04-04,0.0053555444955297,0.00116823345015288,0.0007845729064003471,66931.1015625,67290.515625,67009.33840475103,ensemble
BTC,phase0,lstm,phase0_lstm,2026-04-04,2026-04-05,0.0248248287948484,0.00117822862521274,0.0007038797555146238,67290.515625,68981.8984375,67369.8459621744,ensemble
BTC,phase0,lstm,phase0_lstm,2026-04-05,2026-04-06,-0.0017711667933321,0.0011791879922384,0.0007291765430752989,68981.8984375,68859.828125,69063.28904179992,ensemble
BTC,phase0,lstm,phase0_lstm,2026-04-06,2026-04-07,0.0437692500886501,0.0011418528301873599,0.0007057600858342591,68859.828125,71940.703125,68938.50082240388,ensemble
BTC,phase0,lstm,phase0_lstm,2026-04-07,2026-04-08,-0.0114263865929017,0.00105649673205328,0.0007230434292768383,71940.703125,71123.359375,72016.74840647548,ensemble
BTC,phase0,lstm,phase0_lstm,2026-04-08,2026-04-09,0.0090204739879136,0.0009048461011843199,0.000719329832680887,71123.359375,71767.828125,71187.74419421703,ensemble
BTC,phase0,lstm,phase0_lstm,2026-04-09,2026-04-10,0.0167360714535282,0.0007271026624948199,0.0007456153719058823,71767.828125,72979.046875,71820.029679556,ensemble
BTC,phase0,lstm,phase0_lstm,2026-04-10,2026-04-11,0.0010302658186926,0.0005838151917486898,0.0007350678024717846,72979.046875,73054.2734375,73021.6655907613,ensemble
BTC,phase0,lstm,phase0_lstm,2026-04-11,2026-04-12,-0.0320019564160111,0.0005695258366358365,0.000666110234665858,73054.2734375,70753.40625,73095.8915838792,ensemble
BTC,phase0,lstm,phase0_lstm,2026-04-12,2026-04-13,0.0513922577822332,0.00056012816639848,0.0006405590980861914,70753.40625,74484.640625,70793.04832699474,ensemble
BTC,phase0,lstm,phase0_lstm,2026-04-13,2026-04-14,-0.0040766706589971,0.0005274246635963073,0.0006591313446658897,74484.640625,74181.609375,74523.93602329493,ensemble
BTC,phase0,lstm,phase0_lstm,2026-04-14,2026-04-15,0.0083695046837294,0.00058234655007252,0.0006587356249902004,74181.609375,74805.078125,74224.82136025243,ensemble
BTC,phase0,lstm,phase0_lstm,2026-04-15,2026-04-16,0.0046287244870706,0.00064226560061794,0.0007029162216821753,74805.078125,75152.1328125,74853.13828547305,ensemble
BTC,phase0,lstm,phase0_lstm,2026-04-16,2026-04-17,0.025937296578403,0.00068752419902008,0.0007474234436539998,75152.1328125,77126.875,75203.81948830078,ensemble
BTC,phase0,lstm,phase0_lstm,2026-04-17,2026-04-18,-0.0183274450765037,0.00078753817942922,0.0008457488973169833,77126.875,75726.2109375,77187.63928267827,ensemble
BTC,phase0,lstm,phase0_lstm,2026-04-18,2026-04-19,-0.0250023364949234,0.0009774799225851399,0.0009753343546937189,75726.2109375,73856.3515625,75800.26797704291,ensemble
BTC,phase0,lstm,phase0_lstm,2026-04-19,2026-04-20,0.026932597272259,0.0011446448217611398,0.0010458810915242025,73856.3515625,75872.5234375,73940.93925506667,ensemble
BTC,phase0,lstm,phase0_lstm,2026-04-20,2026-04-21,0.0063097475019448,0.00117575064650734,0.0010398871609435827,75872.5234375,76352.7734375,75961.78306923601,ensemble
BTC,phase0,lstm,phase0_lstm,2026-04-21,2026-04-22,0.0239449523733436,0.00114479087060314,0.0010033556877550387,76352.7734375,78203.1015625,76440.23144649013,ensemble
BTC,phase0,lstm,phase0_lstm,2026-04-22,2026-04-23,0.0008417038623198,0.0011235464713536,0.001021794742550056,78203.1015625,78268.953125,78291.01575990433,ensemble
BTC,phase0,lstm,phase0_lstm,2026-04-23,2026-04-24,-0.0104498554007011,0.0010619524517096201,0.0010373405705317994,78268.953125,77455.3125,78352.11518092298,ensemble
BTC,phase0,lstm,phase0_lstm,2026-04-24,2026-04-25,0.002021098580043,0.0010487068328074599,0.001085690661564118,77455.3125,77612.015625,77536.58302248376,ensemble
BTC,phase0,lstm,phase0_lstm,2026-04-25,2026-04-26,0.0133812250281389,0.00109920894028616,0.001153859207220648,77612.015625,78657.5390625,77697.3743513916,ensemble
BTC,phase0,lstm,phase0_lstm,2026-04-26,2026-04-27,-0.0165479947079337,0.0011712270672433,0.001242467245642812,78657.5390625,77366.625,78749.71887249954,ensemble
BTC,phase0,lstm,phase0_lstm,2026-04-27,2026-04-28,-0.0132186544907372,0.00125448283506554,0.001308782655519534,77366.625,76350.671875,77463.74100551424,ensemble
BTC,phase0,lstm,phase0_lstm,2026-04-28,2026-04-29,-0.0075534590417408,0.0013336530071683,0.0013767243985870071,76350.671875,75776.1328125,76452.56510815128,ensemble
BTC,phase0,lstm,phase0_lstm,2026-04-29,2026-04-30,0.0069461868751349,0.00139511019224298,0.0013955629049797838,75776.1328125,76304.3203125,75881.9226447936,ensemble
BTC,phase0,lstm,phase0_lstm,2026-04-30,2026-05-01,0.0242715098940353,0.0015078647644259,0.0013810260705605557,76304.3203125,78179.0,76419.46369698246,ensemble
BTC,phase0,lstm,phase0_lstm,2026-05-01,2026-05-02,0.0060987365147835,0.00158868759172034,0.0013662022777765981,78179.0,78657.25,78303.30071859389,ensemble
BTC,phase0,lstm,phase0_lstm,2026-05-02,2026-05-03,-0.0015143369624661,0.00165557930595238,0.0013326970492633754,78657.25,78538.2265625,78787.5811723899,ensemble
BTC,phase0,lstm,phase0_lstm,2026-05-03,2026-05-04,0.0162876768649081,0.0016991939803119402,0.0012681528059538874,78538.2265625,79827.90625,78671.79168869214,ensemble
BTC,phase0,lstm,phase0_lstm,2026-05-04,2026-05-05,0.0136750438065225,0.0016903482988709201,0.0012449675644240865,79827.90625,80927.0546875,79962.95732505308,ensemble
BTC,phase0,lstm,phase0_lstm,2026-05-05,2026-05-06,0.0061652480572739,0.0016856525704497,0.0012607360740511473,80927.0546875,81427.53125,81063.58462394377,ensemble
BTC,phase0,lstm,phase0_lstm,2026-05-06,2026-05-07,-0.0175619083509024,0.0017147960315923802,0.0013091393661095155,81427.53125,80009.9921875,81567.28264577409,ensemble
BTC,phase0,lstm,phase0_lstm,2026-05-07,2026-05-08,0.0022069548930199,0.00176015798351724,0.0013786739030239,80009.9921875,80186.765625,80150.94642848475,ensemble
BTC,phase0,lstm,phase0_lstm,2026-05-08,2026-05-09,0.0059384470311886,0.0018204350431914999,0.0014010443412369683,80186.765625,80664.3671875,80332.87337262597,ensemble
BTC,phase0,lstm,phase0_lstm,2026-05-09,2026-05-10,0.018115146956791,0.00188020723289808,0.0014002239067168595,80664.3671875,82138.9296875,80816.17558502412,ensemble
BTC,phase0,lstm,phase0_lstm,2026-05-10,2026-05-11,-0.0050117852194884,0.0019314956327434198,0.0013936164123246428,82138.9296875,81728.296875,82297.7339870045,ensemble
BTC,phase0,lstm,phase0_lstm,2026-05-11,2026-05-12,-0.0154227477056674,0.00197281943983394,0.0014034952472309794,81728.296875,80477.4921875,81889.69119644114,ensemble
BTC,phase0,lstm,phase0_lstm,2026-05-12,2026-05-13,-0.0150280182312355,0.00199777774396348,0.0014169908841837953,80477.4921875,79277.1171875,80638.42903478155,ensemble
BTC,phase0,lstm,phase0_lstm,2026-05-13,2026-05-14,0.0221321436988218,0.00202874941169282,0.0014277811615972375,79277.1171875,81051.25,79438.11384807558,ensemble
BTC,phase0,lstm,phase0_lstm,2026-05-14,2026-05-15,-0.0248027751369673,0.00204738615429958,0.0014256628996942226,81051.25,79065.6796875,81217.36319794346,ensemble
BTC,phase0,lstm,phase0_lstm,2026-05-15,2026-05-16,-0.0118863908425741,0.0019850704295094604,0.00143390444137103,79065.6796875,78131.4375,79222.7865127032,ensemble
BTC,phase0,lstm,phase0_lstm,2026-05-16,2026-05-17,-0.0090265767978541,0.0018898522423114197,0.0013998651372734872,78131.4375,77429.3515625,78279.23398512535,ensemble
BTC,phase0,lstm,phase0_lstm,2026-05-17,2026-05-18,-0.0061558536491211,0.0017640385485719599,0.0013006903234730207,77429.3515625,76954.171875,77566.06046788543,ensemble
BTC,phase0,lstm,phase0_lstm,2026-05-18,2026-05-19,-0.0026448799997123,0.00159109255182554,0.0011682673419775229,76954.171875,76750.90625,77076.71054403268,ensemble
BTC,phase0,lstm,phase0_lstm,2026-05-19,2026-05-20,0.0091677347836148,0.0014204461505869,0.0010212762400224678,76750.90625,77457.7734375,76860.00424490671,ensemble
BTC,phase0,lstm,phase0_lstm,2026-05-20,2026-05-21,0.0010503232153248,0.0012582458832184507,0.0008615572218577533,77457.7734375,77539.171875,77555.29570267904,ensemble
BTC,phase0,lstm,phase0_lstm,2026-05-21,2026-05-22,-0.0268063407026221,0.0010751960391644,0.0006805951917493986,77539.171875,75488.2421875,77622.58652099264,ensemble
BTC,phase0,lstm,phase0_lstm,2026-05-22,2026-05-23,0.0155775030224184,-0.00200531737646082,0.0013688167884139835,75488.2421875,76673.3671875,75337.01598266822,ensemble
BTC,phase0,lstm,phase0_lstm,2026-05-23,2026-05-24,0.004005847400396,-0.00211708099814126,0.0015611329529839964,76673.3671875,76981.125,76511.21516381211,ensemble
BTC,phase0,lstm,phase0_lstm,2026-05-24,2026-05-25,0.0038740181286936,-0.00215563452802594,0.0018144771874643408,76981.125,77279.9296875,76815.3605569112,ensemble
BTC,phase0,lstm,phase0_lstm,2026-05-25,2026-05-26,-0.0189965414050318,-0.00225985602010036,0.0020551933079355576,77279.9296875,75825.734375,77105.48535693792,ensemble
BTC,phase0,lstm,phase0_lstm,2026-05-26,2026-05-27,-0.0197253107241087,-0.00232395989687572,0.002287636702266998,75825.734375,74344.703125,75649.7230100548,ensemble
BTC,phase0,lstm,phase0_lstm,2026-05-27,2026-05-28,-0.0109298026618873,-0.002389875986409576,0.0024680603422861385,74344.703125,73536.5546875,74167.24064540889,ensemble
BTC,phase0,lstm,phase0_lstm,2026-05-28,2026-05-29,-0.0022330998228095,-0.00248342844533903,0.002596419226193199,73536.5546875,73372.5234375,73354.15849350784,ensemble
BTC,phase0,lstm,phase0_lstm,2026-05-29,2026-05-30,0.0051970396549028,-0.0025658032400314766,0.0027315082851902335,73372.5234375,73754.8359375,73184.50529106846,ensemble
BTC,phase0,lstm,phase0_lstm,2026-05-30,2026-05-31,-0.0023775625144765,-0.0026368200211435975,0.0028081009339077766,73754.8359375,73579.6875,73560.61388627301,ensemble
BTC,phase0,lstm,phase0_lstm,2026-05-31,2026-06-01,-0.0311953863032946,-0.002700978773646,0.0028920824177121433,73579.6875,71319.7734375,73381.2184768577,ensemble
BTC,phase0,lstm,phase0_lstm,2026-06-01,2026-06-02,-0.0669138485252581,-0.002744953532965122,0.0029984380662749183,71319.7734375,66703.65625,71124.2724167958,ensemble
BTC,phase0,lstm,phase0_lstm,2026-06-02,2026-06-03,-0.0411522222901916,-0.002780867346154957,0.0031253597986344063,66703.65625,64014.3671875,66518.41990868449,ensemble
BTC,phase0,lstm,phase0_lstm,2026-06-03,2026-06-04,-0.0033296811494371,-0.0028026921791024203,0.003284804620629814,64014.3671875,63801.57421875,63835.2058056126,ensemble
BTC,phase0,lstm,phase0_lstm,2026-06-04,2026-06-05,-0.0461725426252123,-0.00277612531790508,0.0034466409875871335,63801.57421875,60922.66796875,63624.69868116454,ensemble
BTC,phase0,lstm,phase0_lstm,2026-06-05,2026-06-06,-0.0009073630482773,-0.0028737631044350397,0.003508459484194807,60922.66796875,60867.4140625,60747.841977875694,ensemble
BTC,phase0,lstm,phase0_lstm,2026-06-06,2026-06-07,0.0382314561194156,-0.00293063245480876,0.003462483067153377,60867.4140625,63239.51953125,60689.29517139244,ensemble
BTC,phase0,lstm,phase0_lstm,2026-06-07,2026-06-08,-0.0023577871851843,-0.00288366378517818,0.003343830374437442,63239.51953125,63090.58984375,63057.42070107375,ensemble
BTC,phase0,lstm,phase0_lstm,2026-06-08,2026-06-09,-0.0231992749169722,-0.00278092256630766,0.003251109281528037,63090.58984375,61643.78125,62915.38352924234,ensemble
BTC,phase0,lstm,phase0_lstm,2026-06-09,2026-06-10,-0.0031600860854061,-0.0026046322775073,0.003208059393420367,61643.78125,61449.2890625,61483.4307852996,ensemble
BTC,phase0,lstm,phase0_lstm,2026-06-10,2026-06-11,0.0337886685240648,-0.0024140930036082803,0.0032122789139102433,61449.2890625,63561.0546875,61301.123678163436,ensemble
BTC,phase0,lstm,phase0_lstm,2026-06-11,2026-06-12,-0.0002809578486747,-0.00228532872861246,0.0031548272608892076,63561.0546875,63543.19921875,63415.962637864424,ensemble
BTC,phase0,lstm,phase0_lstm,2026-06-12,2026-06-13,0.0137247224557035,-0.0021243198432784813,0.003069981053743744,63543.19921875,64421.32421875,63408.35641507515,ensemble
BTC,phase0,lstm,phase0_lstm,2026-06-13,2026-06-14,0.0198124847553173,-0.001963603567401128,0.0029711764450100473,64421.32421875,65710.3984375,64294.950391351886,ensemble
BTC,phase0,lstm,phase0_lstm,2026-06-14,2026-06-15,0.0087743291428838,-0.0018119174297680607,0.0028533433289653007,65710.3984375,66289.5,65591.44442122609,ensemble
BTC,phase0,lstm,phase0_lstm,2026-06-15,2026-06-16,-0.0104460520817153,-0.0016542578239750472,0.0026891829094336907,66289.5,65600.640625,66179.93072887661,ensemble
BTC,phase0,lstm,phase0_lstm,2026-06-16,2026-06-17,-0.0181854515308644,-0.0014816640303706502,0.0025387315657796287,65600.640625,64418.4453125,65503.514487337605,ensemble
BTC,phase0,lstm,phase0_lstm,2026-06-17,2026-06-18,-0.0239099264595433,-0.0012991066680114768,0.0023777591260349274,64418.4453125,62896.47265625,64334.81321592076,ensemble
BTC,phase0,lstm,phase0_lstm,2026-06-18,2026-06-19,0.0101927013006599,-0.001158497157302899,0.00220294629640644,62896.47265625,63540.8359375,62823.64946234968,ensemble
BTC,phase0,lstm,phase0_lstm,2026-06-19,2026-06-20,0.0109382377964082,-0.00101439824793484,0.002002474734077697,63540.8359375,64239.67578125,63476.412905682286,ensemble
BTC,phase0,lstm,phase0_lstm,2026-06-20,2026-06-21,-0.0157229253051467,-0.00091134920949114,0.0017859516564218466,64239.67578125,63237.5390625,64181.15767277496,ensemble
BTC,phase0,lstm,phase0_lstm,2026-06-21,2026-06-22,0.0112363538248423,-0.0008194240755983363,0.0015885632732597008,63237.5390625,63952.10546875,63185.74192531951,ensemble
BTC,phase0,lstm,phase0_lstm,2026-06-22,2026-06-23,-0.0202831889602721,-0.0007701173552050017,0.001405254525480155,63952.10546875,62668.01953125,63902.87380194033,ensemble
BTC,phase0,lstm,phase0_lstm,2026-06-23,2026-06-24,-0.0270571911625371,-0.0007422565491651556,0.0012588469643099107,62668.01953125,60995.1328125,62621.52104236851,ensemble
BTC,phase0,lstm,phase0_lstm,2026-06-24,2026-06-25,-0.0210990381164694,-0.0007327192122829783,0.0011602232567463169,60995.1328125,59721.67578125,60950.45687628972,ensemble
BTC,phase0,lstm,phase0_lstm,2026-06-25,2026-06-26,0.004923319948585,-0.00081162555288752,0.0010689765753916912,59721.67578125,60016.4296875,59673.22380821413,ensemble
BTC,phase0,lstm,phase0_lstm,2026-06-26,2026-06-27,-0.0012726617424323,-0.0009353820474643252,0.000991464604040528,60016.4296875,59940.09765625,59960.317643807786,ensemble
BTC,phase0,lstm,phase0_lstm,2026-06-27,2026-06-28,-0.0068259994404737,-0.0010472673584444754,0.0009988000336629622,59940.09765625,59532.33984375,59877.35720725909,ensemble
BTC,phase0,lstm,phase0_lstm,2026-06-28,2026-06-29,0.0101285301835763,-0.0011563594111066423,0.0010691116342068676,59532.33984375,60138.37890625,59463.53884931172,ensemble
BTC,phase0,lstm,phase0_lstm,2026-06-29,2026-06-30,-0.0266158302862621,-0.001263095730610036,0.0011712842636049602,60138.37890625,58558.859375,60062.46632912638,ensemble
BTC,phase0,lstm,phase0_lstm,2026-06-30,2026-07-01,0.0243747988918137,-0.0013487730189808227,0.0012923037563434517,58558.859375,60003.7578125,58479.930006319766,ensemble
BTC,phase0,lstm,phase0_lstm,2026-07-01,2026-07-02,0.0243909440883905,-0.0014796359595493,0.0014539287305685986,60003.7578125,61485.30078125,59915.0397461392,ensemble
BTC,phase0,lstm,phase0_lstm,2026-07-02,2026-07-03,0.0170753597454698,-0.0016233600217673914,0.0015930379203897716,61485.30078125,62544.19921875,61385.56897425148,ensemble
BTC,phase0,lstm,phase0_lstm,2026-07-03,2026-07-04,0.0086619123839713,-0.0017380349228914842,0.001693127436808416,62544.19921875,63088.3046875,62435.58962725536,ensemble
BTC,phase0,lstm,phase0_lstm,2026-07-04,2026-07-05,0.0072582750905089,-0.0018126074923202,0.0017513116143699444,63088.3046875,63547.8828125,62974.05393091569,ensemble
BTC,phase0,lstm,phase0_lstm,2026-07-05,2026-07-06,0.0070115176898403,-0.0018786559114232,0.0018223208401028303,63547.8828125,63995.015625,63428.610277901484,ensemble
BTC,phase0,lstm,phase0_lstm,2026-07-06,2026-07-07,-0.0109610318081771,-0.0018991978140547399,0.0018526791168994858,63995.015625,63297.39453125,63873.59177167051,ensemble
BTC,phase0,lstm,phase0_lstm,2026-07-07,2026-07-08,-0.0165639655193486,-0.00192272011190648,0.0018865252908633245,63297.39453125,62257.57421875,63175.80828337275,ensemble
BTC,phase0,lstm,phase0_lstm,2026-07-08,2026-07-09,0.0149156823369863,-0.00193296843208366,0.001910005314029394,62257.57421875,63193.1484375,62137.34852679463,ensemble
BTC,phase0,lstm,phase0_lstm,2026-07-09,2026-07-10,0.0146718005231559,-0.00193142574280494,0.001942462794918981,63193.1484375,64127.140625,63071.213356022185,ensemble
BTC,phase0,lstm,phase0_lstm,2026-07-10,2026-07-11,-0.0050827186063555,-0.00195836005732414,0.0019451785069020875,64127.140625,63802.02734375,64001.67948335098,ensemble
BTC,phase0,lstm,phase0_lstm,2026-07-11,2026-07-12,-0.0006868690961942,-0.0019015191588550202,0.0019169053194389803,63802.02734375,63758.21875,63680.82184019664,ensemble
BTC,phase0,lstm,phase0_lstm,2026-07-12,2026-07-13,-0.0241143387714378,-0.00184361250139768,0.001926449441587411,63758.21875,62239.12109375,63640.781588418424,ensemble
BTC,phase0,lstm,phase0_lstm,2026-07-13,2026-07-14,0.0427281030442609,-0.0018090380355715002,0.001991324482255712,62239.12109375,64956.11328125,62126.62993745945,ensemble
BTC,phase0,lstm,phase0_lstm,2026-07-14,2026-07-15,-0.0037594109647903,-0.00181964809307822,0.0020046909295600964,64956.11328125,64712.375,64838.02348710248,ensemble
BTC,phase0,lstm,phase0_lstm,2026-07-15,2026-07-16,-0.0143672798551762,-0.0018458657210430353,0.0019950514546887813,64712.375,63789.28125,64593.03482211682,ensemble
BTC,phase0,lstm,phase0_lstm,2026-07-16,2026-07-17,0.0017257545646935,-0.001964867895730965,0.0019786576308768638,63789.28125,63899.4609375,63664.06679439675,ensemble
BTC,phase0,lstm,phase0_lstm,2026-07-17,2026-07-18,0.0139422316447508,-0.002115491033509879,0.0019422284935010617,63899.4609375,64796.6015625,63764.42508476895,ensemble
BTC,phase0,lstm,phase0_lstm,2026-07-18,2026-07-19,-0.0016340878484766,-0.0021558397464104587,0.0018590600600489355,64796.6015625,64690.8046875,64657.0609410728,ensemble
BTC,phase0,lstm,phase0_lstm,2026-07-19,2026-07-20,0.0083008358863908,-0.0021248541903332654,0.0017897596650385918,64690.8046875,65230.02734375,64553.492096364986,ensemble
BTC,phase0,lstm,phase0_lstm,2026-07-20,2026-07-21,0.0193591073637143,-0.0020926142584357316,0.0017380792498250892,65230.02734375,66505.125,65093.66878114839,ensemble
BTC,phase0,lstm,phase0_lstm,2026-07-21,2026-07-22,-0.0060982099788692,-0.0020594374518622853,0.0016955335163014354,66505.125,66100.796875,66368.30279158281,ensemble
BTC,phase0,lstm,phase0_lstm,2026-07-22,2026-07-23,-0.016104346952909,-0.002038556431398281,0.0016913561680450466,66100.796875,65044.8125,65966.18392507505,ensemble
BTC,phase0,lstm,phase0_lstm,2026-07-23,2026-07-24,-0.0146555536542276,-0.002072339971709824,0.0016946155201455126,65044.8125,64098.49609375,64910.15710916913,ensemble
BTC,phase0,lstm,phase0_lstm,2026-07-24,2026-07-25,0.003322421771433,-0.00206812692485976,0.0016442711203385149,64098.49609375,64311.8125,63966.06925309364,ensemble
BTC,phase0,lstm,phase0_lstm,2026-07-25,2026-07-26,0.0158656859403964,-0.0019475664361379799,0.0015768809302339894,64311.8125,65340.30078125,64186.68286122168,ensemble
BTC,phase0,lstm,phase0_lstm,2026-07-26,2026-07-27,-0.0250336529885953,-0.00175465532811354,0.001558537233515349,65340.30078125,63724.8984375,65225.751600898104,ensemble
BTC,phase0,lstm,phase0_lstm,2026-07-27,2026-07-28,0.0022957554728576,-0.0017012174823321,0.0015330338827865793,63724.8984375,63871.36328125,63616.580688366426,ensemble
BTC,phase0,lstm,phase0_lstm,2026-07-28,2026-07-29,0.0005760654802496,-0.00158923118142408,0.0015979464127287841,63871.36328125,63908.16796875,63769.93753494989,ensemble
BTC,phase0,lstm,phase0_lstm,2026-07-29,2026-07-30,0.0127051159419568,-0.00151430959813296,0.0017198708892844578,63908.16796875,64725.30859375,63811.46445460516,ensemble
BTC,phase0,lstm,phase0_lstm,2026-07-30,2026-07-31,-0.0299783570286374,-0.00153342974372208,0.001727338828859952,64725.30859375,62813.74609375,64626.1329392635,ensemble
BTC,phase0,lstm,phase0_lstm,2026-07-31,2026-08-01,-0.0008031049841085,-0.00154862811323252,0.001829405233595163,62813.74609375,62763.3203125,62716.546243288074,ensemble
BTC,phase0,lstm,phase0_lstm,2026-08-01,2026-08-02,0.0113855697670751,-0.0015927599160931601,0.0018598529108917368,62763.3203125,63482.0,62663.43298109101,ensemble
BTC,phase0,lstm,phase0_lstm,2026-08-02,2026-08-03,-0.0003324575530272,-0.0016155990073457,0.0019438856552786,63482.0,63460.8984375,63379.521348310125,ensemble
BTC,phase0,lstm,phase0_lstm,2026-08-03,2026-08-04,0.0093330253934836,-0.00169690093098322,0.0019360913274245762,63460.8984375,64055.953125,63353.302895166555,ensemble
BTC,phase0,lstm,phase0_lstm,2026-08-04,2026-08-05,0.0084187413608024,-0.00166851451067486,0.002007466768374585,64055.953125,64597.5,63949.16395213265,ensemble
BTC,phase0,lstm,phase0_lstm,2026-08-05,2026-08-06,-0.0052054707838791,-0.00160588143626226,0.0021217015032954597,64597.5,64262.11328125,64493.84732315127,ensemble
BTC,phase0,lstm,phase0_lstm,2026-08-06,2026-08-07,0.0095721203953674,-0.0015692756634962252,0.0022492774428717784,64262.11328125,64880.19140625,64161.34739619752,ensemble
BTC,phase0,lstm,phase0_lstm,2026-08-07,2026-08-08,0.0003774876433575,-0.0015530950746324183,0.0023767088583065595,64880.19140625,64904.6875,64779.50450893683,ensemble
BTC,phase0,lstm,phase0_lstm,2026-08-08,2026-08-09,-0.0009217877722439,-0.0015335536343627438,0.0024976659953219334,64904.6875,64844.88671875,64805.22896259006,ensemble
BTC,phase0,lstm,phase0_lstm,2026-08-09,2026-08-10,-0.0145130480455691,-0.0014889812577166136,0.002637867590707714,64844.88671875,63910.5859375,64748.4057447734,ensemble
BTC,phase0,lstm,phase0_lstm,2026-08-10,2026-08-11,-0.0056285102588139,-0.0014222439502190975,0.002838975945733041,63910.5859375,63551.875,63819.754101121376,ensemble
BTC,phase0,lstm,phase0_lstm,2026-08-11,2026-08-12,-0.0023542560615523,-0.0014799851935094733,0.002878906653578958,63551.875,63402.43359375,63457.88873227783,ensemble
BTC,phase0,lstm,phase0_lstm,2026-08-12,2026-08-13,-4.127906065128786e-06,-0.0015074754264787378,0.0029802082706187165,63402.43359375,63402.171875,63306.92798739204,ensemble
BTC,phase0,lstm,phase0_lstm,2026-08-13,2026-08-14,-0.0067508670210942,-0.0015625705491401957,0.0030273220653262746,63402.171875,62975.59375,63303.17887039538,ensemble
BTC,phase0,lstm,phase0_lstm,2026-08-14,2026-08-15,0.0007734380660748,-0.0016292423475533402,0.003056550233987435,62975.59375,63024.3203125,62873.0747825992,ensemble
BTC,phase0,lstm,phase0_lstm,2026-08-15,2026-08-16,-0.0032686473868631,-0.00166891341796142,0.003176740231480233,63024.3203125,62818.65234375,62919.225899803365,ensemble
BTC,phase0,lstm,phase0_lstm,2026-08-16,2026-08-17,0.0265101376702319,-0.0018378675333224,0.0031671386538128453,62818.65234375,64506.25390625,62703.30601022874,ensemble
BTC,phase0,lstm,phase0_lstm,2026-08-17,2026-08-18,0.0027008473728006,-0.00197157481452446,0.003167334407407898,64506.25390625,64680.7109375,64379.200289680295,ensemble
BTC,phase0,lstm,phase0_lstm,2026-08-18,2026-08-19,0.0684938460027011,-0.0021735934889875004,0.0030898251573259652,64680.7109375,69266.1875,64540.274046989856,ensemble
BTC,phase0,lstm,phase0_lstm,2026-08-19,2026-08-20,0.052951205389763,-0.0023311647470109,0.0030123216627714632,69266.1875,73032.7578125,69104.90466700609,ensemble
BTC,phase0,lstm,phase0_lstm,2026-08-20,2026-08-21,0.0700888177551632,-0.00236692854086866,0.0029964337337806575,73032.7578125,78335.1875,72860.09890986545,ensemble
BTC,phase0,lstm,phase0_lstm,2026-08-21,2026-08-22,-0.0161087603875064,-0.0023294969694688597,0.0030848222139446334,78335.1875,77083.4140625,78152.91829831694,ensemble
BTC,phase0,lstm,phase0_lstm,2026-08-22,2026-08-23,0.0086781388253158,-0.0022135193110443398,0.003316680625469432,77083.4140625,77755.265625,76912.9771392123,ensemble
BTC,phase0,lstm,phase0_lstm,2026-08-23,2026-08-24,0.0154319126625293,-0.00141092838020992,0.004262463394095002,77755.265625,78964.484375,77645.63587207062,ensemble
BTC,phase0,lstm,phase0_lstm,2026-08-24,2026-08-25,-0.0050721771868308,-0.0004400524783704443,0.0051083647488472704,78964.484375,78564.9765625,78929.7435024117,ensemble
BTC,phase0,lstm,phase0_lstm,2026-08-25,2026-08-26,0.0058688952570538,0.00041992348778876044,0.005590469528065737,78564.9765625,79027.421875,78597.97476935232,ensemble
BTC,phase0,lstm,phase0_lstm,2026-08-26,2026-08-27,0.0154457977224057,0.00102162688272072,0.005644768139565534,79027.421875,80257.5390625,79108.19966901676,ensemble
BTC,phase0,lstm,phase0_lstm,2026-08-27,2026-08-28,-0.0307100273130926,0.0014503472368232802,0.005260398841047217,80257.5390625,77830.2890625,80374.02481448874,ensemble
BTC,phase0,lstm,phase0_lstm,2026-08-28,2026-08-29,0.0053246386227652,0.00164088634774088,0.004529663081210607,77830.2890625,78245.8125,77958.10455793544,ensemble
BTC,phase0,lstm,phase0_lstm,2026-08-29,2026-08-30,-0.007417513856522,0.0018609512764669197,0.004299081590440261,78245.8125,77667.5703125,78391.55971682275,ensemble
BTC,phase0,lstm,phase0_lstm,2026-08-30,2026-08-31,0.0112801594802717,0.0016964443657343134,0.003856739657905898,77667.5703125,78548.6328125,77799.44084844466,ensemble
BTC,phase0,xgb,phase0_xgb,2025-10-31,2025-11-01,0.004624825172493,-0.00367151304380966,0.001722311168699634,109556.1640625,110064.015625,109154.66468323661,ensemble
BTC,phase0,xgb,phase0_xgb,2025-11-01,2025-11-02,0.0052161412333197,0.00126534611918028,0.0014992320033404673,110064.015625,110639.625,110203.37284900004,ensemble
BTC,phase0,xgb,phase0_xgb,2025-11-02,2025-11-03,-0.0376871829010099,-0.00964344432577488,0.002988731184068033,110639.625,106547.5234375,109577.80596121268,ensemble
BTC,phase0,xgb,phase0_xgb,2025-11-03,2025-11-04,-0.0476408575376077,-0.00119967507198452,0.0029722917436444743,106547.5234375,101590.5234375,106419.77767167693,ensemble
BTC,phase0,xgb,phase0_xgb,2025-11-04,2025-11-05,0.0224000613217487,0.00832907557487484,0.0033245946691446236,101590.5234375,103891.8359375,102440.21223385053,ensemble
BTC,phase0,xgb,phase0_xgb,2025-11-05,2025-11-06,-0.0252511824918507,0.00437509578187014,0.0023426452427699517,103891.8359375,101301.2890625,104347.36844322339,ensemble
BTC,phase0,xgb,phase0_xgb,2025-11-06,2025-11-07,0.020238925968734,0.01746011637151236,0.002650742832944767,101301.2890625,103372.40625,103085.55275563117,ensemble
BTC,phase0,xgb,phase0_xgb,2025-11-07,2025-11-08,-0.0106032122142002,-0.0044680492021143,0.0015336420119132633,103372.40625,102282.1171875,102911.56355332343,ensemble
BTC,phase0,xgb,phase0_xgb,2025-11-08,2025-11-09,0.02355183969968,0.009538002125918819,0.0009996478090114626,102282.1171875,104719.640625,103262.35154610935,ensemble
BTC,phase0,xgb,phase0_xgb,2025-11-09,2025-11-10,0.0121202693364623,-0.0010161945057916401,0.004150819453153153,104719.640625,105996.59375,104613.27915267316,ensemble
BTC,phase0,xgb,phase0_xgb,2025-11-10,2025-11-11,-0.0287025464768418,0.0025273448554799,0.004130165299934436,105996.59375,102997.46875,106264.82250642098,ensemble
BTC,phase0,xgb,phase0_xgb,2025-11-11,2025-11-12,-0.0130391466426769,0.00276090446859594,0.0036555186929537534,102997.46875,101663.1875,103282.2278371605,ensemble
BTC,phase0,xgb,phase0_xgb,2025-11-12,2025-11-13,-0.0195247429765854,-0.0016154522192663799,0.0007728495900323849,101663.1875,99697.4921875,101499.08806122404,ensemble
BTC,phase0,xgb,phase0_xgb,2025-11-13,2025-11-14,-0.0546228711365914,0.007693663146346739,0.001907925657598782,99697.4921875,94397.7890625,100467.48936019666,ensemble
BTC,phase0,xgb,phase0_xgb,2025-11-14,2025-11-15,0.0121231064987472,0.0029611053643747998,0.0038251549938460925,94397.7890625,95549.1484375,94677.72511761202,ensemble
BTC,phase0,xgb,phase0_xgb,2025-11-15,2025-11-16,-0.0144639384619225,0.0019427600782364399,0.0028672879112123634,95549.1484375,94177.078125,95734.95794179541,ensemble
BTC,phase0,xgb,phase0_xgb,2025-11-16,2025-11-17,-0.0223683827163435,0.00600607721135012,0.002542192175421568,94177.078125,92093.875,94744.4149567071,ensemble
BTC,phase0,xgb,phase0_xgb,2025-11-17,2025-11-18,0.0092411735633055,0.02468535602092738,0.002616487088655681,92093.875,92948.875,94395.53688474605,ensemble
BTC,phase0,xgb,phase0_xgb,2025-11-18,2025-11-19,-0.0160823776998089,0.02295240052044386,0.001714960881095318,92948.875,91465.9921875,95106.94652715589,ensemble
BTC,phase0,xgb,phase0_xgb,2025-11-19,2025-11-20,-0.0542991431316111,0.00947991646826262,0.0016538293234559676,91465.9921875,86631.8984375,92337.20514157631,ensemble
BTC,phase0,xgb,phase0_xgb,2025-11-20,2025-11-21,-0.0179504904722895,0.011394436098635139,0.0020354855283731127,86631.8984375,85090.6875,87624.66533669653,ensemble
BTC,phase0,xgb,phase0_xgb,2025-11-21,2025-11-22,-0.0052118723936807,0.007746445666998581,0.0006833104748445974,85090.6875,84648.359375,85752.39752892347,ensemble
BTC,phase0,xgb,phase0_xgb,2025-11-22,2025-11-23,0.0251585865790003,0.0158807577565312,0.0026323134880336476,84648.359375,86805.0078125,86003.37028722961,ensemble
BTC,phase0,xgb,phase0_xgb,2025-11-23,2025-11-24,0.0167423578108394,0.0172832021489739,0.003438947267487452,86805.0078125,88270.5625,88318.31604640563,ensemble
BTC,phase0,xgb,phase0_xgb,2025-11-24,2025-11-25,-0.0105764769567544,0.006526278844103161,0.0031883088904003194,88270.5625,87341.890625,88848.5247245258,ensemble
BTC,phase0,xgb,phase0_xgb,2025-11-25,2025-11-26,0.0357225879133364,0.00747170364484184,0.002398831715947657,87341.890625,90518.3671875,87996.9274205798,ensemble
BTC,phase0,xgb,phase0_xgb,2025-11-26,2025-11-27,0.0084378061084954,-0.015497494488954499,0.0019845565370836997,90518.3671875,91285.375,89126.37335896165,ensemble
BTC,phase0,xgb,phase0_xgb,2025-11-27,2025-11-28,-0.0040186667744196,0.00467863171361384,0.0015256927012019896,91285.375,90919.265625,91713.46631035946,ensemble
BTC,phase0,xgb,phase0_xgb,2025-11-28,2025-11-29,-0.0007427786269465,-0.00128705593233464,0.0026032868883326455,90919.265625,90851.7578125,90802.3227169887,ensemble
BTC,phase0,xgb,phase0_xgb,2025-11-29,2025-11-30,-0.0050477925731327,-0.00458435937762256,0.0017115506483374693,90851.7578125,90394.3125,90436.21393360553,ensemble
BTC,phase0,xgb,phase0_xgb,2025-11-30,2025-12-01,-0.046101838054076,-0.0086525798775255,0.0025585032296446845,90394.3125,86321.5703125,89615.54253397223,ensemble
BTC,phase0,xgb,phase0_xgb,2025-12-01,2025-12-02,0.0566209938703037,-0.002907909422356138,0.0025347850033264657,86321.5703125,91350.203125,86070.91961622027,ensemble
BTC,phase0,xgb,phase0_xgb,2025-12-02,2025-12-03,0.0235582620118316,-0.00135425595508418,0.0016504252150932668,91350.203125,93527.8046875,91226.57529917403,ensemble
BTC,phase0,xgb,phase0_xgb,2025-12-03,2025-12-04,-0.0149319728659321,0.00626466572284694,0.0016628468424975031,93527.8046875,92141.625,94115.56425600173,ensemble
BTC,phase0,xgb,phase0_xgb,2025-12-04,2025-12-05,-0.0303430599756753,0.00983713716268532,0.0020861278660918763,92141.625,89387.7578125,93052.50769709046,ensemble
BTC,phase0,xgb,phase0_xgb,2025-12-05,2025-12-06,-0.0012916460625568,0.00456639858894044,0.00109278996029454,89387.7578125,89272.375,89796.87132041366,ensemble
BTC,phase0,xgb,phase0_xgb,2025-12-06,2025-12-07,0.0126145722260143,8.550772909073998e-05,0.003141096731848135,89272.375,90405.640625,89280.00880442676,ensemble
BTC,phase0,xgb,phase0_xgb,2025-12-07,2025-12-08,0.0025911959798138,-0.00343294178019274,0.002349438964965195,90405.640625,90640.203125,90095.81543433055,ensemble
BTC,phase0,xgb,phase0_xgb,2025-12-08,2025-12-09,0.0223811926981977,0.004897244460880719,0.0013090437417976352,90640.203125,92691.7109375,91085.1790462987,ensemble
BTC,phase0,xgb,phase0_xgb,2025-12-09,2025-12-10,-0.0072628328466358,0.0046156971249728795,0.002356641663753563,92691.7109375,92020.9453125,93120.53670478161,ensemble
BTC,phase0,xgb,phase0_xgb,2025-12-10,2025-12-11,0.0053149701081481,0.006723105721175621,0.002277466123465193,92020.9453125,92511.3359375,92641.6962051697,ensemble
BTC,phase0,xgb,phase0_xgb,2025-12-11,2025-12-12,-0.0245214214521475,-0.0035087614320218202,0.0012090266516034155,92511.3359375,90270.4140625,92187.30453681856,ensemble
BTC,phase0,xgb,phase0_xgb,2025-12-12,2025-12-13,0.000313418755633,-0.0050372852943837195,0.0011567449457002873,90270.4140625,90298.7109375,89816.83958434143,ensemble
BTC,phase0,xgb,phase0_xgb,2025-12-13,2025-12-14,-0.0237976710179162,-0.00091606477944876,0.0014139908373709004,90298.7109375,88175.1796875,90216.02934540977,ensemble
BTC,phase0,xgb,phase0_xgb,2025-12-14,2025-12-15,-0.0201089147130883,-0.00487481134477998,0.0030857775920302226,88175.1796875,86419.78125,87746.38830891167,ensemble
BTC,phase0,xgb,phase0_xgb,2025-12-15,2025-12-16,0.0163457369350781,0.003991755918832459,0.002778658222135923,86419.78125,87843.984375,86765.43735172699,ensemble
BTC,phase0,xgb,phase0_xgb,2025-12-16,2025-12-17,-0.0195448330408544,0.01436129659414288,0.001720228211334632,87843.984375,86143.7578125,89114.64018209098,ensemble
BTC,phase0,xgb,phase0_xgb,2025-12-17,2025-12-18,-0.0079397284977681,0.00496639735065396,0.001969866582548049,86143.7578125,85462.5078125,86572.64607629651,ensemble
BTC,phase0,xgb,phase0_xgb,2025-12-18,2025-12-19,0.0304331549684077,0.0027838934678584,0.003343462322513406,85462.5078125,88103.3828125,85700.75780717694,ensemble
BTC,phase0,xgb,phase0_xgb,2025-12-19,2025-12-20,0.0027273551221506,0.0009201971153742848,0.001527733868229575,88103.3828125,88344.0,88184.49260399347,ensemble
BTC,phase0,xgb,phase0_xgb,2025-12-20,2025-12-21,0.0031390280669266,0.0044449666514992,0.0019960543707929802,88344.0,88621.75,88737.56016678069,ensemble
BTC,phase0,xgb,phase0_xgb,2025-12-21,2025-12-22,-0.001487584958889,0.00268377223983404,0.001130011611744346,88621.75,88490.015625,88859.9100331901,ensemble
BTC,phase0,xgb,phase0_xgb,2025-12-22,2025-12-23,-0.0122342749529535,0.00539881170261646,0.0025362963248500878,88490.015625,87414.0,88969.04849752296,ensemble
BTC,phase0,xgb,phase0_xgb,2025-12-23,2025-12-24,0.0022620761040624,0.00570933232083912,0.0015662639850856032,87414.0,87611.9609375,87914.5029848759,ensemble
BTC,phase0,xgb,phase0_xgb,2025-12-24,2025-12-25,-0.0043148578556266,-0.01017613690346476,0.0012290568448536006,87611.9609375,87234.7421875,86724.93055452425,ensemble
BTC,phase0,xgb,phase0_xgb,2025-12-25,2025-12-26,0.000764168281323,-0.00525990016758438,0.0026834399500461673,87234.7421875,87301.4296875,86777.10078161529,ensemble
BTC,phase0,xgb,phase0_xgb,2025-12-26,2025-12-27,0.005719219565876,0.0020550915243802,0.0011291338886091047,87301.4296875,87802.15625,87481.0265965507,ensemble
BTC,phase0,xgb,phase0_xgb,2025-12-27,2025-12-28,0.0003835125589097,0.00440354375168674,0.0011441148801608371,87802.15625,87835.8359375,88189.64943196658,ensemble
BTC,phase0,xgb,phase0_xgb,2025-12-28,2025-12-29,-0.0079748888825797,0.00411100443452592,0.0013291613043831332,87835.8359375,87138.140625,88197.67269520971,ensemble
BTC,phase0,xgb,phase0_xgb,2025-12-29,2025-12-30,0.0147180978087909,-0.012873814254999099,0.000950761497496872,87138.140625,88430.1328125,86023.53042453779,ensemble
BTC,phase0,xgb,phase0_xgb,2025-12-30,2025-12-31,-0.0104730993492998,0.01289166752248998,0.0020765713359310414,88430.1328125,87508.828125,89577.5246901264,ensemble
BTC,phase0,xgb,phase0_xgb,2025-12-31,2026-01-01,0.01388073366055,0.00199776355002538,0.002000917964983211,87508.828125,88731.984375,87683.82481493599,ensemble
BTC,phase0,xgb,phase0_xgb,2026-01-01,2026-01-02,0.0135745701301948,0.0050332796992733604,0.002485974898648916,88731.984375,89944.6953125,89179.7231225581,ensemble
BTC,phase0,xgb,phase0_xgb,2026-01-02,2026-01-03,0.0072944096271482,0.00125593886768908,0.001087152523219017,89944.6953125,90603.1875,90057.73131958437,ensemble
BTC,phase0,xgb,phase0_xgb,2026-01-03,2026-01-04,0.0089036899476068,0.0040638364385813,0.0018551471496107699,90603.1875,91413.4921875,90972.13319453859,ensemble
BTC,phase0,xgb,phase0_xgb,2026-01-04,2026-01-05,0.0266514983813646,0.0044263374060392,0.0017425590769438854,91413.4921875,93882.5546875,91819.01597784674,ensemble
BTC,phase0,xgb,phase0_xgb,2026-01-05,2026-01-06,-0.0016366097114998,0.0008334600104717199,0.0018630980303761028,93882.5546875,93729.03125,93960.83465959466,ensemble
BTC,phase0,xgb,phase0_xgb,2026-01-06,2026-01-07,-0.0261689672501516,0.00920309256762262,0.001995014979573833,93729.03125,91308.0546875,94595.60968527794,ensemble
BTC,phase0,xgb,phase0_xgb,2026-01-07,2026-01-08,-0.0030814668927555,-0.0074200195260345405,0.0021457186929089446,91308.0546875,91027.125,90633.05449308269,ensemble
BTC,phase0,xgb,phase0_xgb,2026-01-08,2026-01-09,-0.0056629301495069,0.00020893060327582756,0.0008172224452538006,91027.125,90513.1015625,91046.14533903699,ensemble
BTC,phase0,xgb,phase0_xgb,2026-01-09,2026-01-10,-0.0013980466595052,-0.0029710565228014602,0.001082229706580273,90513.1015625,90386.6484375,90244.58111394194,ensemble
BTC,phase0,xgb,phase0_xgb,2026-01-10,2026-01-11,0.0048651109011003,-0.01206482760608192,0.0013164183497331645,90386.6484375,90827.4609375,89302.70107350587,ensemble
BTC,phase0,xgb,phase0_xgb,2026-01-11,2026-01-12,0.0040163809626806,-0.00899445097893472,0.0031225918369412247,90827.4609375,91192.9921875,90014.18077967878,ensemble
BTC,phase0,xgb,phase0_xgb,2026-01-12,2026-01-13,0.0442802850314782,0.00352006731554864,0.0037858406073287094,91192.9921875,95321.78125,91514.56330264681,ensemble
BTC,phase0,xgb,phase0_xgb,2026-01-13,2026-01-14,0.016723797821879,0.017630172893404898,0.0015390480670603665,95321.78125,96929.328125,97017.22227822975,ensemble
BTC,phase0,xgb,phase0_xgb,2026-01-14,2026-01-15,-0.0143200382747562,-0.00728713907301422,0.0023224604084570665,96929.328125,95551.1875,96225.55798047922,ensemble
BTC,phase0,xgb,phase0_xgb,2026-01-15,2026-01-16,-0.0002728785518896,0.0013025805470533401,0.003137511758183294,95551.1875,95525.1171875,95675.73171491145,ensemble
BTC,phase0,xgb,phase0_xgb,2026-01-16,2026-01-17,-0.0044610720579804,0.0010794180387165,0.0014020409628232007,95525.1171875,95099.921875,95628.28439239661,ensemble
BTC,phase0,xgb,phase0_xgb,2026-01-17,2026-01-18,-0.0155299936581246,0.0044994646683334805,0.0014861238879795636,95099.921875,93634.4296875,95528.78471650567,ensemble
BTC,phase0,xgb,phase0_xgb,2026-01-18,2026-01-19,-0.0116102857616082,0.008781980630010299,0.0036423623110594626,93634.4296875,92553.59375,94460.3467209066,ensemble
BTC,phase0,xgb,phase0_xgb,2026-01-19,2026-01-20,-0.0469242550548211,0.0058349254541098195,0.0014993546142682995,92553.59375,88310.90625,93095.21569519158,ensemble
BTC,phase0,xgb,phase0_xgb,2026-01-20,2026-01-21,0.0119993277601487,-0.00220326501876112,0.0009859057325071602,88310.90625,89376.9609375,88116.54810935444,ensemble
BTC,phase0,xgb,phase0_xgb,2026-01-21,2026-01-22,0.0009560777691027,-0.00155439809896046,0.0032740776892031228,89376.9609375,89462.453125,89238.1414776309,ensemble
BTC,phase0,xgb,phase0_xgb,2026-01-22,2026-01-23,0.0004629013309221,-0.00544784399680788,0.0029425741693035945,89462.453125,89503.875,88976.40080753165,ensemble
BTC,phase0,xgb,phase0_xgb,2026-01-23,2026-01-24,-0.0044021176235583,-0.006300209928303921,0.0015013802861867135,89503.875,89110.734375,88941.75439634392,ensemble
BTC,phase0,xgb,phase0_xgb,2026-01-24,2026-01-25,-0.0289008383617947,-0.00287522124126552,0.0026228707478466043,89110.734375,86572.21875,88854.88928057894,ensemble
BTC,phase0,xgb,phase0_xgb,2026-01-25,2026-01-26,0.0193889405513137,0.00686005484312772,0.006089354680605492,86572.21875,88267.140625,87168.1506441928,ensemble
BTC,phase0,xgb,phase0_xgb,2026-01-26,2026-01-27,0.009420276564581,0.0023974108240508623,0.0023195826107321,88267.140625,89102.5703125,88479.00708734085,ensemble
BTC,phase0,xgb,phase0_xgb,2026-01-27,2026-01-28,0.0009198645005418,-0.00129505547229198,0.003770423975891784,89102.5703125,89184.5703125,88987.2522289964,ensemble
BTC,phase0,xgb,phase0_xgb,2026-01-28,2026-01-29,-0.053227949504083,-0.01203789655119176,0.0024260947531620104,89184.5703125,84561.5859375,88117.4117402466,ensemble
BTC,phase0,xgb,phase0_xgb,2026-01-29,2026-01-30,-0.00513284742955,0.010871338285505721,0.0021779634584154217,84561.5859375,84128.65625,85485.89869915812,ensemble
BTC,phase0,xgb,phase0_xgb,2026-01-30,2026-01-31,-0.0677069192719858,-0.00593756726011628,0.002514224945088857,84128.65625,78621.1171875,83630.6167297727,ensemble
BTC,phase0,xgb,phase0_xgb,2026-01-31,2026-02-01,-0.0211668421472114,0.0120320906862616,0.0022266699498582148,78621.1171875,76974.4453125,79572.80753019058,ensemble
BTC,phase0,xgb,phase0_xgb,2026-02-01,2026-02-02,0.0220269081578216,0.01036002491600808,0.0049479671427458865,76974.4453125,78688.765625,77776.04762413441,ensemble
BTC,phase0,xgb,phase0_xgb,2026-02-02,2026-02-03,-0.0396004693749769,0.011306067183613742,0.004703895434557604,78688.765625,75633.546875,79583.47438376745,ensemble
BTC,phase0,xgb,phase0_xgb,2026-02-03,2026-02-04,-0.0351706159417589,0.01877260413020844,0.004388754528135817,75633.546875,73019.703125,77066.79633099081,ensemble
BTC,phase0,xgb,phase0_xgb,2026-02-04,2026-02-05,-0.1523344080304475,0.00920314118266102,0.003142316002347826,73019.703125,62702.09765625,73694.81557453032,ensemble
BTC,phase0,xgb,phase0_xgb,2026-02-05,2026-02-06,0.118003181433477,0.01138383466750378,0.0042020348891819185,62702.09765625,70555.390625,63419.96626558805,ensemble
BTC,phase0,xgb,phase0_xgb,2026-02-06,2026-02-07,-0.0182134028127509,0.0023475673631765,0.007252852043039854,70555.390625,69281.96875,70721.21872749052,ensemble
BTC,phase0,xgb,phase0_xgb,2026-02-07,2026-02-08,0.0140852358847471,0.0213683899492025,0.004676435727304204,69281.96875,70264.7265625,70778.34349661185,ensemble
BTC,phase0,xgb,phase0_xgb,2026-02-08,2026-02-09,-0.0020507154219692,0.0023480576928704604,0.0022927048177875647,70264.7265625,70120.78125,70429.90604382707,ensemble
BTC,phase0,xgb,phase0_xgb,2026-02-09,2026-02-10,-0.0191032375898973,0.00530632920563216,0.002999766750629071,70120.78125,68793.9609375,70493.85414788747,ensemble
BTC,phase0,xgb,phase0_xgb,2026-02-10,2026-02-11,-0.0265432212123745,0.0006379073194693601,0.003433632107798641,68793.9609375,66991.96875,68837.85910871108,ensemble
BTC,phase0,xgb,phase0_xgb,2026-02-11,2026-02-12,-0.011562368274835,-0.0156247960403561,0.002801530138422279,66991.96875,66221.84375,65953.36799417675,ensemble
BTC,phase0,xgb,phase0_xgb,2026-02-12,2026-02-13,0.0390337693571557,-0.005660596489906281,0.0019172102092348546,66221.84375,68857.84375,65848.0475665043,ensemble
BTC,phase0,xgb,phase0_xgb,2026-02-13,2026-02-14,0.0131259330678483,-0.00406379979103798,0.0017327345834886809,68857.84375,69767.625,68578.58706490124,ensemble
BTC,phase0,xgb,phase0_xgb,2026-02-14,2026-02-15,-0.0141380400688788,0.00546449329704042,0.002588381846076037,69767.625,68788.1875,70149.91327373554,ensemble
BTC,phase0,xgb,phase0_xgb,2026-02-15,2026-02-16,0.00079878247825,-0.00227291733026504,0.003406771641699391,68788.1875,68843.15625,68632.01518712612,ensemble
BTC,phase0,xgb,phase0_xgb,2026-02-16,2026-02-17,-0.0197888733002862,0.00012706874404100002,0.0018048356490855725,68843.15625,67494.21875,68851.90461921088,ensemble
BTC,phase0,xgb,phase0_xgb,2026-02-17,2026-02-18,-0.0159636322602148,0.00058882744051516,0.001711357360830947,67494.21875,66425.3203125,67533.97290109504,ensemble
BTC,phase0,xgb,phase0_xgb,2026-02-18,2026-02-19,0.0079801259947047,0.0016223160142544199,0.0017783174571562946,66425.3203125,66957.5234375,66533.17063339196,ensemble
BTC,phase0,xgb,phase0_xgb,2026-02-19,2026-02-20,0.0155289956566322,0.0040728596184635,0.002215672061372707,66957.5234375,68005.421875,67230.78813749478,ensemble
BTC,phase0,xgb,phase0_xgb,2026-02-20,2026-02-21,-2.4354972344490844e-05,0.00504129899200048,0.0025126041070365006,68005.421875,68003.765625,68349.12316230396,ensemble
BTC,phase0,xgb,phase0_xgb,2026-02-21,2026-02-22,-0.005076923598302,-0.0027917800587601597,0.0017297508957219182,68003.765625,67659.390625,67814.17883365644,ensemble
BTC,phase0,xgb,phase0_xgb,2026-02-22,2026-02-23,-0.0460126731356427,-0.01552903056144712,0.0019113332073799959,67659.390625,64616.73828125,66616.82187249782,ensemble
BTC,phase0,xgb,phase0_xgb,2026-02-23,2026-02-24,-0.0083405104387447,-0.00594964763149614,0.002884863267305601,64616.73828125,64080.04296875,64233.43285418934,ensemble
BTC,phase0,xgb,phase0_xgb,2026-02-24,2026-02-25,0.0587881628108732,-0.0031288055237381996,0.0013491942753288738,64080.04296875,67960.125,63879.86230283904,ensemble
BTC,phase0,xgb,phase0_xgb,2026-02-25,2026-02-26,-0.0074786108124004,0.030881841853260938,0.0020281183060854675,67960.125,67453.7734375,70091.60139678717,ensemble
BTC,phase0,xgb,phase0_xgb,2026-02-26,2026-02-27,-0.0235803453997585,-0.00513412430882448,0.0009007697054858091,67453.7734375,65881.796875,67108.34487493159,ensemble
BTC,phase0,xgb,phase0_xgb,2026-02-27,2026-02-28,0.0167686372009838,-0.01096197273582216,0.001979480913517917,65881.796875,66995.859375,65163.54632768566,ensemble
BTC,phase0,xgb,phase0_xgb,2026-02-28,2026-03-01,-0.0189521272552437,-0.00537662627175446,0.004880236622307272,66995.859375,65738.1015625,66636.61430604772,ensemble
BTC,phase0,xgb,phase0_xgb,2026-03-01,2026-03-02,0.0451739987422587,0.00915742861106984,0.0027849408147297933,65738.1015625,68775.8515625,66342.85831682805,ensemble
BTC,phase0,xgb,phase0_xgb,2026-03-02,2026-03-03,-0.0070359214012543,0.01048362487927076,0.0028402776710173007,68775.8515625,68293.6484375,69500.66448598017,ensemble
BTC,phase0,xgb,phase0_xgb,2026-03-03,2026-03-04,0.0626701105436228,-0.00606481791473922,0.0028735019052018103,68293.6484375,72710.578125,67880.71334876987,ensemble
BTC,phase0,xgb,phase0_xgb,2026-03-04,2026-03-05,-0.026047184090688,-0.0011644260113825799,0.0035766237629772956,72710.578125,70841.125,72625.96131109905,ensemble
BTC,phase0,xgb,phase0_xgb,2026-03-05,2026-03-06,-0.0389267622298537,-0.00585147375240916,0.001720207458808959,70841.125,68136.4921875,70427.81044541992,ensemble
BTC,phase0,xgb,phase0_xgb,2026-03-06,2026-03-07,-0.0127600028163738,-0.0038034896599128598,0.002982591897553312,68136.4921875,67272.59375,67877.82796917316,ensemble
BTC,phase0,xgb,phase0_xgb,2026-03-07,2026-03-08,-0.0195561512724631,0.00066904053092004,0.0056960979660237695,67272.59375,65969.78125,67317.61690131598,ensemble
BTC,phase0,xgb,phase0_xgb,2026-03-08,2026-03-09,0.0362108831336739,-0.00852341465651984,0.002184423715252254,65969.78125,68402.3828125,65409.88296189186,ensemble
BTC,phase0,xgb,phase0_xgb,2026-03-09,2026-03-10,0.0220430630536829,0.00479472663719202,0.0020878931872277255,68402.3828125,69926.921875,68731.14106255844,ensemble
BTC,phase0,xgb,phase0_xgb,2026-03-10,2026-03-11,0.0039671408310243,-0.0026324049569666002,0.00334961206924419,69926.921875,70204.8828125,69743.08796803208,ensemble
BTC,phase0,xgb,phase0_xgb,2026-03-11,2026-03-12,0.0041020885103588,0.00284931650385258,0.00303909694677723,70204.8828125,70493.4609375,70405.2039974505,ensemble
BTC,phase0,xgb,phase0_xgb,2026-03-12,2026-03-13,0.0067128612385433,-0.0086956404149532,0.0035628419357549602,70493.4609375,70968.265625,69883.13259327419,ensemble
BTC,phase0,xgb,phase0_xgb,2026-03-13,2026-03-14,0.0034653905327112,0.00197585637215522,0.0023871073592291133,70968.265625,71214.625,71108.62734649243,ensemble
BTC,phase0,xgb,phase0_xgb,2026-03-14,2026-03-15,0.0218791978790222,-0.011026952229440178,0.0034069414411487618,71214.625,72789.9140625,70433.65848567699,ensemble
BTC,phase0,xgb,phase0_xgb,2026-03-15,2026-03-16,0.0280568061089276,-0.0022678692592307597,0.002510338096236609,72789.9140625,74861.0859375,72625.02310026049,ensemble
BTC,phase0,xgb,phase0_xgb,2026-03-16,2026-03-17,-0.012617278563279,-0.00412358329631384,0.0021609790778739967,74861.0859375,73922.4765625,74553.02560672114,ensemble
BTC,phase0,xgb,phase0_xgb,2026-03-17,2026-03-18,-0.0368841742334174,0.0031148283655056197,0.0018415177295421502,73922.4765625,71245.578125,74153.09136565545,ensemble
BTC,phase0,xgb,phase0_xgb,2026-03-18,2026-03-19,-0.0188841610476273,-0.010214406624436321,0.003352888686283111,71245.578125,69912.7890625,70521.55086928693,ensemble
BTC,phase0,xgb,phase0_xgb,2026-03-19,2026-03-20,0.0086844316474486,-0.010037502460181659,0.004266948482754071,69912.7890625,70522.5859375,69214.54942371155,ensemble
BTC,phase0,xgb,phase0_xgb,2026-03-20,2026-03-21,-0.0260161056310177,0.0005258294211671056,0.0016964331189304454,70522.5859375,68711.5234375,70559.67853937874,ensemble
BTC,phase0,xgb,phase0_xgb,2026-03-21,2026-03-22,-0.0126881200860849,0.00224255574867128,0.0027637771757925427,68711.5234375,67845.2109375,68865.78576567066,ensemble
BTC,phase0,xgb,phase0_xgb,2026-03-22,2026-03-23,0.044251193034697,2.6132146012980135e-05,0.0034204722128882,67845.2109375,70914.859375,67846.98390162407,ensemble
BTC,phase0,xgb,phase0_xgb,2026-03-23,2026-03-24,-0.0056139915316955,-0.01943700388073918,0.0037393942299610216,70914.859375,70517.859375,69549.79632219038,ensemble
BTC,phase0,xgb,phase0_xgb,2026-03-24,2026-03-25,0.0111689244808132,0.00972914164885874,0.002544678330248892,70517.859375,71309.8828125,71207.28594380636,ensemble
BTC,phase0,xgb,phase0_xgb,2026-03-25,2026-03-26,-0.0359529188074161,-0.0003053337713936601,0.002085835360048301,71309.8828125,68791.625,71288.11282076918,ensemble
BTC,phase0,xgb,phase0_xgb,2026-03-26,2026-03-27,-0.0363134696852071,0.0049611981492489205,0.002343537461755544,68791.625,66338.375,69133.76188531006,ensemble
BTC,phase0,xgb,phase0_xgb,2026-03-27,2026-03-28,-0.0002816215791388,-0.0016490719746798,0.0012769069752139699,66338.375,66319.6953125,66229.06839694062,ensemble
BTC,phase0,xgb,phase0_xgb,2026-03-28,2026-03-29,-0.0055154098337006,-0.00304321246221658,0.001621024054318313,66319.6953125,65954.921875,66118.17717601074,ensemble
BTC,phase0,xgb,phase0_xgb,2026-03-29,2026-03-30,0.0111051817312093,-0.01083532869815822,0.0020988504269335404,65954.921875,66691.4453125,65244.13636861627,ensemble
BTC,phase0,xgb,phase0_xgb,2026-03-30,2026-03-31,0.0228562101625793,-0.00657647270709272,0.0013310574890740348,66691.4453125,68233.3125,66254.28988854261,ensemble
BTC,phase0,xgb,phase0_xgb,2026-03-31,2026-04-01,-0.0022706442540199,0.00674694257322694,0.0030072072176533416,68233.3125,68078.5546875,68695.23527195313,ensemble
BTC,phase0,xgb,phase0_xgb,2026-04-01,2026-04-02,-0.0176341492288758,0.0070887024514376794,0.002148421179479363,68078.5546875,66888.5703125,68562.85781739002,ensemble
BTC,phase0,xgb,phase0_xgb,2026-04-02,2026-04-03,0.0006356502125007,0.01110334917902942,0.003275363677469015,66888.5703125,66931.1015625,67635.39592489666,ensemble
BTC,phase0,xgb,phase0_xgb,2026-04-03,2026-04-04,0.0053555444955297,-0.0025447605601584314,0.0016169674368128766,66931.1015625,67290.515625,66760.99446770707,ensemble
BTC,phase0,xgb,phase0_xgb,2026-04-04,2026-04-05,0.0248248287948484,0.00699798748828466,0.003600049897859771,67290.515625,68981.8984375,67763.06533142351,ensemble
BTC,phase0,xgb,phase0_xgb,2026-04-05,2026-04-06,-0.0017711667933321,-0.00264045974181498,0.0045040222825003,68981.8984375,68859.828125,68799.99477210094,ensemble
BTC,phase0,xgb,phase0_xgb,2026-04-06,2026-04-07,0.0437692500886501,0.0028434090665540998,0.0019099975419144637,68859.828125,71940.703125,69055.9034136334,ensemble
BTC,phase0,xgb,phase0_xgb,2026-04-07,2026-04-08,-0.0114263865929017,0.0039677057648077,0.002267762242945002,71940.703125,71123.359375,72226.70968724701,ensemble
BTC,phase0,xgb,phase0_xgb,2026-04-08,2026-04-09,0.0090204739879136,0.00407603149069468,0.002858862165339608,71123.359375,71767.828125,71413.8520540024,ensemble
BTC,phase0,xgb,phase0_xgb,2026-04-09,2026-04-10,0.0167360714535282,0.0133623862639069,0.0017735644218903055,71767.828125,72979.046875,72733.25339344933,ensemble
BTC,phase0,xgb,phase0_xgb,2026-04-10,2026-04-11,0.0010302658186926,-0.00040932847769,0.0022048789372679997,72979.046875,73054.2734375,72949.18058581774,ensemble
BTC,phase0,xgb,phase0_xgb,2026-04-11,2026-04-12,-0.0320019564160111,-0.0050296472385525206,0.0012107476302665198,73054.2734375,70753.40625,72687.75870539973,ensemble
BTC,phase0,xgb,phase0_xgb,2026-04-12,2026-04-13,0.0513922577822332,0.00344134207407472,0.0019367551163554156,70753.40625,74484.640625,70997.31236528895,ensemble
BTC,phase0,xgb,phase0_xgb,2026-04-13,2026-04-14,-0.0040766706589971,-0.012102265655994381,0.0025974729080306767,74484.640625,74181.609375,73588.64046883996,ensemble
BTC,phase0,xgb,phase0_xgb,2026-04-14,2026-04-15,0.0083695046837294,0.0014732968935277,0.0022749385275858108,74181.609375,74805.078125,74290.98145864099,ensemble
BTC,phase0,xgb,phase0_xgb,2026-04-15,2026-04-16,0.0046287244870706,0.00754033382982012,0.002417884401120386,74805.078125,75152.1328125,75371.26532385069,ensemble
BTC,phase0,xgb,phase0_xgb,2026-04-16,2026-04-17,0.025937296578403,0.0073575029149651,0.00092953566077655,75152.1328125,77126.875,75707.10394608857,ensemble
BTC,phase0,xgb,phase0_xgb,2026-04-17,2026-04-18,-0.0183274450765037,-0.00871367929503316,0.002004481163741893,77126.875,75726.2109375,76457.73571267212,ensemble
BTC,phase0,xgb,phase0_xgb,2026-04-18,2026-04-19,-0.0250023364949234,-0.00057993629307022,0.001433018775919156,75726.2109375,73856.3515625,75682.30729133006,ensemble
BTC,phase0,xgb,phase0_xgb,2026-04-19,2026-04-20,0.026932597272259,-0.00881752017885442,0.0020909392360770104,73856.3515625,75872.5234375,73207.98438838289,ensemble
BTC,phase0,xgb,phase0_xgb,2026-04-20,2026-04-21,0.0063097475019448,-0.00990754757076498,0.0027435475435571353,75872.5234375,76352.7734375,75124.52433914528,ensemble
BTC,phase0,xgb,phase0_xgb,2026-04-21,2026-04-22,0.0239449523733436,0.0047855542041360805,0.002014128890804508,76352.7734375,78203.1015625,76719.03946738678,ensemble
BTC,phase0,xgb,phase0_xgb,2026-04-22,2026-04-23,0.0008417038623198,-0.01891982406377786,0.0053061557888957256,78203.1015625,78268.953125,76737.42156448592,ensemble
BTC,phase0,xgb,phase0_xgb,2026-04-23,2026-04-24,-0.0104498554007011,0.00170455124462018,0.0010969582381746153,78268.953125,77455.3125,78402.48033612107,ensemble
BTC,phase0,xgb,phase0_xgb,2026-04-24,2026-04-25,0.002021098580043,0.00599997099488966,0.0006889575765149528,77455.3125,77612.015625,77921.43910308389,ensemble
BTC,phase0,xgb,phase0_xgb,2026-04-25,2026-04-26,0.0133812250281389,0.0014558060967828801,0.0012869312694696938,77612.015625,78657.5390625,77725.08595479839,ensemble
BTC,phase0,xgb,phase0_xgb,2026-04-26,2026-04-27,-0.0165479947079337,0.00461245351471,0.0015234114010639482,78657.5390625,77366.625,79021.18130177067,ensemble
BTC,phase0,xgb,phase0_xgb,2026-04-27,2026-04-28,-0.0132186544907372,-0.0003253336457419,0.000861607025674858,77366.625,76350.671875,77341.45912770447,ensemble
BTC,phase0,xgb,phase0_xgb,2026-04-28,2026-04-29,-0.0075534590417408,-0.00458318646997208,0.0012256830707489301,76350.671875,75776.1328125,76001.54318078091,ensemble
BTC,phase0,xgb,phase0_xgb,2026-04-29,2026-04-30,0.0069461868751349,0.00336369504220778,0.0013918437607517043,75776.1328125,76304.3203125,76031.44977823424,ensemble
BTC,phase0,xgb,phase0_xgb,2026-04-30,2026-05-01,0.0242715098940353,-0.0007701590657234201,0.0018025961322170254,76304.3203125,78179.0,76245.5764724116,ensemble
BTC,phase0,xgb,phase0_xgb,2026-05-01,2026-05-02,0.0060987365147835,0.00405694432556622,0.0007440346178967583,78179.0,78657.25,78496.81208750067,ensemble
BTC,phase0,xgb,phase0_xgb,2026-05-02,2026-05-03,-0.0015143369624661,0.00307993302121752,0.0016161043168105833,78657.25,78538.2265625,78899.88251578114,ensemble
BTC,phase0,xgb,phase0_xgb,2026-05-03,2026-05-04,0.0162876768649081,0.0016980277301626805,0.0013987958904237636,78538.2265625,79827.90625,78671.69993775684,ensemble
BTC,phase0,xgb,phase0_xgb,2026-05-04,2026-05-05,0.0136750438065225,0.0106771674007177,0.0019653874969503557,79827.90625,80927.0546875,80684.80867289423,ensemble
BTC,phase0,xgb,phase0_xgb,2026-05-05,2026-05-06,0.0061652480572739,-0.0075689334422349205,0.002099220041525642,80927.0546875,81427.53125,80316.8354644585,ensemble
BTC,phase0,xgb,phase0_xgb,2026-05-06,2026-05-07,-0.0175619083509024,0.00261986135155888,0.0015854932415086205,81427.53125,80009.9921875,81641.1397822655,ensemble
BTC,phase0,xgb,phase0_xgb,2026-05-07,2026-05-08,0.0022069548930199,0.00040611341537436006,0.0003741566411584478,80009.9921875,80186.765625,80042.49191753285,ensemble
BTC,phase0,xgb,phase0_xgb,2026-05-08,2026-05-09,0.0059384470311886,0.00199046821799124,0.0005312297660735174,80186.765625,80664.3671875,80346.53378745525,ensemble
BTC,phase0,xgb,phase0_xgb,2026-05-09,2026-05-10,0.018115146956791,0.00193015987752004,0.0018016907862624016,80664.3671875,82138.9296875,80820.21266755347,ensemble
BTC,phase0,xgb,phase0_xgb,2026-05-10,2026-05-11,-0.0050117852194884,0.00685331160202618,0.001962476091840388,82138.9296875,81728.296875,82703.78672711382,ensemble
BTC,phase0,xgb,phase0_xgb,2026-05-11,2026-05-12,-0.0154227477056674,-0.0010371353200753137,0.0016420409501423832,81728.296875,80477.4921875,81643.57751197722,ensemble
BTC,phase0,xgb,phase0_xgb,2026-05-12,2026-05-13,-0.0150280182312355,0.00061140498146414,0.004303560032200313,80477.4921875,79277.1171875,80526.71157207437,ensemble
BTC,phase0,xgb,phase0_xgb,2026-05-13,2026-05-14,0.0221321436988218,-0.0036635058233514205,0.002537799399164198,79277.1171875,81051.25,78987.2163579502,ensemble
BTC,phase0,xgb,phase0_xgb,2026-05-14,2026-05-15,-0.0248027751369673,0.0002495675682439,0.0024793099036244117,81051.25,79065.6796875,81071.48028767249,ensemble
BTC,phase0,xgb,phase0_xgb,2026-05-15,2026-05-16,-0.0118863908425741,-0.0011567925452254401,0.0007167797964714102,79065.6796875,78131.4375,78974.26997988195,ensemble
BTC,phase0,xgb,phase0_xgb,2026-05-16,2026-05-17,-0.0090265767978541,0.00074894726858474,0.0022419579668802453,78131.4375,77429.3515625,78189.97574499929,ensemble
BTC,phase0,xgb,phase0_xgb,2026-05-17,2026-05-18,-0.0061558536491211,0.0014705123729072001,0.0020230637649725717,77429.3515625,76954.171875,77543.29613992143,ensemble
BTC,phase0,xgb,phase0_xgb,2026-05-18,2026-05-19,-0.0026448799997123,0.0004929119761982548,0.003156575847246024,76954.171875,76750.90625,76992.11285794986,ensemble
BTC,phase0,xgb,phase0_xgb,2026-05-19,2026-05-20,0.0091677347836148,0.00406389683485028,0.000987066933136338,76750.90625,77457.7734375,77063.44865488316,ensemble
BTC,phase0,xgb,phase0_xgb,2026-05-20,2026-05-21,0.0010503232153248,-0.00956695917993778,0.0010096195258178747,77457.7734375,77539.171875,76720.27153125554,ensemble
BTC,phase0,xgb,phase0_xgb,2026-05-21,2026-05-22,-0.0268063407026221,0.00150932176620696,0.00191906776711051,77539.171875,75488.2421875,77656.29179843568,ensemble
BTC,phase0,xgb,phase0_xgb,2026-05-22,2026-05-23,0.0155775030224184,0.00020894274348392004,0.0009784869032189092,75488.2421875,76673.3671875,75504.01655583594,ensemble
BTC,phase0,xgb,phase0_xgb,2026-05-23,2026-05-24,0.004005847400396,0.0009115084656513799,0.0004543127780402012,76673.3671875,76981.125,76743.28747240613,ensemble
BTC,phase0,xgb,phase0_xgb,2026-05-24,2026-05-25,0.0038740181286936,-0.00159016029210758,0.0020890583411388637,76981.125,77279.9296875,76858.8099478267,ensemble
BTC,phase0,xgb,phase0_xgb,2026-05-25,2026-05-26,-0.0189965414050318,-0.00635776924900708,0.0022540171976857784,77279.9296875,75825.734375,76790.16029710771,ensemble
BTC,phase0,xgb,phase0_xgb,2026-05-26,2026-05-27,-0.0197253107241087,-0.0024617503280750597,0.002192188600688545,75825.734375,74344.703125,75639.29992021865,ensemble
BTC,phase0,xgb,phase0_xgb,2026-05-27,2026-05-28,-0.0109298026618873,0.00129702761769294,0.003215610332544528,74344.703125,73536.5546875,74441.19281955475,ensemble
BTC,phase0,xgb,phase0_xgb,2026-05-28,2026-05-29,-0.0022330998228095,-0.0022901958564034014,0.0016681551877679372,73536.5546875,73372.5234375,73368.3342770303,ensemble
BTC,phase0,xgb,phase0_xgb,2026-05-29,2026-05-30,0.0051970396549028,0.00059945768443864,0.0007532953918488898,73372.5234375,73754.8359375,73416.52034632629,ensemble
BTC,phase0,xgb,phase0_xgb,2026-05-30,2026-05-31,-0.0023775625144765,-0.00111275746021418,0.0011877695785986971,73754.8359375,73579.6875,73672.81033934568,ensemble
BTC,phase0,xgb,phase0_xgb,2026-05-31,2026-06-01,-0.0311953863032946,0.00136980470269916,0.001713584426007989,73579.6875,71319.7734375,73680.54636466352,ensemble
BTC,phase0,xgb,phase0_xgb,2026-06-01,2026-06-02,-0.0669138485252581,-0.00355034795356908,0.0017620587169910663,71319.7734375,66703.65625,71067.01238617157,ensemble
BTC,phase0,xgb,phase0_xgb,2026-06-02,2026-06-03,-0.0411522222901916,0.00287850190652532,0.002514402812795808,66703.65625,64014.3671875,66895.93946271713,ensemble
BTC,phase0,xgb,phase0_xgb,2026-06-03,2026-06-04,-0.0033296811494371,0.006349363457411461,0.0035258982152829243,64014.3671875,63801.57421875,64422.11075750358,ensemble
BTC,phase0,xgb,phase0_xgb,2026-06-04,2026-06-05,-0.0461725426252123,0.0043791033211163805,0.0038994714306276905,63801.57421875,60922.66796875,64081.58054515803,ensemble
BTC,phase0,xgb,phase0_xgb,2026-06-05,2026-06-06,-0.0009073630482773,0.0048319321591406604,0.0018599912341935062,60922.66796875,60867.4140625,61217.75451227934,ensemble
BTC,phase0,xgb,phase0_xgb,2026-06-06,2026-06-07,0.0382314561194156,0.00589446632657196,0.00459047399410964,60867.4140625,63239.51953125,61227.2544768001,ensemble
BTC,phase0,xgb,phase0_xgb,2026-06-07,2026-06-08,-0.0023577871851843,0.0031195580726489204,0.004288831594797002,63239.51953125,63090.58984375,63437.106917339355,ensemble
BTC,phase0,xgb,phase0_xgb,2026-06-08,2026-06-09,-0.0231992749169722,-0.01345847770571704,0.0010837955272758903,63090.58984375,61643.78125,62247.17481870522,ensemble
BTC,phase0,xgb,phase0_xgb,2026-06-09,2026-06-10,-0.0031600860854061,0.005967231490649221,0.004010111065143665,61643.78125,61449.2890625,62012.72365026236,ensemble
BTC,phase0,xgb,phase0_xgb,2026-06-10,2026-06-11,0.0337886685240648,0.00227970519335934,0.0023276578521305336,61449.2890625,63561.0546875,61589.53512500366,ensemble
BTC,phase0,xgb,phase0_xgb,2026-06-11,2026-06-12,-0.0002809578486747,-0.00354582024738192,0.003855506613021282,63561.0546875,63543.19921875,63336.07771251726,ensemble
BTC,phase0,xgb,phase0_xgb,2026-06-12,2026-06-13,0.0137247224557035,-0.00059937982587144,0.003587146506270732,63543.19921875,64421.32421875,63505.12411893019,ensemble
BTC,phase0,xgb,phase0_xgb,2026-06-13,2026-06-14,0.0198124847553173,0.0009297218512983737,0.002060816627082773,64421.32421875,65710.3984375,64481.24598253605,ensemble
BTC,phase0,xgb,phase0_xgb,2026-06-14,2026-06-15,0.0087743291428838,-0.0010049515403807,0.0041271183819990625,65710.3984375,66289.5,65644.39584163122,ensemble
BTC,phase0,xgb,phase0_xgb,2026-06-15,2026-06-16,-0.0104460520817153,0.008148552570491959,0.003090750909641785,66289.5,65600.640625,66831.87024076871,ensemble
BTC,phase0,xgb,phase0_xgb,2026-06-16,2026-06-17,-0.0181854515308644,0.002300805294817091,0.0019845064459007456,65600.640625,64418.4453125,65751.74869475677,ensemble
BTC,phase0,xgb,phase0_xgb,2026-06-17,2026-06-18,-0.0239099264595433,-0.004061572498176199,0.0024950083685700737,64418.4453125,62896.47265625,64157.335743312695,ensemble
BTC,phase0,xgb,phase0_xgb,2026-06-18,2026-06-19,0.0101927013006599,0.0048322022426873,0.002099116440973423,62896.47265625,63540.8359375,63201.13663863649,ensemble
BTC,phase0,xgb,phase0_xgb,2026-06-19,2026-06-20,0.0109382377964082,0.00282243721885602,0.0015462090173366501,63540.8359375,64239.67578125,63720.42928401766,ensemble
BTC,phase0,xgb,phase0_xgb,2026-06-20,2026-06-21,-0.0157229253051467,0.00479690977372226,0.002278788879102035,64239.67578125,63237.5390625,64548.56798156378,ensemble
BTC,phase0,xgb,phase0_xgb,2026-06-21,2026-06-22,0.0112363538248423,0.0042376823723316,0.0021276343361391163,63237.5390625,63952.10546875,63506.08827831106,ensemble
BTC,phase0,xgb,phase0_xgb,2026-06-22,2026-06-23,-0.0202831889602721,0.01338048670440908,0.003987012013190471,63952.10546875,62668.01953125,64813.56629549057,ensemble
BTC,phase0,xgb,phase0_xgb,2026-06-23,2026-06-24,-0.0270571911625371,-0.00179118218366054,0.003278675015235052,62668.01953125,60995.1328125,62555.87016114154,ensemble
BTC,phase0,xgb,phase0_xgb,2026-06-24,2026-06-25,-0.0210990381164694,0.00250705729704348,0.0022341012000447933,60995.1328125,59721.67578125,61148.24295305356,ensemble
BTC,phase0,xgb,phase0_xgb,2026-06-25,2026-06-26,0.004923319948585,0.00433164217974986,0.0027794933480747223,59721.67578125,60016.4296875,59980.92980357076,ensemble
BTC,phase0,xgb,phase0_xgb,2026-06-26,2026-06-27,-0.0012726617424323,0.00169470167020334,0.0016383905279600337,60016.4296875,59940.09765625,60118.22586384274,ensemble
BTC,phase0,xgb,phase0_xgb,2026-06-27,2026-06-28,-0.0068259994404737,-0.0013769494726147426,0.0014674071424021376,59940.09765625,59532.33984375,59857.619967230356,ensemble
BTC,phase0,xgb,phase0_xgb,2026-06-28,2026-06-29,0.0101285301835763,0.0032133455853909005,0.0022014811839206993,59532.33984375,60138.37890625,59723.94550791234,ensemble
BTC,phase0,xgb,phase0_xgb,2026-06-29,2026-06-30,-0.0266158302862621,0.00025241052499038006,0.0014802520258073437,60138.37890625,58558.859375,60153.560381943316,ensemble
BTC,phase0,xgb,phase0_xgb,2026-06-30,2026-07-01,0.0243747988918137,-0.00426151705905792,0.0026455707031954497,58558.859375,60003.7578125,58309.84077218541,ensemble
BTC,phase0,xgb,phase0_xgb,2026-07-01,2026-07-02,0.0243909440883905,-0.0033470582799054,0.0021276190066523543,60003.7578125,61485.30078125,59803.25746843698,ensemble
BTC,phase0,xgb,phase0_xgb,2026-07-02,2026-07-03,0.0170753597454698,0.007968655694276041,0.0021310681672577422,61485.30078125,62544.19921875,61977.21331121347,ensemble
BTC,phase0,xgb,phase0_xgb,2026-07-03,2026-07-04,0.0086619123839713,-0.00350352536188434,0.0023043225787548515,62544.19921875,63088.3046875,62325.457437985584,ensemble
BTC,phase0,xgb,phase0_xgb,2026-07-04,2026-07-05,0.0072582750905089,0.0031080937245860003,0.001139986908655999,63088.3046875,63547.8828125,63284.694091633784,ensemble
BTC,phase0,xgb,phase0_xgb,2026-07-05,2026-07-06,0.0070115176898403,-0.0034554235171526198,0.001007279927465131,63547.8828125,63995.015625,63328.67690649473,ensemble
BTC,phase0,xgb,phase0_xgb,2026-07-06,2026-07-07,-0.0109610318081771,0.0069089135620742596,0.0027417988441895925,63995.015625,63297.39453125,64438.682519671755,ensemble
BTC,phase0,xgb,phase0_xgb,2026-07-07,2026-07-08,-0.0165639655193486,-0.0004274113220162399,0.0019132781881387995,63297.39453125,62257.57421875,63270.34628894748,ensemble
BTC,phase0,xgb,phase0_xgb,2026-07-08,2026-07-09,0.0149156823369863,-0.0087198348715901,0.0018072423306297186,62257.57421875,63193.1484375,61717.05848090841,ensemble
BTC,phase0,xgb,phase0_xgb,2026-07-09,2026-07-10,0.0146718005231559,-0.00217419074615458,0.0015914077020338032,63193.1484375,64127.140625,63055.9037310963,ensemble
BTC,phase0,xgb,phase0_xgb,2026-07-10,2026-07-11,-0.0050827186063555,-0.0015575737576000001,0.0006407261218955906,64127.140625,63802.02734375,64027.335620617974,ensemble
BTC,phase0,xgb,phase0_xgb,2026-07-11,2026-07-12,-0.0006868690961942,-0.0015876834397203997,0.0014149678917836658,63802.02734375,63758.21875,63700.81029309513,ensemble
BTC,phase0,xgb,phase0_xgb,2026-07-12,2026-07-13,-0.0241143387714378,0.0049016996286809,0.002752173480315526,63758.21875,62239.12109375,64071.50958868863,ensemble
BTC,phase0,xgb,phase0_xgb,2026-07-13,2026-07-14,0.0427281030442609,0.00908322380855674,0.0030603589435080213,62239.12109375,64956.11328125,62807.02826969224,ensemble
BTC,phase0,xgb,phase0_xgb,2026-07-14,2026-07-15,-0.0037594109647903,-0.0023963972111232202,0.0013541128984528917,64956.11328125,64712.375,64800.638996012945,ensemble
BTC,phase0,xgb,phase0_xgb,2026-07-15,2026-07-16,-0.0143672798551762,-0.00374127500690516,0.0009959466615637664,64712.375,63789.28125,64470.72053854602,ensemble
BTC,phase0,xgb,phase0_xgb,2026-07-16,2026-07-17,0.0017257545646935,-0.0005183919573027867,0.000588034129773083,63789.28125,63899.4609375,63756.22196921085,ensemble
BTC,phase0,xgb,phase0_xgb,2026-07-17,2026-07-18,0.0139422316447508,-0.0030536961276083604,0.0013639306020781952,63899.4609375,64796.6015625,63704.62903119938,ensemble
BTC,phase0,xgb,phase0_xgb,2026-07-18,2026-07-19,-0.0016340878484766,0.0044097377452999,0.0015501118265684316,64796.6015625,64690.8046875,65082.96851971501,ensemble
BTC,phase0,xgb,phase0_xgb,2026-07-19,2026-07-20,0.0083008358863908,0.0063359324354678006,0.0021795968697951827,64690.8046875,65230.02734375,65101.9824770155,ensemble
BTC,phase0,xgb,phase0_xgb,2026-07-20,2026-07-21,0.0193591073637143,0.00933251064270732,0.0009296656881120714,65230.02734375,66505.125,65841.6367547863,ensemble
BTC,phase0,xgb,phase0_xgb,2026-07-21,2026-07-22,-0.0060982099788692,0.0018065236508846,0.002270269888536797,66505.125,66100.796875,66625.3766672543,ensemble
BTC,phase0,xgb,phase0_xgb,2026-07-22,2026-07-23,-0.016104346952909,0.00797215248458082,0.0035842104931286113,66100.796875,65044.8125,66629.86862527124,ensemble
BTC,phase0,xgb,phase0_xgb,2026-07-23,2026-07-24,-0.0146555536542276,-0.00353335607796904,0.0019506715582821496,65044.8125,64098.49609375,64815.39156802074,ensemble
BTC,phase0,xgb,phase0_xgb,2026-07-24,2026-07-25,0.003322421771433,-0.0014460028847679,0.0007405181015174018,64098.49609375,64311.8125,64005.87646375362,ensemble
BTC,phase0,xgb,phase0_xgb,2026-07-25,2026-07-26,0.0158656859403964,-0.00128769692964852,0.0025936092876178846,64311.8125,65340.30078125,64229.051673370705,ensemble
BTC,phase0,xgb,phase0_xgb,2026-07-26,2026-07-27,-0.0250336529885953,0.0054635480511933,0.0021973583637459513,65340.30078125,63724.8984375,65698.26764838464,ensemble
BTC,phase0,xgb,phase0_xgb,2026-07-27,2026-07-28,0.0022957554728576,0.00312940876465286,0.0009402006089226876,63724.8984375,63871.36328125,63924.6320542598,ensemble
BTC,phase0,xgb,phase0_xgb,2026-07-28,2026-07-29,0.0005760654802496,0.00250431004678826,0.0014305088553525937,63871.36328125,63908.16796875,64031.517432140376,ensemble
BTC,phase0,xgb,phase0_xgb,2026-07-29,2026-07-30,0.0127051159419568,0.00064087173668668,0.001768135355247407,63908.16796875,64725.30859375,63949.13803422084,ensemble
BTC,phase0,xgb,phase0_xgb,2026-07-30,2026-07-31,-0.0299783570286374,0.00034853089600803995,0.0016474409685914059,64725.30859375,62813.74609375,64747.87129521946,ensemble
BTC,phase0,xgb,phase0_xgb,2026-07-31,2026-08-01,-0.0008031049841085,0.00107663297676476,0.000823975969387844,62813.74609375,62763.3203125,62881.40986217489,ensemble
BTC,phase0,xgb,phase0_xgb,2026-08-01,2026-08-02,0.0113855697670751,0.00602581873536106,0.0015631366355396057,62763.3203125,63482.0,63142.66247966052,ensemble
BTC,phase0,xgb,phase0_xgb,2026-08-02,2026-08-03,-0.0003324575530272,0.00867061624303454,0.0016557205342729567,63482.0,63460.8984375,64034.82124738215,ensemble
BTC,phase0,xgb,phase0_xgb,2026-08-03,2026-08-04,0.0093330253934836,0.006644789502024601,0.0022478645642527006,63460.8984375,64055.953125,63883.98685925272,ensemble
BTC,phase0,xgb,phase0_xgb,2026-08-04,2026-08-05,0.0084187413608024,-0.0023859199020079998,0.0016770057520526206,64055.953125,64597.5,63903.30292958149,ensemble
BTC,phase0,xgb,phase0_xgb,2026-08-05,2026-08-06,-0.0052054707838791,-0.01070762965828176,0.0018441885419796075,64597.5,64262.11328125,63909.503870438195,ensemble
BTC,phase0,xgb,phase0_xgb,2026-08-06,2026-08-07,0.0095721203953674,-0.0006758235394954801,0.0019919557704314614,64262.11328125,64880.19140625,64218.69810454844,ensemble
BTC,phase0,xgb,phase0_xgb,2026-08-07,2026-08-08,0.0003774876433575,0.0022293300367891198,0.001466348922766043,64880.19140625,64904.6875,65024.99211005319,ensemble
BTC,phase0,xgb,phase0_xgb,2026-08-08,2026-08-09,-0.0009217877722439,0.00708365906029936,0.0020367014354627103,64904.6875,64844.88671875,65366.082430525305,ensemble
BTC,phase0,xgb,phase0_xgb,2026-08-09,2026-08-10,-0.0145130480455691,0.00070381966652346,0.001298951971231246,64844.88671875,63910.5859375,64890.54188991516,ensemble
BTC,phase0,xgb,phase0_xgb,2026-08-10,2026-08-11,-0.0056285102588139,0.00551414955407378,0.00288646370936151,63910.5859375,63551.875,64263.971882507314,ensemble
BTC,phase0,xgb,phase0_xgb,2026-08-11,2026-08-12,-0.0023542560615523,0.00732572069391602,0.0019403917800892546,63551.875,63402.43359375,64019.14775092835,ensemble
BTC,phase0,xgb,phase0_xgb,2026-08-12,2026-08-13,-4.127906065128786e-06,-0.0011392167314624943,0.0014929924566914482,63402.43359375,63402.171875,63330.24560727278,ensemble
BTC,phase0,xgb,phase0_xgb,2026-08-13,2026-08-14,-0.0067508670210942,0.00571966757997868,0.001345879253858215,63402.171875,62975.59375,63765.85029032899,ensemble
BTC,phase0,xgb,phase0_xgb,2026-08-14,2026-08-15,0.0007734380660748,0.00112770106643432,0.0007814310056697754,62975.59375,63024.3203125,63046.651452624326,ensemble
BTC,phase0,xgb,phase0_xgb,2026-08-15,2026-08-16,-0.0032686473868631,0.0055691896472126,0.001440256508319394,63024.3203125,62818.65234375,63376.29389880325,ensemble
BTC,phase0,xgb,phase0_xgb,2026-08-16,2026-08-17,0.0265101376702319,-0.0008553298670449027,0.0013737042503341474,62818.65234375,64506.25390625,62764.94464636604,ensemble
BTC,phase0,xgb,phase0_xgb,2026-08-17,2026-08-18,0.0027008473728006,-0.0012284994823858401,0.002386427866412787,64506.25390625,64680.7109375,64427.05666356179,ensemble
BTC,phase0,xgb,phase0_xgb,2026-08-18,2026-08-19,0.0684938460027011,-0.00121191865764552,0.0010331138866940647,64680.7109375,69266.1875,64602.370657736916,ensemble
BTC,phase0,xgb,phase0_xgb,2026-08-19,2026-08-20,0.052951205389763,-0.0013264082735986154,0.0008771953911390153,69266.1875,73032.7578125,69174.37316093006,ensemble
BTC,phase0,xgb,phase0_xgb,2026-08-20,2026-08-21,0.0700888177551632,0.01576650030910964,0.0031193769973550927,73032.7578125,78335.1875,74193.35403961658,ensemble
BTC,phase0,xgb,phase0_xgb,2026-08-21,2026-08-22,-0.0161087603875064,0.00863329023122782,0.00198671388252919,78335.1875,77083.4140625,79014.40563393058,ensemble
BTC,phase0,xgb,phase0_xgb,2026-08-22,2026-08-23,0.0086781388253158,0.0025872913771308598,0.00246201521611963,77083.4140625,77755.265625,77283.10953881762,ensemble
BTC,phase0,xgb,phase0_xgb,2026-08-23,2026-08-24,0.0154319126625293,0.0035213671391829404,0.0020391065332391813,77755.265625,78964.484375,78029.55311231162,ensemble
BTC,phase0,xgb,phase0_xgb,2026-08-24,2026-08-25,-0.0050721771868308,0.0013507507392204999,0.0015775308659999058,78964.484375,78564.9765625,79071.21777952605,ensemble
BTC,phase0,xgb,phase0_xgb,2026-08-25,2026-08-26,0.0058688952570538,0.00942063210532064,0.0017693344175986542,78564.9765625,79027.421875,79308.60553088244,ensemble
BTC,phase0,xgb,phase0_xgb,2026-08-26,2026-08-27,0.0154457977224057,0.0011659573632641263,0.0034388560344484126,79027.421875,80257.5390625,79119.61821749239,ensemble
BTC,phase0,xgb,phase0_xgb,2026-08-27,2026-08-28,-0.0307100273130926,0.00316093263681972,0.0013107071556577358,80257.5390625,77830.2890625,80511.62910626794,ensemble
BTC,phase0,xgb,phase0_xgb,2026-08-28,2026-08-29,0.0053246386227652,0.00235378694487734,0.002039386606399356,77830.2890625,78245.8125,78013.70075215182,ensemble
BTC,phase0,xgb,phase0_xgb,2026-08-29,2026-08-30,-0.007417513856522,0.0051848721224814,0.001866688012970004,78245.8125,77667.5703125,78652.56058913268,ensemble
BTC,phase0,xgb,phase0_xgb,2026-08-30,2026-08-31,0.0112801594802717,-0.0009044779697432798,0.0025227843527493897,77667.5703125,78548.6328125,77597.35346577126,ensemble
BTC,phase1,lstm,phase1_lstm,2025-10-31,2025-11-01,0.004624825172493095,0.0006261612987145781,0.0037422371784978747,109556.1640625,110064.015625,109624.78537423431,ensemble
BTC,phase1,lstm,phase1_lstm,2025-11-01,2025-11-02,0.005216141233319792,0.0006024664849974215,0.0038172918817248997,110064.015625,110639.625,110130.34548437061,ensemble
BTC,phase1,lstm,phase1_lstm,2025-11-02,2025-11-03,-0.03768718290100999,0.0006390829803422093,0.003853121111884575,110639.625,106547.5234375,110710.35550021102,ensemble
BTC,phase1,lstm,phase1_lstm,2025-11-03,2025-11-04,-0.04764085753760775,0.0007421725371386856,0.003902445941762983,106547.5234375,101590.5234375,106626.62943481372,ensemble
BTC,phase1,lstm,phase1_lstm,2025-11-04,2025-11-05,0.022400061321748738,0.0008577918459195643,0.003931278024297994,101590.5234375,103891.8359375,101677.70434631806,ensemble
BTC,phase1,lstm,phase1_lstm,2025-11-05,2025-11-06,-0.025251182491850755,0.000976921638357453,0.0039469284232003955,103891.8359375,101301.2890625,103993.37971215548,ensemble
BTC,phase1,lstm,phase1_lstm,2025-11-06,2025-11-07,0.02023892596873405,0.0010973753480357118,0.003916097020622191,101301.2890625,103372.40625,101412.51561731921,ensemble
BTC,phase1,lstm,phase1_lstm,2025-11-07,2025-11-08,-0.010603212214200236,0.0011941782277062885,0.003922070127428347,103372.40625,102282.1171875,103495.92506394973,ensemble
BTC,phase1,lstm,phase1_lstm,2025-11-08,2025-11-09,0.023551839699680072,0.001293325140431989,0.003885067784069332,102282.1171875,104719.640625,102414.48680109864,ensemble
BTC,phase1,lstm,phase1_lstm,2025-11-09,2025-11-10,0.01212026933646231,0.0013670231521246024,0.003842187321645268,104719.640625,105996.59375,104862.89269035295,ensemble
BTC,phase1,lstm,phase1_lstm,2025-11-10,2025-11-11,-0.028702546476841843,0.001418812347401399,0.003793644285032015,105996.59375,102997.46875,106147.08976355006,ensemble
BTC,phase1,lstm,phase1_lstm,2025-11-11,2025-11-12,-0.013039146642676998,0.0014540585994836873,0.003820697156504642,102997.46875,101663.1875,103147.34204102856,ensemble
BTC,phase1,lstm,phase1_lstm,2025-11-12,2025-11-13,-0.019524742976585432,0.0014174420930430642,0.003913614912913682,101663.1875,99697.4921875,101807.39135744036,ensemble
BTC,phase1,lstm,phase1_lstm,2025-11-13,2025-11-14,-0.05462287113659148,0.0013133070271578618,0.0040330751739010885,99697.4921875,94397.7890625,99828.51162011904,ensemble
BTC,phase1,lstm,phase1_lstm,2025-11-14,2025-11-15,0.01212310649874722,0.0011743552720872685,0.00415026405116662,94397.7890625,95549.1484375,94508.7107217288,ensemble
BTC,phase1,lstm,phase1_lstm,2025-11-15,2025-11-16,-0.014463938461922525,0.0010140490107005463,0.0042924607786231726,95549.1484375,94177.078125,95646.08909993077,ensemble
BTC,phase1,lstm,phase1_lstm,2025-11-16,2025-11-17,-0.02236838271634354,0.0009008244902361185,0.004397199368284043,94177.078125,92093.875,94261.95336650238,ensemble
BTC,phase1,lstm,phase1_lstm,2025-11-17,2025-11-18,0.009241173563305538,0.0008791668311459944,0.004412297167090627,92093.875,92948.875,92174.8764819424,ensemble
BTC,phase1,lstm,phase1_lstm,2025-11-18,2025-11-19,-0.016082377699808928,0.000912858017545659,0.00440229750659633,92948.875,91465.9921875,93033.76286515492,ensemble
BTC,phase1,lstm,phase1_lstm,2025-11-19,2025-11-20,-0.05429914313161118,0.000981845609658194,0.004359091115472582,91465.9921875,86631.8984375,91555.84177235446,ensemble
BTC,phase1,lstm,phase1_lstm,2025-11-20,2025-11-21,-0.017950490472289502,0.0010800660194945522,0.004275217523589715,86631.8984375,85090.6875,86725.51715530375,ensemble
BTC,phase1,lstm,phase1_lstm,2025-11-21,2025-11-22,-0.00521187239368071,0.0011563192907487973,0.004220380444931122,85090.6875,84648.359375,85189.13641163771,ensemble
BTC,phase1,lstm,phase1_lstm,2025-11-22,2025-11-23,0.025158586579000386,0.0011931254848605022,0.00424378324971212,84648.359375,86805.0078125,84749.41576431047,ensemble
BTC,phase1,lstm,phase1_lstm,2025-11-23,2025-11-24,0.016742357810839485,0.001240007285377942,0.004226409128814492,86805.0078125,88270.5625,86912.7134186621,ensemble
BTC,phase1,lstm,phase1_lstm,2025-11-24,2025-11-25,-0.01057647695675446,0.0013200034940382467,0.004127381561229102,88270.5625,87341.890625,88387.1568864899,ensemble
BTC,phase1,lstm,phase1_lstm,2025-11-25,2025-11-26,0.0357225879133364,0.0014427753339987248,0.004007419081266392,87341.890625,90518.3671875,87467.99629962184,ensemble
BTC,phase1,lstm,phase1_lstm,2025-11-26,2025-11-27,0.008437806108495432,0.00155150827486068,0.003905871981078332,90518.3671875,91285.375,90658.9161864919,ensemble
BTC,phase1,lstm,phase1_lstm,2025-11-27,2025-11-28,-0.004018666774419681,0.001627434097463265,0.0038491792326078695,91285.375,90919.265625,91434.05688404276,ensemble
BTC,phase1,lstm,phase1_lstm,2025-11-28,2025-11-29,-0.00074277862694653,0.001675760844955221,0.003795011751830384,90919.265625,90851.7578125,91071.75230030228,ensemble
BTC,phase1,lstm,phase1_lstm,2025-11-29,2025-11-30,-0.005047792573132774,0.0016904830292332918,0.003765338036157752,90851.7578125,90394.3125,91005.47105546639,ensemble
BTC,phase1,lstm,phase1_lstm,2025-11-30,2025-12-01,-0.04610183805407602,0.0016993473866023124,0.003747973685392154,90394.3125,86321.5703125,90548.05443218816,ensemble
BTC,phase1,lstm,phase1_lstm,2025-12-01,2025-12-02,0.05662099387030378,0.001748280186438933,0.003636334372742434,86321.5703125,91350.203125,86472.61660068354,ensemble
BTC,phase1,lstm,phase1_lstm,2025-12-02,2025-12-03,0.023558262011831657,0.0017794882878661156,0.003590124124074735,91350.203125,93527.8046875,91512.90446118232,ensemble
BTC,phase1,lstm,phase1_lstm,2025-12-03,2025-12-04,-0.014931972865932171,0.0018419239931972697,0.003533009915881697,93527.8046875,92141.625,93700.2345475832,ensemble
BTC,phase1,lstm,phase1_lstm,2025-12-04,2025-12-05,-0.030343059975675362,0.0019249930999649223,0.003473749134287353,92141.625,89387.7578125,92319.16782187289,ensemble
BTC,phase1,lstm,phase1_lstm,2025-12-05,2025-12-06,-0.0012916460625568118,0.001987110511981882,0.0034342239940445,89387.7578125,89272.375,89565.55776126013,ensemble
BTC,phase1,lstm,phase1_lstm,2025-12-06,2025-12-07,0.012614572226014349,0.0020425429625902324,0.00341161197181353,89272.375,90405.640625,89454.90400952293,ensemble
BTC,phase1,lstm,phase1_lstm,2025-12-07,2025-12-08,0.002591195979813834,0.0020885788515442984,0.003396178013151001,90405.640625,90640.203125,90594.65725342596,ensemble
BTC,phase1,lstm,phase1_lstm,2025-12-08,2025-12-09,0.022381192698197744,0.0021284875605488197,0.003366153962611767,90640.203125,92691.7109375,90833.33513646443,ensemble
BTC,phase1,lstm,phase1_lstm,2025-12-09,2025-12-10,-0.007262832846635849,0.0021874123689485715,0.003293558065698893,92691.7109375,92020.9453125,92894.68784867355,ensemble
BTC,phase1,lstm,phase1_lstm,2025-12-10,2025-12-11,0.0053149701081481185,0.0022433144113165326,0.0032602506878197076,92020.9453125,92511.3359375,92227.60894434545,ensemble
BTC,phase1,lstm,phase1_lstm,2025-12-11,2025-12-12,-0.024521421452147512,0.002303729214327177,0.0032169168596338604,92511.3359375,90270.4140625,92724.70267999024,ensemble
BTC,phase1,lstm,phase1_lstm,2025-12-12,2025-12-13,0.0003134187556330964,0.002373913042993081,0.0031302272298148566,90270.4140625,90298.7109375,90484.96273502863,ensemble
BTC,phase1,lstm,phase1_lstm,2025-12-13,2025-12-14,-0.02379767101791624,0.0024304103877511806,0.003015377793296736,90298.7109375,88175.1796875,90518.44077123817,ensemble
BTC,phase1,lstm,phase1_lstm,2025-12-14,2025-12-15,-0.020108914713088392,0.002485165286634583,0.00294610120402359,88175.1796875,86419.78125,88394.58209590678,ensemble
BTC,phase1,lstm,phase1_lstm,2025-12-15,2025-12-16,0.016345736935078115,0.0025556068256264554,0.00279369340677698,86419.78125,87843.984375,86640.91868264141,ensemble
BTC,phase1,lstm,phase1_lstm,2025-12-16,2025-12-17,-0.019544833040854463,0.0025812359614064916,0.0027424139667743107,87843.984375,86143.7578125,88071.02332094876,ensemble
BTC,phase1,lstm,phase1_lstm,2025-12-17,2025-12-18,-0.007939728497768105,0.002603220724267885,0.0027379403682607165,86143.7578125,85462.5078125,86368.3011692574,ensemble
BTC,phase1,lstm,phase1_lstm,2025-12-18,2025-12-19,0.030433154968407768,0.0026269146997947245,0.0027227584028931503,85462.5078125,88103.3828125,85687.30566367233,ensemble
BTC,phase1,lstm,phase1_lstm,2025-12-19,2025-12-20,0.002727355122150639,0.0026446532283443958,0.0027060168646065993,88103.3828125,88344.0,88336.6940860042,ensemble
BTC,phase1,lstm,phase1_lstm,2025-12-20,2025-12-21,0.0031390280669266876,0.0026467009156476706,0.002708467091672011,88344.0,88621.75,88578.12984485558,ensemble
BTC,phase1,lstm,phase1_lstm,2025-12-21,2025-12-22,-0.0014875849588890807,0.002632730273762718,0.00273844461786103,88621.75,88490.015625,88855.3745644277,ensemble
BTC,phase1,lstm,phase1_lstm,2025-12-22,2025-12-23,-0.012234274952953525,0.0026230815914459527,0.002715914764365325,88490.015625,87414.0,88722.43685266898,ensemble
BTC,phase1,lstm,phase1_lstm,2025-12-23,2025-12-24,0.002262076104062497,0.00262025217525661,0.002689133738052489,87414.0,87611.9609375,87643.34706600275,ensemble
BTC,phase1,lstm,phase1_lstm,2025-12-24,2025-12-25,-0.0043148578556266,0.0026095555629581215,0.0026932797242286634,87611.9609375,87234.7421875,87840.88778630023,ensemble
BTC,phase1,lstm,phase1_lstm,2025-12-25,2025-12-26,0.0007641682813230021,0.002590118389343843,0.0027013956121286777,87234.7421875,87301.4296875,87460.98336666654,ensemble
BTC,phase1,lstm,phase1_lstm,2025-12-26,2025-12-27,0.00571921956587603,0.00256603951274883,0.002723972148814366,87301.4296875,87802.15625,87525.73627229739,ensemble
BTC,phase1,lstm,phase1_lstm,2025-12-27,2025-12-28,0.0003835125589097617,0.0025064913177629934,0.002729045005445831,87802.15625,87835.8359375,88022.50763137052,ensemble
BTC,phase1,lstm,phase1_lstm,2025-12-28,2025-12-29,-0.007974888882579774,0.0024262201935925987,0.002776162685285591,87835.8359375,87138.140625,88049.20375035418,ensemble
BTC,phase1,lstm,phase1_lstm,2025-12-29,2025-12-30,0.01471809780879094,0.00237701759506308,0.002765681744402066,87138.140625,88430.1328125,87345.5158881485,ensemble
BTC,phase1,lstm,phase1_lstm,2025-12-30,2025-12-31,-0.010473099349299821,0.0023490362880693285,0.002717098689844647,88430.1328125,87508.828125,88638.10257206044,ensemble
BTC,phase1,lstm,phase1_lstm,2025-12-31,2026-01-01,0.013880733660550057,0.002346847738226643,0.0027146120813531095,87508.828125,88731.984375,87714.43919492698,ensemble
BTC,phase1,lstm,phase1_lstm,2026-01-01,2026-01-02,0.013574570130194884,0.0023519859030784575,0.002710427305711784,88731.984375,89944.6953125,88940.92636939543,ensemble
BTC,phase1,lstm,phase1_lstm,2026-01-02,2026-01-03,0.007294409627148249,0.002364984837186057,0.0027203468574113674,89944.6953125,90603.1875,90157.6648887444,ensemble
BTC,phase1,lstm,phase1_lstm,2026-01-03,2026-01-04,0.008903689947606831,0.002359062604227802,0.0027434224201606243,90603.1875,91413.4921875,90817.17840117998,ensemble
BTC,phase1,lstm,phase1_lstm,2026-01-04,2026-01-05,0.02665149838136465,0.0023292767775274113,0.0027943459174794975,91413.4921875,93882.5546875,91626.66768799393,ensemble
BTC,phase1,lstm,phase1_lstm,2026-01-05,2026-01-06,-0.00163660971149983,0.0023280616811462095,0.002786320570912253,93882.5546875,93729.03125,94101.3736788196,ensemble
BTC,phase1,lstm,phase1_lstm,2026-01-06,2026-01-07,-0.026168967250151644,0.002351283476309618,0.0027594553181326566,93729.03125,91308.0546875,93949.67406768173,ensemble
BTC,phase1,lstm,phase1_lstm,2026-01-07,2026-01-08,-0.003081466892755565,0.002384041222103406,0.002733841107432917,91308.0546875,91027.125,91525.99654174186,ensemble
BTC,phase1,lstm,phase1_lstm,2026-01-08,2026-01-09,-0.005662930149506993,0.0024261420214315875,0.002709356811042665,91027.125,90513.1015625,91248.23785018238,ensemble
BTC,phase1,lstm,phase1_lstm,2026-01-09,2026-01-10,-0.0013980466595052143,0.002471672461251728,0.0026906252903725024,90513.1015625,90386.6484375,90737.09701066943,ensemble
BTC,phase1,lstm,phase1_lstm,2026-01-10,2026-01-11,0.004865110901100388,0.002492035445175134,0.0027008827543325378,90386.6484375,90827.4609375,90612.17606388117,ensemble
BTC,phase1,lstm,phase1_lstm,2026-01-11,2026-01-12,0.004016380962680633,0.0024800953426165505,0.002752394418762186,90827.4609375,91192.9921875,91053.0012655055,ensemble
BTC,phase1,lstm,phase1_lstm,2026-01-12,2026-01-13,0.044280285031478225,0.0024855961994035168,0.0027646288530733883,91192.9921875,95321.78125,91419.94307958546,ensemble
BTC,phase1,lstm,phase1_lstm,2026-01-13,2026-01-14,0.016723797821879046,0.0024974486645078287,0.0027442286908649673,95321.78125,96929.328125,95560.14002579253,ensemble
BTC,phase1,lstm,phase1_lstm,2026-01-14,2026-01-15,-0.014320038274756287,0.002518933321698569,0.0027229754465216884,96929.328125,95551.1875,97173.79440733416,ensemble
BTC,phase1,lstm,phase1_lstm,2026-01-15,2026-01-16,-0.00027287855188963723,0.0025559764180798084,0.002697334114768171,95551.1875,95525.1171875,95795.7264667543,ensemble
BTC,phase1,lstm,phase1_lstm,2026-01-16,2026-01-17,-0.004461072057980408,0.0025927635782863946,0.002669832814205903,95525.1171875,95099.921875,95773.11258995133,ensemble
BTC,phase1,lstm,phase1_lstm,2026-01-17,2026-01-18,-0.015529993658124637,0.0026105153374373913,0.002681222285383968,95099.921875,93634.4296875,95348.50600481484,ensemble
BTC,phase1,lstm,phase1_lstm,2026-01-18,2026-01-19,-0.011610285761608208,0.002603836913476698,0.0027270494930663734,93634.4296875,92553.59375,93878.55616673097,ensemble
BTC,phase1,lstm,phase1_lstm,2026-01-19,2026-01-20,-0.046924255054821146,0.0025789955951040612,0.0027649633627597815,92553.59375,88310.90625,92792.59712244272,ensemble
BTC,phase1,lstm,phase1_lstm,2026-01-20,2026-01-21,0.011999327760148781,0.0025655063771409916,0.002757435527862623,88310.90625,89376.9609375,88537.75931522268,ensemble
BTC,phase1,lstm,phase1_lstm,2026-01-21,2026-01-22,0.0009560777691027553,0.00256723289785441,0.002737552248151235,89376.9609375,89462.453125,89606.70719181804,ensemble
BTC,phase1,lstm,phase1_lstm,2026-01-22,2026-01-23,0.00046290133092210693,0.002589037496363744,0.0027026486764157092,89462.453125,89503.875,89694.3748681521,ensemble
BTC,phase1,lstm,phase1_lstm,2026-01-23,2026-01-24,-0.004402117623558332,0.00262433267198503,0.0026775099768151602,89503.875,89110.734375,89739.07142527783,ensemble
BTC,phase1,lstm,phase1_lstm,2026-01-24,2026-01-25,-0.028900838361794738,0.0026385203178506344,0.0026575754845746865,89110.734375,86572.21875,89346.16531626298,ensemble
BTC,phase1,lstm,phase1_lstm,2026-01-25,2026-01-26,0.01938894055131375,0.0026428789016790686,0.002684413568683828,86572.21875,88267.140625,86801.32125213745,ensemble
BTC,phase1,lstm,phase1_lstm,2026-01-26,2026-01-27,0.00942027656458104,0.002647182974033058,0.002655748139256587,88267.140625,89102.5703125,88501.10943933041,ensemble
BTC,phase1,lstm,phase1_lstm,2026-01-27,2026-01-28,0.0009198645005418251,0.0026656182715669276,0.0025814773406451653,89102.5703125,89184.5703125,89340.40059351423,ensemble
BTC,phase1,lstm,phase1_lstm,2026-01-28,2026-01-29,-0.053227949504083015,0.0026831640978343787,0.002558469748495933,89184.5703125,84561.5859375,89424.18847330812,ensemble
BTC,phase1,lstm,phase1_lstm,2026-01-29,2026-01-30,-0.005132847429550004,0.0027007123571820557,0.0025431378360054853,84561.5859375,84128.65625,84790.2711250407,ensemble
BTC,phase1,lstm,phase1_lstm,2026-01-30,2026-01-31,-0.06770691927198588,0.0027131205482874067,0.00253124175521605,84128.65625,78621.1171875,84357.21735268018,ensemble
BTC,phase1,lstm,phase1_lstm,2026-01-31,2026-02-01,-0.021166842147211495,0.0027081183332484217,0.002542387113414856,78621.1171875,76974.4453125,78834.32103666087,ensemble
BTC,phase1,lstm,phase1_lstm,2026-02-01,2026-02-02,0.022026908157821636,0.002688427089015022,0.0025644313992108096,76974.4453125,78688.765625,77181.66391768736,ensemble
BTC,phase1,lstm,phase1_lstm,2026-02-02,2026-02-03,-0.03960046937497693,0.0026861805003136397,0.0025355055695768765,78688.765625,75633.546875,78900.42199915978,ensemble
BTC,phase1,lstm,phase1_lstm,2026-02-03,2026-02-04,-0.035170615941758965,0.0027038189000450075,0.0024666407155712862,75633.546875,73019.703125,75838.3230025464,ensemble
BTC,phase1,lstm,phase1_lstm,2026-02-04,2026-02-05,-0.1523344080304475,0.0027222672128118575,0.002439709219367812,73019.703125,62702.09765625,73218.7530793631,ensemble
BTC,phase1,lstm,phase1_lstm,2026-02-05,2026-02-06,0.118003181433477,0.0027320250577759,0.002437767934042069,62702.09765625,70555.390625,62873.635574471446,ensemble
BTC,phase1,lstm,phase1_lstm,2026-02-06,2026-02-07,-0.018213402812750957,0.00272322014789097,0.0024474138322419657,70555.390625,69281.96875,70747.79034078169,ensemble
BTC,phase1,lstm,phase1_lstm,2026-02-07,2026-02-08,0.01408523588474713,0.002719367906684056,0.0024543971165792676,69281.96875,70264.7265625,69470.62831345087,ensemble
BTC,phase1,lstm,phase1_lstm,2026-02-08,2026-02-09,-0.0020507154219692207,0.0026910323707852513,0.0024986099933583692,70264.7265625,70120.78125,70454.06586103396,ensemble
BTC,phase1,lstm,phase1_lstm,2026-02-09,2026-02-10,-0.01910323758989731,0.0026653247536160053,0.00249288999699323,70120.78125,68793.9609375,70307.92519291177,ensemble
BTC,phase1,lstm,phase1_lstm,2026-02-10,2026-02-11,-0.026543221212374526,-0.004809448355808854,0.002028324312364771,68793.9609375,66991.96875,68463.8942906506,ensemble
BTC,phase1,lstm,phase1_lstm,2026-02-11,2026-02-12,-0.01156236827483507,-0.004821887565776705,0.0020472616887379723,66991.96875,66221.84375,66669.71856034436,ensemble
BTC,phase1,lstm,phase1_lstm,2026-02-12,2026-02-13,0.03903376935715579,-0.004844517959281802,0.002082628672068553,66221.84375,68857.84375,65901.80667725136,ensemble
BTC,phase1,lstm,phase1_lstm,2026-02-13,2026-02-14,0.013125933067848304,-0.0048654163256287575,0.0020955747153583153,68857.84375,69767.625,68523.63536362993,ensemble
BTC,phase1,lstm,phase1_lstm,2026-02-14,2026-02-15,-0.014138040068878806,-0.00482467939145863,0.0020866292189153763,69767.625,68788.1875,69431.82928218559,ensemble
BTC,phase1,lstm,phase1_lstm,2026-02-15,2026-02-16,0.0007987824782500607,-0.004767055250704288,0.0020844645688721498,68788.1875,68843.15625,68461.05076853833,ensemble
BTC,phase1,lstm,phase1_lstm,2026-02-16,2026-02-17,-0.019788873300286218,-0.004735214496031403,0.0020899889077487252,68843.15625,67494.21875,68517.93973123324,ensemble
BTC,phase1,lstm,phase1_lstm,2026-02-17,2026-02-18,-0.015963632260214883,-0.004755116533488035,0.0021244754399905247,67494.21875,66425.3203125,67174.03772684989,ensemble
BTC,phase1,lstm,phase1_lstm,2026-02-18,2026-02-19,0.007980125994704771,-0.004771871957927942,0.002142017240353603,66425.3203125,66957.5234375,66109.1022652641,ensemble
BTC,phase1,lstm,phase1_lstm,2026-02-19,2026-02-20,0.015528995656632263,-0.004796136170625687,0.002150249917561088,66957.5234375,68005.421875,66637.15491708767,ensemble
BTC,phase1,lstm,phase1_lstm,2026-02-20,2026-02-21,-2.4354972344490844e-05,-0.004792200494557619,0.002194585795474716,68005.421875,68003.765625,67680.30589134236,ensemble
BTC,phase1,lstm,phase1_lstm,2026-02-21,2026-02-22,-0.005076923598302017,-0.0047343768645077946,0.002165392432177444,68003.765625,67659.390625,67682.57109824014,ensemble
BTC,phase1,lstm,phase1_lstm,2026-02-22,2026-02-23,-0.04601267313564273,-0.004650507681071758,0.0021301709420380476,67659.390625,64616.73828125,67345.47061867006,ensemble
BTC,phase1,lstm,phase1_lstm,2026-02-23,2026-02-24,-0.00834051043874472,-0.004666292946785689,0.0021610373576647635,64616.73828125,64080.04296875,64315.92005000103,ensemble
BTC,phase1,lstm,phase1_lstm,2026-02-24,2026-02-25,0.05878816281087323,-0.0047073499765247105,0.0021522954866592748,64080.04296875,67960.125,63779.10464669806,ensemble
BTC,phase1,lstm,phase1_lstm,2026-02-25,2026-02-26,-0.007478610812400483,-0.00473815780133009,0.002185558619056614,67960.125,67453.7734375,67638.88085727014,ensemble
BTC,phase1,lstm,phase1_lstm,2026-02-26,2026-02-27,-0.023580345399758597,-0.004766439273953438,0.0022129571520799287,67453.7734375,65881.796875,67133.02414587833,ensemble
BTC,phase1,lstm,phase1_lstm,2026-02-27,2026-02-28,0.016768637200983844,-0.004790198197588325,0.002231154180269656,65881.796875,66995.859375,65566.96466670524,ensemble
BTC,phase1,lstm,phase1_lstm,2026-02-28,2026-03-01,-0.018952127255243773,-0.004798716166988015,0.0022268448020586022,66995.859375,65738.1015625,66675.13540859771,ensemble
BTC,phase1,lstm,phase1_lstm,2026-03-01,2026-03-02,0.04517399874225875,-0.004763458296656609,0.0022154269998089613,65738.1015625,68775.8515625,65425.705490738204,ensemble
BTC,phase1,lstm,phase1_lstm,2026-03-02,2026-03-03,-0.007035921401254354,-0.004796336684376001,0.002219064341680216,68775.8515625,68293.6484375,68446.76924831318,ensemble
BTC,phase1,lstm,phase1_lstm,2026-03-03,2026-03-04,0.06267011054362281,-0.004836016334593296,0.0022199099094864605,68293.6484375,72710.578125,67964.17654594644,ensemble
BTC,phase1,lstm,phase1_lstm,2026-03-04,2026-03-05,-0.026047184090688055,-0.004855837067589163,0.002240071535281894,72710.578125,70841.125,72358.36324564538,ensemble
BTC,phase1,lstm,phase1_lstm,2026-03-05,2026-03-06,-0.03892676222985379,-0.0048765919636934996,0.00222679845459002,70841.125,68136.4921875,70496.50271322233,ensemble
BTC,phase1,lstm,phase1_lstm,2026-03-06,2026-03-07,-0.012760002816373808,-0.0048710151575505735,0.00221779588609167,68136.4921875,67272.59375,67805.40532048163,ensemble
BTC,phase1,lstm,phase1_lstm,2026-03-07,2026-03-08,-0.019556151272463178,-0.004850385757163167,0.0021724581395506297,67272.59375,65969.78125,66947.0857772098,ensemble
BTC,phase1,lstm,phase1_lstm,2026-03-08,2026-03-09,0.036210883133673905,-0.00478880456648767,0.002161837041114711,65969.78125,68402.3828125,65654.62008520219,ensemble
BTC,phase1,lstm,phase1_lstm,2026-03-09,2026-03-10,0.022043063053682945,-0.004838113952428102,0.00216177329800644,68402.3828125,69926.921875,68072.24355947207,ensemble
BTC,phase1,lstm,phase1_lstm,2026-03-10,2026-03-11,0.003967140831024369,-0.004877843847498298,0.002182373607813233,69926.921875,70204.8828125,69586.6598166161,ensemble
BTC,phase1,lstm,phase1_lstm,2026-03-11,2026-03-12,0.004102088510358853,-0.004898961167782545,0.0021682844590827774,70204.8828125,70493.4609375,69861.79289607608,ensemble
BTC,phase1,lstm,phase1_lstm,2026-03-12,2026-03-13,0.006712861238543366,-0.004935939377173781,0.002143418080953395,70493.4609375,70968.265625,70146.36681031228,ensemble
BTC,phase1,lstm,phase1_lstm,2026-03-13,2026-03-14,0.0034653905327112298,-0.004932087799534202,0.00217211867429046,70968.265625,71214.625,70619.10565955,ensemble
BTC,phase1,lstm,phase1_lstm,2026-03-14,2026-03-15,0.021879197879022205,-0.00492886696010828,0.0021514320482386184,71214.625,72789.9140625,70864.48120271579,ensemble
BTC,phase1,lstm,phase1_lstm,2026-03-15,2026-03-16,0.028056806108927662,-0.004906077869236469,0.0021506758079694313,72789.9140625,74861.0859375,72433.67565723517,ensemble
BTC,phase1,lstm,phase1_lstm,2026-03-16,2026-03-17,-0.012617278563279094,-0.004939429508522153,0.0021483427278786702,74861.0859375,73922.4765625,74492.22660786004,ensemble
BTC,phase1,lstm,phase1_lstm,2026-03-17,2026-03-18,-0.03688417423341742,-0.004972438700497151,0.002123159124800444,73922.4765625,71245.578125,73555.81393839704,ensemble
BTC,phase1,lstm,phase1_lstm,2026-03-18,2026-03-19,-0.01888416104762736,-0.0049897981341928245,0.0020924588363360505,71245.578125,69912.7890625,70890.96253806986,ensemble
BTC,phase1,lstm,phase1_lstm,2026-03-19,2026-03-20,0.008684431647448684,-0.005004479503259063,0.002069352133734502,69912.7890625,70522.5859375,69563.78596044931,ensemble
BTC,phase1,lstm,phase1_lstm,2026-03-20,2026-03-21,-0.026016105631017767,-0.005006281984969973,0.0020619734078282455,70522.5859375,68711.5234375,70170.41226189112,ensemble
BTC,phase1,lstm,phase1_lstm,2026-03-21,2026-03-22,-0.012688120086084904,-0.004962434060871601,0.0020288784340776462,68711.5234375,67845.2109375,68371.3916719484,ensemble
BTC,phase1,lstm,phase1_lstm,2026-03-22,2026-03-23,0.04425119303469704,-0.004899148503318429,0.0019824846522646616,67845.2109375,70914.859375,67513.64004458737,ensemble
BTC,phase1,lstm,phase1_lstm,2026-03-23,2026-03-24,-0.005613991531695598,-0.004911993909627199,0.0019857092177254193,70914.859375,70517.859375,70567.38012428507,ensemble
BTC,phase1,lstm,phase1_lstm,2026-03-24,2026-03-25,0.011168924480813245,-0.004916520463302732,0.0019846083173427533,70517.859375,71309.8828125,70172.00776627543,ensemble
BTC,phase1,lstm,phase1_lstm,2026-03-25,2026-03-26,-0.03595291880741613,-0.004942256258800626,0.001978173828251129,71309.8828125,68791.625,70958.32056880684,ensemble
BTC,phase1,lstm,phase1_lstm,2026-03-26,2026-03-27,-0.03631346968520713,-0.004943020036444068,0.0019901910859294147,68791.625,66338.375,68452.42564454116,ensemble
BTC,phase1,lstm,phase1_lstm,2026-03-27,2026-03-28,-0.0002816215791388498,-0.0049512785859406,0.0020142916958598156,66338.375,66319.6953125,66010.72703198186,ensemble
BTC,phase1,lstm,phase1_lstm,2026-03-28,2026-03-29,-0.005515409833700628,-0.004941629339009523,0.0019748273135908397,66319.6953125,65954.921875,65992.776381751,ensemble
BTC,phase1,lstm,phase1_lstm,2026-03-29,2026-03-30,0.011105181731209317,-0.004893318144604563,0.0019334705607662022,65954.921875,66691.4453125,65632.97180353879,ensemble
BTC,phase1,lstm,phase1_lstm,2026-03-30,2026-03-31,0.022856210162579323,-0.00490427347831428,0.0019422596389848076,66691.4453125,68233.3125,66365.1729444397,ensemble
BTC,phase1,lstm,phase1_lstm,2026-03-31,2026-04-01,-0.002270644254019965,-0.00494669247418642,0.0019359591186921623,68233.3125,68078.5546875,67896.61673833453,ensemble
BTC,phase1,lstm,phase1_lstm,2026-04-01,2026-04-02,-0.017634149228875802,-0.004955443786457181,0.0019675282406646575,68078.5546875,66888.5703125,67742.02974056528,ensemble
BTC,phase1,lstm,phase1_lstm,2026-04-02,2026-04-03,0.0006356502125007872,-0.004984779097139835,0.0019549152784314413,66888.5703125,66931.1015625,66555.97521061845,ensemble
BTC,phase1,lstm,phase1_lstm,2026-04-03,2026-04-04,0.005355544495529739,-0.004972662078216672,0.0019601937754803937,66931.1015625,67290.515625,66599.10195695389,ensemble
BTC,phase1,lstm,phase1_lstm,2026-04-04,2026-04-05,0.024824828794848448,-0.0049539411440491675,0.001923014631214325,67290.515625,68981.8984375,66957.98671542821,ensemble
BTC,phase1,lstm,phase1_lstm,2026-04-05,2026-04-06,-0.0017711667933321205,-0.004876460740342736,0.0018680447785850113,68981.8984375,68859.828125,68646.32977665668,ensemble
BTC,phase1,lstm,phase1_lstm,2026-04-06,2026-04-07,0.043769250088650125,-0.004841714398935437,0.0018952845196736692,68859.828125,71940.703125,68527.23431550444,ensemble
BTC,phase1,lstm,phase1_lstm,2026-04-07,2026-04-08,-0.011426386592901714,-0.004858359228819609,0.0019009176127148203,71940.703125,71123.359375,71592.037004493,ensemble
BTC,phase1,lstm,phase1_lstm,2026-04-08,2026-04-09,0.00902047398791368,-0.004869057890027761,0.001954439682709603,71123.359375,71767.828125,70777.89734070141,ensemble
BTC,phase1,lstm,phase1_lstm,2026-04-09,2026-04-10,0.01673607145352826,-0.004911489505320788,0.0019544374777789894,71767.828125,72979.046875,71416.20539286513,ensemble
BTC,phase1,lstm,phase1_lstm,2026-04-10,2026-04-11,0.0010302658186926742,-0.004947005864232778,0.0019504172856236322,72979.046875,73054.2734375,72618.91063465328,ensemble
BTC,phase1,lstm,phase1_lstm,2026-04-11,2026-04-12,-0.03200195641601119,-0.004909426812082529,0.0019315419350013183,73054.2734375,70753.40625,72696.49778404778,ensemble
BTC,phase1,lstm,phase1_lstm,2026-04-12,2026-04-13,0.05139225778223328,-0.00484719704836607,0.00190965436699032,70753.40625,74484.640625,70411.28039364645,ensemble
BTC,phase1,lstm,phase1_lstm,2026-04-13,2026-04-14,-0.004076670658997154,-0.004860695125535131,0.0019431056663635532,74484.640625,74181.609375,74123.47197183415,ensemble
BTC,phase1,lstm,phase1_lstm,2026-04-14,2026-04-15,0.00836950468372944,-0.004893430648371578,0.0019726492799229346,74181.609375,74805.078125,73819.49353111493,ensemble
BTC,phase1,lstm,phase1_lstm,2026-04-15,2026-04-16,0.004628724487070657,-0.00491632642224431,0.0019935705895761527,74805.078125,75152.1328125,74438.2144925132,ensemble
BTC,phase1,lstm,phase1_lstm,2026-04-16,2026-04-17,0.025937296578403095,-0.004948022589087486,0.001993567150050806,75152.1328125,77126.875,74781.1968183643,ensemble
BTC,phase1,lstm,phase1_lstm,2026-04-17,2026-04-18,-0.018327445076503752,-0.00495959441177547,0.0019965651301952136,77126.875,75726.2109375,76745.30398263822,ensemble
BTC,phase1,lstm,phase1_lstm,2026-04-18,2026-04-19,-0.025002336494923415,-0.004925810126587748,0.001992269716873251,75726.2109375,73856.3515625,75354.11518968233,ensemble
BTC,phase1,lstm,phase1_lstm,2026-04-19,2026-04-20,0.02693259727225901,-0.004843774437904358,0.0019866334189838175,73856.3515625,75872.5234375,73499.47307194083,ensemble
BTC,phase1,lstm,phase1_lstm,2026-04-20,2026-04-21,0.006309747501944813,-0.004857320617884397,0.0020178188773328745,75872.5234375,76352.7734375,75504.87986925303,ensemble
BTC,phase1,lstm,phase1_lstm,2026-04-21,2026-04-22,0.02394495237334366,-0.004882758343592286,0.0020357268509659213,76352.7734375,78203.1015625,75980.86999215609,ensemble
BTC,phase1,lstm,phase1_lstm,2026-04-22,2026-04-23,0.0008417038623198857,-0.004920302424579859,0.0020396850206207988,78203.1015625,78268.953125,77819.2637257643,ensemble
BTC,phase1,lstm,phase1_lstm,2026-04-23,2026-04-24,-0.010449855400701123,-0.004958617547526955,0.002033384970263454,78268.953125,77455.3125,77881.80796625311,ensemble
BTC,phase1,lstm,phase1_lstm,2026-04-24,2026-04-25,0.0020210985800430967,-0.004968837229534983,0.002044819686123179,77455.3125,77612.015625,77071.40423832631,ensemble
BTC,phase1,lstm,phase1_lstm,2026-04-25,2026-04-26,0.01338122502813899,-0.0049394844099879265,0.002012599100441303,77612.015625,78657.5390625,77229.59753542388,ensemble
BTC,phase1,lstm,phase1_lstm,2026-04-26,2026-04-27,-0.016547994707933746,-0.004881188599392771,0.0019923367415167386,78657.5390625,77366.625,78274.53230414272,ensemble
BTC,phase1,lstm,phase1_lstm,2026-04-27,2026-04-28,-0.013218654490737211,-0.004876215336844325,0.0020237907479689213,77366.625,76350.671875,76990.28697493701,ensemble
BTC,phase1,lstm,phase1_lstm,2026-04-28,2026-04-29,-0.0075534590417408835,-0.004906998760998249,0.0020313958288298677,76350.671875,75776.1328125,75976.93693108007,ensemble
BTC,phase1,lstm,phase1_lstm,2026-04-29,2026-04-30,0.006946186875134918,-0.004941145796328783,0.002051506208584065,75776.1328125,76304.3203125,75402.63540487314,ensemble
BTC,phase1,lstm,phase1_lstm,2026-04-30,2026-05-01,0.02427150989403538,-0.004994215071201324,0.0020409079154272945,76304.3203125,78179.0,75924.19014201683,ensemble
BTC,phase1,lstm,phase1_lstm,2026-05-01,2026-05-02,0.006098736514783506,-0.005034352699294686,0.0020227677281573165,78179.0,78657.25,77786.40839180931,ensemble
BTC,phase1,lstm,phase1_lstm,2026-05-02,2026-05-03,-0.0015143369624661424,-0.004997784644365311,0.0020024975829044367,78657.25,78538.2265625,78265.1187138583,ensemble
BTC,phase1,lstm,phase1_lstm,2026-05-03,2026-05-04,0.01628767686490818,-0.004915867187082768,0.001988319292215626,78538.2265625,79827.90625,78153.09048610154,ensemble
BTC,phase1,lstm,phase1_lstm,2026-05-04,2026-05-05,0.013675043806522565,-0.004917875211685896,0.002017540748370425,79827.90625,80927.0546875,79436.28632690165,ensemble
BTC,phase1,lstm,phase1_lstm,2026-05-05,2026-05-06,0.006165248057273942,-0.0049490046221762896,0.0020282235424096628,80927.0546875,81427.53125,80527.53574577643,ensemble
BTC,phase1,lstm,phase1_lstm,2026-05-06,2026-05-07,-0.017561908350902416,-0.004987091943621636,0.0020209229701450148,81427.53125,80009.9921875,81022.45557927678,ensemble
BTC,phase1,lstm,phase1_lstm,2026-05-07,2026-05-08,0.0022069548930199264,-0.005020152544602752,0.0020161394601706088,80009.9921875,80186.765625,79609.33633980436,ensemble
BTC,phase1,lstm,phase1_lstm,2026-05-08,2026-05-09,0.005938447031188693,-0.005052054487168789,0.002003115278874116,80186.765625,80664.3671875,79782.67930842322,ensemble
BTC,phase1,lstm,phase1_lstm,2026-05-09,2026-05-10,0.018115146956791082,-0.005021667946130038,0.001994677002781693,80664.3671875,82138.9296875,80260.31288276605,ensemble
BTC,phase1,lstm,phase1_lstm,2026-05-10,2026-05-11,-0.005011785219488408,-0.004935537884011865,0.0019708076375161746,82138.9296875,81728.296875,81734.5286774459,ensemble
BTC,phase1,lstm,phase1_lstm,2026-05-11,2026-05-12,-0.015422747705667463,-0.004948219377547502,0.001996248565683728,81728.296875,80477.4921875,81324.88623799599,ensemble
BTC,phase1,lstm,phase1_lstm,2026-05-12,2026-05-13,-0.015028018231235505,-0.0049621622078120705,0.001999569270787848,80477.4921875,79277.1171875,80079.1389811896,ensemble
BTC,phase1,lstm,phase1_lstm,2026-05-13,2026-05-14,0.022132143698821827,-0.0049731744918972256,0.0020087471041222733,79277.1171875,81051.25,78883.83698660898,ensemble
BTC,phase1,lstm,phase1_lstm,2026-05-14,2026-05-15,-0.02480277513696735,-0.005016031349077821,0.0020006405338144875,81051.25,79065.6796875,80645.71233423664,ensemble
BTC,phase1,lstm,phase1_lstm,2026-05-15,2026-05-16,-0.011886390842574117,-0.0050380023196339606,0.002004729446714339,79065.6796875,78131.4375,78668.34832838942,ensemble
BTC,phase1,lstm,phase1_lstm,2026-05-16,2026-05-17,-0.009026576797854137,-0.005009499285370112,0.0019918353921442047,78131.4375,77429.3515625,77741.01684215161,ensemble
BTC,phase1,lstm,phase1_lstm,2026-05-17,2026-05-18,-0.006155853649121142,-0.004954485641792417,0.0019729737166864687,77429.3515625,76954.171875,77046.67771077088,ensemble
BTC,phase1,lstm,phase1_lstm,2026-05-18,2026-05-19,-0.002644879999712329,-0.004956160485744476,0.001986625502767588,76954.171875,76750.90625,76573.7182225926,ensemble
BTC,phase1,lstm,phase1_lstm,2026-05-19,2026-05-20,0.009167734783614812,-0.004974461114034057,0.0019687429549983706,76750.90625,77457.7734375,76370.05988944297,ensemble
BTC,phase1,lstm,phase1_lstm,2026-05-20,2026-05-21,0.0010503232153248991,-0.004985139425843954,0.001973840125924368,77457.7734375,77539.171875,77072.5965153177,ensemble
BTC,phase1,lstm,phase1_lstm,2026-05-21,2026-05-22,-0.026806340702622146,-0.004999130172654987,0.0019710358977407514,77539.171875,75488.2421875,77152.51075122565,ensemble
BTC,phase1,lstm,phase1_lstm,2026-05-22,2026-05-23,0.015577503022418466,0.0004242469440214336,0.002946013312916061,75488.2421875,76673.3671875,75520.27463791175,ensemble
BTC,phase1,lstm,phase1_lstm,2026-05-23,2026-05-24,0.004005847400396048,0.00040512270061299205,0.0029659714870448246,76673.3671875,76981.125,76704.43560191515,ensemble
BTC,phase1,lstm,phase1_lstm,2026-05-24,2026-05-25,0.003874018128693613,0.0003792736562900245,0.0030186310675916735,76981.125,77279.9296875,77010.32745025404,ensemble
BTC,phase1,lstm,phase1_lstm,2026-05-25,2026-05-26,-0.018996541405031864,0.0003297958406619728,0.0030623052540826915,77279.9296875,75825.734375,77305.42049002688,ensemble
BTC,phase1,lstm,phase1_lstm,2026-05-26,2026-05-27,-0.019725310724108713,0.00024773733457550406,0.003070398460066757,75825.734375,74344.703125,75844.52156737469,ensemble
BTC,phase1,lstm,phase1_lstm,2026-05-27,2026-05-28,-0.010929802661887332,0.0001433097990229726,0.003033397555187895,74344.703125,73536.5546875,74355.35821293428,ensemble
BTC,phase1,lstm,phase1_lstm,2026-05-28,2026-05-29,-0.0022330998228095003,4.395046271383762e-05,0.0029779600258940213,73536.5546875,73372.5234375,73539.78672412912,ensemble
BTC,phase1,lstm,phase1_lstm,2026-05-29,2026-05-30,0.005197039654902875,-4.414650611579418e-05,0.0029140719316971785,73372.5234375,73754.8359375,73369.28436844266,ensemble
BTC,phase1,lstm,phase1_lstm,2026-05-30,2026-05-31,-0.002377562514476544,-0.00011812448501586914,0.002866832198952476,73754.8359375,73579.6875,73746.12420003234,ensemble
BTC,phase1,lstm,phase1_lstm,2026-05-31,2026-06-01,-0.031195386303294676,-0.0001689127180725336,0.00285575487142852,73579.6875,71319.7734375,73567.2600046,ensemble
BTC,phase1,lstm,phase1_lstm,2026-06-01,2026-06-02,-0.06691384852525814,-0.00024459147825837133,0.0028350629544779183,71319.7734375,66703.65625,71302.33136186436,ensemble
BTC,phase1,lstm,phase1_lstm,2026-06-02,2026-06-03,-0.041152222290191665,-0.0003313428722321987,0.0027749410279921203,66703.65625,64014.3671875,66681.55813017915,ensemble
BTC,phase1,lstm,phase1_lstm,2026-06-03,2026-06-04,-0.003329681149437111,-0.0004039348801597953,0.0026624899382438655,64014.3671875,63801.57421875,63988.51477345901,ensemble
BTC,phase1,lstm,phase1_lstm,2026-06-04,2026-06-05,-0.046172542625212365,-0.00046587353572249415,0.0025689635343327743,63801.57421875,60922.66796875,63771.857676396845,ensemble
BTC,phase1,lstm,phase1_lstm,2026-06-05,2026-06-06,-0.0009073630482773938,-0.0005954940570518374,0.002481659251463617,60922.66796875,60867.4140625,60886.39968188128,ensemble
BTC,phase1,lstm,phase1_lstm,2026-06-06,2026-06-07,0.0382314561194156,-0.000735020637512207,0.002397426116186339,60867.4140625,63239.51953125,60822.69169495707,ensemble
BTC,phase1,lstm,phase1_lstm,2026-06-07,2026-06-08,-0.0023577871851843952,-0.0008134117815643549,0.0023932375192764165,63239.51953125,63090.58984375,63188.10067618912,ensemble
BTC,phase1,lstm,phase1_lstm,2026-06-08,2026-06-09,-0.023199274916972237,-0.0008370252558961511,0.0023988754102920104,63090.58984375,61643.78125,63037.80352146574,ensemble
BTC,phase1,lstm,phase1_lstm,2026-06-09,2026-06-10,-0.00316008608540611,-0.000805707008112222,0.002384974915529926,61643.78125,61449.2890625,61594.13442652288,ensemble
BTC,phase1,lstm,phase1_lstm,2026-06-10,2026-06-11,0.03378866852406486,-0.0007528795162215829,0.0024269026552607275,61449.2890625,63561.0546875,61403.04256268415,ensemble
BTC,phase1,lstm,phase1_lstm,2026-06-11,2026-06-12,-0.0002809578486747506,-0.0006067761685699224,0.002542886609690578,63561.0546875,63543.19921875,63522.499052769555,ensemble
BTC,phase1,lstm,phase1_lstm,2026-06-12,2026-06-13,0.01372472245570358,-0.00041399633046239613,0.002662477858646427,63543.19921875,64421.32421875,63516.898012124766,ensemble
BTC,phase1,lstm,phase1_lstm,2026-06-13,2026-06-14,0.019812484755317328,-0.0002335367491468787,0.0027907159627001384,64421.32421875,65710.3984375,64406.28122873008,ensemble
BTC,phase1,lstm,phase1_lstm,2026-06-14,2026-06-15,0.0087743291428838,-0.00011094366200268269,0.002887253517454968,65710.3984375,66289.5,65703.10868964883,ensemble
BTC,phase1,lstm,phase1_lstm,2026-06-15,2026-06-16,-0.010446052081715382,-1.804688945412636e-05,0.0029599632933316414,66289.5,65600.640625,66288.30369151638,ensemble
BTC,phase1,lstm,phase1_lstm,2026-06-16,2026-06-17,-0.01818545153086442,6.605836097151041e-05,0.0029916892024381986,65600.640625,64418.4453125,65604.97423893251,ensemble
BTC,phase1,lstm,phase1_lstm,2026-06-17,2026-06-18,-0.023909926459543353,0.00013975715264678002,0.003029524330637234,64418.4453125,62896.47265625,64427.44888013664,ensemble
BTC,phase1,lstm,phase1_lstm,2026-06-18,2026-06-19,0.0101927013006599,0.0002702218247577548,0.003106266077319656,62896.47265625,63540.8359375,62913.47095241387,ensemble
BTC,phase1,lstm,phase1_lstm,2026-06-19,2026-06-20,0.01093823779640829,0.00043015427654609085,0.0031924304533710703,63540.8359375,64239.67578125,63568.174179223075,ensemble
BTC,phase1,lstm,phase1_lstm,2026-06-20,2026-06-21,-0.01572292530514671,0.0005502093234099447,0.0032563457537697115,64239.67578125,63237.5390625,64275.03077522942,ensemble
BTC,phase1,lstm,phase1_lstm,2026-06-21,2026-06-22,0.011236353824842346,0.0006389961927197874,0.003291651365893906,63237.5390625,63952.10546875,63277.960522402,ensemble
BTC,phase1,lstm,phase1_lstm,2026-06-22,2026-06-23,-0.02028318896027214,0.0007007996900938451,0.0033179459051504417,63952.10546875,62668.01953125,63996.93879219806,ensemble
BTC,phase1,lstm,phase1_lstm,2026-06-23,2026-06-24,-0.027057191162537193,0.0007016697083599866,0.0033281216636744286,62668.01953125,60995.1328125,62712.0072128451,ensemble
BTC,phase1,lstm,phase1_lstm,2026-06-24,2026-06-25,-0.021099038116469408,0.0007042221608571708,0.0033471269025969978,60995.1328125,59721.67578125,61038.10206490507,ensemble
BTC,phase1,lstm,phase1_lstm,2026-06-25,2026-06-26,0.004923319948585001,0.0007153763785026967,0.0033711007424596802,59721.67578125,60016.4296875,59764.414542716026,ensemble
BTC,phase1,lstm,phase1_lstm,2026-06-26,2026-06-27,-0.0012726617424323222,0.000728831544984132,0.0034001752743956404,60016.4296875,59940.09765625,60060.18749877318,ensemble
BTC,phase1,lstm,phase1_lstm,2026-06-27,2026-06-28,-0.006825999440473744,0.0007759851985611021,0.0034378558400510783,59940.09765625,59532.33984375,59986.628336056085,ensemble
BTC,phase1,lstm,phase1_lstm,2026-06-28,2026-06-29,0.010128530183576383,0.0008427549735642969,0.0034896684608073125,59532.33984375,60138.37890625,59582.53216618522,ensemble
BTC,phase1,lstm,phase1_lstm,2026-06-29,2026-06-30,-0.026615830286262104,0.0009236396406777203,0.0035556045475674722,60138.37890625,58558.859375,60193.95075716537,ensemble
BTC,phase1,lstm,phase1_lstm,2026-06-30,2026-07-01,0.024374798891813786,0.000993388204369694,0.003615223241354966,58558.859375,60003.7578125,58617.0599582648,ensemble
BTC,phase1,lstm,phase1_lstm,2026-07-01,2026-07-02,0.024390944088390595,0.001057233544997871,0.003666136836858339,60003.7578125,61485.30078125,60067.22934428951,ensemble
BTC,phase1,lstm,phase1_lstm,2026-07-02,2026-07-03,0.01707535974546987,0.0010807873914018273,0.0036948698603226603,61485.30078125,62544.19921875,61551.78924256414,ensemble
BTC,phase1,lstm,phase1_lstm,2026-07-03,2026-07-04,0.00866191238397133,0.001081046450417489,0.003708781461522004,62544.19921875,63088.3046875,62611.84896297926,ensemble
BTC,phase1,lstm,phase1_lstm,2026-07-04,2026-07-05,0.007258275090508953,0.0010904162059887311,0.0037119909218176293,63088.3046875,63547.8828125,63157.134717209585,ensemble
BTC,phase1,lstm,phase1_lstm,2026-07-05,2026-07-06,0.007011517689840301,0.0010735321324318648,0.0036678496159791942,63547.8828125,63995.015625,63616.14013830811,ensemble
BTC,phase1,lstm,phase1_lstm,2026-07-06,2026-07-07,-0.01096103180817717,0.001055432518478483,0.0036523692456103198,63995.015625,63297.39453125,64062.59370128764,ensemble
BTC,phase1,lstm,phase1_lstm,2026-07-07,2026-07-08,-0.016563965519348627,0.0010126843699254096,0.0036232232663155604,63297.39453125,62257.57421875,63361.527280984585,ensemble
BTC,phase1,lstm,phase1_lstm,2026-07-08,2026-07-09,0.014915682336986301,0.0009412738610990346,0.0035616118949593294,62257.57421875,63193.1484375,62316.20323466888,ensemble
BTC,phase1,lstm,phase1_lstm,2026-07-09,2026-07-10,0.01467180052315595,0.0008777824579738081,0.0034715204874894295,63193.1484375,64127.140625,63248.64262701241,ensemble
BTC,phase1,lstm,phase1_lstm,2026-07-10,2026-07-11,-0.005082718606355573,0.0008305646595545113,0.0034113380325760325,64127.140625,63802.02734375,64180.42448650445,ensemble
BTC,phase1,lstm,phase1_lstm,2026-07-11,2026-07-12,-0.0006868690961942699,0.0008025569957681,0.0033827648791426505,63802.02734375,63758.21875,63853.25266000736,ensemble
BTC,phase1,lstm,phase1_lstm,2026-07-12,2026-07-13,-0.024114338771437895,0.0007847957429476082,0.003362563724856139,63758.21875,62239.12109375,63808.27556827268,ensemble
BTC,phase1,lstm,phase1_lstm,2026-07-13,2026-07-14,0.04272810304426096,0.0007216808735392988,0.0033366112383185174,62239.12109375,64956.11328125,62284.05408872061,ensemble
BTC,phase1,lstm,phase1_lstm,2026-07-14,2026-07-15,-0.0037594109647903352,0.0006501405383460224,0.003288616291458075,64956.11328125,64712.375,64998.35761459636,ensemble
BTC,phase1,lstm,phase1_lstm,2026-07-15,2026-07-16,-0.014367279855176223,0.0005939783412031829,0.003244890958035758,64712.375,63789.28125,64750.824167013605,ensemble
BTC,phase1,lstm,phase1_lstm,2026-07-16,2026-07-17,0.0017257545646935989,0.000518169195856899,0.0031851951081285036,63789.28125,63899.4609375,63822.34345573812,ensemble
BTC,phase1,lstm,phase1_lstm,2026-07-17,2026-07-18,0.01394223164475083,0.0004630279145203531,0.003146906480755757,63899.4609375,64796.6015625,63929.055022551875,ensemble
BTC,phase1,lstm,phase1_lstm,2026-07-18,2026-07-19,-0.0016340878484766735,0.0004205888952128589,0.003140667418905556,64796.6015625,64690.8046875,64823.86002546631,ensemble
BTC,phase1,lstm,phase1_lstm,2026-07-19,2026-07-20,0.008300835886390828,0.00039308603154495356,0.0031195148005411415,64690.8046875,65230.02734375,64716.2387377495,ensemble
BTC,phase1,lstm,phase1_lstm,2026-07-20,2026-07-21,0.019359107363714313,0.0003573852241970599,0.003117918708819685,65230.02734375,66505.125,65253.3437579194,ensemble
BTC,phase1,lstm,phase1_lstm,2026-07-21,2026-07-22,-0.006098209978869257,0.000330184365157038,0.003129007178150451,66505.125,66100.796875,66527.08757812824,ensemble
BTC,phase1,lstm,phase1_lstm,2026-07-22,2026-07-23,-0.016104346952909084,0.0003117683925665915,0.003126204046777997,66100.796875,65044.8125,66121.40822700618,ensemble
BTC,phase1,lstm,phase1_lstm,2026-07-23,2026-07-24,-0.014655553654227636,0.00027369254967197777,0.0030970279818359255,65044.8125,64098.49609375,65062.61721697412,ensemble
BTC,phase1,lstm,phase1_lstm,2026-07-24,2026-07-25,0.0033224217714330475,0.00024621119955554606,0.0030294497396156817,64098.49609375,64311.8125,64114.27980434637,ensemble
BTC,phase1,lstm,phase1_lstm,2026-07-25,2026-07-26,0.015865685940396487,0.00024781589163467286,0.002965558140185698,64311.8125,65340.30078125,64327.751964102004,ensemble
BTC,phase1,lstm,phase1_lstm,2026-07-26,2026-07-27,-0.02503365298859531,0.00028900351608172057,0.002928344714091131,65340.30078125,63724.8984375,65359.18708689054,ensemble
BTC,phase1,lstm,phase1_lstm,2026-07-27,2026-07-28,0.0022957554728576246,0.0003181212334311567,0.002885886123893217,63724.8984375,63871.36328125,63745.173905648684,ensemble
BTC,phase1,lstm,phase1_lstm,2026-07-28,2026-07-29,0.0005760654802496461,0.00036713465742650443,0.0028420965094582648,63871.36328125,63908.16796875,63894.81697739653,ensemble
BTC,phase1,lstm,phase1_lstm,2026-07-29,2026-07-30,0.01270511594195683,0.00041710747027536856,0.0028406722943117115,63908.16796875,64725.30859375,63934.83010312254,ensemble
BTC,phase1,lstm,phase1_lstm,2026-07-30,2026-07-31,-0.02997835702863742,0.00047762858448550103,0.002825184974548496,64725.30859375,62813.74609375,64756.230635311644,ensemble
BTC,phase1,lstm,phase1_lstm,2026-07-31,2026-08-01,-0.0008031049841085494,0.000565986311994493,0.0028505031115900062,62813.74609375,62763.3203125,62849.307877036124,ensemble
BTC,phase1,lstm,phase1_lstm,2026-08-01,2026-08-02,0.011385569767075112,0.0006402427097782493,0.0028964329595085824,62763.3203125,63482.0,62803.51693719642,ensemble
BTC,phase1,lstm,phase1_lstm,2026-08-02,2026-08-03,-0.0003324575530272348,0.0007127041346393526,0.0029499880136910073,63482.0,63460.8984375,63527.26001045766,ensemble
BTC,phase1,lstm,phase1_lstm,2026-08-03,2026-08-04,0.00933302539348361,0.0007609766907989979,0.003017967953811562,63460.8984375,64055.953125,63509.20908129369,ensemble
BTC,phase1,lstm,phase1_lstm,2026-08-04,2026-08-05,0.008418741360802475,0.0007852533948607743,0.0030702244531202686,64055.953125,64597.5,64106.27303400643,ensemble
BTC,phase1,lstm,phase1_lstm,2026-08-05,2026-08-06,-0.005205470783879128,0.0007959194015711546,0.003119107281577551,64597.5,64262.11328125,64648.934869833116,ensemble
BTC,phase1,lstm,phase1_lstm,2026-08-06,2026-08-07,0.00957212039536744,0.0007907925173640251,0.003133170336182516,64262.11328125,64880.19140625,64312.951378126796,ensemble
BTC,phase1,lstm,phase1_lstm,2026-08-07,2026-08-08,0.00037748764335751974,0.0007900628843344748,0.003126265711575805,64880.19140625,64904.6875,64931.47109182935,ensemble
BTC,phase1,lstm,phase1_lstm,2026-08-08,2026-08-09,-0.0009217877722439945,0.0007903361925855279,0.0031406974740961534,64904.6875,64844.88671875,64956.00429969057,ensemble
BTC,phase1,lstm,phase1_lstm,2026-08-09,2026-08-10,-0.014513048045569134,0.00080131438880926,0.0031694423668080546,64844.88671875,63910.5859375,64896.868683685185,ensemble
BTC,phase1,lstm,phase1_lstm,2026-08-10,2026-08-11,-0.00562851025881392,0.000787953099643346,0.0032013567965193624,63910.5859375,63551.875,63960.96432708705,ensemble
BTC,phase1,lstm,phase1_lstm,2026-08-11,2026-08-12,-0.0023542560615523694,0.0007537679854067392,0.0032056199377133846,63551.875,63402.43359375,63599.7964273375,ensemble
BTC,phase1,lstm,phase1_lstm,2026-08-12,2026-08-13,-4.127906065128786e-06,0.0007241459436045262,0.003176805132717106,63402.43359375,63402.171875,63448.36283658195,ensemble
BTC,phase1,lstm,phase1_lstm,2026-08-13,2026-08-14,-0.006750867021094253,0.0006792022955778521,0.0031600774935320913,63402.171875,62975.59375,63445.249403204114,ensemble
BTC,phase1,lstm,phase1_lstm,2026-08-14,2026-08-15,0.0007734380660748331,0.0006369320195517503,0.003139362164759854,62975.59375,63024.3203125,63015.71769886709,ensemble
BTC,phase1,lstm,phase1_lstm,2026-08-15,2026-08-16,-0.0032686473868631834,0.0006136691066785715,0.0031310052703182995,63024.3203125,62818.65234375,63063.00826043029,ensemble
BTC,phase1,lstm,phase1_lstm,2026-08-16,2026-08-17,0.026510137670231988,0.0005988357937894761,0.003146852229884403,62818.65234375,64506.25390625,62856.2816670594,ensemble
BTC,phase1,lstm,phase1_lstm,2026-08-17,2026-08-18,0.002700847372800676,0.0005542832077480853,0.0031749335345167724,64506.25390625,64680.7109375,64542.01855054018,ensemble
BTC,phase1,lstm,phase1_lstm,2026-08-18,2026-08-19,0.0684938460027011,0.0004767001722939312,0.003184518212650404,64680.7109375,69266.1875,64711.55159383706,ensemble
BTC,phase1,lstm,phase1_lstm,2026-08-19,2026-08-20,0.05295120538976306,0.0004095811280421913,0.0032052806556823526,69266.1875,73032.7578125,69294.56343393827,ensemble
BTC,phase1,lstm,phase1_lstm,2026-08-20,2026-08-21,0.07008881775516321,0.00032416811445727943,0.003282623898227905,73032.7578125,78335.1875,73056.43654163081,ensemble
BTC,phase1,lstm,phase1_lstm,2026-08-21,2026-08-22,-0.016108760387506423,0.00024282293161377312,0.0033621600890142494,78335.1875,77083.4140625,78354.2113895021,ensemble
BTC,phase1,lstm,phase1_lstm,2026-08-22,2026-08-23,0.008678138825315892,0.0001622741692699492,0.0034190568157956265,77083.4140625,77755.265625,77095.92372445152,ensemble
BTC,phase1,lstm,phase1_lstm,2026-08-23,2026-08-24,0.0154319126625293,8.161008590832353e-05,0.0034302523499859057,77755.265625,78964.484375,77761.61149784757,ensemble
BTC,phase1,lstm,phase1_lstm,2026-08-24,2026-08-25,-0.005072177186830813,3.459583967924118e-05,0.0033973062017549987,78964.484375,78564.9765625,78967.21626489754,ensemble
BTC,phase1,lstm,phase1_lstm,2026-08-25,2026-08-26,0.005868895257053803,1.2481003068387508e-05,0.0033276064906072817,78564.9765625,79027.421875,78565.95713833283,ensemble
BTC,phase1,lstm,phase1_lstm,2026-08-26,2026-08-27,0.015445797722405792,-9.331479668617249e-06,0.0032616694257815463,79027.421875,80257.5390625,79026.68443566022,ensemble
BTC,phase1,lstm,phase1_lstm,2026-08-27,2026-08-28,-0.030710027313092664,-3.908025100827217e-05,0.003243795915991371,80257.5390625,77830.2890625,80254.40263901463,ensemble
BTC,phase1,lstm,phase1_lstm,2026-08-28,2026-08-29,0.005324638622765287,-9.918292053043843e-05,0.003241564933083326,77830.2890625,78245.8125,77822.57000993047,ensemble
BTC,phase1,lstm,phase1_lstm,2026-08-29,2026-08-30,-0.007417513856522034,-0.00019918964244425297,0.0032011645632111507,78245.8125,77667.5703125,78230.22829674282,ensemble
BTC,phase1,lstm,phase1_lstm,2026-08-30,2026-08-31,0.01128015948027171,-0.00030789230950176714,0.0031827816350371665,77667.5703125,78548.6328125,77643.66074587782,ensemble
BTC,phase1,xgb,phase1_xgb,2025-10-31,2025-11-01,0.004624825172493095,-0.006514711119234562,0.001253648817593225,109556.1640625,110064.015625,108844.7571237425,ensemble
BTC,phase1,xgb,phase1_xgb,2025-11-01,2025-11-02,0.005216141233319792,-0.002620225423015654,0.0010905742922881823,110064.015625,110639.625,109776.00059004112,ensemble
BTC,phase1,xgb,phase1_xgb,2025-11-02,2025-11-03,-0.03768718290100999,-0.01707961279898882,0.003045169972956679,110639.625,106547.5234375,108765.98907959992,ensemble
BTC,phase1,xgb,phase1_xgb,2025-11-03,2025-11-04,-0.04764085753760775,-0.010014236159622669,0.0012467797354136169,106547.5234375,101590.5234375,105485.85614150713,ensemble
BTC,phase1,xgb,phase1_xgb,2025-11-04,2025-11-05,0.022400061321748738,0.005604153405874968,0.002109223875266878,101590.5234375,103891.8359375,102161.45060289989,ensemble
BTC,phase1,xgb,phase1_xgb,2025-11-05,2025-11-06,-0.025251182491850755,0.00437677619047463,0.0029781032110875456,103891.8359375,101301.2890625,104347.5437895865,ensemble
BTC,phase1,xgb,phase1_xgb,2025-11-06,2025-11-07,0.02023892596873405,0.012539625633507967,0.003953317722902681,101301.2890625,103372.40625,102579.56711777479,ensemble
BTC,phase1,xgb,phase1_xgb,2025-11-07,2025-11-08,-0.010603212214200236,-0.01146727679297328,0.0029824456074228267,103372.40625,102282.1171875,102193.77700430424,ensemble
BTC,phase1,xgb,phase1_xgb,2025-11-08,2025-11-09,0.023551839699680072,0.0033812226844020187,0.0020958686350446665,102282.1171875,104719.640625,102628.54114056156,ensemble
BTC,phase1,xgb,phase1_xgb,2025-11-09,2025-11-10,0.01212026933646231,-0.007546673703473061,0.004703252806662627,104719.640625,105996.59375,103932.33019092323,ensemble
BTC,phase1,xgb,phase1_xgb,2025-11-10,2025-11-11,-0.028702546476841843,-0.001992315205279738,0.0031943418726895923,105996.59375,102997.46875,105785.62535212089,ensemble
BTC,phase1,xgb,phase1_xgb,2025-11-11,2025-11-12,-0.013039146642676998,-0.001692699152044952,0.002539858960685098,102997.46875,101663.1875,102823.27249450378,ensemble
BTC,phase1,xgb,phase1_xgb,2025-11-12,2025-11-13,-0.019524742976585432,-0.008569325227290392,0.0029670856577661392,101663.1875,99697.4921875,100795.72467658189,ensemble
BTC,phase1,xgb,phase1_xgb,2025-11-13,2025-11-14,-0.05462287113659148,0.00034380583674646913,0.0022895835065119474,99697.4921875,94397.7890625,99731.77466014246,ensemble
BTC,phase1,xgb,phase1_xgb,2025-11-14,2025-11-15,0.01212310649874722,-0.0024468282237648962,0.003133250993781558,94397.7890625,95549.1484375,94167.0962359163,ensemble
BTC,phase1,xgb,phase1_xgb,2025-11-15,2025-11-16,-0.014463938461922525,-0.010080674290657043,0.00469216212246693,95549.1484375,94177.078125,94590.78717294075,ensemble
BTC,phase1,xgb,phase1_xgb,2025-11-16,2025-11-17,-0.02236838271634354,-0.0044882605579914525,0.005343616257198679,94177.078125,92093.875,93755.33401649309,ensemble
BTC,phase1,xgb,phase1_xgb,2025-11-17,2025-11-18,0.009241173563305538,0.011952219530940056,0.0029272997930603504,92093.875,92948.875,93201.20555808832,ensemble
BTC,phase1,xgb,phase1_xgb,2025-11-18,2025-11-19,-0.016082377699808928,0.015727048553526402,0.002596762260122691,92948.875,91465.9921875,94422.24195853734,ensemble
BTC,phase1,xgb,phase1_xgb,2025-11-19,2025-11-20,-0.05429914313161118,0.0003826355350611266,0.0021239068482688485,91465.9921875,86631.8984375,91500.99702298045,ensemble
BTC,phase1,xgb,phase1_xgb,2025-11-20,2025-11-21,-0.017950490472289502,0.0035298308124765755,0.003554462408063025,86631.8984375,85090.6875,86938.23472150357,ensemble
BTC,phase1,xgb,phase1_xgb,2025-11-21,2025-11-22,-0.00521187239368071,0.001966989466745872,0.0012229062732777684,85090.6875,84648.359375,85258.22470397096,ensemble
BTC,phase1,xgb,phase1_xgb,2025-11-22,2025-11-23,0.025158586579000386,0.008115440048277378,0.0024078240839328934,84648.359375,86805.0078125,85338.11310258969,ensemble
BTC,phase1,xgb,phase1_xgb,2025-11-23,2025-11-24,0.016742357810839485,0.009064338332973421,0.005231863027222227,86805.0078125,88270.5625,87595.41461786983,ensemble
BTC,phase1,xgb,phase1_xgb,2025-11-24,2025-11-25,-0.01057647695675446,-0.0012851051869802177,0.005063819896150588,88270.5625,87341.890625,88157.19840027156,ensemble
BTC,phase1,xgb,phase1_xgb,2025-11-25,2025-11-26,0.0357225879133364,0.001411751244449988,0.0024420798907266697,87341.890625,90518.3671875,87465.28272676528,ensemble
BTC,phase1,xgb,phase1_xgb,2025-11-26,2025-11-27,0.008437806108495432,-0.016856924816966056,0.004625394347756154,90518.3671875,91285.375,89005.29458171937,ensemble
BTC,phase1,xgb,phase1_xgb,2025-11-27,2025-11-28,-0.004018666774419681,0.00026111032348126174,0.003927769529583548,91285.375,90919.265625,91309.2136659208,ensemble
BTC,phase1,xgb,phase1_xgb,2025-11-28,2025-11-29,-0.00074277862694653,-0.006699067889712751,0.0036141258569550964,90919.265625,90851.7578125,90312.22685924439,ensemble
BTC,phase1,xgb,phase1_xgb,2025-11-29,2025-11-30,-0.005047792573132774,-0.0039040663512423636,0.004246738067182029,90851.7578125,90394.3125,90497.75799089974,ensemble
BTC,phase1,xgb,phase1_xgb,2025-11-30,2025-12-01,-0.04610183805407602,-0.010209220554679632,0.002240098640997337,90394.3125,86321.5703125,89476.15185390673,ensemble
BTC,phase1,xgb,phase1_xgb,2025-12-01,2025-12-02,0.05662099387030378,-0.010714015085250139,0.002842212543188419,86321.5703125,91350.203125,85401.65649100431,ensemble
BTC,phase1,xgb,phase1_xgb,2025-12-02,2025-12-03,0.023558262011831657,-0.004888558923266828,0.002907098426189594,91350.203125,93527.8046875,90904.72204180877,ensemble
BTC,phase1,xgb,phase1_xgb,2025-12-03,2025-12-04,-0.014931972865932171,0.00347657052334398,0.001503972781915376,93527.8046875,92141.625,93853.52656585931,ensemble
BTC,phase1,xgb,phase1_xgb,2025-12-04,2025-12-05,-0.030343059975675362,0.002870811033062637,0.0014151632502577192,92141.625,89387.7578125,92406.52625244022,ensemble
BTC,phase1,xgb,phase1_xgb,2025-12-05,2025-12-06,-0.0012916460625568118,-0.00011664849880617112,0.002123109665895556,89387.7578125,89272.375,89377.33147285978,ensemble
BTC,phase1,xgb,phase1_xgb,2025-12-06,2025-12-07,0.012614572226014349,-0.006293748412281275,0.0016842481603547399,89272.375,90405.640625,88712.28152412864,ensemble
BTC,phase1,xgb,phase1_xgb,2025-12-07,2025-12-08,0.002591195979813834,-0.01448696367442608,0.002533411243883374,90405.640625,90640.203125,89105.37855861368,ensemble
BTC,phase1,xgb,phase1_xgb,2025-12-08,2025-12-09,0.022381192698197744,-0.005816109944134951,0.002774230206013948,90640.203125,92691.7109375,90114.55981964369,ensemble
BTC,phase1,xgb,phase1_xgb,2025-12-09,2025-12-10,-0.007262832846635849,0.003258916933555156,0.0023412959898970083,92691.7109375,92020.9453125,92994.27827700188,ensemble
BTC,phase1,xgb,phase1_xgb,2025-12-10,2025-12-11,0.0053149701081481185,-0.0041291335131973025,0.0013159571523222479,92020.9453125,92511.3359375,91641.76193144538,ensemble
BTC,phase1,xgb,phase1_xgb,2025-12-11,2025-12-12,-0.024521421452147512,-0.006331784650683403,0.002841789146653525,92511.3359375,90270.4140625,91927.42463174018,ensemble
BTC,phase1,xgb,phase1_xgb,2025-12-12,2025-12-13,0.0003134187556330964,-0.009277946967631578,0.0024202395357544497,90270.4140625,90298.7109375,89436.76321233834,ensemble
BTC,phase1,xgb,phase1_xgb,2025-12-13,2025-12-14,-0.02379767101791624,-0.007101347204297781,0.0026360715671725015,90298.7109375,88175.1796875,89659.73990184843,ensemble
BTC,phase1,xgb,phase1_xgb,2025-12-14,2025-12-15,-0.020108914713088392,-0.011660346388816833,0.0024488821977131834,88175.1796875,86419.78125,87152.99762949174,ensemble
BTC,phase1,xgb,phase1_xgb,2025-12-15,2025-12-16,0.016345736935078115,-0.007969754461373667,0.005434197868877753,86419.78125,87843.984375,85733.77409819956,ensemble
BTC,phase1,xgb,phase1_xgb,2025-12-16,2025-12-17,-0.019544833040854463,0.0032182517345063387,0.002737891897342288,87843.984375,86143.7578125,88127.14382488259,ensemble
BTC,phase1,xgb,phase1_xgb,2025-12-17,2025-12-18,-0.007939728497768105,-0.0014549105486366897,0.001917308168689552,86143.7578125,85462.5078125,86018.51747939229,ensemble
BTC,phase1,xgb,phase1_xgb,2025-12-18,2025-12-19,0.030433154968407768,0.0015810189273906873,0.0010632063688375691,85462.5078125,88103.3828125,85597.73252317982,ensemble
BTC,phase1,xgb,phase1_xgb,2025-12-19,2025-12-20,0.002727355122150639,-0.0035883235512301328,0.0014071942195437114,88103.3828125,88344.0,87787.80590365366,ensemble
BTC,phase1,xgb,phase1_xgb,2025-12-20,2025-12-21,0.0031390280669266876,-0.0009388173159095459,0.002693178375139708,88344.0,88621.75,88261.10004308965,ensemble
BTC,phase1,xgb,phase1_xgb,2025-12-21,2025-12-22,-0.0014875849588890807,-0.0030379306874237953,0.002431622006420488,88621.75,88490.015625,88352.9317983779,ensemble
BTC,phase1,xgb,phase1_xgb,2025-12-22,2025-12-23,-0.012234274952953525,-0.0036877994891256092,0.004512682065005736,88490.015625,87414.0,88164.28317772143,ensemble
BTC,phase1,xgb,phase1_xgb,2025-12-23,2025-12-24,0.002262076104062497,0.0020118499640375377,0.0020667599009991456,87414.0,87611.9609375,87590.040877295,ensemble
BTC,phase1,xgb,phase1_xgb,2025-12-24,2025-12-25,-0.0043148578556266,-0.01262512244284153,0.003976977620672364,87611.9609375,87234.7421875,86512.80230921584,ensemble
BTC,phase1,xgb,phase1_xgb,2025-12-25,2025-12-26,0.0007641682813230021,-0.00987992538139224,0.003087936911225487,87234.7421875,87301.4296875,86377.11307613099,ensemble
BTC,phase1,xgb,phase1_xgb,2025-12-26,2025-12-27,0.00571921956587603,-0.0044454405317083,0.002639449988595825,87301.4296875,87802.15625,86914.1977195383,ensemble
BTC,phase1,xgb,phase1_xgb,2025-12-27,2025-12-28,0.0003835125589097617,-0.0013406549347564577,0.004718408075191762,87802.15625,87835.8359375,87684.52272654214,ensemble
BTC,phase1,xgb,phase1_xgb,2025-12-28,2025-12-29,-0.007974888882579774,-0.0015037034900160506,0.003467266836310225,87835.8359375,87138.140625,87703.856138563,ensemble
BTC,phase1,xgb,phase1_xgb,2025-12-29,2025-12-30,0.01471809780879094,-0.017683102376759054,0.0019503892909936984,87138.140625,88430.1328125,85610.81171854965,ensemble
BTC,phase1,xgb,phase1_xgb,2025-12-30,2025-12-31,-0.010473099349299821,0.002959976182319224,0.0009704286300373144,88430.1328125,87508.828125,88692.27167041907,ensemble
BTC,phase1,xgb,phase1_xgb,2025-12-31,2026-01-01,0.013880733660550057,-0.006753007881343365,0.0026429097319401536,87508.828125,88731.984375,86919.87117264289,ensemble
BTC,phase1,xgb,phase1_xgb,2026-01-01,2026-01-02,0.013574570130194884,-0.0013745646981988102,0.0028318676549393866,88731.984375,89944.6953125,88610.1003096347,ensemble
BTC,phase1,xgb,phase1_xgb,2026-01-02,2026-01-03,0.007294409627148249,-0.004377003270201385,0.0016737276887269388,89944.6953125,90603.1875,89551.86741862269,ensemble
BTC,phase1,xgb,phase1_xgb,2026-01-03,2026-01-04,0.008903689947606831,-0.0036541206340189093,0.0023988283779050592,90603.1875,91413.4921875,90272.71668088813,ensemble
BTC,phase1,xgb,phase1_xgb,2026-01-04,2026-01-05,0.02665149838136465,-0.0020300295669585466,0.0038577753219575686,91413.4921875,93882.5546875,91228.10832656412,ensemble
BTC,phase1,xgb,phase1_xgb,2026-01-05,2026-01-06,-0.00163660971149983,-0.006078306026756764,0.0013099048213253668,93882.5546875,93729.03125,93313.63856427348,ensemble
BTC,phase1,xgb,phase1_xgb,2026-01-06,2026-01-07,-0.026168967250151644,-0.0013288097572512925,0.0029623923054469983,93729.03125,91308.0546875,93604.56591242919,ensemble
BTC,phase1,xgb,phase1_xgb,2026-01-07,2026-01-08,-0.003081466892755565,-0.013212361373007298,0.002516351534024199,91308.0546875,91027.125,90109.59435242233,ensemble
BTC,phase1,xgb,phase1_xgb,2026-01-08,2026-01-09,-0.005662930149506993,-0.007684568502008915,0.0021138897938021805,91027.125,90513.1015625,90330.3016448984,ensemble
BTC,phase1,xgb,phase1_xgb,2026-01-09,2026-01-10,-0.0013980466595052143,-0.009046302642673254,0.002002140611723805,90513.1015625,90386.6484375,89697.9851065008,ensemble
BTC,phase1,xgb,phase1_xgb,2026-01-10,2026-01-11,0.004865110901100388,-0.01509290151298046,0.0019084764084221898,90386.6484375,90827.4609375,89032.69490020606,ensemble
BTC,phase1,xgb,phase1_xgb,2026-01-11,2026-01-12,0.004016380962680633,-0.015237975493073463,0.0030287525423200014,90827.4609375,91192.9921875,89453.92583806005,ensemble
BTC,phase1,xgb,phase1_xgb,2026-01-12,2026-01-13,0.044280285031478225,-0.004995359247550369,0.0018914554839110647,91192.9921875,95321.78125,90738.586335823,ensemble
BTC,phase1,xgb,phase1_xgb,2026-01-13,2026-01-14,0.016723797821879046,0.00914233885705471,0.0020536443641440685,95321.78125,96929.328125,96197.24105198712,ensemble
BTC,phase1,xgb,phase1_xgb,2026-01-14,2026-01-15,-0.014320038274756287,-0.006513725221157074,0.001878391290697736,96929.328125,95551.1875,96300.00894691718,ensemble
BTC,phase1,xgb,phase1_xgb,2026-01-15,2026-01-16,-0.00027287855188963723,-0.0020341485971584914,0.0021684351421016905,95551.1875,95525.1171875,95357.01973598408,ensemble
BTC,phase1,xgb,phase1_xgb,2026-01-16,2026-01-17,-0.004461072057980408,-0.005355596449226141,0.0014652944308502142,95525.1171875,95099.921875,95014.89071217181,ensemble
BTC,phase1,xgb,phase1_xgb,2026-01-17,2026-01-18,-0.015529993658124637,0.0002658907265868038,0.001039456424746417,95099.921875,93634.4296875,95125.21142430502,ensemble
BTC,phase1,xgb,phase1_xgb,2026-01-18,2026-01-19,-0.011610285761608208,0.0018876041285693645,0.002267395787910253,93634.4296875,92553.59375,93811.34134060903,ensemble
BTC,phase1,xgb,phase1_xgb,2026-01-19,2026-01-20,-0.046924255054821146,-0.004241410177201033,0.0017137930381058012,92553.59375,88310.90625,92161.86731901641,ensemble
BTC,phase1,xgb,phase1_xgb,2026-01-20,2026-01-21,0.011999327760148781,-0.0029438797646434978,0.0025215067849763875,88310.90625,89376.9609375,88051.3118549163,ensemble
BTC,phase1,xgb,phase1_xgb,2026-01-21,2026-01-22,0.0009560777691027553,-0.004414562019519508,0.0022634144325315193,89376.9609375,89462.453125,88983.2704252815,ensemble
BTC,phase1,xgb,phase1_xgb,2026-01-22,2026-01-23,0.00046290133092210693,-0.013062722608447075,0.0027697962209325276,89462.453125,89503.875,88301.42948999834,ensemble
BTC,phase1,xgb,phase1_xgb,2026-01-23,2026-01-24,-0.004402117623558332,-0.011035654321312904,0.0029555393709785917,89503.875,89110.734375,88521.57132616223,ensemble
BTC,phase1,xgb,phase1_xgb,2026-01-24,2026-01-25,-0.028900838361794738,-0.011415981501340867,0.003553139720053216,89110.734375,86572.21875,88099.23250838004,ensemble
BTC,phase1,xgb,phase1_xgb,2026-01-25,2026-01-26,0.01938894055131375,-0.0023013228230411185,0.003127892691411102,86572.21875,88267.140625,86373.21719838303,ensemble
BTC,phase1,xgb,phase1_xgb,2026-01-26,2026-01-27,0.00942027656458104,-0.004020264639984816,0.005000036018375964,88267.140625,89102.5703125,87912.99571579033,ensemble
BTC,phase1,xgb,phase1_xgb,2026-01-27,2026-01-28,0.0009198645005418251,-0.002428497886285186,0.0030383148069503536,89102.5703125,89184.5703125,88886.4474420178,ensemble
BTC,phase1,xgb,phase1_xgb,2026-01-28,2026-01-29,-0.053227949504083015,-0.012243028730154037,0.0047315922358053064,89184.5703125,84561.5859375,88099.33787740063,ensemble
BTC,phase1,xgb,phase1_xgb,2026-01-29,2026-01-30,-0.005132847429550004,0.00815954403951764,0.0021492239032207417,84561.5859375,84128.65625,85254.39257131665,ensemble
BTC,phase1,xgb,phase1_xgb,2026-01-30,2026-01-31,-0.06770691927198588,-0.010203594341874123,0.001236242337134776,84128.65625,78621.1171875,83274.6061692049,ensemble
BTC,phase1,xgb,phase1_xgb,2026-01-31,2026-02-01,-0.021166842147211495,0.003467101592104882,0.0020942442925246003,78621.1171875,76974.4453125,78894.17767877226,ensemble
BTC,phase1,xgb,phase1_xgb,2026-02-01,2026-02-02,0.022026908157821636,0.004126443830318749,0.004091854792712856,76974.4453125,78688.765625,77292.73228246687,ensemble
BTC,phase1,xgb,phase1_xgb,2026-02-02,2026-02-03,-0.03960046937497693,0.0074921812862157825,0.003224270984721979,78688.765625,75633.546875,79280.53015771686,ensemble
BTC,phase1,xgb,phase1_xgb,2026-02-03,2026-02-04,-0.035170615941758965,0.011507513746619225,0.003375983921780809,75633.546875,73019.703125,76508.92802566278,ensemble
BTC,phase1,xgb,phase1_xgb,2026-02-04,2026-02-05,-0.1523344080304475,0.0036567878792993723,0.0026175250399438094,73019.703125,62702.09765625,73287.2094992777,ensemble
BTC,phase1,xgb,phase1_xgb,2026-02-05,2026-02-06,0.118003181433477,0.00291831367649138,0.003032692447760677,62702.09765625,70555.390625,62885.34930823,ensemble
BTC,phase1,xgb,phase1_xgb,2026-02-06,2026-02-07,-0.018213402812750957,-0.0064993168925866485,0.004084214994027931,70555.390625,69281.96875,70098.31572908914,ensemble
BTC,phase1,xgb,phase1_xgb,2026-02-07,2026-02-08,0.01408523588474713,0.010496755503118039,0.0020809172618686815,69281.96875,70264.7265625,70013.0348352129,ensemble
BTC,phase1,xgb,phase1_xgb,2026-02-08,2026-02-09,-0.0020507154219692207,-0.0037992866476997734,0.0017063541756303752,70264.7265625,70120.78125,69998.27720431819,ensemble
BTC,phase1,xgb,phase1_xgb,2026-02-09,2026-02-10,-0.01910323758989731,-0.0013889690861105918,0.006364944228521801,70120.78125,68793.9609375,70023.45326098119,ensemble
BTC,phase1,xgb,phase1_xgb,2026-02-10,2026-02-11,-0.026543221212374526,-0.009841134119778872,0.0047226638343514085,68793.9609375,66991.96875,68120.27071631017,ensemble
BTC,phase1,xgb,phase1_xgb,2026-02-11,2026-02-12,-0.01156236827483507,-0.02123321071267128,0.006234177787694578,66991.96875,66221.84375,65584.5094800298,ensemble
BTC,phase1,xgb,phase1_xgb,2026-02-12,2026-02-13,0.03903376935715579,-0.012153259105980396,0.004209724964505467,66221.84375,68857.84375,65421.90331215882,ensemble
BTC,phase1,xgb,phase1_xgb,2026-02-13,2026-02-14,0.013125933067848304,-0.007457409240305424,0.0025315273731869544,68857.84375,69767.625,68346.25257305878,ensemble
BTC,phase1,xgb,phase1_xgb,2026-02-14,2026-02-15,-0.014138040068878806,-0.0037094739149324597,0.0033032725821700746,69767.625,68788.1875,69509.30323010239,ensemble
BTC,phase1,xgb,phase1_xgb,2026-02-15,2026-02-16,0.0007987824782500607,-0.013821740262210369,0.002001487447186164,68788.1875,68843.15625,67843.9555359089,ensemble
BTC,phase1,xgb,phase1_xgb,2026-02-16,2026-02-17,-0.019788873300286218,-0.009360026475042105,0.0032173575572727237,68843.15625,67494.21875,68201.78877565988,ensemble
BTC,phase1,xgb,phase1_xgb,2026-02-17,2026-02-18,-0.015963632260214883,-0.018376481346786024,0.004862551270567065,67494.21875,66425.3203125,66265.23924245447,ensemble
BTC,phase1,xgb,phase1_xgb,2026-02-18,2026-02-19,0.007980125994704771,-0.0025973374635213987,0.0024660274080320487,66425.3203125,66957.5234375,66253.01520364963,ensemble
BTC,phase1,xgb,phase1_xgb,2026-02-19,2026-02-20,0.015528995656632263,-0.004538521263748407,0.005107905285526968,66957.5234375,68005.421875,66654.32385293816,ensemble
BTC,phase1,xgb,phase1_xgb,2026-02-20,2026-02-21,-2.4354972344490844e-05,-0.0019265118986368178,0.0019874023738339387,68005.421875,68003.765625,67874.53473888028,ensemble
BTC,phase1,xgb,phase1_xgb,2026-02-21,2026-02-22,-0.005076923598302017,-0.007995510566979646,0.002308868355476389,68003.765625,67659.390625,67462.20869548693,ensemble
BTC,phase1,xgb,phase1_xgb,2026-02-22,2026-02-23,-0.04601267313564273,-0.024329615384340288,0.0034204363709128614,67659.390625,64616.73828125,66033.12707603372,ensemble
BTC,phase1,xgb,phase1_xgb,2026-02-23,2026-02-24,-0.00834051043874472,-0.018781472742557526,0.0021795227874423155,64616.73828125,64080.04296875,63414.466332374905,ensemble
BTC,phase1,xgb,phase1_xgb,2026-02-24,2026-02-25,0.05878816281087323,-0.01542809084057808,0.003925557228193232,64080.04296875,67960.125,63098.997533257214,ensemble
BTC,phase1,xgb,phase1_xgb,2026-02-25,2026-02-26,-0.007478610812400483,0.023118771612644196,0.003648777055218369,67960.125,67453.7734375,69549.58196141665,ensemble
BTC,phase1,xgb,phase1_xgb,2026-02-26,2026-02-27,-0.023580345399758597,-0.018535273149609566,0.004264044338311474,67453.7734375,65881.796875,66215.01514856,ensemble
BTC,phase1,xgb,phase1_xgb,2026-02-27,2026-02-28,0.016768637200983844,-0.013612187467515469,0.0017129272816313354,65881.796875,66995.859375,64991.07757779601,ensemble
BTC,phase1,xgb,phase1_xgb,2026-02-28,2026-03-01,-0.018952127255243773,-0.009518825821578503,0.0029678164837691236,66995.859375,65738.1015625,66361.16303318174,ensemble
BTC,phase1,xgb,phase1_xgb,2026-03-01,2026-03-02,0.04517399874225875,-0.007641062245238572,0.006193736547902194,65738.1015625,68775.8515625,65237.7068448307,ensemble
BTC,phase1,xgb,phase1_xgb,2026-03-02,2026-03-03,-0.007035921401254354,0.0036234114377293736,0.002563606958587742,68775.8515625,68293.6484375,69025.50679836383,ensemble
BTC,phase1,xgb,phase1_xgb,2026-03-03,2026-03-04,0.06267011054362281,-0.02269137240946293,0.005213242447436534,68293.6484375,72710.578125,66761.42173548261,ensemble
BTC,phase1,xgb,phase1_xgb,2026-03-04,2026-03-05,-0.026047184090688055,-0.021606406569480895,0.0061104110697619745,72710.578125,70841.125,71156.41422198348,ensemble
BTC,phase1,xgb,phase1_xgb,2026-03-05,2026-03-06,-0.03892676222985379,-0.01572632621973753,0.0013510267452720797,70841.125,68136.4921875,69735.76873612749,ensemble
BTC,phase1,xgb,phase1_xgb,2026-03-06,2026-03-07,-0.012760002816373808,-0.00854182317852974,0.002656575327407811,68136.4921875,67272.59375,67556.9609695024,ensemble
BTC,phase1,xgb,phase1_xgb,2026-03-07,2026-03-08,-0.019556151272463178,-0.0016764505882747472,0.0026469894034577427,67272.59375,65969.78125,67159.90905218858,ensemble
BTC,phase1,xgb,phase1_xgb,2026-03-08,2026-03-09,0.036210883133673905,-0.010638594999909401,0.002100439965143902,65969.78125,68402.3828125,65271.67548158849,ensemble
BTC,phase1,xgb,phase1_xgb,2026-03-09,2026-03-10,0.022043063053682945,-0.003575610590633005,0.0021276424633409497,68402.3828125,69926.921875,68158.23926932477,ensemble
BTC,phase1,xgb,phase1_xgb,2026-03-10,2026-03-11,0.003967140831024369,-0.021880103461444377,0.00668165765411952,69926.921875,70204.8828125,68413.53054520157,ensemble
BTC,phase1,xgb,phase1_xgb,2026-03-11,2026-03-12,0.004102088510358853,-0.011674786359071732,0.003048756965413757,70204.8828125,70493.4609375,69390.02172434471,ensemble
BTC,phase1,xgb,phase1_xgb,2026-03-12,2026-03-13,0.006712861238543366,-0.021601980552077293,0.0020273443277899405,70493.4609375,70968.265625,68986.99249802434,ensemble
BTC,phase1,xgb,phase1_xgb,2026-03-13,2026-03-14,0.0034653905327112298,-0.0014142842002911494,0.0026194129152844617,70968.265625,71214.625,70867.96727011187,ensemble
BTC,phase1,xgb,phase1_xgb,2026-03-14,2026-03-15,0.021879197879022205,-0.01113309832289815,0.0040082378175393145,71214.625,72789.9140625,70426.18262475453,ensemble
BTC,phase1,xgb,phase1_xgb,2026-03-15,2026-03-16,0.028056806108927662,-0.009402956813573837,0.004325285741825278,72789.9140625,74861.0859375,72108.68146375108,ensemble
BTC,phase1,xgb,phase1_xgb,2026-03-16,2026-03-17,-0.012617278563279094,-0.015313539654016495,0.0025942643042453114,74861.0859375,73922.4765625,73723.43072557193,ensemble
BTC,phase1,xgb,phase1_xgb,2026-03-17,2026-03-18,-0.03688417423341742,-0.016666334867477418,0.006117797802217169,73922.4765625,71245.578125,72700.66961703556,ensemble
BTC,phase1,xgb,phase1_xgb,2026-03-18,2026-03-19,-0.01888416104762736,-0.03472269214689731,0.005344829074135366,71245.578125,69912.7890625,68814.19619326186,ensemble
BTC,phase1,xgb,phase1_xgb,2026-03-19,2026-03-20,0.008684431647448684,-0.022676128149032592,0.005171803569874046,69912.7890625,70522.5859375,68345.27741415413,ensemble
BTC,phase1,xgb,phase1_xgb,2026-03-20,2026-03-21,-0.026016105631017767,-0.005004063993692398,0.0010944758475721263,70522.5859375,68711.5234375,70170.56789942605,ensemble
BTC,phase1,xgb,phase1_xgb,2026-03-21,2026-03-22,-0.012688120086084904,-0.007477981317788362,0.0025579500632318375,68711.5234375,67845.2109375,68199.61635022867,ensemble
BTC,phase1,xgb,phase1_xgb,2026-03-22,2026-03-23,0.04425119303469704,-0.016510281898081302,0.003908311865909158,67845.2109375,70914.859375,66734.26364192321,ensemble
BTC,phase1,xgb,phase1_xgb,2026-03-23,2026-03-24,-0.005613991531695598,-0.038096414506435396,0.0031382423604836298,70914.859375,70517.859375,68264.07085779977,ensemble
BTC,phase1,xgb,phase1_xgb,2026-03-24,2026-03-25,0.011168924480813245,-0.012324787583202124,0.005488919373236886,70517.859375,71309.8828125,69654.07564692685,ensemble
BTC,phase1,xgb,phase1_xgb,2026-03-25,2026-03-26,-0.03595291880741613,-0.026559578627347945,0.0015108896499809639,71309.8828125,68791.625,69440.8525691699,ensemble
BTC,phase1,xgb,phase1_xgb,2026-03-26,2026-03-27,-0.03631346968520713,-0.0068415862362599,0.004620507843885575,68791.625,66338.375,68322.58747509772,ensemble
BTC,phase1,xgb,phase1_xgb,2026-03-27,2026-03-28,-0.0002816215791388498,-0.010573231149464846,0.0036421507237467676,66338.375,66319.6953125,65640.65908285954,ensemble
BTC,phase1,xgb,phase1_xgb,2026-03-28,2026-03-29,-0.005515409833700628,-0.012189161218702792,0.003138305437362437,66319.6953125,65954.921875,65516.22064353796,ensemble
BTC,phase1,xgb,phase1_xgb,2026-03-29,2026-03-30,0.011105181731209317,-0.021641811914741994,0.005207024201630295,65954.921875,66691.4453125,64542.87262585793,ensemble
BTC,phase1,xgb,phase1_xgb,2026-03-30,2026-03-31,0.022856210162579323,-0.024477509036660194,0.0023739284858663614,66691.4453125,68233.3125,65078.82187550313,ensemble
BTC,phase1,xgb,phase1_xgb,2026-03-31,2026-04-01,-0.002270644254019965,-0.013712212070822715,0.005501410005209102,68233.3125,68078.5546875,67304.06840478406,ensemble
BTC,phase1,xgb,phase1_xgb,2026-04-01,2026-04-02,-0.017634149228875802,-0.02499387674033642,0.007082344339726349,68078.5546875,66888.5703125,66398.09575481837,ensemble
BTC,phase1,xgb,phase1_xgb,2026-04-02,2026-04-03,0.0006356502125007872,-0.015693278796970845,0.0044304438370957626,66888.5703125,66931.1015625,65847.06303730093,ensemble
BTC,phase1,xgb,phase1_xgb,2026-04-03,2026-04-04,0.005355544495529739,-0.0045336209237575534,0.003145023060114419,66931.1015625,67290.515625,66628.34812322853,ensemble
BTC,phase1,xgb,phase1_xgb,2026-04-04,2026-04-05,0.024824828794848448,-0.000433012105349917,0.0020338282751586434,67290.515625,68981.8984375,67261.38432471715,ensemble
BTC,phase1,xgb,phase1_xgb,2026-04-05,2026-04-06,-0.0017711667933321205,-0.017476879619061948,0.005812447861966511,68981.8984375,68859.828125,67786.78395818043,ensemble
BTC,phase1,xgb,phase1_xgb,2026-04-06,2026-04-07,0.043769250088650125,-0.014967499487102031,0.0019889854259818353,68859.828125,71940.703125,67836.84354133367,ensemble
BTC,phase1,xgb,phase1_xgb,2026-04-07,2026-04-08,-0.011426386592901714,-0.006765213375911116,0.0029190531785830845,71940.703125,71123.359375,71455.65150678407,ensemble
BTC,phase1,xgb,phase1_xgb,2026-04-08,2026-04-09,0.00902047398791368,-0.018646423891186713,0.00400288314802876,71123.359375,71767.828125,69809.4509830282,ensemble
BTC,phase1,xgb,phase1_xgb,2026-04-09,2026-04-10,0.01673607145352826,-0.0071768761612474915,0.002934420617987255,71767.828125,72979.046875,71254.60318900087,ensemble
BTC,phase1,xgb,phase1_xgb,2026-04-10,2026-04-11,0.0010302658186926742,-0.007549518812447786,0.002919435373076507,72979.046875,73054.2734375,72430.16469285256,ensemble
BTC,phase1,xgb,phase1_xgb,2026-04-11,2026-04-12,-0.03200195641601119,-0.01136309914290905,0.0021438012439959015,73054.2734375,70753.40625,72228.84905670224,ensemble
BTC,phase1,xgb,phase1_xgb,2026-04-12,2026-04-13,0.05139225778223328,-0.0026523771521169692,0.0021344983208758978,70753.40625,74484.640625,70565.99019073909,ensemble
BTC,phase1,xgb,phase1_xgb,2026-04-13,2026-04-14,-0.004076670658997154,-0.018808247335255147,0.0040419606787890725,74484.640625,74181.609375,73096.8073491502,ensemble
BTC,phase1,xgb,phase1_xgb,2026-04-14,2026-04-15,0.00836950468372944,-0.02112514413893223,0.0026729573696162396,74181.609375,74805.078125,72630.94881597183,ensemble
BTC,phase1,xgb,phase1_xgb,2026-04-15,2026-04-16,0.004628724487070657,-0.027979546785354616,0.002351614136693108,74805.078125,75152.1328125,72741.07552002465,ensemble
BTC,phase1,xgb,phase1_xgb,2026-04-16,2026-04-17,0.025937296578403095,-0.006721614953130483,0.0019900620964985395,75152.1328125,77126.875,74648.68300619257,ensemble
BTC,phase1,xgb,phase1_xgb,2026-04-17,2026-04-18,-0.018327445076503752,-0.01237358283251524,0.002642874115460418,77126.875,75726.2109375,76178.4192227587,ensemble
BTC,phase1,xgb,phase1_xgb,2026-04-18,2026-04-19,-0.025002336494923415,-0.007320896256715059,0.003160782560742233,75726.2109375,73856.3515625,75173.85155318386,ensemble
BTC,phase1,xgb,phase1_xgb,2026-04-19,2026-04-20,0.02693259727225901,-0.011685105226933955,0.0024195896237536093,73856.3515625,75872.5234375,72998.35497568476,ensemble
BTC,phase1,xgb,phase1_xgb,2026-04-20,2026-04-21,0.006309747501944813,-0.020793214440345764,0.003032590315508196,75872.5234375,76352.7734375,74311.17872974956,ensemble
BTC,phase1,xgb,phase1_xgb,2026-04-21,2026-04-22,0.02394495237334366,-0.01756498944014311,0.005331259104991285,76352.7734375,78203.1015625,75023.34763378905,ensemble
BTC,phase1,xgb,phase1_xgb,2026-04-22,2026-04-23,0.0008417038623198857,-0.04619052186608315,0.00560639438741559,78203.1015625,78268.953125,74673.01536806743,ensemble
BTC,phase1,xgb,phase1_xgb,2026-04-23,2026-04-24,-0.010449855400701123,-0.018169432133436202,0.002432168564536401,78268.953125,77455.3125,76859.69219795168,ensemble
BTC,phase1,xgb,phase1_xgb,2026-04-24,2026-04-25,0.0020210985800430967,0.0008960756165834027,0.00282134358374676,77455.3125,77612.015625,77524.74942262651,ensemble
BTC,phase1,xgb,phase1_xgb,2026-04-25,2026-04-26,0.01338122502813899,-0.0023815025808289645,0.0027360717538648916,77612.015625,78657.5390625,77427.40232526431,ensemble
BTC,phase1,xgb,phase1_xgb,2026-04-26,2026-04-27,-0.016547994707933746,-0.010374689847230912,0.0025255332902351726,78657.5390625,77366.625,77845.71000959697,ensemble
BTC,phase1,xgb,phase1_xgb,2026-04-27,2026-04-28,-0.013218654490737211,-0.010270238481462001,0.00384007440959595,77366.625,76350.671875,76576.11760886105,ensemble
BTC,phase1,xgb,phase1_xgb,2026-04-28,2026-04-29,-0.0075534590417408835,-0.02654903531074524,0.004728836777579213,76350.671875,75776.1328125,74350.30657122313,ensemble
BTC,phase1,xgb,phase1_xgb,2026-04-29,2026-04-30,0.006946186875134918,-0.02010034006088972,0.005484779861404304,75776.1328125,76304.3203125,74268.21240029114,ensemble
BTC,phase1,xgb,phase1_xgb,2026-04-30,2026-05-01,0.02427150989403538,-0.02251412533223629,0.0022789344673539154,76304.3203125,78179.0,74605.58975255868,ensemble
BTC,phase1,xgb,phase1_xgb,2026-05-01,2026-05-02,0.006098736514783506,-0.002661905949935317,0.0008272743977692455,78179.0,78657.25,77971.1715873024,ensemble
BTC,phase1,xgb,phase1_xgb,2026-05-02,2026-05-03,-0.0015143369624661424,-0.003655650140717626,0.0010259904892566847,78657.25,78538.2265625,78370.23155212121,ensemble
BTC,phase1,xgb,phase1_xgb,2026-05-03,2026-05-04,0.01628767686490818,-0.00539632448926568,0.002133037204303824,78538.2265625,79827.90625,78115.55028204406,ensemble
BTC,phase1,xgb,phase1_xgb,2026-05-04,2026-05-05,0.013675043806522565,-0.006245310418307781,0.0015786533071461327,79827.90625,80927.0546875,79330.90975950431,ensemble
BTC,phase1,xgb,phase1_xgb,2026-05-05,2026-05-06,0.006165248057273942,-0.03044304475188255,0.001660370186513025,80927.0546875,81427.53125,78500.51181942079,ensemble
BTC,phase1,xgb,phase1_xgb,2026-05-06,2026-05-07,-0.017561908350902416,-0.021020152047276495,0.003640161184569022,81427.53125,80009.9921875,79733.77602305812,ensemble
BTC,phase1,xgb,phase1_xgb,2026-05-07,2026-05-08,0.0022069548930199264,-0.01843891553580761,0.0024726997724365467,80009.9921875,80186.765625,78548.21292775079,ensemble
BTC,phase1,xgb,phase1_xgb,2026-05-08,2026-05-09,0.005938447031188693,-0.011047424282878637,0.004720514591863521,80186.765625,80664.3671875,79305.78365405647,ensemble
BTC,phase1,xgb,phase1_xgb,2026-05-09,2026-05-10,0.018115146956791082,-0.009487239271402359,0.0031444338326511037,80664.3671875,82138.9296875,79902.70378972164,ensemble
BTC,phase1,xgb,phase1_xgb,2026-05-10,2026-05-11,-0.005011785219488408,-0.009221544675529002,0.003632333087239703,82138.9296875,81728.296875,81384.96358673084,ensemble
BTC,phase1,xgb,phase1_xgb,2026-05-11,2026-05-12,-0.015422747705667463,-0.025120583176612855,0.002970567157241642,81728.296875,80477.4921875,79700.80687944936,ensemble
BTC,phase1,xgb,phase1_xgb,2026-05-12,2026-05-13,-0.015028018231235505,-0.025188154354691506,0.002699225003695473,80477.4921875,79277.1171875,78475.72888633549,ensemble
BTC,phase1,xgb,phase1_xgb,2026-05-13,2026-05-14,0.022132143698821827,-0.033872362598776816,0.005351552862313352,79277.1171875,81051.25,76636.78353890474,ensemble
BTC,phase1,xgb,phase1_xgb,2026-05-14,2026-05-15,-0.02480277513696735,-0.016497600264847277,0.0032760552431760114,81051.25,79065.6796875,79725.06836265778,ensemble
BTC,phase1,xgb,phase1_xgb,2026-05-15,2026-05-16,-0.011886390842574117,-0.005840023607015609,0.0014619908796613713,79065.6796875,78131.4375,78605.27993286545,ensemble
BTC,phase1,xgb,phase1_xgb,2026-05-16,2026-05-17,-0.009026576797854137,-0.010085414908826352,0.0016025115712568624,78131.4375,77429.3515625,77347.40980334216,ensemble
BTC,phase1,xgb,phase1_xgb,2026-05-17,2026-05-18,-0.006155853649121142,-0.016976220160722734,0.004848364943768846,77429.3515625,76954.171875,76125.9882362894,ensemble
BTC,phase1,xgb,phase1_xgb,2026-05-18,2026-05-19,-0.002644879999712329,-0.02417028658092022,0.0030633993932532616,76954.171875,76750.90625,75116.46589251145,ensemble
BTC,phase1,xgb,phase1_xgb,2026-05-19,2026-05-20,0.009167734783614812,-0.019143471866846083,0.0019646408766643923,76750.90625,77457.7734375,75295.60167040939,ensemble
BTC,phase1,xgb,phase1_xgb,2026-05-20,2026-05-21,0.0010503232153248991,-0.032471242174506185,0.0031951154659331585,77457.7734375,77539.171875,74983.01991904319,ensemble
BTC,phase1,xgb,phase1_xgb,2026-05-21,2026-05-22,-0.026806340702622146,-0.013723947666585445,0.0021909587399273336,77539.171875,75488.2421875,76482.29717281851,ensemble
BTC,phase1,xgb,phase1_xgb,2026-05-22,2026-05-23,0.015577503022418466,-0.00195829194271937,0.0018951054714502844,75488.2421875,76673.3671875,75340.5588218227,ensemble
BTC,phase1,xgb,phase1_xgb,2026-05-23,2026-05-24,0.004005847400396048,-0.001963075413368642,0.0018758229143584376,76673.3671875,76981.125,76522.99922562747,ensemble
BTC,phase1,xgb,phase1_xgb,2026-05-24,2026-05-25,0.003874018128693613,0.0023167558130808173,0.0011211308419161602,76981.125,77279.9296875,77159.67822108445,ensemble
BTC,phase1,xgb,phase1_xgb,2026-05-25,2026-05-26,-0.018996541405031864,-0.006428683269768953,0.0012007629245632488,77279.9296875,75825.734375,76784.71499116263,ensemble
BTC,phase1,xgb,phase1_xgb,2026-05-26,2026-05-27,-0.019725310724108713,-0.004253093979787082,0.0027551041401078446,75825.734375,74344.703125,75503.92522798484,ensemble
BTC,phase1,xgb,phase1_xgb,2026-05-27,2026-05-28,-0.010929802661887332,-0.0025236501591280104,0.0019501645946417856,74344.703125,73536.5546875,74157.31964775016,ensemble
BTC,phase1,xgb,phase1_xgb,2026-05-28,2026-05-29,-0.0022330998228095003,-0.0029751765658147635,0.0019894543061099905,73536.5546875,73372.5234375,73318.09559159841,ensemble
BTC,phase1,xgb,phase1_xgb,2026-05-29,2026-05-30,0.005197039654902875,-0.0026475746650248765,0.0008381243257269237,73372.5234375,73754.8359375,73178.52113445321,ensemble
BTC,phase1,xgb,phase1_xgb,2026-05-30,2026-05-31,-0.002377562514476544,-0.003967935219407082,0.0007931274608027735,73754.8359375,73579.6875,73462.76137606564,ensemble
BTC,phase1,xgb,phase1_xgb,2026-05-31,2026-06-01,-0.031195386303294676,0.00088715895471978,0.0017578639511522706,73579.6875,71319.7734375,73644.99334269942,ensemble
BTC,phase1,xgb,phase1_xgb,2026-06-01,2026-06-02,-0.06691384852525814,-0.004912670655176044,0.002940519480358808,71319.7734375,66703.65625,70970.26209938197,ensemble
BTC,phase1,xgb,phase1_xgb,2026-06-02,2026-06-03,-0.041152222290191665,0.001188567338977009,0.001190772673562504,66703.65625,64014.3671875,66782.98517175287,ensemble
BTC,phase1,xgb,phase1_xgb,2026-06-03,2026-06-04,-0.003329681149437111,0.0019901028601452707,0.002293760513758626,64014.3671875,63801.57421875,64141.889211615024,ensemble
BTC,phase1,xgb,phase1_xgb,2026-06-04,2026-06-05,-0.046172542625212365,0.001557337015401572,0.0036408920752746673,63801.57421875,60922.66796875,63901.012181034224,ensemble
BTC,phase1,xgb,phase1_xgb,2026-06-05,2026-06-06,-0.0009073630482773938,0.0013406353420577944,0.0025208853971957087,60922.66796875,60867.4140625,61004.397823285995,ensemble
BTC,phase1,xgb,phase1_xgb,2026-06-06,2026-06-07,0.0382314561194156,0.0010226769838482142,0.0023205722897392312,60867.4140625,63239.51953125,60929.69360642813,ensemble
BTC,phase1,xgb,phase1_xgb,2026-06-07,2026-06-08,-0.0023577871851843952,0.006080191780347377,0.007219469978424162,63239.51953125,63090.58984375,63625.19925326138,ensemble
BTC,phase1,xgb,phase1_xgb,2026-06-08,2026-06-09,-0.023199274916972237,-0.008363410644233227,0.002455925764346572,63090.58984375,61643.78125,62565.13768199857,ensemble
BTC,phase1,xgb,phase1_xgb,2026-06-09,2026-06-10,-0.00316008608540611,0.005302957911044359,0.001696967315951301,61643.78125,61449.2890625,61971.54391516143,ensemble
BTC,phase1,xgb,phase1_xgb,2026-06-10,2026-06-11,0.03378866852406486,-0.0010315280058421194,0.0023894642375809814,61449.2890625,63561.0546875,61385.93508121358,ensemble
BTC,phase1,xgb,phase1_xgb,2026-06-11,2026-06-12,-0.0002809578486747506,-0.0042161561083048586,0.002427829377537642,63561.0546875,63543.19921875,63293.635495195784,ensemble
BTC,phase1,xgb,phase1_xgb,2026-06-12,2026-06-13,0.01372472245570358,-0.002179527666885406,0.004678658405050117,63543.19921875,64421.32421875,63404.85587434848,ensemble
BTC,phase1,xgb,phase1_xgb,2026-06-13,2026-06-14,0.019812484755317328,0.001819991401862353,0.0007739969989702677,64421.32421875,65710.3984375,64538.677233270384,ensemble
BTC,phase1,xgb,phase1_xgb,2026-06-14,2026-06-15,0.0087743291428838,0.0005539718991713017,0.000564175871054987,65710.3984375,66289.5,65746.81023634321,ensemble
BTC,phase1,xgb,phase1_xgb,2026-06-15,2026-06-16,-0.010446052081715382,0.0004485895857214928,0.0022204531489002696,66289.5,65600.640625,66319.2434501449,ensemble
BTC,phase1,xgb,phase1_xgb,2026-06-16,2026-06-17,-0.01818545153086442,0.0027831345214508474,0.00198291294965302,65600.640625,64418.4453125,65783.47033437648,ensemble
BTC,phase1,xgb,phase1_xgb,2026-06-17,2026-06-18,-0.023909926459543353,-0.004111712158191949,0.0020961193668937133,64418.4453125,62896.47265625,64154.11899695497,ensemble
BTC,phase1,xgb,phase1_xgb,2026-06-18,2026-06-19,0.0101927013006599,-0.0004867143929004669,0.0033739879060027365,62896.47265625,63540.8359375,62865.86748633806,ensemble
BTC,phase1,xgb,phase1_xgb,2026-06-19,2026-06-20,0.01093823779640829,0.004341364651918411,0.0022138009143720374,63540.8359375,64239.67578125,63817.28953532759,ensemble
BTC,phase1,xgb,phase1_xgb,2026-06-20,2026-06-21,-0.01572292530514671,0.00012495440896600484,0.000721465313017853,64239.67578125,63237.5390625,64247.703313496735,ensemble
BTC,phase1,xgb,phase1_xgb,2026-06-21,2026-06-22,0.011236353824842346,0.001237291445795563,0.0023231912541068975,63237.5390625,63952.10546875,63315.83075346695,ensemble
BTC,phase1,xgb,phase1_xgb,2026-06-22,2026-06-23,-0.02028318896027214,0.010733401402831078,0.0019080602134010248,63952.10546875,62668.01953125,64642.22613286919,ensemble
BTC,phase1,xgb,phase1_xgb,2026-06-23,2026-06-24,-0.027057191162537193,-0.0027906814473681154,0.0012535795152766665,62668.01953125,60995.1328125,62493.3768511861,ensemble
BTC,phase1,xgb,phase1_xgb,2026-06-24,2026-06-25,-0.021099038116469408,0.0013304240768775345,0.001821828474414524,60995.1328125,59721.67578125,61076.33621126682,ensemble
BTC,phase1,xgb,phase1_xgb,2026-06-25,2026-06-26,0.004923319948585001,-0.0006071283607980149,0.0033223389696956282,59721.67578125,60016.4296875,59685.4280627512,ensemble
BTC,phase1,xgb,phase1_xgb,2026-06-26,2026-06-27,-0.0012726617424323222,-0.0020537881820928304,0.0017363929229722765,60016.4296875,59940.09765625,59893.29514289492,ensemble
BTC,phase1,xgb,phase1_xgb,2026-06-27,2026-06-28,-0.006825999440473744,-0.0013702791184186935,0.0014876146335267568,59940.09765625,59532.33984375,59858.01924008851,ensemble
BTC,phase1,xgb,phase1_xgb,2026-06-28,2026-06-29,0.010128530183576383,0.002275283308699727,0.0012838033228327178,59532.33984375,60138.37890625,59667.946996768005,ensemble
BTC,phase1,xgb,phase1_xgb,2026-06-29,2026-06-30,-0.026615830286262104,0.00025965768145397305,0.001951766297633538,60138.37890625,58558.859375,60153.99632578693,ensemble
BTC,phase1,xgb,phase1_xgb,2026-06-30,2026-07-01,0.024374798891813786,-0.0005938351503573358,0.001974630632028523,58558.859375,60003.7578125,58524.09538899832,ensemble
BTC,phase1,xgb,phase1_xgb,2026-07-01,2026-07-02,0.024390944088390595,-0.0013733358471654355,0.0021319331316059895,60003.7578125,61485.30078125,59921.40906012109,ensemble
BTC,phase1,xgb,phase1_xgb,2026-07-02,2026-07-03,0.01707535974546987,0.007516859844326973,0.0026578503982864782,61485.30078125,62544.19921875,61949.21858787415,ensemble
BTC,phase1,xgb,phase1_xgb,2026-07-03,2026-07-04,0.00866191238397133,-0.007085538841784001,0.0021529274842429454,62544.19921875,63088.3046875,62102.606175694906,ensemble
BTC,phase1,xgb,phase1_xgb,2026-07-04,2026-07-05,0.007258275090508953,0.0026533000986091793,0.0018024114332090997,63088.3046875,63547.8828125,63255.91915996275,ensemble
BTC,phase1,xgb,phase1_xgb,2026-07-05,2026-07-06,0.007011517689840301,-0.0010545245721004903,0.0010947171071733282,63547.8828125,63995.015625,63480.90532947677,ensemble
BTC,phase1,xgb,phase1_xgb,2026-07-06,2026-07-07,-0.01096103180817717,0.009319191053509712,0.0023709322096158447,63995.015625,63297.39453125,64594.18495245167,ensemble
BTC,phase1,xgb,phase1_xgb,2026-07-07,2026-07-08,-0.016563965519348627,0.003424501942936331,0.0026879006852194593,63297.39453125,62257.57421875,63514.528156868815,ensemble
BTC,phase1,xgb,phase1_xgb,2026-07-08,2026-07-09,0.014915682336986301,-0.004338278761133551,0.001961482538862048,62257.57421875,63193.1484375,61988.068524900424,ensemble
BTC,phase1,xgb,phase1_xgb,2026-07-09,2026-07-10,0.01467180052315595,-0.00045071496861055494,0.001518950994775738,63193.1484375,64127.140625,63164.67275727531,ensemble
BTC,phase1,xgb,phase1_xgb,2026-07-10,2026-07-11,-0.005082718606355573,-0.0014801926910877228,0.0022682746757544305,64127.140625,63802.02734375,64032.29031583156,ensemble
BTC,phase1,xgb,phase1_xgb,2026-07-11,2026-07-12,-0.0006868690961942699,-0.0025979016325436534,0.0013712964692079272,63802.02734375,63758.21875,63636.49106933449,ensemble
BTC,phase1,xgb,phase1_xgb,2026-07-12,2026-07-13,-0.024114338771437895,0.003700785618275404,0.0021324040552831124,63758.21875,62239.12109375,63994.61139845461,ensemble
BTC,phase1,xgb,phase1_xgb,2026-07-13,2026-07-14,0.04272810304426096,0.01161887552589178,0.0020942934932595453,62239.12109375,64956.11328125,62966.487099375554,ensemble
BTC,phase1,xgb,phase1_xgb,2026-07-14,2026-07-15,-0.0037594109647903352,-0.0025850442354567347,0.0028947451604986662,64956.11328125,64712.375,64788.41570127177,ensemble
BTC,phase1,xgb,phase1_xgb,2026-07-15,2026-07-16,-0.014367279855176223,-0.004379285546019673,0.0013628466179674374,64712.375,63789.28125,64429.600658231466,ensemble
BTC,phase1,xgb,phase1_xgb,2026-07-16,2026-07-17,0.0017257545646935989,1.8500618170946837e-05,0.0023114301739866803,63789.28125,63899.4609375,63790.46140205255,ensemble
BTC,phase1,xgb,phase1_xgb,2026-07-17,2026-07-18,0.01394223164475083,-0.004414552776142955,0.00121136148980153,63899.4609375,64796.6015625,63617.99512477361,ensemble
BTC,phase1,xgb,phase1_xgb,2026-07-18,2026-07-19,-0.0016340878484766735,0.0018576086731627584,0.0020450297361411123,64796.6015625,64690.8046875,64917.08015795116,ensemble
BTC,phase1,xgb,phase1_xgb,2026-07-19,2026-07-20,0.008300835886390828,0.0038899170933291314,0.0018533455025356764,64690.8046875,65230.02734375,64942.93662267049,ensemble
BTC,phase1,xgb,phase1_xgb,2026-07-20,2026-07-21,0.019359107363714313,0.006941401772201062,0.001540336024328177,65230.02734375,66505.125,65684.3903047042,ensemble
BTC,phase1,xgb,phase1_xgb,2026-07-21,2026-07-22,-0.006098209978869257,0.0013968009734526277,0.0018384910624058824,66505.125,66100.796875,66598.0843310676,ensemble
BTC,phase1,xgb,phase1_xgb,2026-07-22,2026-07-23,-0.016104346952909084,0.0035381387220695614,0.001817411560357624,66100.796875,65044.8125,66335.08489132473,ensemble
BTC,phase1,xgb,phase1_xgb,2026-07-23,2026-07-24,-0.014655553654227636,-0.006333359982818365,0.0011642263023933536,65044.8125,64098.49609375,64634.162058606555,ensemble
BTC,phase1,xgb,phase1_xgb,2026-07-24,2026-07-25,0.0033224217714330475,-0.0017165375058539212,0.0007407638397204305,64098.49609375,64311.8125,63988.563000268456,ensemble
BTC,phase1,xgb,phase1_xgb,2026-07-25,2026-07-26,0.015865685940396487,-0.0025817211717367172,0.0013732438858423612,64311.8125,65340.30078125,64145.99147600385,ensemble
BTC,phase1,xgb,phase1_xgb,2026-07-26,2026-07-27,-0.02503365298859531,0.004262520140036941,0.001748718076407711,65340.30078125,63724.8984375,65619.40956008605,ensemble
BTC,phase1,xgb,phase1_xgb,2026-07-27,2026-07-28,0.0022957554728576246,-0.0006159502896480262,0.0009472210859389813,63724.8984375,63871.36328125,63685.659153814304,ensemble
BTC,phase1,xgb,phase1_xgb,2026-07-28,2026-07-29,0.0005760654802496461,0.00046435879194177686,0.0029635397503358,63871.36328125,63908.16796875,63901.02939767087,ensemble
BTC,phase1,xgb,phase1_xgb,2026-07-29,2026-07-30,0.01270511594195683,-0.0023605115013197063,0.0019343430494705004,63908.16796875,64725.30859375,63757.48991183968,ensemble
BTC,phase1,xgb,phase1_xgb,2026-07-30,2026-07-31,-0.02997835702863742,-0.0015867963549681008,0.0012873229642815984,64725.30859375,62813.74609375,64622.68415357641,ensemble
BTC,phase1,xgb,phase1_xgb,2026-07-31,2026-08-01,-0.0008031049841085494,-0.0012034866376779974,0.0011171156036312586,62813.74609375,62763.3203125,62738.19606051018,ensemble
BTC,phase1,xgb,phase1_xgb,2026-08-01,2026-08-02,0.011385569767075112,0.0037790362257510424,0.000999202844001173,62763.3203125,63482.0,63000.953903778325,ensemble
BTC,phase1,xgb,phase1_xgb,2026-08-02,2026-08-03,-0.0003324575530272348,0.0070385167375206946,0.0004082495262374137,63482.0,63460.8984375,63930.395287247935,ensemble
BTC,phase1,xgb,phase1_xgb,2026-08-03,2026-08-04,0.00933302539348361,0.004376588389277458,0.001742643547850236,63460.8984375,64055.953125,63739.2493381281,ensemble
BTC,phase1,xgb,phase1_xgb,2026-08-04,2026-08-05,0.008418741360802475,-0.0029880582820624112,0.0009270069520732173,64055.953125,64597.5,63864.83588068086,ensemble
BTC,phase1,xgb,phase1_xgb,2026-08-05,2026-08-06,-0.005205470783879128,-0.008297942765057086,0.0019439980734034183,64597.5,64262.11328125,64063.691461567316,ensemble
BTC,phase1,xgb,phase1_xgb,2026-08-06,2026-08-07,0.00957212039536744,-0.0009363556862808764,0.002201342263740493,64262.11328125,64880.19140625,64201.96924856451,ensemble
BTC,phase1,xgb,phase1_xgb,2026-08-07,2026-08-08,0.00037748764335751974,0.00015096956631168723,0.0009487761509710042,64880.19140625,64904.6875,64889.98708001453,ensemble
BTC,phase1,xgb,phase1_xgb,2026-08-08,2026-08-09,-0.0009217877722439945,0.003288267320021987,0.0017744455761744772,64904.6875,64844.88671875,65118.46274527496,ensemble
BTC,phase1,xgb,phase1_xgb,2026-08-09,2026-08-10,-0.014513048045569134,0.0027222715070820414,0.0025051605658017225,64844.88671875,63910.5859375,65021.65259944049,ensemble
BTC,phase1,xgb,phase1_xgb,2026-08-10,2026-08-11,-0.00562851025881392,0.0036814580555073915,0.0034513378070517827,63910.5859375,63551.875,64146.30370524311,ensemble
BTC,phase1,xgb,phase1_xgb,2026-08-11,2026-08-12,-0.0023542560615523694,0.0061634347774088384,0.0012681671970259812,63551.875,63402.43359375,63944.78242236941,ensemble
BTC,phase1,xgb,phase1_xgb,2026-08-12,2026-08-13,-4.127906065128786e-06,-0.002070485451258719,0.0009516228523340898,63402.43359375,63402.171875,63271.29558393852,ensemble
BTC,phase1,xgb,phase1_xgb,2026-08-13,2026-08-14,-0.006750867021094253,0.002068781084381044,0.0010362768102855802,63402.171875,62975.59375,63533.47285855015,ensemble
BTC,phase1,xgb,phase1_xgb,2026-08-14,2026-08-15,0.0007734380660748331,-0.001469528070447268,0.00154979919648124,62975.59375,63024.3203125,62883.11731223387,ensemble
BTC,phase1,xgb,phase1_xgb,2026-08-15,2026-08-16,-0.0032686473868631834,0.0015174044063314795,0.002029389254642851,63024.3203125,62818.65234375,63120.02628781885,ensemble
BTC,phase1,xgb,phase1_xgb,2026-08-16,2026-08-17,0.026510137670231988,-3.7362918010330756e-05,0.003198834309424384,62818.65234375,64506.25390625,62816.305299439446,ensemble
BTC,phase1,xgb,phase1_xgb,2026-08-17,2026-08-18,0.002700847372800676,0.0009232834097929298,0.00044085593118722345,64506.25390625,64680.7109375,64565.83896302394,ensemble
BTC,phase1,xgb,phase1_xgb,2026-08-18,2026-08-19,0.0684938460027011,-0.0003283587757323403,0.0014079616897089723,64680.7109375,69266.1875,64659.47594498193,ensemble
BTC,phase1,xgb,phase1_xgb,2026-08-19,2026-08-20,0.05295120538976306,-0.004536548815667629,0.0017944535750101138,69266.1875,73032.7578125,68952.66974112987,ensemble
BTC,phase1,xgb,phase1_xgb,2026-08-20,2026-08-21,0.07008881775516321,0.009935635514557362,0.003973339158969565,73032.7578125,78335.1875,73762.00142507286,ensemble
BTC,phase1,xgb,phase1_xgb,2026-08-21,2026-08-22,-0.016108760387506423,0.004375177947804332,0.001582836429621987,78335.1875,77083.4140625,78678.66873272973,ensemble
BTC,phase1,xgb,phase1_xgb,2026-08-22,2026-08-23,0.008678138825315892,-9.744305862113833e-05,0.0024123971419143615,77083.4140625,77755.265625,77075.90318481218,ensemble
BTC,phase1,xgb,phase1_xgb,2026-08-23,2026-08-24,0.0154319126625293,0.006609273049980402,0.0028967553797649257,77755.265625,78964.484375,78270.87342604325,ensemble
BTC,phase1,xgb,phase1_xgb,2026-08-24,2026-08-25,-0.005072177186830813,0.00048798377392813566,0.0015008981954470516,78964.484375,78564.9765625,79003.02716545493,ensemble
BTC,phase1,xgb,phase1_xgb,2026-08-25,2026-08-26,0.005868895257053803,0.004847692523617298,0.0038660055174924166,78564.9765625,79027.421875,78946.76004881338,ensemble
BTC,phase1,xgb,phase1_xgb,2026-08-26,2026-08-27,0.015445797722405792,-0.003194961231201887,0.0025785893260800636,79027.421875,80257.5390625,78775.33524385122,ensemble
BTC,phase1,xgb,phase1_xgb,2026-08-27,2026-08-28,-0.030710027313092664,-0.002922623185440898,0.003169104264913091,80257.5390625,77830.2890625,80023.31895331062,ensemble
BTC,phase1,xgb,phase1_xgb,2026-08-28,2026-08-29,0.005324638622765287,-0.003347695723641664,0.0023257742425765457,77830.2890625,78245.8125,77570.17257499065,ensemble
BTC,phase1,xgb,phase1_xgb,2026-08-29,2026-08-30,-0.007417513856522034,0.0032872143085114656,0.002033674413667197,78245.8125,77667.5703125,78503.44647147521,ensemble
BTC,phase1,xgb,phase1_xgb,2026-08-30,2026-08-31,0.01128015948027171,-0.0063008630182594064,0.0027057930235225825,77667.5703125,78548.6328125,77179.73609324817,ensemble
ETH,phase0,lstm,phase0_lstm,2025-10-31,2025-11-01,0.0070215866872251,-0.0025808196747675,0.003898656735532639,3847.080322265625,3874.18798828125,3837.164502654483,ensemble
ETH,phase0,lstm,phase0_lstm,2025-11-01,2025-11-02,0.0094731740475304,-0.00261064202059056,0.0034154746811169623,3874.18798828125,3911.063232421875,3864.0870610128272,ensemble
ETH,phase0,lstm,phase0_lstm,2025-11-02,2025-11-03,-0.0822344830552394,-0.0036262515466659803,0.0017785224954268094,3911.063232421875,3602.30810546875,3896.9064169263934,ensemble
ETH,phase0,lstm,phase0_lstm,2025-11-03,2025-11-04,-0.0899050101356721,-0.00379156977869564,0.002269387487442828,3602.30810546875,3292.574462890625,3588.6755636211255,ensemble
ETH,phase0,lstm,phase0_lstm,2025-11-04,2025-11-05,0.0394816688100728,-0.00290534701198336,0.0029167781228460195,3292.574462890625,3425.171142578125,3283.022274443415,ensemble
ETH,phase0,lstm,phase0_lstm,2025-11-05,2025-11-06,-0.0335213636698541,-0.00304444716311988,0.005153135505702558,3425.171142578125,3312.2578125,3414.7592472844717,ensemble
ETH,phase0,lstm,phase0_lstm,2025-11-06,2025-11-07,0.0364744811598151,-0.0045635596849024,0.008393488565022384,3312.2578125,3435.301025390625,3297.1765645420546,ensemble
ETH,phase0,lstm,phase0_lstm,2025-11-07,2025-11-08,-0.0102185497413461,-0.0054342168383299996,0.011143022273084054,3435.301025390625,3400.3759765625,3416.6834864013904,ensemble
ETH,phase0,lstm,phase0_lstm,2025-11-08,2025-11-09,0.0522087429098387,-0.00503233396448192,0.011826732616292484,3400.3759765625,3582.621337890625,3383.3071331253996,ensemble
ETH,phase0,lstm,phase0_lstm,2025-11-09,2025-11-10,-0.0039606305321747,-0.004110846016556,0.011601884604817245,3582.621337890625,3568.4599609375,3567.9239632545564,ensemble
ETH,phase0,lstm,phase0_lstm,2025-11-10,2025-11-11,-0.0438739864099317,-0.00267548596020786,0.00905794449998153,3568.4599609375,3415.2822265625,3558.9253569495704,ensemble
ETH,phase0,lstm,phase0_lstm,2025-11-11,2025-11-12,-0.000640851706814,-0.00250487166922538,0.0061428555889672665,3415.2822265625,3413.09423828125,3406.738088323113,ensemble
ETH,phase0,lstm,phase0_lstm,2025-11-12,2025-11-13,-0.0542839228098472,-0.0025634119287132997,0.004309709868548278,3413.09423828125,3232.757080078125,3404.3562760801074,ensemble
ETH,phase0,lstm,phase0_lstm,2025-11-13,2025-11-14,-0.0407128161836017,-0.00325012198300094,0.002830011826240883,3232.757080078125,3103.78564453125,3222.2672810236136,ensemble
ETH,phase0,lstm,phase0_lstm,2025-11-14,2025-11-15,0.0200458143866448,-0.0035961098328697997,0.002790500730429118,3103.78564453125,3166.63134765625,3092.644135507743,ensemble
ETH,phase0,lstm,phase0_lstm,2025-11-15,2025-11-16,-0.0235761973164414,-0.0041496041230857,0.0022439211308858307,3166.63134765625,3092.847412109375,3153.518306939984,ensemble
ETH,phase0,lstm,phase0_lstm,2025-11-16,2025-11-17,-0.0223335360686421,-0.004776118369772981,0.0014260286049896699,3092.847412109375,3024.538818359375,3078.1108266212104,ensemble
ETH,phase0,lstm,phase0_lstm,2025-11-17,2025-11-18,0.0320287321061959,-0.00447351871989664,0.0019445213769942783,3024.538818359375,3122.97900390625,3011.0387063523776,ensemble
ETH,phase0,lstm,phase0_lstm,2025-11-18,2025-11-19,-0.0325142190008236,-0.0047372781205921605,0.002246150081255392,3122.97900390625,3023.07080078125,3108.219571171208,ensemble
ETH,phase0,lstm,phase0_lstm,2025-11-19,2025-11-20,-0.0653684988267085,-0.0054001248441636,0.002597688906097932,3023.07080078125,2831.777587890625,3006.78984021864,ensemble
ETH,phase0,lstm,phase0_lstm,2025-11-20,2025-11-21,-0.0236111523857895,-0.00581923933932554,0.004030278102928003,2831.777587890625,2765.69921875,2815.346650497041,ensemble
ETH,phase0,lstm,phase0_lstm,2025-11-21,2025-11-22,0.0006897153274086,-0.00505181150510906,0.005136369904742358,2765.69921875,2767.607421875,2751.762659691077,ensemble
ETH,phase0,lstm,phase0_lstm,2025-11-22,2025-11-23,0.0122346182602878,-0.00440698452293868,0.0054100777827406285,2767.607421875,2801.676025390625,2755.4374549258123,ensemble
ETH,phase0,lstm,phase0_lstm,2025-11-23,2025-11-24,0.0525067184643922,-0.0037761477287858404,0.005458472198599402,2801.676025390625,2952.71337890625,2791.116432669278,ensemble
ETH,phase0,lstm,phase0_lstm,2025-11-24,2025-11-25,0.0017672851723719,-0.00428933314979074,0.00442673148981381,2952.71337890625,2957.936279296875,2940.0753313031696,ensemble
ETH,phase0,lstm,phase0_lstm,2025-11-25,2025-11-26,0.023348428095094,-0.00507634659297764,0.004040795057850178,2957.936279296875,3027.81201171875,2942.958817101022,ensemble
ETH,phase0,lstm,phase0_lstm,2025-11-26,2025-11-27,-0.0043922604267135,-0.00601507632527494,0.003728702572027075,3027.81201171875,3014.542236328125,3009.65415655965,ensemble
ETH,phase0,lstm,phase0_lstm,2025-11-27,2025-11-28,0.005874882913213,-0.006632758490741219,0.003472972488556616,3014.542236328125,3032.304443359375,2994.61366946051,ensemble
ETH,phase0,lstm,phase0_lstm,2025-11-28,2025-11-29,-0.013485997805236,-0.007500363420695021,0.003400904560035404,3032.304443359375,2991.685302734375,3009.6461370190214,ensemble
ETH,phase0,lstm,phase0_lstm,2025-11-29,2025-11-30,0.0001428009786007,-0.00713261403143402,0.0027491106910837145,2991.685302734375,2992.112548828125,2970.4226853311884,ensemble
ETH,phase0,lstm,phase0_lstm,2025-11-30,2025-12-01,-0.0662927736435053,-0.00659689977765078,0.0024000291622519264,2992.112548828125,2800.18896484375,2972.438846290415,ensemble
ETH,phase0,lstm,phase0_lstm,2025-12-01,2025-12-02,0.068238382808925,-0.0053554999176412595,0.0021439034602057268,2800.18896484375,2997.939697265625,2785.232638123731,ensemble
ETH,phase0,lstm,phase0_lstm,2025-12-02,2025-12-03,0.0625882304633783,-0.0036667510401457394,0.0033944377900548234,2997.939697265625,3191.57177734375,2986.9671278963606,ensemble
ETH,phase0,lstm,phase0_lstm,2025-12-03,2025-12-04,-0.0181024175452983,-0.00396403778577218,0.002143252929484954,3191.57177734375,3134.31640625,3178.945308655776,ensemble
ETH,phase0,lstm,phase0_lstm,2025-12-04,2025-12-05,-0.0356875080281464,-0.00414612828753882,0.001847509140062146,3134.31640625,3024.432861328125,3121.3480311868984,ensemble
ETH,phase0,lstm,phase0_lstm,2025-12-05,2025-12-06,0.0052022663489112,-0.0050660932436584994,0.0017030002471459887,3024.432861328125,3040.207763671875,3009.1495484749994,ensemble
ETH,phase0,lstm,phase0_lstm,2025-12-06,2025-12-07,0.0069143801565508,-0.00544144571758802,0.002267475632601212,3040.207763671875,3061.3017578125,3023.7095658878684,ensemble
ETH,phase0,lstm,phase0_lstm,2025-12-07,2025-12-08,0.0206574040037443,-0.0059978088829665994,0.003247065058538239,3061.3017578125,3125.197998046875,3042.9956082077197,ensemble
ETH,phase0,lstm,phase0_lstm,2025-12-08,2025-12-09,0.0608029264224186,-0.0063639038242399,0.0039636266358481645,3125.197998046875,3321.114990234375,3105.3726886459253,ensemble
ETH,phase0,lstm,phase0_lstm,2025-12-09,2025-12-10,0.0012864345975214,-0.007200484443455881,0.00451922548023643,3321.114990234375,3325.39013671875,3297.2872420270446,ensemble
ETH,phase0,lstm,phase0_lstm,2025-12-10,2025-12-11,-0.0269224534884862,-0.00754630432929838,0.00537964336502703,3325.39013671875,3237.056884765625,3300.390178020371,ensemble
ETH,phase0,lstm,phase0_lstm,2025-12-11,2025-12-12,-0.0483811252686677,-0.00601756246760482,0.00548839661352993,3237.056884765625,3084.172607421875,3217.6361839940278,ensemble
ETH,phase0,lstm,phase0_lstm,2025-12-12,2025-12-13,0.0104898229476874,-0.00521715450158804,0.005658235939793651,3084.172607421875,3116.6953125,3068.1239031064288,ensemble
ETH,phase0,lstm,phase0_lstm,2025-12-13,2025-12-14,-0.018163993601147,-0.0061757721821777,0.005320997566854328,3116.6953125,3060.5947265625,3097.506625755905,ensemble
ETH,phase0,lstm,phase0_lstm,2025-12-14,2025-12-15,-0.0320077701658808,-0.0056449042167514,0.004798381787666193,3060.5947265625,2964.18310546875,3043.3666336994443,ensemble
ETH,phase0,lstm,phase0_lstm,2025-12-15,2025-12-16,-7.412721688312701e-07,-0.0032183481729589,0.0030433540955349084,2964.18310546875,2964.180908203125,2954.6586668876917,ensemble
ETH,phase0,lstm,phase0_lstm,2025-12-16,2025-12-17,-0.0458281928487593,-0.00096934864996,0.005674494698029792,2964.180908203125,2831.403564453125,2961.308975618389,ensemble
ETH,phase0,lstm,phase0_lstm,2025-12-17,2025-12-18,-0.0015320294953636,0.0013178010354750202,0.006778022476827272,2831.403564453125,2827.069091796875,2835.1372505896106,ensemble
ETH,phase0,lstm,phase0_lstm,2025-12-18,2025-12-19,0.0520015780613912,0.0012290953658521402,0.004853654266670596,2827.069091796875,2977.970703125,2830.545965583573,ensemble
ETH,phase0,lstm,phase0_lstm,2025-12-19,2025-12-20,-0.0001303602133292,-0.00139940492808818,0.0014985786512941319,2977.970703125,2977.58251953125,2973.806230818498,ensemble
ETH,phase0,lstm,phase0_lstm,2025-12-20,2025-12-21,0.0080383309849244,-0.00388858249643814,0.004586945335826495,2977.58251953125,3001.61376953125,2966.0264272349227,ensemble
ETH,phase0,lstm,phase0_lstm,2025-12-21,2025-12-22,0.0014847515809792,-0.00454110473801844,0.005626975573490302,3001.61376953125,3006.07373046875,2988.0140293138275,ensemble
ETH,phase0,lstm,phase0_lstm,2025-12-22,2025-12-23,-0.0143063268401752,-0.004446367736090874,0.005162391058013058,3006.07373046875,2963.3740234375,2992.7372925469094,ensemble
ETH,phase0,lstm,phase0_lstm,2025-12-23,2025-12-24,-0.0060191597554604,-0.0037189050868618803,0.003945735456158786,2963.3740234375,2945.590576171875,2952.3739834375965,ensemble
ETH,phase0,lstm,phase0_lstm,2025-12-24,2025-12-25,-0.014365015056822,-0.0023696880030911,0.002281369969448332,2945.590576171875,2903.57958984375,2938.6187093585727,ensemble
ETH,phase0,lstm,phase0_lstm,2025-12-25,2025-12-26,0.0076050389079913,-0.0010993107163812601,0.0010985119809054174,2903.57958984375,2925.74560546875,2900.3894075068574,ensemble
ETH,phase0,lstm,phase0_lstm,2025-12-26,2025-12-27,0.0075770385642638,0.00019401178578844002,0.0010923262972826738,2925.74560546875,2947.998291015625,2926.313289665361,ensemble
ETH,phase0,lstm,phase0_lstm,2025-12-27,2025-12-28,0.000193273230984,0.00065479761688036,0.0013405537270184766,2947.998291015625,2948.568115234375,2949.929265400868,ensemble
ETH,phase0,lstm,phase0_lstm,2025-12-28,2025-12-29,-0.0047695250401753,0.00086495982250196,0.0017716920116787281,2948.568115234375,2934.538330078125,2951.119611499765,ensemble
ETH,phase0,lstm,phase0_lstm,2025-12-29,2025-12-30,0.0124887158133864,0.00192705454537642,0.0026125933976573566,2934.538330078125,2971.416748046875,2940.1987977689823,ensemble
ETH,phase0,lstm,phase0_lstm,2025-12-30,2025-12-31,-0.0014748454494985,0.0032016856363043,0.003791952708212611,2971.416748046875,2967.03759765625,2980.945536321045,ensemble
ETH,phase0,lstm,phase0_lstm,2025-12-31,2026-01-01,0.011179695896671,0.00363178922816586,0.00410858575714916,2967.03759765625,3000.394287109375,2977.832844007011,ensemble
ETH,phase0,lstm,phase0_lstm,2026-01-01,2026-01-02,0.040505791423565,0.00333999147114804,0.004501909509605177,3000.394287109375,3124.422607421875,3010.432332599912,ensemble
ETH,phase0,lstm,phase0_lstm,2026-01-02,2026-01-03,0.0004783333560596,0.00305916160577902,0.004762484525448412,3124.422607421875,3125.91748046875,3133.995355929554,ensemble
ETH,phase0,lstm,phase0_lstm,2026-01-03,2026-01-04,0.0047211981925699,0.0029221601755125095,0.005016417373050522,3125.91748046875,3140.71044921875,3135.06527118755,ensemble
ETH,phase0,lstm,phase0_lstm,2026-01-04,2026-01-05,0.0268343594600314,0.003038079404541317,0.005181988039108,3140.71044921875,3226.13037109375,3150.2666859027977,ensemble
ETH,phase0,lstm,phase0_lstm,2026-01-05,2026-01-06,0.0214100727655341,0.00409126385056876,0.005171431193058041,3226.13037109375,3295.94677734375,3239.3563587122158,ensemble
ETH,phase0,lstm,phase0_lstm,2026-01-06,2026-01-07,-0.0399579577460706,0.0049051458598114205,0.004963932613802144,3295.94677734375,3166.843994140625,3312.153592934727,ensemble
ETH,phase0,lstm,phase0_lstm,2026-01-07,2026-01-08,-0.0199206616781398,0.005506274336948959,0.004796977958531246,3166.843994140625,3104.382568359375,3184.3296020528323,ensemble
ETH,phase0,lstm,phase0_lstm,2026-01-08,2026-01-09,-0.0068964125191375,0.00561999094206836,0.004229926060540856,3104.382568359375,3083.047119140625,3121.8782871155945,ensemble
ETH,phase0,lstm,phase0_lstm,2026-01-09,2026-01-10,-0.0002112169513613,0.00496471787337208,0.003176700186785326,3083.047119140625,3082.39599609375,3098.391637361236,ensemble
ETH,phase0,lstm,phase0_lstm,2026-01-10,2026-01-11,0.0117684321917196,0.00352816088125104,0.001979048384295277,3082.39599609375,3118.88525390625,3093.29039235801,ensemble
ETH,phase0,lstm,phase0_lstm,2026-01-11,2026-01-12,-0.0085523492401958,0.002124552419263607,0.001543130844462121,3118.88525390625,3092.3251953125,3125.5185329973474,ensemble
ETH,phase0,lstm,phase0_lstm,2026-01-12,2026-01-13,0.0716724478508033,0.00142733327811582,0.0020213492323871303,3092.3251953125,3322.095458984375,3096.742125436325,ensemble
ETH,phase0,lstm,phase0_lstm,2026-01-13,2026-01-14,0.0097733550354151,0.0018615504668559602,0.0015219443804440982,3322.095458984375,3354.72265625,3328.285467055639,ensemble
ETH,phase0,lstm,phase0_lstm,2026-01-14,2026-01-15,-0.0112777965317109,0.00349638895131642,0.002329835755770844,3354.72265625,3317.101318359375,3366.4726006980222,ensemble
ETH,phase0,lstm,phase0_lstm,2026-01-15,2026-01-16,-0.0065388112427793,0.005394491041079101,0.0035244704115847854,3317.101318359375,3295.482177734375,3335.0437433178054,ensemble
ETH,phase0,lstm,phase0_lstm,2026-01-16,2026-01-17,0.0040525125455037,0.0055575669277459,0.0030640419777653526,3295.482177734375,3308.8642578125,3313.84802794574,ensemble
ETH,phase0,lstm,phase0_lstm,2026-01-17,2026-01-18,-0.0084086840180541,0.00471647796221072,0.002126997981473851,3308.8642578125,3281.15771484375,3324.507304207711,ensemble
ETH,phase0,lstm,phase0_lstm,2026-01-18,2026-01-19,-0.0292351847938204,0.0036990517051889798,0.0017590779099023884,3281.15771484375,3186.62109375,3293.3173626017046,ensemble
ETH,phase0,lstm,phase0_lstm,2026-01-19,2026-01-20,-0.082047329409018,0.0031437469820957,0.0018543561354262554,3186.62109375,2935.605712890625,3196.654787630284,ensemble
ETH,phase0,lstm,phase0_lstm,2026-01-20,2026-01-21,0.0146406740972174,0.0031088826915947427,0.001951957048803891,2935.605712890625,2978.901123046875,2944.746367930749,ensemble
ETH,phase0,lstm,phase0_lstm,2026-01-21,2026-01-22,-0.0098736240513318,0.004215209610993,0.0031106046813390814,2978.901123046875,2949.63330078125,2991.484317460452,ensemble
ETH,phase0,lstm,phase0_lstm,2026-01-22,2026-01-23,0.001227550418774,0.0046536247129551605,0.0035442448791925007,2949.63330078125,2953.25634765625,2963.391775763809,ensemble
ETH,phase0,lstm,phase0_lstm,2026-01-23,2026-01-24,-0.0015302026847261,0.0050632129306904606,0.0036380404243742236,2953.25634765625,2948.74072265625,2968.2472323783613,ensemble
ETH,phase0,lstm,phase0_lstm,2026-01-24,2026-01-25,-0.0460954469109645,0.00493348013842474,0.0038201737469604363,2948.74072265625,2815.90234375,2963.3242205642355,ensemble
ETH,phase0,lstm,phase0_lstm,2026-01-25,2026-01-26,0.0385097283715548,0.0050905212061479205,0.004460762923861938,2815.90234375,2926.45703125,2830.2733011436258,ensemble
ETH,phase0,lstm,phase0_lstm,2026-01-26,2026-01-27,0.0321961750433529,0.00539540923200542,0.004446702131693378,2926.45703125,3022.2109375,2942.2891364701954,ensemble
ETH,phase0,lstm,phase0_lstm,2026-01-27,2026-01-28,-0.0051763213071971,0.0051510101184248395,0.0036280380725175255,3022.2109375,3006.607421875,3037.818539567594,ensemble
ETH,phase0,lstm,phase0_lstm,2026-01-28,2026-01-29,-0.0647023664323781,0.00468467746395612,0.002856008709204325,3006.607421875,2818.232666015625,3020.725451294598,ensemble
ETH,phase0,lstm,phase0_lstm,2026-01-29,2026-01-30,-0.0419788679682719,0.00477029464673246,0.0027790749098412612,2818.232666015625,2702.375244140625,2831.7085827076976,ensemble
ETH,phase0,lstm,phase0_lstm,2026-01-30,2026-01-31,-0.1000484393792718,0.0052066121948882394,0.0034909838760628182,2702.375244140625,2445.091796875,2716.4821567851814,ensemble
ETH,phase0,lstm,phase0_lstm,2026-01-31,2026-02-01,-0.0751997822029002,0.00545053768437352,0.00488123730188339,2445.091796875,2267.96484375,2458.4552477681273,ensemble
ETH,phase0,lstm,phase0_lstm,2026-02-01,2026-02-02,0.0331281466529906,0.00592289933374556,0.00724901938953836,2267.96484375,2344.356689453125,2281.4376308064943,ensemble
ETH,phase0,lstm,phase0_lstm,2026-02-02,2026-02-03,-0.0511047370755369,0.006799092469736939,0.010156648756290054,2344.356689453125,2227.558837890625,2360.3504974435214,ensemble
ETH,phase0,lstm,phase0_lstm,2026-02-03,2026-02-04,-0.0384643510086561,0.006800078880041841,0.011739050700221213,2227.558837890625,2143.504150390625,2242.758032992139,ensemble
ETH,phase0,lstm,phase0_lstm,2026-02-04,2026-02-05,-0.1626810863573628,0.00626046329271048,0.012128149271262607,2143.504150390625,1821.68310546875,2156.9655728459443,ensemble
ETH,phase0,lstm,phase0_lstm,2026-02-05,2026-02-06,0.124587932433777,0.00609556058188898,0.013310669100985497,1821.68310546875,2063.386962890625,1832.8211971684073,ensemble
ETH,phase0,lstm,phase0_lstm,2026-02-06,2026-02-07,0.0130780728606268,0.00538513361825612,0.013122456515344704,2063.386962890625,2090.54931640625,2074.5285499342563,ensemble
ETH,phase0,lstm,phase0_lstm,2026-02-07,2026-02-08,-0.0008548665199209,0.004583022906444981,0.012568494248126725,2090.54931640625,2088.762939453125,2100.1523404413883,ensemble
ETH,phase0,lstm,phase0_lstm,2026-02-08,2026-02-09,0.0070627775205607,0.003584830136969721,0.011580448963503286,2088.762939453125,2103.567626953125,2096.264237193297,ensemble
ETH,phase0,lstm,phase0_lstm,2026-02-09,2026-02-10,-0.0407860866012557,0.00349641498178246,0.011831446079520197,2103.567626953125,2019.4974365234373,2110.935445288489,ensemble
ETH,phase0,lstm,phase0_lstm,2026-02-10,2026-02-11,-0.0398404875978916,-0.0040208330377935805,0.0026115963437466465,2019.4974365234373,1940.621337890625,2011.3936773600647,ensemble
ETH,phase0,lstm,phase0_lstm,2026-02-11,2026-02-12,0.003251056309532,-0.0044762081466614605,0.002355427270320466,1940.621337890625,1946.940673828125,1931.9541254435244,ensemble
ETH,phase0,lstm,phase0_lstm,2026-02-12,2026-02-13,0.0508619107271356,-0.004744220245629481,0.001960197943783945,1946.940673828125,2048.52734375,1937.7258343639564,ensemble
ETH,phase0,lstm,phase0_lstm,2026-02-13,2026-02-14,0.0181318719779937,-0.0049262837041169,0.0014274278470700192,2048.52734375,2086.009765625,2038.4605332200454,ensemble
ETH,phase0,lstm,phase0_lstm,2026-02-14,2026-02-15,-0.0592301606634175,-0.00529662640765304,0.0015554526369706404,2086.009765625,1966.04296875,2074.990160342159,ensemble
ETH,phase0,lstm,phase0_lstm,2026-02-15,2026-02-16,0.0160826230924268,-0.00516176419332618,0.0010511078218083114,1966.04296875,1997.917724609375,1955.9208649820346,ensemble
ETH,phase0,lstm,phase0_lstm,2026-02-16,2026-02-17,-0.002868787898831,-0.0050190526992081996,0.0009178423866882645,1997.917724609375,1992.1943359375,1987.9151928755416,ensemble
ETH,phase0,lstm,phase0_lstm,2026-02-17,2026-02-18,-0.0193714031392413,-0.0049368415027856395,0.0009808575944596555,1992.1943359375,1953.97412109375,1982.383425639081,ensemble
ETH,phase0,lstm,phase0_lstm,2026-02-18,2026-02-19,-0.0029589012528701,-0.0043145021889358206,0.0015507619367376572,1953.97412109375,1948.2010498046875,1945.5618558889596,ensemble
ETH,phase0,lstm,phase0_lstm,2026-02-19,2026-02-20,0.0106307366647911,-0.00322856181301174,0.003643157427609487,1948.2010498046875,1969.0223388671875,1941.921305018126,ensemble
ETH,phase0,lstm,phase0_lstm,2026-02-20,2026-02-21,0.0023916477643178,-0.00253531788475806,0.0051972112247009525,1969.0223388671875,1973.7371826171875,1964.0365642483948,ensemble
ETH,phase0,lstm,phase0_lstm,2026-02-21,2026-02-22,-0.0081043810251791,-0.00218148175626992,0.0058221671175212085,1973.7371826171875,1957.805908203125,1969.436203920564,ensemble
ETH,phase0,lstm,phase0_lstm,2026-02-22,2026-02-23,-0.0536686969675083,-0.00173784838989378,0.006443828005145394,1957.805908203125,1855.5028076171875,1954.4064930474597,ensemble
ETH,phase0,lstm,phase0_lstm,2026-02-23,2026-02-24,-0.0013662367634113,1.647095195952018e-05,0.00983588962443332,1855.5028076171875,1852.969482421875,1855.5333697664857,ensemble
ETH,phase0,lstm,phase0_lstm,2026-02-24,2026-02-25,0.1033052975560529,0.00111160064116124,0.01198085951073207,1852.969482421875,2054.6279296875,1855.030389727314,ensemble
ETH,phase0,lstm,phase0_lstm,2026-02-25,2026-02-26,-0.013640230652308,0.0005727604031562805,0.011173788783659442,2054.6279296875,2026.7926025390625,2055.805076288144,ensemble
ETH,phase0,lstm,phase0_lstm,2026-02-26,2026-02-27,-0.0485398835848207,-0.00106448926962908,0.008187169770640353,2026.7926025390625,1930.7618408203125,2024.6362514718026,ensemble
ETH,phase0,lstm,phase0_lstm,2026-02-27,2026-02-28,0.0176033024159378,-0.00305806454271076,0.004424583862440054,1930.7618408203125,1965.050537109375,1924.8664653082342,ensemble
ETH,phase0,lstm,phase0_lstm,2026-02-28,2026-03-01,-0.0133112143616734,-0.0057831573300063,0.0009205060309878262,1965.050537109375,1939.066650390625,1953.719137905491,ensemble
ETH,phase0,lstm,phase0_lstm,2026-03-01,2026-03-02,0.0444827788226515,-0.00842995597049588,0.004657024622270499,1939.066650390625,2027.2689208984373,1922.7891097750191,ensemble
ETH,phase0,lstm,phase0_lstm,2026-03-02,2026-03-03,-0.0221952153909645,-0.01070443568751212,0.00837591509535105,2027.2689208984373,1982.7689208984373,2005.6838850370987,ensemble
ETH,phase0,lstm,phase0_lstm,2026-03-03,2026-03-04,0.0699856488077349,-0.0124863496050238,0.011592070666226757,1982.7689208984373,2126.50537109375,1958.1652993358352,ensemble
ETH,phase0,lstm,phase0_lstm,2026-03-04,2026-03-05,-0.0261560660671297,-0.013039124291390123,0.012708418282712863,2126.50537109375,2071.60546875,2098.9575930071164,ensemble
ETH,phase0,lstm,phase0_lstm,2026-03-05,2026-03-06,-0.0458579463127646,-0.013181916438043062,0.01357296718093442,2071.60546875,1978.751220703125,2044.4769344312256,ensemble
ETH,phase0,lstm,phase0_lstm,2026-03-06,2026-03-07,-0.0047088687763537,-0.01383291631937024,0.014872651655787631,1978.751220703125,1969.4554443359373,1951.5677673286566,ensemble
ETH,phase0,lstm,phase0_lstm,2026-03-07,2026-03-08,-0.0168207764579134,-0.0120172949507832,0.01207865566180069,1969.4554443359373,1936.604736328125,1945.9295592432788,ensemble
ETH,phase0,lstm,phase0_lstm,2026-03-08,2026-03-09,0.02867374460359,-0.011171555239707181,0.011159769629162727,1936.604736328125,1992.938232421875,1915.0902484404487,ensemble
ETH,phase0,lstm,phase0_lstm,2026-03-09,2026-03-10,0.0219272344781229,-0.01065494148060674,0.010506372616859631,1992.938232421875,2037.1204833984373,1971.8163183865774,ensemble
ETH,phase0,lstm,phase0_lstm,2026-03-10,2026-03-11,0.0070696510693724,-0.0085863552987575,0.008468764467790752,2037.1204833984373,2051.5732421875,2019.7039225350156,ensemble
ETH,phase0,lstm,phase0_lstm,2026-03-11,2026-03-12,0.0104556138377322,-0.00853655529208478,0.008106178540083343,2051.5732421875,2073.13623046875,2034.1344134339404,ensemble
ETH,phase0,lstm,phase0_lstm,2026-03-12,2026-03-13,0.0093273103225432,-0.00815838673152024,0.00819965642584663,2073.13623046875,2092.5634765625,2056.2915893323193,ensemble
ETH,phase0,lstm,phase0_lstm,2026-03-13,2026-03-14,0.0021592233043722,-0.00845785872079428,0.008616493447672909,2092.5634765625,2097.086669921875,2074.939505901734,ensemble
ETH,phase0,lstm,phase0_lstm,2026-03-14,2026-03-15,0.0376174725748984,-0.007805751264095259,0.008220467701326003,2097.086669921875,2177.476318359375,2080.781054577351,ensemble
ETH,phase0,lstm,phase0_lstm,2026-03-15,2026-03-16,0.0767490852405507,-0.00814757435582574,0.008714126782470008,2177.476318359375,2351.176025390625,2159.807245931874,ensemble
ETH,phase0,lstm,phase0_lstm,2026-03-16,2026-03-17,-0.0141878287469072,-0.0082817312330007,0.009030064710036886,2351.176025390625,2318.053466796875,2331.784625481158,ensemble
ETH,phase0,lstm,phase0_lstm,2026-03-17,2026-03-18,-0.0506029181915626,-0.007708575902506659,0.008688678657131332,2318.053466796875,2203.671630859375,2300.253270926204,ensemble
ETH,phase0,lstm,phase0_lstm,2026-03-18,2026-03-19,-0.0305236071486406,-0.007489725167397361,0.008742110509627185,2203.671630859375,2137.423828125,2187.2283905270956,ensemble
ETH,phase0,lstm,phase0_lstm,2026-03-19,2026-03-20,0.0042359585854312,-0.0070289773284457,0.008164818164363352,2137.423828125,2146.4970703125,2122.4526023387775,ensemble
ETH,phase0,lstm,phase0_lstm,2026-03-20,2026-03-21,-0.0330619920061079,-0.00640321382088582,0.007413223650770851,2146.4970703125,2076.68994140625,2132.796501253516,ensemble
ETH,phase0,lstm,phase0_lstm,2026-03-21,2026-03-22,-0.0114495680945266,-0.005606329662259621,0.006393261536929481,2076.68994140625,2053.04833984375,2065.079908234601,ensemble
ETH,phase0,lstm,phase0_lstm,2026-03-22,2026-03-23,0.0471397983356827,-0.0042900388245470395,0.004881743060117458,2053.04833984375,2152.14599609375,2044.2595483648709,ensemble
ETH,phase0,lstm,phase0_lstm,2026-03-23,2026-03-24,0.0016520306586044,-0.00257447945186862,0.003776885888122345,2152.14599609375,2155.704345703125,2146.6124664848494,ensemble
ETH,phase0,lstm,phase0_lstm,2026-03-24,2026-03-25,0.0056974805873912,-0.0020316894719144,0.0037691881095376642,2155.704345703125,2168.021484375,2151.329069985214,ensemble
ETH,phase0,lstm,phase0_lstm,2026-03-25,2026-03-26,-0.051313706617151,-0.0016243930076598266,0.0030323078936045633,2168.021484375,2059.578369140625,2164.5026242149984,ensemble
ETH,phase0,lstm,phase0_lstm,2026-03-26,2026-03-27,-0.0337276698924535,-0.00235420158132908,0.003282447972645458,2059.578369140625,1991.27197265625,2054.7354093756385,ensemble
ETH,phase0,lstm,phase0_lstm,2026-03-27,2026-03-28,0.0007141663784116,-0.00450734453042966,0.005688140482684725,1991.27197265625,1992.694580078125,1982.3168209598912,ensemble
ETH,phase0,lstm,phase0_lstm,2026-03-28,2026-03-29,-0.005098999439741,-0.005916202929802219,0.0073899052622493555,1992.694580078125,1982.5596923828125,1980.940199500688,ensemble
ETH,phase0,lstm,phase0_lstm,2026-03-29,2026-03-30,0.0204472613935491,-0.00566071755019944,0.007136712918373578,1982.5596923828125,2023.514892578125,1971.3686863832982,ensemble
ETH,phase0,lstm,phase0_lstm,2026-03-30,2026-03-31,0.039340814763852,-0.0053186377997917166,0.006605989304730749,2023.514892578125,2104.708251953125,2012.7811196103246,ensemble
ETH,phase0,lstm,phase0_lstm,2026-03-31,2026-04-01,0.0160386363168273,-0.004617553696152721,0.005566653712471543,2104.708251953125,2138.737060546875,2095.012052174923,ensemble
ETH,phase0,lstm,phase0_lstm,2026-04-01,2026-04-02,-0.0390385754759657,-0.00388311570568474,0.0049526083537420745,2138.737060546875,2056.8525390625,2130.4482007928377,ensemble
ETH,phase0,lstm,phase0_lstm,2026-04-02,2026-04-03,-0.0016871461717564,-0.0029463735176249997,0.004242861976875741,2056.8525390625,2053.38525390625,2050.8012023385777,ensemble
ETH,phase0,lstm,phase0_lstm,2026-04-03,2026-04-04,0.005810685555501,-0.0022283600643277,0.003302290851234208,2053.38525390625,2065.3515625,2048.814666558229,ensemble
ETH,phase0,lstm,phase0_lstm,2026-04-04,2026-04-05,0.0209113576842589,-0.00116549037629736,0.002529197794552143,2065.3515625,2108.99560546875,2062.9458173389758,ensemble
ETH,phase0,lstm,phase0_lstm,2026-04-05,2026-04-06,-0.0005853459761497,0.00012754485942426003,0.002860200827443646,2108.99560546875,2107.761474609375,2109.2646141717496,ensemble
ETH,phase0,lstm,phase0_lstm,2026-04-06,2026-04-07,0.0616556049703287,0.0013448466954286999,0.003099009835385174,2107.761474609375,2241.806640625,2110.597997580013,ensemble
ETH,phase0,lstm,phase0_lstm,2026-04-07,2026-04-08,-0.0232273715270305,0.0029775731556583,0.004128846334605866,2241.806640625,2190.33544921875,2248.4917316329306,ensemble
ETH,phase0,lstm,phase0_lstm,2026-04-08,2026-04-09,-0.0005440857898826,0.00424094864283686,0.005249154697042042,2190.33544921875,2189.14404296875,2199.6442745424347,ensemble
ETH,phase0,lstm,phase0_lstm,2026-04-09,2026-04-10,0.0252611274355671,0.00472181807272132,0.005412152354442089,2189.14404296875,2245.148681640625,2199.5052254332427,ensemble
ETH,phase0,lstm,phase0_lstm,2026-04-10,2026-04-11,0.0177650010386669,0.00488315640250216,0.0050576567939642535,2245.148681640625,2285.39013671875,2256.138905452153,ensemble
ETH,phase0,lstm,phase0_lstm,2026-04-11,2026-04-12,-0.0416306075771206,0.00483064966974778,0.00426934418557377,2285.39013671875,2192.201171875,2296.456763807047,ensemble
ETH,phase0,lstm,phase0_lstm,2026-04-12,2026-04-13,0.0782853911386856,0.004312094868510011,0.0032508157462660574,2192.201171875,2370.71484375,2201.6745616976636,ensemble
ETH,phase0,lstm,phase0_lstm,2026-04-13,2026-04-14,-0.0201992437703363,0.004515556831029199,0.0033048003300932154,2370.71484375,2323.30859375,2381.4441475164795,ensemble
ETH,phase0,lstm,phase0_lstm,2026-04-14,2026-04-15,0.0154307484890148,0.00468820120440788,0.003205064263886531,2323.30859375,2359.43701171875,2334.226304111965,ensemble
ETH,phase0,lstm,phase0_lstm,2026-04-15,2026-04-16,-0.0045844617903412,0.0041082436917349,0.0026268404268145864,2359.43701171875,2348.64501953125,2369.1500921276747,ensemble
ETH,phase0,lstm,phase0_lstm,2026-04-16,2026-04-17,0.0303717508925751,0.00412872243905434,0.0025035757405503906,2348.64501953125,2421.07177734375,2358.361968414003,ensemble
ETH,phase0,lstm,phase0_lstm,2026-04-17,2026-04-18,-0.0293267723614628,0.00491142619866872,0.002695163472515358,2421.07177734375,2351.1005859375,2432.991941240869,ensemble
ETH,phase0,lstm,phase0_lstm,2026-04-18,2026-04-19,-0.0373454427406088,0.00496118350420142,0.0024685173429907473,2351.1005859375,2264.9169921875,2362.793809511024,ensemble
ETH,phase0,lstm,phase0_lstm,2026-04-19,2026-04-20,0.0219633235792397,0.0050373703474178196,0.00237555591173472,2264.9169921875,2315.21240234375,2276.3550024434453,ensemble
ETH,phase0,lstm,phase0_lstm,2026-04-20,2026-04-21,0.0054954065471357,0.005075034219771559,0.002415510342498819,2315.21240234375,2327.970458984375,2326.9920502868754,ensemble
ETH,phase0,lstm,phase0_lstm,2026-04-21,2026-04-22,0.0204586542200399,0.00507258009165522,0.0022856226759142076,2327.970458984375,2376.088134765625,2339.809276879119,ensemble
ETH,phase0,lstm,phase0_lstm,2026-04-22,2026-04-23,-0.0189376886242059,0.00510300565510984,0.002096649311855019,2376.088134765625,2331.513916015625,2388.2443161058577,ensemble
ETH,phase0,lstm,phase0_lstm,2026-04-23,2026-04-24,-0.0068100265350662,0.005163814593106461,0.002041718840074016,2331.513916015625,2315.690185546875,2343.5845600611665,ensemble
ETH,phase0,lstm,phase0_lstm,2026-04-24,2026-04-25,0.0013545812633985,0.0048580215778201204,0.0016378086802777707,2315.690185546875,2318.8291015625,2326.9672283158343,ensemble
ETH,phase0,lstm,phase0_lstm,2026-04-25,2026-04-26,0.021713243592728,0.0042646611575037,0.0009643790998326594,2318.8291015625,2369.72900390625,2328.7392386312235,ensemble
ETH,phase0,lstm,phase0_lstm,2026-04-26,2026-04-27,-0.0285352092391055,0.00372118018567556,0.0007358434642366197,2369.72900390625,2303.06396484375,2378.5636199255036,ensemble
ETH,phase0,lstm,phase0_lstm,2026-04-27,2026-04-28,-0.0059420254123551,0.0034494692459701797,0.0008574291380061292,2303.06396484375,2289.419677734375,2311.0220308229304,ensemble
ETH,phase0,lstm,phase0_lstm,2026-04-28,2026-04-29,-0.0158511839185899,0.0032521162182092196,0.0010588113857362457,2289.419677734375,2253.415771484375,2296.8772564822466,ensemble
ETH,phase0,lstm,phase0_lstm,2026-04-29,2026-04-30,0.0012574984349416,0.00325586739927526,0.0010955191630654798,2253.415771484375,2256.251220703125,2260.764551266189,ensemble
ETH,phase0,lstm,phase0_lstm,2026-04-30,2026-05-01,0.0170690082206223,0.00310315387323494,0.001178001154124298,2256.251220703125,2295.09375,2263.263590020975,ensemble
ETH,phase0,lstm,phase0_lstm,2026-05-01,2026-05-02,0.0091680063840355,0.00304601902607826,0.001292712134984254,2295.09375,2316.23193359375,2302.095307253932,ensemble
ETH,phase0,lstm,phase0_lstm,2026-05-02,2026-05-03,0.0023302997915724,0.002718211710453,0.0015536795530955536,2316.23193359375,2321.6357421875,2322.5365070606135,ensemble
ETH,phase0,lstm,phase0_lstm,2026-05-03,2026-05-04,0.0106089499454062,0.0023542590439319,0.0019349283144338575,2321.6357421875,2346.39697265625,2327.1079130566645,ensemble
ETH,phase0,lstm,phase0_lstm,2026-05-04,2026-05-05,0.0062816540296977,0.00228699393919666,0.0020495314213691508,2346.39697265625,2361.1826171875,2351.7693092206496,ensemble
ETH,phase0,lstm,phase0_lstm,2026-05-05,2026-05-06,-0.0044060551410634,0.00212317161494864,0.0023534318545879777,2361.1826171875,2350.802001953125,2366.2011388041133,ensemble
ETH,phase0,lstm,phase0_lstm,2026-05-06,2026-05-07,-0.0257211497884926,0.0018677230094908646,0.0028266596992910513,2350.802001953125,2291.107666015625,2355.196751753041,ensemble
ETH,phase0,lstm,phase0_lstm,2026-05-07,2026-05-08,0.0069005173801773,0.0023857157386373323,0.0024501667070280352,2291.107666015625,2306.97216796875,2296.580122901007,ensemble
ETH,phase0,lstm,phase0_lstm,2026-05-08,2026-05-09,0.0085267708032934,0.00294759652460922,0.0022712450669477515,2306.97216796875,2326.727294921875,2313.782222829782,ensemble
ETH,phase0,lstm,phase0_lstm,2026-05-09,2026-05-10,0.0180237894016022,0.0035889880498870597,0.0027719148417109283,2326.727294921875,2369.0439453125,2335.0928944173484,ensemble
ETH,phase0,lstm,phase0_lstm,2026-05-10,2026-05-11,-0.0126087284649131,0.00416191400727252,0.003603247658502372,2369.0439453125,2339.36083984375,2378.9242487170823,ensemble
ETH,phase0,lstm,phase0_lstm,2026-05-11,2026-05-12,-0.0280543858235066,0.00449274268466974,0.004051638884330597,2339.36083984375,2274.6435546875,2349.894631232384,ensemble
ETH,phase0,lstm,phase0_lstm,2026-05-12,2026-05-13,-0.0075315052922758,0.00449290007818486,0.003983018940090276,2274.6435546875,2257.576416015625,2284.8862934630038,ensemble
ETH,phase0,lstm,phase0_lstm,2026-05-13,2026-05-14,0.010293509698889,0.004209752287715659,0.003908204068686066,2257.576416015625,2280.934814453125,2267.1002859991895,ensemble
ETH,phase0,lstm,phase0_lstm,2026-05-14,2026-05-15,-0.025579807171991,0.00416613126872106,0.0038527826449382867,2280.934814453125,2223.328857421875,2290.457310516621,ensemble
ETH,phase0,lstm,phase0_lstm,2026-05-15,2026-05-16,-0.0197944707467758,0.00426346153544724,0.003686860333983942,2223.328857421875,2179.751953125,2232.8281700740336,ensemble
ETH,phase0,lstm,phase0_lstm,2026-05-16,2026-05-17,-0.024195229175847,0.00400217389978928,0.0033231620093761485,2179.751953125,2127.645263671875,2188.493179786773,ensemble
ETH,phase0,lstm,phase0_lstm,2026-05-17,2026-05-18,0.0004092183281597,0.0035445080429781,0.002955330307617967,2127.645263671875,2128.51611328125,2135.200100602074,ensemble
ETH,phase0,lstm,phase0_lstm,2026-05-18,2026-05-19,-0.0087542537236926,0.0033869091421365,0.0025277958506073656,2128.51611328125,2109.9638671875,2135.7374260265206,ensemble
ETH,phase0,lstm,phase0_lstm,2026-05-19,2026-05-20,0.0080339082480059,0.00307699773693454,0.0023276511565436427,2109.9638671875,2126.9833984375,2116.466219963929,ensemble
ETH,phase0,lstm,phase0_lstm,2026-05-20,2026-05-21,0.0020793039085529,0.00268883317476134,0.0025480706832142364,2126.9833984375,2131.41064453125,2132.7101977150146,ensemble
ETH,phase0,lstm,phase0_lstm,2026-05-21,2026-05-22,-0.0318296288802969,0.00241190674132662,0.0028402619206631605,2131.41064453125,2064.636962890625,2136.557612741874,ensemble
ETH,phase0,lstm,phase0_lstm,2026-05-22,2026-05-23,0.0245501473754652,0.000348424151889,0.0007362778529338497,2064.636962890625,2115.951416015625,2065.3564576107688,ensemble
ETH,phase0,lstm,phase0_lstm,2026-05-23,2026-05-24,-0.0085229526741993,0.0002214339270722,0.0007919372984609488,2115.951416015625,2097.993896484375,2116.4200113267025,ensemble
ETH,phase0,lstm,phase0_lstm,2026-05-24,2026-05-25,0.0063555962617687,5.144090973770001e-05,0.0008700915633960266,2097.993896484375,2111.370361328125,2098.101821974903,ensemble
ETH,phase0,lstm,phase0_lstm,2026-05-25,2026-05-26,-0.0193741083637812,-0.00012213289228384648,0.0009351318210442333,2111.370361328125,2070.858154296875,2111.1125093056407,ensemble
ETH,phase0,lstm,phase0_lstm,2026-05-26,2026-05-27,-0.0237779302438843,-0.00026384724187664,0.000992385904251895,2070.858154296875,2022.1982421875,2070.3118361599822,ensemble
ETH,phase0,lstm,phase0_lstm,2026-05-27,2026-05-28,-0.0072687232435778,-0.0003615626890678,0.0010942392495602788,2022.1982421875,2007.552734375,2021.467222915837,ensemble
ETH,phase0,lstm,phase0_lstm,2026-05-28,2026-05-29,0.0022021388879798,-0.00041901885415425997,0.001159895368551314,2007.552734375,2011.978515625,2006.711708143817,ensemble
ETH,phase0,lstm,phase0_lstm,2026-05-29,2026-05-30,0.0037107092790728,-0.0004265496332664,0.0012475756532068618,2011.978515625,2019.458251953125,2011.1204899353015,ensemble
ETH,phase0,lstm,phase0_lstm,2026-05-30,2026-05-31,-0.0075136791444324,-0.00048131464864125995,0.0013177952648078001,2019.458251953125,2004.341552734375,2018.4864909942928,ensemble
ETH,phase0,lstm,phase0_lstm,2026-05-31,2026-06-01,-0.0005591235515652,-0.0005564560764469,0.0014000956297248754,2004.341552734375,2003.22119140625,2003.2265349560614,ensemble
ETH,phase0,lstm,phase0_lstm,2026-06-01,2026-06-02,-0.0754085383512764,-0.000620495196926638,0.0015072248531034483,2003.22119140625,1857.71630859375,2001.9785878332434,ensemble
ETH,phase0,lstm,phase0_lstm,2026-06-02,2026-06-03,-0.0250644830015835,-0.00068791224621234,0.0016381484571707477,1857.71630859375,1811.7322998046875,1856.4388022515875,ensemble
ETH,phase0,lstm,phase0_lstm,2026-06-03,2026-06-04,-0.0235409089196176,-0.0007745154784061,0.0017490064581919295,1811.7322998046875,1769.58056640625,1810.3296283612515,ensemble
ETH,phase0,lstm,phase0_lstm,2026-06-04,2026-06-05,-0.1127730163581579,-0.0008718713419511601,0.0018635938174081691,1769.58056640625,1580.86083984375,1768.0383922095616,ensemble
ETH,phase0,lstm,phase0_lstm,2026-06-05,2026-06-06,-0.0076791271868011,-0.00117757297120986,0.0020353262136206395,1580.86083984375,1568.7677001953125,1579.000356489952,ensemble
ETH,phase0,lstm,phase0_lstm,2026-06-06,2026-06-07,0.0723034430725498,-0.0015750431455671399,0.0023116491855893454,1568.7677001953125,1686.396240234375,1566.2987682297198,ensemble
ETH,phase0,lstm,phase0_lstm,2026-06-07,2026-06-08,0.0022225802428663,-0.0019594579469412203,0.0026470408936684095,1686.396240234375,1690.1485595703125,1683.095053044728,ensemble
ETH,phase0,lstm,phase0_lstm,2026-06-08,2026-06-09,-0.0315195419215522,-0.0022787305526435,0.0029657986021595336,1690.1485595703125,1637.7066650390625,1686.3015512215122,ensemble
ETH,phase0,lstm,phase0_lstm,2026-06-09,2026-06-10,-0.0107857454824715,-0.00251316297799346,0.0032403019807518765,1637.7066650390625,1620.1376953125,1633.5960088177596,ensemble
ETH,phase0,lstm,phase0_lstm,2026-06-10,2026-06-11,0.0316772045187946,-0.00290336012840266,0.003462518376182948,1620.1376953125,1672.2806396484375,1615.4406739970734,ensemble
ETH,phase0,lstm,phase0_lstm,2026-06-11,2026-06-12,-0.0042864654394683,-0.00306979557499286,0.0037041513844859224,1672.2806396484375,1665.1278076171875,1667.1549513735126,ensemble
ETH,phase0,lstm,phase0_lstm,2026-06-12,2026-06-13,0.0090196413020536,-0.00303858905099328,0.003928184678146291,1665.1278076171875,1680.214599609375,1660.0758477944305,ensemble
ETH,phase0,lstm,phase0_lstm,2026-06-13,2026-06-14,0.0260813174474448,-0.0028766135685145597,0.0041094230422962326,1680.214599609375,1724.61328125,1675.388216641643,ensemble
ETH,phase0,lstm,phase0_lstm,2026-06-14,2026-06-15,0.0399805553119012,-0.00265464335680004,0.0042172528526949115,1724.61328125,1794.961181640625,1720.0411194743742,ensemble
ETH,phase0,lstm,phase0_lstm,2026-06-15,2026-06-16,-0.002545346375384,-0.00234541771933432,0.004187309565606122,1794.961181640625,1790.398193359375,1790.7561810487734,ensemble
ETH,phase0,lstm,phase0_lstm,2026-06-16,2026-06-17,-0.0240312789660825,-0.00205174363218242,0.0040380073226433276,1790.398193359375,1747.885498046875,1786.7285211676915,ensemble
ETH,phase0,lstm,phase0_lstm,2026-06-17,2026-06-18,-0.0221862751067949,-0.0019524420611559997,0.0038504883492116275,1747.885498046875,1709.533447265625,1744.4761822112569,ensemble
ETH,phase0,lstm,phase0_lstm,2026-06-18,2026-06-19,0.0008472258287815,-0.00180091070942578,0.0036228981409890362,1709.533447265625,1710.982421875,1706.457500756174,ensemble
ETH,phase0,lstm,phase0_lstm,2026-06-19,2026-06-20,0.0164158122645686,-0.0015662984456866799,0.0034335661027227746,1710.982421875,1739.3013916015625,1708.304610440418,ensemble
ETH,phase0,lstm,phase0_lstm,2026-06-20,2026-06-21,-0.0201644551603129,-0.00131789543665944,0.0032727119767961364,1739.3013916015625,1704.58056640625,1737.0106840226788,ensemble
ETH,phase0,lstm,phase0_lstm,2026-06-21,2026-06-22,0.012783452112487,-0.00106592835509214,0.0031246572031298405,1704.58056640625,1726.5108642578125,1702.7645736779941,ensemble
ETH,phase0,lstm,phase0_lstm,2026-06-22,2026-06-23,-0.0360151185751902,-0.00087454252061434,0.002959364769933459,1726.5108642578125,1665.436767578125,1725.0016171412976,ensemble
ETH,phase0,lstm,phase0_lstm,2026-06-23,2026-06-24,-0.027707605238555,-0.00094952292274682,0.002791269978334296,1665.436767578125,1619.9249267578125,1663.856147727071,ensemble
ETH,phase0,lstm,phase0_lstm,2026-06-24,2026-06-25,-0.0346111458341076,-0.0011851686896989,0.0026964146472296547,1619.9249267578125,1564.816650390625,1618.0061796990185,ensemble
ETH,phase0,lstm,phase0_lstm,2026-06-25,2026-06-26,0.0075121735497433,-0.0014570840234227882,0.002575173655892143,1564.816650390625,1576.6160888671875,1562.538241369553,ensemble
ETH,phase0,lstm,phase0_lstm,2026-06-26,2026-06-27,-0.0031940978117993,-0.0017062437545973398,0.002449156252345452,1576.6160888671875,1571.5882568359375,1573.928291183241,ensemble
ETH,phase0,lstm,phase0_lstm,2026-06-27,2026-06-28,-0.0007810761173124,-0.00186316892504688,0.0023810612394549436,1571.5882568359375,1570.3612060546875,1568.6628485440149,ensemble
ETH,phase0,lstm,phase0_lstm,2026-06-28,2026-06-29,0.0250563430147941,-0.00186051761265842,0.0023059267970271906,1570.3612060546875,1610.205810546875,1567.4422376106945,ensemble
ETH,phase0,lstm,phase0_lstm,2026-06-29,2026-06-30,-0.025551475094469,-0.0017283461638725802,0.002237850047232923,1610.205810546875,1569.5838623046875,1607.4252211138878,ensemble
ETH,phase0,lstm,phase0_lstm,2026-06-30,2026-07-01,0.0247779101060913,-0.0014484884100965801,0.0022057655274946592,1569.5838623046875,1608.960693359375,1567.311984063338,ensemble
ETH,phase0,lstm,phase0_lstm,2026-07-01,2026-07-02,0.0539624286481777,-0.00112201588926834,0.0021533578037849993,1608.960693359375,1698.16943359375,1607.1564262936613,ensemble
ETH,phase0,lstm,phase0_lstm,2026-07-02,2026-07-03,0.0337829584823897,-0.0008473511319607201,0.0021238767168391026,1698.16943359375,1756.5186767578125,1696.7310972759476,ensemble
ETH,phase0,lstm,phase0_lstm,2026-07-03,2026-07-04,0.0127361095972148,-0.0006363261025398601,0.0020947446144434054,1756.5186767578125,1779.032958984375,1755.4013136155622,ensemble
ETH,phase0,lstm,phase0_lstm,2026-07-04,2026-07-05,0.0022307583802167,-0.00050356019055468,0.0020699565783047795,1779.032958984375,1783.0059814453125,1778.1373343279324,ensemble
ETH,phase0,lstm,phase0_lstm,2026-07-05,2026-07-06,0.0081371345293737,-0.00037092582788315995,0.0020273427509433124,1783.0059814453125,1797.57373046875,1782.3447411186635,ensemble
ETH,phase0,lstm,phase0_lstm,2026-07-06,2026-07-07,-0.0162996101421938,-0.00024471598444506003,0.0019687145003996044,1797.57373046875,1768.511474609375,1797.1338892639674,ensemble
ETH,phase0,lstm,phase0_lstm,2026-07-07,2026-07-08,-0.0147154299263924,-0.00018274569883939995,0.0018851692730854925,1768.511474609375,1742.6776123046875,1768.1883162728393,ensemble
ETH,phase0,lstm,phase0_lstm,2026-07-08,2026-07-09,0.0010363767887721,-0.00017762866336852007,0.0017181300127800422,1742.6776123046875,1744.484619140625,1742.3680903005354,ensemble
ETH,phase0,lstm,phase0_lstm,2026-07-09,2026-07-10,0.0289319871755302,-7.054756861177996e-05,0.0015523894313705915,1744.484619140625,1795.6932373046875,1744.3615543332764,ensemble
ETH,phase0,lstm,phase0_lstm,2026-07-10,2026-07-11,-0.0042377668681416,8.822893141771999e-05,0.0013971634406243437,1795.6932373046875,1788.099609375,1795.8516763895218,ensemble
ETH,phase0,lstm,phase0_lstm,2026-07-11,2026-07-12,0.0098437240641505,0.00021734519978052004,0.001259038033946339,1788.099609375,1805.7880859375,1788.4882864788483,ensemble
ETH,phase0,lstm,phase0_lstm,2026-07-12,2026-07-13,-0.0180417009925125,0.00034691253094936,0.0012491686920213859,1805.7880859375,1773.500732421875,1806.4146451270842,ensemble
ETH,phase0,lstm,phase0_lstm,2026-07-13,2026-07-14,0.0633461757860125,0.00040244465344586,0.0011863635601164642,1773.500732421875,1889.4798583984373,1774.2146119483846,ensemble
ETH,phase0,lstm,phase0_lstm,2026-07-14,2026-07-15,0.0144305241755588,0.0005133623897563397,0.0011270284050428595,1889.4798583984373,1916.9437255859373,1890.450095314204,ensemble
ETH,phase0,lstm,phase0_lstm,2026-07-15,2026-07-16,-0.0284402326891384,0.0007018190721282399,0.001155169648828956,1916.9437255859373,1863.193359375,1918.289545458537,ensemble
ETH,phase0,lstm,phase0_lstm,2026-07-16,2026-07-17,-0.011989404987594,0.0008600351779023,0.0012045023720506994,1863.193359375,1840.9881591796875,1864.796460470152,ensemble
ETH,phase0,lstm,phase0_lstm,2026-07-17,2026-07-18,0.0110221726895365,0.00093365826760416,0.0012060710231730466,1840.9881591796875,1861.39208984375,1842.707815655889,ensemble
ETH,phase0,lstm,phase0_lstm,2026-07-18,2026-07-19,0.0054201709795738,0.00091199918242636,0.0010406855385958799,1861.39208984375,1871.508544921875,1863.0904522427054,ensemble
ETH,phase0,lstm,phase0_lstm,2026-07-19,2026-07-20,0.0170854918812539,0.00089474878623148,0.0009590614373668911,1871.508544921875,1903.7589111328125,1873.183824286189,ensemble
ETH,phase0,lstm,phase0_lstm,2026-07-20,2026-07-21,0.0128519310477648,0.000945086797582889,0.0008930341450714781,1903.7589111328125,1928.3837890625,1905.55897902172,ensemble
ETH,phase0,lstm,phase0_lstm,2026-07-21,2026-07-22,0.0026444810723667,0.0010930171345989643,0.0009038168582670717,1928.3837890625,1933.4901123046875,1930.4926979128252,ensemble
ETH,phase0,lstm,phase0_lstm,2026-07-22,2026-07-23,-0.0295985684211487,0.00130078177244281,0.0009971457007803977,1933.4901123046875,1877.1002197265625,1936.0067974742099,ensemble
ETH,phase0,lstm,phase0_lstm,2026-07-23,2026-07-24,-0.0090566354547485,0.0014502881560474,0.0009955298429587948,1877.1002197265625,1860.1767578125,1879.8245309836088,ensemble
ETH,phase0,lstm,phase0_lstm,2026-07-24,2026-07-25,0.0069886485747689,0.00152275887085118,0.0009929671938603097,1860.1767578125,1873.222412109375,1863.011516250821,ensemble
ETH,phase0,lstm,phase0_lstm,2026-07-25,2026-07-26,0.0419170428366946,0.00150795342924534,0.0010357703892007713,1873.222412109375,1953.4112548828125,1876.0492751226695,ensemble
ETH,phase0,lstm,phase0_lstm,2026-07-26,2026-07-27,-0.0326758126996198,0.0014945170834834635,0.0010879661427333374,1953.4112548828125,1890.613525390625,1956.332844012936,ensemble
ETH,phase0,lstm,phase0_lstm,2026-07-27,2026-07-28,0.015396962638548,0.001525987376226059,0.0011046848201564327,1890.613525390625,1919.948486328125,1893.5007801605777,ensemble
ETH,phase0,lstm,phase0_lstm,2026-07-28,2026-07-29,-0.0059707845121414,0.0015770206315209802,0.0011149855114820683,1919.948486328125,1908.51904296875,1922.9786734082886,ensemble
ETH,phase0,lstm,phase0_lstm,2026-07-29,2026-07-30,0.0046284096447549,0.00156046876218166,0.0010721596226741556,1908.51904296875,1917.3729248046875,1911.499552208303,ensemble
ETH,phase0,lstm,phase0_lstm,2026-07-30,2026-07-31,-0.0301935171908472,0.00155489272437986,0.0010855897087001171,1917.3729248046875,1860.345947265625,1920.3565530251713,ensemble
ETH,phase0,lstm,phase0_lstm,2026-07-31,2026-08-01,-0.0091411558801774,0.00159628445981066,0.0011219397598856231,1860.345947265625,1843.417724609375,1863.317960048939,ensemble
ETH,phase0,lstm,phase0_lstm,2026-08-01,2026-08-02,0.0209910449816346,0.00154758453718382,0.001132973119801469,1843.417724609375,1882.52197265625,1846.2727780239845,ensemble
ETH,phase0,lstm,phase0_lstm,2026-08-02,2026-08-03,-0.0129736864450064,0.0014753214025403998,0.0011560952026744614,1882.52197265625,1858.2564697265625,1885.3013473446179,ensemble
ETH,phase0,lstm,phase0_lstm,2026-08-03,2026-08-04,0.0054362176829138,0.0014112742734141333,0.0011993512936987645,1858.2564697265625,1868.3858642578125,1860.8808306866695,ensemble
ETH,phase0,lstm,phase0_lstm,2026-08-04,2026-08-05,0.0202078543669882,0.0013509054231689963,0.0012887554456731752,1868.3858642578125,1906.5260009765625,1870.9115824735197,ensemble
ETH,phase0,lstm,phase0_lstm,2026-08-05,2026-08-06,-0.0023465458558861,0.0013864994740288138,0.0014268036052695527,1906.5260009765625,1902.0574951171875,1909.1712316558496,ensemble
ETH,phase0,lstm,phase0_lstm,2026-08-06,2026-08-07,0.0058825505802162,0.00152929902251344,0.0015342129671390425,1902.0574951171875,1913.2794189453125,1904.9685351432167,ensemble
ETH,phase0,lstm,phase0_lstm,2026-08-07,2026-08-08,0.0011771484611133,0.00169806076446544,0.0016340106832796915,1913.2794189453125,1915.532958984375,1916.5310436048965,ensemble
ETH,phase0,lstm,phase0_lstm,2026-08-08,2026-08-09,-0.003582552655913,0.0017673146212473401,0.0017352713271877067,1915.532958984375,1908.6827392578125,1918.9213016421002,ensemble
ETH,phase0,lstm,phase0_lstm,2026-08-09,2026-08-10,-0.0197913520463313,0.00177646096562966,0.0018463274184715409,1908.6827392578125,1871.2786865234373,1912.0764531475077,ensemble
ETH,phase0,lstm,phase0_lstm,2026-08-10,2026-08-11,0.0053801271136948,0.00177566087222654,0.0019032234809153153,1871.2786865234373,1881.37353515625,1874.6043946592113,ensemble
ETH,phase0,lstm,phase0_lstm,2026-08-11,2026-08-12,-0.0017228455012013,0.0017703415738651001,0.0019422560039782206,1881.37353515625,1878.135009765625,1884.707158897195,ensemble
ETH,phase0,lstm,phase0_lstm,2026-08-12,2026-08-13,0.0031133074431306,0.0018067199853248402,0.001964851896876072,1878.135009765625,1883.9913330078125,1881.5313410088047,ensemble
ETH,phase0,lstm,phase0_lstm,2026-08-13,2026-08-14,-0.0017751010807604,0.00180078832781868,0.0019867394481882113,1883.9913330078125,1880.6500244140625,1887.3870591843868,ensemble
ETH,phase0,lstm,phase0_lstm,2026-08-14,2026-08-15,0.0001373371127861,0.0017923761974088601,0.002012899612069605,1880.6500244140625,1880.9083251953125,1884.023879458976,ensemble
ETH,phase0,lstm,phase0_lstm,2026-08-15,2026-08-16,-0.003710048377518,0.00176918596262108,0.0020279903675022473,1880.9083251953125,1873.9429931640625,1884.2389471773113,ensemble
ETH,phase0,lstm,phase0_lstm,2026-08-16,2026-08-17,0.0202107717270595,0.0017352183378534,0.0020461080030014494,1873.9429931640625,1912.2021484375,1877.1975162473507,ensemble
ETH,phase0,lstm,phase0_lstm,2026-08-17,2026-08-18,0.0022239875598747,0.00167149261396842,0.0019710067056984805,1912.2021484375,1916.4595947265625,1915.4010529328646,ensemble
ETH,phase0,lstm,phase0_lstm,2026-08-18,2026-08-19,0.1610984870542504,0.0015760945592773802,0.0018570450810948993,1916.4595947265625,2251.4580078125,1919.482497831695,ensemble
ETH,phase0,lstm,phase0_lstm,2026-08-19,2026-08-20,0.0327374500344778,0.0016420442203525201,0.0018133399172499183,2251.4580078125,2326.384765625,2255.158038397144,ensemble
ETH,phase0,lstm,phase0_lstm,2026-08-20,2026-08-21,0.0780693605915992,0.0017512468853965201,0.0017421517718132838,2326.384765625,2515.28173828125,2330.462409138154,ensemble
ETH,phase0,lstm,phase0_lstm,2026-08-21,2026-08-22,-0.0368621187101773,0.002073692372505275,0.0015046809098795198,2515.28173828125,2424.251220703125,2520.5030706841503,ensemble
ETH,phase0,lstm,phase0_lstm,2026-08-22,2026-08-23,0.0161886325230095,0.0023301769047974997,0.001327569582349923,2424.251220703125,2463.81591796875,2429.9067415320515,ensemble
ETH,phase0,lstm,phase0_lstm,2026-08-23,2026-08-24,0.0072853803568115,0.0024282174301333203,0.0011841083184008553,2463.81591796875,2481.831298828125,2469.805868233039,ensemble
ETH,phase0,lstm,phase0_lstm,2026-08-24,2026-08-25,-0.0157046670742771,0.0025351146701723002,0.0009415421313060065,2481.831298828125,2443.159423828125,2488.131007630862,ensemble
ETH,phase0,lstm,phase0_lstm,2026-08-25,2026-08-26,0.0254999480890524,0.00266999942250546,0.0009850604516455736,2443.159423828125,2506.260986328125,2449.6913743504297,ensemble
ETH,phase0,lstm,phase0_lstm,2026-08-26,2026-08-27,0.0016541530230063,0.0027814067201688197,0.0011923555390999942,2506.260986328125,2510.41015625,2513.2416209697344,ensemble
ETH,phase0,lstm,phase0_lstm,2026-08-27,2026-08-28,-0.0274093504142575,0.00288722265977408,0.0012637046811632096,2510.41015625,2442.535888671875,2517.668742874011,ensemble
ETH,phase0,lstm,phase0_lstm,2026-08-28,2026-08-29,0.0061835722465449,0.0032141645206137997,0.0012234649520903237,2442.535888671875,2457.686279296875,2450.399231134162,ensemble
ETH,phase0,lstm,phase0_lstm,2026-08-29,2026-08-30,-0.0163049615873888,0.0033844213001429395,0.0010465222576622889,2457.686279296875,2417.938720703125,2466.0182165294714,ensemble
ETH,phase0,lstm,phase0_lstm,2026-08-30,2026-08-31,0.0200145895501371,0.0035680931527167004,0.0009198513121183618,2417.938720703125,2466.8203125,2426.5815613568934,ensemble
ETH,phase0,xgb,phase0_xgb,2025-10-31,2025-11-01,0.0070215866872251,-0.0004756804035423792,0.001665938171794652,3847.080322265625,3874.18798828125,3845.2507767194493,ensemble
ETH,phase0,xgb,phase0_xgb,2025-11-01,2025-11-02,0.0094731740475304,-0.00118168267945292,0.0017958768291083172,3874.18798828125,3911.063232421875,3869.6126312810225,ensemble
ETH,phase0,xgb,phase0_xgb,2025-11-02,2025-11-03,-0.0822344830552394,-0.01446277014911172,0.0023354545233709467,3911.063232421875,3602.30810546875,3854.9055009148533,ensemble
ETH,phase0,xgb,phase0_xgb,2025-11-03,2025-11-04,-0.0899050101356721,0.0045486272370908205,0.0055953600970034476,3602.30810546875,3292.574462890625,3618.7309846957755,ensemble
ETH,phase0,xgb,phase0_xgb,2025-11-04,2025-11-05,0.0394816688100728,-0.00621526059694582,0.007535182786622976,3292.574462890625,3425.171142578125,3272.173718213625,ensemble
ETH,phase0,xgb,phase0_xgb,2025-11-05,2025-11-06,-0.0335213636698541,0.00605341116024645,0.005943526791874602,3425.171142578125,3312.2578125,3445.9679942390885,ensemble
ETH,phase0,xgb,phase0_xgb,2025-11-06,2025-11-07,0.0364744811598151,0.01192500926554196,0.001850916552931718,3312.2578125,3435.301025390625,3351.992967771485,ensemble
ETH,phase0,xgb,phase0_xgb,2025-11-07,2025-11-08,-0.0102185497413461,-0.00011785762071665016,0.0027349181824387722,3435.301025390625,3400.3759765625,3434.8961728432746,ensemble
ETH,phase0,xgb,phase0_xgb,2025-11-08,2025-11-09,0.0522087429098387,0.0048545440891756995,0.002250927719724926,3400.3759765625,3582.621337890625,3416.923384223359,ensemble
ETH,phase0,xgb,phase0_xgb,2025-11-09,2025-11-10,-0.0039606305321747,-0.00130114492494612,0.004192439225462915,3582.621337890625,3568.4599609375,3577.962859653708,ensemble
ETH,phase0,xgb,phase0_xgb,2025-11-10,2025-11-11,-0.0438739864099317,-0.0026456967461854003,0.0032286278785443423,3568.4599609375,3415.2822265625,3559.0313761178245,ensemble
ETH,phase0,xgb,phase0_xgb,2025-11-11,2025-11-12,-0.000640851706814,-0.011069031432270959,0.0023136341430158155,3415.2822265625,3413.09423828125,3377.686816493667,ensemble
ETH,phase0,xgb,phase0_xgb,2025-11-12,2025-11-13,-0.0542839228098472,0.0034292410826310196,0.0043972409039334005,3413.09423828125,3232.757080078125,3424.8186526942177,ensemble
ETH,phase0,xgb,phase0_xgb,2025-11-13,2025-11-14,-0.0407128161836017,0.010003207996487561,0.004498526525204065,3232.757080078125,3103.78564453125,3265.2573037925977,ensemble
ETH,phase0,xgb,phase0_xgb,2025-11-14,2025-11-15,0.0200458143866448,0.0189858933910727,0.0023821563946275722,3103.78564453125,3166.63134765625,3163.276746725667,ensemble
ETH,phase0,xgb,phase0_xgb,2025-11-15,2025-11-16,-0.0235761973164414,-0.006793630650645319,0.004162095037986919,3166.63134765625,3092.847412109375,3145.191334100899,ensemble
ETH,phase0,xgb,phase0_xgb,2025-11-16,2025-11-17,-0.0223335360686421,-0.00632593660266134,0.00446245827310036,3092.847412109375,3024.538818359375,3073.344009143714,ensemble
ETH,phase0,xgb,phase0_xgb,2025-11-17,2025-11-18,0.0320287321061959,0.01011709710583086,0.0039645140164346225,3024.538818359375,3122.97900390625,3055.2936839384247,ensemble
ETH,phase0,xgb,phase0_xgb,2025-11-18,2025-11-19,-0.0325142190008236,0.00995937092229718,0.0038337529914411177,3122.97900390625,3023.07080078125,3154.2373083397433,ensemble
ETH,phase0,xgb,phase0_xgb,2025-11-19,2025-11-20,-0.0653684988267085,0.00509443776390978,0.0036305230028764878,3023.07080078125,2831.777587890625,3038.510942859631,ensemble
ETH,phase0,xgb,phase0_xgb,2025-11-20,2025-11-21,-0.0236111523857895,0.00492329327389594,0.005255881482399346,2831.777587890625,2765.69921875,2845.7536353021387,ensemble
ETH,phase0,xgb,phase0_xgb,2025-11-21,2025-11-22,0.0006897153274086,0.01185951922088856,0.0029832267293973215,2765.69921875,2767.607421875,2798.694348255699,ensemble
ETH,phase0,xgb,phase0_xgb,2025-11-22,2025-11-23,0.0122346182602878,0.01108663547784084,0.0053491285933196155,2767.607421875,2801.676025390625,2798.461594959892,ensemble
ETH,phase0,xgb,phase0_xgb,2025-11-23,2025-11-24,0.0525067184643922,0.0006450262095313399,0.006045277831622583,2801.676025390625,2952.71337890625,2803.48376281395,ensemble
ETH,phase0,xgb,phase0_xgb,2025-11-24,2025-11-25,0.0017672851723719,0.00419511595391662,0.0024277377394824056,2952.71337890625,2957.936279296875,2965.126372678866,ensemble
ETH,phase0,xgb,phase0_xgb,2025-11-25,2025-11-26,0.023348428095094,0.00120047704549504,0.0034335072823860353,2957.936279296875,3027.81201171875,2961.489346163108,ensemble
ETH,phase0,xgb,phase0_xgb,2025-11-26,2025-11-27,-0.0043922604267135,-0.011261931248009161,0.0014718893773903226,3027.81201171875,3014.542236328125,2993.90429259035,ensemble
ETH,phase0,xgb,phase0_xgb,2025-11-27,2025-11-28,0.005874882913213,-0.00685272114351386,0.003195828004044684,3014.542236328125,3032.304443359375,2993.955038733483,ensemble
ETH,phase0,xgb,phase0_xgb,2025-11-28,2025-11-29,-0.013485997805236,-0.00260448860935864,0.0023261920334464677,3032.304443359375,2991.685302734375,3024.417116661358,ensemble
ETH,phase0,xgb,phase0_xgb,2025-11-29,2025-11-30,0.0001428009786007,-0.0035160137340426003,0.0032728070171823688,2991.685302734375,2992.112548828125,2981.184966602456,ensemble
ETH,phase0,xgb,phase0_xgb,2025-11-30,2025-12-01,-0.0662927736435053,0.00099617688683796,0.0073282922927406504,2992.112548828125,2800.18896484375,2995.0947073241523,ensemble
ETH,phase0,xgb,phase0_xgb,2025-12-01,2025-12-02,0.068238382808925,0.00497948988340792,0.004914112126057631,2800.18896484375,2997.939697265625,2814.1672509499526,ensemble
ETH,phase0,xgb,phase0_xgb,2025-12-02,2025-12-03,0.0625882304633783,0.00247517129173502,0.005298635616984065,2997.939697265625,3191.57177734375,3005.369302518359,ensemble
ETH,phase0,xgb,phase0_xgb,2025-12-03,2025-12-04,-0.0181024175452983,0.0009136448497883799,0.0034415887556513256,3191.57177734375,3134.31640625,3194.4890729439667,ensemble
ETH,phase0,xgb,phase0_xgb,2025-12-04,2025-12-05,-0.0356875080281464,-0.01161878854036326,0.004212046070319231,3134.31640625,3024.432861328125,3098.1101901989528,ensemble
ETH,phase0,xgb,phase0_xgb,2025-12-05,2025-12-06,0.0052022663489112,0.0073863823898136,0.0024557875488425912,3024.432861328125,3040.207763671875,3046.855186945537,ensemble
ETH,phase0,xgb,phase0_xgb,2025-12-06,2025-12-07,0.0069143801565508,-0.013282250892370881,0.004267938383992088,3040.207763671875,3061.3017578125,3000.0939519775375,ensemble
ETH,phase0,xgb,phase0_xgb,2025-12-07,2025-12-08,0.0206574040037443,-0.00470157565141556,0.0035945130689854425,3061.3017578125,3125.197998046875,3046.942597795425,ensemble
ETH,phase0,xgb,phase0_xgb,2025-12-08,2025-12-09,0.0608029264224186,0.00251075628912076,0.0034943469215205263,3125.197998046875,3321.114990234375,3133.0544672878,ensemble
ETH,phase0,xgb,phase0_xgb,2025-12-09,2025-12-10,0.0012864345975214,-0.00767463588854294,0.004020908137105832,3321.114990234375,3325.39013671875,3295.7241991051837,ensemble
ETH,phase0,xgb,phase0_xgb,2025-12-10,2025-12-11,-0.0269224534884862,0.00017180915456264007,0.0035572294039650197,3325.39013671875,3237.056884765625,3325.9615182696157,ensemble
ETH,phase0,xgb,phase0_xgb,2025-12-11,2025-12-12,-0.0483811252686677,-0.00809637457132336,0.002671881428013774,3237.056884765625,3084.172607421875,3210.9542705769236,ensemble
ETH,phase0,xgb,phase0_xgb,2025-12-12,2025-12-13,0.0104898229476874,-0.01175951110199092,0.007122987791506819,3084.172607421875,3116.6953125,3048.116661057288,ensemble
ETH,phase0,xgb,phase0_xgb,2025-12-13,2025-12-14,-0.018163993601147,0.00040997401811184,0.0021768046430214083,3116.6953125,3060.5947265625,3117.973338561335,ensemble
ETH,phase0,xgb,phase0_xgb,2025-12-14,2025-12-15,-0.0320077701658808,-0.0097738868556916,0.002800127060147688,3060.5947265625,2964.18310546875,3030.826532450961,ensemble
ETH,phase0,xgb,phase0_xgb,2025-12-15,2025-12-16,-7.412721688312701e-07,0.00310259233228858,0.0030854184773501095,2964.18310546875,2964.180908203125,2973.3940387399834,ensemble
ETH,phase0,xgb,phase0_xgb,2025-12-16,2025-12-17,-0.0458281928487593,0.030302352458238556,0.004618551407540896,2964.180908203125,2831.403564453125,3055.377317516507,ensemble
ETH,phase0,xgb,phase0_xgb,2025-12-17,2025-12-18,-0.0015320294953636,-0.00759107980411496,0.006431458481420732,2831.403564453125,2827.069091796875,2809.991527101243,ensemble
ETH,phase0,xgb,phase0_xgb,2025-12-18,2025-12-19,0.0520015780613912,-0.00925111998803908,0.004742801026327455,2827.069091796875,2977.970703125,2801.0361390639373,ensemble
ETH,phase0,xgb,phase0_xgb,2025-12-19,2025-12-20,-0.0001303602133292,-0.00807703579775984,0.0026481662695266098,2977.970703125,2977.58251953125,2954.0144053279078,ensemble
ETH,phase0,xgb,phase0_xgb,2025-12-20,2025-12-21,0.0080383309849244,-0.0105980210937559,0.0027908534525585946,2977.58251953125,3001.61376953125,2946.1926661483794,ensemble
ETH,phase0,xgb,phase0_xgb,2025-12-21,2025-12-22,0.0014847515809792,0.00410432276548814,0.0031473879281497747,3001.61376953125,3006.07373046875,3013.958677672863,ensemble
ETH,phase0,xgb,phase0_xgb,2025-12-22,2025-12-23,-0.0143063268401752,-0.0057065722532570005,0.001152550478221909,3006.07373046875,2963.3740234375,2988.968206900341,ensemble
ETH,phase0,xgb,phase0_xgb,2025-12-23,2025-12-24,-0.0060191597554604,-0.0048946013441309,0.003471019583684172,2963.3740234375,2945.590576171875,2948.9049280725103,ensemble
ETH,phase0,xgb,phase0_xgb,2025-12-24,2025-12-25,-0.014365015056822,-0.01345580872148272,0.002973999046256185,2945.590576171875,2903.57958984375,2906.2207432967803,ensemble
ETH,phase0,xgb,phase0_xgb,2025-12-25,2025-12-26,0.0076050389079913,-0.009195287711918321,0.002602233516861693,2903.57958984375,2925.74560546875,2877.002718373795,ensemble
ETH,phase0,xgb,phase0_xgb,2025-12-26,2025-12-27,0.0075770385642638,0.00722765554673966,0.004307869642052437,2925.74560546875,2947.998291015625,2946.9684903849547,ensemble
ETH,phase0,xgb,phase0_xgb,2025-12-27,2025-12-28,0.000193273230984,0.005239637941122,0.0014097225036671047,2947.998291015625,2948.568115234375,2963.485272367771,ensemble
ETH,phase0,xgb,phase0_xgb,2025-12-28,2025-12-29,-0.0047695250401753,0.009970725793391401,0.0016492301114009553,2948.568115234375,2934.538330078125,2978.1145342352484,ensemble
ETH,phase0,xgb,phase0_xgb,2025-12-29,2025-12-30,0.0124887158133864,-0.0068280234932899,0.0027321544869072954,2934.538330078125,2971.416748046875,2914.569484872564,ensemble
ETH,phase0,xgb,phase0_xgb,2025-12-30,2025-12-31,-0.0014748454494985,0.01946296431124206,0.003884716387684654,2971.416748046875,2967.03759765625,3029.8157919359696,ensemble
ETH,phase0,xgb,phase0_xgb,2025-12-31,2026-01-01,0.011179695896671,-0.00855660084635014,0.0019171283702220528,2967.03759765625,3000.394287109375,2941.758148551725,ensemble
ETH,phase0,xgb,phase0_xgb,2026-01-01,2026-01-02,0.040505791423565,-0.00070694646856284,0.0024101467817035215,3000.394287109375,3124.422607421875,2998.2739185456494,ensemble
ETH,phase0,xgb,phase0_xgb,2026-01-02,2026-01-03,0.0004783333560596,-0.007805307162925559,0.003220349605812301,3124.422607421875,3125.91748046875,3100.1304564429142,ensemble
ETH,phase0,xgb,phase0_xgb,2026-01-03,2026-01-04,0.0047211981925699,0.013898542337119502,0.002554751991843576,3125.91748046875,3140.71044921875,3169.6664964431325,ensemble
ETH,phase0,xgb,phase0_xgb,2026-01-04,2026-01-05,0.0268343594600314,0.007205292908474739,0.003365084188053545,3140.71044921875,3226.13037109375,3163.4219110558015,ensemble
ETH,phase0,xgb,phase0_xgb,2026-01-05,2026-01-06,0.0214100727655341,0.00150707749999126,0.002438159365105748,3226.13037109375,3295.94677734375,3230.9960651561382,ensemble
ETH,phase0,xgb,phase0_xgb,2026-01-06,2026-01-07,-0.0399579577460706,0.00185558244120326,0.0030616129878429646,3295.94677734375,3166.843994140625,3302.06835610148,ensemble
ETH,phase0,xgb,phase0_xgb,2026-01-07,2026-01-08,-0.0199206616781398,0.0003828756976873,0.002099072836302692,3166.843994140625,3104.382568359375,3168.056733893823,ensemble
ETH,phase0,xgb,phase0_xgb,2026-01-08,2026-01-09,-0.0068964125191375,0.006599036976695,0.0012479814171708573,3104.382568359375,3083.047119140625,3124.936246370361,ensemble
ETH,phase0,xgb,phase0_xgb,2026-01-09,2026-01-10,-0.0002112169513613,0.00960842175409194,0.002031197622868624,3083.047119140625,3082.39599609375,3112.813109238743,ensemble
ETH,phase0,xgb,phase0_xgb,2026-01-10,2026-01-11,0.0117684321917196,0.00013390254462138,0.0017670339511234574,3082.39599609375,3118.88525390625,3082.808764395904,ensemble
ETH,phase0,xgb,phase0_xgb,2026-01-11,2026-01-12,-0.0085523492401958,0.00197802005568516,0.0029480359049211236,3118.88525390625,3092.3251953125,3125.060576932811,ensemble
ETH,phase0,xgb,phase0_xgb,2026-01-12,2026-01-13,0.0716724478508033,0.00202875707764176,0.001960982531933563,3092.3251953125,3322.095458984375,3098.6051400260576,ensemble
ETH,phase0,xgb,phase0_xgb,2026-01-13,2026-01-14,0.0097733550354151,0.02352900058031076,0.002890739248992689,3322.095458984375,3354.72265625,3401.1878789091083,ensemble
ETH,phase0,xgb,phase0_xgb,2026-01-14,2026-01-15,-0.0112777965317109,0.0052226754836737594,0.0016974966583555534,3354.72265625,3317.101318359375,3372.289116051751,ensemble
ETH,phase0,xgb,phase0_xgb,2026-01-15,2026-01-16,-0.0065388112427793,0.00497521413490172,0.0025380656909811446,3317.101318359375,3295.482177734375,3333.645729593056,ensemble
ETH,phase0,xgb,phase0_xgb,2026-01-16,2026-01-17,0.0040525125455037,-0.00258637373335656,0.001865383234901774,3295.482177734375,3308.8642578125,3286.969841977095,ensemble
ETH,phase0,xgb,phase0_xgb,2026-01-17,2026-01-18,-0.0084086840180541,0.006618738360702961,0.0016907872791005617,3308.8642578125,3281.15771484375,3330.837401634993,ensemble
ETH,phase0,xgb,phase0_xgb,2026-01-18,2026-01-19,-0.0292351847938204,0.01067749261856074,0.0030215563752339298,3281.15771484375,3186.62109375,3316.3799601196324,ensemble
ETH,phase0,xgb,phase0_xgb,2026-01-19,2026-01-20,-0.082047329409018,-0.00091934823431072,0.0032818528480017184,3186.62109375,2935.605712890625,3183.6928255294006,ensemble
ETH,phase0,xgb,phase0_xgb,2026-01-20,2026-01-21,0.0146406740972174,-0.00225002458319062,0.0007993241869722604,2935.605712890625,2978.901123046875,2929.0079532142895,ensemble
ETH,phase0,xgb,phase0_xgb,2026-01-21,2026-01-22,-0.0098736240513318,-0.00859059421345588,0.004157842089337206,2978.901123046875,2949.63330078125,2953.4201971479724,ensemble
ETH,phase0,xgb,phase0_xgb,2026-01-22,2026-01-23,0.001227550418774,0.00268265323247758,0.0035834302428296777,2949.63330078125,2953.25634765625,2957.5567672948887,ensemble
ETH,phase0,xgb,phase0_xgb,2026-01-23,2026-01-24,-0.0015302026847261,-0.0054208100773393605,0.004605464490430265,2953.25634765625,2948.74072265625,2937.290618574759,ensemble
ETH,phase0,xgb,phase0_xgb,2026-01-24,2026-01-25,-0.0460954469109645,-0.00308115010848264,0.0015199882629307957,2948.74072265625,2815.90234375,2939.6691924086567,ensemble
ETH,phase0,xgb,phase0_xgb,2026-01-25,2026-01-26,0.0385097283715548,0.030387899652123417,0.004534077827588805,2815.90234375,2926.45703125,2902.785108264006,ensemble
ETH,phase0,xgb,phase0_xgb,2026-01-26,2026-01-27,0.0321961750433529,-0.00187436167616398,0.004991940750383263,2926.45703125,3022.2109375,2920.9769297941652,ensemble
ETH,phase0,xgb,phase0_xgb,2026-01-27,2026-01-28,-0.0051763213071971,-0.007098077097907621,0.0033064466141888038,3022.2109375,3006.607421875,3000.8350050159124,ensemble
ETH,phase0,xgb,phase0_xgb,2026-01-28,2026-01-29,-0.0647023664323781,-0.0200601644814014,0.002179893285151147,3006.607421875,2818.232666015625,2946.89530231487,ensemble
ETH,phase0,xgb,phase0_xgb,2026-01-29,2026-01-30,-0.0419788679682719,-0.003248435864225,0.004986525205795239,2818.232666015625,2702.375244140625,2809.0926713302333,ensemble
ETH,phase0,xgb,phase0_xgb,2026-01-30,2026-01-31,-0.1000484393792718,-0.00144394090166314,0.0031845060650829873,2702.375244140625,2445.091796875,2698.4759898178536,ensemble
ETH,phase0,xgb,phase0_xgb,2026-01-31,2026-02-01,-0.0751997822029002,0.01219559106975788,0.0021154726593310583,2445.091796875,2267.96484375,2475.0937102371477,ensemble
ETH,phase0,xgb,phase0_xgb,2026-02-01,2026-02-02,0.0331281466529906,0.0318182252347469,0.0070457763976538405,2267.96484375,2344.356689453125,2341.2877768695967,ensemble
ETH,phase0,xgb,phase0_xgb,2026-02-02,2026-02-03,-0.0511047370755369,-0.0236154973506927,0.006134937119169698,2344.356689453125,2227.558837890625,2289.6421387254777,ensemble
ETH,phase0,xgb,phase0_xgb,2026-02-03,2026-02-04,-0.0384643510086561,0.016242717485874837,0.0064521388825350716,2227.558837890625,2143.504150390625,2264.035888025406,ensemble
ETH,phase0,xgb,phase0_xgb,2026-02-04,2026-02-05,-0.1626810863573628,-0.00049475539708506,0.0033450985798478424,2143.504150390625,1821.68310546875,2142.443902446869,ensemble
ETH,phase0,xgb,phase0_xgb,2026-02-05,2026-02-06,0.124587932433777,0.01337054958567018,0.004310826365407637,1821.68310546875,2063.386962890625,1846.203570510851,ensemble
ETH,phase0,xgb,phase0_xgb,2026-02-06,2026-02-07,0.0130780728606268,-0.005931340670213081,0.007856619448744235,2063.386962890625,2090.54931640625,2051.1845360288476,ensemble
ETH,phase0,xgb,phase0_xgb,2026-02-07,2026-02-08,-0.0008548665199209,0.0237092604860663,0.005022200127638578,2090.54931640625,2088.762939453125,2140.7069452858573,ensemble
ETH,phase0,xgb,phase0_xgb,2026-02-08,2026-02-09,0.0070627775205607,0.0114336790516972,0.004674040199005338,2088.762939453125,2103.567626953125,2112.7822373216536,ensemble
ETH,phase0,xgb,phase0_xgb,2026-02-09,2026-02-10,-0.0407860866012557,0.00604779077693816,0.0073318457783833405,2103.567626953125,2019.4974365234373,2116.3281113222247,ensemble
ETH,phase0,xgb,phase0_xgb,2026-02-10,2026-02-11,-0.0398404875978916,-0.0001962368842214398,0.00693088034724683,2019.4974365234373,1940.621337890625,2019.1011755205845,ensemble
ETH,phase0,xgb,phase0_xgb,2026-02-11,2026-02-12,0.003251056309532,-0.0162154614925384,0.004585975850259247,1940.621337890625,1946.940673828125,1909.4070284881718,ensemble
ETH,phase0,xgb,phase0_xgb,2026-02-12,2026-02-13,0.0508619107271356,-0.01233535418286914,0.004831133320042638,1946.940673828125,2048.52734375,1923.0719880460056,ensemble
ETH,phase0,xgb,phase0_xgb,2026-02-13,2026-02-14,0.0181318719779937,0.0050082315690815,0.0025315084922053425,2048.52734375,2086.009765625,2058.8125769798025,ensemble
ETH,phase0,xgb,phase0_xgb,2026-02-14,2026-02-15,-0.0592301606634175,0.01195277962833638,0.0036195675441914378,2086.009765625,1966.04296875,2111.092989143864,ensemble
ETH,phase0,xgb,phase0_xgb,2026-02-15,2026-02-16,0.0160826230924268,-0.00900865355506536,0.002887410506595469,1966.04296875,1997.917724609375,1948.4111076780018,ensemble
ETH,phase0,xgb,phase0_xgb,2026-02-16,2026-02-17,-0.002868787898831,-0.00735427131876344,0.003191247876384618,1997.917724609375,1992.1943359375,1983.2783923816003,ensemble
ETH,phase0,xgb,phase0_xgb,2026-02-17,2026-02-18,-0.0193714031392413,-0.0044476843089796,0.0024363169074080515,1992.1943359375,1953.97412109375,1983.353359958449,ensemble
ETH,phase0,xgb,phase0_xgb,2026-02-18,2026-02-19,-0.0029589012528701,0.015979843586683203,0.004630598937280232,1953.97412109375,1948.2010498046875,1985.4491350478086,ensemble
ETH,phase0,xgb,phase0_xgb,2026-02-19,2026-02-20,0.0106307366647911,-0.0060850646346807,0.002632275522081532,1948.2010498046875,1969.0223388671875,1936.382116451235,ensemble
ETH,phase0,xgb,phase0_xgb,2026-02-20,2026-02-21,0.0023916477643178,-0.00044174492359162,0.003722397290609067,1969.0223388671875,1973.7371826171875,1968.152725332378,ensemble
ETH,phase0,xgb,phase0_xgb,2026-02-21,2026-02-22,-0.0081043810251791,-0.0003899922128766999,0.0027967976686140315,1973.7371826171875,1957.805908203125,1972.96759056291,ensemble
ETH,phase0,xgb,phase0_xgb,2026-02-22,2026-02-23,-0.0536686969675083,-0.00775096407160158,0.0032534946422128172,1957.805908203125,1855.5028076171875,1942.689683286192,ensemble
ETH,phase0,xgb,phase0_xgb,2026-02-23,2026-02-24,-0.0013662367634113,-0.0092376806773245,0.0031650334216476225,1855.5028076171875,1852.969482421875,1838.4411913946744,ensemble
ETH,phase0,xgb,phase0_xgb,2026-02-24,2026-02-25,0.1033052975560529,0.007086416613310541,0.0025168367989423573,1852.969482421875,2054.6279296875,1866.1470318034633,ensemble
ETH,phase0,xgb,phase0_xgb,2026-02-25,2026-02-26,-0.013640230652308,0.00917519135400648,0.003088522615476576,2054.6279296875,2026.7926025390625,2073.5662827514266,ensemble
ETH,phase0,xgb,phase0_xgb,2026-02-26,2026-02-27,-0.0485398835848207,0.0008105142507702199,0.005268607653814304,2026.7926025390625,1930.7618408203125,2028.4360127405027,ensemble
ETH,phase0,xgb,phase0_xgb,2026-02-27,2026-02-28,0.0176033024159378,-0.00950094563886518,0.004362962237171719,1930.7618408203125,1965.050537109375,1912.5046451772012,ensemble
ETH,phase0,xgb,phase0_xgb,2026-02-28,2026-03-01,-0.0133112143616734,-0.02091450989246362,0.0031426895489179156,1965.050537109375,1939.066650390625,1924.379260632816,ensemble
ETH,phase0,xgb,phase0_xgb,2026-03-01,2026-03-02,0.0444827788226515,-0.0017408827668987208,0.005138703009785232,1939.066650390625,2027.2689208984373,1935.6938993090182,ensemble
ETH,phase0,xgb,phase0_xgb,2026-03-02,2026-03-03,-0.0221952153909645,0.00687717704568052,0.005340431720381608,2027.2689208984373,1982.7689208984373,2041.2588586877223,ensemble
ETH,phase0,xgb,phase0_xgb,2026-03-03,2026-03-04,0.0699856488077349,-0.02530998326838012,0.004165748939764831,1982.7689208984373,2126.50537109375,1933.2148246735906,ensemble
ETH,phase0,xgb,phase0_xgb,2026-03-04,2026-03-05,-0.0261560660671297,0.0005132626421982399,0.00377573462503533,2126.50537109375,2071.60546875,2127.5971070088294,ensemble
ETH,phase0,xgb,phase0_xgb,2026-03-05,2026-03-06,-0.0458579463127646,-0.00621956947725264,0.005669509678782858,2071.60546875,1978.751220703125,2058.7609596713273,ensemble
ETH,phase0,xgb,phase0_xgb,2026-03-06,2026-03-07,-0.0047088687763537,0.01028391732834274,0.006358843263402043,1978.751220703125,1969.4554443359373,1999.205529612565,ensemble
ETH,phase0,xgb,phase0_xgb,2026-03-07,2026-03-08,-0.0168207764579134,-0.01391215324401852,0.0028322991882597385,1969.4554443359373,1936.604736328125,1942.2457896927476,ensemble
ETH,phase0,xgb,phase0_xgb,2026-03-08,2026-03-09,0.02867374460359,-0.019270831719040822,0.0074466625494124155,1936.604736328125,1992.938232421875,1899.642047110155,ensemble
ETH,phase0,xgb,phase0_xgb,2026-03-09,2026-03-10,0.0219272344781229,-0.00693083098158234,0.002732815897280289,1992.938232421875,2037.1204833984373,1979.1732707890749,ensemble
ETH,phase0,xgb,phase0_xgb,2026-03-10,2026-03-11,0.0070696510693724,-0.011446578055620141,0.0023131224526723075,2037.1204833984373,2051.5732421875,2013.9353730146101,ensemble
ETH,phase0,xgb,phase0_xgb,2026-03-11,2026-03-12,0.0104556138377322,-0.01226918939501042,0.004792664082400297,2051.5732421875,2073.13623046875,2026.555886685138,ensemble
ETH,phase0,xgb,phase0_xgb,2026-03-12,2026-03-13,0.0093273103225432,-0.00879026483744376,0.0006164320347501612,2073.13623046875,2092.5634765625,2054.992674118886,ensemble
ETH,phase0,xgb,phase0_xgb,2026-03-13,2026-03-14,0.0021592233043722,0.0017280041472986403,0.00707246525653873,2092.5634765625,2097.086669921875,2096.1825609243306,ensemble
ETH,phase0,xgb,phase0_xgb,2026-03-14,2026-03-15,0.0376174725748984,-0.0057011784054338596,0.0011001848934384117,2097.086669921875,2177.476318359375,2085.164821269773,ensemble
ETH,phase0,xgb,phase0_xgb,2026-03-15,2026-03-16,0.0767490852405507,-0.00041426219977435996,0.004983453417263688,2177.476318359375,2351.176025390625,2176.574459045784,ensemble
ETH,phase0,xgb,phase0_xgb,2026-03-16,2026-03-17,-0.0141878287469072,-0.00547942793928082,0.0024581158322102697,2351.176025390625,2318.053466796875,2338.3281574157927,ensemble
ETH,phase0,xgb,phase0_xgb,2026-03-17,2026-03-18,-0.0506029181915626,0.01210646899417038,0.0036946492811983345,2318.053466796875,2203.671630859375,2346.287471424306,ensemble
ETH,phase0,xgb,phase0_xgb,2026-03-18,2026-03-19,-0.0305236071486406,-0.026699552312493303,0.0011687116306312094,2203.671630859375,2137.423828125,2145.613102188802,ensemble
ETH,phase0,xgb,phase0_xgb,2026-03-19,2026-03-20,0.0042359585854312,-0.013937122561037501,0.005246491680964289,2137.423828125,2146.4970703125,2107.840919435079,ensemble
ETH,phase0,xgb,phase0_xgb,2026-03-20,2026-03-21,-0.0330619920061079,0.01109753381460898,0.002922443062785512,2146.4970703125,2076.68994140625,2170.450560634985,ensemble
ETH,phase0,xgb,phase0_xgb,2026-03-21,2026-03-22,-0.0114495680945266,0.00148262857692316,0.005457491933301025,2076.68994140625,2053.04833984375,2079.7711848641597,ensemble
ETH,phase0,xgb,phase0_xgb,2026-03-22,2026-03-23,0.0471397983356827,-0.00954653015360232,0.004136517584780415,2053.04833984375,2152.14599609375,2033.5421085168878,ensemble
ETH,phase0,xgb,phase0_xgb,2026-03-23,2026-03-24,0.0016520306586044,-0.00405394340632482,0.005623551955876676,2152.14599609375,2155.704345703125,2143.4389788256476,ensemble
ETH,phase0,xgb,phase0_xgb,2026-03-24,2026-03-25,0.0056974805873912,0.01374048544093962,0.005473020916870845,2155.704345703125,2168.021484375,2185.529204655025,ensemble
ETH,phase0,xgb,phase0_xgb,2026-03-25,2026-03-26,-0.051313706617151,-0.007793670473620259,0.005414097643005965,2168.021484375,2059.578369140625,2151.1903128438676,ensemble
ETH,phase0,xgb,phase0_xgb,2026-03-26,2026-03-27,-0.0337276698924535,-0.006903679994866199,0.002043997360813375,2059.578369140625,1991.27197265625,2045.4086669786348,ensemble
ETH,phase0,xgb,phase0_xgb,2026-03-27,2026-03-28,0.0007141663784116,-0.00458530923351642,0.0021831921544851487,1991.27197265625,1992.694580078125,1982.1622762421157,ensemble
ETH,phase0,xgb,phase0_xgb,2026-03-28,2026-03-29,-0.005098999439741,0.004478006856515939,0.001167152674070042,1992.694580078125,1982.5596923828125,2001.6378892258274,ensemble
ETH,phase0,xgb,phase0_xgb,2026-03-29,2026-03-30,0.0204472613935491,-0.01307533737272018,0.0018988096311034935,1982.5596923828125,2023.514892578125,1956.8057929211334,ensemble
ETH,phase0,xgb,phase0_xgb,2026-03-30,2026-03-31,0.039340814763852,-0.0064053772948682005,0.005328660817048864,2023.514892578125,2104.708251953125,2010.5949389922673,ensemble
ETH,phase0,xgb,phase0_xgb,2026-03-31,2026-04-01,0.0160386363168273,-0.0011376089969416998,0.002931494588437819,2104.708251953125,2138.737060546875,2102.315278302016,ensemble
ETH,phase0,xgb,phase0_xgb,2026-04-01,2026-04-02,-0.0390385754759657,-0.00139750046655532,0.003407768564503052,2138.737060546875,2056.8525390625,2135.750262019193,ensemble
ETH,phase0,xgb,phase0_xgb,2026-04-02,2026-04-03,-0.0016871461717564,0.0042038857005536195,0.0026646995071384822,2056.8525390625,2053.38525390625,2065.5175125576116,ensemble
ETH,phase0,xgb,phase0_xgb,2026-04-03,2026-04-04,0.005810685555501,0.00916170384734862,0.002456795494871793,2053.38525390625,2065.3515625,2072.2842025794885,ensemble
ETH,phase0,xgb,phase0_xgb,2026-04-04,2026-04-05,0.0209113576842589,0.014808974042534801,0.005190852446351865,2065.3515625,2108.99560546875,2096.1648939644397,ensemble
ETH,phase0,xgb,phase0_xgb,2026-04-05,2026-04-06,-0.0005853459761497,0.00619465359486632,0.0021358350970805103,2108.99560546875,2107.761474609375,2122.1006513801726,ensemble
ETH,phase0,xgb,phase0_xgb,2026-04-06,2026-04-07,0.0616556049703287,-0.00541611714288588,0.0029478259025476215,2107.761474609375,2241.806640625,2096.3764506962084,ensemble
ETH,phase0,xgb,phase0_xgb,2026-04-07,2026-04-08,-0.0232273715270305,0.01739806663244958,0.00359852075278815,2241.806640625,2190.33544921875,2281.151007460786,ensemble
ETH,phase0,xgb,phase0_xgb,2026-04-08,2026-04-09,-0.0005440857898826,-0.0065279316157102005,0.0026845660762817906,2190.33544921875,2189.14404296875,2176.0836571630784,ensemble
ETH,phase0,xgb,phase0_xgb,2026-04-09,2026-04-10,0.0252611274355671,0.013055895082652518,0.002504180319749379,2189.14404296875,2245.148681640625,2217.9126693498783,ensemble
ETH,phase0,xgb,phase0_xgb,2026-04-10,2026-04-11,0.0177650010386669,0.00656855311244722,0.002414166575323289,2245.148681640625,2285.39013671875,2259.94460069284,ensemble
ETH,phase0,xgb,phase0_xgb,2026-04-11,2026-04-12,-0.0416306075771206,0.01287989988923068,0.002760120898016137,2285.39013671875,2192.201171875,2315.0161131349037,ensemble
ETH,phase0,xgb,phase0_xgb,2026-04-12,2026-04-13,0.0782853911386856,0.024867593869566877,0.0040739988527183696,2192.201171875,2370.71484375,2247.3994195932437,ensemble
ETH,phase0,xgb,phase0_xgb,2026-04-13,2026-04-14,-0.0201992437703363,-0.014420379884541002,0.003037553105469829,2370.71484375,2323.30859375,2336.7735464703587,ensemble
ETH,phase0,xgb,phase0_xgb,2026-04-14,2026-04-15,0.0154307484890148,-0.00448710054624824,0.007243006882821414,2323.30859375,2359.43701171875,2312.907028376864,ensemble
ETH,phase0,xgb,phase0_xgb,2026-04-15,2026-04-16,-0.0045844617903412,0.0007414449006319,0.005998637688978623,2359.43701171875,2348.64501953125,2361.1870529588555,ensemble
ETH,phase0,xgb,phase0_xgb,2026-04-16,2026-04-17,0.0303717508925751,0.0060029807500540594,0.002771029020428492,2348.64501953125,2421.07177734375,2362.7862928018626,ensemble
ETH,phase0,xgb,phase0_xgb,2026-04-17,2026-04-18,-0.0293267723614628,-0.0015665003797039,0.0017409269727877233,2421.07177734375,2351.1005859375,2417.2821364971205,ensemble
ETH,phase0,xgb,phase0_xgb,2026-04-18,2026-04-19,-0.0373454427406088,0.01074376739561554,0.0029831574995373353,2351.1005859375,2264.9169921875,2376.4964430639793,ensemble
ETH,phase0,xgb,phase0_xgb,2026-04-19,2026-04-20,0.0219633235792397,-0.008603158313780961,0.00194584908004302,2264.9169921875,2315.21240234375,2245.5151310454685,ensemble
ETH,phase0,xgb,phase0_xgb,2026-04-20,2026-04-21,0.0054954065471357,-0.016351317428052358,0.001340484935006368,2315.21240234375,2327.970458984375,2277.6634534353284,ensemble
ETH,phase0,xgb,phase0_xgb,2026-04-21,2026-04-22,0.0204586542200399,0.00677446965128176,0.0017515976954161243,2327.970458984375,2376.088134765625,2343.7947643267225,ensemble
ETH,phase0,xgb,phase0_xgb,2026-04-22,2026-04-23,-0.0189376886242059,-0.02466377094388002,0.004789143249310872,2376.088134765625,2331.513916015625,2318.2016254125983,ensemble
ETH,phase0,xgb,phase0_xgb,2026-04-23,2026-04-24,-0.0068100265350662,0.0020602611417416,0.0010696855817585867,2331.513916015625,2315.690185546875,2336.322395198758,ensemble
ETH,phase0,xgb,phase0_xgb,2026-04-24,2026-04-25,0.0013545812633985,0.00518672731705006,0.0025396333139594534,2315.690185546875,2318.8291015625,2327.7322415240096,ensemble
ETH,phase0,xgb,phase0_xgb,2026-04-25,2026-04-26,0.021713243592728,0.006963116396218499,0.001135701620493604,2318.8291015625,2369.72900390625,2335.031723405249,ensemble
ETH,phase0,xgb,phase0_xgb,2026-04-26,2026-04-27,-0.0285352092391055,0.00401297950011208,0.0031137004470915813,2369.72900390625,2303.06396484375,2379.2577844325797,ensemble
ETH,phase0,xgb,phase0_xgb,2026-04-27,2026-04-28,-0.0059420254123551,0.00052017350681128,0.004147560693067379,2303.06396484375,2289.419677734375,2304.2622693388594,ensemble
ETH,phase0,xgb,phase0_xgb,2026-04-28,2026-04-29,-0.0158511839185899,0.00744466446340078,0.0027182128185119785,2289.419677734375,2253.415771484375,2306.527240069028,ensemble
ETH,phase0,xgb,phase0_xgb,2026-04-29,2026-04-30,0.0012574984349416,0.0045129472855478196,0.002480927752640005,2253.415771484375,2256.251220703125,2263.608299946331,ensemble
ETH,phase0,xgb,phase0_xgb,2026-04-30,2026-05-01,0.0170690082206223,-0.0069316326640546004,0.002399313130394243,2256.251220703125,2295.09375,2240.6657946708574,ensemble
ETH,phase0,xgb,phase0_xgb,2026-05-01,2026-05-02,0.0091680063840355,-0.0002033635333646,0.0011735355257873755,2295.09375,2316.23193359375,2294.6270590811628,ensemble
ETH,phase0,xgb,phase0_xgb,2026-05-02,2026-05-03,0.0023302997915724,-0.0005348095030058,0.002041248397140506,2316.23193359375,2321.6357421875,2314.993521931179,ensemble
ETH,phase0,xgb,phase0_xgb,2026-05-03,2026-05-04,0.0106089499454062,0.00664002690464254,0.002934442946545145,2321.6357421875,2346.39697265625,2337.1027598568303,ensemble
ETH,phase0,xgb,phase0_xgb,2026-05-04,2026-05-05,0.0062816540296977,0.017552926950156637,0.004984653661973237,2346.39697265625,2361.1826171875,2387.9467001774074,ensemble
ETH,phase0,xgb,phase0_xgb,2026-05-05,2026-05-06,-0.0044060551410634,0.00673373304307454,0.0014338355485027131,2361.1826171875,2350.802001953125,2377.13584269771,ensemble
ETH,phase0,xgb,phase0_xgb,2026-05-06,2026-05-07,-0.0257211497884926,0.00893174419179554,0.0014971326406492463,2350.802001953125,2291.107666015625,2371.8928127318486,ensemble
ETH,phase0,xgb,phase0_xgb,2026-05-07,2026-05-08,0.0069005173801773,0.0037874559755436596,0.0032792554579906047,2291.107666015625,2306.97216796875,2299.8015889683793,ensemble
ETH,phase0,xgb,phase0_xgb,2026-05-08,2026-05-09,0.0085267708032934,-0.00037623842363248,0.001085374674367898,2306.97216796875,2326.727294921875,2306.1043596585614,ensemble
ETH,phase0,xgb,phase0_xgb,2026-05-09,2026-05-10,0.0180237894016022,-0.00292618155945088,0.0015836165476061054,2326.727294921875,2369.0439453125,2319.9288200545143,ensemble
ETH,phase0,xgb,phase0_xgb,2026-05-10,2026-05-11,-0.0126087284649131,0.0102076943032443,0.002845547902576966,2369.0439453125,2339.36083984375,2393.3502663913146,ensemble
ETH,phase0,xgb,phase0_xgb,2026-05-11,2026-05-12,-0.0280543858235066,-0.0028656731883529,0.0015852538352617927,2339.36083984375,2274.6435546875,2332.666592550761,ensemble
ETH,phase0,xgb,phase0_xgb,2026-05-12,2026-05-13,-0.0075315052922758,0.00032179844565688004,0.003235480957829381,2274.6435546875,2257.576416015625,2275.375649234948,ensemble
ETH,phase0,xgb,phase0_xgb,2026-05-13,2026-05-14,0.010293509698889,-0.0013154350075637402,0.0029101930669758343,2257.576416015625,2280.934814453125,2254.60867333,ensemble
ETH,phase0,xgb,phase0_xgb,2026-05-14,2026-05-15,-0.025579807171991,-0.0029586385935544803,0.0026903058316777636,2280.934814453125,2223.328857421875,2274.196325973211,ensemble
ETH,phase0,xgb,phase0_xgb,2026-05-15,2026-05-16,-0.0197944707467758,-0.0036129179177805198,0.0022076062179349596,2223.328857421875,2179.751953125,2215.3106460474737,ensemble
ETH,phase0,xgb,phase0_xgb,2026-05-16,2026-05-17,-0.024195229175847,0.00672432808205482,0.0018762265005339636,2179.751953125,2127.645263671875,2194.458711513783,ensemble
ETH,phase0,xgb,phase0_xgb,2026-05-17,2026-05-18,0.0004092183281597,-0.0067232405766844,0.003257771533256504,2127.645263671875,2128.51611328125,2113.3885719888704,ensemble
ETH,phase0,xgb,phase0_xgb,2026-05-18,2026-05-19,-0.0087542537236926,-0.00041443829541092,0.0028478597322148303,2128.51611328125,2109.9638671875,2127.634157462264,ensemble
ETH,phase0,xgb,phase0_xgb,2026-05-19,2026-05-20,0.0080339082480059,0.007246487215161241,0.004261509405044948,2109.9638671875,2126.9833984375,2125.309226198779,ensemble
ETH,phase0,xgb,phase0_xgb,2026-05-20,2026-05-21,0.0020793039085529,-0.00551994238048788,0.0008280972527731745,2126.9833984375,2131.41064453125,2115.274917433662,ensemble
ETH,phase0,xgb,phase0_xgb,2026-05-21,2026-05-22,-0.0318296288802969,0.009097996167838521,0.0010988975675004285,2131.41064453125,2064.636962890625,2150.890690730952,ensemble
ETH,phase0,xgb,phase0_xgb,2026-05-22,2026-05-23,0.0245501473754652,-0.00557793034240598,0.0009035962279136846,2064.636962890625,2115.951416015625,2053.152620935298,ensemble
ETH,phase0,xgb,phase0_xgb,2026-05-23,2026-05-24,-0.0085229526741993,-0.0015999499359167402,0.000712434612629973,2115.951416015625,2097.993896484375,2112.568706487714,ensemble
ETH,phase0,xgb,phase0_xgb,2026-05-24,2026-05-25,0.0063555962617687,0.00542996372096234,0.0029820420590840864,2097.993896484375,2111.370361328125,2109.4169124433884,ensemble
ETH,phase0,xgb,phase0_xgb,2026-05-25,2026-05-26,-0.0193741083637812,0.0009547295980154999,0.002793575450159083,2111.370361328125,2070.858154296875,2113.387111676892,ensemble
ETH,phase0,xgb,phase0_xgb,2026-05-26,2026-05-27,-0.0237779302438843,-0.00395334772765632,0.002015396383450458,2070.858154296875,2022.1982421875,2062.6874932919195,ensemble
ETH,phase0,xgb,phase0_xgb,2026-05-27,2026-05-28,-0.0072687232435778,0.00010272165527566001,0.0020356219083982907,2022.1982421875,2007.552734375,2022.405976407452,ensemble
ETH,phase0,xgb,phase0_xgb,2026-05-28,2026-05-29,0.0022021388879798,0.00530772828496988,0.0013368033310016438,2007.552734375,2011.978515625,2018.2366072718523,ensemble
ETH,phase0,xgb,phase0_xgb,2026-05-29,2026-05-30,0.0037107092790728,0.00525156583171334,0.0022740524705035735,2011.978515625,2019.458251953125,2022.5723460034092,ensemble
ETH,phase0,xgb,phase0_xgb,2026-05-30,2026-05-31,-0.0075136791444324,-0.00524090533144764,0.002418161402159803,2019.458251953125,2004.341552734375,2008.9021483657216,ensemble
ETH,phase0,xgb,phase0_xgb,2026-05-31,2026-06-01,-0.0005591235515652,-0.007695844303816519,0.0020723594485614998,2004.341552734375,2003.22119140625,1988.9756548301305,ensemble
ETH,phase0,xgb,phase0_xgb,2026-06-01,2026-06-02,-0.0754085383512764,-0.0055649366695433595,0.002013876598061814,2003.22119140625,1857.71630859375,1992.1043532803758,ensemble
ETH,phase0,xgb,phase0_xgb,2026-06-02,2026-06-03,-0.0250644830015835,0.01492050178349012,0.005843174503874847,1857.71630859375,1811.7322998046875,1885.6421840538387,ensemble
ETH,phase0,xgb,phase0_xgb,2026-06-03,2026-06-04,-0.0235409089196176,0.0148351481184363,0.006168038146030473,1811.7322998046875,1769.58056640625,1838.8099708472341,ensemble
ETH,phase0,xgb,phase0_xgb,2026-06-04,2026-06-05,-0.1127730163581579,0.00571946548880076,0.006019644393109971,1769.58056640625,1580.86083984375,1779.7306201572592,ensemble
ETH,phase0,xgb,phase0_xgb,2026-06-05,2026-06-06,-0.0076791271868011,0.00816242143046106,0.007594461142162646,1580.86083984375,1568.7677001953125,1593.8172983433362,ensemble
ETH,phase0,xgb,phase0_xgb,2026-06-06,2026-06-07,0.0723034430725498,0.01201598551124328,0.004054947279558236,1568.7677001953125,1686.396240234375,1587.7316975358845,ensemble
ETH,phase0,xgb,phase0_xgb,2026-06-07,2026-06-08,0.0022225802428663,0.010071902791969439,0.007781224942559899,1686.396240234375,1690.1485595703125,1703.467283869215,ensemble
ETH,phase0,xgb,phase0_xgb,2026-06-08,2026-06-09,-0.0315195419215522,-0.01184201370924704,0.0029310178890490225,1690.1485595703125,1637.7066650390625,1670.2518382949509,ensemble
ETH,phase0,xgb,phase0_xgb,2026-06-09,2026-06-10,-0.0107857454824715,0.0029022334143518997,0.0012390796279848988,1637.7066650390625,1620.1376953125,1642.4665758903625,ensemble
ETH,phase0,xgb,phase0_xgb,2026-06-10,2026-06-11,0.0316772045187946,-0.00947406613267954,0.00714356554388024,1620.1376953125,1672.2806396484375,1604.86088466797,ensemble
ETH,phase0,xgb,phase0_xgb,2026-06-11,2026-06-12,-0.0042864654394683,-0.0074286723051045205,0.0044148885503924404,1672.2806396484375,1665.1278076171875,1659.9038432744608,ensemble
ETH,phase0,xgb,phase0_xgb,2026-06-12,2026-06-13,0.0090196413020536,0.00030739310896017984,0.003243806143726424,1665.1278076171875,1680.214599609375,1665.6397351082476,ensemble
ETH,phase0,xgb,phase0_xgb,2026-06-13,2026-06-14,0.0260813174474448,-0.00989975137636062,0.003907807157200081,1680.214599609375,1724.61328125,1663.6629565683331,ensemble
ETH,phase0,xgb,phase0_xgb,2026-06-14,2026-06-15,0.0399805553119012,-0.012249174155294858,0.0020357569284910715,1724.61328125,1794.961181640625,1703.6170485988155,ensemble
ETH,phase0,xgb,phase0_xgb,2026-06-15,2026-06-16,-0.002545346375384,-0.01098457458429034,0.005721594202754206,1794.961181640625,1790.398193359375,1775.3521920388193,ensemble
ETH,phase0,xgb,phase0_xgb,2026-06-16,2026-06-17,-0.0240312789660825,-0.00390706453472372,0.005496111856878694,1790.398193359375,1747.885498046875,1783.4166396467263,ensemble
ETH,phase0,xgb,phase0_xgb,2026-06-17,2026-06-18,-0.0221862751067949,-0.02029565609991546,0.0029642600450939657,1747.885498046875,1709.533447265625,1712.7685809328727,ensemble
ETH,phase0,xgb,phase0_xgb,2026-06-18,2026-06-19,0.0008472258287815,-0.01986163370311256,0.0022702078620515397,1709.533447265625,1710.982421875,1675.914290995491,ensemble
ETH,phase0,xgb,phase0_xgb,2026-06-19,2026-06-20,0.0164158122645686,-0.012844633311033199,0.0019014287811258423,1710.982421875,1739.3013916015625,1689.1460205698686,ensemble
ETH,phase0,xgb,phase0_xgb,2026-06-20,2026-06-21,-0.0201644551603129,-0.006968188192695341,0.002098964713897417,1739.3013916015625,1704.58056640625,1727.223740722996,ensemble
ETH,phase0,xgb,phase0_xgb,2026-06-21,2026-06-22,0.012783452112487,0.009480122197419361,0.0019417984267726428,1704.58056640625,1726.5108642578125,1720.8170387408798,ensemble
ETH,phase0,xgb,phase0_xgb,2026-06-22,2026-06-23,-0.0360151185751902,0.0142947962507605,0.0031940851797467506,1726.5108642578125,1665.436767578125,1751.3682274778726,ensemble
ETH,phase0,xgb,phase0_xgb,2026-06-23,2026-06-24,-0.027707605238555,-0.00619553220458326,0.0027411802882817793,1665.436767578125,1619.9249267578125,1655.1503981196986,ensemble
ETH,phase0,xgb,phase0_xgb,2026-06-24,2026-06-25,-0.0346111458341076,-0.014836288243532138,0.0014639672322359018,1619.9249267578125,1564.816650390625,1596.0686604261982,ensemble
ETH,phase0,xgb,phase0_xgb,2026-06-25,2026-06-26,0.0075121735497433,0.015218001604080161,0.003443226964310989,1564.816650390625,1576.6160888671875,1588.812151386149,ensemble
ETH,phase0,xgb,phase0_xgb,2026-06-26,2026-06-27,-0.0031940978117993,-0.00752325318753716,0.0016884729815994353,1576.6160888671875,1571.5882568359375,1564.7993128849716,ensemble
ETH,phase0,xgb,phase0_xgb,2026-06-27,2026-06-28,-0.0007810761173124,-0.0051796189101878,0.003511160989597184,1571.5882568359375,1570.3612060546875,1563.4690738706965,ensemble
ETH,phase0,xgb,phase0_xgb,2026-06-28,2026-06-29,0.0250563430147941,-0.00702459397725758,0.0029926428192609614,1570.3612060546875,1610.205810546875,1559.3687102962153,ensemble
ETH,phase0,xgb,phase0_xgb,2026-06-29,2026-06-30,-0.025551475094469,-0.02111013196408742,0.004980383582091897,1610.205810546875,1569.5838623046875,1576.5704261883786,ensemble
ETH,phase0,xgb,phase0_xgb,2026-06-30,2026-07-01,0.0247779101060913,-0.00973660694435236,0.003488539557905762,1569.5838623046875,1608.960693359375,1554.3755997556057,ensemble
ETH,phase0,xgb,phase0_xgb,2026-07-01,2026-07-02,0.0539624286481777,-0.00467517873039466,0.003474350925085684,1608.960693359375,1698.16943359375,1601.4560709425161,ensemble
ETH,phase0,xgb,phase0_xgb,2026-07-02,2026-07-03,0.0337829584823897,0.00512746365275232,0.004810073584772083,1698.16943359375,1756.5186767578125,1706.899097030832,ensemble
ETH,phase0,xgb,phase0_xgb,2026-07-03,2026-07-04,0.0127361095972148,-0.013484581187367378,0.004343047414298993,1756.5186767578125,1779.032958984375,1732.9917399968995,ensemble
ETH,phase0,xgb,phase0_xgb,2026-07-04,2026-07-05,0.0022307583802167,0.0017892796779051,0.0029078664977162903,1779.032958984375,1783.0059814453125,1782.2189960098467,ensemble
ETH,phase0,xgb,phase0_xgb,2026-07-05,2026-07-06,0.0081371345293737,-0.009742025868035801,0.00562228422041277,1783.0059814453125,1797.57373046875,1765.7202268966644,ensemble
ETH,phase0,xgb,phase0_xgb,2026-07-06,2026-07-07,-0.0162996101421938,-0.00036754541797562,0.0029706177361722343,1797.57373046875,1768.511474609375,1796.9131618825577,ensemble
ETH,phase0,xgb,phase0_xgb,2026-07-07,2026-07-08,-0.0147154299263924,0.00206796119455246,0.004390324823985697,1768.511474609375,1742.6776123046875,1772.1724718063797,ensemble
ETH,phase0,xgb,phase0_xgb,2026-07-08,2026-07-09,0.0010363767887721,-0.01438701469451184,0.003022955351102737,1742.6776123046875,1744.484619140625,1717.785177168091,ensemble
ETH,phase0,xgb,phase0_xgb,2026-07-09,2026-07-10,0.0289319871755302,-0.00012856671819463995,0.003910533016793008,1744.484619140625,1795.6932373046875,1744.260350895226,ensemble
ETH,phase0,xgb,phase0_xgb,2026-07-10,2026-07-11,-0.0042377668681416,-0.0031091406475752003,0.0015344673050690467,1795.6932373046875,1788.099609375,1790.1188447457762,ensemble
ETH,phase0,xgb,phase0_xgb,2026-07-11,2026-07-12,0.0098437240641505,-0.0045515617821365,0.0016359927345268202,1788.099609375,1805.7880859375,1779.9794572359542,ensemble
ETH,phase0,xgb,phase0_xgb,2026-07-12,2026-07-13,-0.0180417009925125,0.008992353733628961,0.00305825958704286,1805.7880859375,1773.500732421875,1822.0996007140511,ensemble
ETH,phase0,xgb,phase0_xgb,2026-07-13,2026-07-14,0.0633461757860125,0.00830610143020744,0.004400443571082368,1773.500732421875,1889.4798583984373,1788.2929572071444,ensemble
ETH,phase0,xgb,phase0_xgb,2026-07-14,2026-07-15,0.0144305241755588,0.00032896108459679995,0.0021669211245476582,1889.4798583984373,1916.9437255859373,1890.1015259885962,ensemble
ETH,phase0,xgb,phase0_xgb,2026-07-15,2026-07-16,-0.0284402326891384,-0.00472549407859326,0.0034363636607497683,1916.9437255859373,1863.193359375,1907.9065886470516,ensemble
ETH,phase0,xgb,phase0_xgb,2026-07-16,2026-07-17,-0.011989404987594,0.0008610043405496811,0.0020562651499463915,1863.193359375,1840.9881591796875,1864.798267762102,ensemble
ETH,phase0,xgb,phase0_xgb,2026-07-17,2026-07-18,0.0110221726895365,-0.008818547241389679,0.0009238155875713018,1840.9881591796875,1861.39208984375,1824.8246920247254,ensemble
ETH,phase0,xgb,phase0_xgb,2026-07-18,2026-07-19,0.0054201709795738,0.00230147420079444,0.002037531021696018,1861.39208984375,1871.508544921875,1865.6809691955723,ensemble
ETH,phase0,xgb,phase0_xgb,2026-07-19,2026-07-20,0.0170854918812539,0.01304741054773326,0.0019403567771507345,1871.508544921875,1903.7589111328125,1896.0868783814408,ensemble
ETH,phase0,xgb,phase0_xgb,2026-07-20,2026-07-21,0.0128519310477648,-0.008505775686353401,0.0020870674190229753,1903.7589111328125,1928.3837890625,1887.6346368174643,ensemble
ETH,phase0,xgb,phase0_xgb,2026-07-21,2026-07-22,0.0026444810723667,0.00249651062185874,0.0016506032054799638,1928.3837890625,1933.4901123046875,1933.2040340678018,ensemble
ETH,phase0,xgb,phase0_xgb,2026-07-22,2026-07-23,-0.0295985684211487,-0.0009648191975429401,0.0031532556736309615,1933.4901123046875,1877.1002197265625,1931.6255435565784,ensemble
ETH,phase0,xgb,phase0_xgb,2026-07-23,2026-07-24,-0.0090566354547485,0.008350038807839102,0.001980833873918262,1877.1002197265625,1860.1767578125,1892.83970059511,ensemble
ETH,phase0,xgb,phase0_xgb,2026-07-24,2026-07-25,0.0069886485747689,-0.00640094056725498,0.0013502368993664983,1860.1767578125,1873.222412109375,1848.3079033812983,ensemble
ETH,phase0,xgb,phase0_xgb,2026-07-25,2026-07-26,0.0419170428366946,0.00987091790884728,0.0035358617920769474,1873.222412109375,1953.4112548828125,1891.8043965078527,ensemble
ETH,phase0,xgb,phase0_xgb,2026-07-26,2026-07-27,-0.0326758126996198,-0.009432316944003061,0.004596852752442384,1953.4112548828125,1890.613525390625,1935.072684372334,ensemble
ETH,phase0,xgb,phase0_xgb,2026-07-27,2026-07-28,0.015396962638548,0.00478269550949332,0.002905115258512789,1890.613525390625,1919.948486328125,1899.6774118357932,ensemble
ETH,phase0,xgb,phase0_xgb,2026-07-28,2026-07-29,-0.0059707845121414,0.00517689161933954,0.002159904722537147,1919.948486328125,1908.51904296875,1929.9136235185292,ensemble
ETH,phase0,xgb,phase0_xgb,2026-07-29,2026-07-30,0.0046284096447549,-0.0072446139529346795,0.0030681988335520597,1908.51904296875,1917.3729248046875,1894.7425223218195,ensemble
ETH,phase0,xgb,phase0_xgb,2026-07-30,2026-07-31,-0.0301935171908472,0.00170762232737612,0.0011664635120662915,1917.3729248046875,1860.345947265625,1920.6498707177032,ensemble
ETH,phase0,xgb,phase0_xgb,2026-07-31,2026-08-01,-0.0091411558801774,0.0049302837112918,0.002793790009109247,1860.345947265625,1843.417724609375,1869.5406281543853,ensemble
ETH,phase0,xgb,phase0_xgb,2026-08-01,2026-08-02,0.0209910449816346,0.00166079464834176,0.0005429534051354835,1843.417724609375,1882.52197265625,1846.4818066022633,ensemble
ETH,phase0,xgb,phase0_xgb,2026-08-02,2026-08-03,-0.0129736864450064,0.010813472885638439,0.0024549057481665516,1882.52197265625,1858.2564697265625,1902.989033531998,ensemble
ETH,phase0,xgb,phase0_xgb,2026-08-03,2026-08-04,0.0054362176829138,0.0064316113945096,0.002094204234604083,1858.2564697265625,1868.3858642578125,1870.2465697115497,ensemble
ETH,phase0,xgb,phase0_xgb,2026-08-04,2026-08-05,0.0202078543669882,-0.006578158261254359,0.005151983124079339,1868.3858642578125,1906.5260009765625,1856.1356624072523,ensemble
ETH,phase0,xgb,phase0_xgb,2026-08-05,2026-08-06,-0.0023465458558861,-0.01793929710984226,0.001175104681171045,1906.5260009765625,1902.0574951171875,1872.6292158925812,ensemble
ETH,phase0,xgb,phase0_xgb,2026-08-06,2026-08-07,0.0058825505802162,0.00266757031204172,0.002518626883401695,1902.0574951171875,1913.2794189453125,1907.1381406998264,ensemble
ETH,phase0,xgb,phase0_xgb,2026-08-07,2026-08-08,0.0011771484611133,0.0085214830935001,0.0014258938924187779,1913.2794189453125,1915.532958984375,1929.6530619461953,ensemble
ETH,phase0,xgb,phase0_xgb,2026-08-08,2026-08-09,-0.003582552655913,2.2822269238519967e-05,0.0022425331054630794,1915.532958984375,1908.6827392578125,1915.5766762921626,ensemble
ETH,phase0,xgb,phase0_xgb,2026-08-09,2026-08-10,-0.0197913520463313,-0.00625924766063686,0.001399623963884329,1908.6827392578125,1871.2786865234373,1896.7731327585595,ensemble
ETH,phase0,xgb,phase0_xgb,2026-08-10,2026-08-11,0.0053801271136948,0.01600933056324716,0.005651806879302499,1871.2786865234373,1881.37353515625,1901.4776935406162,ensemble
ETH,phase0,xgb,phase0_xgb,2026-08-11,2026-08-12,-0.0017228455012013,0.010805512964725459,0.0012009368385786177,1881.37353515625,1878.135009765625,1901.8129717063737,ensemble
ETH,phase0,xgb,phase0_xgb,2026-08-12,2026-08-13,0.0031133074431306,0.0032611111644655,0.0029497583464563734,1878.135009765625,1883.9913330078125,1884.2698145175884,ensemble
ETH,phase0,xgb,phase0_xgb,2026-08-13,2026-08-14,-0.0017751010807604,0.00387831623665982,0.001796217791912145,1883.9913330078125,1880.6500244140625,1891.3122343933553,ensemble
ETH,phase0,xgb,phase0_xgb,2026-08-14,2026-08-15,0.0001373371127861,0.0003308446430310133,0.0016779132616784498,1880.6500244140625,1880.9083251953125,1881.2723303376704,ensemble
ETH,phase0,xgb,phase0_xgb,2026-08-15,2026-08-16,-0.003710048377518,0.007988349162042099,0.0007484635061682539,1880.9083251953125,1873.9429931640625,1895.993851643163,ensemble
ETH,phase0,xgb,phase0_xgb,2026-08-16,2026-08-17,0.0202107717270595,0.00195254166610536,0.0054005196978088,1873.9429931640625,1912.2021484375,1877.605519392063,ensemble
ETH,phase0,xgb,phase0_xgb,2026-08-17,2026-08-18,0.0022239875598747,0.00998219326138494,0.004116442514107786,1912.2021484375,1916.4595947265625,1931.3857075413393,ensemble
ETH,phase0,xgb,phase0_xgb,2026-08-18,2026-08-19,0.1610984870542504,0.0019186681369319201,0.0025953601602612944,1916.4595947265625,2251.4580078125,1920.140174463109,ensemble
ETH,phase0,xgb,phase0_xgb,2026-08-19,2026-08-20,0.0327374500344778,-0.00190230171428994,0.0058982134530361505,2251.4580078125,2326.384765625,2247.1791265365305,ensemble
ETH,phase0,xgb,phase0_xgb,2026-08-20,2026-08-21,0.0780693605915992,0.010977051779627739,0.002377788290112026,2326.384765625,2515.28173828125,2352.062285554217,ensemble
ETH,phase0,xgb,phase0_xgb,2026-08-21,2026-08-22,-0.0368621187101773,0.00556840999051924,0.002328940666406398,2515.28173828125,2424.251220703125,2529.3269266334355,ensemble
ETH,phase0,xgb,phase0_xgb,2026-08-22,2026-08-23,0.0161886325230095,0.00285454795230176,0.0020506048886214947,2424.251220703125,2463.81591796875,2431.1812484034945,ensemble
ETH,phase0,xgb,phase0_xgb,2026-08-23,2026-08-24,0.0072853803568115,-0.006638337392359921,0.0011466673746828116,2463.81591796875,2481.831298828125,2447.514443838995,ensemble
ETH,phase0,xgb,phase0_xgb,2026-08-24,2026-08-25,-0.0157046670742771,0.00194950202712788,0.004270579053382243,2481.831298828125,2443.159423828125,2486.6743532144924,ensemble
ETH,phase0,xgb,phase0_xgb,2026-08-25,2026-08-26,0.0254999480890524,-0.011108033824711979,0.005810987786684232,2443.159423828125,2506.260986328125,2416.170898540343,ensemble
ETH,phase0,xgb,phase0_xgb,2026-08-26,2026-08-27,0.0016541530230063,-0.011814063135534462,0.0039941734799839364,2506.260986328125,2510.41015625,2476.8260761022757,ensemble
ETH,phase0,xgb,phase0_xgb,2026-08-27,2026-08-28,-0.0274093504142575,-0.0055141022428869795,0.004074338903837268,2510.41015625,2442.535888671875,2496.605592841549,ensemble
ETH,phase0,xgb,phase0_xgb,2026-08-28,2026-08-29,0.0061835722465449,-0.00535847698338324,0.002667940416972593,2442.535888671875,2457.686279296875,2429.482620383672,ensemble
ETH,phase0,xgb,phase0_xgb,2026-08-29,2026-08-30,-0.0163049615873888,0.0030199458124116198,0.0053141664293887975,2457.686279296875,2417.938720703125,2465.119577113215,ensemble
ETH,phase0,xgb,phase0_xgb,2026-08-30,2026-08-31,0.0200145895501371,-0.013112548924982481,0.0023236377278700515,2417.938720703125,2466.8203125,2386.4403442466273,ensemble
ETH,phase1,lstm,phase1_lstm,2025-10-31,2025-11-01,0.007021586687225155,-0.0016575912362895907,0.0034094841699344163,3847.080322265625,3874.18798828125,3840.7087178548413,ensemble
ETH,phase1,lstm,phase1_lstm,2025-11-01,2025-11-02,0.009473174047530416,-0.0017075141775421798,0.003410617109638802,3874.18798828125,3911.063232421875,3867.57840195189,ensemble
ETH,phase1,lstm,phase1_lstm,2025-11-02,2025-11-03,-0.08223448305523949,-0.0017593272379599512,0.003483740505163208,3911.063232421875,3602.30810546875,3904.1884416243,ensemble
ETH,phase1,lstm,phase1_lstm,2025-11-03,2025-11-04,-0.08990501013567212,-0.001768440508749336,0.0035825891438649735,3602.30810546875,3292.574462890625,3595.9432674674927,ensemble
ETH,phase1,lstm,phase1_lstm,2025-11-04,2025-11-05,0.039481668810072805,-0.0017615095130167902,0.003644724556163026,3292.574462890625,3425.171142578125,3286.7796669444165,ensemble
ETH,phase1,lstm,phase1_lstm,2025-11-05,2025-11-06,-0.03352136366985419,-0.0017857507220469416,0.0037029958944220427,3425.171142578125,3312.2578125,3419.0600987615476,ensemble
ETH,phase1,lstm,phase1_lstm,2025-11-06,2025-11-07,0.03647448115981518,-0.0018221395090222358,0.0037360289544667684,3312.2578125,3435.301025390625,3306.22791200411,ensemble
ETH,phase1,lstm,phase1_lstm,2025-11-07,2025-11-08,-0.010218549741346181,-0.0018777612887788564,0.0037640932931860727,3435.301025390625,3400.3759765625,3428.8564027349544,ensemble
ETH,phase1,lstm,phase1_lstm,2025-11-08,2025-11-09,0.05220874290983875,-0.0018821799108991399,0.0038126050608293573,3400.3759765625,3582.621337890625,3393.981876520879,ensemble
ETH,phase1,lstm,phase1_lstm,2025-11-09,2025-11-10,-0.003960630532174714,-0.0018042847834294662,0.003733679877135069,3582.621337890625,3568.4599609375,3576.1630967310416,ensemble
ETH,phase1,lstm,phase1_lstm,2025-11-10,2025-11-11,-0.04387398640993172,-0.001793405759963207,0.0037586068760615365,3568.4599609375,3415.2822265625,3562.0659994867474,ensemble
ETH,phase1,lstm,phase1_lstm,2025-11-11,2025-11-12,-0.0006408517068140884,-0.0017627731926040725,0.0037779694314908066,3415.2822265625,3413.09423828125,3409.2671617634137,ensemble
ETH,phase1,lstm,phase1_lstm,2025-11-12,2025-11-13,-0.054283922809847215,-0.0017323878564639017,0.003713767695369651,3413.09423828125,3232.757080078125,3407.1865539476803,ensemble
ETH,phase1,lstm,phase1_lstm,2025-11-13,2025-11-14,-0.04071281618360177,-0.001709851116174832,0.0036811714025543874,3232.757080078125,3103.78564453125,3227.2342697137005,ensemble
ETH,phase1,lstm,phase1_lstm,2025-11-14,2025-11-15,0.020045814386644864,-0.001701125333784148,0.0036470716695453024,3103.78564453125,3166.63134765625,3098.5102045052245,ensemble
ETH,phase1,lstm,phase1_lstm,2025-11-15,2025-11-16,-0.023576197316441422,-0.0016999318613670766,0.003586259161759717,3166.63134765625,3092.847412109375,3161.252862959131,ensemble
ETH,phase1,lstm,phase1_lstm,2025-11-16,2025-11-17,-0.022333536068642135,-0.0017334755626507103,0.003613714652312007,3092.847412109375,3024.538818359375,3087.490680924165,ensemble
ETH,phase1,lstm,phase1_lstm,2025-11-17,2025-11-18,0.032028732106195945,-0.0017951708985492587,0.0036536349003829646,3024.538818359375,3122.97900390625,3019.114124873882,ensemble
ETH,phase1,lstm,phase1_lstm,2025-11-18,2025-11-19,-0.03251421900082368,-0.0018292798951733858,0.0036792238226476363,3122.97900390625,3023.07080078125,3117.271423174287,ensemble
ETH,phase1,lstm,phase1_lstm,2025-11-19,2025-11-20,-0.06536849882670856,-0.0018491682450985536,0.003723214740779725,3023.07080078125,2831.777587890625,3017.485799648589,ensemble
ETH,phase1,lstm,phase1_lstm,2025-11-20,2025-11-21,-0.02361115238578957,-0.0018543285870691762,0.003773408362067632,2831.777587890625,2765.69921875,2826.5314073317336,ensemble
ETH,phase1,lstm,phase1_lstm,2025-11-21,2025-11-22,0.0006897153274086759,-0.0018486770248273387,0.0038028099103587466,2765.69921875,2767.607421875,2760.591057271903,ensemble
ETH,phase1,lstm,phase1_lstm,2025-11-22,2025-11-23,0.012234618260287876,-0.0018242455122162936,0.0037963587946646684,2767.607421875,2801.676025390625,2762.563228778247,ensemble
ETH,phase1,lstm,phase1_lstm,2025-11-23,2025-11-24,0.05250671846439223,-0.0018217394630482887,0.0037982491803939472,2801.676025390625,2952.71337890625,2796.576747800367,ensemble
ETH,phase1,lstm,phase1_lstm,2025-11-24,2025-11-25,0.0017672851723719149,-0.0018652926584763919,0.00386573725661977,2952.71337890625,2957.936279296875,2947.2108378381436,ensemble
ETH,phase1,lstm,phase1_lstm,2025-11-25,2025-11-26,0.023348428095094007,-0.0018797993223415687,0.003850592148447245,2957.936279296875,3027.81201171875,2952.3811755594575,ensemble
ETH,phase1,lstm,phase1_lstm,2025-11-26,2025-11-27,-0.004392260426713515,-0.0018743132648523896,0.0038539052604763353,3027.81201171875,3014.542236328125,3022.1422586082817,ensemble
ETH,phase1,lstm,phase1_lstm,2025-11-27,2025-11-28,0.005874882913213043,-0.0018391221470665186,0.003838452784117982,3014.542236328125,3032.304443359375,3009.003219963112,ensemble
ETH,phase1,lstm,phase1_lstm,2025-11-28,2025-11-29,-0.013485997805236051,-0.0018079059605952351,0.003847425020374565,3032.304443359375,2991.685302734375,3026.827274676695,ensemble
ETH,phase1,lstm,phase1_lstm,2025-11-29,2025-11-30,0.00014280097860070945,-0.0017581807100214065,0.003825807628176347,2991.685302734375,2992.112548828125,2986.4300005838513,ensemble
ETH,phase1,lstm,phase1_lstm,2025-11-30,2025-12-01,-0.0662927736435053,-0.0017190852668136358,0.0038114938837597446,2992.112548828125,2800.18896484375,2986.9732709229065,ensemble
ETH,phase1,lstm,phase1_lstm,2025-12-01,2025-12-02,0.06823838280892502,-0.0017217205371707679,0.0038700970697273253,2800.18896484375,2997.939697265625,2795.371969944469,ensemble
ETH,phase1,lstm,phase1_lstm,2025-12-02,2025-12-03,0.06258823046337834,-0.0017487212899141014,0.003888152311150394,2997.939697265625,3191.57177734375,2992.701717509319,ensemble
ETH,phase1,lstm,phase1_lstm,2025-12-03,2025-12-04,-0.01810241754529839,-0.0017919457866810262,0.003927737512900491,3191.57177734375,3134.31640625,3185.8577748647876,ensemble
ETH,phase1,lstm,phase1_lstm,2025-12-04,2025-12-05,-0.03568750802814642,-0.0018269881024025381,0.003980411529784501,3134.31640625,3024.432861328125,3128.5952752770995,ensemble
ETH,phase1,lstm,phase1_lstm,2025-12-05,2025-12-06,0.005202266348911221,-0.001850627374369651,0.004012084355968448,3024.432861328125,3040.207763671875,3018.8409389612566,ensemble
ETH,phase1,lstm,phase1_lstm,2025-12-06,2025-12-07,0.006914380156550823,-0.0018619163776747883,0.003996454801079929,3040.207763671875,3061.3017578125,3034.5524175697224,ensemble
ETH,phase1,lstm,phase1_lstm,2025-12-07,2025-12-08,0.020657404003744346,-0.001872155989985913,0.003987407465217042,3061.3017578125,3125.197998046875,3055.5758849254853,ensemble
ETH,phase1,lstm,phase1_lstm,2025-12-08,2025-12-09,0.06080292642241868,-0.0019071656628511847,0.004003920192126775,3125.197998046875,3321.114990234375,3119.243407735354,ensemble
ETH,phase1,lstm,phase1_lstm,2025-12-09,2025-12-10,0.001286434597521452,-0.001950615330133587,0.0040305119131054485,3321.114990234375,3325.39013671875,3314.643086570617,ensemble
ETH,phase1,lstm,phase1_lstm,2025-12-10,2025-12-11,-0.02692245348848621,-0.0019909322843886914,0.004042315501531483,3325.39013671875,3237.056884765625,3318.7760963753276,ensemble
ETH,phase1,lstm,phase1_lstm,2025-12-11,2025-12-12,-0.048381125268667786,-0.0020433589234016836,0.004057410628370818,3237.056884765625,3084.172607421875,3230.4491689612146,ensemble
ETH,phase1,lstm,phase1_lstm,2025-12-12,2025-12-13,0.010489822947687412,-0.002089666191022843,0.004048650511645161,3084.172607421875,3116.6953125,3077.7344453444757,ensemble
ETH,phase1,lstm,phase1_lstm,2025-12-13,2025-12-14,-0.01816399360114702,-0.0020765762194059787,0.003984813845072521,3116.6953125,3060.5947265625,3110.2299723400447,ensemble
ETH,phase1,lstm,phase1_lstm,2025-12-14,2025-12-15,-0.03200777016588088,-0.0020383768365718423,0.003929933395578402,3060.5947265625,2964.18310546875,3054.3624352028346,ensemble
ETH,phase1,lstm,phase1_lstm,2025-12-15,2025-12-16,-7.412721688312701e-07,-0.0020758423837833107,0.0038449837900741187,2964.18310546875,2964.180908203125,2958.0363106410114,ensemble
ETH,phase1,lstm,phase1_lstm,2025-12-16,2025-12-17,-0.045828192848759323,-0.0020909855025820433,0.003825649776830325,2964.180908203125,2831.403564453125,2957.9893244089317,ensemble
ETH,phase1,lstm,phase1_lstm,2025-12-17,2025-12-18,-0.0015320294953636582,-0.002101982641033828,0.0038231952549332405,2831.403564453125,2827.069091796875,2825.4582539696285,ensemble
ETH,phase1,lstm,phase1_lstm,2025-12-18,2025-12-19,0.05200157806139122,-0.0021241179085336624,0.0038162528096643803,2827.069091796875,2977.970703125,2821.0704368909164,ensemble
ETH,phase1,lstm,phase1_lstm,2025-12-19,2025-12-20,-0.0001303602133292682,-0.0021351055591367187,0.0038064920653687376,2977.970703125,2977.58251953125,2971.6192042949106,ensemble
ETH,phase1,lstm,phase1_lstm,2025-12-20,2025-12-21,0.008038330984924418,-0.0020866200793534517,0.003755222675275187,2977.58251953125,3001.61376953125,2971.37591372417,ensemble
ETH,phase1,lstm,phase1_lstm,2025-12-21,2025-12-22,0.0014847515809792915,-0.0020344052114523946,0.0037074391129590036,3001.61376953125,3006.07373046875,2995.5134781720076,ensemble
ETH,phase1,lstm,phase1_lstm,2025-12-22,2025-12-23,-0.014306326840175283,-0.002001284097786993,0.003665152965374141,3006.07373046875,2963.3740234375,3000.063738771497,ensemble
ETH,phase1,lstm,phase1_lstm,2025-12-23,2025-12-24,-0.0060191597554604985,-0.0019878480932675304,0.003644036124278408,2963.3740234375,2945.590576171875,2957.489137103274,ensemble
ETH,phase1,lstm,phase1_lstm,2025-12-24,2025-12-25,-0.014365015056822026,-0.0019680729717947544,0.003641448289955541,2945.590576171875,2903.57958984375,2939.7991398269432,ensemble
ETH,phase1,lstm,phase1_lstm,2025-12-25,2025-12-26,0.007605038907991378,-0.0019270684686489403,0.0036146621454182224,2903.57958984375,2925.74560546875,2897.9895810646963,ensemble
ETH,phase1,lstm,phase1_lstm,2025-12-26,2025-12-27,0.0075770385642638756,-0.001888055878225714,0.0035791583962204807,2925.74560546875,2947.998291015625,2920.226845782903,ensemble
ETH,phase1,lstm,phase1_lstm,2025-12-27,2025-12-28,0.00019327323098403297,-0.0018132389872334898,0.003499227373837024,2947.998291015625,2948.568115234375,2942.65770891914,ensemble
ETH,phase1,lstm,phase1_lstm,2025-12-28,2025-12-29,-0.00476952504017534,-0.0017339894431643188,0.0034397477255860634,2948.568115234375,2934.538330078125,2943.45975944756,ensemble
ETH,phase1,lstm,phase1_lstm,2025-12-29,2025-12-30,0.012488715813386491,-0.0017070325789973139,0.003431188900534925,2934.538330078125,2971.416748046875,2929.533250676548,ensemble
ETH,phase1,lstm,phase1_lstm,2025-12-30,2025-12-31,-0.0014748454494985343,-0.001712068635970354,0.003456123972775345,2971.416748046875,2967.03759765625,2966.3338310211348,ensemble
ETH,phase1,lstm,phase1_lstm,2025-12-31,2026-01-01,0.01117969589667102,-0.0017303873784840107,0.003509567086293901,2967.03759765625,3000.394287109375,2961.907912696792,ensemble
ETH,phase1,lstm,phase1_lstm,2026-01-01,2026-01-02,0.04050579142356504,-0.001744223409332335,0.003534211505389783,3000.394287109375,3124.422607421875,2995.1654905768664,ensemble
ETH,phase1,lstm,phase1_lstm,2026-01-02,2026-01-03,0.0004783333560596635,-0.0017639495665207506,0.0035619899502529768,3124.422607421875,3125.91748046875,3118.9161415097537,ensemble
ETH,phase1,lstm,phase1_lstm,2026-01-03,2026-01-04,0.004721198192569982,-0.0017568941926583647,0.0035614985793095363,3125.91748046875,3140.71044921875,3120.4303957256498,ensemble
ETH,phase1,lstm,phase1_lstm,2026-01-04,2026-01-05,0.02683435946003148,-0.0017190759535878897,0.003554554890772376,3140.71044921875,3226.13037109375,3135.31596749871,ensemble
ETH,phase1,lstm,phase1_lstm,2026-01-05,2026-01-06,0.021410072765534124,-0.0017386870924383402,0.003596720461941428,3226.13037109375,3295.94677734375,3220.526013383059,ensemble
ETH,phase1,lstm,phase1_lstm,2026-01-06,2026-01-07,-0.039957957746070624,-0.0017750315368175507,0.0036319283823251117,3295.94677734375,3166.843994140625,3290.1015571301314,ensemble
ETH,phase1,lstm,phase1_lstm,2026-01-07,2026-01-08,-0.01992066167813984,-0.0018254586961120368,0.0036711751951057445,3166.843994140625,3104.382568359375,3161.068324459369,ensemble
ETH,phase1,lstm,phase1_lstm,2026-01-08,2026-01-09,-0.006896412519137501,-0.001875759894028306,0.0037047454924365513,3104.382568359375,3083.047119140625,3098.5649499753094,ensemble
ETH,phase1,lstm,phase1_lstm,2026-01-09,2026-01-10,-0.00021121695136130524,-0.001919243624433875,0.0037229875133239264,3083.047119140625,3082.39599609375,3077.135675178518,ensemble
ETH,phase1,lstm,phase1_lstm,2026-01-10,2026-01-11,0.011768432191719677,-0.0019183166325092316,0.003695021197885701,3082.39599609375,3118.88525390625,3076.4886524757767,ensemble
ETH,phase1,lstm,phase1_lstm,2026-01-11,2026-01-12,-0.008552349240195838,-0.001883832912426442,0.0036606215863891948,3118.88525390625,3092.3251953125,3113.0153259325616,ensemble
ETH,phase1,lstm,phase1_lstm,2026-01-12,2026-01-13,0.07167244785080332,-0.0018951434525661171,0.003671579169314409,3092.3251953125,3322.095458984375,3086.4703451082546,ensemble
ETH,phase1,lstm,phase1_lstm,2026-01-13,2026-01-14,0.009773355035415114,-0.0019348227302543818,0.0036963473779048485,3322.095458984375,3354.72265625,3315.674007366779,ensemble
ETH,phase1,lstm,phase1_lstm,2026-01-14,2026-01-15,-0.01127779653171091,-0.0019747660378925504,0.0037328067067981014,3354.72265625,3317.101318359375,3348.104400785717,ensemble
ETH,phase1,lstm,phase1_lstm,2026-01-15,2026-01-16,-0.006538811242779367,-0.0020192740834318102,0.0037689131355004455,3317.101318359375,3295.482177734375,3310.4099397724326,ensemble
ETH,phase1,lstm,phase1_lstm,2026-01-16,2026-01-17,0.004052512545503773,-0.002059388521593064,0.003799068503138039,3295.482177734375,3308.8642578125,3288.7024829733227,ensemble
ETH,phase1,lstm,phase1_lstm,2026-01-17,2026-01-18,-0.008408684018054191,-0.002060896239709109,0.0037801838639016636,3308.8642578125,3281.15771484375,3302.052053939658,ensemble
ETH,phase1,lstm,phase1_lstm,2026-01-18,2026-01-19,-0.029235184793820444,-0.0020180096034891903,0.0037392356079014306,3281.15771484375,3186.62109375,3274.5429836050134,ensemble
ETH,phase1,lstm,phase1_lstm,2026-01-19,2026-01-20,-0.08204732940901807,-0.001973699557129294,0.0037139483740927684,3186.62109375,2935.605712890625,3180.3378637523465,ensemble
ETH,phase1,lstm,phase1_lstm,2026-01-20,2026-01-21,0.014640674097217414,-0.001982522604521364,0.003708763298334452,2935.605712890625,2978.901123046875,2929.7915734426206,ensemble
ETH,phase1,lstm,phase1_lstm,2026-01-21,2026-01-22,-0.009873624051331843,-0.002016249147709459,0.003723568453244952,2978.901123046875,2949.63330078125,2972.900967133727,ensemble
ETH,phase1,lstm,phase1_lstm,2026-01-22,2026-01-23,0.0012275504187740749,-0.0020503350882790984,0.0037499018451123286,2949.63330078125,2953.25634765625,2943.5917598352858,ensemble
ETH,phase1,lstm,phase1_lstm,2026-01-23,2026-01-24,-0.0015302026847261398,-0.0020771201816387475,0.003765158508672836,2953.25634765625,2948.74072265625,2947.1284456925996,ensemble
ETH,phase1,lstm,phase1_lstm,2026-01-24,2026-01-25,-0.046095446910964524,-0.0020716510131023823,0.0037393930207050576,2948.74072265625,2815.90234375,2942.638284194699,ensemble
ETH,phase1,lstm,phase1_lstm,2026-01-25,2026-01-26,0.0385097283715548,-0.0020317982533015312,0.0036903878625390066,2815.90234375,2926.45703125,2810.186806661879,ensemble
ETH,phase1,lstm,phase1_lstm,2026-01-26,2026-01-27,0.03219617504335294,-0.0020237933960743247,0.00365920364467109,2926.45703125,3022.2109375,2920.5404757985752,ensemble
ETH,phase1,lstm,phase1_lstm,2026-01-27,2026-01-28,-0.005176321307197195,-0.0020193397416733206,0.0036364826812531406,3022.2109375,3006.607421875,3016.114224585258,ensemble
ETH,phase1,lstm,phase1_lstm,2026-01-28,2026-01-29,-0.06470236643237812,-0.0020302469958551226,0.0036510361451098116,3006.607421875,2818.232666015625,3000.5094584695657,ensemble
ETH,phase1,lstm,phase1_lstm,2026-01-29,2026-01-30,-0.04197886796827195,-0.002050633181352168,0.0036725893320176985,2818.232666015625,2702.375244140625,2812.459426019758,ensemble
ETH,phase1,lstm,phase1_lstm,2026-01-30,2026-01-31,-0.10004843937927187,-0.0020707549643702804,0.0036749246558897544,2702.375244140625,2445.091796875,2696.7850771188505,ensemble
ETH,phase1,lstm,phase1_lstm,2026-01-31,2026-02-01,-0.07519978220290023,-0.0020753365592099727,0.003640803094465126,2445.091796875,2267.96484375,2440.022670369504,ensemble
ETH,phase1,lstm,phase1_lstm,2026-02-01,2026-02-02,0.03312814665299069,-0.0020465778768993916,0.0035958457261167347,2267.96484375,2344.356689453125,2263.3280235005027,ensemble
ETH,phase1,lstm,phase1_lstm,2026-02-02,2026-02-03,-0.05110473707553693,-0.0020508273621089755,0.0035834312419016803,2344.356689453125,2227.558837890625,2339.5537452958883,ensemble
ETH,phase1,lstm,phase1_lstm,2026-02-03,2026-02-04,-0.03846435100865618,-0.0020612039952538908,0.003568701856094569,2227.558837890625,2143.504150390625,2222.9721134256133,ensemble
ETH,phase1,lstm,phase1_lstm,2026-02-04,2026-02-05,-0.16268108635736284,-0.002092368307057768,0.003593660414952185,2143.504150390625,1821.68310546875,2139.023839105539,ensemble
ETH,phase1,lstm,phase1_lstm,2026-02-05,2026-02-06,0.12458793243377704,-0.0021120176766999065,0.0036087633612488386,1821.68310546875,2063.386962890625,1817.8397386066792,ensemble
ETH,phase1,lstm,phase1_lstm,2026-02-06,2026-02-07,0.013078072860626821,-0.0021445121034048497,0.0035990180630448188,2063.386962890625,2090.54931640625,2058.9667458731683,ensemble
ETH,phase1,lstm,phase1_lstm,2026-02-07,2026-02-08,-0.00085486651992098,-0.0021307979826815427,0.003584287617140117,2090.54931640625,2088.762939453125,2086.0995206317025,ensemble
ETH,phase1,lstm,phase1_lstm,2026-02-08,2026-02-09,0.007062777520560773,-0.0020710408105514945,0.0035332561814266157,2088.762939453125,2103.567626953125,2084.441502642577,ensemble
ETH,phase1,lstm,phase1_lstm,2026-02-09,2026-02-10,-0.04078608660125574,-0.0020403283531777562,0.003512864110938623,2103.567626953125,2019.4974365234373,2099.2800338173624,ensemble
ETH,phase1,lstm,phase1_lstm,2026-02-10,2026-02-11,-0.03984048759789168,-0.007403767295181751,0.0005102558116434127,2019.4974365234373,1940.621337890625,2004.600761256441,ensemble
ETH,phase1,lstm,phase1_lstm,2026-02-11,2026-02-12,0.003251056309532056,-0.007415904011577368,0.0005093445636690572,1940.621337890625,1946.940673828125,1926.2831075077272,ensemble
ETH,phase1,lstm,phase1_lstm,2026-02-12,2026-02-13,0.05086191072713562,-0.007421716116368771,0.0005066998932856348,1946.940673828125,2048.52734375,1932.5445210117705,ensemble
ETH,phase1,lstm,phase1_lstm,2026-02-13,2026-02-14,0.018131871977993777,-0.00740765044465661,0.0005015638584373074,2048.52734375,2086.009765625,2033.408635448684,ensemble
ETH,phase1,lstm,phase1_lstm,2026-02-14,2026-02-15,-0.05923016066341757,-0.0073813265189528465,0.0005075140888888085,2086.009765625,1966.04296875,2070.668933919545,ensemble
ETH,phase1,lstm,phase1_lstm,2026-02-15,2026-02-16,0.016082623092426845,-0.007370715122669935,0.0005055217952573354,1966.04296875,1997.917724609375,1951.6051001808287,ensemble
ETH,phase1,lstm,phase1_lstm,2026-02-16,2026-02-17,-0.002868787898831094,-0.0073855254799127575,0.00048220427753089195,1997.917724609375,1992.1943359375,1983.2164076477663,ensemble
ETH,phase1,lstm,phase1_lstm,2026-02-17,2026-02-18,-0.019371403139241388,-0.007421651855111122,0.00045638444186587684,1992.1943359375,1953.97412109375,1977.4636936126274,ensemble
ETH,phase1,lstm,phase1_lstm,2026-02-18,2026-02-19,-0.002958901252870125,-0.007433769106864929,0.00043684357734543916,1953.97412109375,1948.2010498046875,1939.5025843107614,ensemble
ETH,phase1,lstm,phase1_lstm,2026-02-19,2026-02-20,0.010630736664791151,-0.0074330494739115235,0.00042127613396953175,1948.2010498046875,1969.0223388671875,1933.7736611893517,ensemble
ETH,phase1,lstm,phase1_lstm,2026-02-20,2026-02-21,0.0023916477643178046,-0.007433317787945271,0.00042346484941860167,1969.0223388671875,1973.7371826171875,1954.4402339442786,ensemble
ETH,phase1,lstm,phase1_lstm,2026-02-21,2026-02-22,-0.008104381025179103,-0.007417559064924717,0.00044510986077009036,1973.7371826171875,1957.805908203125,1959.151034172945,ensemble
ETH,phase1,lstm,phase1_lstm,2026-02-22,2026-02-23,-0.053668696967508325,-0.0074103658087551596,0.0005180878170823838,1957.805908203125,1855.5028076171875,1943.3514727133359,ensemble
ETH,phase1,lstm,phase1_lstm,2026-02-23,2026-02-24,-0.001366236763411363,-0.0074302668683230875,0.0005016503675043887,1855.5028076171875,1852.969482421875,1841.7670200599803,ensemble
ETH,phase1,lstm,phase1_lstm,2026-02-24,2026-02-25,0.10330529755605292,-0.0074297325685620304,0.0004540202787408499,1852.969482421875,2054.6279296875,1839.2534311012146,ensemble
ETH,phase1,lstm,phase1_lstm,2026-02-25,2026-02-26,-0.013640230652308093,-0.00742767546325922,0.0004213160561767769,2054.6279296875,2026.7926025390625,2039.423357445535,ensemble
ETH,phase1,lstm,phase1_lstm,2026-02-26,2026-02-27,-0.04853988358482078,-0.007410667650401592,0.000402544840853587,2026.7926025390625,1930.7618408203125,2011.828232635699,ensemble
ETH,phase1,lstm,phase1_lstm,2026-02-27,2026-02-28,0.017603302415937827,-0.00740547040477395,0.0004061103840922034,1930.7618408203125,1965.050537109375,1916.5164531503874,ensemble
ETH,phase1,lstm,phase1_lstm,2026-02-28,2026-03-01,-0.013311214361673498,-0.007380469422787428,0.00039970974314167834,1965.050537109375,1939.066650390625,1950.6009297394066,ensemble
ETH,phase1,lstm,phase1_lstm,2026-03-01,2026-03-02,0.04448277882265156,-0.007347448635846377,0.0004007422399178883,1939.066650390625,2027.2689208984373,1924.8716700793711,ensemble
ETH,phase1,lstm,phase1_lstm,2026-03-02,2026-03-03,-0.02219521539096451,-0.007330618984997273,0.0003812146992129578,2027.2689208984373,1982.7689208984373,2012.4621226645443,ensemble
ETH,phase1,lstm,phase1_lstm,2026-03-03,2026-03-04,0.06998564880773499,-0.007327845320105553,0.00040186297991286207,1982.7689208984373,2126.50537109375,1968.2926018322748,ensemble
ETH,phase1,lstm,phase1_lstm,2026-03-04,2026-03-05,-0.026156066067129717,-0.0073304159566760065,0.00044057600743466967,2126.50537109375,2071.60546875,2110.974196720991,ensemble
ETH,phase1,lstm,phase1_lstm,2026-03-05,2026-03-06,-0.04585794631276462,-0.007304314337670803,0.00045797017792568496,2071.60546875,1978.751220703125,2056.5289401062328,ensemble
ETH,phase1,lstm,phase1_lstm,2026-03-06,2026-03-07,-0.004708868776353749,-0.007288394309580326,0.0004503635572515158,1978.751220703125,1969.4554443359373,1964.3817304313568,ensemble
ETH,phase1,lstm,phase1_lstm,2026-03-07,2026-03-08,-0.016820776457913442,-0.007277237717062235,0.00040260058822726624,1969.4554443359373,1936.604736328125,1955.175272019585,ensemble
ETH,phase1,lstm,phase1_lstm,2026-03-08,2026-03-09,0.028673744603590037,-0.0072881047613918785,0.00038866236429053785,1936.604736328125,1992.938232421875,1922.541866211135,ensemble
ETH,phase1,lstm,phase1_lstm,2026-03-09,2026-03-10,0.021927234478122906,-0.007323609385639429,0.0003824063583990074,1992.938232421875,2037.1204833984373,1978.3960469187898,ensemble
ETH,phase1,lstm,phase1_lstm,2026-03-10,2026-03-11,0.007069651069372434,-0.007361095119267702,0.00038490707191607946,2037.1204833984373,2051.5732421875,2022.180101997921,ensemble
ETH,phase1,lstm,phase1_lstm,2026-03-11,2026-03-12,0.010455613837732266,-0.0073714107275009155,0.0004035439770063849,2051.5732421875,2073.13623046875,2036.5058553574381,ensemble
ETH,phase1,lstm,phase1_lstm,2026-03-12,2026-03-13,0.00932731032254328,-0.007366615161299705,0.00041740362899863606,2073.13623046875,2092.5634765625,2057.9203472698614,ensemble
ETH,phase1,lstm,phase1_lstm,2026-03-13,2026-03-14,0.0021592233043722896,-0.007368811406195164,0.00045622605110304726,2092.5634765625,2097.086669921875,2077.2004441094728,ensemble
ETH,phase1,lstm,phase1_lstm,2026-03-14,2026-03-15,0.03761747257489843,-0.007345941383391619,0.0004511756655455965,2097.086669921875,2177.476318359375,2081.7380382642427,ensemble
ETH,phase1,lstm,phase1_lstm,2026-03-15,2026-03-16,0.0767490852405507,-0.007325459737330675,0.0004385058840829002,2177.476318359375,2351.176025390625,2161.5835851190445,ensemble
ETH,phase1,lstm,phase1_lstm,2026-03-16,2026-03-17,-0.014187828746907258,-0.0073420991189777855,0.0004668979689503294,2351.176025390625,2318.053466796875,2333.976674896977,ensemble
ETH,phase1,lstm,phase1_lstm,2026-03-17,2026-03-18,-0.05060291819156262,-0.007340816222131253,0.000509795376445137,2318.053466796875,2203.671630859375,2301.0993669043596,ensemble
ETH,phase1,lstm,phase1_lstm,2026-03-18,2026-03-19,-0.030523607148640667,-0.007344797998666763,0.0005376301024583244,2203.671630859375,2137.423828125,2187.5454023163575,ensemble
ETH,phase1,lstm,phase1_lstm,2026-03-19,2026-03-20,0.004235958585431247,-0.0073504033498466015,0.0005480172224680765,2137.423828125,2146.4970703125,2121.770500471713,ensemble
ETH,phase1,lstm,phase1_lstm,2026-03-20,2026-03-21,-0.033061992006107994,-0.007340970728546381,0.0005426942614590848,2146.4970703125,2076.68994140625,2130.7973940866077,ensemble
ETH,phase1,lstm,phase1_lstm,2026-03-21,2026-03-22,-0.011449568094526609,-0.007324753981083632,0.0004877960801943861,2076.68994140625,2053.04833984375,2061.5342720262356,ensemble
ETH,phase1,lstm,phase1_lstm,2026-03-22,2026-03-23,0.04713979833568274,-0.007319381553679704,0.0004131163619441776,2053.04833984375,2152.14599609375,2038.0761561014747,ensemble
ETH,phase1,lstm,phase1_lstm,2026-03-23,2026-03-24,0.0016520306586044232,-0.007347866240888834,0.0003743565728614444,2152.14599609375,2155.704345703125,2136.390271550885,ensemble
ETH,phase1,lstm,phase1_lstm,2026-03-24,2026-03-25,0.005697480587391201,-0.007386765256524086,0.0003865671187280489,2155.704345703125,2168.021484375,2139.839331445555,ensemble
ETH,phase1,lstm,phase1_lstm,2026-03-25,2026-03-26,-0.05131370661715102,-0.007390657532960176,0.00038720254018110564,2168.021484375,2059.578369140625,2152.0574450987897,ensemble
ETH,phase1,lstm,phase1_lstm,2026-03-26,2026-03-27,-0.033727669892453536,-0.007382250297814608,0.0003960611499921128,2059.578369140625,1991.27197265625,2044.4300293253627,ensemble
ETH,phase1,lstm,phase1_lstm,2026-03-27,2026-03-28,0.0007141663784116856,-0.007378219068050385,0.00042819727878602194,1991.27197265625,1992.694580078125,1976.6339993102013,ensemble
ETH,phase1,lstm,phase1_lstm,2026-03-28,2026-03-29,-0.005098999439741094,-0.007362442929297686,0.00038108726929919395,1992.694580078125,1982.5596923828125,1978.0773552265089,ensemble
ETH,phase1,lstm,phase1_lstm,2026-03-29,2026-03-30,0.02044726139354914,-0.00734374113380909,0.0003041026016819872,1982.5596923828125,2023.514892578125,1968.0536168447463,ensemble
ETH,phase1,lstm,phase1_lstm,2026-03-30,2026-03-31,0.039340814763852025,-0.007358857896178961,0.0003043391233023946,2023.514892578125,2104.708251953125,2008.6787893717592,ensemble
ETH,phase1,lstm,phase1_lstm,2026-03-31,2026-04-01,0.016038636316827372,-0.007378084026277066,0.0003238581850787132,2104.708251953125,2138.737060546875,2089.23668307132,ensemble
ETH,phase1,lstm,phase1_lstm,2026-04-01,2026-04-02,-0.03903857547596571,-0.007386463321745395,0.0003606986133974621,2138.737060546875,2056.8525390625,2122.9975588821553,ensemble
ETH,phase1,lstm,phase1_lstm,2026-04-02,2026-04-03,-0.0016871461717564678,-0.007394920103251934,0.000394715719866494,2056.8525390625,2053.38525390625,2041.69837982885,ensemble
ETH,phase1,lstm,phase1_lstm,2026-04-03,2026-04-04,0.00581068555550107,-0.007381733134388923,0.0003872553490909388,2053.38525390625,2065.3515625,2038.2835190026658,ensemble
ETH,phase1,lstm,phase1_lstm,2026-04-04,2026-04-05,0.020911357684258978,-0.007365951407700777,0.00034226206831319865,2065.3515625,2108.99560546875,2050.1941760698633,ensemble
ETH,phase1,lstm,phase1_lstm,2026-04-05,2026-04-06,-0.0005853459761497797,-0.007320213038474322,0.0002366266943241865,2108.99560546875,2107.761474609375,2093.6136765252427,ensemble
ETH,phase1,lstm,phase1_lstm,2026-04-06,2026-04-07,0.06165560497032879,-0.007315870933234691,0.00020288415508578475,2107.761474609375,2241.806640625,2092.397632172437,ensemble
ETH,phase1,lstm,phase1_lstm,2026-04-07,2026-04-08,-0.02322737152703056,-0.007308677025139332,0.00020912302372706613,2241.806640625,2190.33544921875,2225.481729356413,ensemble
ETH,phase1,lstm,phase1_lstm,2026-04-08,2026-04-09,-0.0005440857898826656,-0.007314883079379797,0.0002276018067086959,2190.33544921875,2189.14404296875,2174.3718585835472,ensemble
ETH,phase1,lstm,phase1_lstm,2026-04-09,2026-04-10,0.025261127435567108,-0.007335718628019095,0.00025577856352941857,2189.14404296875,2245.148681640625,2173.1438564177233,ensemble
ETH,phase1,lstm,phase1_lstm,2026-04-10,2026-04-11,0.017765001038666954,-0.007340462878346443,0.00028133723385236975,2245.148681640625,2285.39013671875,2228.7285903513784,ensemble
ETH,phase1,lstm,phase1_lstm,2026-04-11,2026-04-12,-0.04163060757712065,-0.007312448788434267,0.00024152916117877617,2285.39013671875,2192.201171875,2268.739291803734,ensemble
ETH,phase1,lstm,phase1_lstm,2026-04-12,2026-04-13,0.07828539113868566,-0.007287541218101978,0.00017820764139984992,2192.201171875,2370.71484375,2176.2834863180346,ensemble
ETH,phase1,lstm,phase1_lstm,2026-04-13,2026-04-14,-0.02019924377033633,-0.007295398321002722,0.00017248863900603682,2370.71484375,2323.30859375,2353.4824696056153,ensemble
ETH,phase1,lstm,phase1_lstm,2026-04-14,2026-04-15,0.015430748489014857,-0.007308185659348964,0.0001946972145159641,2323.30859375,2359.43701171875,2306.3913158022824,ensemble
ETH,phase1,lstm,phase1_lstm,2026-04-15,2026-04-16,-0.004584461790341291,-0.0073160070925951,0.00021433508216793244,2359.43701171875,2348.64501953125,2342.2383433081895,ensemble
ETH,phase1,lstm,phase1_lstm,2026-04-16,2026-04-17,0.03037175089257519,-0.007325293589383363,0.00023864858125168597,2348.64501953125,2421.07177734375,2331.503365700986,ensemble
ETH,phase1,lstm,phase1_lstm,2026-04-17,2026-04-18,-0.029326772361462847,-0.007324657775461674,0.00024275388692475763,2421.07177734375,2351.1005859375,2403.403042836471,ensemble
ETH,phase1,lstm,phase1_lstm,2026-04-18,2026-04-19,-0.0373454427406088,-0.007299945782870054,0.00020906349462436152,2351.1005859375,2264.9169921875,2334.000171119497,ensemble
ETH,phase1,lstm,phase1_lstm,2026-04-19,2026-04-20,0.021963323579239753,-0.007285889983177185,0.00013119054104395405,2264.9169921875,2315.21240234375,2248.4750260734777,ensemble
ETH,phase1,lstm,phase1_lstm,2026-04-20,2026-04-21,0.0054954065471357755,-0.007291930913925171,0.00013023050201825976,2315.21240234375,2327.970458984375,2298.391436648666,ensemble
ETH,phase1,lstm,phase1_lstm,2026-04-21,2026-04-22,0.02045865422003999,-0.007304510846734047,0.0001513182317339286,2327.970458984375,2376.088134765625,2311.0277280296546,ensemble
ETH,phase1,lstm,phase1_lstm,2026-04-22,2026-04-23,-0.0189376886242059,-0.00731122400611639,0.0001692514297995963,2376.088134765625,2331.513916015625,2358.7793733717913,ensemble
ETH,phase1,lstm,phase1_lstm,2026-04-23,2026-04-24,-0.006810026535066284,-0.007316193543374538,0.00018648711795495363,2331.513916015625,2315.690185546875,2314.5183561691924,ensemble
ETH,phase1,lstm,phase1_lstm,2026-04-24,2026-04-25,0.001354581263398566,-0.007322308886796236,0.0002015912904573333,2315.690185546875,2318.8291015625,2298.795914740635,ensemble
ETH,phase1,lstm,phase1_lstm,2026-04-25,2026-04-26,0.02171324359272805,-0.0073133382946252825,0.00016735439319548315,2318.8291015625,2369.72900390625,2301.9325801927607,ensemble
ETH,phase1,lstm,phase1_lstm,2026-04-26,2026-04-27,-0.02853520923910551,-0.00729440413415432,0.00011824888926908663,2369.72900390625,2303.06396484375,2352.5061345147874,ensemble
ETH,phase1,lstm,phase1_lstm,2026-04-27,2026-04-28,-0.005942025412355139,-0.007306965533643961,0.00012518273649889819,2303.06396484375,2289.419677734375,2286.2968886566473,ensemble
ETH,phase1,lstm,phase1_lstm,2026-04-28,2026-04-29,-0.01585118391858995,-0.007320835161954165,0.00014485922460967703,2289.419677734375,2253.415771484375,2272.7204145163196,ensemble
ETH,phase1,lstm,phase1_lstm,2026-04-29,2026-04-30,0.0012574984349416124,-0.007332406751811504,0.00017873513808720472,2253.415771484375,2256.251220703125,2236.9532392161072,ensemble
ETH,phase1,lstm,phase1_lstm,2026-04-30,2026-05-01,0.017069008220622378,-0.007342604175209999,0.00021366318126931526,2256.251220703125,2295.09375,2239.7451340588273,ensemble
ETH,phase1,lstm,phase1_lstm,2026-05-01,2026-05-02,0.00916800638403556,-0.007344638649374247,0.0002554137152307288,2295.09375,2316.23193359375,2278.298867409836,ensemble
ETH,phase1,lstm,phase1_lstm,2026-05-02,2026-05-03,0.0023302997915724253,-0.007315068505704403,0.00022650300071959883,2316.23193359375,2321.6357421875,2299.350358541417,ensemble
ETH,phase1,lstm,phase1_lstm,2026-05-03,2026-05-04,0.010608949945406291,-0.007286449056118726,0.00016765774720529366,2321.6357421875,2346.39697265625,2304.7807427451226,ensemble
ETH,phase1,lstm,phase1_lstm,2026-05-04,2026-05-05,0.00628165402969772,-0.007289497274905443,0.00016946140876693893,2346.39697265625,2361.1826171875,2329.355107096911,ensemble
ETH,phase1,lstm,phase1_lstm,2026-05-05,2026-05-06,-0.004406055141063485,-0.007299865689128637,0.00020661285012708584,2361.1826171875,2350.802001953125,2344.0090598076968,ensemble
ETH,phase1,lstm,phase1_lstm,2026-05-06,2026-05-07,-0.02572114978849261,-0.007304011750966311,0.0002432796261995373,2350.802001953125,2291.107666015625,2333.6942700999516,ensemble
ETH,phase1,lstm,phase1_lstm,2026-05-07,2026-05-08,0.006900517380177334,-0.0073198510333895685,0.00028884331972548784,2291.107666015625,2306.97216796875,2274.3983287362394,ensemble
ETH,phase1,lstm,phase1_lstm,2026-05-08,2026-05-09,0.008526770803293412,-0.007325483579188585,0.0003236089759628445,2306.97216796875,2326.727294921875,2290.1342295527193,ensemble
ETH,phase1,lstm,phase1_lstm,2026-05-09,2026-05-10,0.018023789401602215,-0.007299046590924263,0.00030301938502653005,2326.727294921875,2369.0439453125,2309.8062329257264,ensemble
ETH,phase1,lstm,phase1_lstm,2026-05-10,2026-05-11,-0.012608728464913158,-0.007262306660413742,0.00022512283139602927,2369.0439453125,2339.36083984375,2351.9015437206294,ensemble
ETH,phase1,lstm,phase1_lstm,2026-05-11,2026-05-12,-0.028054385823506677,-0.007269853260368109,0.00024116920344327547,2339.36083984375,2274.6435546875,2322.415698789746,ensemble
ETH,phase1,lstm,phase1_lstm,2026-05-12,2026-05-13,-0.007531505292275851,-0.0072784597054123875,0.0002735835366639399,2274.6435546875,2257.576416015625,2258.147758049446,ensemble
ETH,phase1,lstm,phase1_lstm,2026-05-13,2026-05-14,0.01029350969888902,-0.007284241728484631,0.0002930025913013101,2257.576416015625,2280.934814453125,2241.191432221294,ensemble
ETH,phase1,lstm,phase1_lstm,2026-05-14,2026-05-15,-0.025579807171991084,-0.007300070114433765,0.0003173126434532916,2280.934814453125,2223.328857421875,2264.3444594349435,ensemble
ETH,phase1,lstm,phase1_lstm,2026-05-15,2026-05-16,-0.019794470746775893,-0.007304550427943468,0.0003515372815425311,2223.328857421875,2179.751953125,2207.147609981664,ensemble
ETH,phase1,lstm,phase1_lstm,2026-05-16,2026-05-17,-0.024195229175847065,-0.007292752433568239,0.000320262378414369,2179.751953125,2127.645263671875,2163.9133853379435,ensemble
ETH,phase1,lstm,phase1_lstm,2026-05-17,2026-05-18,0.0004092183281597835,-0.007282529585063457,0.0002550747396927424,2127.645263671875,2128.51611328125,2112.206907466915,ensemble
ETH,phase1,lstm,phase1_lstm,2026-05-18,2026-05-19,-0.00875425372369268,-0.007300902809947729,0.00025407259082409987,2128.51611328125,2109.9638671875,2113.032614545076,ensemble
ETH,phase1,lstm,phase1_lstm,2026-05-19,2026-05-20,0.008033908248005973,-0.007302131969481707,0.00028646790726305856,2109.9638671875,2126.9833984375,2094.6127487363865,ensemble
ETH,phase1,lstm,phase1_lstm,2026-05-20,2026-05-21,0.002079303908552925,-0.007309659291058779,0.00029220557183701787,2126.9833984375,2131.41064453125,2111.492559827711,ensemble
ETH,phase1,lstm,phase1_lstm,2026-05-21,2026-05-22,-0.031829628880296966,-0.007315633725374937,0.00030397321849497176,2131.41064453125,2064.636962890625,2115.874921056114,ensemble
ETH,phase1,lstm,phase1_lstm,2026-05-22,2026-05-23,0.024550147375465296,-0.003823145991191268,0.0012325050789303688,2064.636962890625,2115.951416015625,2056.758623978705,ensemble
ETH,phase1,lstm,phase1_lstm,2026-05-23,2026-05-24,-0.008522952674199372,-0.003906963998451829,0.0012974768645528211,2115.951416015625,2097.993896484375,2107.700598329897,ensemble
ETH,phase1,lstm,phase1_lstm,2026-05-24,2026-05-25,0.006355596261768782,-0.004044728679582476,0.0014770553923267554,2097.993896484375,2111.370361328125,2089.525218699141,ensemble
ETH,phase1,lstm,phase1_lstm,2026-05-25,2026-05-26,-0.019374108363781214,-0.004290071316063404,0.001831593430787561,2111.370361328125,2070.858154296875,2102.3318337300193,ensemble
ETH,phase1,lstm,phase1_lstm,2026-05-26,2026-05-27,-0.023777930243884346,-0.004465525737032294,0.002032158569621419,2070.858154296875,2022.1982421875,2061.6313006200594,ensemble
ETH,phase1,lstm,phase1_lstm,2026-05-27,2026-05-28,-0.0072687232435778805,-0.0045618399977684024,0.002090705811285287,2022.1982421875,2007.552734375,2012.9943067646936,ensemble
ETH,phase1,lstm,phase1_lstm,2026-05-28,2026-05-29,0.00220213888797984,-0.004610370704904198,0.002149629632690615,2007.552734375,2011.978515625,1998.318475095693,ensemble
ETH,phase1,lstm,phase1_lstm,2026-05-29,2026-05-30,0.0037107092790728668,-0.004576294682919979,0.002094419210639819,2011.978515625,2019.458251953125,2002.7921448437814,ensemble
ETH,phase1,lstm,phase1_lstm,2026-05-30,2026-05-31,-0.007513679144432405,-0.004652894800528884,0.0022846728188136464,2019.458251953125,2004.341552734375,2010.083751347999,ensemble
ETH,phase1,lstm,phase1_lstm,2026-05-31,2026-06-01,-0.0005591235515652776,-0.00476589510217309,0.002455564071606847,2004.341552734375,2003.22119140625,1994.8117980886486,ensemble
ETH,phase1,lstm,phase1_lstm,2026-06-01,2026-06-02,-0.07540853835127649,-0.004878420289605856,0.0025752064768568813,2003.22119140625,1857.71630859375,1993.472435101005,ensemble
ETH,phase1,lstm,phase1_lstm,2026-06-02,2026-06-03,-0.02506448300158351,-0.0049027364235371355,0.0025360726037938148,1857.71630859375,1811.7322998046875,1848.6307055405975,ensemble
ETH,phase1,lstm,phase1_lstm,2026-06-03,2026-06-04,-0.023540908919617697,-0.00484593715518713,0.002381393057259682,1811.7322998046875,1769.58056640625,1802.97399716923,ensemble
ETH,phase1,lstm,phase1_lstm,2026-06-04,2026-06-05,-0.11277301635815795,-0.004893363965675235,0.002458119742912203,1769.58056640625,1580.86083984375,1760.942516426002,ensemble
ETH,phase1,lstm,phase1_lstm,2026-06-05,2026-06-06,-0.00767912718680117,-0.0051164040341973305,0.0026556990006787492,1580.86083984375,1568.7677001953125,1572.7931733852076,ensemble
ETH,phase1,lstm,phase1_lstm,2026-06-06,2026-06-07,0.07230344307254986,-0.00542702260427177,0.0030039295628267446,1568.7677001953125,1686.396240234375,1560.277022813887,ensemble
ETH,phase1,lstm,phase1_lstm,2026-06-07,2026-06-08,0.002222580242866329,-0.005778441065922379,0.003376902157237042,1686.396240234375,1690.1485595703125,1676.6795995011519,ensemble
ETH,phase1,lstm,phase1_lstm,2026-06-08,2026-06-09,-0.031519541921552284,-0.006007491005584597,0.0036573516557154395,1690.1485595703125,1637.7066650390625,1680.025445005645,ensemble
ETH,phase1,lstm,phase1_lstm,2026-06-09,2026-06-10,-0.010785745482471555,-0.006119286455214023,0.0038102428405250716,1637.7066650390625,1620.1376953125,1627.7156688863972,ensemble
ETH,phase1,lstm,phase1_lstm,2026-06-10,2026-06-11,0.03167720451879468,-0.0061904510948807,0.003922175956841917,1620.1376953125,1672.2806396484375,1610.1392913875773,ensemble
ETH,phase1,lstm,phase1_lstm,2026-06-11,2026-06-12,-0.004286465439468386,-0.006104365782812237,0.0038816329289359684,1672.2806396484375,1665.1278076171875,1662.1035209627614,ensemble
ETH,phase1,lstm,phase1_lstm,2026-06-12,2026-06-13,0.009019641302053691,-0.005912749888375401,0.003827757159070743,1665.1278076171875,1680.214599609375,1655.3113730188854,ensemble
ETH,phase1,lstm,phase1_lstm,2026-06-13,2026-06-14,0.02608131744744488,-0.005728710279799998,0.003771348451225522,1680.214599609375,1724.61328125,1670.6166551307836,ensemble
ETH,phase1,lstm,phase1_lstm,2026-06-14,2026-06-15,0.03998055531190125,-0.00555142224766314,0.0036638961573539595,1724.61328125,1794.961181640625,1715.0657504192532,ensemble
ETH,phase1,lstm,phase1_lstm,2026-06-15,2026-06-16,-0.002545346375384009,-0.005353442090563476,0.0034385557959275637,1794.961181640625,1790.398193359375,1785.3776362656606,ensemble
ETH,phase1,lstm,phase1_lstm,2026-06-16,2026-06-17,-0.024031278966082516,-0.005052487645298242,0.0031322215702808557,1790.398193359375,1747.885498046875,1781.3750424813932,ensemble
ETH,phase1,lstm,phase1_lstm,2026-06-17,2026-06-18,-0.022186275106794908,-0.004710733366664499,0.0028428336982958616,1747.885498046875,1709.533447265625,1739.6710387644214,ensemble
ETH,phase1,lstm,phase1_lstm,2026-06-18,2026-06-19,0.0008472258287815989,-0.0043198485160246495,0.0025180598746723714,1709.533447265625,1710.982421875,1702.164449676468,ensemble
ETH,phase1,lstm,phase1_lstm,2026-06-19,2026-06-20,0.016415812264568657,-0.00394314318546094,0.002228063110036403,1710.982421875,1739.3013916015625,1704.2490572325987,ensemble
ETH,phase1,lstm,phase1_lstm,2026-06-20,2026-06-21,-0.020164455160312907,-0.0036646609602030366,0.0020365036489974875,1739.3013916015625,1704.58056640625,1732.939106622741,ensemble
ETH,phase1,lstm,phase1_lstm,2026-06-21,2026-06-22,0.012783452112487081,-0.0034306488872971387,0.0019028176842203865,1704.58056640625,1726.5108642578125,1698.742768425963,ensemble
ETH,phase1,lstm,phase1_lstm,2026-06-22,2026-06-23,-0.036015118575190234,-0.0032654161157552155,0.0018372710087271092,1726.5108642578125,1665.436767578125,1720.8822826895553,ensemble
ETH,phase1,lstm,phase1_lstm,2026-06-23,2026-06-24,-0.027707605238555068,-0.003208628698484972,0.001862353403574515,1665.436767578125,1619.9249267578125,1660.1015632922463,ensemble
ETH,phase1,lstm,phase1_lstm,2026-06-24,2026-06-25,-0.03461114583410765,-0.0031652150384616105,0.001913039290240938,1619.9249267578125,1564.816650390625,1614.8056221424529,ensemble
ETH,phase1,lstm,phase1_lstm,2026-06-25,2026-06-26,0.00751217354974333,-0.0030987565813120456,0.0019399182454758203,1564.816650390625,1576.6160888671875,1559.9751696559342,ensemble
ETH,phase1,lstm,phase1_lstm,2026-06-26,2026-06-27,-0.003194097811799365,-0.003044809872517362,0.0019448914229077392,1576.6160888671875,1571.5882568359375,1571.8228935219781,ensemble
ETH,phase1,lstm,phase1_lstm,2026-06-27,2026-06-28,-0.0007810761173124416,-0.0029603033617604524,0.0019236479871341675,1571.5882568359375,1570.3612060546875,1566.9427582709604,ensemble
ETH,phase1,lstm,phase1_lstm,2026-06-28,2026-06-29,0.025056343014794192,-0.002911365596810356,0.0018726830851327207,1570.3612060546875,1610.205810546875,1565.7959592406764,ensemble
ETH,phase1,lstm,phase1_lstm,2026-06-29,2026-06-30,-0.025551475094469023,-0.0028754270751960576,0.0017885204190403142,1610.205810546875,1569.5838623046875,1605.5824314428567,ensemble
ETH,phase1,lstm,phase1_lstm,2026-06-30,2026-07-01,0.024777910106091337,-0.002790444518905133,0.0016764548379097073,1569.5838623046875,1608.960693359375,1565.210130784765,ensemble
ETH,phase1,lstm,phase1_lstm,2026-07-01,2026-07-02,0.053962428648177775,-0.002711316349450499,0.0015838344932771822,1608.960693359375,1698.16943359375,1604.6042005097916,ensemble
ETH,phase1,lstm,phase1_lstm,2026-07-02,2026-07-03,0.0337829584823897,-0.002636642206925899,0.001513829060415023,1698.16943359375,1756.5186767578125,1693.6978659431086,ensemble
ETH,phase1,lstm,phase1_lstm,2026-07-03,2026-07-04,0.012736109597214896,-0.0025760405580513178,0.0014681331394733545,1756.5186767578125,1779.032958984375,1751.999636520001,ensemble
ETH,phase1,lstm,phase1_lstm,2026-07-04,2026-07-05,0.002230758380216772,-0.0025319142849184574,0.0014270056815869005,1779.032958984375,1783.0059814453125,1774.5342975380272,ensemble
ETH,phase1,lstm,phase1_lstm,2026-07-05,2026-07-06,0.008137134529373787,-0.002484414295759052,0.001392146383269955,1783.0059814453125,1797.57373046875,1778.5817539782129,ensemble
ETH,phase1,lstm,phase1_lstm,2026-07-06,2026-07-07,-0.016299610142193822,-0.002469998155720532,0.001348760203132234,1797.57373046875,1768.511474609375,1793.1392055584413,ensemble
ETH,phase1,lstm,phase1_lstm,2026-07-07,2026-07-08,-0.014715429926392411,-0.0024567767162807287,0.0013018282294818397,1768.511474609375,1742.6776123046875,1764.1719695762233,ensemble
ETH,phase1,lstm,phase1_lstm,2026-07-08,2026-07-09,0.0010363767887721133,-0.002485929650720209,0.0012606828854116136,1742.6776123046875,1744.484619140625,1738.3508186371914,ensemble
ETH,phase1,lstm,phase1_lstm,2026-07-09,2026-07-10,0.028931987175530218,-0.0024838972720317544,0.0012429480114505827,1744.484619140625,1795.6932373046875,1740.1568756142992,ensemble
ETH,phase1,lstm,phase1_lstm,2026-07-10,2026-07-11,-0.004237766868141637,-0.002460519957821816,0.0012358575791554416,1795.6932373046875,1788.099609375,1791.2803295063986,ensemble
ETH,phase1,lstm,phase1_lstm,2026-07-11,2026-07-12,0.00984372406415057,-0.0024615180445834994,0.001209737546346412,1788.099609375,1805.7880859375,1783.7035825902913,ensemble
ETH,phase1,lstm,phase1_lstm,2026-07-12,2026-07-13,-0.018041700992512517,-0.002483431645669043,0.0011543501283733755,1805.7880859375,1773.500732421875,1801.3090985909569,ensemble
ETH,phase1,lstm,phase1_lstm,2026-07-13,2026-07-14,0.06334617578601259,-0.0025518731912598015,0.0011176322473735586,1773.500732421875,1889.4798583984373,1768.9807531080091,ensemble
ETH,phase1,lstm,phase1_lstm,2026-07-14,2026-07-15,0.014430524175558828,-0.002601476572453976,0.0011363166795927409,1889.4798583984373,1916.9437255859373,1884.5708089698037,ensemble
ETH,phase1,lstm,phase1_lstm,2026-07-15,2026-07-16,-0.028440232689138405,-0.002592084463685751,0.0011957503125409508,1916.9437255859373,1863.193359375,1911.9812798548421,ensemble
ETH,phase1,lstm,phase1_lstm,2026-07-16,2026-07-17,-0.011989404987594009,-0.002639365941286087,0.001192026749724881,1863.193359375,1840.9881591796875,1858.2821943121692,ensemble
ETH,phase1,lstm,phase1_lstm,2026-07-17,2026-07-18,0.011022172689536534,-0.002682801173068583,0.001222364745646492,1840.9881591796875,1861.39208984375,1836.055773250385,ensemble
ETH,phase1,lstm,phase1_lstm,2026-07-18,2026-07-19,0.005420170979573819,-0.0027788944775238634,0.0012732403185920736,1861.39208984375,1871.508544921875,1856.2266580637647,ensemble
ETH,phase1,lstm,phase1_lstm,2026-07-19,2026-07-20,0.01708549188125397,-0.0029488768661394714,0.0013088458955030856,1871.508544921875,1903.7589111328125,1865.9978258783005,ensemble
ETH,phase1,lstm,phase1_lstm,2026-07-20,2026-07-21,0.012851931047764876,-0.003102451912127435,0.0013372964291728834,1903.7589111328125,1928.3837890625,1897.8617432287804,ensemble
ETH,phase1,lstm,phase1_lstm,2026-07-21,2026-07-22,0.0026444810723667356,-0.0031435291050001977,0.0013636881862342676,1928.3837890625,1933.4901123046875,1922.331376447624,ensemble
ETH,phase1,lstm,phase1_lstm,2026-07-22,2026-07-23,-0.029598568421148785,-0.003090688516385853,0.0013677315932496283,1933.4901123046875,1877.1002197265625,1927.5235218039952,ensemble
ETH,phase1,lstm,phase1_lstm,2026-07-23,2026-07-24,-0.009056635454748527,-0.0030965037411078812,0.0013776555718689736,1877.1002197265625,1860.1767578125,1871.296761725575,ensemble
ETH,phase1,lstm,phase1_lstm,2026-07-24,2026-07-25,0.006988648574768904,-0.0031106720911338926,0.001409571609313375,1860.1767578125,1873.222412109375,1854.3993483592217,ensemble
ETH,phase1,lstm,phase1_lstm,2026-07-25,2026-07-26,0.041917042836694604,-0.003112449636682868,0.0014342268975325295,1873.222412109375,1953.4112548828125,1867.401165561098,ensemble
ETH,phase1,lstm,phase1_lstm,2026-07-26,2026-07-27,-0.032675812699619874,-0.0031170491129159927,0.001428590057505855,1953.4112548828125,1890.613525390625,1947.33185587854,ensemble
ETH,phase1,lstm,phase1_lstm,2026-07-27,2026-07-28,0.015396962638548027,-0.0031106143025681375,0.0013756957170949914,1890.613525390625,1919.948486328125,1884.741693155198,ensemble
ETH,phase1,lstm,phase1_lstm,2026-07-28,2026-07-29,-0.005970784512141466,-0.0030243789777159693,0.0013073639667152306,1919.948486328125,1908.51904296875,1914.1506064002308,ensemble
ETH,phase1,lstm,phase1_lstm,2026-07-29,2026-07-30,0.004628409644754907,-0.002942119725048542,0.0012912154999092215,1908.51904296875,1917.3729248046875,1902.9122034877487,ensemble
ETH,phase1,lstm,phase1_lstm,2026-07-30,2026-07-31,-0.03019351719084729,-0.002834169426932931,0.001289031376751401,1917.3729248046875,1860.345947265625,1911.9464584760074,ensemble
ETH,phase1,lstm,phase1_lstm,2026-07-31,2026-08-01,-0.009141155880177469,-0.0026788128772750495,0.001268808405995041,1860.345947265625,1843.417724609375,1855.3690975865793,ensemble
ETH,phase1,lstm,phase1_lstm,2026-08-01,2026-08-02,0.020991044981634618,-0.0025580573827028276,0.0012495219228731776,1843.417724609375,1882.52197265625,1838.708182497153,ensemble
ETH,phase1,lstm,phase1_lstm,2026-08-02,2026-08-03,-0.012973686445006478,-0.0024827428511343896,0.001256613188993412,1882.52197265625,1858.2564697265625,1877.8539518320106,ensemble
ETH,phase1,lstm,phase1_lstm,2026-08-03,2026-08-04,0.005436217682913836,-0.002475051034707576,0.0012401069858471126,1858.2564697265625,1868.3858642578125,1853.6628771614112,ensemble
ETH,phase1,lstm,phase1_lstm,2026-08-04,2026-08-05,0.02020785436698823,-0.0024610631866380573,0.001262412799933274,1868.3858642578125,1906.5260009765625,1863.7933021995907,ensemble
ETH,phase1,lstm,phase1_lstm,2026-08-05,2026-08-06,-0.002346545855886157,-0.002445995743619278,0.0012992537634475868,1906.5260009765625,1902.0574951171875,1901.868345118465,ensemble
ETH,phase1,lstm,phase1_lstm,2026-08-06,2026-08-07,0.005882550580216205,-0.0024399552086833863,0.001285960842359952,1902.0574951171875,1913.2794189453125,1897.4222172595685,ensemble
ETH,phase1,lstm,phase1_lstm,2026-08-07,2026-08-08,0.001177148461113393,-0.0024122489558067173,0.001309922907369881,1913.2794189453125,1915.532958984375,1908.6696748253355,ensemble
ETH,phase1,lstm,phase1_lstm,2026-08-08,2026-08-09,-0.0035825526559130822,-0.00238718421314843,0.0013075998607874287,1915.532958984375,1908.6827392578125,1910.9656825789298,ensemble
ETH,phase1,lstm,phase1_lstm,2026-08-09,2026-08-10,-0.019791352046331357,-0.002401693951105699,0.0013247673678406446,1908.6827392578125,1871.2786865234373,1904.1041678328227,ensemble
ETH,phase1,lstm,phase1_lstm,2026-08-10,2026-08-11,0.005380127113694831,-0.0024467307550366966,0.0013044204721811697,1871.2786865234373,1881.37353515625,1866.7057680413322,ensemble
ETH,phase1,lstm,phase1_lstm,2026-08-11,2026-08-12,-0.0017228455012013328,-0.002484626992372796,0.0012883280633014095,1881.37353515625,1878.135009765625,1876.7048260901533,ensemble
ETH,phase1,lstm,phase1_lstm,2026-08-12,2026-08-13,0.0031133074431306308,-0.0024705267569515854,0.0013352816536697132,1878.135009765625,1883.9913330078125,1873.500753854544,ensemble
ETH,phase1,lstm,phase1_lstm,2026-08-13,2026-08-14,-0.001775101080760423,-0.0025043276778887956,0.0013044377711276863,1883.9913330078125,1880.6500244140625,1879.2791043128211,ensemble
ETH,phase1,lstm,phase1_lstm,2026-08-14,2026-08-15,0.00013733711278611884,-0.0025397520628757777,0.0012265277944412914,1880.6500244140625,1880.9083251953125,1875.8796999199315,ensemble
ETH,phase1,lstm,phase1_lstm,2026-08-15,2026-08-16,-0.003710048377518096,-0.002554500987753272,0.0011604695901339902,1880.9083251953125,1873.9429931640625,1876.1096747088875,ensemble
ETH,phase1,lstm,phase1_lstm,2026-08-16,2026-08-17,0.020210771727059512,-0.002618521812837571,0.0010686145893453707,1873.9429931640625,1912.2021484375,1869.0424514482477,ensemble
ETH,phase1,lstm,phase1_lstm,2026-08-17,2026-08-18,0.0022239875598747453,-0.0027351156808435918,0.000991101685401953,1912.2021484375,1916.4595947265625,1906.9792002960573,ensemble
ETH,phase1,lstm,phase1_lstm,2026-08-18,2026-08-19,0.16109848705425042,-0.0028403938980773092,0.0009641399683830588,1916.4595947265625,2251.4580078125,1911.0238181157276,ensemble
ETH,phase1,lstm,phase1_lstm,2026-08-19,2026-08-20,0.032737450034477825,-0.002877451735548675,0.0010934281354585268,2251.4580078125,2326.384765625,2244.9888578573546,ensemble
ETH,phase1,lstm,phase1_lstm,2026-08-20,2026-08-21,0.07806936059159927,-0.002902436163276434,0.001246223831231391,2326.384765625,2515.28173828125,2319.6423717686685,ensemble
ETH,phase1,lstm,phase1_lstm,2026-08-21,2026-08-22,-0.036862118710177375,-0.0028839832986705003,0.001362370785767031,2515.28173828125,2424.251220703125,2508.0381579595523,ensemble
ETH,phase1,lstm,phase1_lstm,2026-08-22,2026-08-23,0.01618863252300956,-0.0028466023621149363,0.0013584896749459323,2424.251220703125,2463.81591796875,2417.3601541683247,ensemble
ETH,phase1,lstm,phase1_lstm,2026-08-23,2026-08-24,0.007285380356811502,-0.002939002332277596,0.001294258750933394,2463.81591796875,2481.831298828125,2456.58538771679,ensemble
ETH,phase1,lstm,phase1_lstm,2026-08-24,2026-08-25,-0.01570466707427711,-0.003052495839074254,0.0012858412571498275,2481.831298828125,2443.159423828125,2474.2670698773204,ensemble
ETH,phase1,lstm,phase1_lstm,2026-08-25,2026-08-26,0.02549994808905242,-0.0031163920415565372,0.0014268336145907758,2443.159423828125,2506.260986328125,2435.557432788122,ensemble
ETH,phase1,lstm,phase1_lstm,2026-08-26,2026-08-27,0.0016541530230063984,-0.003121624107006937,0.0016717914416467681,2506.260986328125,2510.41015625,2498.449580094966,ensemble
ETH,phase1,lstm,phase1_lstm,2026-08-27,2026-08-28,-0.02740935041425752,-0.0031225786020513623,0.0019417087336012458,2510.41015625,2442.535888671875,2502.5834293582184,ensemble
ETH,phase1,lstm,phase1_lstm,2026-08-28,2026-08-29,0.006183572246544925,-0.0030555933015421035,0.0022144689787671618,2442.535888671875,2457.686279296875,2435.0838833185567,ensemble
ETH,phase1,lstm,phase1_lstm,2026-08-29,2026-08-30,-0.016304961587388887,-0.0029622392845340072,0.002612181797877436,2457.686279296875,2417.938720703125,2450.4167967404096,ensemble
ETH,phase1,lstm,phase1_lstm,2026-08-30,2026-08-31,0.020014589550137154,-0.0028748924611136316,0.0030166602483457073,2417.938720703125,2466.8203125,2410.997389474795,ensemble
ETH,phase1,xgb,phase1_xgb,2025-10-31,2025-11-01,0.007021586687225155,0.006794488662853837,0.0030946962827690604,3847.080322265625,3874.18798828125,3873.3082677382477,ensemble
ETH,phase1,xgb,phase1_xgb,2025-11-01,2025-11-02,0.009473174047530416,0.016114052198827267,0.0017644421890275442,3874.18798828125,3911.063232421875,3937.122559427382,ensemble
ETH,phase1,xgb,phase1_xgb,2025-11-02,2025-11-03,-0.08223448305523949,-0.010013220831751823,0.004694128779526187,3911.063232421875,3602.30810546875,3872.096310369511,ensemble
ETH,phase1,xgb,phase1_xgb,2025-11-03,2025-11-04,-0.08990501013567212,0.014108124468475581,0.005618976298257777,3602.30810546875,3292.574462890625,3653.490108698058,ensemble
ETH,phase1,xgb,phase1_xgb,2025-11-04,2025-11-05,0.039481668810072805,0.0044491461012512445,0.008634393083162814,3292.574462890625,3425.171142578125,3307.2562442016215,ensemble
ETH,phase1,xgb,phase1_xgb,2025-11-05,2025-11-06,-0.03352136366985419,0.018545025028288364,0.004146786792242296,3425.171142578125,3312.2578125,3489.2836739491772,ensemble
ETH,phase1,xgb,phase1_xgb,2025-11-06,2025-11-07,0.03647448115981518,0.03035607598721981,0.006760907985615447,3312.2578125,3435.301025390625,3414.346630933902,ensemble
ETH,phase1,xgb,phase1_xgb,2025-11-07,2025-11-08,-0.010218549741346181,0.0012742873223032802,0.004481317774471022,3435.301025390625,3400.3759765625,3439.6813762556258,ensemble
ETH,phase1,xgb,phase1_xgb,2025-11-08,2025-11-09,0.05220874290983875,0.008568804454989731,0.007116615303093357,3400.3759765625,3582.621337890625,3429.638326006908,ensemble
ETH,phase1,xgb,phase1_xgb,2025-11-09,2025-11-10,-0.003960630532174714,-0.0011438114364864306,0.0030699764045593256,3582.621337890625,3568.4599609375,3578.525837318455,ensemble
ETH,phase1,xgb,phase1_xgb,2025-11-10,2025-11-11,-0.04387398640993172,0.0065163915744051336,0.0035823317102141807,3568.4599609375,3415.2822265625,3591.789372597637,ensemble
ETH,phase1,xgb,phase1_xgb,2025-11-11,2025-11-12,-0.0006408517068140884,-0.0018277930561453105,0.006994906870808821,3415.2822265625,3413.09423828125,3409.0454988841034,ensemble
ETH,phase1,xgb,phase1_xgb,2025-11-12,2025-11-13,-0.054283922809847215,0.005945631209760905,0.0025038696632137805,3413.09423828125,3232.757080078125,3433.447684991497,ensemble
ETH,phase1,xgb,phase1_xgb,2025-11-13,2025-11-14,-0.04071281618360177,0.022336873784661294,0.004413379757702748,3232.757080078125,3103.78564453125,3305.779274632788,ensemble
ETH,phase1,xgb,phase1_xgb,2025-11-14,2025-11-15,0.020045814386644864,0.021093961596488953,0.004855084012407843,3103.78564453125,3166.63134765625,3169.9521835263004,ensemble
ETH,phase1,xgb,phase1_xgb,2025-11-15,2025-11-16,-0.023576197316441422,-0.012909458577632904,0.0017934210218173911,3166.63134765625,3092.847412109375,3126.014585723574,ensemble
ETH,phase1,xgb,phase1_xgb,2025-11-16,2025-11-17,-0.022333536068642135,-0.013066547363996506,0.00467312796901963,3092.847412109375,3024.538818359375,3052.6974568032238,ensemble
ETH,phase1,xgb,phase1_xgb,2025-11-17,2025-11-18,0.032028732106195945,0.009919070033356547,0.004767573719070849,3024.538818359375,3122.97900390625,3054.688712976936,ensemble
ETH,phase1,xgb,phase1_xgb,2025-11-18,2025-11-19,-0.03251421900082368,0.01793493200093508,0.0064811216218034606,3122.97900390625,3023.07080078125,3179.494707730462,ensemble
ETH,phase1,xgb,phase1_xgb,2025-11-19,2025-11-20,-0.06536849882670856,0.012443234212696552,0.0030639626096356145,3023.07080078125,2831.777587890625,3060.9225897403203,ensemble
ETH,phase1,xgb,phase1_xgb,2025-11-20,2025-11-21,-0.02361115238578957,0.018769268691539765,0.002438497548042757,2831.777587890625,2765.69921875,2885.4299147128695,ensemble
ETH,phase1,xgb,phase1_xgb,2025-11-21,2025-11-22,0.0006897153274086759,0.015774147026240824,0.0032436558608221664,2765.69921875,2767.607421875,2809.6716670103588,ensemble
ETH,phase1,xgb,phase1_xgb,2025-11-22,2025-11-23,0.012234618260287876,0.010791688039898873,0.005250345499038664,2767.607421875,2801.676025390625,2797.6363175949846,ensemble
ETH,phase1,xgb,phase1_xgb,2025-11-23,2025-11-24,0.05250671846439223,-9.431615471839905e-05,0.007066246826994025,2801.676025390625,2952.71337890625,2801.411794541958,ensemble
ETH,phase1,xgb,phase1_xgb,2025-11-24,2025-11-25,0.0017672851723719149,0.00791395278647542,0.003768144206387075,2952.71337890625,2957.936279296875,2976.1737227611343,ensemble
ETH,phase1,xgb,phase1_xgb,2025-11-25,2025-11-26,0.023348428095094007,0.008746575098484755,0.010084917721780134,2957.936279296875,3027.81201171875,2983.921566572008,ensemble
ETH,phase1,xgb,phase1_xgb,2025-11-26,2025-11-27,-0.004392260426713515,-0.010281560011208057,0.0028819216496091733,3027.81201171875,3014.542236328125,2996.840869477096,ensemble
ETH,phase1,xgb,phase1_xgb,2025-11-27,2025-11-28,0.005874882913213043,0.006203995511168614,0.005727993250752355,3014.542236328125,3032.304443359375,3033.3025771927214,ensemble
ETH,phase1,xgb,phase1_xgb,2025-11-28,2025-11-29,-0.013485997805236051,0.0022348413011059167,0.0036435576174014867,3032.304443359375,2991.685302734375,3039.088740657132,ensemble
ETH,phase1,xgb,phase1_xgb,2025-11-29,2025-11-30,0.00014280097860070945,0.0029307825723662974,0.0037381053254871358,2991.685302734375,2992.112548828125,3000.4661429631483,ensemble
ETH,phase1,xgb,phase1_xgb,2025-11-30,2025-12-01,-0.0662927736435053,0.0033934950362890957,0.006869769544224649,2992.112548828125,2800.18896484375,3002.2835157128366,ensemble
ETH,phase1,xgb,phase1_xgb,2025-12-01,2025-12-02,0.06823838280892502,0.018901304714381693,0.007765957602764685,2800.18896484375,2997.939697265625,2853.619552934236,ensemble
ETH,phase1,xgb,phase1_xgb,2025-12-02,2025-12-03,0.06258823046337834,0.014319807477295398,0.002864772654648817,2997.939697265625,3191.57177734375,3041.1784630954307,ensemble
ETH,phase1,xgb,phase1_xgb,2025-12-03,2025-12-04,-0.01810241754529839,0.00863615924026817,0.0055664829799823195,3191.57177734375,3134.31640625,3219.254061694859,ensemble
ETH,phase1,xgb,phase1_xgb,2025-12-04,2025-12-05,-0.03568750802814642,0.002305021512438543,0.004569237457356765,3134.31640625,3024.432861328125,3141.5494059006073,ensemble
ETH,phase1,xgb,phase1_xgb,2025-12-05,2025-12-06,0.005202266348911221,0.013915578462183475,0.0054684594362464185,3024.432861328125,3040.207763671875,3066.8137877707336,ensemble
ETH,phase1,xgb,phase1_xgb,2025-12-06,2025-12-07,0.006914380156550823,-0.006832215018766874,0.005214496391000043,3040.207763671875,3061.3017578125,3019.507206381612,ensemble
ETH,phase1,xgb,phase1_xgb,2025-12-07,2025-12-08,0.020657404003744346,-0.006502393330447376,0.004656482328435083,3061.3017578125,3125.197998046875,3041.4605472665735,ensemble
ETH,phase1,xgb,phase1_xgb,2025-12-08,2025-12-09,0.06080292642241868,0.004800278542097658,0.005082171235264615,3125.197998046875,3321.114990234375,3140.235883079046,ensemble
ETH,phase1,xgb,phase1_xgb,2025-12-09,2025-12-10,0.001286434597521452,-0.0017654481693170966,0.0037638082262528762,3321.114990234375,3325.39013671875,3315.2569064479653,ensemble
ETH,phase1,xgb,phase1_xgb,2025-12-10,2025-12-11,-0.02692245348848621,0.005187380706775002,0.008047416613168094,3325.39013671875,3237.056884765625,3342.6850201465745,ensemble
ETH,phase1,xgb,phase1_xgb,2025-12-11,2025-12-12,-0.048381125268667786,0.0036921890918165446,0.005732323951914495,3237.056884765625,3084.172607421875,3249.0308022663107,ensemble
ETH,phase1,xgb,phase1_xgb,2025-12-12,2025-12-13,0.010489822947687412,-0.005930469883605838,0.004255148609130253,3084.172607421875,3116.6953125,3065.9361435064584,ensemble
ETH,phase1,xgb,phase1_xgb,2025-12-13,2025-12-14,-0.01816399360114702,0.008558453153818845,0.004550268065493385,3116.6953125,3060.5947265625,3143.4838741364533,ensemble
ETH,phase1,xgb,phase1_xgb,2025-12-14,2025-12-15,-0.03200777016588088,-0.014782046526670456,0.004558615766796343,3060.5947265625,2964.18310546875,3015.685614954205,ensemble
ETH,phase1,xgb,phase1_xgb,2025-12-15,2025-12-16,-7.412721688312701e-07,-0.008613735949620605,0.003906688363974488,2964.18310546875,2964.180908203125,2938.760065758872,ensemble
ETH,phase1,xgb,phase1_xgb,2025-12-16,2025-12-17,-0.045828192848759323,0.029399419948458672,0.0037404763977635868,2964.180908203125,2831.403564453125,3052.619763136976,ensemble
ETH,phase1,xgb,phase1_xgb,2025-12-17,2025-12-18,-0.0015320294953636582,-0.007051629573106765,0.0048405379544572595,2831.403564453125,2827.069091796875,2811.5077866161714,ensemble
ETH,phase1,xgb,phase1_xgb,2025-12-18,2025-12-19,0.05200157806139122,-0.0015144231263548135,0.0057161438943191985,2827.069091796875,2977.970703125,2822.7909532580766,ensemble
ETH,phase1,xgb,phase1_xgb,2025-12-19,2025-12-20,-0.0001303602133292682,-0.0017026958550559357,0.004204843224787628,2977.970703125,2977.58251953125,2972.904439129662,ensemble
ETH,phase1,xgb,phase1_xgb,2025-12-20,2025-12-21,0.008038330984924418,-0.0016481043945532291,0.0033149224729785835,2977.58251953125,3001.61376953125,2972.6791944014003,ensemble
ETH,phase1,xgb,phase1_xgb,2025-12-21,2025-12-22,0.0014847515809792915,0.0077914587513078,0.005394306519279161,3001.61376953125,3006.07373046875,3025.0920657177644,ensemble
ETH,phase1,xgb,phase1_xgb,2025-12-22,2025-12-23,-0.014306326840175283,0.004633330274373293,0.004899990375055845,3006.07373046875,2963.3740234375,3020.034179601992,ensemble
ETH,phase1,xgb,phase1_xgb,2025-12-23,2025-12-24,-0.0060191597554604985,0.007251842826372012,0.006444735679961796,2963.3740234375,2945.590576171875,2984.9420555603133,ensemble
ETH,phase1,xgb,phase1_xgb,2025-12-24,2025-12-25,-0.014365015056822026,-0.0030879695899784566,0.002890152078310502,2945.590576171875,2903.57958984375,2936.508711525771,ensemble
ETH,phase1,xgb,phase1_xgb,2025-12-25,2025-12-26,0.007605038907991378,-0.0035423533961875366,0.004719163255777049,2903.57958984375,2925.74560546875,2893.312280777546,ensemble
ETH,phase1,xgb,phase1_xgb,2025-12-26,2025-12-27,0.0075770385642638756,0.014363258518278599,0.008153554442099616,2925.74560546875,2947.998291015625,2968.0720914171325,ensemble
ETH,phase1,xgb,phase1_xgb,2025-12-27,2025-12-28,0.00019327323098403297,0.010724701453000307,0.006365518108488985,2947.998291015625,2948.568115234375,2979.78483851539,ensemble
ETH,phase1,xgb,phase1_xgb,2025-12-28,2025-12-29,-0.00476952504017534,0.014420031942427159,0.0037373002845451798,2948.568115234375,2934.538330078125,2991.3945991742166,ensemble
ETH,phase1,xgb,phase1_xgb,2025-12-29,2025-12-30,0.012488715813386491,0.0043187632807530464,0.004668822850111254,2934.538330078125,2971.416748046875,2947.239312992093,ensemble
ETH,phase1,xgb,phase1_xgb,2025-12-30,2025-12-31,-0.0014748454494985343,0.02375803291797638,0.007631575152705767,2971.416748046875,2967.03759765625,3042.8570451183414,ensemble
ETH,phase1,xgb,phase1_xgb,2025-12-31,2026-01-01,0.01117969589667102,-0.0013319937454070896,0.008337189699633634,2967.03759765625,3000.394287109375,2963.088153035478,ensemble
ETH,phase1,xgb,phase1_xgb,2026-01-01,2026-01-02,0.04050579142356504,0.009089252445846796,0.003453908569340421,3000.394287109375,3124.422607421875,3027.789942630168,ensemble
ETH,phase1,xgb,phase1_xgb,2026-01-02,2026-01-03,0.0004783333560596635,-0.0020217816811054943,0.005478395873965423,3124.422607421875,3125.91748046875,3118.1120884255834,ensemble
ETH,phase1,xgb,phase1_xgb,2026-01-03,2026-01-04,0.004721198192569982,0.017008325830101968,0.006182706778903574,3125.91748046875,3140.71044921875,3179.5388154232696,ensemble
ETH,phase1,xgb,phase1_xgb,2026-01-04,2026-01-05,0.02683435946003148,0.008090980141423643,0.0063830685652344074,3140.71044921875,3226.13037109375,3166.224954581551,ensemble
ETH,phase1,xgb,phase1_xgb,2026-01-05,2026-01-06,0.021410072765534124,0.00282057385193184,0.005767335649115856,3226.13037109375,3295.94677734375,3235.2427550961693,ensemble
ETH,phase1,xgb,phase1_xgb,2026-01-06,2026-01-07,-0.039957957746070624,0.009100927971303463,0.009728018525393773,3295.94677734375,3166.843994140625,3326.079863097577,ensemble
ETH,phase1,xgb,phase1_xgb,2026-01-07,2026-01-08,-0.01992066167813984,0.014202180411666631,0.006913261921897906,3166.843994140625,3104.382568359375,3212.1409804956065,ensemble
ETH,phase1,xgb,phase1_xgb,2026-01-08,2026-01-09,-0.006896412519137501,0.01589387413114309,0.003392653039039704,3104.382568359375,3083.047119140625,3154.1174269696266,ensemble
ETH,phase1,xgb,phase1_xgb,2026-01-09,2026-01-10,-0.00021121695136130524,0.012003782019019128,0.004614881779385151,3083.047119140625,3082.39599609375,3120.2783554803896,ensemble
ETH,phase1,xgb,phase1_xgb,2026-01-10,2026-01-11,0.011768432191719677,0.005718160793185234,0.002833045765233048,3082.39599609375,3118.88525390625,3100.072121327297,ensemble
ETH,phase1,xgb,phase1_xgb,2026-01-11,2026-01-12,-0.008552349240195838,0.009805883187800646,0.007374917244238604,3118.88525390625,3092.3251953125,3149.6191184566696,ensemble
ETH,phase1,xgb,phase1_xgb,2026-01-12,2026-01-13,0.07167244785080332,0.00549088332336396,0.005149621792189869,3092.3251953125,3322.095458984375,3109.3514940895966,ensemble
ETH,phase1,xgb,phase1_xgb,2026-01-13,2026-01-14,0.009773355035415114,0.03148580491542816,0.008006152727923713,3322.095458984375,3354.72265625,3428.358417348837,ensemble
ETH,phase1,xgb,phase1_xgb,2026-01-14,2026-01-15,-0.01127779653171091,0.010188295040279627,0.003454381809148145,3354.72265625,3317.101318359375,3389.07626564219,ensemble
ETH,phase1,xgb,phase1_xgb,2026-01-15,2026-01-16,-0.006538811242779367,0.010729369055479766,0.004916178392074388,3317.101318359375,3295.482177734375,3352.883338582452,ensemble
ETH,phase1,xgb,phase1_xgb,2026-01-16,2026-01-17,0.004052512545503773,0.006089693045942113,0.0066123330661572235,3295.482177734375,3308.8642578125,3315.6118822880044,ensemble
ETH,phase1,xgb,phase1_xgb,2026-01-17,2026-01-18,-0.008408684018054191,0.011397062800824642,0.003301427935133474,3308.8642578125,3281.15771484375,3346.7913095158,ensemble
ETH,phase1,xgb,phase1_xgb,2026-01-18,2026-01-19,-0.029235184793820444,0.017350689880549906,0.006279323784894391,3281.15771484375,3186.62109375,3338.5848241066205,ensemble
ETH,phase1,xgb,phase1_xgb,2026-01-19,2026-01-20,-0.08204732940901807,0.0010352736862841994,0.0037359478935844173,3186.62109375,2935.605712890625,3189.9218270028505,ensemble
ETH,phase1,xgb,phase1_xgb,2026-01-20,2026-01-21,0.014640674097217414,0.014207474235445262,0.006160625476685094,2935.605712890625,2978.901123046875,2977.610942965231,ensemble
ETH,phase1,xgb,phase1_xgb,2026-01-21,2026-01-22,-0.009873624051331843,0.0026243978296406566,0.005361435042909513,2978.901123046875,2949.63330078125,2986.72921220604,ensemble
ETH,phase1,xgb,phase1_xgb,2026-01-22,2026-01-23,0.0012275504187740749,0.01652846820652485,0.005275096719476138,2949.63330078125,2953.25634765625,2998.7913555668724,ensemble
ETH,phase1,xgb,phase1_xgb,2026-01-23,2026-01-24,-0.0015302026847261398,0.003702320228330791,0.0036116045939358567,2953.25634765625,2948.74072265625,2964.210513774473,ensemble
ETH,phase1,xgb,phase1_xgb,2026-01-24,2026-01-25,-0.046095446910964524,-0.0023426993146131283,0.0049700862109556395,2948.74072265625,2815.90234375,2941.8407951697127,ensemble
ETH,phase1,xgb,phase1_xgb,2026-01-25,2026-01-26,0.0385097283715548,0.022856941632926463,0.006743059109661436,2815.90234375,2926.45703125,2881.0064654291814,ensemble
ETH,phase1,xgb,phase1_xgb,2026-01-26,2026-01-27,0.03219617504335294,0.012992934323847294,0.003587186013217349,2926.45703125,3022.2109375,2964.7283854534294,ensemble
ETH,phase1,xgb,phase1_xgb,2026-01-27,2026-01-28,-0.005176321307197195,0.00018784937565214933,0.00585350890496582,3022.2109375,3006.607421875,3022.778711264002,ensemble
ETH,phase1,xgb,phase1_xgb,2026-01-28,2026-01-29,-0.06470236643237812,-0.0061269071360584345,0.0058928321348747,3006.607421875,2818.232666015625,2988.2425348352244,ensemble
ETH,phase1,xgb,phase1_xgb,2026-01-29,2026-01-30,-0.04197886796827195,0.003037470451090485,0.002392628546598066,2818.232666015625,2702.375244140625,2826.805978462949,ensemble
ETH,phase1,xgb,phase1_xgb,2026-01-30,2026-01-31,-0.10004843937927187,0.009871932957321406,0.003086204291163223,2702.375244140625,2445.091796875,2729.185025831311,ensemble
ETH,phase1,xgb,phase1_xgb,2026-01-31,2026-02-01,-0.07519978220290023,0.012142070475965739,0.005566456647361431,2445.091796875,2267.96484375,2474.9612452969172,ensemble
ETH,phase1,xgb,phase1_xgb,2026-02-01,2026-02-02,0.03312814665299069,0.032340004667639734,0.003780217131787551,2267.96484375,2344.356689453125,2342.50973144571,ensemble
ETH,phase1,xgb,phase1_xgb,2026-02-02,2026-02-03,-0.05110473707553693,-0.012592136673629285,0.005750522320871098,2344.356689453125,2227.558837890625,2315.02131475331,ensemble
ETH,phase1,xgb,phase1_xgb,2026-02-03,2026-02-04,-0.03846435100865618,0.020299670286476612,0.005929517907072032,2227.558837890625,2143.504150390625,2273.239631715268,ensemble
ETH,phase1,xgb,phase1_xgb,2026-02-04,2026-02-05,-0.16268108635736284,0.0077733988873660564,0.0017123430329616988,2143.504150390625,1821.68310546875,2160.2313927021546,ensemble
ETH,phase1,xgb,phase1_xgb,2026-02-05,2026-02-06,0.12458793243377704,0.018577948585152625,0.004462510143511117,1821.68310546875,2063.386962890625,1855.8425643986234,ensemble
ETH,phase1,xgb,phase1_xgb,2026-02-06,2026-02-07,0.013078072860626821,0.009107584599405527,0.007307595569159098,2063.386962890625,2090.54931640625,2082.265271620251,ensemble
ETH,phase1,xgb,phase1_xgb,2026-02-07,2026-02-08,-0.00085486651992098,0.023899954929947852,0.007478521571729456,2090.54931640625,2088.762939453125,2141.1152051315066,ensemble
ETH,phase1,xgb,phase1_xgb,2026-02-08,2026-02-09,0.007062777520560773,0.019362543895840644,0.006798962631043828,2088.762939453125,2103.567626953125,2129.6007900313784,ensemble
ETH,phase1,xgb,phase1_xgb,2026-02-09,2026-02-10,-0.04078608660125574,0.007587506575509906,0.00971031445487942,2103.567626953125,2019.4974365234373,2119.5891650539093,ensemble
ETH,phase1,xgb,phase1_xgb,2026-02-10,2026-02-11,-0.03984048759789168,-0.011221325490623713,0.005529843275242539,2019.4974365234373,1940.621337890625,1996.9626698971515,ensemble
ETH,phase1,xgb,phase1_xgb,2026-02-11,2026-02-12,0.003251056309532056,-0.034353623166680336,0.005837898182543689,1940.621337890625,1946.940673828125,1875.0860953607892,ensemble
ETH,phase1,xgb,phase1_xgb,2026-02-12,2026-02-13,0.05086191072713562,-0.01089202631264925,0.0025022339287687767,1946.940673828125,2048.52734375,1925.8496154741365,ensemble
ETH,phase1,xgb,phase1_xgb,2026-02-13,2026-02-14,0.018131871977993777,0.0006358510931022465,0.00394600329811807,2048.52734375,2086.009765625,2049.8303163051346,ensemble
ETH,phase1,xgb,phase1_xgb,2026-02-14,2026-02-15,-0.05923016066341757,0.0053904563654214145,0.002967843737257601,2086.009765625,1966.04296875,2097.2846713869612,ensemble
ETH,phase1,xgb,phase1_xgb,2026-02-15,2026-02-16,0.016082623092426845,-0.017753676511347294,0.005543958627780972,1966.04296875,1997.917724609375,1931.4464938961016,ensemble
ETH,phase1,xgb,phase1_xgb,2026-02-16,2026-02-17,-0.002868787898831094,-0.008646094216965139,0.006694059125762218,1997.917724609375,1992.1943359375,1980.718002082288,ensemble
ETH,phase1,xgb,phase1_xgb,2026-02-17,2026-02-18,-0.019371403139241388,-0.008366446243599057,0.004200964190472591,1992.1943359375,1953.97412109375,1975.5962793116498,ensemble
ETH,phase1,xgb,phase1_xgb,2026-02-18,2026-02-19,-0.002958901252870125,0.01815425865352154,0.004656845585178102,1953.97412109375,1948.2010498046875,1989.7710226474017,ensemble
ETH,phase1,xgb,phase1_xgb,2026-02-19,2026-02-20,0.010630736664791151,-0.015665295533835888,0.0040880862503371645,1948.2010498046875,1969.0223388671875,1917.9197069473523,ensemble
ETH,phase1,xgb,phase1_xgb,2026-02-20,2026-02-21,0.0023916477643178046,-0.006473005469888449,0.003772001510299539,1969.0223388671875,1973.7371826171875,1956.3180084565313,ensemble
ETH,phase1,xgb,phase1_xgb,2026-02-21,2026-02-22,-0.008104381025179103,-0.009046398010104895,0.0014944975604493603,1973.7371826171875,1957.805908203125,1955.9624901862708,ensemble
ETH,phase1,xgb,phase1_xgb,2026-02-22,2026-02-23,-0.053668696967508325,-0.01527706440538168,0.003991208867944949,1957.805908203125,1855.5028076171875,1928.1236871406975,ensemble
ETH,phase1,xgb,phase1_xgb,2026-02-23,2026-02-24,-0.001366236763411363,-0.018126125261187554,0.004008801596405435,1855.5028076171875,1852.969482421875,1822.1727165694263,ensemble
ETH,phase1,xgb,phase1_xgb,2026-02-24,2026-02-25,0.10330529755605292,-0.017301287315785886,0.004918763014861852,1852.969482421875,2054.6279296875,1821.1864614172434,ensemble
ETH,phase1,xgb,phase1_xgb,2026-02-25,2026-02-26,-0.013640230652308093,0.002242042333818972,0.003219889034818587,2054.6279296875,2026.7926025390625,2059.239660402017,ensemble
ETH,phase1,xgb,phase1_xgb,2026-02-26,2026-02-27,-0.04853988358482078,-0.0028866132721304893,0.005674435522534745,2026.7926025390625,1930.7618408203125,2020.950472154916,ensemble
ETH,phase1,xgb,phase1_xgb,2026-02-27,2026-02-28,0.017603302415937827,-0.013338826317340135,0.005153744546950921,1930.7618408203125,1965.050537109375,1905.178747504674,ensemble
ETH,phase1,xgb,phase1_xgb,2026-02-28,2026-03-01,-0.013311214361673498,-0.016688470914959907,0.006075580904330157,1965.050537109375,1939.066650390625,1932.5289707630052,ensemble
ETH,phase1,xgb,phase1_xgb,2026-03-01,2026-03-02,0.04448277882265156,-0.007937993574887513,0.003079102558180115,1939.066650390625,2027.2689208984373,1923.735282433314,ensemble
ETH,phase1,xgb,phase1_xgb,2026-03-02,2026-03-03,-0.02219521539096451,0.001698257541283965,0.008723663002248009,2027.2689208984373,1982.7689208984373,2030.7146706886958,ensemble
ETH,phase1,xgb,phase1_xgb,2026-03-03,2026-03-04,0.06998564880773499,-0.02749926969408989,0.00679506760936709,1982.7689208984373,2126.50537109375,1928.987093246082,ensemble
ETH,phase1,xgb,phase1_xgb,2026-03-04,2026-03-05,-0.026156066067129717,-0.011094106175005437,0.004427768068426541,2126.50537109375,2071.60546875,2103.0440764048626,ensemble
ETH,phase1,xgb,phase1_xgb,2026-03-05,2026-03-06,-0.04585794631276462,-0.006753126019611954,0.006123090870971148,2071.60546875,1978.751220703125,2057.6627872867234,ensemble
ETH,phase1,xgb,phase1_xgb,2026-03-06,2026-03-07,-0.004708868776353749,0.006531151197850704,0.008376285257667744,1978.751220703125,1969.4554443359373,1991.7170388788636,ensemble
ETH,phase1,xgb,phase1_xgb,2026-03-07,2026-03-08,-0.016820776457913442,-0.011655824072659016,0.0045696582304310465,1969.4554443359373,1936.604736328125,1946.633083253887,ensemble
ETH,phase1,xgb,phase1_xgb,2026-03-08,2026-03-09,0.028673744603590037,-0.020737598836421966,0.0027627152513478278,1936.604736328125,1992.938232421875,1896.8577570723737,ensemble
ETH,phase1,xgb,phase1_xgb,2026-03-09,2026-03-10,0.021927234478122906,-0.012006849143654108,0.004730462786603791,1992.938232421875,2037.1204833984373,1969.152405883218,ensemble
ETH,phase1,xgb,phase1_xgb,2026-03-10,2026-03-11,0.007069651069372434,-0.01918016318231821,0.00371124422644836,2037.1204833984373,2051.5732421875,1998.4205024802127,ensemble
ETH,phase1,xgb,phase1_xgb,2026-03-11,2026-03-12,0.010455613837732266,-0.011375012807548046,0.005969976082640444,2051.5732421875,2073.13623046875,2028.3687959219003,ensemble
ETH,phase1,xgb,phase1_xgb,2026-03-12,2026-03-13,0.00932731032254328,-0.012973756901919842,0.004104977133239501,2073.13623046875,2092.5634765625,2046.4135863592485,ensemble
ETH,phase1,xgb,phase1_xgb,2026-03-13,2026-03-14,0.0021592233043722896,-0.006356609403155744,0.0027594073382582827,2092.5634765625,2097.086669921875,2079.3040550196984,ensemble
ETH,phase1,xgb,phase1_xgb,2026-03-14,2026-03-15,0.03761747257489843,-0.0071879178285598755,0.004427333381262576,2097.086669921875,2177.476318359375,2082.0670279026494,ensemble
ETH,phase1,xgb,phase1_xgb,2026-03-15,2026-03-16,0.0767490852405507,-0.0014170306152664126,0.003457517447866836,2177.476318359375,2351.176025390625,2174.392952879827,ensemble
ETH,phase1,xgb,phase1_xgb,2026-03-16,2026-03-17,-0.014187828746907258,-0.014088626019656658,0.004848472341069035,2351.176025390625,2318.053466796875,2318.283435429263,ensemble
ETH,phase1,xgb,phase1_xgb,2026-03-17,2026-03-18,-0.05060291819156262,-0.007631925866007805,0.0014301570475430641,2318.053466796875,2203.671630859375,2300.429592180806,ensemble
ETH,phase1,xgb,phase1_xgb,2026-03-18,2026-03-19,-0.030523607148640667,-0.04099225401878357,0.00295450693033633,2203.671630859375,2137.423828125,2115.16460810027,ensemble
ETH,phase1,xgb,phase1_xgb,2026-03-19,2026-03-20,0.004235958585431247,-0.028076494485139845,0.0063850245930716825,2137.423828125,2146.4970703125,2078.2470848712983,ensemble
ETH,phase1,xgb,phase1_xgb,2026-03-20,2026-03-21,-0.033061992006107994,0.0020176864694803954,0.0072080680255326365,2146.4970703125,2076.68994140625,2150.832400605904,ensemble
ETH,phase1,xgb,phase1_xgb,2026-03-21,2026-03-22,-0.011449568094526609,-0.008732654340565204,0.0033605679868203777,2076.68994140625,2053.04833984375,2058.633879394573,ensemble
ETH,phase1,xgb,phase1_xgb,2026-03-22,2026-03-23,0.04713979833568274,-0.024314350634813308,0.0025570300504027454,2053.04833984375,2152.14599609375,2003.7317822628265,ensemble
ETH,phase1,xgb,phase1_xgb,2026-03-23,2026-03-24,0.0016520306586044232,-0.018315202742815017,0.004429113628242119,2152.14599609375,2155.704345703125,2113.0877772644276,ensemble
ETH,phase1,xgb,phase1_xgb,2026-03-24,2026-03-25,0.005697480587391201,0.0027612133184447885,0.006132477692908196,2155.704345703125,2168.021484375,2161.6649306893282,ensemble
ETH,phase1,xgb,phase1_xgb,2026-03-25,2026-03-26,-0.05131370661715102,-0.02143615558743477,0.004508174440828516,2168.021484375,2059.578369140625,2122.042010745099,ensemble
ETH,phase1,xgb,phase1_xgb,2026-03-26,2026-03-27,-0.033727669892453536,-0.012667872942984104,0.005765776039297406,2059.578369140625,1991.27197265625,2033.652451861459,ensemble
ETH,phase1,xgb,phase1_xgb,2026-03-27,2026-03-28,0.0007141663784116856,-0.0054659134242683646,0.004057085964404864,1991.27197265625,1992.694580078125,1980.4175441568475,ensemble
ETH,phase1,xgb,phase1_xgb,2026-03-28,2026-03-29,-0.005098999439741094,-0.003916226490400731,0.006265136162890793,1992.694580078125,1982.5596923828125,1984.9059976570895,ensemble
ETH,phase1,xgb,phase1_xgb,2026-03-29,2026-03-30,0.02044726139354914,-0.018587134219706057,0.005704978688352611,1982.5596923828125,2023.514892578125,1946.0499461727636,ensemble
ETH,phase1,xgb,phase1_xgb,2026-03-30,2026-03-31,0.039340814763852025,-0.02093987986445427,0.0032442036692310523,2023.514892578125,2104.708251953125,1981.583287375989,ensemble
ETH,phase1,xgb,phase1_xgb,2026-03-31,2026-04-01,0.016038636316827372,-0.01569408979266882,0.005066798238283078,2104.708251953125,2138.737060546875,2071.9346205051793,ensemble
ETH,phase1,xgb,phase1_xgb,2026-04-01,2026-04-02,-0.03903857547596571,-0.017743557319045068,0.004633308737281625,2138.737060546875,2056.8525390625,2101.122947849429,ensemble
ETH,phase1,xgb,phase1_xgb,2026-04-02,2026-04-03,-0.0016871461717564678,-0.014758771099150182,0.0051028245525706825,2056.8525390625,2053.38525390625,2026.7188384270246,ensemble
ETH,phase1,xgb,phase1_xgb,2026-04-03,2026-04-04,0.00581068555550107,0.0035315923392772674,0.001782507975539283,2053.38525390625,2065.3515625,2060.649793684681,ensemble
ETH,phase1,xgb,phase1_xgb,2026-04-04,2026-04-05,0.020911357684258978,0.00047543254331685605,0.0018274626672643952,2065.3515625,2108.99560546875,2066.3337313052084,ensemble
ETH,phase1,xgb,phase1_xgb,2026-04-05,2026-04-06,-0.0005853459761497797,-0.0073950334917753935,0.0038271834197775847,2108.99560546875,2107.761474609375,2093.4570372609114,ensemble
ETH,phase1,xgb,phase1_xgb,2026-04-06,2026-04-07,0.06165560497032879,-0.02907911129295826,0.0037712067433327504,2107.761474609375,2241.806640625,2047.3522245153893,ensemble
ETH,phase1,xgb,phase1_xgb,2026-04-07,2026-04-08,-0.02322737152703056,-0.0006295701896306127,0.005236706566011367,2241.806640625,2190.33544921875,2240.3957101796236,ensemble
ETH,phase1,xgb,phase1_xgb,2026-04-08,2026-04-09,-0.0005440857898826656,-0.02511560022830963,0.0046610410654762974,2190.33544921875,2189.14404296875,2136.0089368965664,ensemble
ETH,phase1,xgb,phase1_xgb,2026-04-09,2026-04-10,0.025261127435567108,0.00021830949699506164,0.003965956952748198,2189.14404296875,2245.148681640625,2189.6220060736646,ensemble
ETH,phase1,xgb,phase1_xgb,2026-04-10,2026-04-11,0.017765001038666954,0.005487186461687088,0.0015409711019611079,2245.148681640625,2285.39013671875,2257.5020928303716,ensemble
ETH,phase1,xgb,phase1_xgb,2026-04-11,2026-04-12,-0.04163060757712065,0.0016170307295396923,0.0009981980126047571,2285.39013671875,2192.201171875,2289.088672315761,ensemble
ETH,phase1,xgb,phase1_xgb,2026-04-12,2026-04-13,0.07828539113868566,0.014556362107396126,0.004315364413100829,2192.201171875,2370.71484375,2224.3450271717843,ensemble
ETH,phase1,xgb,phase1_xgb,2026-04-13,2026-04-14,-0.02019924377033633,-0.03255296237766743,0.004332401409304462,2370.71484375,2323.30859375,2294.7836504814486,ensemble
ETH,phase1,xgb,phase1_xgb,2026-04-14,2026-04-15,0.015430748489014857,-0.023728933557868002,0.00515978625377199,2323.30859375,2359.43701171875,2268.827899196493,ensemble
ETH,phase1,xgb,phase1_xgb,2026-04-15,2026-04-16,-0.004584461790341291,-0.014622797071933747,0.0038637432963032478,2359.43701171875,2348.64501953125,2325.1864727359766,ensemble
ETH,phase1,xgb,phase1_xgb,2026-04-16,2026-04-17,0.03037175089257519,-0.003158779814839363,0.00382454593364693,2348.64501953125,2421.07177734375,2341.237871984384,ensemble
ETH,phase1,xgb,phase1_xgb,2026-04-17,2026-04-18,-0.029326772361462847,-0.00693623386323452,0.0019113072692055534,2421.07177734375,2351.1005859375,2404.3367633769813,ensemble
ETH,phase1,xgb,phase1_xgb,2026-04-18,2026-04-19,-0.0373454427406088,0.001233418716583401,0.0022197327313213493,2351.1005859375,2264.9169921875,2354.002266530476,ensemble
ETH,phase1,xgb,phase1_xgb,2026-04-19,2026-04-20,0.021963323579239753,-0.01660263240337372,0.0046528150336654205,2264.9169921875,2315.21240234375,2227.623846776886,ensemble
ETH,phase1,xgb,phase1_xgb,2026-04-20,2026-04-21,0.0054954065471357755,-0.026305447891354562,0.003411109069810364,2315.21240234375,2327.970458984375,2255.1037616026038,ensemble
ETH,phase1,xgb,phase1_xgb,2026-04-21,2026-04-22,0.02045865422003999,-0.01434639459475875,0.0050342613444994,2327.970458984375,2376.088134765625,2294.8109049353384,ensemble
ETH,phase1,xgb,phase1_xgb,2026-04-22,2026-04-23,-0.0189376886242059,-0.042326901108026505,0.005970469243910506,2376.088134765625,2331.513916015625,2277.61443201098,ensemble
ETH,phase1,xgb,phase1_xgb,2026-04-23,2026-04-24,-0.006810026535066284,-0.0075513901188969616,0.003278995037479878,2331.513916015625,2315.690185546875,2313.9740533894214,ensemble
ETH,phase1,xgb,phase1_xgb,2026-04-24,2026-04-25,0.001354581263398566,0.00043523156782612207,0.0026083729790918235,2315.690185546875,2318.8291015625,2316.6982663753165,ensemble
ETH,phase1,xgb,phase1_xgb,2026-04-25,2026-04-26,0.02171324359272805,-0.00038064166374169873,0.001709978594623731,2318.8291015625,2369.72900390625,2317.94662655938,ensemble
ETH,phase1,xgb,phase1_xgb,2026-04-26,2026-04-27,-0.02853520923910551,-0.0078091076109558346,0.006134483934381927,2369.72900390625,2303.06396484375,2351.2956029872735,ensemble
ETH,phase1,xgb,phase1_xgb,2026-04-27,2026-04-28,-0.005942025412355139,-0.008193613309413195,0.005603492592209694,2303.06396484375,2289.419677734375,2284.2706470196354,ensemble
ETH,phase1,xgb,phase1_xgb,2026-04-28,2026-04-29,-0.01585118391858995,-0.018429484590888022,0.0029374254082051724,2289.419677734375,2253.415771484375,2247.6132715948806,ensemble
ETH,phase1,xgb,phase1_xgb,2026-04-29,2026-04-30,0.0012574984349416124,-0.021130749210715293,0.002913058046249108,2253.415771484375,2256.251220703125,2206.2989677892238,ensemble
ETH,phase1,xgb,phase1_xgb,2026-04-30,2026-05-01,0.017069008220622378,-0.013560275174677372,0.005378359501169054,2256.251220703125,2295.09375,2225.8623397414513,ensemble
ETH,phase1,xgb,phase1_xgb,2026-05-01,2026-05-02,0.00916800638403556,-0.0072326893918216225,0.0024153064574293946,2295.09375,2316.23193359375,2278.5539355536034,ensemble
ETH,phase1,xgb,phase1_xgb,2026-05-02,2026-05-03,0.0023302997915724253,-0.0015949297114275396,0.0024217910310395836,2316.23193359375,2321.6357421875,2312.5406509150034,ensemble
ETH,phase1,xgb,phase1_xgb,2026-05-03,2026-05-04,0.010608949945406291,-0.007877279166132211,0.0030636800780632833,2321.6357421875,2346.39697265625,2303.4194110827984,ensemble
ETH,phase1,xgb,phase1_xgb,2026-05-04,2026-05-05,0.00628165402969772,-0.004139174381271005,0.004416991294592734,2346.39697265625,2361.1826171875,2336.7048988482074,ensemble
ETH,phase1,xgb,phase1_xgb,2026-05-05,2026-05-06,-0.004406055141063485,-0.018140609748661517,0.004429066933176913,2361.1826171875,2350.802001953125,2318.7354971448317,ensemble
ETH,phase1,xgb,phase1_xgb,2026-05-06,2026-05-07,-0.02572114978849261,-0.017929585464298726,0.005713058288675926,2350.802001953125,2291.107666015625,2309.0287045682076,ensemble
ETH,phase1,xgb,phase1_xgb,2026-05-07,2026-05-08,0.006900517380177334,-0.004902985971421003,0.004031301806388784,2291.107666015625,2306.97216796875,2279.9018905981848,ensemble
ETH,phase1,xgb,phase1_xgb,2026-05-08,2026-05-09,0.008526770803293412,-0.007007740787230432,0.003276678099638402,2306.97216796875,2326.727294921875,2290.8620188155496,ensemble
ETH,phase1,xgb,phase1_xgb,2026-05-09,2026-05-10,0.018023789401602215,-0.013283053413033485,0.0031079043054930886,2326.727294921875,2369.0439453125,2296.0256094642955,ensemble
ETH,phase1,xgb,phase1_xgb,2026-05-10,2026-05-11,-0.012608728464913158,-0.00623911116272211,0.004241597951982279,2369.0439453125,2339.36083984375,2354.309230348181,ensemble
ETH,phase1,xgb,phase1_xgb,2026-05-11,2026-05-12,-0.028054385823506677,-0.02384869158267975,0.002445698682433942,2339.36083984375,2274.6435546875,2284.230155009729,ensemble
ETH,phase1,xgb,phase1_xgb,2026-05-12,2026-05-13,-0.007531505292275851,-0.0258699931204319,0.003597932192535915,2274.6435546875,2257.576416015625,2216.553180115708,ensemble
ETH,phase1,xgb,phase1_xgb,2026-05-13,2026-05-14,0.01029350969888902,-0.027614063397049905,0.004791607985452842,2257.576416015625,2280.934814453125,2196.0884314780474,ensemble
ETH,phase1,xgb,phase1_xgb,2026-05-14,2026-05-15,-0.025579807171991084,-0.019539089873433113,0.002425262608747038,2280.934814453125,2223.328857421875,2236.8000052453426,ensemble
ETH,phase1,xgb,phase1_xgb,2026-05-15,2026-05-16,-0.019794470746775893,-0.006761430390179157,0.0017524202234228483,2223.328857421875,2179.751953125,2208.3466816654027,ensemble
ETH,phase1,xgb,phase1_xgb,2026-05-16,2026-05-17,-0.024195229175847065,-0.00987300043925643,0.003083060173917243,2179.751953125,2127.645263671875,2158.337149270672,ensemble
ETH,phase1,xgb,phase1_xgb,2026-05-17,2026-05-18,0.0004092183281597835,-0.010446293558925391,0.0020244509750241267,2127.645263671875,2128.51611328125,2105.5349431730597,ensemble
ETH,phase1,xgb,phase1_xgb,2026-05-18,2026-05-19,-0.00875425372369268,-0.026967057958245277,0.0011715787309671687,2128.51611328125,2109.9638671875,2071.8833375712416,ensemble
ETH,phase1,xgb,phase1_xgb,2026-05-19,2026-05-20,0.008033908248005973,-0.01144763482734561,0.0024946276425188776,2109.9638671875,2126.9833984375,2085.9474989188193,ensemble
ETH,phase1,xgb,phase1_xgb,2026-05-20,2026-05-21,0.002079303908552925,-0.03269093558192253,0.0020727402081151224,2126.9833984375,2131.41064453125,2058.5745874427075,ensemble
ETH,phase1,xgb,phase1_xgb,2026-05-21,2026-05-22,-0.031829628880296966,-0.012870951555669308,0.0037641567230135143,2131.41064453125,2064.636962890625,2104.1531526011345,ensemble
ETH,phase1,xgb,phase1_xgb,2026-05-22,2026-05-23,0.024550147375465296,-0.006919615343213082,0.002148137098169593,2064.636962890625,2115.951416015625,2050.399783992392,ensemble
ETH,phase1,xgb,phase1_xgb,2026-05-23,2026-05-24,-0.008522952674199372,-0.004357020114548504,0.0026439349395485914,2115.951416015625,2097.993896484375,2106.752228210612,ensemble
ETH,phase1,xgb,phase1_xgb,2026-05-24,2026-05-25,0.006355596261768782,0.0040955527452752,0.002711702175231843,2097.993896484375,2111.370361328125,2106.60396059744,ensemble
ETH,phase1,xgb,phase1_xgb,2026-05-25,2026-05-26,-0.019374108363781214,0.0016972132201772184,0.0012388439837038346,2111.370361328125,2070.858154296875,2114.956849674863,ensemble
ETH,phase1,xgb,phase1_xgb,2026-05-26,2026-05-27,-0.023777930243884346,-0.0062517531681805846,0.0025427525059922044,2070.858154296875,2022.1982421875,2057.952045209703,ensemble
ETH,phase1,xgb,phase1_xgb,2026-05-27,2026-05-28,-0.0072687232435778805,-0.004916106839664281,0.003529339386054053,2022.1982421875,2007.552734375,2012.2812959343864,ensemble
ETH,phase1,xgb,phase1_xgb,2026-05-28,2026-05-29,0.00220213888797984,-0.0020124197653785814,0.0025309925987523647,2007.552734375,2011.978515625,2003.516757973731,ensemble
ETH,phase1,xgb,phase1_xgb,2026-05-29,2026-05-30,0.0037107092790728668,-0.00045638433075509963,0.000993090821347058,2011.978515625,2019.458251953125,2011.0604896589205,ensemble
ETH,phase1,xgb,phase1_xgb,2026-05-30,2026-05-31,-0.007513679144432405,-0.014325464330613612,0.003215528715016611,2019.458251953125,2004.341552734375,1990.7348043740608,ensemble
ETH,phase1,xgb,phase1_xgb,2026-05-31,2026-06-01,-0.0005591235515652776,-0.012989828735589981,0.0025538653438326483,2004.341552734375,2003.22119140625,1978.4738713445638,ensemble
ETH,phase1,xgb,phase1_xgb,2026-06-01,2026-06-02,-0.07540853835127649,-0.015007616207003593,0.001564525197114995,2003.22119140625,1857.71630859375,1973.3820835764884,ensemble
ETH,phase1,xgb,phase1_xgb,2026-06-02,2026-06-03,-0.02506448300158351,0.010627506207674742,0.004407795382945819,1857.71630859375,1811.7322998046875,1877.564481676283,ensemble
ETH,phase1,xgb,phase1_xgb,2026-06-03,2026-06-04,-0.023540908919617697,0.00408073939033784,0.005342027344883403,1811.7322998046875,1769.58056640625,1819.1406125815963,ensemble
ETH,phase1,xgb,phase1_xgb,2026-06-04,2026-06-05,-0.11277301635815795,-7.460417691618204e-05,0.0022941173955632857,1769.58056640625,1580.86083984375,1769.4485532290348,ensemble
ETH,phase1,xgb,phase1_xgb,2026-06-05,2026-06-06,-0.00767912718680117,0.000300417048856616,0.006582378669663803,1580.86083984375,1568.7677001953125,1581.335828735717,ensemble
ETH,phase1,xgb,phase1_xgb,2026-06-06,2026-06-07,0.07230344307254986,0.0014430898707360029,0.00620657770190576,1568.7677001953125,1686.396240234375,1571.0332072449785,ensemble
ETH,phase1,xgb,phase1_xgb,2026-06-07,2026-06-08,0.002222580242866329,-9.73446061834693e-05,0.005997348285893136,1686.396240234375,1690.1485595703125,1686.2320866463629,ensemble
ETH,phase1,xgb,phase1_xgb,2026-06-08,2026-06-09,-0.031519541921552284,-0.015022336877882481,0.001746149148696505,1690.1485595703125,1637.7066650390625,1664.948335572626,ensemble
ETH,phase1,xgb,phase1_xgb,2026-06-09,2026-06-10,-0.010785745482471555,-0.0030838151229545473,0.003066703942659979,1637.7066650390625,1620.1376953125,1632.6640596860036,ensemble
ETH,phase1,xgb,phase1_xgb,2026-06-10,2026-06-11,0.03167720451879468,-0.019969088956713676,0.0012008245781485398,1620.1376953125,1672.2806396484375,1588.105908771362,ensemble
ETH,phase1,xgb,phase1_xgb,2026-06-11,2026-06-12,-0.004286465439468386,-0.015660635009407998,0.0049518548584486935,1672.2806396484375,1665.1278076171875,1646.2956646002258,ensemble
ETH,phase1,xgb,phase1_xgb,2026-06-12,2026-06-13,0.009019641302053691,-0.006831832788884639,0.0025941211618989548,1665.1278076171875,1680.214599609375,1653.7907035586184,ensemble
ETH,phase1,xgb,phase1_xgb,2026-06-13,2026-06-14,0.02608131744744488,-0.01142121646553278,0.0035197385446178986,1680.214599609375,1724.61328125,1661.1336760536772,ensemble
ETH,phase1,xgb,phase1_xgb,2026-06-14,2026-06-15,0.03998055531190125,-0.015517463348805905,0.004772393907663941,1724.61328125,1794.961181640625,1698.0582242798707,ensemble
ETH,phase1,xgb,phase1_xgb,2026-06-15,2026-06-16,-0.002545346375384009,-0.01495381686836481,0.004579892085002236,1794.961181640625,1790.398193359375,1768.3193557980044,ensemble
ETH,phase1,xgb,phase1_xgb,2026-06-16,2026-06-17,-0.024031278966082516,-0.008643009793013334,0.003180836068046844,1790.398193359375,1747.885498046875,1774.9904448167408,ensemble
ETH,phase1,xgb,phase1_xgb,2026-06-17,2026-06-18,-0.022186275106794908,-0.022793595865368842,0.0016484185992379366,1747.885498046875,1709.533447265625,1708.4955273226897,ensemble
ETH,phase1,xgb,phase1_xgb,2026-06-18,2026-06-19,0.0008472258287815989,-0.022358325123786927,0.0011014772798979488,1709.533447265625,1710.982421875,1671.7352691981278,ensemble
ETH,phase1,xgb,phase1_xgb,2026-06-19,2026-06-20,0.016415812264568657,-0.014020237512886525,0.003122820286066526,1710.982421875,1739.3013916015625,1687.1614201913821,ensemble
ETH,phase1,xgb,phase1_xgb,2026-06-20,2026-06-21,-0.020164455160312907,-0.0068375769071280955,0.003961831542991825,1739.3013916015625,1704.58056640625,1727.4493503694962,ensemble
ETH,phase1,xgb,phase1_xgb,2026-06-21,2026-06-22,0.012783452112487081,0.002326094591990113,0.003732125720028169,1704.58056640625,1726.5108642578125,1708.55019712177,ensemble
ETH,phase1,xgb,phase1_xgb,2026-06-22,2026-06-23,-0.036015118575190234,0.005120240955147892,0.006339497952371064,1726.5108642578125,1665.436767578125,1735.3736864240657,ensemble
ETH,phase1,xgb,phase1_xgb,2026-06-23,2026-06-24,-0.027707605238555068,-0.005135113373398781,0.0058508763038091,1665.436767578125,1619.9249267578125,1656.9064816977968,ensemble
ETH,phase1,xgb,phase1_xgb,2026-06-24,2026-06-25,-0.03461114583410765,-0.02089514899998903,0.005701413609537708,1619.9249267578125,1564.816650390625,1586.4275392539037,ensemble
ETH,phase1,xgb,phase1_xgb,2026-06-25,2026-06-26,0.00751217354974333,0.012683692947030067,0.0020097194506438613,1564.816650390625,1576.6160888671875,1584.790708937054,ensemble
ETH,phase1,xgb,phase1_xgb,2026-06-26,2026-06-27,-0.003194097811799365,-0.00901501290500164,0.0036807104803609158,1576.6160888671875,1571.5882568359375,1562.4667485494147,ensemble
ETH,phase1,xgb,phase1_xgb,2026-06-27,2026-06-28,-0.0007810761173124416,-0.004867986822500825,0.001348959391095116,1571.5882568359375,1570.3612060546875,1563.9563769279116,ensemble
ETH,phase1,xgb,phase1_xgb,2026-06-28,2026-06-29,0.025056343014794192,-0.004947769979480654,0.004750674735247609,1570.3612060546875,1610.205810546875,1562.6106099173608,ensemble
ETH,phase1,xgb,phase1_xgb,2026-06-29,2026-06-30,-0.025551475094469023,-0.019853954017162324,0.004889086904628437,1610.205810546875,1569.5838623046875,1578.5521236112404,ensemble
ETH,phase1,xgb,phase1_xgb,2026-06-30,2026-07-01,0.024777910106091337,-0.005335653247311711,0.004840712662425527,1569.5838623046875,1608.960693359375,1561.231409783686,ensemble
ETH,phase1,xgb,phase1_xgb,2026-07-01,2026-07-02,0.053962428648177775,-0.01092221480794251,0.0044925737118145515,1608.960693359375,1698.16943359375,1591.4829009011992,ensemble
ETH,phase1,xgb,phase1_xgb,2026-07-02,2026-07-03,0.0337829584823897,0.0046195878181606535,0.0032111575768627304,1698.16943359375,1756.5186767578125,1706.032424327054,ensemble
ETH,phase1,xgb,phase1_xgb,2026-07-03,2026-07-04,0.012736109597214896,-0.008741782139986753,0.001974883354976048,1756.5186767578125,1779.032958984375,1741.2304935029797,ensemble
ETH,phase1,xgb,phase1_xgb,2026-07-04,2026-07-05,0.002230758380216772,0.0034577752463519572,0.0020686545471284333,1779.032958984375,1783.0059814453125,1785.1951026266154,ensemble
ETH,phase1,xgb,phase1_xgb,2026-07-05,2026-07-06,0.008137134529373787,-0.007295886147767305,0.001907699065509631,1783.0059814453125,1797.57373046875,1770.0447122699463,ensemble
ETH,phase1,xgb,phase1_xgb,2026-07-06,2026-07-07,-0.016299610142193822,0.0036063160747289657,0.00047254328471077635,1797.57373046875,1768.511474609375,1804.0680527593863,ensemble
ETH,phase1,xgb,phase1_xgb,2026-07-07,2026-07-08,-0.014715429926392411,0.0033740206155925987,0.0027446394392705684,1768.511474609375,1742.6776123046875,1774.4885464952458,ensemble
ETH,phase1,xgb,phase1_xgb,2026-07-08,2026-07-09,0.0010363767887721133,-0.010597145371139049,0.003170073987831904,1742.6776123046875,1744.484619140625,1724.3077104826582,ensemble
ETH,phase1,xgb,phase1_xgb,2026-07-09,2026-07-10,0.028931987175530218,0.0005105089105200023,0.002912337169037952,1744.484619140625,1795.6932373046875,1745.3754214448718,ensemble
ETH,phase1,xgb,phase1_xgb,2026-07-10,2026-07-11,-0.004237766868141637,-0.0012886151380371302,0.0020465050272094098,1795.6932373046875,1788.099609375,1793.3807700759576,ensemble
ETH,phase1,xgb,phase1_xgb,2026-07-11,2026-07-12,0.00984372406415057,-0.004643159988336265,0.0029245706482672667,1788.099609375,1805.7880859375,1779.816421777591,ensemble
ETH,phase1,xgb,phase1_xgb,2026-07-12,2026-07-13,-0.018041700992512517,0.0074946084059774876,0.002175183463352723,1805.7880859375,1773.500732421875,1819.3726022349574,ensemble
ETH,phase1,xgb,phase1_xgb,2026-07-13,2026-07-14,0.06334617578601259,0.013327898643910884,0.002807059799105074,1773.500732421875,1889.4798583984373,1797.2959885756554,ensemble
ETH,phase1,xgb,phase1_xgb,2026-07-14,2026-07-15,0.014430524175558828,-0.0010046833951491863,0.004361882201187079,1889.4798583984373,1916.9437255859373,1887.5824826497892,ensemble
ETH,phase1,xgb,phase1_xgb,2026-07-15,2026-07-16,-0.028440232689138405,-0.0025457795592956243,0.0017874254383861182,1916.9437255859373,1863.193359375,1912.0698160150148,ensemble
ETH,phase1,xgb,phase1_xgb,2026-07-16,2026-07-17,-0.011989404987594009,0.0001633304047572892,0.0008285221645547512,1863.193359375,1840.9881591796875,1863.497700353919,ensemble
ETH,phase1,xgb,phase1_xgb,2026-07-17,2026-07-18,0.011022172689536534,-0.010382292605936528,0.0018170732470076513,1840.9881591796875,1861.39208984375,1821.97336083046,ensemble
ETH,phase1,xgb,phase1_xgb,2026-07-18,2026-07-19,0.005420170979573819,0.0008542071387637407,0.001808135667829007,1861.39208984375,1871.508544921875,1862.982783549169,ensemble
ETH,phase1,xgb,phase1_xgb,2026-07-19,2026-07-20,0.01708549188125397,0.006279900623485446,0.002674174613469207,1871.508544921875,1903.7589111328125,1883.2984134548192,ensemble
ETH,phase1,xgb,phase1_xgb,2026-07-20,2026-07-21,0.012851931047764876,-0.004738506232388318,0.002665498015819212,1903.7589111328125,1928.3837890625,1894.7592769182427,ensemble
ETH,phase1,xgb,phase1_xgb,2026-07-21,2026-07-22,0.0026444810723667356,-0.0011795159400207922,0.003357891195303335,1928.3837890625,1933.4901123046875,1926.110570557107,ensemble
ETH,phase1,xgb,phase1_xgb,2026-07-22,2026-07-23,-0.029598568421148785,-0.0017924058432981838,0.0023004344124851186,1933.4901123046875,1877.1002197265625,1930.0276173545255,ensemble
ETH,phase1,xgb,phase1_xgb,2026-07-23,2026-07-24,-0.009056635454748527,0.0031807588413357733,0.0019535759565465147,1877.1002197265625,1860.1767578125,1883.0803284465308,ensemble
ETH,phase1,xgb,phase1_xgb,2026-07-24,2026-07-25,0.006988648574768904,-0.005957762431353331,0.002185710016129002,1860.1767578125,1873.222412109375,1849.1272145694838,ensemble
ETH,phase1,xgb,phase1_xgb,2026-07-25,2026-07-26,0.041917042836694604,0.003931031376123428,0.0025327282120933916,1873.222412109375,1953.4112548828125,1880.6006006298567,ensemble
ETH,phase1,xgb,phase1_xgb,2026-07-26,2026-07-27,-0.032675812699619874,-0.005920421006157995,0.001556420956872736,1953.4112548828125,1890.613525390625,1941.8804052788469,ensemble
ETH,phase1,xgb,phase1_xgb,2026-07-27,2026-07-28,0.015396962638548027,0.004425838415045291,0.002962779171271579,1890.613525390625,1919.948486328125,1898.9996194189262,ensemble
ETH,phase1,xgb,phase1_xgb,2026-07-28,2026-07-29,-0.005970784512141466,0.0062778271734714505,0.0012965874966239521,1919.948486328125,1908.51904296875,1932.0395040570743,ensemble
ETH,phase1,xgb,phase1_xgb,2026-07-29,2026-07-30,0.004628409644754907,-0.010463482700288296,0.0020017061898129442,1908.51904296875,1917.3729248046875,1888.6534001325003,ensemble
ETH,phase1,xgb,phase1_xgb,2026-07-30,2026-07-31,-0.03019351719084729,-5.024581914767623e-05,0.0032730285286520972,1917.3729248046875,1860.345947265625,1917.276587251769,ensemble
ETH,phase1,xgb,phase1_xgb,2026-07-31,2026-08-01,-0.009141155880177469,0.0004289486911147833,0.004026579268005822,1860.345947265625,1843.417724609375,1861.144111398217,ensemble
ETH,phase1,xgb,phase1_xgb,2026-08-01,2026-08-02,0.020991044981634618,-0.001459750504727708,0.003374210148692469,1843.417724609375,1882.52197265625,1840.7287577433094,ensemble
ETH,phase1,xgb,phase1_xgb,2026-08-02,2026-08-03,-0.012973686445006478,0.00843835948035121,0.002092082080265052,1882.52197265625,1858.2564697265625,1898.4745820576784,ensemble
ETH,phase1,xgb,phase1_xgb,2026-08-03,2026-08-04,0.005436217682913836,0.002973179236869328,0.0019985417368941468,1858.2564697265625,1868.3858642578125,1863.7896207279748,ensemble
ETH,phase1,xgb,phase1_xgb,2026-08-04,2026-08-05,0.02020785436698823,-0.007277882378548384,0.0017183816215255775,1868.3858642578125,1906.5260009765625,1854.837333808186,ensemble
ETH,phase1,xgb,phase1_xgb,2026-08-05,2026-08-06,-0.002346545855886157,-0.02013110164552927,0.0038875351317771483,1906.5260009765625,1902.0574951171875,1868.5292734610825,ensemble
ETH,phase1,xgb,phase1_xgb,2026-08-06,2026-08-07,0.005882550580216205,-0.0008056459133513272,0.0025299245429491247,1902.0574951171875,1913.2794189453125,1900.525727383346,ensemble
ETH,phase1,xgb,phase1_xgb,2026-08-07,2026-08-08,0.001177148461113393,0.0036477255634963512,0.002554072057979906,1913.2794189453125,1915.532958984375,1920.2712816372982,ensemble
ETH,phase1,xgb,phase1_xgb,2026-08-08,2026-08-09,-0.0035825526559130822,0.00017512229023850523,0.001821591380799616,1915.532958984375,1908.6827392578125,1915.868440877501,ensemble
ETH,phase1,xgb,phase1_xgb,2026-08-09,2026-08-10,-0.019791352046331357,-0.005117757059633732,0.0021939685237848203,1908.6827392578125,1871.2786865234373,1898.9395176806188,ensemble
ETH,phase1,xgb,phase1_xgb,2026-08-10,2026-08-11,0.005380127113694831,0.013210232928395271,0.00570155204074224,1871.2786865234373,1881.37353515625,1896.1627138696315,ensemble
ETH,phase1,xgb,phase1_xgb,2026-08-11,2026-08-12,-0.0017228455012013328,0.009106245916336774,0.0030746806121543816,1881.37353515625,1878.135009765625,1898.5840277873233,ensemble
ETH,phase1,xgb,phase1_xgb,2026-08-12,2026-08-13,0.0031133074431306308,-0.0017438515787944198,0.0028919380474456383,1878.135009765625,1883.9913330078125,1874.8626751258892,ensemble
ETH,phase1,xgb,phase1_xgb,2026-08-13,2026-08-14,-0.001775101080760423,0.001170033376547508,0.001361381281304308,1883.9913330078125,1880.6500244140625,1886.196955823092,ensemble
ETH,phase1,xgb,phase1_xgb,2026-08-14,2026-08-15,0.00013733711278611884,-0.00283102112589404,0.0013601921022664606,1880.6500244140625,1880.9083251953125,1875.3333937623042,ensemble
ETH,phase1,xgb,phase1_xgb,2026-08-15,2026-08-16,-0.003710048377518096,0.0035579241804953197,0.0034734500111671318,1880.9083251953125,1873.9429931640625,1887.6123735826393,ensemble
ETH,phase1,xgb,phase1_xgb,2026-08-16,2026-08-17,0.020210771727059512,0.0003356881090439856,0.005236841480469359,1873.9429931640625,1912.2021484375,1874.572159139754,ensemble
ETH,phase1,xgb,phase1_xgb,2026-08-17,2026-08-18,0.0022239875598747453,0.005780764948576688,0.002526075948448543,1912.2021484375,1916.4595947265625,1923.288151508813,ensemble
ETH,phase1,xgb,phase1_xgb,2026-08-18,2026-08-19,0.16109848705425042,-0.001093882299028337,0.0009161791251998647,1916.4595947265625,2251.4580078125,1914.3643596782802,ensemble
ETH,phase1,xgb,phase1_xgb,2026-08-19,2026-08-20,0.032737450034477825,-0.0027278650552034376,0.005448908392836584,2251.4580078125,2326.384765625,2245.3247034063975,ensemble
ETH,phase1,xgb,phase1_xgb,2026-08-20,2026-08-21,0.07806936059159927,0.0021034785080701114,0.003423283126960488,2326.384765625,2515.28173828125,2331.2834162779545,ensemble
ETH,phase1,xgb,phase1_xgb,2026-08-21,2026-08-22,-0.036862118710177375,0.001083619135170011,0.0017560295841951967,2515.28173828125,2424.251220703125,2518.0088229969338,ensemble
ETH,phase1,xgb,phase1_xgb,2026-08-22,2026-08-23,0.01618863252300956,-0.005342330178245902,0.0021378451679550524,2424.251220703125,2463.81591796875,2411.3346033848993,ensemble
ETH,phase1,xgb,phase1_xgb,2026-08-23,2026-08-24,0.007285380356811502,-0.012589130364358426,0.0016973938226588665,2463.81591796875,2481.831298828125,2432.9930418686827,ensemble
ETH,phase1,xgb,phase1_xgb,2026-08-24,2026-08-25,-0.01570466707427711,0.0003580795193556696,0.00312669256606396,2481.831298828125,2443.159423828125,2482.7201509170977,ensemble
ETH,phase1,xgb,phase1_xgb,2026-08-25,2026-08-26,0.02549994808905242,-0.010339055769145488,0.0051493977844646556,2443.159423828125,2506.260986328125,2418.0295954968133,ensemble
ETH,phase1,xgb,phase1_xgb,2026-08-26,2026-08-27,0.0016541530230063984,-0.012130423821508885,0.0020422847571095674,2506.260986328125,2510.41015625,2476.0426296381656,ensemble
ETH,phase1,xgb,phase1_xgb,2026-08-27,2026-08-28,-0.02740935041425752,-0.008974596578627824,0.0014611824741311375,2510.41015625,2442.535888671875,2487.981034553098,ensemble
ETH,phase1,xgb,phase1_xgb,2026-08-28,2026-08-29,0.006183572246544925,-0.009086003340780736,0.0029550048565427445,2442.535888671875,2457.686279296875,2420.4435170953434,ensemble
ETH,phase1,xgb,phase1_xgb,2026-08-29,2026-08-30,-0.016304961587388887,-0.00632050852291286,0.003708520563699323,2457.686279296875,2417.938720703125,2442.2014398019996,ensemble
ETH,phase1,xgb,phase1_xgb,2026-08-30,2026-08-31,0.020014589550137154,-0.016492987982928753,0.0012368442376060446,2417.938720703125,2466.8203125,2378.3867481122247,ensemble
