asset,phase,model,method,query_date,target_date,actual_return,predicted_return,prediction_std,previous_close,actual_close,predicted_close,seed
BTC,benchmark,arima,arima,2025-10-31,2025-11-01,0.004624825172493095,-0.0005966666596372398,0.0,109556.1640625,110064.015625,109490.81504977348,benchmark
BTC,benchmark,arima,arima,2025-11-01,2025-11-02,0.005216141233319792,-3.013272054983138e-05,0.0,110064.015625,110639.625,110060.69914674209,benchmark
BTC,benchmark,arima,arima,2025-11-02,2025-11-03,-0.03768718290100999,-0.00021255794355248044,0.0,110639.625,106547.5234375,110616.11016805528,benchmark
BTC,benchmark,arima,arima,2025-11-03,2025-11-04,-0.04764085753760775,0.001655280831742996,0.0,106547.5234375,101590.5234375,106724.03555897847,benchmark
BTC,benchmark,arima,arima,2025-11-04,2025-11-05,0.022400061321748738,0.0015579910214041336,0.0,101590.5234375,103891.8359375,101748.92392210085,benchmark
BTC,benchmark,arima,arima,2025-11-05,2025-11-06,-0.025251182491850755,-0.0013815519745019695,0.0,103891.8359375,101301.2890625,103748.40306922112,benchmark
BTC,benchmark,arima,arima,2025-11-06,2025-11-07,0.02023892596873405,0.0014532968228295673,0.0,101301.2890625,103372.40625,101448.61693367604,benchmark
BTC,benchmark,arima,arima,2025-11-07,2025-11-08,-0.010603212214200236,-0.0012609340068119668,0.0,103372.40625,102282.1171875,103242.14261177847,benchmark
BTC,benchmark,arima,arima,2025-11-08,2025-11-09,0.023551839699680072,0.000799377833966595,0.0,102282.1171875,104719.640625,102363.91193288846,benchmark
BTC,benchmark,arima,arima,2025-11-09,2025-11-10,0.01212026933646231,-0.001219596575971883,0.0,104719.640625,105996.59375,104592.00275902977,benchmark
BTC,benchmark,arima,arima,2025-11-10,2025-11-11,-0.028702546476841843,-0.00017455415971799788,0.0,105996.59375,102997.46875,105978.09321836435,benchmark
BTC,benchmark,arima,arima,2025-11-11,2025-11-12,-0.013039146642676998,0.0012641810399265166,0.0,102997.46875,101663.1875,103127.75853474003,benchmark
BTC,benchmark,arima,arima,2025-11-12,2025-11-13,-0.019524742976585432,0.0002010877012362756,0.0,101663.1875,99697.4921875,101683.63277225224,benchmark
BTC,benchmark,arima,arima,2025-11-13,2025-11-14,-0.05462287113659148,0.0007711056137710602,0.0,99697.4921875,94397.7890625,99774.39913128196,benchmark
BTC,benchmark,arima,arima,2025-11-14,2025-11-15,0.01212310649874722,0.0020993320794225057,0.0,94397.7890625,95549.1484375,94596.16952968636,benchmark
BTC,benchmark,arima,arima,2025-11-15,2025-11-16,-0.014463938461922525,-0.0010966552332278274,0.0,95549.1484375,94177.078125,95444.42139905879,benchmark
BTC,benchmark,arima,arima,2025-11-16,2025-11-17,-0.02236838271634354,0.0009172623702991501,0.0,94177.078125,92093.875,94263.50284592138,benchmark
BTC,benchmark,arima,arima,2025-11-17,2025-11-18,0.009241173563305538,0.0006925978734752475,0.0,92093.875,92948.875,92157.6811154244,benchmark
BTC,benchmark,arima,arima,2025-11-18,2025-11-19,-0.016082377699808928,-0.0005838081644188604,0.0,92948.875,91465.9921875,92894.62652479362,benchmark
BTC,benchmark,arima,arima,2025-11-19,2025-11-20,-0.05429914313161118,0.000843344836154683,0.0,91465.9921875,86631.8984375,91543.16209554301,benchmark
BTC,benchmark,arima,arima,2025-11-20,2025-11-21,-0.017950490472289502,0.002065552966652319,0.0,86631.8984375,85090.6875,86811.02614752323,benchmark
BTC,benchmark,arima,arima,2025-11-21,2025-11-22,-0.00521187239368071,0.00018648981877205165,0.0,85090.6875,84648.359375,85106.55752664428,benchmark
BTC,benchmark,arima,arima,2025-11-22,2025-11-23,0.025158586579000386,0.000168941959020146,0.0,84648.359375,86805.0078125,84662.6612427194,benchmark
BTC,benchmark,arima,arima,2025-11-23,2025-11-24,0.016742357810839485,-0.0011125182630074993,0.0,86805.0078125,88270.5625,86708.48935521636,benchmark
BTC,benchmark,arima,arima,2025-11-24,2025-11-25,-0.01057647695675446,-0.0004000676160639087,0.0,88270.5625,87341.890625,88235.25536958268,benchmark
BTC,benchmark,arima,arima,2025-11-25,2025-11-26,0.0357225879133364,0.0005591013164794054,0.0,87341.890625,90518.3671875,87390.73724486453,benchmark
BTC,benchmark,arima,arima,2025-11-26,2025-11-27,0.008437806108495432,-0.001668338714835873,0.0,90518.3671875,91285.375,90367.47779342448,benchmark
BTC,benchmark,arima,arima,2025-11-27,2025-11-28,-0.004018666774419681,0.00010607406271139147,0.0,91285.375,90919.265625,91295.05852416868,benchmark
BTC,benchmark,arima,arima,2025-11-28,2025-11-29,-0.00074277862694653,0.0001407430390696759,0.0,90919.265625,90851.7578125,90932.06277928813,benchmark
BTC,benchmark,arima,arima,2025-11-29,2025-11-30,-0.005047792573132774,-7.637429920974046e-06,0.0,90851.7578125,90394.3125,90851.0639412162,benchmark
BTC,benchmark,arima,arima,2025-11-30,2025-12-01,-0.04610183805407602,0.00021591991749735128,0.0,90394.3125,86321.5703125,90413.83253980408,benchmark
BTC,benchmark,arima,arima,2025-12-01,2025-12-02,0.05662099387030378,0.0018926530320021902,0.0,86321.5703125,91350.203125,86485.10179964564,benchmark
BTC,benchmark,arima,arima,2025-12-02,2025-12-03,0.023558262011831657,-0.002923940308857594,0.0,91350.203125,93527.8046875,91083.49069948624,benchmark
BTC,benchmark,arima,arima,2025-12-03,2025-12-04,-0.014931972865932171,-0.00018555041524809333,0.0,93527.8046875,92141.625,93510.45217443578,benchmark
BTC,benchmark,arima,arima,2025-12-04,2025-12-05,-0.030343059975675362,0.0006839857557043054,0.0,92141.625,89387.7578125,92204.67011753072,benchmark
BTC,benchmark,arima,arima,2025-12-05,2025-12-06,-0.0012916460625568118,0.0010951668041525378,0.0,89387.7578125,89272.375,89485.7059425343,benchmark
BTC,benchmark,arima,arima,2025-12-06,2025-12-07,0.012614572226014349,-0.0002495241524992993,0.0,89272.375,90405.640625,89250.1021652072,benchmark
BTC,benchmark,arima,arima,2025-12-07,2025-12-08,0.002591195979813834,-0.00046497127488557633,0.0,90405.640625,90640.203125,90363.61437027954,benchmark
BTC,benchmark,arima,arima,2025-12-08,2025-12-09,0.022381192698197744,1.9416966702996696e-05,0.0,90640.203125,92691.7109375,90641.96309989266,benchmark
BTC,benchmark,arima,arima,2025-12-09,2025-12-10,-0.007262832846635849,-0.0009533450259120897,0.0,92691.7109375,92020.9453125,92603.38586475847,benchmark
BTC,benchmark,arima,arima,2025-12-10,2025-12-11,0.0053149701081481185,0.0005724501114861655,0.0,92020.9453125,92511.3359375,92073.63779337255,benchmark
BTC,benchmark,arima,arima,2025-12-11,2025-12-12,-0.024521421452147512,-0.00038413815955517594,0.0,92511.3359375,90270.4140625,92475.80562788577,benchmark
BTC,benchmark,arima,arima,2025-12-12,2025-12-13,0.0003134187556330964,0.0011453116285837055,0.0,90270.4140625,90298.7109375,90373.86104565127,benchmark
BTC,benchmark,arima,arima,2025-12-13,2025-12-14,-0.02379767101791624,-0.0003314363311369416,0.0,90298.7109375,88175.1796875,90268.78762315116,benchmark
BTC,benchmark,arima,arima,2025-12-14,2025-12-15,-0.020108914713088392,0.0011000170282469222,0.0,88175.1796875,86419.78125,88272.2272538268,benchmark
BTC,benchmark,arima,arima,2025-12-15,2025-12-16,0.016345736935078115,0.0005461302607534758,0.0,86419.78125,87843.984375,86466.99059772164,benchmark
BTC,benchmark,arima,arima,2025-12-16,2025-12-17,-0.019544833040854463,-0.0008440326424471829,0.0,87843.984375,86143.7578125,87769.87246557997,benchmark
BTC,benchmark,arima,arima,2025-12-17,2025-12-18,-0.007939728497768105,0.0010622854533984287,0.0,86143.7578125,85462.5078125,86235.31569501878,benchmark
BTC,benchmark,arima,arima,2025-12-18,2025-12-19,0.030433154968407768,4.118836137734314e-05,0.0,85462.5078125,88103.3828125,85466.02794564975,benchmark
BTC,benchmark,arima,arima,2025-12-19,2025-12-20,0.002727355122150639,-0.0013004323117985842,0.0,88103.3828125,88344.0,87988.88479131092,benchmark
BTC,benchmark,arima,arima,2025-12-20,2025-12-21,0.0031390280669266876,0.0002457366498090513,0.0,88344.0,88621.75,88365.71202620176,benchmark
BTC,benchmark,arima,arima,2025-12-21,2025-12-22,-0.0014875849588890807,-0.00020121727510436394,0.0,88621.75,88490.015625,88603.91956690575,benchmark
BTC,benchmark,arima,arima,2025-12-22,2025-12-23,-0.012234274952953525,0.00011890347327172228,0.0,88490.015625,87414.0,88500.53802076998,benchmark
BTC,benchmark,arima,arima,2025-12-23,2025-12-24,0.002262076104062497,0.0004851495942840068,0.0,87414.0,87611.9609375,87456.4191556208,benchmark
BTC,benchmark,arima,arima,2025-12-24,2025-12-25,-0.0043148578556266,-0.00023058179950899915,0.0,87611.9609375,87234.7421875,87591.76154278441,benchmark
BTC,benchmark,arima,arima,2025-12-25,2025-12-26,0.0007641682813230021,0.0002468093811233065,0.0,87234.7421875,87301.4296875,87256.27519739686,benchmark
BTC,benchmark,arima,arima,2025-12-26,2025-12-27,0.00571921956587603,-0.00010092854659542514,0.0,87301.4296875,87802.15625,87292.61892572211,benchmark
BTC,benchmark,arima,arima,2025-12-27,2025-12-28,0.0003835125589097617,-0.000214199021450657,0.0,87802.15625,87835.8359375,87783.35112814124,benchmark
BTC,benchmark,arima,arima,2025-12-28,2025-12-29,-0.007974888882579774,4.325976001024018e-05,0.0,87835.8359375,87138.140625,87839.63577687244,benchmark
BTC,benchmark,arima,arima,2025-12-29,2025-12-30,0.01471809780879094,0.0003257575450594809,0.0,87138.140625,88430.1328125,87166.53115573479,benchmark
BTC,benchmark,arima,arima,2025-12-30,2025-12-31,-0.010473099349299821,-0.0007138759214196828,0.0,88430.1328125,87508.828125,88367.02719742675,benchmark
BTC,benchmark,arima,arima,2025-12-31,2026-01-01,0.013880733660550057,0.0006418970728809975,0.0,87508.828125,88731.984375,87565.01781769498,benchmark
BTC,benchmark,arima,arima,2026-01-01,2026-01-02,0.013574570130194884,-0.0007662314209502526,0.0,88731.984375,89944.6953125,88664.02118162089,benchmark
BTC,benchmark,arima,arima,2026-01-02,2026-01-03,0.007294409627148249,-0.00036209324206455326,0.0,89944.6953125,90603.1875,89912.13284184884,benchmark
BTC,benchmark,arima,arima,2026-01-03,2026-01-04,0.008903689947606831,-0.00020836571496875332,0.0,90603.1875,91413.4921875,90584.3108687478,benchmark
BTC,benchmark,arima,arima,2026-01-04,2026-01-05,0.02665149838136465,-0.00031923116982013637,0.0,91413.4921875,93882.5546875,91384.31480886378,benchmark
BTC,benchmark,arima,arima,2026-01-05,2026-01-06,-0.00163660971149983,-0.0010401383291846408,0.0,93882.5546875,93729.03125,93784.9546115171,benchmark
BTC,benchmark,arima,arima,2026-01-06,2026-01-07,-0.026168967250151644,0.00035826323972941985,0.0,93729.03125,91308.0546875,93762.61693229075,benchmark
BTC,benchmark,arima,arima,2026-01-07,2026-01-08,-0.003081466892755565,0.0010088579127877847,0.0,91308.0546875,91027.125,91400.21802301095,benchmark
BTC,benchmark,arima,arima,2026-01-08,2026-01-09,-0.005662930149506993,-0.0001497404812629776,0.0,91027.125,90513.1015625,91013.49557495832,benchmark
BTC,benchmark,arima,arima,2026-01-09,2026-01-10,-0.0013980466595052143,0.0002814494302371506,0.0,90513.1015625,90386.6484375,90538.58000864265,benchmark
BTC,benchmark,arima,arima,2026-01-10,2026-01-11,0.004865110901100388,-1.8971173574163782e-05,0.0,90386.6484375,90827.4609375,90384.93371296892,benchmark
BTC,benchmark,arima,arima,2026-01-11,2026-01-12,0.004016380962680633,-0.0002007907406007443,0.0,90827.4609375,91192.9921875,90809.22545517074,benchmark
BTC,benchmark,arima,arima,2026-01-12,2026-01-13,0.044280285031478225,-0.00011433442952794035,0.0,91192.9921875,95321.78125,91182.56628479248,benchmark
BTC,benchmark,arima,arima,2026-01-13,2026-01-14,0.016723797821879046,-0.001843721419184879,0.0,95321.78125,96929.328125,95146.19635474958,benchmark
BTC,benchmark,arima,arima,2026-01-14,2026-01-15,-0.014320038274756287,-0.00019615712437136713,0.0,96929.328125,95551.1875,96910.31661141063,benchmark
BTC,benchmark,arima,arima,2026-01-15,2026-01-16,-0.00027287855188963723,0.0006610138722124657,0.0,95551.1875,95525.1171875,95614.36904008056,benchmark
BTC,benchmark,arima,arima,2026-01-16,2026-01-17,-0.004461072057980408,-0.00017206845503993758,0.0,95525.1171875,95099.921875,95508.68174221943,benchmark
BTC,benchmark,arima,arima,2026-01-17,2026-01-18,-0.015529993658124637,0.00023674755641302832,0.0,95099.921875,93634.4296875,95122.43921447636,benchmark
BTC,benchmark,arima,arima,2026-01-18,2026-01-19,-0.011610285761608208,0.0005920026577807807,0.0,93634.4296875,92553.59375,93689.8779298688,benchmark
BTC,benchmark,arima,arima,2026-01-19,2026-01-20,-0.046924255054821146,0.000327296190028175,0.0,92553.59375,88310.90625,92583.89114644854,benchmark
BTC,benchmark,arima,arima,2026-01-20,2026-01-21,0.011999327760148781,0.0018965466031509882,0.0,88310.90625,89376.9609375,88478.55092198629,benchmark
BTC,benchmark,arima,arima,2026-01-21,2026-01-22,0.0009560777691027553,-0.0010350798710300787,0.0,89376.9609375,89462.453125,89284.49650659082,benchmark
BTC,benchmark,arima,arima,2026-01-22,2026-01-23,0.00046290133092210693,0.00024704524910935125,0.0,89462.453125,89503.875,89484.55712925039,benchmark
BTC,benchmark,arima,arima,2026-01-23,2026-01-24,-0.004402117623558332,-8.823396597225312e-05,0.0,89503.875,89110.734375,89495.97806653287,benchmark
BTC,benchmark,arima,arima,2026-01-24,2026-01-25,-0.028900838361794738,0.00021096177305967635,0.0,89110.734375,86572.21875,89129.53531659266,benchmark
BTC,benchmark,arima,arima,2026-01-25,2026-01-26,0.01938894055131375,0.0011654853580683397,0.0,86572.21875,88267.140625,86673.17622416955,benchmark
BTC,benchmark,arima,arima,2026-01-26,2026-01-27,0.00942027656458104,-0.001144980529033497,0.0,88267.140625,89102.5703125,88166.13430380123,benchmark
BTC,benchmark,arima,arima,2026-01-27,2026-01-28,0.0009198645005418251,-8.092443222940419e-05,0.0,89102.5703125,89184.5703125,89095.36002933525,benchmark
BTC,benchmark,arima,arima,2026-01-28,2026-01-29,-0.053227949504083015,-1.648030208941905e-05,0.0,89184.5703125,84561.5859375,89183.10053595075,benchmark
BTC,benchmark,arima,arima,2026-01-29,2026-01-30,-0.005132847429550004,0.0022590376637695586,0.0,84561.5859375,84128.65625,84752.82967711588,benchmark
BTC,benchmark,arima,arima,2026-01-30,2026-01-31,-0.06770691927198588,-0.0004101480072889322,0.0,84128.65625,78621.1171875,84094.1581244355,benchmark
BTC,benchmark,arima,arima,2026-01-31,2026-02-01,-0.021166842147211495,0.0029816504481290293,0.0,78621.1171875,76974.4453125,78855.88770467289,benchmark
BTC,benchmark,arima,arima,2026-02-01,2026-02-02,0.022026908157821636,6.823071583797469e-05,0.0,76974.4453125,78688.765625,76979.69751318356,benchmark
BTC,benchmark,arima,arima,2026-02-02,2026-02-03,-0.03960046937497693,-0.0009518995751203454,0.0,78688.765625,75633.546875,78613.89746157455,benchmark
BTC,benchmark,arima,arima,2026-02-03,2026-02-04,-0.035170615941758965,0.001941702923439063,0.0,75633.546875,73019.703125,75780.54742358948,benchmark
BTC,benchmark,arima,arima,2026-02-04,2026-02-05,-0.1523344080304475,0.0009502497976496341,0.0,73019.703125,62702.09765625,73089.12306103535,benchmark
BTC,benchmark,arima,arima,2026-02-05,2026-02-06,0.118003181433477,0.00618812004482313,0.0,62702.09765625,70555.390625,63091.308764139525,benchmark
BTC,benchmark,arima,arima,2026-02-06,2026-02-07,-0.018213402812750957,-0.006717029130030066,0.0,70555.390625,69281.96875,70083.05612909184,benchmark
BTC,benchmark,arima,arima,2026-02-07,2026-02-08,0.01408523588474713,0.0026373804856578333,0.0,69281.96875,70264.7265625,69464.93282928059,benchmark
BTC,benchmark,arima,arima,2026-02-08,2026-02-09,-0.0020507154219692207,-0.0013292278588584255,0.0,70264.7265625,70120.78125,70171.39077646408,benchmark
BTC,benchmark,arima,arima,2026-02-09,2026-02-10,-0.01910323758989731,0.00045611015639448387,0.0,70120.78125,68793.9609375,70152.77134545158,benchmark
BTC,benchmark,arima,arima,2026-02-10,2026-02-11,-0.026543221212374526,0.000682408939183283,0.0,68793.9609375,66991.96875,68840.9225731031,benchmark
BTC,benchmark,arima,arima,2026-02-11,2026-02-12,-0.01156236827483507,0.0009346633984313466,0.0,66991.96875,66221.84375,67054.61296224516,benchmark
BTC,benchmark,arima,arima,2026-02-12,2026-02-13,0.03903376935715579,0.00023007730451196596,0.0,66221.84375,68857.84375,66237.08164618965,benchmark
BTC,benchmark,arima,arima,2026-02-13,2026-02-14,0.013125933067848304,-0.0017171820272931203,0.0,68857.84375,69767.625,68739.70376123714,benchmark
BTC,benchmark,arima,arima,2026-02-14,2026-02-15,-0.014138040068878806,-7.892223431069535e-05,0.0,69767.625,68788.1875,69762.1190004282,benchmark
BTC,benchmark,arima,arima,2026-02-15,2026-02-16,0.0007987824782500607,0.0006207381381394639,0.0,68788.1875,68843.15625,68830.90020676628,benchmark
BTC,benchmark,arima,arima,2026-02-16,2026-02-17,-0.019788873300286218,-0.00020627006415695057,0.0,68843.15625,67494.21875,68828.95743218942,benchmark
BTC,benchmark,arima,arima,2026-02-17,2026-02-18,-0.015963632260214883,0.0008954546450819917,0.0,67494.21875,66425.3203125,67554.68382952377,benchmark
BTC,benchmark,arima,arima,2026-02-18,2026-02-19,0.007980125994704771,0.00042738397594638006,0.0,66425.3203125,66957.5234375,66453.71549738996,benchmark
BTC,benchmark,arima,arima,2026-02-19,2026-02-20,0.015528995656632263,-0.0004567217138048184,0.0,66957.5234375,68005.421875,66926.9494650735,benchmark
BTC,benchmark,arima,arima,2026-02-20,2026-02-21,-2.4354972344490844e-05,-0.0005308527248780275,0.0,68005.421875,68003.765625,67969.33059191672,benchmark
BTC,benchmark,arima,arima,2026-02-21,2026-02-22,-0.005076923598302017,0.00014849964214048704,0.0,68003.765625,67659.390625,68013.86490971105,benchmark
BTC,benchmark,arima,arima,2026-02-22,2026-02-23,-0.04601267313564273,0.0001737796998982691,0.0,67659.390625,64616.73828125,67671.14947529325,benchmark
BTC,benchmark,arima,arima,2026-02-23,2026-02-24,-0.00834051043874472,0.0019005827996776883,0.0,64616.73828125,64080.04296875,64739.6645213444,benchmark
BTC,benchmark,arima,arima,2026-02-24,2026-02-25,0.05878816281087323,-0.0001747111860010758,0.0,64080.04296875,67960.125,64068.84844637654,benchmark
BTC,benchmark,arima,arima,2026-02-25,2026-02-26,-0.007478610812400483,-0.002441427435915796,0.0,67960.125,67453.7734375,67794.40766201862,benchmark
BTC,benchmark,arima,arima,2026-02-26,2026-02-27,-0.023580345399758597,0.000994970804186685,0.0,67453.7734375,65881.796875,67520.92137228034,benchmark
BTC,benchmark,arima,arima,2026-02-27,2026-02-28,0.016768637200983844,0.0007223433251012951,0.0,65881.796875,66995.859375,65929.40334325562,benchmark
BTC,benchmark,arima,arima,2026-02-28,2026-03-01,-0.018952127255243773,-0.0009108955630453535,0.0,66995.859375,65738.1015625,66934.86092977715,benchmark
BTC,benchmark,arima,arima,2026-03-01,2026-03-02,0.04517399874225875,0.001055755681607473,0.0,65738.1015625,68775.8515625,65807.54158612249,benchmark
BTC,benchmark,arima,arima,2026-03-02,2026-03-03,-0.007035921401254354,-0.002206619363080973,0.0,68775.8515625,68293.6484375,68624.25675426114,benchmark
BTC,benchmark,arima,arima,2026-03-03,2026-03-04,0.06267011054362281,0.0009109923333128764,0.0,68293.6484375,72710.578125,68355.89177493745,benchmark
BTC,benchmark,arima,arima,2026-03-04,2026-03-05,-0.026047184090688055,-0.0029074493038610642,0.0,72710.578125,70841.125,72499.48282838735,benchmark
BTC,benchmark,arima,arima,2026-03-05,2026-03-06,-0.03892676222985379,0.0019108975609627389,0.0,70841.125,68136.4921875,70976.62455463086,benchmark
BTC,benchmark,arima,arima,2026-03-06,2026-03-07,-0.012760002816373808,0.0011178982158515007,0.0,68136.4921875,67272.59375,68212.70444138526,benchmark
BTC,benchmark,arima,arima,2026-03-07,2026-03-08,-0.019556151272463178,0.00022990121671500512,0.0,67272.59375,65969.78125,67288.06157912295,benchmark
BTC,benchmark,arima,arima,2026-03-08,2026-03-09,0.036210883133673905,0.0007644316631832638,0.0,65969.78125,68402.3828125,66020.22991942424,benchmark
BTC,benchmark,arima,arima,2026-03-09,2026-03-10,0.022043063053682945,-0.0017460600538345902,0.0,68402.3828125,69926.921875,68283.05235367482,benchmark
BTC,benchmark,arima,arima,2026-03-10,2026-03-11,0.003967140831024369,-0.00044858338918297644,0.0,69926.921875,70204.8828125,69895.56085393262,benchmark
BTC,benchmark,arima,arima,2026-03-11,2026-03-12,0.004102088510358853,-4.341338013176218e-05,0.0,70204.8828125,70493.4609375,70201.83504739273,benchmark
BTC,benchmark,arima,arima,2026-03-12,2026-03-13,0.006712861238543366,-0.00016168315829337464,0.0,70493.4609375,70968.265625,70482.06425344736,benchmark
BTC,benchmark,arima,arima,2026-03-13,2026-03-14,0.0034653905327112298,-0.00023940721136660398,0.0,70968.265625,71214.625,70951.27734407083,benchmark
BTC,benchmark,arima,arima,2026-03-14,2026-03-15,0.021879197879022205,-8.026988400602767e-05,0.0,71214.625,72789.9140625,71208.90883973255,benchmark
BTC,benchmark,arima,arima,2026-03-15,2026-03-16,0.028056806108927662,-0.0009043906500161387,0.0,72789.9140625,74861.0859375,72724.11330408673,benchmark
BTC,benchmark,arima,arima,2026-03-16,2026-03-17,-0.012617278563279094,-0.0009371056439245531,0.0,74861.0859375,73922.4765625,74790.96605135959,benchmark
BTC,benchmark,arima,arima,2026-03-17,2026-03-18,-0.03688417423341742,0.0007947254110255001,0.0,73922.4765625,71245.578125,73981.24798354776,benchmark
BTC,benchmark,arima,arima,2026-03-18,2026-03-19,-0.01888416104762736,0.0013414515422167771,0.0,71245.578125,69912.7890625,71341.21474725768,benchmark
BTC,benchmark,arima,arima,2026-03-19,2026-03-20,0.008684431647448684,0.0004271868189507288,0.0,69912.7890625,70522.5859375,69942.66126451478,benchmark
BTC,benchmark,arima,arima,2026-03-20,2026-03-21,-0.026016105631017767,-0.00048649767454592976,0.0,70522.5859375,68711.5234375,70488.2852077276,benchmark
BTC,benchmark,arima,arima,2026-03-21,2026-03-22,-0.012688120086084904,0.0012370536226811195,0.0,68711.5234375,67845.2109375,68796.5758728536,benchmark
BTC,benchmark,arima,arima,2026-03-22,2026-03-23,0.04425119303469704,0.00019375589289987762,0.0,67845.2109375,70914.859375,67858.35762050671,benchmark
BTC,benchmark,arima,arima,2026-03-23,2026-03-24,-0.005613991531695598,-0.0019280751027298034,0.0,70914.859375,70517.859375,70778.26192761063,benchmark
BTC,benchmark,arima,arima,2026-03-24,2026-03-25,0.011168924480813245,0.0007733886393024346,0.0,70517.859375,71309.8828125,70572.41818116955,benchmark
BTC,benchmark,arima,arima,2026-03-25,2026-03-26,-0.03595291880741613,-0.0006879009316470793,0.0,71309.8828125,68791.625,71260.84554600203,benchmark
BTC,benchmark,arima,arima,2026-03-26,2026-03-27,-0.03631346968520713,0.0017138741903298983,0.0,68791.625,66338.375,68909.62628138925,benchmark
BTC,benchmark,arima,arima,2026-03-27,2026-03-28,-0.0002816215791388498,0.001061944769783281,0.0,66338.375,66319.6953125,66408.8601093898,benchmark
BTC,benchmark,arima,arima,2026-03-28,2026-03-29,-0.005515409833700628,-0.000283074638221707,0.0,66319.6953125,65954.921875,66300.9245456318,benchmark
BTC,benchmark,arima,arima,2026-03-29,2026-03-30,0.011105181731209317,0.00031224076253655243,0.0,65954.921875,66691.4453125,65975.5189055482,benchmark
BTC,benchmark,arima,arima,2026-03-30,2026-03-31,0.022856210162579323,-0.0005570966676108446,0.0,66691.4453125,68233.3125,66654.30207770506,benchmark
BTC,benchmark,arima,arima,2026-03-31,2026-04-01,-0.002270644254019965,-0.0008133118466644154,0.0,68233.3125,68078.5546875,68177.84009984451,benchmark
BTC,benchmark,arima,arima,2026-04-01,2026-04-02,-0.017634149228875802,0.00032210644775719255,0.0,68078.5546875,66888.5703125,68100.48676096034,benchmark
BTC,benchmark,arima,arima,2026-04-02,2026-04-03,0.0006356502125007872,0.0006574115100611263,0.0,66888.5703125,66931.1015625,66932.558085965,benchmark
BTC,benchmark,arima,arima,2026-04-03,2026-04-04,0.005355544495529739,-0.00020954829817458915,0.0,66931.1015625,67290.515625,66917.07773345869,benchmark
BTC,benchmark,arima,arima,2026-04-04,2026-04-05,0.024824828794848448,-0.00016862163897671972,0.0,67290.515625,68981.8984375,67279.16994455822,benchmark
BTC,benchmark,arima,arima,2026-04-05,2026-04-06,-0.0017711667933321205,-0.0010046086262855743,0.0,68981.8984375,68859.828125,68912.63342521197,benchmark
BTC,benchmark,arima,arima,2026-04-06,2026-04-07,0.043769250088650125,0.0003540924145479815,0.0,68859.828125,71940.703125,68884.21518518784,benchmark
BTC,benchmark,arima,arima,2026-04-07,2026-04-08,-0.011426386592901714,-0.0019522031438454594,0.0,71940.703125,71123.359375,71800.3972555286,benchmark
BTC,benchmark,arima,arima,2026-04-08,2026-04-09,0.00902047398791368,0.0010262741524984728,0.0,71123.359375,71767.828125,71196.38890811673,benchmark
BTC,benchmark,arima,arima,2026-04-09,2026-04-10,0.01673607145352826,-0.0006671539900024053,0.0,71767.828125,72979.046875,71719.96390029219,benchmark
BTC,benchmark,arima,arima,2026-04-10,2026-04-11,0.0010302658186926742,-0.0005235212087769418,0.0,72979.046875,73054.2734375,72940.85079526591,benchmark
BTC,benchmark,arima,arima,2026-04-11,2026-04-12,-0.03200195641601119,0.00010179472561763379,0.0,73054.2734375,70753.40625,73061.71035573287,benchmark
BTC,benchmark,arima,arima,2026-04-12,2026-04-13,0.05139225778223328,0.001327158645417107,0.0,70753.40625,74484.640625,70847.3695831305,benchmark
BTC,benchmark,arima,arima,2026-04-13,2026-04-14,-0.004076670658997154,-0.0025453868383256,0.0,74484.640625,74181.609375,74295.2894892738,benchmark
BTC,benchmark,arima,arima,2026-04-14,2026-04-15,0.00836950468372944,0.0008797616605587353,0.0,74181.609375,74805.078125,74246.90022682962,benchmark
BTC,benchmark,arima,arima,2026-04-15,2026-04-16,0.004628724487070657,-0.0005988819119685271,0.0,74805.078125,75152.1328125,74760.29212888761,benchmark
BTC,benchmark,arima,arima,2026-04-16,2026-04-17,0.025937296578403095,-2.9682489831629527e-05,0.0,75152.1328125,77126.875,75149.90214318804,benchmark
BTC,benchmark,arima,arima,2026-04-17,2026-04-18,-0.018327445076503752,-0.0010903235485410397,0.0,77126.875,75726.2109375,77042.82757972922,benchmark
BTC,benchmark,arima,arima,2026-04-18,2026-04-19,-0.025002336494923415,0.0010791415382249946,0.0,75726.2109375,73856.3515625,75807.97434646574,benchmark
BTC,benchmark,arima,arima,2026-04-19,2026-04-20,0.02693259727225901,0.0007591892965919276,0.0,73856.3515625,75872.5234375,73912.443803712,benchmark
BTC,benchmark,arima,arima,2026-04-20,2026-04-21,0.006309747501944813,-0.001351623746027656,0.0,75872.5234375,76352.7734375,75770.04160719042,benchmark
BTC,benchmark,arima,arima,2026-04-21,2026-04-22,0.02394495237334366,0.00010822582324557066,0.0,76352.7734375,78203.1015625,76361.03722643197,benchmark
BTC,benchmark,arima,arima,2026-04-22,2026-04-23,0.0008417038623198857,-0.0010442483977437566,0.0,78203.1015625,78268.953125,78121.48072262738,benchmark
BTC,benchmark,arima,arima,2026-04-23,2026-04-24,-0.010449855400701123,0.000254436502292922,0.0,78268.953125,77455.3125,78288.87013737128,benchmark
BTC,benchmark,arima,arima,2026-04-24,2026-04-25,0.0020210985800430967,0.0003719204868600657,0.0,77455.3125,77612.015625,77484.12507519627,benchmark
BTC,benchmark,arima,arima,2026-04-25,2026-04-26,0.01338122502813899,-0.00018892079313106942,0.0,77612.015625,78657.5390625,77597.3544863922,benchmark
BTC,benchmark,arima,arima,2026-04-26,2026-04-27,-0.016547994707933746,-0.0005142780004255142,0.0,78657.5390625,77366.625,78617.09762055583,benchmark
BTC,benchmark,arima,arima,2026-04-27,2026-04-28,-0.013218654490737211,0.0008437508411448707,0.0,77366.625,76350.671875,77431.93070191641,benchmark
BTC,benchmark,arima,arima,2026-04-28,2026-04-29,-0.0075534590417408835,0.0003254840171004582,0.0,76350.671875,75776.1328125,76375.5268431182,benchmark
BTC,benchmark,arima,arima,2026-04-29,2026-04-30,0.006946186875134918,0.0002295075528444654,0.0,75776.1328125,76304.3203125,75793.52600316377,benchmark
BTC,benchmark,arima,arima,2026-04-30,2026-05-01,0.02427150989403538,-0.00035796039355224813,0.0,76304.3203125,78179.0,76277.01127603953,benchmark
BTC,benchmark,arima,arima,2026-05-01,2026-05-02,0.006098736514783506,-0.0009285756019530291,0.0,78179.0,78657.25,78106.43858260968,benchmark
BTC,benchmark,arima,arima,2026-05-02,2026-05-03,-0.0015143369624661424,-3.5739418296283805e-07,0.0,78657.25,78538.2265625,78657.22188836143,benchmark
BTC,benchmark,arima,arima,2026-05-03,2026-05-04,0.01628767686490818,6.42387318403084e-05,0.0,78538.2265625,79827.90625,78543.27192062733,benchmark
BTC,benchmark,arima,arima,2026-05-04,2026-05-05,0.013675043806522565,-0.0007077065898514548,0.0,79827.90625,80927.0546875,79771.43150082602,benchmark
BTC,benchmark,arima,arima,2026-05-05,2026-05-06,0.006165248057273942,-0.0003826066751647858,0.0,80927.0546875,81427.53125,80896.09737878926,benchmark
BTC,benchmark,arima,arima,2026-05-06,2026-05-07,-0.017561908350902416,-0.00015484177101397355,0.0,81427.53125,80009.9921875,81414.92384295377,benchmark
BTC,benchmark,arima,arima,2026-05-07,2026-05-08,0.0022069548930199264,0.0007868454656295805,0.0,80009.9921875,80186.765625,80072.97246167998,benchmark
BTC,benchmark,arima,arima,2026-05-08,2026-05-09,0.005938447031188693,-0.00031205667586691436,0.0,80186.765625,80664.3671875,80161.74671333277,benchmark
BTC,benchmark,arima,arima,2026-05-09,2026-05-10,0.018115146956791082,-0.0001648340757044026,0.0,80664.3671875,82138.9296875,80651.07204686858,benchmark
BTC,benchmark,arima,arima,2026-05-10,2026-05-11,-0.005011785219488408,-0.0007214735128484246,0.0,82138.9296875,81728.296875,82079.68999785988,benchmark
BTC,benchmark,arima,arima,2026-05-11,2026-05-12,-0.015422747705667463,0.0004126947384213071,0.0,81728.296875,80477.4921875,81762.03267391499,benchmark
BTC,benchmark,arima,arima,2026-05-12,2026-05-13,-0.015028018231235505,0.0005385830753880739,0.0,80477.4921875,79277.1171875,80520.84767696027,benchmark
BTC,benchmark,arima,arima,2026-05-13,2026-05-14,0.022132143698821827,0.0004868932675256522,0.0,79277.1171875,81051.25,79315.72608056976,benchmark
BTC,benchmark,arima,arima,2026-05-14,2026-05-15,-0.02480277513696735,-0.001072659058705512,0.0,81051.25,79065.6796875,80964.35625448138,benchmark
BTC,benchmark,arima,arima,2026-05-15,2026-05-16,-0.011886390842574117,0.0013484957902406957,0.0,79065.6796875,78131.4375,79172.37134416835,benchmark
BTC,benchmark,arima,arima,2026-05-16,2026-05-17,-0.009026576797854137,0.00012884075821324682,0.0,78131.4375,77429.3515625,78141.50466216427,benchmark
BTC,benchmark,arima,arima,2026-05-17,2026-05-18,-0.006155853649121142,0.00034652763291374714,0.0,77429.3515625,76954.171875,77456.18762186452,benchmark
BTC,benchmark,arima,arima,2026-05-18,2026-05-19,-0.002644879999712329,0.00016446644064913008,0.0,76954.171875,76750.90625,76966.82929457322,benchmark
BTC,benchmark,arima,arima,2026-05-19,2026-05-20,0.009167734783614812,6.633547036249336e-05,0.0,76750.90625,77457.7734375,76755.99772633772,benchmark
BTC,benchmark,arima,arima,2026-05-20,2026-05-21,0.0010503232153248991,-0.0004067252808224167,0.0,77457.7734375,77539.171875,77426.27580872193,benchmark
BTC,benchmark,arima,arima,2026-05-21,2026-05-22,-0.026806340702622146,6.849990461042132e-05,0.0,77539.171875,75488.2421875,77544.48348279725,benchmark
BTC,benchmark,arima,arima,2026-05-22,2026-05-23,0.015577503022418466,0.0011163484711560513,0.0,75488.2421875,76673.3671875,75572.56042676834,benchmark
BTC,benchmark,arima,arima,2026-05-23,2026-05-24,0.004005847400396048,-0.0009698978600331904,0.0,76673.3671875,76981.125,76599.03790447638,benchmark
BTC,benchmark,arima,arima,2026-05-24,2026-05-25,0.003874018128693613,9.976562583761494e-05,0.0,76981.125,77279.9296875,76988.80545322955,benchmark
BTC,benchmark,arima,arima,2026-05-25,2026-05-26,-0.018996541405031864,-0.00019179765532926596,0.0,77279.9296875,75825.734375,77265.10899951396,benchmark
BTC,benchmark,arima,arima,2026-05-26,2026-05-27,-0.019725310724108713,0.0008578752216884204,0.0,75825.734375,74344.703125,75890.81130363782,benchmark
BTC,benchmark,arima,arima,2026-05-27,2026-05-28,-0.010929802661887332,0.0005971485068427653,0.0,74344.703125,73536.5546875,74389.11121125435,benchmark
BTC,benchmark,arima,arima,2026-05-28,2026-05-29,-0.0022330998228095003,0.0002970449699686152,0.0,73536.5546875,73372.5234375,73558.4015957752,benchmark
BTC,benchmark,arima,arima,2026-05-29,2026-05-30,0.005197039654902875,1.2064983078310704e-05,0.0,73372.5234375,73754.8359375,73373.4086810939,benchmark
BTC,benchmark,arima,arima,2026-05-30,2026-05-31,-0.002377562514476544,-0.00022347119978093901,0.0,73754.8359375,73579.6875,73738.35569732152,benchmark
BTC,benchmark,arima,arima,2026-05-31,2026-06-01,-0.031195386303294676,0.0001627803238852891,0.0,73579.6875,71319.7734375,73591.66580025197,benchmark
BTC,benchmark,arima,arima,2026-06-01,2026-06-02,-0.06691384852525814,0.0012760550459415716,0.0,71319.7734375,66703.65625,71410.83948455774,benchmark
BTC,benchmark,arima,arima,2026-06-02,2026-06-03,-0.041152222290191665,0.0024796417596017126,0.0,66703.65625,64014.3671875,66869.26265898504,benchmark
BTC,benchmark,arima,arima,2026-06-03,2026-06-04,-0.003329681149437111,0.0010541630030587116,0.0,64014.3671875,63801.57421875,64081.884345846054,benchmark
BTC,benchmark,arima,arima,2026-06-04,2026-06-05,-0.046172542625212365,-0.00015181292989525875,0.0,63801.57421875,60922.66796875,63791.88905002145,benchmark
BTC,benchmark,arima,arima,2026-06-05,2026-06-06,-0.0009073630482773938,0.0019978019593226166,0.0,60922.66796875,60867.4140625,61044.50105285038,benchmark
BTC,benchmark,arima,arima,2026-06-06,2026-06-07,0.0382314561194156,-0.0005165476790232487,0.0,60867.4140625,63239.51953125,60835.981260007364,benchmark
BTC,benchmark,arima,arima,2026-06-07,2026-06-08,-0.0023577871851843952,-0.001475791715652942,0.0,63239.51953125,63090.58984375,63146.26000496835,benchmark
BTC,benchmark,arima,arima,2026-06-08,2026-06-09,-0.023199274916972237,0.0005098307893754476,0.0,63090.58984375,61643.78125,63122.76356985339,benchmark
BTC,benchmark,arima,arima,2026-06-09,2026-06-10,-0.00316008608540611,0.0008409725002041712,0.0,61643.78125,61449.2890625,61695.643779263715,benchmark
BTC,benchmark,arima,arima,2026-06-10,2026-06-11,0.03378866852406486,-9.977289685421126e-05,0.0,61449.2890625,63561.0546875,61443.15839476293,benchmark
BTC,benchmark,arima,arima,2026-06-11,2026-06-12,-0.0002809578486747506,-0.0014033961451146264,0.0,63561.0546875,63543.19921875,63471.9159115095,benchmark
BTC,benchmark,arima,arima,2026-06-12,2026-06-13,0.01372472245570358,0.0004017559755481977,0.0,63543.19921875,64421.32421875,63568.73320761443,benchmark
BTC,benchmark,arima,arima,2026-06-13,2026-06-14,0.019812484755317328,-0.0006929136640182933,0.0,64421.32421875,65710.3984375,64376.70126465738,benchmark
BTC,benchmark,arima,arima,2026-06-14,2026-06-15,0.0087743291428838,-0.0006466661982860288,0.0,65710.3984375,66289.5,65667.91948028775,benchmark
BTC,benchmark,arima,arima,2026-06-15,2026-06-16,-0.010446052081715382,-0.00019199455133726536,0.0,66289.5,65600.640625,66276.77399888966,benchmark
BTC,benchmark,arima,arima,2026-06-16,2026-06-17,-0.01818545153086442,0.0004957755942228549,0.0,65600.640625,64418.4453125,65633.17188502332,benchmark
BTC,benchmark,arima,arima,2026-06-17,2026-06-18,-0.023909926459543353,0.0006325174380956804,0.0,64418.4453125,62896.47265625,64459.20399142386,benchmark
BTC,benchmark,arima,arima,2026-06-18,2026-06-19,0.0101927013006599,0.0008369903039991671,0.0,62896.47265625,63540.8359375,62949.13843131598,benchmark
BTC,benchmark,arima,arima,2026-06-19,2026-06-20,0.01093823779640829,-0.0006642213949510554,0.0,63540.8359375,64239.67578125,63498.644768506994,benchmark
BTC,benchmark,arima,arima,2026-06-20,2026-06-21,-0.01572292530514671,-0.0002787697432899061,0.0,64239.67578125,63237.5390625,64221.77019920664,benchmark
BTC,benchmark,arima,arima,2026-06-21,2026-06-22,0.011236353824842346,0.0007433822320526765,0.0,63237.5390625,63952.10546875,63284.56620284241,benchmark
BTC,benchmark,arima,arima,2026-06-22,2026-06-23,-0.02028318896027214,-0.0006824212665445368,0.0,63952.10546875,62668.01953125,63908.47807975995,benchmark
BTC,benchmark,arima,arima,2026-06-23,2026-06-24,-0.027057191162537193,0.0010486635864553487,0.0,62668.01953125,60995.1328125,62733.771671279574,benchmark
BTC,benchmark,arima,arima,2026-06-24,2026-06-25,-0.021099038116469408,0.0008546888837671403,0.0,60995.1328125,59721.67578125,61047.28695908856,benchmark
BTC,benchmark,arima,arima,2026-06-25,2026-06-26,0.004923319948585001,0.0006562176131696771,0.0,59721.67578125,60016.4296875,59760.8790583193,benchmark
BTC,benchmark,arima,arima,2026-06-26,2026-06-27,-0.0012726617424323222,-0.0003908200636020204,0.0,60016.4296875,59940.09765625,59992.97864549972,benchmark
BTC,benchmark,arima,arima,2026-06-27,2026-06-28,-0.006825999440473744,0.00016247109831272837,0.0,59940.09765625,59532.33984375,59949.836980907145,benchmark
BTC,benchmark,arima,arima,2026-06-28,2026-06-29,0.010128530183576383,0.00024398027247291075,0.0,59532.33984375,60138.37890625,59546.86633226228,benchmark
BTC,benchmark,arima,arima,2026-06-29,2026-06-30,-0.026615830286262104,-0.0004967683751650877,0.0,60138.37890625,58558.859375,60108.51148068613,benchmark
BTC,benchmark,arima,arima,2026-06-30,2026-07-01,0.024374798891813786,0.0012653079911996382,0.0,58558.859375,60003.7578125,58633.00126399324,benchmark
BTC,benchmark,arima,arima,2026-07-01,2026-07-02,0.024390944088390595,-0.0013838857981570583,0.0,60003.7578125,61485.30078125,59920.77689552682,benchmark
BTC,benchmark,arima,arima,2026-07-02,2026-07-03,0.01707535974546987,-0.0006486375383699351,0.0,61485.30078125,62544.19921875,61445.43203868467,benchmark
BTC,benchmark,arima,arima,2026-07-03,2026-07-04,0.00866191238397133,-0.0005430354716365214,0.0,62544.19921875,63088.3046875,62510.2447201121,benchmark
BTC,benchmark,arima,arima,2026-07-04,2026-07-05,0.007258275090508953,-0.00021602123146119293,0.0,63088.3046875,63547.8828125,63074.677746137924,benchmark
BTC,benchmark,arima,arima,2026-07-05,2026-07-06,0.007011517689840301,-0.00024741327911221656,0.0,63547.8828125,63995.015625,63532.16216726111,benchmark
BTC,benchmark,arima,arima,2026-07-06,2026-07-07,-0.01096103180817717,-0.0002282413715013194,0.0,63995.015625,63297.39453125,63980.41098161982,benchmark
BTC,benchmark,arima,arima,2026-07-07,2026-07-08,-0.016563965519348627,0.0005276566368907932,0.0,63297.39453125,62257.57421875,63330.80263480096,benchmark
BTC,benchmark,arima,arima,2026-07-08,2026-07-09,0.014915682336986301,0.0005549833253993301,0.0,62257.57421875,63193.1484375,62292.13572396367,benchmark
BTC,benchmark,arima,arima,2026-07-09,2026-07-10,0.01467180052315595,-0.0007859222908433924,0.0,63193.1484375,64127.140625,63143.50304478018,benchmark
BTC,benchmark,arima,arima,2026-07-10,2026-07-11,-0.005082718606355573,-0.00040309620349451587,0.0,64127.140625,63802.02734375,64101.29642727204,benchmark
BTC,benchmark,arima,arima,2026-07-11,2026-07-12,-0.0006868690961942699,0.00032725556806738223,0.0,63802.02734375,63758.21875,63822.91032930251,benchmark
BTC,benchmark,arima,arima,2026-07-12,2026-07-13,-0.024114338771437895,-6.181766585201367e-05,0.0,63758.21875,62239.12109375,63754.27748755907,benchmark
BTC,benchmark,arima,arima,2026-07-13,2026-07-14,0.04272810304426096,0.0010385307841441968,0.0,62239.12109375,64956.11328125,62303.79191248944,benchmark
BTC,benchmark,arima,arima,2026-07-14,2026-07-15,-0.0037594109647903352,-0.0020982389372840825,0.0,64956.11328125,64712.375,64819.9627233011,benchmark
BTC,benchmark,arima,arima,2026-07-15,2026-07-16,-0.014367279855176223,0.0007421088548346986,0.0,64712.375,63789.28125,64760.416450292905,benchmark
BTC,benchmark,arima,arima,2026-07-16,2026-07-17,0.0017257545646935989,0.0004023694312489858,0.0,63789.28125,63899.4609375,63814.95327128828,benchmark
BTC,benchmark,arima,arima,2026-07-17,2026-07-18,0.01394223164475083,-0.0001848701108287502,0.0,63899.4609375,64796.6015625,63887.64892895189,benchmark
BTC,benchmark,arima,arima,2026-07-18,2026-07-19,-0.0016340878484766735,-0.0005391645855548971,0.0,64796.6015625,64690.8046875,64761.674946116604,benchmark
BTC,benchmark,arima,arima,2026-07-19,2026-07-20,0.008300835886390828,0.00021898855839373336,0.0,64690.8046875,65230.02734375,64704.97278482883,benchmark
BTC,benchmark,arima,arima,2026-07-20,2026-07-21,0.019359107363714313,-0.00041241416955831644,0.0,65230.02734375,66505.125,65203.13110276943,benchmark
BTC,benchmark,arima,arima,2026-07-21,2026-07-22,-0.006098209978869257,-0.0007053847691236553,0.0,66505.125,66100.796875,66458.22983926686,benchmark
BTC,benchmark,arima,arima,2026-07-22,2026-07-23,-0.016104346952909084,0.00045424068101170695,0.0,66100.796875,65044.8125,66130.82936646121,benchmark
BTC,benchmark,arima,arima,2026-07-23,2026-07-24,-0.014655553654227636,0.0005559108357752491,0.0,65044.8125,64098.49609375,65080.981668564615,benchmark
BTC,benchmark,arima,arima,2026-07-24,2026-07-25,0.0033224217714330475,0.00046630404168801834,0.0,64098.49609375,64311.8125,64128.39245139912,benchmark
BTC,benchmark,arima,arima,2026-07-25,2026-07-26,0.015865685940396487,-0.00027025734020371664,0.0,64311.8125,65340.30078125,64294.4341090347,benchmark
BTC,benchmark,arima,arima,2026-07-26,2026-07-27,-0.02503365298859531,-0.0005969119980668604,0.0,65340.30078125,63724.8984375,65301.310009943685,benchmark
BTC,benchmark,arima,arima,2026-07-27,2026-07-28,0.0022957554728576246,0.0012261145484626793,0.0,63724.8984375,63871.36328125,63803.08038278919,benchmark
BTC,benchmark,arima,arima,2026-07-28,2026-07-29,0.0005760654802496461,-0.0004378444457029257,0.0,63871.36328125,63908.16796875,63843.40368102233,benchmark
BTC,benchmark,arima,arima,2026-07-29,2026-07-30,0.01270511594195683,9.723173955657394e-05,0.0,63908.16796875,64725.30859375,63914.38217319753,benchmark
BTC,benchmark,arima,arima,2026-07-30,2026-07-31,-0.02997835702863742,-0.0005651331976059808,0.0,64725.30859375,62813.74609375,64688.740507031514,benchmark
BTC,benchmark,arima,arima,2026-07-31,2026-08-01,-0.0008031049841085494,0.0014267185497774323,0.0,62813.74609375,62763.3203125,62903.427590397965,benchmark
BTC,benchmark,arima,arima,2026-08-01,2026-08-02,0.011385569767075112,-0.00036231954482553045,0.0,62763.3203125,63482.0,62740.584053996776,benchmark
BTC,benchmark,arima,arima,2026-08-02,2026-08-03,-0.0003324575530272348,-0.00038158314695307125,0.0,63482.0,63460.8984375,63457.78095974779,benchmark
BTC,benchmark,arima,arima,2026-08-03,2026-08-04,0.00933302539348361,0.0001200829646173781,0.0,63460.8984375,64055.953125,63468.519467890466,benchmark
BTC,benchmark,arima,arima,2026-08-04,2026-08-05,0.008418741360802475,-0.00042865690360407126,0.0,64055.953125,64597.5,64028.50098267155,benchmark
BTC,benchmark,arima,arima,2026-08-05,2026-08-06,-0.005205470783879128,-0.00023749553371990497,0.0,64597.5,64262.11328125,64582.160203899155,benchmark
BTC,benchmark,arima,arima,2026-08-06,2026-08-07,0.00957212039536744,0.0002864517186793498,0.0,64262.11328125,64880.19140625,64280.52391079773,benchmark
BTC,benchmark,arima,arima,2026-08-07,2026-08-08,0.00037748764335751974,-0.0004850000901721169,0.0,64880.19140625,64904.6875,64848.73213705845,benchmark
BTC,benchmark,arima,arima,2026-08-08,2026-08-09,-0.0009217877722439945,0.00011874205524698436,0.0,64904.6875,64844.88671875,64912.39487357454,benchmark
BTC,benchmark,arima,arima,2026-08-09,2026-08-10,-0.014513048045569134,6.056225329434254e-06,0.0,64844.88671875,63910.5859375,64845.27943518462,benchmark
BTC,benchmark,arima,arima,2026-08-10,2026-08-11,-0.00562851025881392,0.0006130149599061852,0.0,63910.5859375,63551.875,63949.77609362479,benchmark
BTC,benchmark,arima,arima,2026-08-11,2026-08-12,-0.0023542560615523694,6.810213682389857e-05,0.0,63551.875,63402.43359375,63556.20316586366,benchmark
BTC,benchmark,arima,arima,2026-08-12,2026-08-13,-4.127906065128786e-06,8.079564581993761e-05,0.0,63402.43359375,63402.171875,63407.556441267865,benchmark
BTC,benchmark,arima,arima,2026-08-13,2026-08-14,-0.006750867021094253,-2.2269768349106517e-05,0.0,63402.171875,62975.59375,63400.759939041316,benchmark
BTC,benchmark,arima,arima,2026-08-14,2026-08-15,0.0007734380660748331,0.0002921180934421178,0.0,62975.59375,63024.3203125,62993.992747588854,benchmark
BTC,benchmark,arima,arima,2026-08-15,2026-08-16,-0.0032686473868631834,-0.00011390768826678477,0.0,63024.3203125,62818.65234375,63017.141766722154,benchmark
BTC,benchmark,arima,arima,2026-08-16,2026-08-17,0.026510137670231988,0.00017008588494340149,0.0,62818.65234375,64506.25390625,62829.337818523294,benchmark
BTC,benchmark,arima,arima,2026-08-17,2026-08-18,0.002700847372800676,-0.0011700807250828657,0.0,64506.25390625,64680.7109375,64430.82052208767,benchmark
BTC,benchmark,arima,arima,2026-08-18,2026-08-19,0.0684938460027011,0.00021064839593566036,0.0,64680.7109375,69266.1875,64694.33726063813,benchmark
BTC,benchmark,arima,arima,2026-08-19,2026-08-20,0.05295120538976306,-0.0029595606361954956,0.0,69266.1875,73032.7578125,69061.49307025387,benchmark
BTC,benchmark,arima,arima,2026-08-20,2026-08-21,0.07008881775516321,-0.001420587716681623,0.0,73032.7578125,78335.1875,72929.08203154206,benchmark
BTC,benchmark,arima,arima,2026-08-21,2026-08-22,-0.016108760387506423,-0.002573966553273594,0.0,78335.1875,77083.4140625,78133.81462213646,benchmark
BTC,benchmark,arima,arima,2026-08-22,2026-08-23,0.008678138825315892,0.0013973177918814418,0.0,77083.4140625,77755.265625,77191.19937605913,benchmark
BTC,benchmark,arima,arima,2026-08-23,2026-08-24,0.0154319126625293,-0.000755728419744237,0.0,77755.265625,78964.484375,77696.5259593954,benchmark
BTC,benchmark,arima,arima,2026-08-24,2026-08-25,-0.005072177186830813,-0.0004436783047938519,0.0,78964.484375,78564.9765625,78929.45731738095,benchmark
BTC,benchmark,arima,arima,2026-08-25,2026-08-26,0.005868895257053803,0.0003380825823520329,0.0,78564.9765625,79027.421875,78591.54250314654,benchmark
BTC,benchmark,arima,arima,2026-08-26,2026-08-27,0.015445797722405792,-0.000342493486640856,0.0,79027.421875,80257.5390625,79000.36013224165,benchmark
BTC,benchmark,arima,arima,2026-08-27,2026-08-28,-0.030710027313092664,-0.0005590608925254521,0.0,80257.5390625,77830.2890625,80212.68275095292,benchmark
BTC,benchmark,arima,arima,2026-08-28,2026-08-29,0.005324638622765287,0.0014560214490055446,0.0,77830.2890625,78245.8125,77943.69417285897,benchmark
BTC,benchmark,arima,arima,2026-08-29,2026-08-30,-0.007417513856522034,-0.0006299991331152961,0.0,78245.8125,77667.5703125,78196.53323053353,benchmark
BTC,benchmark,arima,arima,2026-08-30,2026-08-31,0.01128015948027171,0.0004891778092126066,0.0,77667.5703125,78548.6328125,77705.57285863566,benchmark
BTC,phase0,lstm,phase0_lstm,2025-10-31,2025-11-01,0.004624825172493,0.0015948151238262,0.0003877906539581225,109556.1640625,110064.015625,109731.02528845677,ensemble
BTC,phase0,lstm,phase0_lstm,2025-11-01,2025-11-02,0.0052161412333197,0.00148132196627552,0.00028750850697268927,110064.015625,110639.625,110227.17668623826,ensemble
BTC,phase0,lstm,phase0_lstm,2025-11-02,2025-11-03,-0.0376871829010099,0.00136210739146914,0.0002791404785772354,110639.625,106547.5234375,110790.4307344884,ensemble
BTC,phase0,lstm,phase0_lstm,2025-11-03,2025-11-04,-0.0476408575376077,0.0012629511067643,0.00030269681726386577,106547.5234375,101590.5234375,106682.17276000619,ensemble
BTC,phase0,lstm,phase0_lstm,2025-11-04,2025-11-05,0.0224000613217487,0.00123067795066156,0.00033623336100760404,101590.5234375,103891.8359375,101715.62561914932,ensemble
BTC,phase0,lstm,phase0_lstm,2025-11-05,2025-11-06,-0.0252511824918507,0.00126013666158536,0.00043191968099081437,103891.8359375,101301.2890625,104022.83637069342,ensemble
BTC,phase0,lstm,phase0_lstm,2025-11-06,2025-11-07,0.020238925968734,0.00126789719797664,0.0005369666807138007,101301.2890625,103372.40625,101429.81014159464,ensemble
BTC,phase0,lstm,phase0_lstm,2025-11-07,2025-11-08,-0.0106032122142002,0.00129801127477546,0.0006247028340690385,103372.40625,102282.1171875,103506.67191913808,ensemble
BTC,phase0,lstm,phase0_lstm,2025-11-08,2025-11-09,0.02355183969968,0.00121263031032864,0.0005746798109827031,102282.1171875,104719.640625,102406.22281492107,ensemble
BTC,phase0,lstm,phase0_lstm,2025-11-09,2025-11-10,0.0121202693364623,0.00105049224221142,0.0004998956454436006,104719.640625,105996.59375,104829.70559616119,ensemble
BTC,phase0,lstm,phase0_lstm,2025-11-10,2025-11-11,-0.0287025464768418,0.0008809049497357999,0.0003578396848944695,105996.59375,102997.46875,106090.00781250381,ensemble
BTC,phase0,lstm,phase0_lstm,2025-11-11,2025-11-12,-0.0130391466426769,0.00072729224921196,0.00017391904066079792,102997.46875,101663.1875,103072.4052577778,ensemble
BTC,phase0,lstm,phase0_lstm,2025-11-12,2025-11-13,-0.0195247429765854,0.00059625463327386,0.00015562698703535166,101663.1875,99697.4921875,101723.8227217998,ensemble
BTC,phase0,lstm,phase0_lstm,2025-11-13,2025-11-14,-0.0546228711365914,0.00054181049927134,0.00023363074060372833,99697.4921875,94397.7890625,99751.52397169042,ensemble
BTC,phase0,lstm,phase0_lstm,2025-11-14,2025-11-15,0.0121231064987472,0.0005377634544856201,0.00023475341614820087,94397.7890625,95549.1484375,94448.56639551537,ensemble
BTC,phase0,lstm,phase0_lstm,2025-11-15,2025-11-16,-0.0144639384619225,0.00049494888226032,0.0002759629260983466,95549.1484375,94177.078125,95596.45208719866,ensemble
BTC,phase0,lstm,phase0_lstm,2025-11-16,2025-11-17,-0.0223683827163435,0.00047555146011286,0.0003138506968780905,94177.078125,92093.875,94221.8748227348,ensemble
BTC,phase0,lstm,phase0_lstm,2025-11-17,2025-11-18,0.0092411735633055,0.0005111447964736181,0.00034895014125990704,92093.875,92948.875,92140.96033768085,ensemble
BTC,phase0,lstm,phase0_lstm,2025-11-18,2025-11-19,-0.0160823776998089,0.00060610711079782,0.00042742869217667333,92948.875,91465.9921875,93005.22905064836,ensemble
BTC,phase0,lstm,phase0_lstm,2025-11-19,2025-11-20,-0.0542991431316111,0.0006915288555319059,0.000567782786613523,91465.9921875,86631.8984375,91529.26543551439,ensemble
BTC,phase0,lstm,phase0_lstm,2025-11-20,2025-11-21,-0.0179504904722895,0.0008338794621522118,0.0006793564846580406,86631.8984375,85090.6875,86704.16912670819,ensemble
BTC,phase0,lstm,phase0_lstm,2025-11-21,2025-11-22,-0.0052118723936807,0.0009186971321468601,0.0007394819476725772,85090.6875,84648.359375,85168.89599003571,ensemble
BTC,phase0,lstm,phase0_lstm,2025-11-22,2025-11-23,0.0251585865790003,0.000843192582033184,0.0008190467660528272,84648.359375,86805.0078125,84719.76434354558,ensemble
BTC,phase0,lstm,phase0_lstm,2025-11-23,2025-11-24,0.0167423578108394,0.0007232123918583719,0.0008848529670623069,86805.0078125,88270.5625,86867.80897637806,ensemble
BTC,phase0,lstm,phase0_lstm,2025-11-24,2025-11-25,-0.0105764769567544,0.0005843425249622429,0.0009346383111154762,88270.5625,87341.890625,88322.15781657174,ensemble
BTC,phase0,lstm,phase0_lstm,2025-11-25,2025-11-26,0.0357225879133364,0.0004691421825554911,0.0009744797936467067,87341.890625,90518.3671875,87382.87600342956,ensemble
BTC,phase0,lstm,phase0_lstm,2025-11-26,2025-11-27,0.0084378061084954,0.00039621071409781937,0.0010263497714606505,90518.3671875,91285.375,90554.23864026001,ensemble
BTC,phase0,lstm,phase0_lstm,2025-11-27,2025-11-28,-0.0040186667744196,0.00036196308792565995,0.0011506132126162338,91285.375,90919.265625,91318.42291691966,ensemble
BTC,phase0,lstm,phase0_lstm,2025-11-28,2025-11-29,-0.0007427786269465,0.0005311284970957799,0.001465299564846584,90919.265625,90851.7578125,90967.56826422705,ensemble
BTC,phase0,lstm,phase0_lstm,2025-11-29,2025-11-30,-0.0050477925731327,0.00075431287987158,0.0018242890362020019,90851.7578125,90394.3125,90920.31431685342,ensemble
BTC,phase0,lstm,phase0_lstm,2025-11-30,2025-12-01,-0.046101838054076,0.0009252068470232,0.002091452635829811,90394.3125,86321.5703125,90477.98463790573,ensemble
BTC,phase0,lstm,phase0_lstm,2025-12-01,2025-12-02,0.0566209938703037,0.00105659028631636,0.0021503743189883713,86321.5703125,91350.203125,86412.82504613473,ensemble
BTC,phase0,lstm,phase0_lstm,2025-12-02,2025-12-03,0.0235582620118316,0.00115104353171772,0.0020671375661209077,91350.203125,93527.8046875,91455.4117236507,ensemble
BTC,phase0,lstm,phase0_lstm,2025-12-03,2025-12-04,-0.0149319728659321,0.0012073928548489,0.001958601961789371,93527.8046875,92141.625,93640.7976903548,ensemble
BTC,phase0,lstm,phase0_lstm,2025-12-04,2025-12-05,-0.0303430599756753,0.0012666854381677382,0.0017942282417879641,92141.625,89387.7578125,92258.41340610778,ensemble
BTC,phase0,lstm,phase0_lstm,2025-12-05,2025-12-06,-0.0012916460625568,0.0012877426888735293,0.0016662716726496866,89387.7578125,89272.375,89502.9403909424,ensemble
BTC,phase0,lstm,phase0_lstm,2025-12-06,2025-12-07,0.0126145722260143,0.00127508824371032,0.0015453247385159088,89272.375,90405.640625,89386.27775845231,ensemble
BTC,phase0,lstm,phase0_lstm,2025-12-07,2025-12-08,0.0025911959798138,0.0012751359317917,0.0014154159707547775,90405.640625,90640.203125,90520.99363555181,ensemble
BTC,phase0,lstm,phase0_lstm,2025-12-08,2025-12-09,0.0223811926981977,0.0012556555495393347,0.001248933960198929,90640.203125,92691.7109375,90754.08748386572,ensemble
BTC,phase0,lstm,phase0_lstm,2025-12-09,2025-12-10,-0.0072628328466358,0.00118895792693362,0.0010534587451201869,92691.7109375,92020.9453125,92801.98302342527,ensemble
BTC,phase0,lstm,phase0_lstm,2025-12-10,2025-12-11,0.0053149701081481,0.0010950944692012443,0.0009780019366506067,92020.9453125,92511.3359375,92121.77213813571,ensemble
BTC,phase0,lstm,phase0_lstm,2025-12-11,2025-12-12,-0.0245214214521475,0.0010286594817443568,0.0009140982297007868,92511.3359375,90270.4140625,92606.54756215557,ensemble
BTC,phase0,lstm,phase0_lstm,2025-12-12,2025-12-13,0.000313418755633,0.0009216522383212076,0.0008864175989713165,90270.4140625,90298.7109375,90353.65034323507,ensemble
BTC,phase0,lstm,phase0_lstm,2025-12-13,2025-12-14,-0.0237976710179162,0.0007826037995983,0.0009303024632122019,90298.7109375,88175.1796875,90369.40671156097,ensemble
BTC,phase0,lstm,phase0_lstm,2025-12-14,2025-12-15,-0.0201089147130883,0.00070045989705248,0.0009532852541285428,88175.1796875,86419.78125,88236.9645011524,ensemble
BTC,phase0,lstm,phase0_lstm,2025-12-15,2025-12-16,0.0163457369350781,0.0006341448839521,0.0009218380120143306,86419.78125,87843.984375,86474.6012922395,ensemble
BTC,phase0,lstm,phase0_lstm,2025-12-16,2025-12-17,-0.0195448330408544,0.0006151456997031399,0.0009031732434332397,87843.984375,86143.7578125,87898.03784790926,ensemble
BTC,phase0,lstm,phase0_lstm,2025-12-17,2025-12-18,-0.0079397284977681,0.00052225503022784,0.0009368399549116423,86143.7578125,85462.5078125,86188.75857325431,ensemble
BTC,phase0,lstm,phase0_lstm,2025-12-18,2025-12-19,0.0304331549684077,0.00041239779093302,0.0009645124226994603,85462.5078125,88103.3828125,85497.75963031575,ensemble
BTC,phase0,lstm,phase0_lstm,2025-12-19,2025-12-20,0.0027273551221506,0.00034557745675554,0.0009072467952545628,88103.3828125,88344.0,88133.83461688939,ensemble
BTC,phase0,lstm,phase0_lstm,2025-12-20,2025-12-21,0.0031390280669266,0.00031075159204192,0.0008389284920538074,88344.0,88621.75,88371.45730462695,ensemble
BTC,phase0,lstm,phase0_lstm,2025-12-21,2025-12-22,-0.001487584958889,0.00027002330170940007,0.000737825662892193,88621.75,88490.015625,88645.68316864947,ensemble
BTC,phase0,lstm,phase0_lstm,2025-12-22,2025-12-23,-0.0122342749529535,0.00024000846897250004,0.000661576254318656,88490.015625,87414.0,88511.25652706575,ensemble
BTC,phase0,lstm,phase0_lstm,2025-12-23,2025-12-24,0.0022620761040624,0.0002675359704880847,0.0006370922020821432,87414.0,87611.9609375,87437.38951795343,ensemble
BTC,phase0,lstm,phase0_lstm,2025-12-24,2025-12-25,-0.0043148578556266,0.0003289258886070256,0.0005943823126239969,87611.9609375,87234.7421875,87640.78351959081,ensemble
BTC,phase0,lstm,phase0_lstm,2025-12-25,2025-12-26,0.000764168281323,0.00035053182145927236,0.0005602299987921792,87234.7421875,87301.4296875,87265.32610057773,ensemble
BTC,phase0,lstm,phase0_lstm,2025-12-26,2025-12-27,0.005719219565876,0.00041287645481130934,0.0004849180887104931,87301.4296875,87802.15625,87337.48183431849,ensemble
BTC,phase0,lstm,phase0_lstm,2025-12-27,2025-12-28,0.0003835125589097,0.0004334333108999461,0.00044849421809110135,87802.15625,87835.8359375,87840.22087793052,ensemble
BTC,phase0,lstm,phase0_lstm,2025-12-28,2025-12-29,-0.0079748888825797,0.000426455574051898,0.00047131017998046885,87835.8359375,87138.140625,87873.30200757645,ensemble
BTC,phase0,lstm,phase0_lstm,2025-12-29,2025-12-30,0.0147180978087909,0.0004444476006028264,0.00045561240418055105,87138.140625,88430.1328125,87176.87757015528,ensemble
BTC,phase0,lstm,phase0_lstm,2025-12-30,2025-12-31,-0.0104730993492998,0.0004635382720152519,0.0003814738695153904,88430.1328125,87508.828125,88471.13306531702,ensemble
BTC,phase0,lstm,phase0_lstm,2025-12-31,2026-01-01,0.01388073366055,0.0005069159455160204,0.0003587155784424318,87508.828125,88731.984375,87553.19899054947,ensemble
BTC,phase0,lstm,phase0_lstm,2026-01-01,2026-01-02,0.0135745701301948,0.00048196028510572,0.00038239247807459175,88731.984375,89944.6953125,88774.75997472947,ensemble
BTC,phase0,lstm,phase0_lstm,2026-01-02,2026-01-03,0.0072944096271482,0.00047800332249606,0.0004293885810967721,89944.6953125,90603.1875,89987.69945294246,ensemble
BTC,phase0,lstm,phase0_lstm,2026-01-03,2026-01-04,0.0089036899476068,0.00049612155416974,0.0005147331912373101,90603.1875,91413.4921875,90648.14884641954,ensemble
BTC,phase0,lstm,phase0_lstm,2026-01-04,2026-01-05,0.0266514983813646,0.00049856388941406,0.0006195095785223258,91413.4921875,93882.5546875,91459.0790167391,ensemble
BTC,phase0,lstm,phase0_lstm,2026-01-05,2026-01-06,-0.0016366097114998,0.0005724797665607,0.0007001492326035334,93882.5546875,93729.03125,93936.31593763732,ensemble
BTC,phase0,lstm,phase0_lstm,2026-01-06,2026-01-07,-0.0261689672501516,0.00063322099740614,0.0007614538865014656,93729.03125,91308.0546875,93788.40123583107,ensemble
BTC,phase0,lstm,phase0_lstm,2026-01-07,2026-01-08,-0.0030814668927555,0.00067863680887962,0.0007963183070939502,91308.0546875,91027.125,91370.04072498251,ensemble
BTC,phase0,lstm,phase0_lstm,2026-01-08,2026-01-09,-0.0056629301495069,0.00070730549050492,0.0008419011695805875,91027.125,90513.1015625,91091.53176023983,ensemble
BTC,phase0,lstm,phase0_lstm,2026-01-09,2026-01-10,-0.0013980466595052,0.0006749498599674201,0.0008693075326334013,90513.1015625,90386.6484375,90574.21398931678,ensemble
BTC,phase0,lstm,phase0_lstm,2026-01-10,2026-01-11,0.0048651109011003,0.0005035548994783,0.0008350348976542035,90386.6484375,90827.4609375,90432.17453865179,ensemble
BTC,phase0,lstm,phase0_lstm,2026-01-11,2026-01-12,0.0040163809626806,0.0003155116966808886,0.000812563075915603,90827.4609375,91192.9921875,90856.12258511037,ensemble
BTC,phase0,lstm,phase0_lstm,2026-01-12,2026-01-13,0.0442802850314782,0.00023385332078758582,0.0008062313434792742,91192.9921875,95321.78125,91214.32046530269,ensemble
BTC,phase0,lstm,phase0_lstm,2026-01-13,2026-01-14,0.016723797821879,0.0002498486588592766,0.0007730562386238125,95321.78125,96929.328125,95345.60024465341,ensemble
BTC,phase0,lstm,phase0_lstm,2026-01-14,2026-01-15,-0.0143200382747562,0.00040079612081170003,0.0006886037369553463,96929.328125,95551.1875,96968.18480998954,ensemble
BTC,phase0,lstm,phase0_lstm,2026-01-15,2026-01-16,-0.0002728785518896,0.0005271805566735199,0.0006261040974305641,95551.1875,95525.1171875,95601.57350831208,ensemble
BTC,phase0,lstm,phase0_lstm,2026-01-16,2026-01-17,-0.0044610720579804,0.000575076584937,0.0006007238918641972,95525.1171875,95099.921875,95580.06724439903,ensemble
BTC,phase0,lstm,phase0_lstm,2026-01-17,2026-01-18,-0.0155299936581246,0.00053911782160862,0.0006040660665066916,95099.921875,93634.4296875,95151.20576050258,ensemble
BTC,phase0,lstm,phase0_lstm,2026-01-18,2026-01-19,-0.0116102857616082,0.00044984167034273995,0.0006442433956643453,93634.4296875,92553.59375,93676.55983098883,ensemble
BTC,phase0,lstm,phase0_lstm,2026-01-19,2026-01-20,-0.0469242550548211,0.0003850961657008,0.0007248497646900801,92553.59375,88310.90625,92589.24264776132,ensemble
BTC,phase0,lstm,phase0_lstm,2026-01-20,2026-01-21,0.0119993277601487,0.0004603819994372,0.0006604759559386619,88310.90625,89376.9609375,88351.57236184616,ensemble
BTC,phase0,lstm,phase0_lstm,2026-01-21,2026-01-22,0.0009560777691027,0.00065319105633532,0.000570836293182436,89376.9609375,89462.453125,89435.36023990143,ensemble
BTC,phase0,lstm,phase0_lstm,2026-01-22,2026-01-23,0.0004629013309221,0.000841096063231761,0.0005163912573109528,89462.453125,89503.875,89537.73129577913,ensemble
BTC,phase0,lstm,phase0_lstm,2026-01-23,2026-01-24,-0.0044021176235583,0.000979646196356,0.00048377434466007557,89503.875,89110.734375,89591.60009346408,ensemble
BTC,phase0,lstm,phase0_lstm,2026-01-24,2026-01-25,-0.0289008383617947,0.0010123218176885998,0.0004838863263997212,89110.734375,86572.21875,89200.98879114768,ensemble
BTC,phase0,lstm,phase0_lstm,2026-01-25,2026-01-26,0.0193889405513137,0.00109067107550796,0.0005042047942758991,86572.21875,88267.140625,86666.69207522961,ensemble
BTC,phase0,lstm,phase0_lstm,2026-01-26,2026-01-27,0.009420276564581,0.0011508524883538,0.0004803944435450728,88267.140625,89102.5703125,88368.7815590708,ensemble
BTC,phase0,lstm,phase0_lstm,2026-01-27,2026-01-28,0.0009198645005418,0.00128096381667996,0.00043027953593245395,89102.5703125,89184.5703125,89216.78061505902,ensemble
BTC,phase0,lstm,phase0_lstm,2026-01-28,2026-01-29,-0.053227949504083,0.00146466870792208,0.00036955062695745417,89184.5703125,84561.5859375,89315.29187038458,ensemble
BTC,phase0,lstm,phase0_lstm,2026-01-29,2026-01-30,-0.00513284742955,0.0015953555703162598,0.000354243128940862,84561.5859375,84128.65625,84696.5994032666,ensemble
BTC,phase0,lstm,phase0_lstm,2026-01-30,2026-01-31,-0.0677069192719858,0.0017186279408633203,0.0004259410687711788,84128.65625,78621.1171875,84273.36642511468,ensemble
BTC,phase0,lstm,phase0_lstm,2026-01-31,2026-02-01,-0.0211668421472114,0.0017502558068371802,0.0005694166775544452,78621.1171875,76974.4453125,78758.84474846962,ensemble
BTC,phase0,lstm,phase0_lstm,2026-02-01,2026-02-02,0.0220269081578216,0.0017359884222969,0.0006805277090602444,76974.4453125,78688.765625,77108.18811276373,ensemble
BTC,phase0,lstm,phase0_lstm,2026-02-02,2026-02-03,-0.0396004693749769,0.00161419175565236,0.0006954768230201076,78688.765625,75633.546875,78815.8869532319,ensemble
BTC,phase0,lstm,phase0_lstm,2026-02-03,2026-02-04,-0.0351706159417589,0.00150196548784146,0.0007213027463320603,75633.546875,73019.703125,75747.23120572821,ensemble
BTC,phase0,lstm,phase0_lstm,2026-02-04,2026-02-05,-0.1523344080304475,0.0013532539131119199,0.000806646286843881,73019.703125,62702.09765625,73118.58421450878,ensemble
BTC,phase0,lstm,phase0_lstm,2026-02-05,2026-02-06,0.118003181433477,0.001233370994123056,0.0009663589899066757,62702.09765625,70555.390625,62779.48031572414,ensemble
BTC,phase0,lstm,phase0_lstm,2026-02-06,2026-02-07,-0.0182134028127509,0.0011545995788764785,0.0009322563751379398,70555.390625,69281.96875,70636.90089611032,ensemble
BTC,phase0,lstm,phase0_lstm,2026-02-07,2026-02-08,0.0140852358847471,0.0009037587966303801,0.0009101122347567994,69281.96875,70264.7265625,69344.6112412932,ensemble
BTC,phase0,lstm,phase0_lstm,2026-02-08,2026-02-09,-0.0020507154219692,0.0006237921588762976,0.0013178809233849063,70264.7265625,70120.78125,70308.57082140603,ensemble
BTC,phase0,lstm,phase0_lstm,2026-02-09,2026-02-10,-0.0191032375898973,0.0002877000544686,0.0017574902497146168,70120.78125,68793.9609375,70140.9579048582,ensemble
BTC,phase0,lstm,phase0_lstm,2026-02-10,2026-02-11,-0.0265432212123745,0.00020021755481139996,0.002067721374153617,68793.9609375,66991.96875,68807.73607511086,ensemble
BTC,phase0,lstm,phase0_lstm,2026-02-11,2026-02-12,-0.011562368274835,0.00026516939979045996,0.002263472637245697,66991.96875,66221.84375,67009.73532561622,ensemble
BTC,phase0,lstm,phase0_lstm,2026-02-12,2026-02-13,0.0390337693571557,0.0007150243123760399,0.002341344785145667,66221.84375,68857.84375,66269.21091060927,ensemble
BTC,phase0,lstm,phase0_lstm,2026-02-13,2026-02-14,0.0131259330678483,0.0012227697530761401,0.0024044391255492546,68857.84375,69767.625,68942.09253653634,ensemble
BTC,phase0,lstm,phase0_lstm,2026-02-14,2026-02-15,-0.0141380400688788,0.0017515357991214598,0.0023695493637880902,69767.625,68788.1875,69889.93257458614,ensemble
BTC,phase0,lstm,phase0_lstm,2026-02-15,2026-02-16,0.00079878247825,0.0021742284385254202,0.002413039550752918,68788.1875,68843.15625,68937.91144154083,ensemble
BTC,phase0,lstm,phase0_lstm,2026-02-16,2026-02-17,-0.0197888733002862,0.0023721442878013197,0.002345274680026741,68843.15625,67494.21875,69006.65599567785,ensemble
BTC,phase0,lstm,phase0_lstm,2026-02-17,2026-02-18,-0.0159636322602148,0.0025448613654589,0.0022214256671604965,67494.21875,66425.3203125,67666.20092226396,ensemble
BTC,phase0,lstm,phase0_lstm,2026-02-18,2026-02-19,0.0079801259947047,0.00270883931079874,0.002169187494846385,66425.3203125,66957.5234375,66605.49975980296,ensemble
BTC,phase0,lstm,phase0_lstm,2026-02-19,2026-02-20,0.0155289956566322,0.00280450681457292,0.002174290354452882,66957.5234375,68005.421875,67145.56983371443,ensemble
BTC,phase0,lstm,phase0_lstm,2026-02-20,2026-02-21,-2.4354972344490844e-05,0.00261462387861682,0.0024032508754433975,68005.421875,68003.765625,68183.46312893876,ensemble
BTC,phase0,lstm,phase0_lstm,2026-02-21,2026-02-22,-0.005076923598302,0.00244766881223764,0.0027019473382795993,68003.765625,67659.390625,68170.42019562906,ensemble
BTC,phase0,lstm,phase0_lstm,2026-02-22,2026-02-23,-0.0460126731356427,0.00222460268996654,0.0031447032237181343,67659.390625,64616.73828125,67810.07342993015,ensemble
BTC,phase0,lstm,phase0_lstm,2026-02-23,2026-02-24,-0.0083405104387447,0.0018462202744558196,0.0034453556903405323,64616.73828125,64080.04296875,64736.14520535932,ensemble
BTC,phase0,lstm,phase0_lstm,2026-02-24,2026-02-25,0.0587881628108732,0.0013954095309599802,0.003892394091253271,64080.04296875,67960.125,64169.523287778495,ensemble
BTC,phase0,lstm,phase0_lstm,2026-02-25,2026-02-26,-0.0074786108124004,0.00083541165804486,0.0043222947129538955,67960.125,67453.7734375,68016.9234024276,ensemble
BTC,phase0,lstm,phase0_lstm,2026-02-26,2026-02-27,-0.0235803453997585,0.00020282136974856014,0.004578938082354411,67453.7734375,65881.796875,67467.45589172345,ensemble
BTC,phase0,lstm,phase0_lstm,2026-02-27,2026-02-28,0.0167686372009838,-0.0004977320088073798,0.004834543721176789,65881.796875,66995.859375,65849.01355522817,ensemble
BTC,phase0,lstm,phase0_lstm,2026-02-28,2026-03-01,-0.0189521272552437,-0.00129800454014914,0.0051183573524973885,66995.859375,65738.1015625,66908.95485878986,ensemble
BTC,phase0,lstm,phase0_lstm,2026-03-01,2026-03-02,0.0451739987422587,-0.0019333544885739597,0.0051834548886000404,65738.1015625,68775.8515625,65611.12928953112,ensemble
BTC,phase0,lstm,phase0_lstm,2026-03-02,2026-03-03,-0.0070359214012543,-0.0024271131143905403,0.005133949843463528,68775.8515625,68293.6484375,68609.12720250565,ensemble
BTC,phase0,lstm,phase0_lstm,2026-03-03,2026-03-04,0.0626701105436228,-0.00297343481506688,0.0051229120865092445,68293.6484375,72710.578125,68090.88332939634,ensemble
BTC,phase0,lstm,phase0_lstm,2026-03-04,2026-03-05,-0.026047184090688,-0.0032980936615785647,0.005208967847746448,72710.578125,70841.125,72471.16684558256,ensemble
BTC,phase0,lstm,phase0_lstm,2026-03-05,2026-03-06,-0.0389267622298537,-0.00361200935803936,0.005100644978170249,70841.125,68136.4921875,70585.7077559978,ensemble
BTC,phase0,lstm,phase0_lstm,2026-03-06,2026-03-07,-0.0127600028163738,-0.003893763028645479,0.005009065891946876,68136.4921875,67272.59375,67871.70068554954,ensemble
BTC,phase0,lstm,phase0_lstm,2026-03-07,2026-03-08,-0.0195561512724631,-0.00399490597483236,0.004904162774541125,67272.59375,65969.78125,67004.38216003239,ensemble
BTC,phase0,lstm,phase0_lstm,2026-03-08,2026-03-09,0.0362108831336739,-0.0037435051325701227,0.0045878544665781534,65969.78125,68402.3828125,65723.28470370255,ensemble
BTC,phase0,lstm,phase0_lstm,2026-03-09,2026-03-10,0.0220430630536829,-0.0032580077677266395,0.004133939479511607,68402.3828125,69926.921875,68179.88995649872,ensemble
BTC,phase0,lstm,phase0_lstm,2026-03-10,2026-03-11,0.0039671408310243,-0.0029289726982824,0.003724860095651517,69926.921875,70204.8828125,69722.4074846947,ensemble
BTC,phase0,lstm,phase0_lstm,2026-03-11,2026-03-12,0.0041020885103588,-0.00257505475310606,0.0034070369150188034,70204.8828125,70493.4609375,70024.33395668396,ensemble
BTC,phase0,lstm,phase0_lstm,2026-03-12,2026-03-13,0.0067128612385433,-0.0025843470590189003,0.0032296546047301403,70493.4609375,70968.265625,70311.51657400138,ensemble
BTC,phase0,lstm,phase0_lstm,2026-03-13,2026-03-14,0.0034653905327112,-0.0024600687902420404,0.0030745856713450146,70968.265625,71214.625,70793.8933814363,ensemble
BTC,phase0,lstm,phase0_lstm,2026-03-14,2026-03-15,0.0218791978790222,-0.00244129701750352,0.0029146225902051638,71214.625,72789.9140625,71040.98099292534,ensemble
BTC,phase0,lstm,phase0_lstm,2026-03-15,2026-03-16,0.0280568061089276,-0.00229211911791932,0.0026243263070103583,72789.9140625,74861.0859375,72623.26197506666,ensemble
BTC,phase0,lstm,phase0_lstm,2026-03-16,2026-03-17,-0.012617278563279,-0.0021508590900339,0.0023077460559790364,74861.0859375,73922.4765625,74700.24332722413,ensemble
BTC,phase0,lstm,phase0_lstm,2026-03-17,2026-03-18,-0.0368841742334174,-0.0019839310145471,0.0020182297792772433,73922.4765625,71245.578125,73775.96485119517,ensemble
BTC,phase0,lstm,phase0_lstm,2026-03-18,2026-03-19,-0.0188841610476273,-0.00188402598723766,0.0018182910070612488,71245.578125,69912.7890625,71111.47596997613,ensemble
BTC,phase0,lstm,phase0_lstm,2026-03-19,2026-03-20,0.0086844316474486,-0.00176846015965564,0.001724646127766395,69912.7890625,70522.5859375,69789.26034039854,ensemble
BTC,phase0,lstm,phase0_lstm,2026-03-20,2026-03-21,-0.0260161056310177,-0.00171122302999718,0.0017349312659690479,70522.5859375,68711.5234375,70402.00926052562,ensemble
BTC,phase0,lstm,phase0_lstm,2026-03-21,2026-03-22,-0.0126881200860849,-0.0016090756980702,0.0017489510787012017,68711.5234375,67845.2109375,68601.0502986166,ensemble
BTC,phase0,lstm,phase0_lstm,2026-03-22,2026-03-23,0.044251193034697,-0.0014740904443897,0.0017384592844107197,67845.2109375,70914.859375,67745.27463602927,ensemble
BTC,phase0,lstm,phase0_lstm,2026-03-23,2026-03-24,-0.0056139915316955,-0.00130432092119004,0.0017553481529473981,70914.859375,70517.859375,70822.423936137,ensemble
BTC,phase0,lstm,phase0_lstm,2026-03-24,2026-03-25,0.0111689244808132,-0.00116014683153478,0.0017404062066864645,70517.859375,71309.8828125,70436.09574196013,ensemble
BTC,phase0,lstm,phase0_lstm,2026-03-25,2026-03-26,-0.0359529188074161,-0.00101172563736324,0.0016870797973429533,71309.8828125,68791.625,71237.77325955381,ensemble
BTC,phase0,lstm,phase0_lstm,2026-03-26,2026-03-27,-0.0363134696852071,-0.0007816382596502001,0.0016369696657954273,68791.625,66338.375,68737.87584289184,ensemble
BTC,phase0,lstm,phase0_lstm,2026-03-27,2026-03-28,-0.0002816215791388,-0.00040748444589554217,0.0015626834226106637,66338.375,66319.6953125,66311.34865080394,ensemble
BTC,phase0,lstm,phase0_lstm,2026-03-28,2026-03-29,-0.0055154098337006,4.834617720880026e-06,0.0015093511784932843,66319.6953125,65954.921875,66320.01594364927,ensemble
BTC,phase0,lstm,phase0_lstm,2026-03-29,2026-03-30,0.0111051817312093,0.00041039964416996,0.0015458382182087893,65954.921875,66691.4453125,65981.9953065521,ensemble
BTC,phase0,lstm,phase0_lstm,2026-03-30,2026-03-31,0.0228562101625793,0.00069004435208626,0.0015424685484801658,66691.4453125,68233.3125,66737.48124926272,ensemble
BTC,phase0,lstm,phase0_lstm,2026-03-31,2026-04-01,-0.0022706442540199,0.0009611615867469996,0.0014671873817431,68233.3125,68078.5546875,68298.92726705689,ensemble
BTC,phase0,lstm,phase0_lstm,2026-04-01,2026-04-02,-0.0176341492288758,0.0011765043949707999,0.0013334781427050465,68078.5546875,66888.5703125,68158.69654067022,ensemble
BTC,phase0,lstm,phase0_lstm,2026-04-02,2026-04-03,0.0006356502125007,0.00128167228249364,0.0010632118060896912,66888.5703125,66931.1015625,66974.35450095045,ensemble
BTC,phase0,lstm,phase0_lstm,2026-04-03,2026-04-04,0.0053555444955297,0.0013295082491822,0.0007292715487616064,66931.1015625,67290.515625,67020.14619382394,ensemble
BTC,phase0,lstm,phase0_lstm,2026-04-04,2026-04-05,0.0248248287948484,0.00122094809776168,0.0006031557016822607,67290.515625,68981.8984375,67372.7240279339,ensemble
BTC,phase0,lstm,phase0_lstm,2026-04-05,2026-04-06,-0.0017711667933321,0.00113393718784204,0.0006418284590938464,68981.8984375,68859.828125,69060.16394312365,ensemble
BTC,phase0,lstm,phase0_lstm,2026-04-06,2026-04-07,0.0437692500886501,0.0010826704499776799,0.0006076666219871248,68859.828125,71940.703125,68934.42099856515,ensemble
BTC,phase0,lstm,phase0_lstm,2026-04-07,2026-04-08,-0.0114263865929017,0.00112305938382626,0.0005891059042100154,71940.703125,71123.359375,72021.54219176323,ensemble
BTC,phase0,lstm,phase0_lstm,2026-04-08,2026-04-09,0.0090204739879136,0.00116012687794856,0.0004913162742369154,71123.359375,71767.828125,71205.91937663965,ensemble
BTC,phase0,lstm,phase0_lstm,2026-04-09,2026-04-10,0.0167360714535282,0.001334422128275,0.0002488289741450282,71767.828125,72979.046875,71863.66062923476,ensemble
BTC,phase0,lstm,phase0_lstm,2026-04-10,2026-04-11,0.0010302658186926,0.00150000327266748,0.00026483639253592766,72979.046875,73054.2734375,73088.59782700102,ensemble
BTC,phase0,lstm,phase0_lstm,2026-04-11,2026-04-12,-0.0320019564160111,0.0015504083363339,0.0004285716164265918,73054.2734375,70753.40625,73167.62524012625,ensemble
BTC,phase0,lstm,phase0_lstm,2026-04-12,2026-04-13,0.0513922577822332,0.0015739613911136402,0.0005153179480626357,70753.40625,74484.640625,70864.85706635965,ensemble
BTC,phase0,lstm,phase0_lstm,2026-04-13,2026-04-14,-0.0040766706589971,0.0015253117540850601,0.0004621357516452556,74484.640625,74181.609375,74598.33961400218,ensemble
BTC,phase0,lstm,phase0_lstm,2026-04-14,2026-04-15,0.0083695046837294,0.00156731570605184,0.0004421942200151917,74181.609375,74805.078125,74297.96653685822,ensemble
BTC,phase0,lstm,phase0_lstm,2026-04-15,2026-04-16,0.0046287244870706,0.0017313041025772199,0.00046423646615271054,74805.078125,75152.1328125,74934.7006392691,ensemble
BTC,phase0,lstm,phase0_lstm,2026-04-16,2026-04-17,0.025937296578403,0.00188716559205198,0.0004931003529606769,75152.1328125,77126.875,75294.09123911135,ensemble
BTC,phase0,lstm,phase0_lstm,2026-04-17,2026-04-18,-0.0183274450765037,0.00199369820766146,0.0006106612868767971,77126.875,75726.2109375,77280.79609757398,ensemble
BTC,phase0,lstm,phase0_lstm,2026-04-18,2026-04-19,-0.0250023364949234,0.00208061391022054,0.0006780399031044817,75726.2109375,73856.3515625,75883.93196673128,ensemble
BTC,phase0,lstm,phase0_lstm,2026-04-19,2026-04-20,0.026932597272259,0.00205659444909538,0.0006489616393554403,73856.3515625,75872.5234375,74008.4004229832,ensemble
BTC,phase0,lstm,phase0_lstm,2026-04-20,2026-04-21,0.0063097475019448,0.00198963403236114,0.0006037669315552043,75872.5234375,76352.7734375,76023.63226803945,ensemble
BTC,phase0,lstm,phase0_lstm,2026-04-21,2026-04-22,0.0239449523733436,0.00187949354294682,0.0005924778484863251,76352.7734375,78203.1015625,76496.41292462232,ensemble
BTC,phase0,lstm,phase0_lstm,2026-04-22,2026-04-23,0.0008417038623198,0.0017493816092609801,0.0006301702228387302,78203.1015625,78268.953125,78340.0283638545,ensemble
BTC,phase0,lstm,phase0_lstm,2026-04-23,2026-04-24,-0.0104498554007011,0.00155781185603698,0.0007102419222193213,78268.953125,77455.3125,78390.97644815054,ensemble
BTC,phase0,lstm,phase0_lstm,2026-04-24,2026-04-25,0.002021098580043,0.0013954795052995399,0.0007639895626629454,77455.3125,77612.015625,77563.47525307022,ensemble
BTC,phase0,lstm,phase0_lstm,2026-04-25,2026-04-26,0.0133812250281389,0.0012633091537281598,0.0007394097376381753,77612.015625,78657.5390625,77710.1255533154,ensemble
BTC,phase0,lstm,phase0_lstm,2026-04-26,2026-04-27,-0.0165479947079337,0.0012017660599667201,0.0007173107596298303,78657.5390625,77366.625,78752.1238463137,ensemble
BTC,phase0,lstm,phase0_lstm,2026-04-27,2026-04-28,-0.0132186544907372,0.00113663668162186,0.0007643772054243412,77366.625,76350.671875,77454.61273948145,ensemble
BTC,phase0,lstm,phase0_lstm,2026-04-28,2026-04-29,-0.0075534590417408,0.00113444291928312,0.0008213179688583139,76350.671875,75776.1328125,76437.3365028333,ensemble
BTC,phase0,lstm,phase0_lstm,2026-04-29,2026-04-30,0.0069461868751349,0.00115503264241848,0.0009580997126893299,75776.1328125,76304.3203125,75863.70728536599,ensemble
BTC,phase0,lstm,phase0_lstm,2026-04-30,2026-05-01,0.0242715098940353,0.0013715644483454001,0.0009596800900838431,76304.3203125,78179.0,76409.04840974548,ensemble
BTC,phase0,lstm,phase0_lstm,2026-05-01,2026-05-02,0.0060987365147835,0.0015560872794594198,0.0009302525108761011,78179.0,78657.25,78300.74804814857,ensemble
BTC,phase0,lstm,phase0_lstm,2026-05-02,2026-05-03,-0.0015143369624661,0.0016433845390564999,0.0008757879330132172,78657.25,78538.2265625,78786.62038206152,ensemble
BTC,phase0,lstm,phase0_lstm,2026-05-03,2026-05-04,0.0162876768649081,0.0016592360800131802,0.0007894527444102122,78538.2265625,79827.90625,78668.64819188771,ensemble
BTC,phase0,lstm,phase0_lstm,2026-05-04,2026-05-05,0.0136750438065225,0.00171563157346094,0.0007678894311681416,79827.90625,80927.0546875,79964.9790760183,ensemble
BTC,phase0,lstm,phase0_lstm,2026-05-05,2026-05-06,0.0061652480572739,0.0017839822452514601,0.0007497802434520178,80927.0546875,81427.53125,81071.55597176171,ensemble
BTC,phase0,lstm,phase0_lstm,2026-05-06,2026-05-07,-0.0175619083509024,0.00187505353242154,0.0007198015697335449,81427.53125,80009.9921875,81580.35546212079,ensemble
BTC,phase0,lstm,phase0_lstm,2026-05-07,2026-05-08,0.0022069548930199,0.0019244961440562601,0.0006775174944668678,80009.9921875,80186.765625,80164.1193699651,ensemble
BTC,phase0,lstm,phase0_lstm,2026-05-08,2026-05-09,0.0059384470311886,0.00197812207043166,0.0006305968820641274,80186.765625,80664.3671875,80345.54182341669,ensemble
BTC,phase0,lstm,phase0_lstm,2026-05-09,2026-05-10,0.018115146956791,0.00194998288061464,0.0006092544076640869,80664.3671875,82138.9296875,80821.81478275859,ensemble
BTC,phase0,lstm,phase0_lstm,2026-05-10,2026-05-11,-0.0050117852194884,0.00190186446998264,0.0005976635974183461,82138.9296875,81728.296875,82295.29544558247,ensemble
BTC,phase0,lstm,phase0_lstm,2026-05-11,2026-05-12,-0.0154227477056674,0.00185689423233266,0.0005985427687564225,81728.296875,80477.4921875,81880.19866721933,ensemble
BTC,phase0,lstm,phase0_lstm,2026-05-12,2026-05-13,-0.0150280182312355,0.00183880687691266,0.0006324932986467299,80477.4921875,79277.1171875,80625.61089268286,ensemble
BTC,phase0,lstm,phase0_lstm,2026-05-13,2026-05-14,0.0221321436988218,0.00184565472882236,0.0006330994530957399,79277.1171875,81051.25,79423.57048325973,ensemble
BTC,phase0,lstm,phase0_lstm,2026-05-14,2026-05-15,-0.0248027751369673,0.00186456069350238,0.0006038063160007587,81051.25,79065.6796875,81202.51595336058,ensemble
BTC,phase0,lstm,phase0_lstm,2026-05-15,2026-05-16,-0.0118863908425741,0.00184270523022854,0.000633635872132757,79065.6796875,78131.4375,79211.50874771341,ensemble
BTC,phase0,lstm,phase0_lstm,2026-05-16,2026-05-17,-0.0090265767978541,0.0017521220259368,0.0006427328161349212,78131.4375,77429.3515625,78268.45331172024,ensemble
BTC,phase0,lstm,phase0_lstm,2026-05-17,2026-05-18,-0.0061558536491211,0.00163587324786926,0.0006703174605333571,77429.3515625,76954.171875,77556.11982745744,ensemble
BTC,phase0,lstm,phase0_lstm,2026-05-18,2026-05-19,-0.0026448799997123,0.00146771461004386,0.0006806117617902817,76954.171875,76750.90625,77067.20156473767,ensemble
BTC,phase0,lstm,phase0_lstm,2026-05-19,2026-05-20,0.0091677347836148,0.0013475704647134602,0.0007480385519285503,76750.90625,77457.7734375,76854.40322347272,ensemble
BTC,phase0,lstm,phase0_lstm,2026-05-20,2026-05-21,0.0010503232153248,0.0012224415491800399,0.0007609111085532161,77457.7734375,77539.171875,77552.5189366757,ensemble
BTC,phase0,lstm,phase0_lstm,2026-05-21,2026-05-22,-0.0268063407026221,0.0010974187374813,0.0007382919060839147,77539.171875,75488.2421875,77624.31152348251,ensemble
BTC,phase0,lstm,phase0_lstm,2026-05-22,2026-05-23,0.0155775030224184,0.00100027321896042,0.0007073630384367534,75488.2421875,76673.3671875,75563.78883185014,ensemble
BTC,phase0,lstm,phase0_lstm,2026-05-23,2026-05-24,0.004005847400396,0.0008778045616053935,0.0006887000604113834,76673.3671875,76981.125,76740.70096759687,ensemble
BTC,phase0,lstm,phase0_lstm,2026-05-24,2026-05-25,0.0038740181286936,0.0007480791682609929,0.0007007473997271418,76981.125,77279.9296875,77038.73452151664,ensemble
BTC,phase0,lstm,phase0_lstm,2026-05-25,2026-05-26,-0.0189965414050318,0.0005783792721558562,0.0007093033116793629,77279.9296875,75825.734375,77324.63972541814,ensemble
BTC,phase0,lstm,phase0_lstm,2026-05-26,2026-05-27,-0.0197253107241087,0.0005091169052320355,0.0007080806869583933,75825.734375,74344.703125,75864.3483669059,ensemble
BTC,phase0,lstm,phase0_lstm,2026-05-27,2026-05-28,-0.0109298026618873,0.0005088459281978075,0.0006760635308438615,74344.703125,73536.5546875,74382.54275092155,ensemble
BTC,phase0,lstm,phase0_lstm,2026-05-28,2026-05-29,-0.0022330998228095,0.0005294538728776022,0.000648659546533351,73536.5546875,73372.5234375,73575.49920993173,ensemble
BTC,phase0,lstm,phase0_lstm,2026-05-29,2026-05-30,0.0051970396549028,0.0005803408472274488,0.0006256552250962969,73372.5234375,73754.8359375,73415.1168680733,ensemble
BTC,phase0,lstm,phase0_lstm,2026-05-30,2026-05-31,-0.0023775625144765,0.0005587325507803505,0.0006363069643502802,73754.8359375,73579.6875,73796.05667972862,ensemble
BTC,phase0,lstm,phase0_lstm,2026-05-31,2026-06-01,-0.0311953863032946,0.0004990894820366143,0.0006537333932066579,73579.6875,71319.7734375,73616.41951364116,ensemble
BTC,phase0,lstm,phase0_lstm,2026-06-01,2026-06-02,-0.0669138485252581,0.0004717365362011712,0.0006777921589520137,71319.7734375,66703.65625,71353.42551721777,ensemble
BTC,phase0,lstm,phase0_lstm,2026-06-02,2026-06-03,-0.0411522222901916,0.0005508966263732534,0.0006854227388459585,66703.65625,64014.3671875,66740.4131929032,ensemble
BTC,phase0,lstm,phase0_lstm,2026-06-03,2026-06-04,-0.0033296811494371,0.00069811726280018,0.0006959033764323681,64014.3671875,63801.57421875,64059.072325199355,ensemble
BTC,phase0,lstm,phase0_lstm,2026-06-04,2026-06-05,-0.0461725426252123,0.0008278134977444399,0.0007888250811998678,63801.57421875,60922.66796875,63854.41188991695,ensemble
BTC,phase0,lstm,phase0_lstm,2026-06-05,2026-06-06,-0.0009073630482773,0.00098356906382826,0.000842493540714288,60922.66796875,60867.4140625,60982.61909845511,ensemble
BTC,phase0,lstm,phase0_lstm,2026-06-06,2026-06-07,0.0382314561194156,0.00103212662652362,0.0008899977030495047,60867.4140625,63239.51953125,60930.26937298142,ensemble
BTC,phase0,lstm,phase0_lstm,2026-06-07,2026-06-08,-0.0023577871851843,0.0009715901764138293,0.0009302878774594598,63239.51953125,63090.58984375,63300.992285513974,ensemble
BTC,phase0,lstm,phase0_lstm,2026-06-08,2026-06-09,-0.0231992749169722,0.0008077231992501399,0.0009309049808965183,63090.58984375,61643.78125,63141.57016304277,ensemble
BTC,phase0,lstm,phase0_lstm,2026-06-09,2026-06-10,-0.0031600860854061,0.0006563499791809528,0.0008778095982248313,61643.78125,61449.2890625,61684.25442537101,ensemble
BTC,phase0,lstm,phase0_lstm,2026-06-10,2026-06-11,0.0337886685240648,0.0005594676699729192,0.0007693728148432956,61449.2890625,63561.0546875,61483.6775718059,ensemble
BTC,phase0,lstm,phase0_lstm,2026-06-11,2026-06-12,-0.0002809578486747,0.00046407910704144,0.0007104957735265245,63561.0546875,63543.19921875,63590.558890614586,ensemble
BTC,phase0,lstm,phase0_lstm,2026-06-12,2026-06-13,0.0137247224557035,0.00039254148141479995,0.0007314963782131829,63543.19921875,64421.32421875,63568.147456593935,ensemble
BTC,phase0,lstm,phase0_lstm,2026-06-13,2026-06-14,0.0198124847553173,0.00034127285089195547,0.0009430842179480725,64421.32421875,65710.3984375,64443.31321963546,ensemble
BTC,phase0,lstm,phase0_lstm,2026-06-14,2026-06-15,0.0087743291428838,0.00032226400217039993,0.0012352229088038152,65710.3984375,66289.5,65731.57794599797,ensemble
BTC,phase0,lstm,phase0_lstm,2026-06-15,2026-06-16,-0.0104460520817153,0.00044709095964205997,0.001516604524113909,66289.5,65600.640625,66319.14406247156,ensemble
BTC,phase0,lstm,phase0_lstm,2026-06-16,2026-06-17,-0.0181854515308644,0.0006695746327750401,0.001803715906127141,65600.640625,64418.4453125,65644.57985851276,ensemble
BTC,phase0,lstm,phase0_lstm,2026-06-17,2026-06-18,-0.0239099264595433,0.0008884196053259,0.0018985846131672026,64418.4453125,62896.47265625,64475.701352188364,ensemble
BTC,phase0,lstm,phase0_lstm,2026-06-18,2026-06-19,0.0101927013006599,0.0010491350723896,0.0019197411450591249,62896.47265625,63540.8359375,62962.494178334695,ensemble
BTC,phase0,lstm,phase0_lstm,2026-06-19,2026-06-20,0.0109382377964082,0.0012222987905261,0.0018657694204804972,63540.8359375,64239.67578125,63618.54930922015,ensemble
BTC,phase0,lstm,phase0_lstm,2026-06-20,2026-06-21,-0.0157229253051467,0.0013810462987748399,0.0017896242819716154,64239.67578125,63237.5390625,64328.45503774335,ensemble
BTC,phase0,lstm,phase0_lstm,2026-06-21,2026-06-22,0.0112363538248423,0.0014712176227476398,0.0017222081635286353,63237.5390625,63952.10546875,63330.64371619798,ensemble
BTC,phase0,lstm,phase0_lstm,2026-06-22,2026-06-23,-0.0202831889602721,0.00152337584295306,0.0015350475790861184,63952.10546875,62668.01953125,64049.60280501554,ensemble
BTC,phase0,lstm,phase0_lstm,2026-06-23,2026-06-24,-0.0270571911625371,0.0014063097201869599,0.0012384807062612697,62668.01953125,60995.1328125,62756.21217481267,ensemble
BTC,phase0,lstm,phase0_lstm,2026-06-24,2026-06-25,-0.0210990381164694,0.00116767890576734,0.0009472212572101685,60995.1328125,59721.67578125,61066.397141269095,ensemble
BTC,phase0,lstm,phase0_lstm,2026-06-25,2026-06-26,0.004923319948585,0.0009609186519809956,0.0008685201165382322,59721.67578125,60016.4296875,59779.09103471181,ensemble
BTC,phase0,lstm,phase0_lstm,2026-06-26,2026-06-27,-0.0012726617424323,0.0008674038166646,0.001022151504695142,60016.4296875,59940.09765625,60068.51075206518,ensemble
BTC,phase0,lstm,phase0_lstm,2026-06-27,2026-06-28,-0.0068259994404737,0.0008985693144495129,0.0009691586826848725,59940.09765625,59532.33984375,59993.98219457969,ensemble
BTC,phase0,lstm,phase0_lstm,2026-06-28,2026-06-29,0.0101285301835763,0.0008557563334761454,0.000911448134280275,59532.33984375,60138.37890625,59583.30682516617,ensemble
BTC,phase0,lstm,phase0_lstm,2026-06-29,2026-06-30,-0.0266158302862621,0.0008100379069219058,0.0007971540094095842,60138.37890625,58558.859375,60187.11300839516,ensemble
BTC,phase0,lstm,phase0_lstm,2026-06-30,2026-07-01,0.0243747988918137,0.0007933233020593599,0.0006286105896124195,58558.859375,60003.7578125,58605.333914914496,ensemble
BTC,phase0,lstm,phase0_lstm,2026-07-01,2026-07-02,0.0243909440883905,0.0007873639406170399,0.0005162405731132979,60003.7578125,61485.30078125,60051.02121200962,ensemble
BTC,phase0,lstm,phase0_lstm,2026-07-02,2026-07-03,0.0170753597454698,0.00078213999222492,0.00046878718538462624,61485.30078125,62544.19921875,61533.409705429265,ensemble
BTC,phase0,lstm,phase0_lstm,2026-07-03,2026-07-04,0.0086619123839713,0.0007918938488728188,0.0005200422946704913,62544.19921875,63088.3046875,62593.74720117598,ensemble
BTC,phase0,lstm,phase0_lstm,2026-07-04,2026-07-05,0.0072582750905089,0.00077864918275734,0.0006625449659038564,63088.3046875,63547.8828125,63137.447474398985,ensemble
BTC,phase0,lstm,phase0_lstm,2026-07-05,2026-07-06,0.0070115176898403,0.00063026427233122,0.0007940481091403621,63547.8828125,63995.015625,63587.947396930846,ensemble
BTC,phase0,lstm,phase0_lstm,2026-07-06,2026-07-07,-0.0109610318081771,0.00050553485925774,0.0009445863760316141,63995.015625,63297.39453125,64027.375515054235,ensemble
BTC,phase0,lstm,phase0_lstm,2026-07-07,2026-07-08,-0.0165639655193486,0.00043023102625736,0.000990762154067118,63297.39453125,62257.57421875,63324.632893232665,ensemble
BTC,phase0,lstm,phase0_lstm,2026-07-08,2026-07-09,0.0149156823369863,0.00035651639045682,0.0009916081386454208,62257.57421875,63193.1484375,62279.77402145069,ensemble
BTC,phase0,lstm,phase0_lstm,2026-07-09,2026-07-10,0.0146718005231559,0.00027801404357887996,0.0009712094557583301,63193.1484375,64127.140625,63210.71946260629,ensemble
BTC,phase0,lstm,phase0_lstm,2026-07-10,2026-07-11,-0.0050827186063555,0.00016292626387439998,0.0009444885969461624,64127.140625,63802.02734375,64137.58947160764,ensemble
BTC,phase0,lstm,phase0_lstm,2026-07-11,2026-07-12,-0.0006868690961942,7.528462446999666e-07,0.0009381915318878573,63802.02734375,63758.21875,63802.075376884764,ensemble
BTC,phase0,lstm,phase0_lstm,2026-07-12,2026-07-13,-0.0241143387714378,-0.00016545318940189998,0.0009325016121609101,63758.21875,62239.12109375,63747.670621992,ensemble
BTC,phase0,lstm,phase0_lstm,2026-07-13,2026-07-14,0.0427281030442609,-0.00027465801103969997,0.0008163665310546113,62239.12109375,64956.11328125,62222.02896789363,ensemble
BTC,phase0,lstm,phase0_lstm,2026-07-14,2026-07-15,-0.0037594109647903,-0.00029015578038524005,0.0006863090415345104,64956.11328125,64712.375,64937.26862358547,ensemble
BTC,phase0,lstm,phase0_lstm,2026-07-15,2026-07-16,-0.0143672798551762,-0.00020010131411254,0.000656229418967593,64712.375,63789.28125,64699.42726419583,ensemble
BTC,phase0,lstm,phase0_lstm,2026-07-16,2026-07-17,0.0017257545646935,-0.00014254483976402,0.0006712944607393269,63789.28125,63899.4609375,63780.189065162966,ensemble
BTC,phase0,lstm,phase0_lstm,2026-07-17,2026-07-18,0.0139422316447508,-2.3906488786460018e-05,0.0006604019396193047,63899.4609375,64796.6015625,63897.93334401341,ensemble
BTC,phase0,lstm,phase0_lstm,2026-07-18,2026-07-19,-0.0016340878484766,0.00010610465178616814,0.0006387709086049009,64796.6015625,64690.8046875,64803.47714810507,ensemble
BTC,phase0,lstm,phase0_lstm,2026-07-19,2026-07-20,0.0083008358863908,0.00020812566508538003,0.000610375769979188,64690.8046875,65230.02734375,64704.26990543061,ensemble
BTC,phase0,lstm,phase0_lstm,2026-07-20,2026-07-21,0.0193591073637143,0.0003366688986715982,0.0005598660089873208,65230.02734375,66505.125,65251.991962410655,ensemble
BTC,phase0,lstm,phase0_lstm,2026-07-21,2026-07-22,-0.0060982099788692,0.0005070534360129,0.0005317454678332357,66505.125,66100.796875,66538.8552029287,ensemble
BTC,phase0,lstm,phase0_lstm,2026-07-22,2026-07-23,-0.016104346952909,0.0006937038463547333,0.0005105588182347544,66100.796875,65044.8125,66146.66716039651,ensemble
BTC,phase0,lstm,phase0_lstm,2026-07-23,2026-07-24,-0.0146555536542276,0.00083946151135018,0.0004706000954371127,65044.8125,64098.49609375,65099.438041418645,ensemble
BTC,phase0,lstm,phase0_lstm,2026-07-24,2026-07-25,0.003322421771433,0.00096959394868458,0.0004563555888515594,64098.49609375,64311.8125,64160.67574731888,ensemble
BTC,phase0,lstm,phase0_lstm,2026-07-25,2026-07-26,0.0158656859403964,0.00100887272274118,0.00044262473307162903,64311.8125,65340.30078125,64376.72767344917,ensemble
BTC,phase0,lstm,phase0_lstm,2026-07-26,2026-07-27,-0.0250336529885953,0.00102331340312952,0.000422103325115013,65340.30078125,63724.8984375,65407.19860968842,ensemble
BTC,phase0,lstm,phase0_lstm,2026-07-27,2026-07-28,0.0022957554728576,0.0010380855528637199,0.00039115796654124726,63724.8984375,63871.36328125,63791.08468147386,ensemble
BTC,phase0,lstm,phase0_lstm,2026-07-28,2026-07-29,0.0005760654802496,0.00111846354557194,0.00038268448793343736,63871.36328125,63908.16796875,63942.841037867285,ensemble
BTC,phase0,lstm,phase0_lstm,2026-07-29,2026-07-30,0.0127051159419568,0.00126749137416476,0.00038137569275641813,63908.16796875,64725.30859375,63989.22237741959,ensemble
BTC,phase0,lstm,phase0_lstm,2026-07-30,2026-07-31,-0.0299783570286374,0.0014001025818288,0.0003991731549656683,64725.30859375,62813.74609375,64815.99413513795,ensemble
BTC,phase0,lstm,phase0_lstm,2026-07-31,2026-08-01,-0.0008031049841085,0.0014393612975253998,0.00042102579101890945,62813.74609375,62763.3203125,62904.2228675927,ensemble
BTC,phase0,lstm,phase0_lstm,2026-08-01,2026-08-02,0.0113855697670751,0.00134908901527518,0.00037361465925960066,62763.3203125,63482.0,62848.05076010278,ensemble
BTC,phase0,lstm,phase0_lstm,2026-08-02,2026-08-03,-0.0003324575530272,0.00120271808700632,0.00036181390374461354,63482.0,63460.8984375,63558.39688234622,ensemble
BTC,phase0,lstm,phase0_lstm,2026-08-03,2026-08-04,0.0093330253934836,0.00109700917964796,0.00034590991144871217,63460.8984375,64055.953125,63530.553824948925,ensemble
BTC,phase0,lstm,phase0_lstm,2026-08-04,2026-08-05,0.0084187413608024,0.00106946624582628,0.0003303500131946573,64055.953125,64597.5,64124.49545002995,ensemble
BTC,phase0,lstm,phase0_lstm,2026-08-05,2026-08-06,-0.0052054707838791,0.0011136879678815,0.0002904715052806404,64597.5,64262.11328125,64669.48153354924,ensemble
BTC,phase0,lstm,phase0_lstm,2026-08-06,2026-08-07,0.0095721203953674,0.0011041844380087402,0.0003153149030225773,64262.11328125,64880.19140625,64333.109696043524,ensemble
BTC,phase0,lstm,phase0_lstm,2026-08-07,2026-08-08,0.0003774876433575,0.00108377271099012,0.0003586909936336302,64880.19140625,64904.6875,64950.54490389412,ensemble
BTC,phase0,lstm,phase0_lstm,2026-08-08,2026-08-09,-0.0009217877722439,0.00102649462642144,0.0003936323960955503,64904.6875,64844.88671875,64971.346019401164,ensemble
BTC,phase0,lstm,phase0_lstm,2026-08-09,2026-08-10,-0.0145130480455691,0.00095288807642642,0.00042046135287817325,64844.88671875,63910.5859375,64906.70608691328,ensemble
BTC,phase0,lstm,phase0_lstm,2026-08-10,2026-08-11,-0.0056285102588139,0.0008926454058382201,0.0004337694627750446,63910.5859375,63551.875,63967.66089848254,ensemble
BTC,phase0,lstm,phase0_lstm,2026-08-11,2026-08-12,-0.0023542560615523,0.0008849851554259399,0.00041509081892515453,63551.875,63402.43359375,63608.14236019136,ensemble
BTC,phase0,lstm,phase0_lstm,2026-08-12,2026-08-13,-4.127906065128786e-06,0.0009217403305228401,0.00038751665844634527,63402.43359375,63402.171875,63460.9011156436,ensemble
BTC,phase0,lstm,phase0_lstm,2026-08-13,2026-08-14,-0.0067508670210942,0.0009162280824966199,0.0004184459650179362,63402.171875,62975.59375,63460.289345726866,ensemble
BTC,phase0,lstm,phase0_lstm,2026-08-14,2026-08-15,0.0007734380660748,0.00089580703934186,0.00046154790406734484,62975.59375,63024.3203125,63032.033005755045,ensemble
BTC,phase0,lstm,phase0_lstm,2026-08-15,2026-08-16,-0.0032686473868631,0.00084334440471134,0.0004837233206538846,63024.3203125,62818.65234375,63077.49393908496,ensemble
BTC,phase0,lstm,phase0_lstm,2026-08-16,2026-08-17,0.0265101376702319,0.0007253922133827253,0.0004964587852745878,62818.65234375,64506.25390625,62864.237036407045,ensemble
BTC,phase0,lstm,phase0_lstm,2026-08-17,2026-08-18,0.0027008473728006,0.0006546535136294122,0.000514639276457916,64506.25390625,64680.7109375,64548.496977799725,ensemble
BTC,phase0,lstm,phase0_lstm,2026-08-18,2026-08-19,0.0684938460027011,0.0006282026137341201,0.0005203469212805033,64680.7109375,69266.1875,64721.35629459221,ensemble
BTC,phase0,lstm,phase0_lstm,2026-08-19,2026-08-20,0.052951205389763,0.00071091401187,0.0005555457248060818,69266.1875,73032.7578125,69315.44731091282,ensemble
BTC,phase0,lstm,phase0_lstm,2026-08-20,2026-08-21,0.0700888177551632,0.0008117441873764401,0.0006457492687204509,73032.7578125,78335.1875,73092.06579734171,ensemble
BTC,phase0,lstm,phase0_lstm,2026-08-21,2026-08-22,-0.0161087603875064,0.00092240140947976,0.0007509383036530393,78335.1875,77083.4140625,78407.47732235338,ensemble
BTC,phase0,lstm,phase0_lstm,2026-08-22,2026-08-23,0.0086781388253158,0.0008998103730845801,0.0008107744779796954,77083.4140625,77755.265625,77152.80573305672,ensemble
BTC,phase0,lstm,phase0_lstm,2026-08-23,2026-08-24,0.0154319126625293,0.00084739213343708,0.0009062354217913806,77755.265625,78964.484375,77821.18275030621,ensemble
BTC,phase0,lstm,phase0_lstm,2026-08-24,2026-08-25,-0.0050721771868308,0.0007180853514000401,0.0009175006077838926,78964.484375,78564.9765625,79021.2079782674,ensemble
BTC,phase0,lstm,phase0_lstm,2026-08-25,2026-08-26,0.0058688952570538,0.0009301548547227532,0.0005992988195578564,78564.9765625,79027.421875,78638.08815414047,ensemble
BTC,phase0,lstm,phase0_lstm,2026-08-26,2026-08-27,0.0154457977224057,0.00130715380073522,0.0009741648996887604,79027.421875,80257.5390625,79130.79041443742,ensemble
BTC,phase0,lstm,phase0_lstm,2026-08-27,2026-08-28,-0.0307100273130926,0.0016656911873723999,0.0014253485643490728,80257.5390625,77830.2890625,80391.3347382406,ensemble
BTC,phase0,lstm,phase0_lstm,2026-08-28,2026-08-29,0.0053246386227652,0.00202876231196564,0.0014308689078861144,77830.2890625,78245.8125,77988.3484979795,ensemble
BTC,phase0,lstm,phase0_lstm,2026-08-29,2026-08-30,-0.007417513856522,0.00228928488213564,0.0012063484981727794,78245.8125,77667.5703125,78425.14464851421,ensemble
BTC,phase0,lstm,phase0_lstm,2026-08-30,2026-08-31,0.0112801594802717,0.0024617078714072203,0.0009621923172642855,77667.5703125,78548.6328125,77859.00070787448,ensemble
BTC,phase0,xgb,phase0_xgb,2025-10-31,2025-11-01,0.004624825172493,-0.00367151304380966,0.001722311168699634,109556.1640625,110064.015625,109154.66468323661,ensemble
BTC,phase0,xgb,phase0_xgb,2025-11-01,2025-11-02,0.0052161412333197,0.00126534611918028,0.0014992320033404673,110064.015625,110639.625,110203.37284900004,ensemble
BTC,phase0,xgb,phase0_xgb,2025-11-02,2025-11-03,-0.0376871829010099,-0.00964344432577488,0.002988731184068033,110639.625,106547.5234375,109577.80596121268,ensemble
BTC,phase0,xgb,phase0_xgb,2025-11-03,2025-11-04,-0.0476408575376077,-0.00119967507198452,0.0029722917436444743,106547.5234375,101590.5234375,106419.77767167693,ensemble
BTC,phase0,xgb,phase0_xgb,2025-11-04,2025-11-05,0.0224000613217487,0.00832907557487484,0.0033245946691446236,101590.5234375,103891.8359375,102440.21223385053,ensemble
BTC,phase0,xgb,phase0_xgb,2025-11-05,2025-11-06,-0.0252511824918507,0.00437509578187014,0.0023426452427699517,103891.8359375,101301.2890625,104347.36844322339,ensemble
BTC,phase0,xgb,phase0_xgb,2025-11-06,2025-11-07,0.020238925968734,0.01746011637151236,0.002650742832944767,101301.2890625,103372.40625,103085.55275563117,ensemble
BTC,phase0,xgb,phase0_xgb,2025-11-07,2025-11-08,-0.0106032122142002,-0.0044680492021143,0.0015336420119132633,103372.40625,102282.1171875,102911.56355332343,ensemble
BTC,phase0,xgb,phase0_xgb,2025-11-08,2025-11-09,0.02355183969968,0.009538002125918819,0.0009996478090114626,102282.1171875,104719.640625,103262.35154610935,ensemble
BTC,phase0,xgb,phase0_xgb,2025-11-09,2025-11-10,0.0121202693364623,-0.0010161945057916401,0.004150819453153153,104719.640625,105996.59375,104613.27915267316,ensemble
BTC,phase0,xgb,phase0_xgb,2025-11-10,2025-11-11,-0.0287025464768418,0.0025273448554799,0.004130165299934436,105996.59375,102997.46875,106264.82250642098,ensemble
BTC,phase0,xgb,phase0_xgb,2025-11-11,2025-11-12,-0.0130391466426769,0.00276090446859594,0.0036555186929537534,102997.46875,101663.1875,103282.2278371605,ensemble
BTC,phase0,xgb,phase0_xgb,2025-11-12,2025-11-13,-0.0195247429765854,-0.0016154522192663799,0.0007728495900323849,101663.1875,99697.4921875,101499.08806122404,ensemble
BTC,phase0,xgb,phase0_xgb,2025-11-13,2025-11-14,-0.0546228711365914,0.007693663146346739,0.001907925657598782,99697.4921875,94397.7890625,100467.48936019666,ensemble
BTC,phase0,xgb,phase0_xgb,2025-11-14,2025-11-15,0.0121231064987472,0.0029611053643747998,0.0038251549938460925,94397.7890625,95549.1484375,94677.72511761202,ensemble
BTC,phase0,xgb,phase0_xgb,2025-11-15,2025-11-16,-0.0144639384619225,0.0019427600782364399,0.0028672879112123634,95549.1484375,94177.078125,95734.95794179541,ensemble
BTC,phase0,xgb,phase0_xgb,2025-11-16,2025-11-17,-0.0223683827163435,0.00600607721135012,0.002542192175421568,94177.078125,92093.875,94744.4149567071,ensemble
BTC,phase0,xgb,phase0_xgb,2025-11-17,2025-11-18,0.0092411735633055,0.02468535602092738,0.002616487088655681,92093.875,92948.875,94395.53688474605,ensemble
BTC,phase0,xgb,phase0_xgb,2025-11-18,2025-11-19,-0.0160823776998089,0.02295240052044386,0.001714960881095318,92948.875,91465.9921875,95106.94652715589,ensemble
BTC,phase0,xgb,phase0_xgb,2025-11-19,2025-11-20,-0.0542991431316111,0.00947991646826262,0.0016538293234559676,91465.9921875,86631.8984375,92337.20514157631,ensemble
BTC,phase0,xgb,phase0_xgb,2025-11-20,2025-11-21,-0.0179504904722895,0.011394436098635139,0.0020354855283731127,86631.8984375,85090.6875,87624.66533669653,ensemble
BTC,phase0,xgb,phase0_xgb,2025-11-21,2025-11-22,-0.0052118723936807,0.007746445666998581,0.0006833104748445974,85090.6875,84648.359375,85752.39752892347,ensemble
BTC,phase0,xgb,phase0_xgb,2025-11-22,2025-11-23,0.0251585865790003,0.0158807577565312,0.0026323134880336476,84648.359375,86805.0078125,86003.37028722961,ensemble
BTC,phase0,xgb,phase0_xgb,2025-11-23,2025-11-24,0.0167423578108394,0.0172832021489739,0.003438947267487452,86805.0078125,88270.5625,88318.31604640563,ensemble
BTC,phase0,xgb,phase0_xgb,2025-11-24,2025-11-25,-0.0105764769567544,0.006526278844103161,0.0031883088904003194,88270.5625,87341.890625,88848.5247245258,ensemble
BTC,phase0,xgb,phase0_xgb,2025-11-25,2025-11-26,0.0357225879133364,0.00747170364484184,0.002398831715947657,87341.890625,90518.3671875,87996.9274205798,ensemble
BTC,phase0,xgb,phase0_xgb,2025-11-26,2025-11-27,0.0084378061084954,-0.015497494488954499,0.0019845565370836997,90518.3671875,91285.375,89126.37335896165,ensemble
BTC,phase0,xgb,phase0_xgb,2025-11-27,2025-11-28,-0.0040186667744196,0.00467863171361384,0.0015256927012019896,91285.375,90919.265625,91713.46631035946,ensemble
BTC,phase0,xgb,phase0_xgb,2025-11-28,2025-11-29,-0.0007427786269465,-0.00128705593233464,0.0026032868883326455,90919.265625,90851.7578125,90802.3227169887,ensemble
BTC,phase0,xgb,phase0_xgb,2025-11-29,2025-11-30,-0.0050477925731327,-0.00458435937762256,0.0017115506483374693,90851.7578125,90394.3125,90436.21393360553,ensemble
BTC,phase0,xgb,phase0_xgb,2025-11-30,2025-12-01,-0.046101838054076,-0.0086525798775255,0.0025585032296446845,90394.3125,86321.5703125,89615.54253397223,ensemble
BTC,phase0,xgb,phase0_xgb,2025-12-01,2025-12-02,0.0566209938703037,-0.002907909422356138,0.0025347850033264657,86321.5703125,91350.203125,86070.91961622027,ensemble
BTC,phase0,xgb,phase0_xgb,2025-12-02,2025-12-03,0.0235582620118316,-0.00135425595508418,0.0016504252150932668,91350.203125,93527.8046875,91226.57529917403,ensemble
BTC,phase0,xgb,phase0_xgb,2025-12-03,2025-12-04,-0.0149319728659321,0.00626466572284694,0.0016628468424975031,93527.8046875,92141.625,94115.56425600173,ensemble
BTC,phase0,xgb,phase0_xgb,2025-12-04,2025-12-05,-0.0303430599756753,0.00983713716268532,0.0020861278660918763,92141.625,89387.7578125,93052.50769709046,ensemble
BTC,phase0,xgb,phase0_xgb,2025-12-05,2025-12-06,-0.0012916460625568,0.00456639858894044,0.00109278996029454,89387.7578125,89272.375,89796.87132041366,ensemble
BTC,phase0,xgb,phase0_xgb,2025-12-06,2025-12-07,0.0126145722260143,8.550772909073998e-05,0.003141096731848135,89272.375,90405.640625,89280.00880442676,ensemble
BTC,phase0,xgb,phase0_xgb,2025-12-07,2025-12-08,0.0025911959798138,-0.00343294178019274,0.002349438964965195,90405.640625,90640.203125,90095.81543433055,ensemble
BTC,phase0,xgb,phase0_xgb,2025-12-08,2025-12-09,0.0223811926981977,0.004897244460880719,0.0013090437417976352,90640.203125,92691.7109375,91085.1790462987,ensemble
BTC,phase0,xgb,phase0_xgb,2025-12-09,2025-12-10,-0.0072628328466358,0.0046156971249728795,0.002356641663753563,92691.7109375,92020.9453125,93120.53670478161,ensemble
BTC,phase0,xgb,phase0_xgb,2025-12-10,2025-12-11,0.0053149701081481,0.006723105721175621,0.002277466123465193,92020.9453125,92511.3359375,92641.6962051697,ensemble
BTC,phase0,xgb,phase0_xgb,2025-12-11,2025-12-12,-0.0245214214521475,-0.0035087614320218202,0.0012090266516034155,92511.3359375,90270.4140625,92187.30453681856,ensemble
BTC,phase0,xgb,phase0_xgb,2025-12-12,2025-12-13,0.000313418755633,-0.0050372852943837195,0.0011567449457002873,90270.4140625,90298.7109375,89816.83958434143,ensemble
BTC,phase0,xgb,phase0_xgb,2025-12-13,2025-12-14,-0.0237976710179162,-0.00091606477944876,0.0014139908373709004,90298.7109375,88175.1796875,90216.02934540977,ensemble
BTC,phase0,xgb,phase0_xgb,2025-12-14,2025-12-15,-0.0201089147130883,-0.00487481134477998,0.0030857775920302226,88175.1796875,86419.78125,87746.38830891167,ensemble
BTC,phase0,xgb,phase0_xgb,2025-12-15,2025-12-16,0.0163457369350781,0.003991755918832459,0.002778658222135923,86419.78125,87843.984375,86765.43735172699,ensemble
BTC,phase0,xgb,phase0_xgb,2025-12-16,2025-12-17,-0.0195448330408544,0.01436129659414288,0.001720228211334632,87843.984375,86143.7578125,89114.64018209098,ensemble
BTC,phase0,xgb,phase0_xgb,2025-12-17,2025-12-18,-0.0079397284977681,0.00496639735065396,0.001969866582548049,86143.7578125,85462.5078125,86572.64607629651,ensemble
BTC,phase0,xgb,phase0_xgb,2025-12-18,2025-12-19,0.0304331549684077,0.0027838934678584,0.003343462322513406,85462.5078125,88103.3828125,85700.75780717694,ensemble
BTC,phase0,xgb,phase0_xgb,2025-12-19,2025-12-20,0.0027273551221506,0.0009201971153742848,0.001527733868229575,88103.3828125,88344.0,88184.49260399347,ensemble
BTC,phase0,xgb,phase0_xgb,2025-12-20,2025-12-21,0.0031390280669266,0.0044449666514992,0.0019960543707929802,88344.0,88621.75,88737.56016678069,ensemble
BTC,phase0,xgb,phase0_xgb,2025-12-21,2025-12-22,-0.001487584958889,0.00268377223983404,0.001130011611744346,88621.75,88490.015625,88859.9100331901,ensemble
BTC,phase0,xgb,phase0_xgb,2025-12-22,2025-12-23,-0.0122342749529535,0.00539881170261646,0.0025362963248500878,88490.015625,87414.0,88969.04849752296,ensemble
BTC,phase0,xgb,phase0_xgb,2025-12-23,2025-12-24,0.0022620761040624,0.00570933232083912,0.0015662639850856032,87414.0,87611.9609375,87914.5029848759,ensemble
BTC,phase0,xgb,phase0_xgb,2025-12-24,2025-12-25,-0.0043148578556266,-0.01017613690346476,0.0012290568448536006,87611.9609375,87234.7421875,86724.93055452425,ensemble
BTC,phase0,xgb,phase0_xgb,2025-12-25,2025-12-26,0.000764168281323,-0.00525990016758438,0.0026834399500461673,87234.7421875,87301.4296875,86777.10078161529,ensemble
BTC,phase0,xgb,phase0_xgb,2025-12-26,2025-12-27,0.005719219565876,0.0020550915243802,0.0011291338886091047,87301.4296875,87802.15625,87481.0265965507,ensemble
BTC,phase0,xgb,phase0_xgb,2025-12-27,2025-12-28,0.0003835125589097,0.00440354375168674,0.0011441148801608371,87802.15625,87835.8359375,88189.64943196658,ensemble
BTC,phase0,xgb,phase0_xgb,2025-12-28,2025-12-29,-0.0079748888825797,0.00411100443452592,0.0013291613043831332,87835.8359375,87138.140625,88197.67269520971,ensemble
BTC,phase0,xgb,phase0_xgb,2025-12-29,2025-12-30,0.0147180978087909,-0.012873814254999099,0.000950761497496872,87138.140625,88430.1328125,86023.53042453779,ensemble
BTC,phase0,xgb,phase0_xgb,2025-12-30,2025-12-31,-0.0104730993492998,0.01289166752248998,0.0020765713359310414,88430.1328125,87508.828125,89577.5246901264,ensemble
BTC,phase0,xgb,phase0_xgb,2025-12-31,2026-01-01,0.01388073366055,0.00199776355002538,0.002000917964983211,87508.828125,88731.984375,87683.82481493599,ensemble
BTC,phase0,xgb,phase0_xgb,2026-01-01,2026-01-02,0.0135745701301948,0.0050332796992733604,0.002485974898648916,88731.984375,89944.6953125,89179.7231225581,ensemble
BTC,phase0,xgb,phase0_xgb,2026-01-02,2026-01-03,0.0072944096271482,0.00125593886768908,0.001087152523219017,89944.6953125,90603.1875,90057.73131958437,ensemble
BTC,phase0,xgb,phase0_xgb,2026-01-03,2026-01-04,0.0089036899476068,0.0040638364385813,0.0018551471496107699,90603.1875,91413.4921875,90972.13319453859,ensemble
BTC,phase0,xgb,phase0_xgb,2026-01-04,2026-01-05,0.0266514983813646,0.0044263374060392,0.0017425590769438854,91413.4921875,93882.5546875,91819.01597784674,ensemble
BTC,phase0,xgb,phase0_xgb,2026-01-05,2026-01-06,-0.0016366097114998,0.0008334600104717199,0.0018630980303761028,93882.5546875,93729.03125,93960.83465959466,ensemble
BTC,phase0,xgb,phase0_xgb,2026-01-06,2026-01-07,-0.0261689672501516,0.00920309256762262,0.001995014979573833,93729.03125,91308.0546875,94595.60968527794,ensemble
BTC,phase0,xgb,phase0_xgb,2026-01-07,2026-01-08,-0.0030814668927555,-0.0074200195260345405,0.0021457186929089446,91308.0546875,91027.125,90633.05449308269,ensemble
BTC,phase0,xgb,phase0_xgb,2026-01-08,2026-01-09,-0.0056629301495069,0.00020893060327582756,0.0008172224452538006,91027.125,90513.1015625,91046.14533903699,ensemble
BTC,phase0,xgb,phase0_xgb,2026-01-09,2026-01-10,-0.0013980466595052,-0.0029710565228014602,0.001082229706580273,90513.1015625,90386.6484375,90244.58111394194,ensemble
BTC,phase0,xgb,phase0_xgb,2026-01-10,2026-01-11,0.0048651109011003,-0.01206482760608192,0.0013164183497331645,90386.6484375,90827.4609375,89302.70107350587,ensemble
BTC,phase0,xgb,phase0_xgb,2026-01-11,2026-01-12,0.0040163809626806,-0.00899445097893472,0.0031225918369412247,90827.4609375,91192.9921875,90014.18077967878,ensemble
BTC,phase0,xgb,phase0_xgb,2026-01-12,2026-01-13,0.0442802850314782,0.00352006731554864,0.0037858406073287094,91192.9921875,95321.78125,91514.56330264681,ensemble
BTC,phase0,xgb,phase0_xgb,2026-01-13,2026-01-14,0.016723797821879,0.017630172893404898,0.0015390480670603665,95321.78125,96929.328125,97017.22227822975,ensemble
BTC,phase0,xgb,phase0_xgb,2026-01-14,2026-01-15,-0.0143200382747562,-0.00728713907301422,0.0023224604084570665,96929.328125,95551.1875,96225.55798047922,ensemble
BTC,phase0,xgb,phase0_xgb,2026-01-15,2026-01-16,-0.0002728785518896,0.0013025805470533401,0.003137511758183294,95551.1875,95525.1171875,95675.73171491145,ensemble
BTC,phase0,xgb,phase0_xgb,2026-01-16,2026-01-17,-0.0044610720579804,0.0010794180387165,0.0014020409628232007,95525.1171875,95099.921875,95628.28439239661,ensemble
BTC,phase0,xgb,phase0_xgb,2026-01-17,2026-01-18,-0.0155299936581246,0.0044994646683334805,0.0014861238879795636,95099.921875,93634.4296875,95528.78471650567,ensemble
BTC,phase0,xgb,phase0_xgb,2026-01-18,2026-01-19,-0.0116102857616082,0.008781980630010299,0.0036423623110594626,93634.4296875,92553.59375,94460.3467209066,ensemble
BTC,phase0,xgb,phase0_xgb,2026-01-19,2026-01-20,-0.0469242550548211,0.0058349254541098195,0.0014993546142682995,92553.59375,88310.90625,93095.21569519158,ensemble
BTC,phase0,xgb,phase0_xgb,2026-01-20,2026-01-21,0.0119993277601487,-0.00220326501876112,0.0009859057325071602,88310.90625,89376.9609375,88116.54810935444,ensemble
BTC,phase0,xgb,phase0_xgb,2026-01-21,2026-01-22,0.0009560777691027,-0.00155439809896046,0.0032740776892031228,89376.9609375,89462.453125,89238.1414776309,ensemble
BTC,phase0,xgb,phase0_xgb,2026-01-22,2026-01-23,0.0004629013309221,-0.00544784399680788,0.0029425741693035945,89462.453125,89503.875,88976.40080753165,ensemble
BTC,phase0,xgb,phase0_xgb,2026-01-23,2026-01-24,-0.0044021176235583,-0.006300209928303921,0.0015013802861867135,89503.875,89110.734375,88941.75439634392,ensemble
BTC,phase0,xgb,phase0_xgb,2026-01-24,2026-01-25,-0.0289008383617947,-0.00287522124126552,0.0026228707478466043,89110.734375,86572.21875,88854.88928057894,ensemble
BTC,phase0,xgb,phase0_xgb,2026-01-25,2026-01-26,0.0193889405513137,0.00686005484312772,0.006089354680605492,86572.21875,88267.140625,87168.1506441928,ensemble
BTC,phase0,xgb,phase0_xgb,2026-01-26,2026-01-27,0.009420276564581,0.0023974108240508623,0.0023195826107321,88267.140625,89102.5703125,88479.00708734085,ensemble
BTC,phase0,xgb,phase0_xgb,2026-01-27,2026-01-28,0.0009198645005418,-0.00129505547229198,0.003770423975891784,89102.5703125,89184.5703125,88987.2522289964,ensemble
BTC,phase0,xgb,phase0_xgb,2026-01-28,2026-01-29,-0.053227949504083,-0.01203789655119176,0.0024260947531620104,89184.5703125,84561.5859375,88117.4117402466,ensemble
BTC,phase0,xgb,phase0_xgb,2026-01-29,2026-01-30,-0.00513284742955,0.010871338285505721,0.0021779634584154217,84561.5859375,84128.65625,85485.89869915812,ensemble
BTC,phase0,xgb,phase0_xgb,2026-01-30,2026-01-31,-0.0677069192719858,-0.00593756726011628,0.002514224945088857,84128.65625,78621.1171875,83630.6167297727,ensemble
BTC,phase0,xgb,phase0_xgb,2026-01-31,2026-02-01,-0.0211668421472114,0.0120320906862616,0.0022266699498582148,78621.1171875,76974.4453125,79572.80753019058,ensemble
BTC,phase0,xgb,phase0_xgb,2026-02-01,2026-02-02,0.0220269081578216,0.01036002491600808,0.0049479671427458865,76974.4453125,78688.765625,77776.04762413441,ensemble
BTC,phase0,xgb,phase0_xgb,2026-02-02,2026-02-03,-0.0396004693749769,0.011306067183613742,0.004703895434557604,78688.765625,75633.546875,79583.47438376745,ensemble
BTC,phase0,xgb,phase0_xgb,2026-02-03,2026-02-04,-0.0351706159417589,0.01877260413020844,0.004388754528135817,75633.546875,73019.703125,77066.79633099081,ensemble
BTC,phase0,xgb,phase0_xgb,2026-02-04,2026-02-05,-0.1523344080304475,0.00920314118266102,0.003142316002347826,73019.703125,62702.09765625,73694.81557453032,ensemble
BTC,phase0,xgb,phase0_xgb,2026-02-05,2026-02-06,0.118003181433477,0.01138383466750378,0.0042020348891819185,62702.09765625,70555.390625,63419.96626558805,ensemble
BTC,phase0,xgb,phase0_xgb,2026-02-06,2026-02-07,-0.0182134028127509,0.0023475673631765,0.007252852043039854,70555.390625,69281.96875,70721.21872749052,ensemble
BTC,phase0,xgb,phase0_xgb,2026-02-07,2026-02-08,0.0140852358847471,0.0213683899492025,0.004676435727304204,69281.96875,70264.7265625,70778.34349661185,ensemble
BTC,phase0,xgb,phase0_xgb,2026-02-08,2026-02-09,-0.0020507154219692,0.0023480576928704604,0.0022927048177875647,70264.7265625,70120.78125,70429.90604382707,ensemble
BTC,phase0,xgb,phase0_xgb,2026-02-09,2026-02-10,-0.0191032375898973,0.00530632920563216,0.002999766750629071,70120.78125,68793.9609375,70493.85414788747,ensemble
BTC,phase0,xgb,phase0_xgb,2026-02-10,2026-02-11,-0.0265432212123745,0.0059840327710844,0.004820112640983073,68793.9609375,66991.96875,69206.86042411861,ensemble
BTC,phase0,xgb,phase0_xgb,2026-02-11,2026-02-12,-0.011562368274835,-0.0037854739115573003,0.0022947924439561946,66991.96875,66221.84375,66738.85178610453,ensemble
BTC,phase0,xgb,phase0_xgb,2026-02-12,2026-02-13,0.0390337693571557,-0.0064748256700113,0.00374222928784529,66221.84375,68857.84375,65794.453986412,ensemble
BTC,phase0,xgb,phase0_xgb,2026-02-13,2026-02-14,0.0131259330678483,-0.0003784977074246999,0.003616126996784212,68857.84375,69767.625,68831.78614568526,ensemble
BTC,phase0,xgb,phase0_xgb,2026-02-14,2026-02-15,-0.0141380400688788,0.009781394992023639,0.0046178665410375195,69767.625,68788.1875,70453.39813911197,ensemble
BTC,phase0,xgb,phase0_xgb,2026-02-15,2026-02-16,0.00079878247825,0.006753732543438621,0.0020753427893694188,68788.1875,68843.15625,69254.33687274982,ensemble
BTC,phase0,xgb,phase0_xgb,2026-02-16,2026-02-17,-0.0197888733002862,0.0012538542086985923,0.002463186204034033,68843.15625,67494.21875,68929.52966972608,ensemble
BTC,phase0,xgb,phase0_xgb,2026-02-17,2026-02-18,-0.0159636322602148,-1.884935009003663e-05,0.0012818374008908315,67494.21875,66425.3203125,67492.94653983193,ensemble
BTC,phase0,xgb,phase0_xgb,2026-02-18,2026-02-19,0.0079801259947047,0.012660801503807278,0.0050386442060966425,66425.3203125,66957.5234375,67271.6645002579,ensemble
BTC,phase0,xgb,phase0_xgb,2026-02-19,2026-02-20,0.0155289956566322,0.0060683919116854,0.002760704016976764,66957.5234375,68005.421875,67365.08329692036,ensemble
BTC,phase0,xgb,phase0_xgb,2026-02-20,2026-02-21,-2.4354972344490844e-05,0.00436246879398818,0.0017340840810918191,68005.421875,68003.765625,68302.74145792561,ensemble
BTC,phase0,xgb,phase0_xgb,2026-02-21,2026-02-22,-0.005076923598302,-0.00125968772917984,0.0015742268716316629,68003.765625,67659.390625,67918.15604789159,ensemble
BTC,phase0,xgb,phase0_xgb,2026-02-22,2026-02-23,-0.0460126731356427,-0.011604938842356161,0.001843914678517043,67659.390625,64616.73828125,66878.74596253323,ensemble
BTC,phase0,xgb,phase0_xgb,2026-02-23,2026-02-24,-0.0083405104387447,-0.007144904974848,0.002651541766548582,64616.73828125,64080.04296875,64156.703236835885,ensemble
BTC,phase0,xgb,phase0_xgb,2026-02-24,2026-02-25,0.0587881628108732,0.0042161925695836005,0.00146860729828902,64080.04296875,67960.125,64350.78712345156,ensemble
BTC,phase0,xgb,phase0_xgb,2026-02-25,2026-02-26,-0.0074786108124004,0.03679669797420496,0.004134840323363119,67960.125,67453.7734375,70507.41165097173,ensemble
BTC,phase0,xgb,phase0_xgb,2026-02-26,2026-02-27,-0.0235803453997585,-0.0037189972819759998,0.001664141037207796,67453.7734375,65881.796875,67203.37893426462,ensemble
BTC,phase0,xgb,phase0_xgb,2026-02-27,2026-02-28,0.0167686372009838,-0.009874367527663661,0.0023946842737219325,65881.796875,66995.859375,65234.45709452346,ensemble
BTC,phase0,xgb,phase0_xgb,2026-02-28,2026-03-01,-0.0189521272552437,-0.007619924191385461,0.0038509489128625467,66995.859375,65738.1015625,66487.29607306332,ensemble
BTC,phase0,xgb,phase0_xgb,2026-03-01,2026-03-02,0.0451739987422587,0.00533952042460438,0.0020355718035039902,65738.1015625,68775.8515625,66090.05028096789,ensemble
BTC,phase0,xgb,phase0_xgb,2026-03-02,2026-03-03,-0.0070359214012543,0.01043038722127672,0.0019597704077775036,68775.8515625,68293.6484375,69496.96453186322,ensemble
BTC,phase0,xgb,phase0_xgb,2026-03-03,2026-03-04,0.0626701105436228,-0.00726292505860322,0.002812012285949557,68293.6484375,72710.578125,67799.4336817738,ensemble
BTC,phase0,xgb,phase0_xgb,2026-03-04,2026-03-05,-0.026047184090688,0.00026852109003810005,0.003608605374157371,72710.578125,70841.125,72730.10507027642,ensemble
BTC,phase0,xgb,phase0_xgb,2026-03-05,2026-03-06,-0.0389267622298537,-0.00297586551459972,0.005160410703030641,70841.125,68136.4921875,70630.62470472707,ensemble
BTC,phase0,xgb,phase0_xgb,2026-03-06,2026-03-07,-0.0127600028163738,0.0017459823749959198,0.0023477659745803534,68136.4921875,67272.59375,68255.56121791965,ensemble
BTC,phase0,xgb,phase0_xgb,2026-03-07,2026-03-08,-0.0195561512724631,-0.00889996495097868,0.003495978861000722,67272.59375,65969.78125,66676.52644702078,ensemble
BTC,phase0,xgb,phase0_xgb,2026-03-08,2026-03-09,0.0362108831336739,-0.0157137313857674,0.00549226476876934,65969.78125,68402.3828125,64941.252007709874,ensemble
BTC,phase0,xgb,phase0_xgb,2026-03-09,2026-03-10,0.0220430630536829,0.0008908017363864599,0.0012007991433901283,68402.3828125,69926.921875,68463.3429215367,ensemble
BTC,phase0,xgb,phase0_xgb,2026-03-10,2026-03-11,0.0039671408310243,-0.00046915444545448,0.004770556344829458,69926.921875,70204.8828125,69894.12304320587,ensemble
BTC,phase0,xgb,phase0_xgb,2026-03-11,2026-03-12,0.0041020885103588,-0.00206511750584464,0.003637496552186393,70204.8828125,70493.4609375,70060.05107875464,ensemble
BTC,phase0,xgb,phase0_xgb,2026-03-12,2026-03-13,0.0067128612385433,-0.007023443281650499,0.0016729368312986405,70493.4609375,70968.265625,70000.08872686539,ensemble
BTC,phase0,xgb,phase0_xgb,2026-03-13,2026-03-14,0.0034653905327112,0.001659297956211928,0.0019280121882399152,70968.265625,71214.625,71086.12087455422,ensemble
BTC,phase0,xgb,phase0_xgb,2026-03-14,2026-03-15,0.0218791978790222,-0.010409248061478079,0.0018598878967618889,71214.625,72789.9140625,70477.17909013398,ensemble
BTC,phase0,xgb,phase0_xgb,2026-03-15,2026-03-16,0.0280568061089276,-0.00232300177449358,0.0032455224303196296,72789.9140625,74861.0859375,72621.01921043922,ensemble
BTC,phase0,xgb,phase0_xgb,2026-03-16,2026-03-17,-0.012617278563279,-0.0061163889244198405,0.002154309711761266,74861.0859375,73922.4765625,74404.60385466977,ensemble
BTC,phase0,xgb,phase0_xgb,2026-03-17,2026-03-18,-0.0368841742334174,0.00891147190704936,0.0024439339182090783,73922.4765625,71245.578125,74584.17862631605,ensemble
BTC,phase0,xgb,phase0_xgb,2026-03-18,2026-03-19,-0.0188841610476273,-0.01006162781268352,0.0008722557212910452,71245.578125,69912.7890625,70532.32589110828,ensemble
BTC,phase0,xgb,phase0_xgb,2026-03-19,2026-03-20,0.0086844316474486,-0.01485893484205002,0.0031743229510981393,69912.7890625,70522.5859375,68881.63935043529,ensemble
BTC,phase0,xgb,phase0_xgb,2026-03-20,2026-03-21,-0.0260161056310177,0.00053369340021162,0.0015244128642131797,70522.5859375,68711.5234375,70560.23342139396,ensemble
BTC,phase0,xgb,phase0_xgb,2026-03-21,2026-03-22,-0.0126881200860849,0.00331817634578324,0.00206321661220743,68711.5234375,67845.2109375,68939.89907503204,ensemble
BTC,phase0,xgb,phase0_xgb,2026-03-22,2026-03-23,0.044251193034697,0.0017591591808013602,0.00288437000592145,67845.2109375,70914.859375,67964.66650306554,ensemble
BTC,phase0,xgb,phase0_xgb,2026-03-23,2026-03-24,-0.0056139915316955,-0.01788387428969142,0.0038554681258642456,70914.859375,70517.859375,69657.90009676456,ensemble
BTC,phase0,xgb,phase0_xgb,2026-03-24,2026-03-25,0.0111689244808132,0.0078620651736855,0.0010670966172154094,70517.859375,71309.8828125,71074.46053154652,ensemble
BTC,phase0,xgb,phase0_xgb,2026-03-25,2026-03-26,-0.0359529188074161,0.00106863365508616,0.001992385266085941,71309.8828125,68791.625,71386.12768487619,ensemble
BTC,phase0,xgb,phase0_xgb,2026-03-26,2026-03-27,-0.0363134696852071,0.00920459590852254,0.0008729466146465849,68791.625,66338.375,69427.74724285277,ensemble
BTC,phase0,xgb,phase0_xgb,2026-03-27,2026-03-28,-0.0002816215791388,-0.00305545371957118,0.0005497098534596938,66338.375,66319.6953125,66135.99051102744,ensemble
BTC,phase0,xgb,phase0_xgb,2026-03-28,2026-03-29,-0.0055154098337006,-0.00405743611045178,0.0019625714619918985,66319.6953125,65954.921875,66051.15255186544,ensemble
BTC,phase0,xgb,phase0_xgb,2026-03-29,2026-03-30,0.0111051817312093,-0.006758782453834961,0.004283881417187195,65954.921875,66691.4453125,65510.64996611444,ensemble
BTC,phase0,xgb,phase0_xgb,2026-03-30,2026-03-31,0.0228562101625793,-0.00631812736392018,0.0025499599494953865,66691.4453125,68233.3125,66271.40858697331,ensemble
BTC,phase0,xgb,phase0_xgb,2026-03-31,2026-04-01,-0.0022706442540199,0.008073233673348959,0.003150041480709146,68233.3125,68078.5546875,68786.40559694603,ensemble
BTC,phase0,xgb,phase0_xgb,2026-04-01,2026-04-02,-0.0176341492288758,0.00959282917901868,0.0020391296597823886,68078.5546875,66888.5703125,68734.7630485821,ensemble
BTC,phase0,xgb,phase0_xgb,2026-04-02,2026-04-03,0.0006356502125007,0.00855295937508342,0.0016899832229959803,66888.5703125,66931.1015625,67463.11908067847,ensemble
BTC,phase0,xgb,phase0_xgb,2026-04-03,2026-04-04,0.0053555444955297,-0.00011145641328767996,0.0016995925685616932,66931.1015625,67290.515625,66923.64207769388,ensemble
BTC,phase0,xgb,phase0_xgb,2026-04-04,2026-04-05,0.0248248287948484,0.00676178084686394,0.0020926225277296895,67290.515625,68981.8984375,67747.0611355723,ensemble
BTC,phase0,xgb,phase0_xgb,2026-04-05,2026-04-06,-0.0017711667933321,-0.00434482377022502,0.004844056886058108,68981.8984375,68859.828125,68682.83440617437,ensemble
BTC,phase0,xgb,phase0_xgb,2026-04-06,2026-04-07,0.0437692500886501,-0.0003038424474653,0.001851259167807751,68859.828125,71940.703125,68838.90876454624,ensemble
BTC,phase0,xgb,phase0_xgb,2026-04-07,2026-04-08,-0.0114263865929017,0.00066733445273712,0.0020721977007661613,71940.703125,71123.359375,71988.72765717965,ensemble
BTC,phase0,xgb,phase0_xgb,2026-04-08,2026-04-09,0.0090204739879136,0.0036777400411664996,0.00015746472728063004,71123.359375,71767.828125,71385.41419100622,ensemble
BTC,phase0,xgb,phase0_xgb,2026-04-09,2026-04-10,0.0167360714535282,0.01702413316816086,0.004304345245668084,71767.828125,72979.046875,73000.07237255012,ensemble
BTC,phase0,xgb,phase0_xgb,2026-04-10,2026-04-11,0.0010302658186926,0.00102334312396124,0.0019452355478273278,72979.046875,73054.2734375,73053.76770681667,ensemble
BTC,phase0,xgb,phase0_xgb,2026-04-11,2026-04-12,-0.0320019564160111,-0.00552869709208602,0.002009084898050486,73054.2734375,70753.40625,72651.49294002923,ensemble
BTC,phase0,xgb,phase0_xgb,2026-04-12,2026-04-13,0.0513922577822332,0.00459566731005904,0.0006533481043193322,70753.40625,74484.640625,71079.31367362372,ensemble
BTC,phase0,xgb,phase0_xgb,2026-04-13,2026-04-14,-0.0040766706589971,-0.01041106116026636,0.003117040773084281,74484.640625,74181.609375,73713.19920589513,ensemble
BTC,phase0,xgb,phase0_xgb,2026-04-14,2026-04-15,0.0083695046837294,-0.0010929843090707,0.0012118566904652968,74181.609375,74805.078125,74100.57433301334,ensemble
BTC,phase0,xgb,phase0_xgb,2026-04-15,2026-04-16,0.0046287244870706,0.007336558401584601,0.003012555017075562,74805.078125,75152.1328125,75355.90807675062,ensemble
BTC,phase0,xgb,phase0_xgb,2026-04-16,2026-04-17,0.025937296578403,0.0067297015339135595,0.001858181256271025,75152.1328125,77126.875,75659.58983794773,ensemble
BTC,phase0,xgb,phase0_xgb,2026-04-17,2026-04-18,-0.0183274450765037,-0.00891948118805882,0.0018944805412175383,77126.875,75726.2109375,76442.00218497642,ensemble
BTC,phase0,xgb,phase0_xgb,2026-04-18,2026-04-19,-0.0250023364949234,-4.939060891046008e-05,0.0029961529680558427,75726.2109375,73856.3515625,75722.47086619427,ensemble
BTC,phase0,xgb,phase0_xgb,2026-04-19,2026-04-20,0.026932597272259,-0.00930517259985206,0.001527891260089545,73856.3515625,75872.5234375,73172.29304075286,ensemble
BTC,phase0,xgb,phase0_xgb,2026-04-20,2026-04-21,0.0063097475019448,-0.00576430484652516,0.006155192482006754,75872.5234375,76352.7734375,75436.42918056615,ensemble
BTC,phase0,xgb,phase0_xgb,2026-04-21,2026-04-22,0.0239449523733436,0.00789785115048286,0.0008430095824650042,76352.7734375,78203.1015625,76958.18385077771,ensemble
BTC,phase0,xgb,phase0_xgb,2026-04-22,2026-04-23,0.0008417038623198,-0.0176129888743162,0.006097212112325576,78203.1015625,78268.953125,76837.77028267158,ensemble
BTC,phase0,xgb,phase0_xgb,2026-04-23,2026-04-24,-0.0104498554007011,0.0042234585853293,0.002756128393834083,78268.953125,77455.3125,78600.21785606284,ensemble
BTC,phase0,xgb,phase0_xgb,2026-04-24,2026-04-25,0.002021098580043,0.0068628460168838005,0.00127956096755727,77455.3125,77612.015625,77988.70458324156,ensemble
BTC,phase0,xgb,phase0_xgb,2026-04-25,2026-04-26,0.0133812250281389,0.00349472186062478,0.00158222137349778,77612.015625,78657.5390625,77883.72252614392,ensemble
BTC,phase0,xgb,phase0_xgb,2026-04-26,2026-04-27,-0.0165479947079337,0.00024714549072088,0.001424328527778292,78657.5390625,77366.625,78676.9813210248,ensemble
BTC,phase0,xgb,phase0_xgb,2026-04-27,2026-04-28,-0.0132186544907372,0.00217607058584686,0.0013625612127414338,77366.625,76350.671875,77535.16354636893,ensemble
BTC,phase0,xgb,phase0_xgb,2026-04-28,2026-04-29,-0.0075534590417408,-0.0035400609136558596,0.0024702913390403057,76350.671875,75776.1328125,76080.86369622819,ensemble
BTC,phase0,xgb,phase0_xgb,2026-04-29,2026-04-30,0.0069461868751349,0.00029488935251720006,0.001307129770351449,75776.1328125,76304.3203125,75798.48168230125,ensemble
BTC,phase0,xgb,phase0_xgb,2026-04-30,2026-05-01,0.0242715098940353,-0.0027085791924037,0.0028353651043945406,76304.3203125,78179.0,76097.92366522718,ensemble
BTC,phase0,xgb,phase0_xgb,2026-05-01,2026-05-02,0.0060987365147835,0.00387323880568142,0.001013792030635843,78179.0,78657.25,78482.39311428987,ensemble
BTC,phase0,xgb,phase0_xgb,2026-05-02,2026-05-03,-0.0015143369624661,0.0016190099035156599,0.0017749861708223856,78657.25,78538.2265625,78784.70001030849,ensemble
BTC,phase0,xgb,phase0_xgb,2026-05-03,2026-05-04,0.0162876768649081,0.00520400409586722,0.0018296267669076953,78538.2265625,79827.90625,78948.00513510866,ensemble
BTC,phase0,xgb,phase0_xgb,2026-05-04,2026-05-05,0.0136750438065225,0.00147249826113686,0.0009016873021350042,79827.90625,80927.0546875,79945.53928911126,ensemble
BTC,phase0,xgb,phase0_xgb,2026-05-05,2026-05-06,0.0061652480572739,-0.0057676768861710595,0.0018714482790920175,80927.0546875,81427.53125,80461.63706416552,ensemble
BTC,phase0,xgb,phase0_xgb,2026-05-06,2026-05-07,-0.0175619083509024,-0.0012945967726409,0.0023838843835339283,81427.53125,80009.9921875,81322.18363689298,ensemble
BTC,phase0,xgb,phase0_xgb,2026-05-07,2026-05-08,0.0022069548930199,-0.00293203408364202,0.001769227141942284,80009.9921875,80186.765625,79775.74374340141,ensemble
BTC,phase0,xgb,phase0_xgb,2026-05-08,2026-05-09,0.0059384470311886,0.00126645652344446,0.0007552684797396248,80186.765625,80664.3671875,80288.38301083818,ensemble
BTC,phase0,xgb,phase0_xgb,2026-05-09,2026-05-10,0.018115146956791,0.00127788332756604,0.0004861801759726002,80664.3671875,82138.9296875,80767.51272740417,ensemble
BTC,phase0,xgb,phase0_xgb,2026-05-10,2026-05-11,-0.0050117852194884,0.00526095193927174,0.0034985344096497163,82138.9296875,81728.296875,82572.19734978571,ensemble
BTC,phase0,xgb,phase0_xgb,2026-05-11,2026-05-12,-0.0154227477056674,0.0009380409632285541,0.0018083288170151156,81728.296875,80477.4921875,81804.99733378558,ensemble
BTC,phase0,xgb,phase0_xgb,2026-05-12,2026-05-13,-0.0150280182312355,-0.00129474895365998,0.001865354287829085,80477.4921875,79277.1171875,80373.36146481601,ensemble
BTC,phase0,xgb,phase0_xgb,2026-05-13,2026-05-14,0.0221321436988218,-0.0008716435559108397,0.001959820711997747,79277.1171875,81051.25,79208.04590631404,ensemble
BTC,phase0,xgb,phase0_xgb,2026-05-14,2026-05-15,-0.0248027751369673,0.00248461873270566,0.0010674695383113483,81051.25,79065.6796875,81252.8818394536,ensemble
BTC,phase0,xgb,phase0_xgb,2026-05-15,2026-05-16,-0.0118863908425741,-0.0004962495993822401,0.0011537685561051618,79065.6796875,78131.4375,79026.453109522,ensemble
BTC,phase0,xgb,phase0_xgb,2026-05-16,2026-05-17,-0.0090265767978541,-0.0021279932232572997,0.0006966235261927764,78131.4375,77429.3515625,77965.35110850928,ensemble
BTC,phase0,xgb,phase0_xgb,2026-05-17,2026-05-18,-0.0061558536491211,-0.0006668476969935,0.0021497219145378017,77429.3515625,76954.171875,77377.73518977324,ensemble
BTC,phase0,xgb,phase0_xgb,2026-05-18,2026-05-19,-0.0026448799997123,0.0006735345465130801,0.002378971628988621,76954.171875,76750.90625,77006.02062725894,ensemble
BTC,phase0,xgb,phase0_xgb,2026-05-19,2026-05-20,0.0091677347836148,0.006937381206080261,0.0026142720818138412,76750.90625,77457.7734375,77285.20772821468,ensemble
BTC,phase0,xgb,phase0_xgb,2026-05-20,2026-05-21,0.0010503232153248,-0.00758470296859738,0.0017299874236455343,77457.7734375,77539.171875,76872.50159568251,ensemble
BTC,phase0,xgb,phase0_xgb,2026-05-21,2026-05-22,-0.0268063407026221,-0.00376648716628546,0.0024274182430608104,77539.171875,75488.2421875,77247.6708912186,ensemble
BTC,phase0,xgb,phase0_xgb,2026-05-22,2026-05-23,0.0155775030224184,0.0023457147413864,0.001609889092804686,75488.2421875,76673.3671875,75665.52391489198,ensemble
BTC,phase0,xgb,phase0_xgb,2026-05-23,2026-05-24,0.004005847400396,-0.0034635425661689997,0.0019530167528375448,76673.3671875,76981.125,76408.26507779176,ensemble
BTC,phase0,xgb,phase0_xgb,2026-05-24,2026-05-25,0.0038740181286936,-0.0014163505809847,0.002520409880829588,76981.125,77279.9296875,76872.16991639348,ensemble
BTC,phase0,xgb,phase0_xgb,2026-05-25,2026-05-26,-0.0189965414050318,0.0004447959327080667,0.0012478613476858073,77279.9296875,75825.734375,77314.31113170138,ensemble
BTC,phase0,xgb,phase0_xgb,2026-05-26,2026-05-27,-0.0197253107241087,0.00166264710715036,0.0006368991698632076,75825.734375,74344.703125,75951.91067717128,ensemble
BTC,phase0,xgb,phase0_xgb,2026-05-27,2026-05-28,-0.0109298026618873,-7.109431317076e-05,0.002542889071145194,74344.703125,73536.5546875,74339.41782727298,ensemble
BTC,phase0,xgb,phase0_xgb,2026-05-28,2026-05-29,-0.0022330998228095,-0.00384243086446072,0.0016610929633767424,73536.5546875,73372.5234375,73254.53772242935,ensemble
BTC,phase0,xgb,phase0_xgb,2026-05-29,2026-05-30,0.0051970396549028,0.00222188215702768,0.0011083551532943903,73372.5234375,73754.8359375,73535.72978363352,ensemble
BTC,phase0,xgb,phase0_xgb,2026-05-30,2026-05-31,-0.0023775625144765,0.00218223648844282,0.0013943499795167574,73754.8359375,73579.6875,73915.96217551749,ensemble
BTC,phase0,xgb,phase0_xgb,2026-05-31,2026-06-01,-0.0311953863032946,0.004308649292215661,0.0025698629286099476,73579.6875,71319.7734375,73897.40053397375,ensemble
BTC,phase0,xgb,phase0_xgb,2026-06-01,2026-06-02,-0.0669138485252581,-0.00105827280785886,0.0021536463364365656,71319.7734375,66703.65625,71244.33758350526,ensemble
BTC,phase0,xgb,phase0_xgb,2026-06-02,2026-06-03,-0.0411522222901916,0.00829265192151064,0.0017999215269734927,66703.65625,64014.3671875,67259.10634723218,ensemble
BTC,phase0,xgb,phase0_xgb,2026-06-03,2026-06-04,-0.0033296811494371,0.00830167662352318,0.0031048212079600136,64014.3671875,63801.57421875,64548.00574575804,ensemble
BTC,phase0,xgb,phase0_xgb,2026-06-04,2026-06-05,-0.0461725426252123,0.00987715087831016,0.003214565588818782,63801.57421875,60922.66796875,64434.874445907044,ensemble
BTC,phase0,xgb,phase0_xgb,2026-06-05,2026-06-06,-0.0009073630482773,0.00638753077946598,0.0035932174905674383,60922.66796875,60867.4140625,61313.058875186965,ensemble
BTC,phase0,xgb,phase0_xgb,2026-06-06,2026-06-07,0.0382314561194156,0.014362663589417879,0.0028506493867057666,60867.4140625,63239.51953125,61747.940469877976,ensemble
BTC,phase0,xgb,phase0_xgb,2026-06-07,2026-06-08,-0.0023577871851843,0.0016939347609877201,0.003914800378659447,63239.51953125,63090.58984375,63346.73393311636,ensemble
BTC,phase0,xgb,phase0_xgb,2026-06-08,2026-06-09,-0.0231992749169722,-0.00410797018557782,0.0023735367993261867,63090.58984375,61643.78125,62831.94719355437,ensemble
BTC,phase0,xgb,phase0_xgb,2026-06-09,2026-06-10,-0.0031600860854061,0.0087392749264836,0.0013226472606167985,61643.78125,61449.2890625,62184.8640939583,ensemble
BTC,phase0,xgb,phase0_xgb,2026-06-10,2026-06-11,0.0337886685240648,0.0005949610378593,0.004704604657994011,61449.2890625,63561.0546875,61485.859873321344,ensemble
BTC,phase0,xgb,phase0_xgb,2026-06-11,2026-06-12,-0.0002809578486747,-0.0054943105205893005,0.0009605266265934924,63561.0546875,63543.19921875,63212.78813443006,ensemble
BTC,phase0,xgb,phase0_xgb,2026-06-12,2026-06-13,0.0137247224557035,-0.00134117475245146,0.00455877071831424,63543.19921875,64421.32421875,63458.03380788318,ensemble
BTC,phase0,xgb,phase0_xgb,2026-06-13,2026-06-14,0.0198124847553173,-0.0012923516856972,0.0027026806116462227,64421.32421875,65710.3984375,64338.12298600778,ensemble
BTC,phase0,xgb,phase0_xgb,2026-06-14,2026-06-15,0.0087743291428838,-0.00392145825608166,0.0025782509499529217,65710.3984375,66289.5,65453.22243508325,ensemble
BTC,phase0,xgb,phase0_xgb,2026-06-15,2026-06-16,-0.0104460520817153,0.00483279647305602,0.0017310446992098748,66289.5,65600.640625,66610.639036561,ensemble
BTC,phase0,xgb,phase0_xgb,2026-06-16,2026-06-17,-0.0181854515308644,2.3164623416940118e-05,0.0031688915331879314,65600.640625,64418.4453125,65602.16025673677,ensemble
BTC,phase0,xgb,phase0_xgb,2026-06-17,2026-06-18,-0.0239099264595433,-0.00544577919645228,0.004077482241152342,64418.4453125,62896.47265625,64068.59016471534,ensemble
BTC,phase0,xgb,phase0_xgb,2026-06-18,2026-06-19,0.0101927013006599,0.00686865579336878,0.0019426895838280957,62896.47265625,63540.8359375,63329.973958834875,ensemble
BTC,phase0,xgb,phase0_xgb,2026-06-19,2026-06-20,0.0109382377964082,0.0042518418980762,0.0022412889552294005,63540.8359375,64239.67578125,63811.576691544215,ensemble
BTC,phase0,xgb,phase0_xgb,2026-06-20,2026-06-21,-0.0157229253051467,0.0016315634478814602,0.0014983656231370276,64239.67578125,63237.5390625,64344.57243766407,ensemble
BTC,phase0,xgb,phase0_xgb,2026-06-21,2026-06-22,0.0112363538248423,0.004347567446529819,0.0010736601130845818,63237.5390625,63952.10546875,63513.06703295703,ensemble
BTC,phase0,xgb,phase0_xgb,2026-06-22,2026-06-23,-0.0202831889602721,0.01506545506417746,0.0009948580552446948,63952.10546875,62668.01953125,64922.867162373586,ensemble
BTC,phase0,xgb,phase0_xgb,2026-06-23,2026-06-24,-0.0270571911625371,-0.00425486280582838,0.0010055931779842596,62668.01953125,60995.1328125,62401.94216858725,ensemble
BTC,phase0,xgb,phase0_xgb,2026-06-24,2026-06-25,-0.0210990381164694,0.00554266236722466,0.002527461001836226,60995.1328125,59721.67578125,61334.14689210737,ensemble
BTC,phase0,xgb,phase0_xgb,2026-06-25,2026-06-26,0.004923319948585,0.00864646779373284,0.002420829593147898,59721.67578125,60016.4296875,60240.29621385217,ensemble
BTC,phase0,xgb,phase0_xgb,2026-06-26,2026-06-27,-0.0012726617424323,0.00387351647950704,0.0018882434995552218,60016.4296875,59940.09765625,60249.35514599979,ensemble
BTC,phase0,xgb,phase0_xgb,2026-06-27,2026-06-28,-0.0068259994404737,-0.00061542110051958,0.0024464604300242906,59940.09765625,59532.33984375,59903.22060400709,ensemble
BTC,phase0,xgb,phase0_xgb,2026-06-28,2026-06-29,0.0101285301835763,0.00909045990556476,0.003951609700755162,59532.33984375,60138.37890625,60075.98343358551,ensemble
BTC,phase0,xgb,phase0_xgb,2026-06-29,2026-06-30,-0.0266158302862621,-0.00770271988585586,0.002441071110527851,60138.37890625,58558.859375,59676.92930919375,ensemble
BTC,phase0,xgb,phase0_xgb,2026-06-30,2026-07-01,0.0243747988918137,0.0070203522220253405,0.0018087643585875989,58558.859375,60003.7578125,58971.40962316954,ensemble
BTC,phase0,xgb,phase0_xgb,2026-07-01,2026-07-02,0.0243909440883905,-0.0017480939975939602,0.0022526655215819283,60003.7578125,61485.30078125,59898.95723095641,ensemble
BTC,phase0,xgb,phase0_xgb,2026-07-02,2026-07-03,0.0170753597454698,0.01563365384936328,0.001971177019889601,61485.30078125,62544.19921875,62454.093846299555,ensemble
BTC,phase0,xgb,phase0_xgb,2026-07-03,2026-07-04,0.0086619123839713,-0.0030573366209864,0.0003339837091642009,62544.19921875,63088.3046875,62353.27256030147,ensemble
BTC,phase0,xgb,phase0_xgb,2026-07-04,2026-07-05,0.0072582750905089,0.0016220018093008,0.0015177306271378457,63088.3046875,63547.8828125,63190.71706592742,ensemble
BTC,phase0,xgb,phase0_xgb,2026-07-05,2026-07-06,0.0070115176898403,0.0013368392203119601,0.004668821083473467,63547.8828125,63995.015625,63632.892924376974,ensemble
BTC,phase0,xgb,phase0_xgb,2026-07-06,2026-07-07,-0.0109610318081771,-0.00348203338216986,0.0017358614216011175,63995.015625,63297.39453125,63772.57034999206,ensemble
BTC,phase0,xgb,phase0_xgb,2026-07-07,2026-07-08,-0.0165639655193486,-0.00494006616063412,0.001601287255208413,63297.39453125,62257.57421875,62985.47230703433,ensemble
BTC,phase0,xgb,phase0_xgb,2026-07-08,2026-07-09,0.0149156823369863,-0.00814723987132308,0.0023893186163209358,62257.57421875,63193.1484375,61752.407479389854,ensemble
BTC,phase0,xgb,phase0_xgb,2026-07-09,2026-07-10,0.0146718005231559,0.00424080155789848,0.0012805128045611529,63193.1484375,64127.140625,63461.707089328105,ensemble
BTC,phase0,xgb,phase0_xgb,2026-07-10,2026-07-11,-0.0050827186063555,-0.0025283782451879,0.0017255464778314711,64127.140625,63802.02734375,63965.207757752636,ensemble
BTC,phase0,xgb,phase0_xgb,2026-07-11,2026-07-12,-0.0006868690961942,-0.0002181148549425419,0.0016636150253435268,63802.02734375,63758.21875,63788.112691362236,ensemble
BTC,phase0,xgb,phase0_xgb,2026-07-12,2026-07-13,-0.0241143387714378,0.0030363627709448,0.0013928364800191743,63758.21875,62239.12109375,63952.10603886514,ensemble
BTC,phase0,xgb,phase0_xgb,2026-07-13,2026-07-14,0.0427281030442609,0.008623715303838179,0.001152173011665402,62239.12109375,64956.11328125,62778.174535821956,ensemble
BTC,phase0,xgb,phase0_xgb,2026-07-14,2026-07-15,-0.0037594109647903,0.0018420712520309632,0.0015380213334778166,64956.11328125,64712.375,65075.87734327136,ensemble
BTC,phase0,xgb,phase0_xgb,2026-07-15,2026-07-16,-0.0143672798551762,-0.00122501333244142,0.00194327257098138,64712.375,63789.28125,64633.15001359082,ensemble
BTC,phase0,xgb,phase0_xgb,2026-07-16,2026-07-17,0.0017257545646935,-0.0007366791316599236,0.0015432593231907903,63789.28125,63899.4609375,63742.306322528355,ensemble
BTC,phase0,xgb,phase0_xgb,2026-07-17,2026-07-18,0.0139422316447508,-0.0037626751232891593,0.001191085940306117,63899.4609375,64796.6015625,63659.47979411019,ensemble
BTC,phase0,xgb,phase0_xgb,2026-07-18,2026-07-19,-0.0016340878484766,0.0028787402057787,0.002435103721444891,64796.6015625,64690.8046875,64983.40289186032,ensemble
BTC,phase0,xgb,phase0_xgb,2026-07-19,2026-07-20,0.0083008358863908,0.00619979412294918,0.0038710489545852856,64690.8046875,65230.02734375,65093.12020624045,ensemble
BTC,phase0,xgb,phase0_xgb,2026-07-20,2026-07-21,0.0193591073637143,0.008662422839552101,0.0035183544695071814,65230.02734375,66505.125,65797.53185578491,ensemble
BTC,phase0,xgb,phase0_xgb,2026-07-21,2026-07-22,-0.0060982099788692,-0.0032920435070991003,0.0007055689358850402,66505.125,66100.796875,66286.54721624579,ensemble
BTC,phase0,xgb,phase0_xgb,2026-07-22,2026-07-23,-0.016104346952909,0.00590242715552444,0.0012612620731293441,66100.796875,65044.8125,66492.10571337854,ensemble
BTC,phase0,xgb,phase0_xgb,2026-07-23,2026-07-24,-0.0146555536542276,0.00134959699353198,0.0011274112224482053,65044.8125,64098.49609375,65132.65604675488,ensemble
BTC,phase0,xgb,phase0_xgb,2026-07-24,2026-07-25,0.003322421771433,-0.00052298522787166,0.0004700795251955329,64098.49609375,64311.8125,64064.982291539796,ensemble
BTC,phase0,xgb,phase0_xgb,2026-07-25,2026-07-26,0.0158656859403964,0.00179776647128158,0.000944455762581554,64311.8125,65340.30078125,64427.534109267086,ensemble
BTC,phase0,xgb,phase0_xgb,2026-07-26,2026-07-27,-0.0250336529885953,0.00196943296759852,0.0015491262709825182,65340.30078125,63724.8984375,65469.11092355751,ensemble
BTC,phase0,xgb,phase0_xgb,2026-07-27,2026-07-28,0.0022957554728576,0.00473623978905376,0.000987224852544755,63724.8984375,63871.36328125,64027.43070417993,ensemble
BTC,phase0,xgb,phase0_xgb,2026-07-28,2026-07-29,0.0005760654802496,0.0017538033571326598,0.0021413693121800233,63871.36328125,63908.16796875,63983.47937865384,ensemble
BTC,phase0,xgb,phase0_xgb,2026-07-29,2026-07-30,0.0127051159419568,0.0024648890073876205,0.0013710365712026535,63908.16796875,64725.30859375,64065.8888117895,ensemble
BTC,phase0,xgb,phase0_xgb,2026-07-30,2026-07-31,-0.0299783570286374,-0.0032453067833557196,0.001197227584418739,64725.30859375,62813.74609375,64515.5955862971,ensemble
BTC,phase0,xgb,phase0_xgb,2026-07-31,2026-08-01,-0.0008031049841085,0.0006933100172318199,0.0018095313885618503,62813.74609375,62763.3203125,62857.310593243565,ensemble
BTC,phase0,xgb,phase0_xgb,2026-08-01,2026-08-02,0.0113855697670751,0.00341925504617388,0.0003408031564489564,62763.3203125,63482.0,62978.29142327976,ensemble
BTC,phase0,xgb,phase0_xgb,2026-08-02,2026-08-03,-0.0003324575530272,0.007784618437290139,0.0009019271067045146,63482.0,63460.8984375,63978.11166225942,ensemble
BTC,phase0,xgb,phase0_xgb,2026-08-03,2026-08-04,0.0093330253934836,0.00651766937226052,0.0017390878656101032,63460.8984375,64055.953125,63875.86643469898,ensemble
BTC,phase0,xgb,phase0_xgb,2026-08-04,2026-08-05,0.0084187413608024,-0.00323368468089026,0.0031087538263158206,64055.953125,64597.5,63849.150917431136,ensemble
BTC,phase0,xgb,phase0_xgb,2026-08-05,2026-08-06,-0.0052054707838791,-0.01027088724076742,0.0018923275611526966,64597.5,64262.11328125,63937.42195772341,ensemble
BTC,phase0,xgb,phase0_xgb,2026-08-06,2026-08-07,0.0095721203953674,-0.0009317893476690799,0.0019058188636276296,64262.11328125,64880.19140625,64202.262417164995,ensemble
BTC,phase0,xgb,phase0_xgb,2026-08-07,2026-08-08,0.0003774876433575,0.00304665528237812,0.0016291682826305603,64880.19140625,64904.6875,65078.16040263305,ensemble
BTC,phase0,xgb,phase0_xgb,2026-08-08,2026-08-09,-0.0009217877722439,0.00670310994610184,0.0009986845915685846,64904.6875,64844.88671875,65341.212158237984,ensemble
BTC,phase0,xgb,phase0_xgb,2026-08-09,2026-08-10,-0.0145130480455691,0.0009252882620785399,0.0020311775101999434,64844.88671875,63910.5859375,64904.914698596454,ensemble
BTC,phase0,xgb,phase0_xgb,2026-08-10,2026-08-11,-0.0056285102588139,0.00607938133180138,0.002082063382902217,63910.5859375,63551.875,64300.30618926335,ensemble
BTC,phase0,xgb,phase0_xgb,2026-08-11,2026-08-12,-0.0023542560615523,0.011155388318002179,0.0016363084415622897,63551.875,63402.43359375,64264.78987200799,ensemble
BTC,phase0,xgb,phase0_xgb,2026-08-12,2026-08-13,-4.127906065128786e-06,-0.00199650478898542,0.001362065888046345,63402.43359375,63402.171875,63275.97660943926,ensemble
BTC,phase0,xgb,phase0_xgb,2026-08-13,2026-08-14,-0.0067508670210942,0.00570500679314132,0.0010285111273232968,63402.171875,62975.59375,63764.91543964321,ensemble
BTC,phase0,xgb,phase0_xgb,2026-08-14,2026-08-15,0.0007734380660748,0.0007048928295261801,0.0015384200787023365,62975.59375,63024.3203125,63020.00044361078,ensemble
BTC,phase0,xgb,phase0_xgb,2026-08-15,2026-08-16,-0.0032686473868631,0.00473039196804158,0.0017141230550198174,63024.3203125,62818.65234375,63323.15629952949,ensemble
BTC,phase0,xgb,phase0_xgb,2026-08-16,2026-08-17,0.0265101376702319,-0.0010338681895518402,0.0008514137052845568,62818.65234375,64506.25390625,62753.73969872268,ensemble
BTC,phase0,xgb,phase0_xgb,2026-08-17,2026-08-18,0.0027008473728006,-0.0027616163055426686,0.002236016929042429,64506.25390625,64680.7109375,64328.358136642564,ensemble
BTC,phase0,xgb,phase0_xgb,2026-08-18,2026-08-19,0.0684938460027011,-0.0014853182947262601,0.0039063003000001,64680.7109375,69266.1875,64584.71080725289,ensemble
BTC,phase0,xgb,phase0_xgb,2026-08-19,2026-08-20,0.052951205389763,-0.01066120602190488,0.0035482475833475253,69266.1875,73032.7578125,68531.648895778,ensemble
BTC,phase0,xgb,phase0_xgb,2026-08-20,2026-08-21,0.0700888177551632,0.01811308152973648,0.0010206687384624765,73032.7578125,78335.1875,74367.65920152761,ensemble
BTC,phase0,xgb,phase0_xgb,2026-08-21,2026-08-22,-0.0161087603875064,0.011511155404150441,0.0013915247181030413,78335.1875,77083.4140625,79242.12595709026,ensemble
BTC,phase0,xgb,phase0_xgb,2026-08-22,2026-08-23,0.0086781388253158,0.00297486740164458,0.003995558291649129,77083.4140625,77755.265625,77313.06842447261,ensemble
BTC,phase0,xgb,phase0_xgb,2026-08-23,2026-08-24,0.0154319126625293,0.011321956757456019,0.0034719170659057363,77755.265625,78964.484375,78640.60983708687,ensemble
BTC,phase0,xgb,phase0_xgb,2026-08-24,2026-08-25,-0.0050721771868308,0.0024507916532456797,0.003279399151232691,78964.484375,78564.9765625,79158.24721339821,ensemble
BTC,phase0,xgb,phase0_xgb,2026-08-25,2026-08-26,0.0058688952570538,0.01803005076944822,0.0017322365065072741,78564.9765625,79027.421875,79994.35423264655,ensemble
BTC,phase0,xgb,phase0_xgb,2026-08-26,2026-08-27,0.0154457977224057,0.00183548952627458,0.00460972297096508,79027.421875,80257.5390625,79172.60908417936,ensemble
BTC,phase0,xgb,phase0_xgb,2026-08-27,2026-08-28,-0.0307100273130926,0.00037739963736385993,0.0038169044217420804,80257.5390625,77830.2890625,80287.83394491715,ensemble
BTC,phase0,xgb,phase0_xgb,2026-08-28,2026-08-29,0.0053246386227652,-0.0013112929911585798,0.0028332490785574985,77830.2890625,78245.8125,77728.29763488902,ensemble
BTC,phase0,xgb,phase0_xgb,2026-08-29,2026-08-30,-0.007417513856522,0.006980272475630001,0.002077704549835355,78245.8125,77667.5703125,78793.9002668772,ensemble
BTC,phase0,xgb,phase0_xgb,2026-08-30,2026-08-31,0.0112801594802717,0.00066223854664714,0.002819725219000616,77667.5703125,78548.6328125,77719.02180608615,ensemble
BTC,phase2_general,lstm,phase2_general_lstm,2025-10-31,2025-11-01,0.004624825172493,1.2603204231700004e-05,0.0008692800586426228,109556.1640625,110064.015625,109557.54482991155,ensemble
BTC,phase2_general,lstm,phase2_general_lstm,2025-11-01,2025-11-02,0.0052161412333197,-5.104238371131998e-05,0.0009512164670443623,110064.015625,110639.625,110058.39783865548,ensemble
BTC,phase2_general,lstm,phase2_general_lstm,2025-11-02,2025-11-03,-0.0376871829010099,-0.00010793406254377997,0.000999045667192428,110639.625,106547.5234375,110627.68386023489,ensemble
BTC,phase2_general,lstm,phase2_general_lstm,2025-11-03,2025-11-04,-0.0476408575376077,-0.00019813428516498,0.0010451926324342954,106547.5234375,101590.5234375,106526.41481134795,ensemble
BTC,phase2_general,lstm,phase2_general_lstm,2025-11-04,2025-11-05,0.0224000613217487,-0.00020611527143046,0.0010887232233118497,101590.5234375,103891.8359375,101569.58623699943,ensemble
BTC,phase2_general,lstm,phase2_general_lstm,2025-11-05,2025-11-06,-0.0252511824918507,-0.00024148912634699998,0.0011262579592725486,103891.8359375,101301.2890625,103866.75021789104,ensemble
BTC,phase2_general,lstm,phase2_general_lstm,2025-11-06,2025-11-07,0.020238925968734,-0.00026092386106028,0.001180670090340096,101301.2890625,103372.40625,101274.8605870873,ensemble
BTC,phase2_general,lstm,phase2_general_lstm,2025-11-07,2025-11-08,-0.0106032122142002,-0.0003275537979789,0.0012433813489579678,103372.40625,102282.1171875,103338.55177061094,ensemble
BTC,phase2_general,lstm,phase2_general_lstm,2025-11-08,2025-11-09,0.02355183969968,-0.00044793840497732006,0.0013219795426986517,102282.1171875,104719.640625,102236.31135893012,ensemble
BTC,phase2_general,lstm,phase2_general_lstm,2025-11-09,2025-11-10,0.0121202693364623,-0.00052242167294024,0.0014041807758370074,104719.640625,105996.59375,104664.94710293956,ensemble
BTC,phase2_general,lstm,phase2_general_lstm,2025-11-10,2025-11-11,-0.0287025464768418,-0.0006886818562633999,0.0014357409423696277,105996.59375,102997.46875,105923.62094946466,ensemble
BTC,phase2_general,lstm,phase2_general_lstm,2025-11-11,2025-11-12,-0.0130391466426769,-0.00085754317697136,0.0014596564569566222,102997.46875,101663.1875,102909.18183375981,ensemble
BTC,phase2_general,lstm,phase2_general_lstm,2025-11-12,2025-11-13,-0.0195247429765854,-0.00098864583997056,0.0014535072786055407,101663.1875,99697.4921875,101562.72828007748,ensemble
BTC,phase2_general,lstm,phase2_general_lstm,2025-11-13,2025-11-14,-0.0546228711365914,-0.00104104643687604,0.0015036992888633918,99697.4921875,94397.7890625,99593.75647470869,ensemble
BTC,phase2_general,lstm,phase2_general_lstm,2025-11-14,2025-11-15,0.0121231064987472,-0.00107121183536946,0.0015528182333764268,94397.7890625,95549.1484375,94296.72317477546,ensemble
BTC,phase2_general,lstm,phase2_general_lstm,2025-11-15,2025-11-16,-0.0144639384619225,-0.00110105192288756,0.0016283536583737448,95549.1484375,94177.078125,95444.00176048065,ensemble
BTC,phase2_general,lstm,phase2_general_lstm,2025-11-16,2025-11-17,-0.0223683827163435,-0.00109150976641102,0.0016040294723210248,94177.078125,92093.875,94074.33900503114,ensemble
BTC,phase2_general,lstm,phase2_general_lstm,2025-11-17,2025-11-18,0.0092411735633055,-0.00108536891057154,0.0016385320096975384,92093.875,92948.875,91993.97339607566,ensemble
BTC,phase2_general,lstm,phase2_general_lstm,2025-11-18,2025-11-19,-0.0160823776998089,-0.0009870059235254,0.0016585504251126818,92948.875,91465.9921875,92857.17916939799,ensemble
BTC,phase2_general,lstm,phase2_general_lstm,2025-11-19,2025-11-20,-0.0542991431316111,-0.0008902619745640248,0.0016284541961395656,91465.9921875,86631.8984375,91384.59972837113,ensemble
BTC,phase2_general,lstm,phase2_general_lstm,2025-11-20,2025-11-21,-0.0179504904722895,-0.0007254724194353598,0.0016206095035957806,86631.8984375,85090.6875,86569.0721766555,ensemble
BTC,phase2_general,lstm,phase2_general_lstm,2025-11-21,2025-11-22,-0.0052118723936807,-0.00064840155246198,0.0015981549959326127,85090.6875,84648.359375,85035.53244936754,ensemble
BTC,phase2_general,lstm,phase2_general_lstm,2025-11-22,2025-11-23,0.0251585865790003,-0.00064331277390008,0.0015590183573945594,84648.359375,86805.0078125,84593.92151628675,ensemble
BTC,phase2_general,lstm,phase2_general_lstm,2025-11-23,2025-11-24,0.0167423578108394,-0.00067582796909844,0.0015184282799224626,86805.0078125,88270.5625,86746.36237970654,ensemble
BTC,phase2_general,lstm,phase2_general_lstm,2025-11-24,2025-11-25,-0.0105764769567544,-0.0007852289534639401,0.001458551310976294,88270.5625,87341.890625,88201.27710459573,ensemble
BTC,phase2_general,lstm,phase2_general_lstm,2025-11-25,2025-11-26,0.0357225879133364,-0.00088044108124446,0.0013907894804945319,87341.890625,90518.3671875,87265.0250791377,ensemble
BTC,phase2_general,lstm,phase2_general_lstm,2025-11-26,2025-11-27,0.0084378061084954,-0.00096222887514154,0.0013031412201780998,90518.3671875,91285.375,90431.3096921965,ensemble
BTC,phase2_general,lstm,phase2_general_lstm,2025-11-27,2025-11-28,-0.0040186667744196,-0.0010404945234768,0.0012144779515329393,91285.375,90919.265625,91190.4424641955,ensemble
BTC,phase2_general,lstm,phase2_general_lstm,2025-11-28,2025-11-29,-0.0007427786269465,-0.00109994215890762,0.0011462035258409746,90919.265625,90851.7578125,90819.31467189305,ensemble
BTC,phase2_general,lstm,phase2_general_lstm,2025-11-29,2025-11-30,-0.0050477925731327,-0.00113724794937296,0.0010981399897836484,90851.7578125,90394.3125,90748.49556574936,ensemble
BTC,phase2_general,lstm,phase2_general_lstm,2025-11-30,2025-12-01,-0.046101838054076,-0.00115735667059196,0.001079752044446447,90394.3125,86321.5703125,90289.75455653227,ensemble
BTC,phase2_general,lstm,phase2_general_lstm,2025-12-01,2025-12-02,0.0566209938703037,-0.0011754736886359402,0.0011444805990530236,86321.5703125,91350.203125,86220.16119138949,ensemble
BTC,phase2_general,lstm,phase2_general_lstm,2025-12-02,2025-12-03,0.0235582620118316,-0.00117517979815598,0.0011936107092172434,91350.203125,93527.8046875,91242.91326651488,ensemble
BTC,phase2_general,lstm,phase2_general_lstm,2025-12-03,2025-12-04,-0.0149319728659321,-0.00116331672761586,0.0012039398757884058,93527.8046875,92141.625,93419.06548913715,ensemble
BTC,phase2_general,lstm,phase2_general_lstm,2025-12-04,2025-12-05,-0.0303430599756753,-0.00119983033509924,0.001185130415928761,92141.625,89387.7578125,92031.13697989356,ensemble
BTC,phase2_general,lstm,phase2_general_lstm,2025-12-05,2025-12-06,-0.0012916460625568,-0.00125126036000436,0.0011466864269549597,89387.7578125,89272.375,89275.98040038571,ensemble
BTC,phase2_general,lstm,phase2_general_lstm,2025-12-06,2025-12-07,0.0126145722260143,-0.00133007389085828,0.001140796296065647,89272.375,90405.640625,89153.71507556469,ensemble
BTC,phase2_general,lstm,phase2_general_lstm,2025-12-07,2025-12-08,0.0025911959798138,-0.00139022827206642,0.0011834468576573556,90405.640625,90640.203125,90280.04347203414,ensemble
BTC,phase2_general,lstm,phase2_general_lstm,2025-12-08,2025-12-09,0.0223811926981977,-0.0014557499947840786,0.0012632075635090828,90640.203125,92691.7109375,90508.34964590971,ensemble
BTC,phase2_general,lstm,phase2_general_lstm,2025-12-09,2025-12-10,-0.0072628328466358,-0.0014981615750002289,0.001345720942368914,92691.7109375,92020.9453125,92552.94774864556,ensemble
BTC,phase2_general,lstm,phase2_general_lstm,2025-12-10,2025-12-11,0.0053149701081481,-0.0015577345428027546,0.0014150660932831065,92020.9453125,92511.3359375,91877.71269548622,ensemble
BTC,phase2_general,lstm,phase2_general_lstm,2025-12-11,2025-12-12,-0.0245214214521475,-0.001607617215995534,0.0014914560213925144,92511.3359375,90270.4140625,92362.73260181714,ensemble
BTC,phase2_general,lstm,phase2_general_lstm,2025-12-12,2025-12-13,0.000313418755633,-0.00162298416544214,0.0016073389496351876,90270.4140625,90298.7109375,90124.02543521395,ensemble
BTC,phase2_general,lstm,phase2_general_lstm,2025-12-13,2025-12-14,-0.0237976710179162,-0.0016045714117353602,0.0017206261293596537,90298.7109375,88175.1796875,90153.93638902593,ensemble
BTC,phase2_general,lstm,phase2_general_lstm,2025-12-14,2025-12-15,-0.0201089147130883,-0.0015403448895085201,0.0017898402856011935,88175.1796875,86419.78125,88039.46405136408,ensemble
BTC,phase2_general,lstm,phase2_general_lstm,2025-12-15,2025-12-16,0.0163457369350781,-0.00149585022154494,0.001793644255601948,86419.78125,87843.984375,86290.60683794414,ensemble
BTC,phase2_general,lstm,phase2_general_lstm,2025-12-16,2025-12-17,-0.0195448330408544,-0.001433820971124044,0.0017923239661689705,87843.984375,86143.7578125,87718.12208157669,ensemble
BTC,phase2_general,lstm,phase2_general_lstm,2025-12-17,2025-12-18,-0.0079397284977681,-0.0013700153038371202,0.00177697457117844,86143.7578125,85462.5078125,86025.8203524762,ensemble
BTC,phase2_general,lstm,phase2_general_lstm,2025-12-18,2025-12-19,0.0304331549684077,-0.00131123918690718,0.0017106314333732028,85462.5078125,88103.3828125,85350.51946104792,ensemble
BTC,phase2_general,lstm,phase2_general_lstm,2025-12-19,2025-12-20,0.0027273551221506,-0.0012822038912417913,0.0015982103295748493,88103.3828125,88344.0,87990.48870432557,ensemble
BTC,phase2_general,lstm,phase2_general_lstm,2025-12-20,2025-12-21,0.0031390280669266,-0.001258763433725088,0.001475593138237672,88344.0,88621.75,88232.86576374162,ensemble
BTC,phase2_general,lstm,phase2_general_lstm,2025-12-21,2025-12-22,-0.001487584958889,-0.0011926979947019863,0.001378640703074521,88621.75,88490.015625,88516.11402491835,ensemble
BTC,phase2_general,lstm,phase2_general_lstm,2025-12-22,2025-12-23,-0.0122342749529535,-0.001185062604417871,0.0012880965987504944,88490.015625,87414.0,88385.21152859152,ensemble
BTC,phase2_general,lstm,phase2_general_lstm,2025-12-23,2025-12-24,0.0022620761040624,-0.0011756944188163643,0.0012166582753529076,87414.0,87611.9609375,87311.288238727,ensemble
BTC,phase2_general,lstm,phase2_general_lstm,2025-12-24,2025-12-25,-0.0043148578556266,-0.0011273965192230872,0.0011559478964137412,87611.9609375,87234.7421875,87513.24317518361,ensemble
BTC,phase2_general,lstm,phase2_general_lstm,2025-12-25,2025-12-26,0.000764168281323,-0.0010619581164064307,0.001103241602895149,87234.7421875,87301.4296875,87142.15171730364,ensemble
BTC,phase2_general,lstm,phase2_general_lstm,2025-12-26,2025-12-27,0.005719219565876,-0.0009913526670061192,0.0010525176004159567,87301.4296875,87802.15625,87214.92606722769,ensemble
BTC,phase2_general,lstm,phase2_general_lstm,2025-12-27,2025-12-28,0.0003835125589097,-0.0009398437290656057,0.0010109851551817577,87802.15625,87835.8359375,87719.67471000043,ensemble
BTC,phase2_general,lstm,phase2_general_lstm,2025-12-28,2025-12-29,-0.0079748888825797,-0.0009097608428419188,0.0010451149101536196,87835.8359375,87138.140625,87755.96267165962,ensemble
BTC,phase2_general,lstm,phase2_general_lstm,2025-12-29,2025-12-30,0.0147180978087909,-0.0009187749509691975,0.0011322033260701889,87138.140625,88430.1328125,87058.11705157641,ensemble
BTC,phase2_general,lstm,phase2_general_lstm,2025-12-30,2025-12-31,-0.0104730993492998,-0.0009213154946337235,0.0012185392323361753,88430.1328125,87508.828125,88348.69828015583,ensemble
BTC,phase2_general,lstm,phase2_general_lstm,2025-12-31,2026-01-01,0.01388073366055,-0.0008728245185920999,0.0013113196031736267,87508.828125,88731.984375,87432.48159762661,ensemble
BTC,phase2_general,lstm,phase2_general_lstm,2026-01-01,2026-01-02,0.0135745701301948,-0.0008683077205205201,0.0014275229887412602,88731.984375,89944.6953125,88654.97114833846,ensemble
BTC,phase2_general,lstm,phase2_general_lstm,2026-01-02,2026-01-03,0.0072944096271482,-0.0009116939734667599,0.0015661488561236462,89944.6953125,90603.1875,89862.73064486237,ensemble
BTC,phase2_general,lstm,phase2_general_lstm,2026-01-03,2026-01-04,0.0089036899476068,-0.0009400254464708199,0.0017028303770994697,90603.1875,91413.4921875,90518.05821633377,ensemble
BTC,phase2_general,lstm,phase2_general_lstm,2026-01-04,2026-01-05,0.0266514983813646,-0.00094745222595522,0.0018503903575489218,91413.4921875,93882.5546875,91326.92328726905,ensemble
BTC,phase2_general,lstm,phase2_general_lstm,2026-01-05,2026-01-06,-0.0016366097114998,-0.00092905641067772,0.001981535788427098,93882.5546875,93729.03125,93795.37300283916,ensemble
BTC,phase2_general,lstm,phase2_general_lstm,2026-01-06,2026-01-07,-0.0261689672501516,-0.0008470058091916,0.0021054725202577095,93729.03125,91308.0546875,93649.6758280373,ensemble
BTC,phase2_general,lstm,phase2_general_lstm,2026-01-07,2026-01-08,-0.0030814668927555,-0.0007669727085158199,0.002272805505215563,91308.0546875,91027.125,91238.05075047325,ensemble
BTC,phase2_general,lstm,phase2_general_lstm,2026-01-08,2026-01-09,-0.0056629301495069,-0.0006764006335288,0.002431371485881604,91027.125,90513.1015625,90965.5750135533,ensemble
BTC,phase2_general,lstm,phase2_general_lstm,2026-01-09,2026-01-10,-0.0013980466595052,-0.00059732298832386,0.002541361662038992,90513.1015625,90386.6484375,90459.05215027748,ensemble
BTC,phase2_general,lstm,phase2_general_lstm,2026-01-10,2026-01-11,0.0048651109011003,-0.0005471365759148999,0.002615692797536099,90386.6484375,90827.4609375,90337.20812270112,ensemble
BTC,phase2_general,lstm,phase2_general_lstm,2026-01-11,2026-01-12,0.0040163809626806,-0.00050850557163356,0.002688539402958013,90827.4609375,91192.9921875,90781.28640855354,ensemble
BTC,phase2_general,lstm,phase2_general_lstm,2026-01-12,2026-01-13,0.0442802850314782,-0.0004815211286768199,0.002696824400157963,91192.9921875,95321.78125,91149.09140539977,ensemble
BTC,phase2_general,lstm,phase2_general_lstm,2026-01-13,2026-01-14,0.016723797821879,-0.00043675987981258,0.0026970905069519033,95321.78125,96929.328125,95280.15761070725,ensemble
BTC,phase2_general,lstm,phase2_general_lstm,2026-01-14,2026-01-15,-0.0143200382747562,-0.00035940343514084003,0.002697003979170524,96929.328125,95551.1875,96894.4976509769,ensemble
BTC,phase2_general,lstm,phase2_general_lstm,2026-01-15,2026-01-16,-0.0002728785518896,-0.00027548475190995996,0.002702294696080293,95551.1875,95525.1171875,95524.86823026206,ensemble
BTC,phase2_general,lstm,phase2_general_lstm,2026-01-16,2026-01-17,-0.0044610720579804,-0.00019533735467118003,0.0026845057641469022,95525.1171875,95099.921875,95506.45938614605,ensemble
BTC,phase2_general,lstm,phase2_general_lstm,2026-01-17,2026-01-18,-0.0155299936581246,-8.859807858242007e-05,0.002606119934732906,95099.921875,93634.4296875,95091.49657788662,ensemble
BTC,phase2_general,lstm,phase2_general_lstm,2026-01-18,2026-01-19,-0.0116102857616082,4.623446147900045e-06,0.0025207760347300216,93634.4296875,92553.59375,93634.86260224403,ensemble
BTC,phase2_general,lstm,phase2_general_lstm,2026-01-19,2026-01-20,-0.0469242550548211,7.030158885753999e-05,0.0024511965347087683,92553.59375,88310.90625,92560.1006434149,ensemble
BTC,phase2_general,lstm,phase2_general_lstm,2026-01-20,2026-01-21,0.0119993277601487,0.0001426218601409201,0.0023929406538945857,88310.90625,89376.9609375,88323.50221392866,ensemble
BTC,phase2_general,lstm,phase2_general_lstm,2026-01-21,2026-01-22,0.0009560777691027,0.00023858262866272,0.0023639343319148396,89376.9609375,89462.453125,89398.28727172763,ensemble
BTC,phase2_general,lstm,phase2_general_lstm,2026-01-22,2026-01-23,0.0004629013309221,0.00033197921802639245,0.0023528055137764133,89462.453125,89503.875,89492.15773061423,ensemble
BTC,phase2_general,lstm,phase2_general_lstm,2026-01-23,2026-01-24,-0.0044021176235583,0.00041856975003610005,0.0023512670479915107,89503.875,89110.734375,89541.34645624796,ensemble
BTC,phase2_general,lstm,phase2_general_lstm,2026-01-24,2026-01-25,-0.0289008383617947,0.0004509862919803799,0.0023250359191512374,89110.734375,86572.21875,89150.93115808922,ensemble
BTC,phase2_general,lstm,phase2_general_lstm,2026-01-25,2026-01-26,0.0193889405513137,0.00047865624655972006,0.0022861087038601297,86572.21875,88267.140625,86613.66700222429,ensemble
BTC,phase2_general,lstm,phase2_general_lstm,2026-01-26,2026-01-27,0.009420276564581,0.0004423802194651001,0.002232954378349215,88267.140625,89102.5703125,88306.1969002661,ensemble
BTC,phase2_general,lstm,phase2_general_lstm,2026-01-27,2026-01-28,0.0009198645005418,0.00039404632989316,0.00219418666003893,89102.5703125,89184.5703125,89137.68777181426,ensemble
BTC,phase2_general,lstm,phase2_general_lstm,2026-01-28,2026-01-29,-0.053227949504083,0.00035473598982206005,0.002173276319659907,89184.5703125,84561.5859375,89216.21290137738,ensemble
BTC,phase2_general,lstm,phase2_general_lstm,2026-01-29,2026-01-30,-0.00513284742955,0.0002617044316139001,0.0021872212474074422,84561.5859375,84128.65625,84583.71897531486,ensemble
BTC,phase2_general,lstm,phase2_general_lstm,2026-01-30,2026-01-31,-0.0677069192719858,0.00018174877332057996,0.002176504051996829,84128.65625,78621.1171875,84143.94791965355,ensemble
BTC,phase2_general,lstm,phase2_general_lstm,2026-01-31,2026-02-01,-0.0211668421472114,6.308189622360035e-05,0.0021215507783397384,78621.1171875,76974.4453125,78626.07691308821,ensemble
BTC,phase2_general,lstm,phase2_general_lstm,2026-02-01,2026-02-02,0.0220269081578216,-8.312710924655601e-05,0.002052483893422448,76974.4453125,78688.765625,76968.04691531912,ensemble
BTC,phase2_general,lstm,phase2_general_lstm,2026-02-02,2026-02-03,-0.0396004693749769,-0.00031222786346914004,0.0019576578847915415,78688.765625,75633.546875,78664.20063496662,ensemble
BTC,phase2_general,lstm,phase2_general_lstm,2026-02-03,2026-02-04,-0.0351706159417589,-0.00057132996153084,0.0018442925326536282,75633.546875,73019.703125,75590.34750529566,ensemble
BTC,phase2_general,lstm,phase2_general_lstm,2026-02-04,2026-02-05,-0.1523344080304475,-0.0007788276649080201,0.0017355376667900681,73019.703125,62702.09765625,72962.85550024781,ensemble
BTC,phase2_general,lstm,phase2_general_lstm,2026-02-05,2026-02-06,0.118003181433477,-0.00089359435951336,0.0016349573735782719,62702.09765625,70555.390625,62646.09244215316,ensemble
BTC,phase2_general,lstm,phase2_general_lstm,2026-02-06,2026-02-07,-0.0182134028127509,-0.00093440219352486,0.0015309995183384315,70555.390625,69281.96875,70489.49430486259,ensemble
BTC,phase2_general,lstm,phase2_general_lstm,2026-02-07,2026-02-08,0.0140852358847471,-0.000943205509611246,0.0014513754818826798,69281.96875,70264.7265625,69216.65242356008,ensemble
BTC,phase2_general,lstm,phase2_general_lstm,2026-02-08,2026-02-09,-0.0020507154219692,-0.00086843467288414,0.0013525515417828848,70264.7265625,70120.78125,70203.73272608694,ensemble
BTC,phase2_general,lstm,phase2_general_lstm,2026-02-09,2026-02-10,-0.0191032375898973,-0.00084532109904102,0.0011779686828159229,70120.78125,68793.9609375,70061.53172009515,ensemble
BTC,phase2_general,lstm,phase2_general_lstm,2026-02-10,2026-02-11,-0.0265432212123745,-0.0007593044138047599,0.0009602958933359347,68793.9609375,66991.96875,68741.7452056436,ensemble
BTC,phase2_general,lstm,phase2_general_lstm,2026-02-11,2026-02-12,-0.011562368274835,-0.00061743064434262,0.000847941366815335,66991.96875,66221.84375,66950.61862230054,ensemble
BTC,phase2_general,lstm,phase2_general_lstm,2026-02-12,2026-02-13,0.0390337693571557,-0.00033411523327230003,0.0009033841313322646,66221.84375,68857.84375,66199.7217190873,ensemble
BTC,phase2_general,lstm,phase2_general_lstm,2026-02-13,2026-02-14,0.0131259330678483,-1.1848966823860015e-05,0.001088919869466012,68857.84375,69767.625,68857.02786052758,ensemble
BTC,phase2_general,lstm,phase2_general_lstm,2026-02-14,2026-02-15,-0.0141380400688788,0.00020876116468572,0.0012281653044712623,69767.625,68788.1875,69782.1912910374,ensemble
BTC,phase2_general,lstm,phase2_general_lstm,2026-02-15,2026-02-16,0.00079878247825,0.00033828071536848737,0.0014159940255055869,68788.1875,68843.15625,68811.46115356855,ensemble
BTC,phase2_general,lstm,phase2_general_lstm,2026-02-16,2026-02-17,-0.0197888733002862,0.00045617759460586,0.0017029643160331946,68843.15625,67494.21875,68874.56811957403,ensemble
BTC,phase2_general,lstm,phase2_general_lstm,2026-02-17,2026-02-18,-0.0159636322602148,0.0004216877379804,0.0019157380046834283,67494.21875,66425.3203125,67522.68623620452,ensemble
BTC,phase2_general,lstm,phase2_general_lstm,2026-02-18,2026-02-19,0.0079801259947047,0.0003575052964151809,0.0020146333888497563,66425.3203125,66957.5234375,66449.07196174502,ensemble
BTC,phase2_general,lstm,phase2_general_lstm,2026-02-19,2026-02-20,0.0155289956566322,0.00027432209608379036,0.0020786947770059763,66957.5234375,68005.421875,66975.89388527263,ensemble
BTC,phase2_general,lstm,phase2_general_lstm,2026-02-20,2026-02-21,-2.4354972344490844e-05,0.00018376186199018009,0.002175330668446336,68005.421875,68003.765625,68017.9198262374,ensemble
BTC,phase2_general,lstm,phase2_general_lstm,2026-02-21,2026-02-22,-0.005076923598302,5.677311564793999e-05,0.0022625134545600947,68003.765625,67659.390625,68007.6265202468,ensemble
BTC,phase2_general,lstm,phase2_general_lstm,2026-02-22,2026-02-23,-0.0460126731356427,-0.00013306728797033993,0.0023418925458691237,67659.390625,64616.73828125,67650.38797237637,ensemble
BTC,phase2_general,lstm,phase2_general_lstm,2026-02-23,2026-02-24,-0.0083405104387447,-0.00028831078670922,0.002444687461037773,64616.73828125,64080.04296875,64598.11126391559,ensemble
BTC,phase2_general,lstm,phase2_general_lstm,2026-02-24,2026-02-25,0.0587881628108732,-0.0003411474870518,0.0025530999477860043,64080.04296875,67960.125,64058.185951566265,ensemble
BTC,phase2_general,lstm,phase2_general_lstm,2026-02-25,2026-02-26,-0.0074786108124004,-0.000451631390024,0.002632204667366736,67960.125,67453.7734375,67929.4390041811,ensemble
BTC,phase2_general,lstm,phase2_general_lstm,2026-02-26,2026-02-27,-0.0235803453997585,-0.00067669235868382,0.0026968274770093987,67453.7734375,65881.796875,67408.14342493209,ensemble
BTC,phase2_general,lstm,phase2_general_lstm,2026-02-27,2026-02-28,0.0167686372009838,-0.0008901081047952199,0.0027146529861342837,65881.796875,66995.859375,65823.18104472596,ensemble
BTC,phase2_general,lstm,phase2_general_lstm,2026-02-28,2026-03-01,-0.0189521272552437,-0.00105037835019176,0.0027080572180327974,66995.859375,65738.1015625,66925.52531991099,ensemble
BTC,phase2_general,lstm,phase2_general_lstm,2026-03-01,2026-03-02,0.0451739987422587,-0.00116628775431308,0.002644308185506914,65738.1015625,68775.8515625,65661.47671165408,ensemble
BTC,phase2_general,lstm,phase2_general_lstm,2026-03-02,2026-03-03,-0.0070359214012543,-0.0012650185904931398,0.0025484625485992507,68775.8515625,68293.6484375,68688.90383853504,ensemble
BTC,phase2_general,lstm,phase2_general_lstm,2026-03-03,2026-03-04,0.0626701105436228,-0.0013694301713258,0.0024294934242031674,68293.6484375,72710.578125,68200.18906246942,ensemble
BTC,phase2_general,lstm,phase2_general_lstm,2026-03-04,2026-03-05,-0.026047184090688,-0.00142738622962496,0.00236106234173752,72710.578125,70841.125,72606.8660832153,ensemble
BTC,phase2_general,lstm,phase2_general_lstm,2026-03-05,2026-03-06,-0.0389267622298537,-0.0015753380212117998,0.0022454331725839916,70841.125,68136.4921875,70729.6141390329,ensemble
BTC,phase2_general,lstm,phase2_general_lstm,2026-03-06,2026-03-07,-0.0127600028163738,-0.0016449478760477763,0.0020587180793027364,68136.4921875,67272.59375,68024.50334255326,ensemble
BTC,phase2_general,lstm,phase2_general_lstm,2026-03-07,2026-03-08,-0.0195561512724631,-0.0016021968433051,0.0018661790657268098,67272.59375,65969.78125,67164.89611209917,ensemble
BTC,phase2_general,lstm,phase2_general_lstm,2026-03-08,2026-03-09,0.0362108831336739,-0.0012852753841797928,0.0016043562357358164,65969.78125,68402.3828125,65885.04637954592,ensemble
BTC,phase2_general,lstm,phase2_general_lstm,2026-03-09,2026-03-10,0.0220430630536829,-0.0009592467955371463,0.0013405498032182835,68402.3828125,69926.921875,68336.79950629706,ensemble
BTC,phase2_general,lstm,phase2_general_lstm,2026-03-10,2026-03-11,0.0039671408310243,-0.0007480853913875195,0.0011341409985124308,69926.921875,70204.8828125,69874.63012806528,ensemble
BTC,phase2_general,lstm,phase2_general_lstm,2026-03-11,2026-03-12,0.0041020885103588,-0.0005319338248227629,0.0009894181454340374,70204.8828125,70493.4609375,70167.54839126539,ensemble
BTC,phase2_general,lstm,phase2_general_lstm,2026-03-12,2026-03-13,0.0067128612385433,-0.0003983770242484698,0.0008876939677925482,70493.4609375,70968.265625,70465.38355536605,ensemble
BTC,phase2_general,lstm,phase2_general_lstm,2026-03-13,2026-03-14,0.0034653905327112,-0.00024335115376742847,0.0008666984000891394,70968.265625,71214.625,70950.99751687152,ensemble
BTC,phase2_general,lstm,phase2_general_lstm,2026-03-14,2026-03-15,0.0218791978790222,-0.0001385464092891231,0.0009059569826216135,71214.625,72789.9140625,71204.75915287201,ensemble
BTC,phase2_general,lstm,phase2_general_lstm,2026-03-15,2026-03-16,0.0280568061089276,-1.7929516161515646e-05,0.0009613145493478452,72789.9140625,74861.0859375,72788.60898625915,ensemble
BTC,phase2_general,lstm,phase2_general_lstm,2026-03-16,2026-03-17,-0.012617278563279,8.201201562769997e-05,0.0010719606591119589,74861.0859375,73922.4765625,74867.22569781342,ensemble
BTC,phase2_general,lstm,phase2_general_lstm,2026-03-17,2026-03-18,-0.0368841742334174,0.00014490219473373996,0.0011484521562780718,73922.4765625,71245.578125,73933.18886769358,ensemble
BTC,phase2_general,lstm,phase2_general_lstm,2026-03-18,2026-03-19,-0.0188841610476273,0.00016094820748548003,0.0012518870431264713,71245.578125,69912.7890625,71257.04589592431,ensemble
BTC,phase2_general,lstm,phase2_general_lstm,2026-03-19,2026-03-20,0.0086844316474486,0.00021961701277176002,0.0013438967466911204,69912.7890625,70522.5859375,69928.14478651586,ensemble
BTC,phase2_general,lstm,phase2_general_lstm,2026-03-20,2026-03-21,-0.0260161056310177,0.00031066251294756817,0.001390256752695457,70522.5859375,68711.5234375,70544.49806472892,ensemble
BTC,phase2_general,lstm,phase2_general_lstm,2026-03-21,2026-03-22,-0.0126881200860849,0.00042910570919045993,0.0013919873308601567,68711.5234375,67845.2109375,68741.01427138428,ensemble
BTC,phase2_general,lstm,phase2_general_lstm,2026-03-22,2026-03-23,0.044251193034697,0.00060184482135808,0.0013242051508959812,67845.2109375,70914.859375,67886.05551617287,ensemble
BTC,phase2_general,lstm,phase2_general_lstm,2026-03-23,2026-03-24,-0.0056139915316955,0.0007283396902493999,0.001191026359147642,70914.859375,70517.859375,70966.52829569,ensemble
BTC,phase2_general,lstm,phase2_general_lstm,2026-03-24,2026-03-25,0.0111689244808132,0.00082888833712782,0.001076038651568791,70517.859375,71309.8828125,70576.33503774459,ensemble
BTC,phase2_general,lstm,phase2_general_lstm,2026-03-25,2026-03-26,-0.0359529188074161,0.00095366715686392,0.0009691330359016865,71309.8828125,68791.625,71377.9211435023,ensemble
BTC,phase2_general,lstm,phase2_general_lstm,2026-03-26,2026-03-27,-0.0363134696852071,0.00105965292023026,0.0008516345909439893,68791.625,66338.375,68864.55888179447,ensemble
BTC,phase2_general,lstm,phase2_general_lstm,2026-03-27,2026-03-28,-0.0002816215791388,0.0012604254487086554,0.0007589627098863143,66338.375,66319.6953125,66422.04229319209,ensemble
BTC,phase2_general,lstm,phase2_general_lstm,2026-03-28,2026-03-29,-0.0055154098337006,0.00139218633994456,0.0006703345720470137,66319.6953125,65954.921875,66412.08898606549,ensemble
BTC,phase2_general,lstm,phase2_general_lstm,2026-03-29,2026-03-30,0.0111051817312093,0.00153548299567768,0.0005717262043885101,65954.921875,66691.4453125,66056.27232705528,ensemble
BTC,phase2_general,lstm,phase2_general_lstm,2026-03-30,2026-03-31,0.0228562101625793,0.0016453320393338198,0.000473176229134564,66691.4453125,68233.3125,66801.26520454099,ensemble
BTC,phase2_general,lstm,phase2_general_lstm,2026-03-31,2026-04-01,-0.0022706442540199,0.00161851027514782,0.0004032079456356613,68233.3125,68078.5546875,68343.8382367814,ensemble
BTC,phase2_general,lstm,phase2_general_lstm,2026-04-01,2026-04-02,-0.0176341492288758,0.00152603432070458,0.00023739265003664504,68078.5546875,66888.5703125,68182.52420880916,ensemble
BTC,phase2_general,lstm,phase2_general_lstm,2026-04-02,2026-04-03,0.0006356502125007,0.00136916199699038,0.00020719377784121445,66888.5703125,66931.1015625,66980.21432443774,ensemble
BTC,phase2_general,lstm,phase2_general_lstm,2026-04-03,2026-04-04,0.0053555444955297,0.0013338565127923399,0.0002442132235217648,66931.1015625,67290.515625,67020.43761572035,ensemble
BTC,phase2_general,lstm,phase2_general_lstm,2026-04-04,2026-04-05,0.0248248287948484,0.0012734855408779802,0.0002969275661986882,67290.515625,68981.8984375,67376.26371157226,ensemble
BTC,phase2_general,lstm,phase2_general_lstm,2026-04-05,2026-04-06,-0.0017711667933321,0.0012407176080159199,0.0002937741756201364,68981.8984375,68859.828125,69067.5386101748,ensemble
BTC,phase2_general,lstm,phase2_general_lstm,2026-04-06,2026-04-07,0.0437692500886501,0.00120318320114162,0.000330719369707474,68859.828125,71940.703125,68942.72897588812,ensemble
BTC,phase2_general,lstm,phase2_general_lstm,2026-04-07,2026-04-08,-0.0114263865929017,0.0011799490312113798,0.00037378963445379443,71940.703125,71123.359375,72025.63958845127,ensemble
BTC,phase2_general,lstm,phase2_general_lstm,2026-04-08,2026-04-09,0.0090204739879136,0.00113023023586718,0.0003855997996095439,71123.359375,71767.828125,71203.7905905759,ensemble
BTC,phase2_general,lstm,phase2_general_lstm,2026-04-09,2026-04-10,0.0167360714535282,0.00102282229927362,0.00041698246025554487,71767.828125,72979.046875,71841.27141329036,ensemble
BTC,phase2_general,lstm,phase2_general_lstm,2026-04-10,2026-04-11,0.0010302658186926,0.0009021149220643,0.00044343087389579587,72979.046875,73054.2734375,73044.9120667033,ensemble
BTC,phase2_general,lstm,phase2_general_lstm,2026-04-11,2026-04-12,-0.0320019564160111,0.0007818996867285501,0.0004986355374727974,73054.2734375,70753.40625,73111.41688832681,ensemble
BTC,phase2_general,lstm,phase2_general_lstm,2026-04-12,2026-04-13,0.0513922577822332,0.0007504989585867882,0.000574110638899251,70753.40625,74484.640625,70806.5265385744,ensemble
BTC,phase2_general,lstm,phase2_general_lstm,2026-04-13,2026-04-14,-0.0040766706589971,0.00069685632479372,0.0006984820120368823,74484.640625,74181.609375,74536.56380731732,ensemble
BTC,phase2_general,lstm,phase2_general_lstm,2026-04-14,2026-04-15,0.0083695046837294,0.0006717232885421001,0.0008184412271401471,74181.609375,74805.078125,74231.45562916933,ensemble
BTC,phase2_general,lstm,phase2_general_lstm,2026-04-15,2026-04-16,0.0046287244870706,0.00069822052319066,0.0008911731269245682,74805.078125,75152.1328125,74857.32680421317,ensemble
BTC,phase2_general,lstm,phase2_general_lstm,2026-04-16,2026-04-17,0.025937296578403,0.0007441176421707201,0.0010020577618164049,75152.1328125,77126.875,75208.07565181803,ensemble
BTC,phase2_general,lstm,phase2_general_lstm,2026-04-17,2026-04-18,-0.0183274450765037,0.00076459594711192,0.0011367847921101388,77126.875,75726.2109375,77185.86844623936,ensemble
BTC,phase2_general,lstm,phase2_general_lstm,2026-04-18,2026-04-19,-0.0250023364949234,0.0008112970361252999,0.0012196490153712092,75726.2109375,73856.3515625,75787.67231633666,ensemble
BTC,phase2_general,lstm,phase2_general_lstm,2026-04-19,2026-04-20,0.026932597272259,0.0007654779445147,0.0012615016296323265,73856.3515625,75872.5234375,73912.90861450971,ensemble
BTC,phase2_general,lstm,phase2_general_lstm,2026-04-20,2026-04-21,0.0063097475019448,0.00078914687765062,0.001263343303537013,75872.5234375,76352.7734375,75932.42163359892,ensemble
BTC,phase2_general,lstm,phase2_general_lstm,2026-04-21,2026-04-22,0.0239449523733436,0.0008180259223081358,0.0012405645350568927,76352.7734375,78203.1015625,76415.25753873492,ensemble
BTC,phase2_general,lstm,phase2_general_lstm,2026-04-22,2026-04-23,0.0008417038623198,0.0008592872378358072,0.0011849054197219117,78203.1015625,78268.953125,78270.3293694935,ensemble
BTC,phase2_general,lstm,phase2_general_lstm,2026-04-23,2026-04-24,-0.0104498554007011,0.0008738011194509389,0.0011488392494704808,78268.953125,77455.3125,78337.37451284805,ensemble
BTC,phase2_general,lstm,phase2_general_lstm,2026-04-24,2026-04-25,0.002021098580043,0.0009322085548774098,0.0010960507474416274,77455.3125,77612.015625,77527.55067022202,ensemble
BTC,phase2_general,lstm,phase2_general_lstm,2026-04-25,2026-04-26,0.0133812250281389,0.0010040250073870874,0.0010650940973475009,77612.015625,78657.5390625,77689.9791616821,ensemble
BTC,phase2_general,lstm,phase2_general_lstm,2026-04-26,2026-04-27,-0.0165479947079337,0.00108858478924955,0.000981756475026745,78657.5390625,77366.625,78743.21108525344,ensemble
BTC,phase2_general,lstm,phase2_general_lstm,2026-04-27,2026-04-28,-0.0132186544907372,0.0011805257890955,0.0008927175717930998,77366.625,76350.671875,77458.01222790404,ensemble
BTC,phase2_general,lstm,phase2_general_lstm,2026-04-28,2026-04-29,-0.0075534590417408,0.0013021282735279998,0.0007965640641174775,76350.671875,75776.1328125,76450.15499938936,ensemble
BTC,phase2_general,lstm,phase2_general_lstm,2026-04-29,2026-04-30,0.0069461868751349,0.0014102553017437,0.0007339697086471112,75776.1328125,76304.3203125,75883.0718935239,ensemble
BTC,phase2_general,lstm,phase2_general_lstm,2026-04-30,2026-05-01,0.0242715098940353,0.0015880070626735202,0.000644834093383458,76304.3203125,78179.0,76425.58837385356,ensemble
BTC,phase2_general,lstm,phase2_general_lstm,2026-05-01,2026-05-02,0.0060987365147835,0.0017533941660076002,0.0005826330680946229,78179.0,78657.25,78316.19884918495,ensemble
BTC,phase2_general,lstm,phase2_general_lstm,2026-05-02,2026-05-03,-0.0015143369624661,0.00192884178832168,0.0005614601834035492,78657.25,78538.2265625,78809.11380429717,ensemble
BTC,phase2_general,lstm,phase2_general_lstm,2026-05-03,2026-05-04,0.0162876768649081,0.00199332246556874,0.0006249866601082436,78538.2265625,79827.90625,78694.93470695759,ensemble
BTC,phase2_general,lstm,phase2_general_lstm,2026-05-04,2026-05-05,0.0136750438065225,0.00202863200101996,0.0006436916912217634,79827.90625,80927.0546875,79990.01206612276,ensemble
BTC,phase2_general,lstm,phase2_general_lstm,2026-05-05,2026-05-06,0.0061652480572739,0.00205783189740026,0.0006587989166120797,80927.0546875,81427.53125,81093.76042936646,ensemble
BTC,phase2_general,lstm,phase2_general_lstm,2026-05-06,2026-05-07,-0.0175619083509024,0.00210300632752472,0.0006646203898482312,81427.53125,80009.9921875,81598.95405189363,ensemble
BTC,phase2_general,lstm,phase2_general_lstm,2026-05-07,2026-05-08,0.0022069548930199,0.0021082559600472,0.0006689821624933515,80009.9921875,80186.765625,80178.85166735027,ensemble
BTC,phase2_general,lstm,phase2_general_lstm,2026-05-08,2026-05-09,0.0059384470311886,0.00217672076541926,0.000724489922932288,80186.765625,80664.3671875,80361.49992774779,ensemble
BTC,phase2_general,lstm,phase2_general_lstm,2026-05-09,2026-05-10,0.018115146956791,0.00215653798077252,0.0007365745369909063,80664.3671875,82138.9296875,80838.51066505644,ensemble
BTC,phase2_general,lstm,phase2_general_lstm,2026-05-10,2026-05-11,-0.0050117852194884,0.00204500915715466,0.000723429022080151,82138.9296875,81728.296875,82307.07642307681,ensemble
BTC,phase2_general,lstm,phase2_general_lstm,2026-05-11,2026-05-12,-0.0154227477056674,0.00198224112391466,0.0007237292495817322,81728.296875,80477.4921875,81890.46273887568,ensemble
BTC,phase2_general,lstm,phase2_general_lstm,2026-05-12,2026-05-13,-0.0150280182312355,0.00197711372748012,0.0007397422952083524,80477.4921875,79277.1171875,80636.76273817103,ensemble
BTC,phase2_general,lstm,phase2_general_lstm,2026-05-13,2026-05-14,0.0221321436988218,0.0020052025211043,0.0007951166493241849,79277.1171875,81051.25,79436.24334952253,ensemble
BTC,phase2_general,lstm,phase2_general_lstm,2026-05-14,2026-05-15,-0.0248027751369673,0.00198195037664842,0.0008245229157260441,81051.25,79065.6796875,81212.04885049995,ensemble
BTC,phase2_general,lstm,phase2_general_lstm,2026-05-15,2026-05-16,-0.0118863908425741,0.00196441663429136,0.000875179962412889,79065.6796875,78131.4375,79221.15027839124,ensemble
BTC,phase2_general,lstm,phase2_general_lstm,2026-05-16,2026-05-17,-0.0090265767978541,0.00187700891401614,0.0009702251679434571,78131.4375,77429.3515625,78278.22862568068,ensemble
BTC,phase2_general,lstm,phase2_general_lstm,2026-05-17,2026-05-18,-0.0061558536491211,0.00178005017223762,0.0010577345868865496,77429.3515625,76954.171875,77567.30243639782,ensemble
BTC,phase2_general,lstm,phase2_general_lstm,2026-05-18,2026-05-19,-0.0026448799997123,0.0015291408009943097,0.0011577201575002224,76954.171875,76750.90625,77071.93565477408,ensemble
BTC,phase2_general,lstm,phase2_general_lstm,2026-05-19,2026-05-20,0.0091677347836148,0.0013405449775746,0.001297493708043914,76750.90625,77457.7734375,76853.86328574798,ensemble
BTC,phase2_general,lstm,phase2_general_lstm,2026-05-20,2026-05-21,0.0010503232153248,0.0011000509810400799,0.0015029953367730804,77457.7734375,77539.171875,77543.02782064573,ensemble
BTC,phase2_general,lstm,phase2_general_lstm,2026-05-21,2026-05-22,-0.0268063407026221,0.0009063724457518999,0.0016624858054035986,77539.171875,75488.2421875,77609.48310312036,ensemble
BTC,phase2_general,lstm,phase2_general_lstm,2026-05-22,2026-05-23,0.0155775030224184,0.00076267100812402,0.0017897686357337872,75488.2421875,76673.3671875,75545.83684136526,ensemble
BTC,phase2_general,lstm,phase2_general_lstm,2026-05-23,2026-05-24,0.004005847400396,0.0005776574442279366,0.0019365312547704391,76673.3671875,76981.125,76717.67092378944,ensemble
BTC,phase2_general,lstm,phase2_general_lstm,2026-05-24,2026-05-25,0.0038740181286936,0.00043846280896106,0.0020309039497180747,76981.125,77279.9296875,77014.8857611827,ensemble
BTC,phase2_general,lstm,phase2_general_lstm,2026-05-25,2026-05-26,-0.0189965414050318,0.0003129758522846,0.002068369943601467,77279.9296875,75825.734375,77304.12022468797,ensemble
BTC,phase2_general,lstm,phase2_general_lstm,2026-05-26,2026-05-27,-0.0197253107241087,0.00022584585240111995,0.0021019852409452124,75825.734375,74344.703125,75842.86123655639,ensemble
BTC,phase2_general,lstm,phase2_general_lstm,2026-05-27,2026-05-28,-0.0109298026618873,0.00017856041667981996,0.00209761194878774,74344.703125,73536.5546875,74357.97933143514,ensemble
BTC,phase2_general,lstm,phase2_general_lstm,2026-05-28,2026-05-29,-0.0022330998228095,0.00010303563904017999,0.002118245271330361,73536.5546875,73372.5234375,73544.13196376308,ensemble
BTC,phase2_general,lstm,phase2_general_lstm,2026-05-29,2026-05-30,0.0051970396549028,1.456567551941998e-05,0.0021155815312836777,73372.5234375,73754.8359375,73373.59216565177,ensemble
BTC,phase2_general,lstm,phase2_general_lstm,2026-05-30,2026-05-31,-0.0023775625144765,-7.420665351673999e-05,0.002068891965943777,73754.8359375,73579.6875,73749.36304100958,ensemble
BTC,phase2_general,lstm,phase2_general_lstm,2026-05-31,2026-06-01,-0.0311953863032946,-0.00018550149397923997,0.002053981160488781,73579.6875,71319.7734375,73566.03962393205,ensemble
BTC,phase2_general,lstm,phase2_general_lstm,2026-06-01,2026-06-02,-0.0669138485252581,-0.00029081128304823993,0.002058625232882655,71319.7734375,66703.65625,71299.03585818711,ensemble
BTC,phase2_general,lstm,phase2_general_lstm,2026-06-02,2026-06-03,-0.0411522222901916,-0.0003345216275192801,0.0020164520959482617,66703.65625,64014.3671875,66681.3461661606,ensemble
BTC,phase2_general,lstm,phase2_general_lstm,2026-06-03,2026-06-04,-0.0033296811494371,-0.00033640877809372,0.0019448228394791278,64014.3671875,63801.57421875,63992.83581432854,ensemble
BTC,phase2_general,lstm,phase2_general_lstm,2026-06-04,2026-06-05,-0.0461725426252123,-0.00035812973510474,0.0018426817799993783,63801.57421875,60922.66796875,63778.72906888367,ensemble
BTC,phase2_general,lstm,phase2_general_lstm,2026-06-05,2026-06-06,-0.0009073630482773,-0.00024553873809052,0.0017612554575742918,60922.66796875,60867.4140625,60907.71093007719,ensemble
BTC,phase2_general,lstm,phase2_general_lstm,2026-06-06,2026-06-07,0.0382314561194156,-0.00012556732981466005,0.001681874116897428,60867.4140625,63239.51953125,60859.771583676324,ensemble
BTC,phase2_general,lstm,phase2_general_lstm,2026-06-07,2026-06-08,-0.0023577871851843,3.468156392047606e-05,0.001672853334607834,63239.51953125,63090.58984375,63241.71281472195,ensemble
BTC,phase2_general,lstm,phase2_general_lstm,2026-06-08,2026-06-09,-0.0231992749169722,8.040232060011997e-05,0.0016298821990750592,63090.58984375,61643.78125,63095.66267751253,ensemble
BTC,phase2_general,lstm,phase2_general_lstm,2026-06-09,2026-06-10,-0.0031600860854061,0.00010233249049631997,0.0015491448771681787,61643.78125,61449.2890625,61650.08973443488,ensemble
BTC,phase2_general,lstm,phase2_general_lstm,2026-06-10,2026-06-11,0.0337886685240648,0.00016628759913146006,0.0014593923375722712,61449.2890625,63561.0546875,61459.508166878164,ensemble
BTC,phase2_general,lstm,phase2_general_lstm,2026-06-11,2026-06-12,-0.0002809578486747,0.00020866328850387998,0.0013606062873278218,63561.0546875,63543.19921875,63574.31893002397,ensemble
BTC,phase2_general,lstm,phase2_general_lstm,2026-06-12,2026-06-13,0.0137247224557035,0.00021917513950027779,0.0012762149329033185,63543.19921875,64421.32421875,63557.12783465048,ensemble
BTC,phase2_general,lstm,phase2_general_lstm,2026-06-13,2026-06-14,0.0198124847553173,0.0002006872018682498,0.001196984098822476,64421.32421875,65710.3984375,64434.254051430675,ensemble
BTC,phase2_general,lstm,phase2_general_lstm,2026-06-14,2026-06-15,0.0087743291428838,0.00014165417960612,0.001122907171705664,65710.3984375,66289.5,65719.70724938274,ensemble
BTC,phase2_general,lstm,phase2_general_lstm,2026-06-15,2026-06-16,-0.0104460520817153,8.506216399836001e-05,0.0010397884105763184,66289.5,65600.640625,66295.13896814839,ensemble
BTC,phase2_general,lstm,phase2_general_lstm,2026-06-16,2026-06-17,-0.0181854515308644,4.976081836499998e-05,0.0009797352897274701,65600.640625,64418.4453125,65603.90504778226,ensemble
BTC,phase2_general,lstm,phase2_general_lstm,2026-06-17,2026-06-18,-0.0239099264595433,0.00015523553302044,0.0009190543044960735,64418.4453125,62896.47265625,64428.44612041473,ensemble
BTC,phase2_general,lstm,phase2_general_lstm,2026-06-18,2026-06-19,0.0101927013006599,0.00030487228650597994,0.0008585155610731984,62896.47265625,63540.8359375,62915.65097100166,ensemble
BTC,phase2_general,lstm,phase2_general_lstm,2026-06-19,2026-06-20,0.0109382377964082,0.0005271956986689155,0.0007724234854027714,63540.8359375,64239.67578125,63574.34322456881,ensemble
BTC,phase2_general,lstm,phase2_general_lstm,2026-06-20,2026-06-21,-0.0157229253051467,0.0007115248787158036,0.0006985739566544594,64239.67578125,63237.5390625,64285.40017386139,ensemble
BTC,phase2_general,lstm,phase2_general_lstm,2026-06-21,2026-06-22,0.0112363538248423,0.00088892478670454,0.0006348561096471796,63237.5390625,63952.10546875,63293.777470577064,ensemble
BTC,phase2_general,lstm,phase2_general_lstm,2026-06-22,2026-06-23,-0.0202831889602721,0.00106973649817514,0.0005942316744668332,63952.10546875,62668.01953125,64020.553974510156,ensemble
BTC,phase2_general,lstm,phase2_general_lstm,2026-06-23,2026-06-24,-0.0270571911625371,0.00122166188084514,0.0006294093625705275,62668.01953125,60995.1328125,62744.6254455945,ensemble
BTC,phase2_general,lstm,phase2_general_lstm,2026-06-24,2026-06-25,-0.0210990381164694,0.0013641296420246,0.0006413985761801495,60995.1328125,59721.67578125,61078.39485838967,ensemble
BTC,phase2_general,lstm,phase2_general_lstm,2026-06-25,2026-06-26,0.004923319948585,0.00158557859249408,0.0007133018976493464,59721.67578125,60016.4296875,59816.4443034922,ensemble
BTC,phase2_general,lstm,phase2_general_lstm,2026-06-26,2026-06-27,-0.0012726617424323,0.0017943359911441199,0.0008745742156091046,60016.4296875,59940.09765625,60124.216000859524,ensemble
BTC,phase2_general,lstm,phase2_general_lstm,2026-06-27,2026-06-28,-0.0068259994404737,0.00201260438188906,0.0010705071025825879,59940.09765625,59532.33984375,60060.85483689794,ensemble
BTC,phase2_general,lstm,phase2_general_lstm,2026-06-28,2026-06-29,0.0101285301835763,0.0022130115539766198,0.001215895413890075,59532.33984375,60138.37890625,59664.23148469473,ensemble
BTC,phase2_general,lstm,phase2_general_lstm,2026-06-29,2026-06-30,-0.0266158302862621,0.00238714686129236,0.0012990955895297892,60138.37890625,58558.859375,60282.10953350341,ensemble
BTC,phase2_general,lstm,phase2_general_lstm,2026-06-30,2026-07-01,0.0243747988918137,0.0025252405786886202,0.0013440377611923363,58558.859375,60003.7578125,58706.92145043533,ensemble
BTC,phase2_general,lstm,phase2_general_lstm,2026-07-01,2026-07-02,0.0243909440883905,0.00263708643615244,0.0014385429671644337,60003.7578125,61485.30078125,60162.201731679386,ensemble
BTC,phase2_general,lstm,phase2_general_lstm,2026-07-02,2026-07-03,0.0170753597454698,0.0027213230729102402,0.001481933008061581,61485.30078125,62544.19921875,61652.85002331979,ensemble
BTC,phase2_general,lstm,phase2_general_lstm,2026-07-03,2026-07-04,0.0086619123839713,0.00271390888374294,0.0014430900978077777,62544.19921875,63088.3046875,62714.16901358122,ensemble
BTC,phase2_general,lstm,phase2_general_lstm,2026-07-04,2026-07-05,0.0072582750905089,0.0026819853344931597,0.0013861978044605596,63088.3046875,63547.8828125,63257.73369695,ensemble
BTC,phase2_general,lstm,phase2_general_lstm,2026-07-05,2026-07-06,0.0070115176898403,0.0025594085222109602,0.001236182864457251,63547.8828125,63995.015625,63710.736120512454,ensemble
BTC,phase2_general,lstm,phase2_general_lstm,2026-07-06,2026-07-07,-0.0109610318081771,0.00241610893281172,0.001061402540718333,63995.015625,63297.39453125,64149.82149251901,ensemble
BTC,phase2_general,lstm,phase2_general_lstm,2026-07-07,2026-07-08,-0.0165639655193486,0.00229484677547584,0.0009092772374316181,63297.39453125,62257.57421875,63442.81915277689,ensemble
BTC,phase2_general,lstm,phase2_general_lstm,2026-07-08,2026-07-09,0.0149156823369863,0.00215747797628858,0.0007863106346256225,62257.57421875,63193.1484375,62392.03856375786,ensemble
BTC,phase2_general,lstm,phase2_general_lstm,2026-07-09,2026-07-10,0.0146718005231559,0.00199011003132906,0.0007173912303031646,63193.1484375,64127.140625,63319.03497860266,ensemble
BTC,phase2_general,lstm,phase2_general_lstm,2026-07-10,2026-07-11,-0.0050827186063555,0.0017535826773382199,0.0006968998427016609,64127.140625,63802.02734375,64239.691522757894,ensemble
BTC,phase2_general,lstm,phase2_general_lstm,2026-07-11,2026-07-12,-0.0006868690961942,0.00160749240312722,0.0007391801748573358,63802.02734375,63758.21875,63904.671095431826,ensemble
BTC,phase2_general,lstm,phase2_general_lstm,2026-07-12,2026-07-13,-0.0241143387714378,0.00143300289055328,0.0007342556157344418,63758.21875,62239.12109375,63849.64995671088,ensemble
BTC,phase2_general,lstm,phase2_general_lstm,2026-07-13,2026-07-14,0.0427281030442609,0.00130325402133162,0.0007293854593257427,62239.12109375,64956.11328125,62320.28735724101,ensemble
BTC,phase2_general,lstm,phase2_general_lstm,2026-07-14,2026-07-15,-0.0037594109647903,0.0012724376865662,0.0007323266151834431,64956.11328125,64712.375,65038.8184952185,ensemble
BTC,phase2_general,lstm,phase2_general_lstm,2026-07-15,2026-07-16,-0.0143672798551762,0.0012715502176433402,0.0006882649683482239,64712.375,63789.28125,64794.71237147291,ensemble
BTC,phase2_general,lstm,phase2_general_lstm,2026-07-16,2026-07-17,0.0017257545646935,0.00121749884565358,0.0006754780703615026,63789.28125,63899.4609375,63866.99192301506,ensemble
BTC,phase2_general,lstm,phase2_general_lstm,2026-07-17,2026-07-18,0.0139422316447508,0.00118100814870552,0.0007381268453004338,63899.4609375,64796.6015625,63974.97130196625,ensemble
BTC,phase2_general,lstm,phase2_general_lstm,2026-07-18,2026-07-19,-0.0016340878484766,0.0011909084336366002,0.0007244555076915698,64796.6015625,64690.8046875,64873.814349325614,ensemble
BTC,phase2_general,lstm,phase2_general_lstm,2026-07-19,2026-07-20,0.0083008358863908,0.00117794219986532,0.0007158705226037544,64690.8046875,65230.02734375,64767.05161470488,ensemble
BTC,phase2_general,lstm,phase2_general_lstm,2026-07-20,2026-07-21,0.0193591073637143,0.0011596155934966601,0.0007000248291753995,65230.02734375,66505.125,65305.712975260016,ensemble
BTC,phase2_general,lstm,phase2_general_lstm,2026-07-21,2026-07-22,-0.0060982099788692,0.00115483359550118,0.0006659498216529786,66505.125,66100.796875,66581.97171666757,ensemble
BTC,phase2_general,lstm,phase2_general_lstm,2026-07-22,2026-07-23,-0.016104346952909,0.00115501532563934,0.0006277754048815939,66100.796875,65044.8125,66177.18841663569,ensemble
BTC,phase2_general,lstm,phase2_general_lstm,2026-07-23,2026-07-24,-0.0146555536542276,0.0011388488695956,0.0006395171407865059,65044.8125,64098.49609375,65118.93090801045,ensemble
BTC,phase2_general,lstm,phase2_general_lstm,2026-07-24,2026-07-25,0.003322421771433,0.00123111464199606,0.000594498986315624,64098.49609375,64311.8125,64177.45728598782,ensemble
BTC,phase2_general,lstm,phase2_general_lstm,2026-07-25,2026-07-26,0.0158656859403964,0.00129798391135406,0.0005903380371507548,64311.8125,65340.30078125,64395.34239643853,ensemble
BTC,phase2_general,lstm,phase2_general_lstm,2026-07-26,2026-07-27,-0.0250336529885953,0.0013507168041541398,0.0005767070567327578,65340.30078125,63724.8984375,65428.616654943835,ensemble
BTC,phase2_general,lstm,phase2_general_lstm,2026-07-27,2026-07-28,0.0022957554728576,0.0014100265456363202,0.0005934179955899275,63724.8984375,63871.36328125,63814.81561382002,ensemble
BTC,phase2_general,lstm,phase2_general_lstm,2026-07-28,2026-07-29,0.0005760654802496,0.0015435430919751199,0.0005381299967254233,63871.36328125,63908.16796875,63970.0276095498,ensemble
BTC,phase2_general,lstm,phase2_general_lstm,2026-07-29,2026-07-30,0.0127051159419568,0.0018327726051210803,0.00045207005633449376,63908.16796875,64725.30859375,64025.404509389606,ensemble
BTC,phase2_general,lstm,phase2_general_lstm,2026-07-30,2026-07-31,-0.0299783570286374,0.0020362210692837198,0.0005783030658167257,64725.30859375,62813.74609375,64857.237903861205,ensemble
BTC,phase2_general,lstm,phase2_general_lstm,2026-07-31,2026-08-01,-0.0008031049841085,0.0021037019556387803,0.0006632862272431217,62813.74609375,62763.3203125,62946.02658482768,ensemble
BTC,phase2_general,lstm,phase2_general_lstm,2026-08-01,2026-08-02,0.0113855697670751,0.00209083815570916,0.0006828475230102393,62763.3203125,63482.0,62894.68554124828,ensemble
BTC,phase2_general,lstm,phase2_general_lstm,2026-08-02,2026-08-03,-0.0003324575530272,0.00201467198785392,0.0006461803628022464,63482.0,63460.8984375,63610.024327342784,ensemble
BTC,phase2_general,lstm,phase2_general_lstm,2026-08-03,2026-08-04,0.0093330253934836,0.0018955691717564601,0.0005954559949369052,63460.8984375,64055.953125,63581.30704555865,ensemble
BTC,phase2_general,lstm,phase2_general_lstm,2026-08-04,2026-08-05,0.0084187413608024,0.0017971672350540597,0.0005505550927779145,64055.953125,64597.5,64171.17589144441,ensemble
BTC,phase2_general,lstm,phase2_general_lstm,2026-08-05,2026-08-06,-0.0052054707838791,0.0017606830224394202,0.0005450614867636629,64597.5,64262.11328125,64711.33590660844,ensemble
BTC,phase2_general,lstm,phase2_general_lstm,2026-08-06,2026-08-07,0.0095721203953674,0.00163444117642936,0.0006092682813921353,64262.11328125,64880.19140625,64367.23180690349,ensemble
BTC,phase2_general,lstm,phase2_general_lstm,2026-08-07,2026-08-08,0.0003774876433575,0.00155855154152954,0.0006821022820562715,64880.19140625,64904.6875,64981.38936921668,ensemble
BTC,phase2_general,lstm,phase2_general_lstm,2026-08-08,2026-08-09,-0.0009217877722439,0.00149281765334306,0.000741859920909048,64904.6875,64844.88671875,65001.65071948068,ensemble
BTC,phase2_general,lstm,phase2_general_lstm,2026-08-09,2026-08-10,-0.0145130480455691,0.0014087921357713198,0.0008245128146806236,64844.88671875,63910.5859375,64936.30406410333,ensemble
BTC,phase2_general,lstm,phase2_general_lstm,2026-08-10,2026-08-11,-0.0056285102588139,0.0013034359086304599,0.0009388993285706039,63910.5859375,63551.875,63993.94360403879,ensemble
BTC,phase2_general,lstm,phase2_general_lstm,2026-08-11,2026-08-12,-0.0023542560615523,0.00121443168027322,0.0010443202325608866,63551.875,63402.43359375,63629.10129387829,ensemble
BTC,phase2_general,lstm,phase2_general_lstm,2026-08-12,2026-08-13,-4.127906065128786e-06,0.00112735119182612,0.001167049250813946,63402.43359375,63402.171875,63473.95070770403,ensemble
BTC,phase2_general,lstm,phase2_general_lstm,2026-08-13,2026-08-14,-0.0067508670210942,0.00103693951386952,0.0012758323292680878,63402.171875,62975.59375,63467.95019045558,ensemble
BTC,phase2_general,lstm,phase2_general_lstm,2026-08-14,2026-08-15,0.0007734380660748,0.0009230118838786099,0.0013772209651039694,62975.59375,63024.3203125,63033.747805739134,ensemble
BTC,phase2_general,lstm,phase2_general_lstm,2026-08-15,2026-08-16,-0.0032686473868631,0.0007599693948577806,0.0014974714891642302,63024.3203125,62818.65234375,63072.23507163836,ensemble
BTC,phase2_general,lstm,phase2_general_lstm,2026-08-16,2026-08-17,0.0265101376702319,0.00053824426722712,0.0016636675858014577,62818.65234375,64506.25390625,62852.47322438,ensemble
BTC,phase2_general,lstm,phase2_general_lstm,2026-08-17,2026-08-18,0.0027008473728006,0.00036731404252352007,0.0017932196616460322,64506.25390625,64680.7109375,64529.95231125238,ensemble
BTC,phase2_general,lstm,phase2_general_lstm,2026-08-18,2026-08-19,0.0684938460027011,0.00024858218384907996,0.001922271161636209,64680.7109375,69266.1875,64696.79140845424,ensemble
BTC,phase2_general,lstm,phase2_general_lstm,2026-08-19,2026-08-20,0.052951205389763,0.00020429770229386004,0.0019947147934890625,69266.1875,73032.7578125,69280.33986855188,ensemble
BTC,phase2_general,lstm,phase2_general_lstm,2026-08-20,2026-08-21,0.0700888177551632,0.00026271498063579993,0.0020500330566092166,73032.7578125,78335.1875,73051.94713260506,ensemble
BTC,phase2_general,lstm,phase2_general_lstm,2026-08-21,2026-08-22,-0.0161087603875064,0.00031082982895897995,0.002117236620787144,78335.1875,77083.4140625,78359.54019750842,ensemble
BTC,phase2_general,lstm,phase2_general_lstm,2026-08-22,2026-08-23,0.0086781388253158,0.0003161580185406,0.0022374883429978833,77083.4140625,77755.265625,77107.7884548291,ensemble
BTC,phase2_general,lstm,phase2_general_lstm,2026-08-23,2026-08-24,0.0154319126625293,0.00035931576276202,0.0022640179102474717,77755.265625,78964.484375,77783.20933758435,ensemble
BTC,phase2_general,lstm,phase2_general_lstm,2026-08-24,2026-08-25,-0.0050721771868308,0.00032410899875685997,0.0021458943706523714,78964.484375,78564.9765625,78990.08162289325,ensemble
BTC,phase2_general,lstm,phase2_general_lstm,2026-08-25,2026-08-26,0.0058688952570538,0.00039554691174999997,0.0019530432412194689,78564.9765625,79027.421875,78596.05884319582,ensemble
BTC,phase2_general,lstm,phase2_general_lstm,2026-08-26,2026-08-27,0.0154457977224057,0.00053636890952476,0.001552110670785311,79027.421875,80257.5390625,79069.82109688937,ensemble
BTC,phase2_general,lstm,phase2_general_lstm,2026-08-27,2026-08-28,-0.0307100273130926,0.0005921714247960729,0.0010405188372154155,80257.5390625,77830.2890625,80305.0793583704,ensemble
BTC,phase2_general,lstm,phase2_general_lstm,2026-08-28,2026-08-29,0.0053246386227652,0.0006518764324027496,0.0006975991588692379,77830.2890625,78245.8125,77881.04133397453,ensemble
BTC,phase2_general,lstm,phase2_general_lstm,2026-08-29,2026-08-30,-0.007417513856522,0.00071650632016824,0.000639295118211449,78245.8125,77667.5703125,78301.89620894955,ensemble
BTC,phase2_general,lstm,phase2_general_lstm,2026-08-30,2026-08-31,0.0112801594802717,0.00073369177989658,0.001006444635378661,77667.5703125,78548.6328125,77724.57527988365,ensemble
BTC,phase2_general,xgb,phase2_general_xgb,2025-10-31,2025-11-01,0.004624825172493,0.00017146175669042004,0.0009460675335560833,109556.1640625,110064.015625,109574.95036536665,ensemble
BTC,phase2_general,xgb,phase2_general_xgb,2025-11-01,2025-11-02,0.0052161412333197,0.00071476867306042,0.0008015237279843021,110064.015625,110639.625,110142.71405763656,ensemble
BTC,phase2_general,xgb,phase2_general_xgb,2025-11-02,2025-11-03,-0.0376871829010099,-0.00867522796615954,0.004027515286783705,110639.625,106547.5234375,109683.95236364457,ensemble
BTC,phase2_general,xgb,phase2_general_xgb,2025-11-03,2025-11-04,-0.0476408575376077,-0.0034170268918386803,0.0022184854291300952,106547.5234375,101590.5234375,106184.0690050833,ensemble
BTC,phase2_general,xgb,phase2_general_xgb,2025-11-04,2025-11-05,0.0224000613217487,0.013640865124762,0.002287744955448051,101590.5234375,103891.8359375,102985.80082575354,ensemble
BTC,phase2_general,xgb,phase2_general_xgb,2025-11-05,2025-11-06,-0.0252511824918507,0.00152956249658012,0.0007032853554593093,103891.8359375,101301.2890625,104050.86658610366,ensemble
BTC,phase2_general,xgb,phase2_general_xgb,2025-11-06,2025-11-07,0.020238925968734,0.01767398808151478,0.0015627544608825233,101301.2890625,103372.40625,103107.60219686736,ensemble
BTC,phase2_general,xgb,phase2_general_xgb,2025-11-07,2025-11-08,-0.0106032122142002,-0.00825985027477138,0.0033403201292847703,103372.40625,102282.1171875,102522.08226070013,ensemble
BTC,phase2_general,xgb,phase2_general_xgb,2025-11-08,2025-11-09,0.02355183969968,0.00568665983155364,0.0015389401340901428,102282.1171875,104719.640625,102865.41773880203,ensemble
BTC,phase2_general,xgb,phase2_general_xgb,2025-11-09,2025-11-10,0.0121202693364623,-0.009945376683026499,0.0017627281493810564,104719.640625,105996.59375,103683.32616356628,ensemble
BTC,phase2_general,xgb,phase2_general_xgb,2025-11-10,2025-11-11,-0.0287025464768418,0.00140012784395362,0.0008014307237207393,105996.59375,102997.46875,106145.10647641381,ensemble
BTC,phase2_general,xgb,phase2_general_xgb,2025-11-11,2025-11-12,-0.0130391466426769,0.00138228363357482,0.00213477335206373,102997.46875,101663.1875,103139.9389097529,ensemble
BTC,phase2_general,xgb,phase2_general_xgb,2025-11-12,2025-11-13,-0.0195247429765854,-0.0024122414877637997,0.0027497521743457235,101663.1875,99697.4921875,101418.24688806119,ensemble
BTC,phase2_general,xgb,phase2_general_xgb,2025-11-13,2025-11-14,-0.0546228711365914,0.00460804797476152,0.002709066045612213,99697.4921875,94397.7890625,100157.96313576658,ensemble
BTC,phase2_general,xgb,phase2_general_xgb,2025-11-14,2025-11-15,0.0121231064987472,0.006265733856707779,0.0015943164365177888,94397.7890625,95549.1484375,94991.11736289471,ensemble
BTC,phase2_general,xgb,phase2_general_xgb,2025-11-15,2025-11-16,-0.0144639384619225,0.00116517266724256,0.0013746329947152871,95549.1484375,94177.078125,95660.5445789044,ensemble
BTC,phase2_general,xgb,phase2_general_xgb,2025-11-16,2025-11-17,-0.0223683827163435,0.00466600836953144,0.004132323713680674,94177.078125,92093.875,94617.53595057594,ensemble
BTC,phase2_general,xgb,phase2_general_xgb,2025-11-17,2025-11-18,0.0092411735633055,0.016254374012351,0.002947754259706096,92093.875,92948.875,93603.03528926928,ensemble
BTC,phase2_general,xgb,phase2_general_xgb,2025-11-18,2025-11-19,-0.0160823776998089,0.02095827199518676,0.0015137795689036573,92948.875,91465.9921875,94917.48002519929,ensemble
BTC,phase2_general,xgb,phase2_general_xgb,2025-11-19,2025-11-20,-0.0542991431316111,0.00494256713427598,0.002716662390067611,91465.9921875,86631.8984375,91919.18804727889,ensemble
BTC,phase2_general,xgb,phase2_general_xgb,2025-11-20,2025-11-21,-0.0179504904722895,0.009203324839472721,0.0031148220872597213,86631.8984375,85090.6875,87432.880133985,ensemble
BTC,phase2_general,xgb,phase2_general_xgb,2025-11-21,2025-11-22,-0.0052118723936807,0.0039917333720950205,0.0031292107073952772,85090.6875,84648.359375,85431.02565462267,ensemble
BTC,phase2_general,xgb,phase2_general_xgb,2025-11-22,2025-11-23,0.0251585865790003,0.01169106243178244,0.0034180199757557327,84648.359375,86805.0078125,85643.7961478532,ensemble
BTC,phase2_general,xgb,phase2_general_xgb,2025-11-23,2025-11-24,0.0167423578108394,0.006972588389180559,0.006366051517368756,86805.0078125,88270.5625,87412.37841398928,ensemble
BTC,phase2_general,xgb,phase2_general_xgb,2025-11-24,2025-11-25,-0.0105764769567544,0.0069907107390463005,0.0032009558487595363,88270.5625,87341.890625,88889.79839688957,ensemble
BTC,phase2_general,xgb,phase2_general_xgb,2025-11-25,2025-11-26,0.0357225879133364,0.01071813162416212,0.001502057331419316,87341.890625,90518.3671875,88283.06732283517,ensemble
BTC,phase2_general,xgb,phase2_general_xgb,2025-11-26,2025-11-27,0.0084378061084954,-0.017333392240107,0.0017407577497885421,90518.3671875,91285.375,88962.89655980434,ensemble
BTC,phase2_general,xgb,phase2_general_xgb,2025-11-27,2025-11-28,-0.0040186667744196,-0.00012930202065036,0.0026336571511586465,91285.375,90919.265625,91273.57237962446,ensemble
BTC,phase2_general,xgb,phase2_general_xgb,2025-11-28,2025-11-29,-0.0007427786269465,-0.00761432293802494,0.0014505523602203858,90919.265625,90851.7578125,90229.60595305548,ensemble
BTC,phase2_general,xgb,phase2_general_xgb,2025-11-29,2025-11-30,-0.0050477925731327,-0.00539202108047898,0.002311737727150684,90851.7578125,90394.3125,90363.2015556797,ensemble
BTC,phase2_general,xgb,phase2_general_xgb,2025-11-30,2025-12-01,-0.046101838054076,-0.00760062858462326,0.0031219209689170163,90394.3125,86321.5703125,89709.86332154424,ensemble
BTC,phase2_general,xgb,phase2_general_xgb,2025-12-01,2025-12-02,0.0566209938703037,-0.0032749786972999196,0.0037842776541308293,86321.5703125,91350.203125,86039.33142404509,ensemble
BTC,phase2_general,xgb,phase2_general_xgb,2025-12-02,2025-12-03,0.0235582620118316,0.00023651499068363997,0.0027724600490427894,91350.203125,93527.8046875,91371.81137267758,ensemble
BTC,phase2_general,xgb,phase2_general_xgb,2025-12-03,2025-12-04,-0.0149319728659321,0.0031341604888438603,0.0017230092798778307,93527.8046875,92141.625,93821.3956778731,ensemble
BTC,phase2_general,xgb,phase2_general_xgb,2025-12-04,2025-12-05,-0.0303430599756753,0.00234975318307986,0.0032309322916002515,92141.625,89387.7578125,92358.38964861349,ensemble
BTC,phase2_general,xgb,phase2_general_xgb,2025-12-05,2025-12-06,-0.0012916460625568,0.0036302537191658804,0.0011592922226146812,89387.7578125,89272.375,89712.84777524689,ensemble
BTC,phase2_general,xgb,phase2_general_xgb,2025-12-06,2025-12-07,0.0126145722260143,-0.00310106634860852,0.0017714437894129527,89272.375,90405.640625,88995.96424757973,ensemble
BTC,phase2_general,xgb,phase2_general_xgb,2025-12-07,2025-12-08,0.0025911959798138,-0.00948185864835974,0.0018279827073809807,90405.640625,90640.203125,89552.47829389262,ensemble
BTC,phase2_general,xgb,phase2_general_xgb,2025-12-08,2025-12-09,0.0223811926981977,-0.0002441761113005001,0.0022355179397394683,90640.203125,92691.7109375,90618.07365452743,ensemble
BTC,phase2_general,xgb,phase2_general_xgb,2025-12-09,2025-12-10,-0.0072628328466358,0.00360016433987762,0.001991520240301665,92691.7109375,92020.9453125,93026.0177484649,ensemble
BTC,phase2_general,xgb,phase2_general_xgb,2025-12-10,2025-12-11,0.0053149701081481,-0.0011285425513051198,0.002995979560585736,92020.9453125,92511.3359375,91917.1543373852,ensemble
BTC,phase2_general,xgb,phase2_general_xgb,2025-12-11,2025-12-12,-0.0245214214521475,-0.00578973516821856,0.0011982122814965114,92511.3359375,90270.4140625,91977.26735207615,ensemble
BTC,phase2_general,xgb,phase2_general_xgb,2025-12-12,2025-12-13,0.000313418755633,-0.00734499283134934,0.001692930101937537,90270.4140625,90298.7109375,89609.80756324327,ensemble
BTC,phase2_general,xgb,phase2_general_xgb,2025-12-13,2025-12-14,-0.0237976710179162,-0.00561066865921016,0.002931851890369596,90298.7109375,88175.1796875,89793.4934194597,ensemble
BTC,phase2_general,xgb,phase2_general_xgb,2025-12-14,2025-12-15,-0.0201089147130883,-0.00886832959949964,0.0037500255350888523,88175.1796875,86419.78125,87396.6702728754,ensemble
BTC,phase2_general,xgb,phase2_general_xgb,2025-12-15,2025-12-16,0.0163457369350781,0.003447463363409,0.0014375743442649194,86419.78125,87843.984375,86718.22442009757,ensemble
BTC,phase2_general,xgb,phase2_general_xgb,2025-12-16,2025-12-17,-0.0195448330408544,0.010507594794034899,0.0024097883714762217,87843.984375,86143.7578125,88771.87980514104,ensemble
BTC,phase2_general,xgb,phase2_general_xgb,2025-12-17,2025-12-18,-0.0079397284977681,0.00078159645199778,0.002751650100893035,86143.7578125,85462.5078125,86211.11378713445,ensemble
BTC,phase2_general,xgb,phase2_general_xgb,2025-12-18,2025-12-19,0.0304331549684077,0.0017242012429050802,0.0017411411414992343,85462.5078125,88103.3828125,85609.9894821942,ensemble
BTC,phase2_general,xgb,phase2_general_xgb,2025-12-19,2025-12-20,0.0027273551221506,0.00189075269736346,0.0018483216261160006,88103.3828125,88344.0,88270.12210290747,ensemble
BTC,phase2_general,xgb,phase2_general_xgb,2025-12-20,2025-12-21,0.0031390280669266,5.773856246373997e-05,0.0021020825660737824,88344.0,88621.75,88349.10100282317,ensemble
BTC,phase2_general,xgb,phase2_general_xgb,2025-12-21,2025-12-22,-0.001487584958889,-0.0017703816032735398,0.001565372074045251,88621.75,88490.015625,88464.99448363388,ensemble
BTC,phase2_general,xgb,phase2_general_xgb,2025-12-22,2025-12-23,-0.0122342749529535,-0.00017395576287530004,0.002051904150455277,88490.015625,87414.0,88474.62361562828,ensemble
BTC,phase2_general,xgb,phase2_general_xgb,2025-12-23,2025-12-24,0.0022620761040624,0.00940136732533568,0.002494341597608364,87414.0,87611.9609375,88239.68633206493,ensemble
BTC,phase2_general,xgb,phase2_general_xgb,2025-12-24,2025-12-25,-0.0043148578556266,-0.00774818016216154,0.000846249588482015,87611.9609375,87234.7421875,86935.75076191005,ensemble
BTC,phase2_general,xgb,phase2_general_xgb,2025-12-25,2025-12-26,0.000764168281323,-0.00395766922738398,0.0019656476426135492,87234.7421875,87301.4296875,86890.17821764213,ensemble
BTC,phase2_general,xgb,phase2_general_xgb,2025-12-26,2025-12-27,0.005719219565876,0.0007252327312017,0.0012296609586329701,87301.4296875,87802.15625,87364.76650598092,ensemble
BTC,phase2_general,xgb,phase2_general_xgb,2025-12-27,2025-12-28,0.0003835125589097,-0.00186385616543698,0.0010586167712652692,87802.15625,87835.8359375,87638.65807560713,ensemble
BTC,phase2_general,xgb,phase2_general_xgb,2025-12-28,2025-12-29,-0.0079748888825797,0.00205037405248728,0.0009410780157547062,87835.8359375,87138.140625,88016.11701504758,ensemble
BTC,phase2_general,xgb,phase2_general_xgb,2025-12-29,2025-12-30,0.0147180978087909,-0.01052074283361432,0.0020279083862898162,87138.140625,88430.1328125,86226.1882762372,ensemble
BTC,phase2_general,xgb,phase2_general_xgb,2025-12-30,2025-12-31,-0.0104730993492998,0.0101178308948874,0.0017675950218199931,88430.1328125,87508.828125,89329.39556505432,ensemble
BTC,phase2_general,xgb,phase2_general_xgb,2025-12-31,2026-01-01,0.01388073366055,-0.004509029518158027,0.003535619212226532,87508.828125,88731.984375,87115.13648651766,ensemble
BTC,phase2_general,xgb,phase2_general_xgb,2026-01-01,2026-01-02,0.0135745701301948,0.0018392539350315402,0.0019968057454468413,88731.984375,89944.6953125,88895.33520220139,ensemble
BTC,phase2_general,xgb,phase2_general_xgb,2026-01-02,2026-01-03,0.0072944096271482,-0.0006780644442187401,0.0018244718306398222,89944.6953125,90603.1875,89883.72768498867,ensemble
BTC,phase2_general,xgb,phase2_general_xgb,2026-01-03,2026-01-04,0.0089036899476068,0.00342581251170482,0.0015027680713015877,90603.1875,91413.4921875,90914.10930916341,ensemble
BTC,phase2_general,xgb,phase2_general_xgb,2026-01-04,2026-01-05,0.0266514983813646,-0.0007908194034825799,0.0037588193757776074,91413.4921875,93882.5546875,91341.22920138988,ensemble
BTC,phase2_general,xgb,phase2_general_xgb,2026-01-05,2026-01-06,-0.0016366097114998,-0.00451201617252078,0.004150263859408632,93882.5546875,93729.03125,93459.90929089268,ensemble
BTC,phase2_general,xgb,phase2_general_xgb,2026-01-06,2026-01-07,-0.0261689672501516,0.00649744113907212,0.0019205754187047745,93729.03125,91308.0546875,94340.0128726647,ensemble
BTC,phase2_general,xgb,phase2_general_xgb,2026-01-07,2026-01-08,-0.0030814668927555,-0.00759277436882252,0.0020221399003683875,91308.0546875,91027.125,90617.3985463616,ensemble
BTC,phase2_general,xgb,phase2_general_xgb,2026-01-08,2026-01-09,-0.0056629301495069,-0.0038995019393041398,0.00352162857350278,91027.125,90513.1015625,90672.85573529708,ensemble
BTC,phase2_general,xgb,phase2_general_xgb,2026-01-09,2026-01-10,-0.0013980466595052,-0.00392373753711576,0.0012105824390974695,90513.1015625,90386.6484375,90158.6477549092,ensemble
BTC,phase2_general,xgb,phase2_general_xgb,2026-01-10,2026-01-11,0.0048651109011003,-0.01388632524758572,0.0022569766576607335,90386.6484375,90827.4609375,89140.18447085863,ensemble
BTC,phase2_general,xgb,phase2_general_xgb,2026-01-11,2026-01-12,0.0040163809626806,-0.008490223158150881,0.0026936425169588837,90827.4609375,91192.9921875,90059.57987867545,ensemble
BTC,phase2_general,xgb,phase2_general_xgb,2026-01-12,2026-01-13,0.0442802850314782,0.00305098112439732,0.0028924721474353258,91192.9921875,95321.78125,91471.64515165526,ensemble
BTC,phase2_general,xgb,phase2_general_xgb,2026-01-13,2026-01-14,0.016723797821879,0.01290939189493652,0.0032950129366238244,95321.78125,96929.328125,96560.30457155165,ensemble
BTC,phase2_general,xgb,phase2_general_xgb,2026-01-14,2026-01-15,-0.0143200382747562,-0.0040007177158258595,0.0021637707533643472,96929.328125,95551.1875,96542.31592427239,ensemble
BTC,phase2_general,xgb,phase2_general_xgb,2026-01-15,2026-01-16,-0.0002728785518896,0.00410141991451376,0.0016298292520367968,95551.1875,95525.1171875,95943.88780720954,ensemble
BTC,phase2_general,xgb,phase2_general_xgb,2026-01-16,2026-01-17,-0.0044610720579804,0.00012023182353003993,0.0019346275298753165,95525.1171875,95099.921875,95536.60303700085,ensemble
BTC,phase2_general,xgb,phase2_general_xgb,2026-01-17,2026-01-18,-0.0155299936581246,-0.0022044078097678598,0.0022239498803175725,95099.921875,93634.4296875,94890.51375975282,ensemble
BTC,phase2_general,xgb,phase2_general_xgb,2026-01-18,2026-01-19,-0.0116102857616082,0.00386062480974936,0.003061359465484392,93634.4296875,92553.59375,93996.61577224275,ensemble
BTC,phase2_general,xgb,phase2_general_xgb,2026-01-19,2026-01-20,-0.0469242550548211,-0.00187559758778658,0.0024131542040713256,92553.59375,88310.90625,92380.16314667428,ensemble
BTC,phase2_general,xgb,phase2_general_xgb,2026-01-20,2026-01-21,0.0119993277601487,0.004278164131392216,0.0037932838855754213,88310.90625,89376.9609375,88689.52411874538,ensemble
BTC,phase2_general,xgb,phase2_general_xgb,2026-01-21,2026-01-22,0.0009560777691027,-0.00978395771235222,0.005511414835472344,89376.9609375,89462.453125,88506.7644556975,ensemble
BTC,phase2_general,xgb,phase2_general_xgb,2026-01-22,2026-01-23,0.0004629013309221,-0.01076522776857016,0.00400860360551749,89462.453125,89503.875,88504.53479596092,ensemble
BTC,phase2_general,xgb,phase2_general_xgb,2026-01-23,2026-01-24,-0.0044021176235583,-0.00660731848329302,0.001594512328563022,89503.875,89110.734375,88914.44381654407,ensemble
BTC,phase2_general,xgb,phase2_general_xgb,2026-01-24,2026-01-25,-0.0289008383617947,-0.00649510007351632,0.0019610216027348853,89110.734375,86572.21875,88533.82680195267,ensemble
BTC,phase2_general,xgb,phase2_general_xgb,2026-01-25,2026-01-26,0.0193889405513137,0.00604291297495362,0.002681438156844977,86572.21875,88267.140625,87096.9509928,ensemble
BTC,phase2_general,xgb,phase2_general_xgb,2026-01-26,2026-01-27,0.009420276564581,-0.00022168099312692833,0.002015559132879534,88267.140625,89102.5703125,88247.57564627787,ensemble
BTC,phase2_general,xgb,phase2_general_xgb,2026-01-27,2026-01-28,0.0009198645005418,0.0012653660320211002,0.002817060665590089,89102.5703125,89184.5703125,89215.38904177978,ensemble
BTC,phase2_general,xgb,phase2_general_xgb,2026-01-28,2026-01-29,-0.053227949504083,-0.009605702944099839,0.0026842236352057234,89184.5703125,84561.5859375,88331.991189357,ensemble
BTC,phase2_general,xgb,phase2_general_xgb,2026-01-29,2026-01-30,-0.00513284742955,0.01129881665110584,0.0022474215262468554,84561.5859375,84128.65625,85522.4498832795,ensemble
BTC,phase2_general,xgb,phase2_general_xgb,2026-01-30,2026-01-31,-0.0677069192719858,-0.00608129398897286,0.0022721076036143887,84128.65625,78621.1171875,83618.5976385509,ensemble
BTC,phase2_general,xgb,phase2_general_xgb,2026-01-31,2026-02-01,-0.0211668421472114,0.00809649014845486,0.004415320324430942,78621.1171875,76974.4453125,79260.25618811921,ensemble
BTC,phase2_general,xgb,phase2_general_xgb,2026-02-01,2026-02-02,0.0220269081578216,0.01104621803387994,0.003446352105717769,76974.4453125,78688.765625,77829.43532779194,ensemble
BTC,phase2_general,xgb,phase2_general_xgb,2026-02-02,2026-02-03,-0.0396004693749769,0.00554392810445274,0.0032042285413968097,78688.765625,75633.546875,79126.221977096,ensemble
BTC,phase2_general,xgb,phase2_general_xgb,2026-02-03,2026-02-04,-0.0351706159417589,0.014122241176664779,0.0034793382442287087,75633.546875,73019.703125,76709.23978461596,ensemble
BTC,phase2_general,xgb,phase2_general_xgb,2026-02-04,2026-02-05,-0.1523344080304475,0.0029194825910962598,0.0050169810547462945,73019.703125,62702.09765625,73233.19436742438,ensemble
BTC,phase2_general,xgb,phase2_general_xgb,2026-02-05,2026-02-06,0.118003181433477,0.01335572749376294,0.0045785356493456605,62702.09765625,70555.390625,63545.147023065256,ensemble
BTC,phase2_general,xgb,phase2_general_xgb,2026-02-06,2026-02-07,-0.0182134028127509,0.00323021570220586,0.0046620339161854854,70555.390625,69281.96875,70783.66825016383,ensemble
BTC,phase2_general,xgb,phase2_general_xgb,2026-02-07,2026-02-08,0.0140852358847471,0.00962593033909796,0.0029502056644962553,69281.96875,70264.7265625,69952.09226168352,ensemble
BTC,phase2_general,xgb,phase2_general_xgb,2026-02-08,2026-02-09,-0.0020507154219692,-0.00230505922809238,0.0046356957771715125,70264.7265625,70120.78125,70102.94873149999,ensemble
BTC,phase2_general,xgb,phase2_general_xgb,2026-02-09,2026-02-10,-0.0191032375898973,-0.00117144694086162,0.0022449447670999665,70120.78125,68793.9609375,70038.68656948316,ensemble
BTC,phase2_general,xgb,phase2_general_xgb,2026-02-10,2026-02-11,-0.0265432212123745,0.006850738939829119,0.0041526922951800865,68793.9609375,66991.96875,69266.8684378691,ensemble
BTC,phase2_general,xgb,phase2_general_xgb,2026-02-11,2026-02-12,-0.011562368274835,-0.0031292006082366598,0.002189211904256293,66991.96875,66221.84375,66782.66508800369,ensemble
BTC,phase2_general,xgb,phase2_general_xgb,2026-02-12,2026-02-13,0.0390337693571557,-0.00476592408958818,0.002231454409411111,66221.84375,68857.84375,65906.98635880087,ensemble
BTC,phase2_general,xgb,phase2_general_xgb,2026-02-13,2026-02-14,0.0131259330678483,-0.00762680731713766,0.001287050214215196,68857.84375,69767.625,68334.67582988091,ensemble
BTC,phase2_general,xgb,phase2_general_xgb,2026-02-14,2026-02-15,-0.0141380400688788,0.008671064581721979,0.0037669343090030454,69767.625,68788.1875,70375.21500123905,ensemble
BTC,phase2_general,xgb,phase2_general_xgb,2026-02-15,2026-02-16,0.00079878247825,0.0013209504424594402,0.002654627397616653,68788.1875,68843.15625,68879.11332774886,ensemble
BTC,phase2_general,xgb,phase2_general_xgb,2026-02-16,2026-02-17,-0.0197888733002862,-0.0009111204220971791,0.0037551178466891178,68843.15625,67494.21875,68780.46041048608,ensemble
BTC,phase2_general,xgb,phase2_general_xgb,2026-02-17,2026-02-18,-0.0159636322602148,-0.0015562209999188596,0.0038171693004573058,67494.21875,66425.3203125,67389.2645165809,ensemble
BTC,phase2_general,xgb,phase2_general_xgb,2026-02-18,2026-02-19,0.0079801259947047,0.012537234835326599,0.0037123583126573,66425.3203125,66957.5234375,67263.35247834746,ensemble
BTC,phase2_general,xgb,phase2_general_xgb,2026-02-19,2026-02-20,0.0155289956566322,-0.0035386802512220603,0.003260829337631147,66957.5234375,68005.421875,66721.00090726063,ensemble
BTC,phase2_general,xgb,phase2_general_xgb,2026-02-20,2026-02-21,-2.4354972344490844e-05,0.003645993443205919,0.0012332174685237135,68005.421875,68003.765625,68253.82175425377,ensemble
BTC,phase2_general,xgb,phase2_general_xgb,2026-02-21,2026-02-22,-0.005076923598302,-0.00201057598751504,0.0036183118533112584,68003.765625,67659.390625,67867.1762444507,ensemble
BTC,phase2_general,xgb,phase2_general_xgb,2026-02-22,2026-02-23,-0.0460126731356427,-0.0139315882697701,0.000951808077095733,67659.390625,64616.73828125,66723.32344350315,ensemble
BTC,phase2_general,xgb,phase2_general_xgb,2026-02-23,2026-02-24,-0.0083405104387447,-0.00971808340400454,0.0038259018191712985,64616.73828125,64080.04296875,63991.82880861502,ensemble
BTC,phase2_general,xgb,phase2_general_xgb,2026-02-24,2026-02-25,0.0587881628108732,-0.00044626047601921995,0.0020060920954609817,64080.04296875,67960.125,64051.4529580418,ensemble
BTC,phase2_general,xgb,phase2_general_xgb,2026-02-25,2026-02-26,-0.0074786108124004,0.03005121126770966,0.002234045146253256,67960.125,67453.7734375,70033.40534193431,ensemble
BTC,phase2_general,xgb,phase2_general_xgb,2026-02-26,2026-02-27,-0.0235803453997585,-0.00973445465788238,0.002771751248162478,67453.7734375,65881.796875,66800.33333993937,ensemble
BTC,phase2_general,xgb,phase2_general_xgb,2026-02-27,2026-02-28,0.0167686372009838,-0.009453868679702219,0.0026686921238565954,65881.796875,66995.859375,65261.89387674246,ensemble
BTC,phase2_general,xgb,phase2_general_xgb,2026-02-28,2026-03-01,-0.0189521272552437,-0.01245897617191072,0.0029315817606901727,66995.859375,65738.1015625,66166.33778454976,ensemble
BTC,phase2_general,xgb,phase2_general_xgb,2026-03-01,2026-03-02,0.0451739987422587,-0.00040517670568074,0.005155438907946329,65738.1015625,68775.8515625,65711.47141039417,ensemble
BTC,phase2_general,xgb,phase2_general_xgb,2026-03-02,2026-03-03,-0.0070359214012543,0.004415566055104099,0.0005766518715766668,68775.8515625,68293.6484375,69080.20733507173,ensemble
BTC,phase2_general,xgb,phase2_general_xgb,2026-03-03,2026-03-04,0.0626701105436228,-0.0102060980163514,0.003538599879308407,68293.6484375,72710.578125,67600.18158253729,ensemble
BTC,phase2_general,xgb,phase2_general_xgb,2026-03-04,2026-03-05,-0.026047184090688,-0.00112756806192916,0.00268033391426033,72710.578125,70841.125,72628.63820444215,ensemble
BTC,phase2_general,xgb,phase2_general_xgb,2026-03-05,2026-03-06,-0.0389267622298537,-0.00531503050588068,0.0037502249836159035,70841.125,68136.4921875,70465.60110406669,ensemble
BTC,phase2_general,xgb,phase2_general_xgb,2026-03-06,2026-03-07,-0.0127600028163738,-0.00116805599536744,0.001746991084656314,68136.4921875,67272.59375,68056.9514123802,ensemble
BTC,phase2_general,xgb,phase2_general_xgb,2026-03-07,2026-03-08,-0.0195561512724631,-0.009701969195157239,0.00427894817223271,67272.59375,65969.78125,66623.07302762294,ensemble
BTC,phase2_general,xgb,phase2_general_xgb,2026-03-08,2026-03-09,0.0362108831336739,-0.009906836412847,0.0036035369420597064,65969.78125,68402.3828125,65319.45607041008,ensemble
BTC,phase2_general,xgb,phase2_general_xgb,2026-03-09,2026-03-10,0.0220430630536829,0.0041089301463216,0.0023178028918273592,68402.3828125,69926.921875,68684.02164621616,ensemble
BTC,phase2_general,xgb,phase2_general_xgb,2026-03-10,2026-03-11,0.0039671408310243,-0.00337409013882276,0.0027634644664677856,69926.921875,70204.8828125,69691.37973113621,ensemble
BTC,phase2_general,xgb,phase2_general_xgb,2026-03-11,2026-03-12,0.0041020885103588,-0.00947219682857388,0.001687620954343324,70204.8828125,70493.4609375,69543.02790276127,ensemble
BTC,phase2_general,xgb,phase2_general_xgb,2026-03-12,2026-03-13,0.0067128612385433,-0.01122865471988908,0.002643926278523384,70493.4609375,70968.265625,69706.34162030007,ensemble
BTC,phase2_general,xgb,phase2_general_xgb,2026-03-13,2026-03-14,0.0034653905327112,-0.00024194091092793996,0.0015145709219246076,70968.265625,71214.625,70951.09757507828,ensemble
BTC,phase2_general,xgb,phase2_general_xgb,2026-03-14,2026-03-15,0.0218791978790222,-0.012976120971143198,0.0034029932544023585,71214.625,72789.9140625,70296.50511115158,ensemble
BTC,phase2_general,xgb,phase2_general_xgb,2026-03-15,2026-03-16,0.0280568061089276,-0.00390248920302834,0.004363459878145443,72789.9140625,74861.0859375,72506.40576262688,ensemble
BTC,phase2_general,xgb,phase2_general_xgb,2026-03-16,2026-03-17,-0.012617278563279,-0.00128294028108938,0.003063368307118554,74861.0859375,73922.4765625,74765.10521679593,ensemble
BTC,phase2_general,xgb,phase2_general_xgb,2026-03-17,2026-03-18,-0.0368841742334174,0.0125855548307299,0.002137150147977617,73922.4765625,71245.578125,74858.71110210089,ensemble
BTC,phase2_general,xgb,phase2_general_xgb,2026-03-18,2026-03-19,-0.0188841610476273,-0.01382805928587908,0.0037357044509491455,71245.578125,69912.7890625,70267.17037748828,ensemble
BTC,phase2_general,xgb,phase2_general_xgb,2026-03-19,2026-03-20,0.0086844316474486,-0.00886611761525268,0.0015980017235453473,69912.7890625,70522.5859375,69295.67380261289,ensemble
BTC,phase2_general,xgb,phase2_general_xgb,2026-03-20,2026-03-21,-0.0260161056310177,-0.0010447705746628,0.0011002305937070631,70522.5859375,68711.5234375,70448.94449077026,ensemble
BTC,phase2_general,xgb,phase2_general_xgb,2026-03-21,2026-03-22,-0.0126881200860849,-0.00223821269173636,0.002281538546068483,68711.5234375,67845.2109375,68557.90441382866,ensemble
BTC,phase2_general,xgb,phase2_general_xgb,2026-03-22,2026-03-23,0.044251193034697,-0.00024422050919382,0.0019261052094799967,67845.2109375,70914.859375,67828.64376864202,ensemble
BTC,phase2_general,xgb,phase2_general_xgb,2026-03-23,2026-03-24,-0.0056139915316955,-0.0087220734916627,0.0016914821170561777,70914.859375,70517.859375,70299.02434319368,ensemble
BTC,phase2_general,xgb,phase2_general_xgb,2026-03-24,2026-03-25,0.0111689244808132,0.008516307920217481,0.0004224052449275787,70517.859375,71309.8828125,71120.97569625833,ensemble
BTC,phase2_general,xgb,phase2_general_xgb,2026-03-25,2026-03-26,-0.0359529188074161,0.00028745311428791996,0.0014533678747591335,71309.8828125,68791.625,71330.38400681887,ensemble
BTC,phase2_general,xgb,phase2_general_xgb,2026-03-26,2026-03-27,-0.0363134696852071,0.0054188801441341,0.0013267499920192123,68791.625,66338.375,69165.41040529007,ensemble
BTC,phase2_general,xgb,phase2_general_xgb,2026-03-27,2026-03-28,-0.0002816215791388,-0.00358548338408578,0.0021388960995042854,66338.375,66319.6953125,66100.94576236316,ensemble
BTC,phase2_general,xgb,phase2_general_xgb,2026-03-28,2026-03-29,-0.0055154098337006,-0.00806343154981728,0.0028949286588448617,66319.6953125,65954.921875,65787.08122339786,ensemble
BTC,phase2_general,xgb,phase2_general_xgb,2026-03-29,2026-03-30,0.0111051817312093,-0.00811516819521778,0.0032146326654441796,65954.921875,66691.4453125,65421.85249002091,ensemble
BTC,phase2_general,xgb,phase2_general_xgb,2026-03-30,2026-03-31,0.0228562101625793,-0.00455775472801172,0.002145055074729916,66691.4453125,68233.3125,66388.17370609946,ensemble
BTC,phase2_general,xgb,phase2_general_xgb,2026-03-31,2026-04-01,-0.0022706442540199,0.00884017264470454,0.0026076219032902695,68233.3125,68078.5546875,68839.18080719368,ensemble
BTC,phase2_general,xgb,phase2_general_xgb,2026-04-01,2026-04-02,-0.0176341492288758,0.00852887704968444,0.001538837805418705,68078.5546875,66888.5703125,68661.671440958,ensemble
BTC,phase2_general,xgb,phase2_general_xgb,2026-04-02,2026-04-03,0.0006356502125007,0.0029717721015913197,0.001955892794093353,66888.5703125,66931.1015625,67087.6435533132,ensemble
BTC,phase2_general,xgb,phase2_general_xgb,2026-04-03,2026-04-04,0.0053555444955297,0.00341721328441046,0.0015052732610487754,66931.1015625,67290.515625,67160.21064625308,ensemble
BTC,phase2_general,xgb,phase2_general_xgb,2026-04-04,2026-04-05,0.0248248287948484,0.00201371330767868,0.0026347915424498507,67290.515625,68981.8984375,67426.15595632917,ensemble
BTC,phase2_general,xgb,phase2_general_xgb,2026-04-05,2026-04-06,-0.0017711667933321,-0.00460125093813982,0.003485700244437205,68981.8984375,68859.828125,68665.22451938642,ensemble
BTC,phase2_general,xgb,phase2_general_xgb,2026-04-06,2026-04-07,0.0437692500886501,-0.00291064219782124,0.0016827485287290885,68859.828125,71940.703125,68659.69320538832,ensemble
BTC,phase2_general,xgb,phase2_general_xgb,2026-04-07,2026-04-08,-0.0114263865929017,0.00054575830290558,0.0011996391496303194,71940.703125,71123.359375,71979.97607684231,ensemble
BTC,phase2_general,xgb,phase2_general_xgb,2026-04-08,2026-04-09,0.0090204739879136,-0.00364971663802858,0.002264851746352525,71123.359375,71767.828125,70864.25238809515,ensemble
BTC,phase2_general,xgb,phase2_general_xgb,2026-04-09,2026-04-10,0.0167360714535282,0.01408027075231072,0.0029147995420606017,71767.828125,72979.046875,72785.4862141743,ensemble
BTC,phase2_general,xgb,phase2_general_xgb,2026-04-10,2026-04-11,0.0010302658186926,0.00043271877220834,0.001851416539524609,72979.046875,73054.2734375,73010.63311204668,ensemble
BTC,phase2_general,xgb,phase2_general_xgb,2026-04-11,2026-04-12,-0.0320019564160111,-0.00567911779507992,0.0015377570405129216,73054.2734375,70753.40625,72640.56547326686,ensemble
BTC,phase2_general,xgb,phase2_general_xgb,2026-04-12,2026-04-13,0.0513922577822332,0.00544879934750492,0.0029112463230395623,70753.40625,74484.640625,71139.97958765623,ensemble
BTC,phase2_general,xgb,phase2_general_xgb,2026-04-13,2026-04-14,-0.0040766706589971,-0.00496368822641664,0.0026721518931033046,74484.640625,74181.609375,74115.83815872946,ensemble
BTC,phase2_general,xgb,phase2_general_xgb,2026-04-14,2026-04-15,0.0083695046837294,0.00012638333137145996,0.0013022361081447885,74181.609375,74805.078125,74190.98528638629,ensemble
BTC,phase2_general,xgb,phase2_general_xgb,2026-04-15,2026-04-16,0.0046287244870706,0.002641179920465201,0.0028547810154807033,74805.078125,75152.1328125,75002.91293895649,ensemble
BTC,phase2_general,xgb,phase2_general_xgb,2026-04-16,2026-04-17,0.025937296578403,0.005782956816256,0.000909347468922654,75152.1328125,77126.875,75587.9934180425,ensemble
BTC,phase2_general,xgb,phase2_general_xgb,2026-04-17,2026-04-18,-0.0183274450765037,-0.00412262014579024,0.0017555733482062799,77126.875,75726.2109375,76809.56471564545,ensemble
BTC,phase2_general,xgb,phase2_general_xgb,2026-04-18,2026-04-19,-0.0250023364949234,0.00030887067114232725,0.002113226322346609,75726.2109375,73856.3515625,75749.60415564885,ensemble
BTC,phase2_general,xgb,phase2_general_xgb,2026-04-19,2026-04-20,0.026932597272259,-0.00649726558476682,0.0022250643203195262,73856.3515625,75872.5234375,73378.04276355346,ensemble
BTC,phase2_general,xgb,phase2_general_xgb,2026-04-20,2026-04-21,0.0063097475019448,-0.0052821622230112,0.0014955750371801893,75872.5234375,76352.7734375,75472.8090678822,ensemble
BTC,phase2_general,xgb,phase2_general_xgb,2026-04-21,2026-04-22,0.0239449523733436,0.00831966744735832,0.0014423459292869961,76352.7734375,78203.1015625,76990.65291441257,ensemble
BTC,phase2_general,xgb,phase2_general_xgb,2026-04-22,2026-04-23,0.0008417038623198,-0.016262358054518637,0.001921364705187105,78203.1015625,78268.953125,76941.61985877203,ensemble
BTC,phase2_general,xgb,phase2_general_xgb,2026-04-23,2026-04-24,-0.0104498554007011,0.00103587994817642,0.001746688978971769,78268.953125,77455.3125,78350.07237175378,ensemble
BTC,phase2_general,xgb,phase2_general_xgb,2026-04-24,2026-04-25,0.002021098580043,0.00405386930797244,0.0019044260265833883,77455.3125,77612.015625,77769.94351971694,ensemble
BTC,phase2_general,xgb,phase2_general_xgb,2026-04-25,2026-04-26,0.0133812250281389,0.0044209937099366796,0.0020851882471323246,77612.015625,78657.5390625,77955.89744747804,ensemble
BTC,phase2_general,xgb,phase2_general_xgb,2026-04-26,2026-04-27,-0.0165479947079337,0.00280105225392612,0.0024545105253446255,78657.5390625,77366.625,78878.17179723369,ensemble
BTC,phase2_general,xgb,phase2_general_xgb,2026-04-27,2026-04-28,-0.0132186544907372,0.00423905076459044,0.001401307941311029,77366.625,76350.671875,77695.28215589236,ensemble
BTC,phase2_general,xgb,phase2_general_xgb,2026-04-28,2026-04-29,-0.0075534590417408,-0.002716468482685701,0.0022685390647958124,76350.671875,75776.1328125,76143.54912979108,ensemble
BTC,phase2_general,xgb,phase2_general_xgb,2026-04-29,2026-04-30,0.0069461868751349,0.002225296253891394,0.0014386548267065948,75776.1328125,76304.3203125,75944.94491579024,ensemble
BTC,phase2_general,xgb,phase2_general_xgb,2026-04-30,2026-05-01,0.0242715098940353,-0.0002802877434987777,0.002415617564739375,76304.3203125,78179.0,76282.9361437406,ensemble
BTC,phase2_general,xgb,phase2_general_xgb,2026-05-01,2026-05-02,0.0060987365147835,0.00239214540924872,0.001274212952864299,78179.0,78657.25,78366.23939859596,ensemble
BTC,phase2_general,xgb,phase2_general_xgb,2026-05-02,2026-05-03,-0.0015143369624661,0.00158422145759682,0.0007361321941696639,78657.25,78538.2265625,78781.95926070644,ensemble
BTC,phase2_general,xgb,phase2_general_xgb,2026-05-03,2026-05-04,0.0162876768649081,0.00402805078774686,0.001294109493398867,78538.2265625,79827.90625,78855.2205331727,ensemble
BTC,phase2_general,xgb,phase2_general_xgb,2026-05-04,2026-05-05,0.0136750438065225,0.00405507754476274,0.0025343005957999755,79827.90625,80927.0546875,80152.27181936865,ensemble
BTC,phase2_general,xgb,phase2_general_xgb,2026-05-05,2026-05-06,0.0061652480572739,-0.00221668058075006,0.0011443953254491996,80927.0546875,81427.53125,80747.86393462172,ensemble
BTC,phase2_general,xgb,phase2_general_xgb,2026-05-06,2026-05-07,-0.0175619083509024,-0.00119380610412916,0.0020515832581665706,81427.53125,80009.9921875,81330.38056722669,ensemble
BTC,phase2_general,xgb,phase2_general_xgb,2026-05-07,2026-05-08,0.0022069548930199,-0.00128636078443376,0.0010565990699215513,80009.9921875,80186.765625,79907.13664004163,ensemble
BTC,phase2_general,xgb,phase2_general_xgb,2026-05-08,2026-05-09,0.0059384470311886,0.0032352400477975,0.0007885925997199242,80186.765625,80664.3671875,80446.60916191807,ensemble
BTC,phase2_general,xgb,phase2_general_xgb,2026-05-09,2026-05-10,0.018115146956791,0.00341964084655038,0.0019479759660587159,80664.3671875,82138.9296875,80940.68253274813,ensemble
BTC,phase2_general,xgb,phase2_general_xgb,2026-05-10,2026-05-11,-0.0050117852194884,-0.00058605631347744,0.0027710533498199233,82138.9296875,81728.296875,82090.8057522198,ensemble
BTC,phase2_general,xgb,phase2_general_xgb,2026-05-11,2026-05-12,-0.0154227477056674,-0.00023347162641586,0.0027535242093456556,81728.296875,80477.4921875,81709.21786389494,ensemble
BTC,phase2_general,xgb,phase2_general_xgb,2026-05-12,2026-05-13,-0.0150280182312355,-0.00105295836692672,0.0009617632198104819,80477.4921875,79277.1171875,80392.79733665305,ensemble
BTC,phase2_general,xgb,phase2_general_xgb,2026-05-13,2026-05-14,0.0221321436988218,0.0016643666735035,0.0012598715052361857,79277.1171875,81051.25,79409.17324368356,ensemble
BTC,phase2_general,xgb,phase2_general_xgb,2026-05-14,2026-05-15,-0.0248027751369673,0.00393305746838448,0.0011938991735858996,81051.25,79065.6796875,81370.6569353101,ensemble
BTC,phase2_general,xgb,phase2_general_xgb,2026-05-15,2026-05-16,-0.0118863908425741,-0.00218245151918376,0.0008830339631795357,79065.6796875,78131.4375,78893.31083649851,ensemble
BTC,phase2_general,xgb,phase2_general_xgb,2026-05-16,2026-05-17,-0.0090265767978541,0.00021495258552024,0.0016605269948258418,78131.4375,77429.3515625,78148.23385964683,ensemble
BTC,phase2_general,xgb,phase2_general_xgb,2026-05-17,2026-05-18,-0.0061558536491211,0.0026629371646776905,0.0017365750946874545,77429.3515625,76954.171875,77635.81583910316,ensemble
BTC,phase2_general,xgb,phase2_general_xgb,2026-05-18,2026-05-19,-0.0026448799997123,0.00308123037684706,0.0012622209858382416,76954.171875,76750.90625,77191.65108319622,ensemble
BTC,phase2_general,xgb,phase2_general_xgb,2026-05-19,2026-05-20,0.0091677347836148,0.00463285765144966,0.0024160659611046987,76750.90625,77457.7734375,77107.30721327728,ensemble
BTC,phase2_general,xgb,phase2_general_xgb,2026-05-20,2026-05-21,0.0010503232153248,-0.0039138366002589,0.0015450573598196663,77457.7734375,77539.171875,77155.20884925201,ensemble
BTC,phase2_general,xgb,phase2_general_xgb,2026-05-21,2026-05-22,-0.0268063407026221,-0.0012929356424138,0.0024693870046470926,77539.171875,75488.2421875,77438.98349851795,ensemble
BTC,phase2_general,xgb,phase2_general_xgb,2026-05-22,2026-05-23,0.0155775030224184,0.00294042215682564,0.0015801433836016064,75488.2421875,76673.3671875,75710.53614628452,ensemble
BTC,phase2_general,xgb,phase2_general_xgb,2026-05-23,2026-05-24,0.004005847400396,-0.0010293169994838199,0.0016007979460784581,76673.3671875,76981.125,76594.48659078026,ensemble
BTC,phase2_general,xgb,phase2_general_xgb,2026-05-24,2026-05-25,0.0038740181286936,-0.0004922818916384001,0.002040370326860278,76981.125,77279.9296875,76943.23791249323,ensemble
BTC,phase2_general,xgb,phase2_general_xgb,2026-05-25,2026-05-26,-0.0189965414050318,0.00216499441303308,0.0011844072841909192,77279.9296875,75825.734375,77447.42154756133,ensemble
BTC,phase2_general,xgb,phase2_general_xgb,2026-05-26,2026-05-27,-0.0197253107241087,0.00564844133332366,0.0018787161888942604,75825.734375,74344.703125,76255.24347369366,ensemble
BTC,phase2_general,xgb,phase2_general_xgb,2026-05-27,2026-05-28,-0.0109298026618873,0.00070630151894874,0.0017907274132507784,74344.703125,73536.5546875,74397.23144997715,ensemble
BTC,phase2_general,xgb,phase2_general_xgb,2026-05-28,2026-05-29,-0.0022330998228095,-0.0017657025018706402,0.0006564639012219952,73536.5546875,73372.5234375,73406.82557412412,ensemble
BTC,phase2_general,xgb,phase2_general_xgb,2026-05-29,2026-05-30,0.0051970396549028,0.00510985367000096,0.0010290288783194694,73372.5234375,73754.8359375,73748.40582979922,ensemble
BTC,phase2_general,xgb,phase2_general_xgb,2026-05-30,2026-05-31,-0.0023775625144765,0.0039951897226273405,0.001389328632455989,73754.8359375,73579.6875,74050.08990511447,ensemble
BTC,phase2_general,xgb,phase2_general_xgb,2026-05-31,2026-06-01,-0.0311953863032946,0.004027257784036881,0.0029874535498439166,73579.6875,71319.7734375,73876.60935835433,ensemble
BTC,phase2_general,xgb,phase2_general_xgb,2026-06-01,2026-06-02,-0.0669138485252581,5.579795688391998e-05,0.003849307458513132,71319.7734375,66703.65625,71323.75304616921,ensemble
BTC,phase2_general,xgb,phase2_general_xgb,2026-06-02,2026-06-03,-0.0411522222901916,0.009717449825257001,0.0022998892471633144,66703.65625,64014.3671875,67355.00528304164,ensemble
BTC,phase2_general,xgb,phase2_general_xgb,2026-06-03,2026-06-04,-0.0033296811494371,0.005581051250919659,0.0023960691271146767,64014.3671875,63801.57421875,64372.63347287536,ensemble
BTC,phase2_general,xgb,phase2_general_xgb,2026-06-04,2026-06-05,-0.0461725426252123,0.00454469501273706,0.0037822054611312407,63801.57421875,60922.66796875,64092.192801108686,ensemble
BTC,phase2_general,xgb,phase2_general_xgb,2026-06-05,2026-06-06,-0.0009073630482773,0.00506703159771854,0.0023191322600206923,60922.66796875,60867.4140625,61232.14846393486,ensemble
BTC,phase2_general,xgb,phase2_general_xgb,2026-06-06,2026-06-07,0.0382314561194156,0.005507347872480721,0.002200234185367601,60867.4140625,63239.51953125,61203.55686388637,ensemble
BTC,phase2_general,xgb,phase2_general_xgb,2026-06-07,2026-06-08,-0.0023577871851843,-0.0027686084620654203,0.0037334492286361294,63239.51953125,63090.58984375,63064.676210371654,ensemble
BTC,phase2_general,xgb,phase2_general_xgb,2026-06-08,2026-06-09,-0.0231992749169722,-0.0040620686486363,0.0030661338407718852,63090.58984375,61643.78125,62834.831342692516,ensemble
BTC,phase2_general,xgb,phase2_general_xgb,2026-06-09,2026-06-10,-0.0031600860854061,0.00450849347544132,0.003870650224486519,61643.78125,61449.2890625,61922.32927972878,ensemble
BTC,phase2_general,xgb,phase2_general_xgb,2026-06-10,2026-06-11,0.0337886685240648,0.0009558818768709801,0.004094680928397636,61449.2890625,63561.0546875,61508.0554066285,ensemble
BTC,phase2_general,xgb,phase2_general_xgb,2026-06-11,2026-06-12,-0.0002809578486747,-0.00248335074866186,0.001361714443562937,63561.0546875,63543.19921875,63403.40612411364,ensemble
BTC,phase2_general,xgb,phase2_general_xgb,2026-06-12,2026-06-13,0.0137247224557035,-0.0010318033630027999,0.0036181222212455432,63543.19921875,64421.32421875,63477.668945092235,ensemble
BTC,phase2_general,xgb,phase2_general_xgb,2026-06-13,2026-06-14,0.0198124847553173,-0.00097970616188832,0.0018142046910317124,64421.32421875,65710.3984375,64358.24115693379,ensemble
BTC,phase2_general,xgb,phase2_general_xgb,2026-06-14,2026-06-15,0.0087743291428838,-0.00109489042079076,0.002578192242590728,65710.3984375,66289.5,65638.4921236549,ensemble
BTC,phase2_general,xgb,phase2_general_xgb,2026-06-15,2026-06-16,-0.0104460520817153,0.0018352404760661998,0.0011927310038404517,66289.5,65600.640625,66411.26887694649,ensemble
BTC,phase2_general,xgb,phase2_general_xgb,2026-06-16,2026-06-17,-0.0181854515308644,0.00607111724093552,0.0023666793685115945,65600.640625,64418.4453125,66000.12122507473,ensemble
BTC,phase2_general,xgb,phase2_general_xgb,2026-06-17,2026-06-18,-0.0239099264595433,-0.006517709139734459,0.0030232796677345125,64418.4453125,62896.47265625,63999.94991983331,ensemble
BTC,phase2_general,xgb,phase2_general_xgb,2026-06-18,2026-06-19,0.0101927013006599,0.0039086578181013,0.0015883469486604415,62896.47265625,63540.8359375,63142.794526179554,ensemble
BTC,phase2_general,xgb,phase2_general_xgb,2026-06-19,2026-06-20,0.0109382377964082,0.00052579732728194,0.002691005877138163,63540.8359375,64239.67578125,63574.25432408846,ensemble
BTC,phase2_general,xgb,phase2_general_xgb,2026-06-20,2026-06-21,-0.0157229253051467,0.0020282028788641943,0.0020760198559622357,64239.67578125,63237.5390625,64370.09909436722,ensemble
BTC,phase2_general,xgb,phase2_general_xgb,2026-06-21,2026-06-22,0.0112363538248423,0.00055111790425144,0.0023560614713697657,63237.5390625,63952.10546875,63272.400007861346,ensemble
BTC,phase2_general,xgb,phase2_general_xgb,2026-06-22,2026-06-23,-0.0202831889602721,0.0105782384052872,0.0016298587501214277,63952.10546875,62668.01953125,64632.19682940301,ensemble
BTC,phase2_general,xgb,phase2_general_xgb,2026-06-23,2026-06-24,-0.0270571911625371,0.0014821149874477998,0.0016201014750315355,62668.01953125,60995.1328125,62760.96960656578,ensemble
BTC,phase2_general,xgb,phase2_general_xgb,2026-06-24,2026-06-25,-0.0210990381164694,0.00300868664344304,0.002407679577471486,60995.1328125,59721.67578125,61178.92440091354,ensemble
BTC,phase2_general,xgb,phase2_general_xgb,2026-06-25,2026-06-26,0.004923319948585,0.004339742427691759,0.0029830316865911183,59721.67578125,60016.4296875,59981.415665941764,ensemble
BTC,phase2_general,xgb,phase2_general_xgb,2026-06-26,2026-06-27,-0.0012726617424323,0.00054910762119104,0.0011695518088542525,60016.4296875,59940.09765625,60049.39421614675,ensemble
BTC,phase2_general,xgb,phase2_general_xgb,2026-06-27,2026-06-28,-0.0068259994404737,0.0006609992815356106,0.001190067394506196,59940.09765625,59532.33984375,59979.73111513682,ensemble
BTC,phase2_general,xgb,phase2_general_xgb,2026-06-28,2026-06-29,0.0101285301835763,0.00587125096935774,0.0034785356709340605,59532.33984375,60138.37890625,59882.89724999943,ensemble
BTC,phase2_general,xgb,phase2_general_xgb,2026-06-29,2026-06-30,-0.0266158302862621,-0.01004174333065744,0.002293675983110736,60138.37890625,58558.859375,59537.50669237596,ensemble
BTC,phase2_general,xgb,phase2_general_xgb,2026-06-30,2026-07-01,0.0243747988918137,0.0043484615627675804,0.0010145690167732734,58558.859375,60003.7578125,58814.05477572068,ensemble
BTC,phase2_general,xgb,phase2_general_xgb,2026-07-01,2026-07-02,0.0243909440883905,-0.0017358185723423403,0.0014152011960856228,60003.7578125,61485.30078125,59899.69252064153,ensemble
BTC,phase2_general,xgb,phase2_general_xgb,2026-07-02,2026-07-03,0.0170753597454698,0.0173306986689567,0.0019627697309725976,61485.30078125,62544.19921875,62560.1712262997,ensemble
BTC,phase2_general,xgb,phase2_general_xgb,2026-07-03,2026-07-04,0.0086619123839713,-0.00636614076793188,0.0021454281173722924,62544.19921875,63088.3046875,62147.29874490551,ensemble
BTC,phase2_general,xgb,phase2_general_xgb,2026-07-04,2026-07-05,0.0072582750905089,-0.0056467169895767794,0.0015144229266938762,63088.3046875,63547.8828125,62733.06679341185,ensemble
BTC,phase2_general,xgb,phase2_general_xgb,2026-07-05,2026-07-06,0.0070115176898403,-0.0037871326319872797,0.0012181110180123004,63547.8828125,63995.015625,63307.673690806056,ensemble
BTC,phase2_general,xgb,phase2_general_xgb,2026-07-06,2026-07-07,-0.0109610318081771,-0.00399559012148526,0.002033119521458355,63995.015625,63297.39453125,63739.8279249715,ensemble
BTC,phase2_general,xgb,phase2_general_xgb,2026-07-07,2026-07-08,-0.0165639655193486,-0.00293734940933056,0.0016994428695247424,63297.39453125,62257.57421875,63111.74076528673,ensemble
BTC,phase2_general,xgb,phase2_general_xgb,2026-07-08,2026-07-09,0.0149156823369863,-0.00510371099226172,0.0022722618750323285,62257.57421875,63193.1484375,61940.63901366009,ensemble
BTC,phase2_general,xgb,phase2_general_xgb,2026-07-09,2026-07-10,0.0146718005231559,0.00538199767470356,0.0019331157375293536,63193.1484375,64127.140625,63534.170682745695,ensemble
BTC,phase2_general,xgb,phase2_general_xgb,2026-07-10,2026-07-11,-0.0050827186063555,-0.00162457587721286,0.0011917231092909767,64127.140625,63802.02734375,64023.04579713347,ensemble
BTC,phase2_general,xgb,phase2_general_xgb,2026-07-11,2026-07-12,-0.0006868690961942,-0.0018360955582465601,0.002176561831915298,63802.02734375,63758.21875,63684.988205138936,ensemble
BTC,phase2_general,xgb,phase2_general_xgb,2026-07-12,2026-07-13,-0.0241143387714378,-0.0009610210196115,0.001330381910435197,63758.21875,62239.12109375,63696.97519449386,ensemble
BTC,phase2_general,xgb,phase2_general_xgb,2026-07-13,2026-07-14,0.0427281030442609,0.00834068683907386,0.0022065349083921614,62239.12109375,64956.11328125,62760.40903965153,ensemble
BTC,phase2_general,xgb,phase2_general_xgb,2026-07-14,2026-07-15,-0.0037594109647903,0.0016482413702760199,0.0017159257525395418,64956.11328125,64712.375,65063.264916032924,ensemble
BTC,phase2_general,xgb,phase2_general_xgb,2026-07-15,2026-07-16,-0.0143672798551762,-0.0026563037419691403,0.0011186090972440078,64712.375,63789.28125,64540.7073777493,ensemble
BTC,phase2_general,xgb,phase2_general_xgb,2026-07-16,2026-07-17,0.0017257545646935,-0.00108317839913066,0.0008417872545016191,63789.28125,63899.4609375,63720.22348614496,ensemble
BTC,phase2_general,xgb,phase2_general_xgb,2026-07-17,2026-07-18,0.0139422316447508,-0.00535548608750102,0.0013971035848696198,63899.4609375,64796.6015625,63558.162987398864,ensemble
BTC,phase2_general,xgb,phase2_general_xgb,2026-07-18,2026-07-19,-0.0016340878484766,0.00471409307792778,0.0012552700177616508,64796.6015625,64690.8046875,65102.77988294134,ensemble
BTC,phase2_general,xgb,phase2_general_xgb,2026-07-19,2026-07-20,0.0083008358863908,0.0037830478977411404,0.0011536075821381405,64690.8046875,65230.02734375,64935.99659411873,ensemble
BTC,phase2_general,xgb,phase2_general_xgb,2026-07-20,2026-07-21,0.0193591073637143,0.00552679821848864,0.0011357361404210088,65230.02734375,66505.125,65591.53862239943,ensemble
BTC,phase2_general,xgb,phase2_general_xgb,2026-07-21,2026-07-22,-0.0060982099788692,0.0018178735859692,0.0023009116330026417,66505.125,66100.796875,66626.13286524585,ensemble
BTC,phase2_general,xgb,phase2_general_xgb,2026-07-22,2026-07-23,-0.016104346952909,0.00611274242401118,0.0021172631773259043,66100.796875,65044.8125,66506.09148910343,ensemble
BTC,phase2_general,xgb,phase2_general_xgb,2026-07-23,2026-07-24,-0.0146555536542276,0.00172913518035782,0.0018651172517430228,65044.8125,64098.49609375,65157.3810686822,ensemble
BTC,phase2_general,xgb,phase2_general_xgb,2026-07-24,2026-07-25,0.003322421771433,9.498447398069779e-05,0.0008049387128335009,64098.49609375,64311.8125,64104.5847448435,ensemble
BTC,phase2_general,xgb,phase2_general_xgb,2026-07-25,2026-07-26,0.0158656859403964,0.00080861211463338,0.0005487529118454644,64311.8125,65340.30078125,64363.83684162328,ensemble
BTC,phase2_general,xgb,phase2_general_xgb,2026-07-26,2026-07-27,-0.0250336529885953,0.0009343604673631399,0.00239118126453771,65340.30078125,63724.8984375,65401.38070611547,ensemble
BTC,phase2_general,xgb,phase2_general_xgb,2026-07-27,2026-07-28,0.0022957554728576,0.00428607119247312,0.0013330149665344317,63724.8984375,63871.36328125,63998.61405221972,ensemble
BTC,phase2_general,xgb,phase2_general_xgb,2026-07-28,2026-07-29,0.0005760654802496,0.0030279651517048,0.0018472352676834499,63871.36328125,63908.16796875,64065.056643842574,ensemble
BTC,phase2_general,xgb,phase2_general_xgb,2026-07-29,2026-07-30,0.0127051159419568,-0.0005835652162204328,0.0015574474736953403,63908.16796875,64725.30859375,63870.884264685556,ensemble
BTC,phase2_general,xgb,phase2_general_xgb,2026-07-30,2026-07-31,-0.0299783570286374,-0.00016038206231312,0.000796741440137888,64725.30859375,62813.74609375,64714.92864767471,ensemble
BTC,phase2_general,xgb,phase2_general_xgb,2026-07-31,2026-08-01,-0.0008031049841085,-0.0008003925322554801,0.001039989063910596,62813.74609375,62763.3203125,62763.490555215365,ensemble
BTC,phase2_general,xgb,phase2_general_xgb,2026-08-01,2026-08-02,0.0113855697670751,0.0013389016501604999,0.0005973963933242571,62763.3203125,63482.0,62847.41050732418,ensemble
BTC,phase2_general,xgb,phase2_general_xgb,2026-08-02,2026-08-03,-0.0003324575530272,0.0062291196081787,0.0017959465436748674,63482.0,63460.8984375,63878.67114433494,ensemble
BTC,phase2_general,xgb,phase2_general_xgb,2026-08-03,2026-08-04,0.0093330253934836,0.00275481611024582,0.0017040096265446634,63460.8984375,64055.953125,63635.962566914684,ensemble
BTC,phase2_general,xgb,phase2_general_xgb,2026-08-04,2026-08-05,0.0084187413608024,0.0007460482956957656,0.0017525502123950307,64055.953125,64597.5,64103.759790481345,ensemble
BTC,phase2_general,xgb,phase2_general_xgb,2026-08-05,2026-08-06,-0.0052054707838791,-0.01044040136039252,0.0012504303234087246,64597.5,64262.11328125,63926.58458049933,ensemble
BTC,phase2_general,xgb,phase2_general_xgb,2026-08-06,2026-08-07,0.0095721203953674,0.00012118485174141997,0.0018458549897632731,64262.11328125,64880.19140625,64269.9013478089,ensemble
BTC,phase2_general,xgb,phase2_general_xgb,2026-08-07,2026-08-08,0.0003774876433575,0.00262768093962218,0.0005441844351054219,64880.19140625,64904.6875,65050.90003424684,ensemble
BTC,phase2_general,xgb,phase2_general_xgb,2026-08-08,2026-08-09,-0.0009217877722439,0.005492686433717539,0.0016411715910390466,64904.6875,64844.88671875,65262.16946593121,ensemble
BTC,phase2_general,xgb,phase2_general_xgb,2026-08-09,2026-08-10,-0.0145130480455691,4.422318306720086e-06,0.0020245488916260206,64844.88671875,63910.5859375,64845.17348411372,ensemble
BTC,phase2_general,xgb,phase2_general_xgb,2026-08-10,2026-08-11,-0.0056285102588139,0.00196042144671082,0.002601209890871814,63910.5859375,63551.875,64036.00051338923,ensemble
BTC,phase2_general,xgb,phase2_general_xgb,2026-08-11,2026-08-12,-0.0023542560615523,0.00838655913248652,0.0018227502810397647,63551.875,63402.43359375,64087.09775928498,ensemble
BTC,phase2_general,xgb,phase2_general_xgb,2026-08-12,2026-08-13,-4.127906065128786e-06,-0.00137862247647716,0.0016935572446010706,63402.43359375,63402.171875,63315.08579738641,ensemble
BTC,phase2_general,xgb,phase2_general_xgb,2026-08-13,2026-08-14,-0.0067508670210942,0.0039308134000748,0.0008693629247747812,63402.171875,62975.59375,63651.88444703046,ensemble
BTC,phase2_general,xgb,phase2_general_xgb,2026-08-14,2026-08-15,0.0007734380660748,0.00016224405844696005,0.0014389213932458629,62975.59375,63024.3203125,62985.81199481545,ensemble
BTC,phase2_general,xgb,phase2_general_xgb,2026-08-15,2026-08-16,-0.0032686473868631,0.002154192766465669,0.001832864206454621,63024.3203125,62818.65234375,63160.233186134064,ensemble
BTC,phase2_general,xgb,phase2_general_xgb,2026-08-16,2026-08-17,0.0265101376702319,-0.003806418471504,0.0024767928591749163,62818.65234375,64506.25390625,62579.992772372134,ensemble
BTC,phase2_general,xgb,phase2_general_xgb,2026-08-17,2026-08-18,0.0027008473728006,-0.0026208031107671,0.002178590141633733,64506.25390625,64680.7109375,64337.417056059174,ensemble
BTC,phase2_general,xgb,phase2_general_xgb,2026-08-18,2026-08-19,0.0684938460027011,-0.00038540228852070003,0.0015268280215750508,64680.7109375,69266.1875,64655.78764653672,ensemble
BTC,phase2_general,xgb,phase2_general_xgb,2026-08-19,2026-08-20,0.052951205389763,-0.00588106354698532,0.0029291680256313076,69266.1875,73032.7578125,68860.02415653232,ensemble
BTC,phase2_general,xgb,phase2_general_xgb,2026-08-20,2026-08-21,0.0700888177551632,0.00972641808912154,0.003807171265764278,73032.7578125,78335.1875,73746.57074327976,ensemble
BTC,phase2_general,xgb,phase2_general_xgb,2026-08-21,2026-08-22,-0.0161087603875064,0.0078499166294932,0.0010803239309937068,78335.1875,77083.4140625,78952.53207262169,ensemble
BTC,phase2_general,xgb,phase2_general_xgb,2026-08-22,2026-08-23,0.0086781388253158,-0.0018722360196988801,0.0014561662033051978,77083.4140625,77755.265625,76939.23073289914,ensemble
BTC,phase2_general,xgb,phase2_general_xgb,2026-08-23,2026-08-24,0.0154319126625293,0.00834517022594806,0.0024857166939663586,77755.265625,78964.484375,78406.86161078876,ensemble
BTC,phase2_general,xgb,phase2_general_xgb,2026-08-24,2026-08-25,-0.0050721771868308,0.00266782052349294,0.002900073135688923,78964.484375,78564.9765625,79175.42870273386,ensemble
BTC,phase2_general,xgb,phase2_general_xgb,2026-08-25,2026-08-26,0.0058688952570538,0.008478033076971741,0.004058947408147241,78564.9765625,79027.421875,79233.88453786945,ensemble
BTC,phase2_general,xgb,phase2_general_xgb,2026-08-26,2026-08-27,0.0154457977224057,0.00183314005844292,0.0022346809359708422,79027.421875,80257.5390625,79172.4230708997,ensemble
BTC,phase2_general,xgb,phase2_general_xgb,2026-08-27,2026-08-28,-0.0307100273130926,0.0020470737130381,0.002474386085269104,80257.5390625,77830.2890625,80422.00043583363,ensemble
BTC,phase2_general,xgb,phase2_general_xgb,2026-08-28,2026-08-29,0.0053246386227652,0.00261532352305948,0.0032526368547991114,77830.2890625,78245.8125,78034.10685685294,ensemble
BTC,phase2_general,xgb,phase2_general_xgb,2026-08-29,2026-08-30,-0.007417513856522,0.00540942754596468,0.0030657133327990993,78245.8125,77667.5703125,78670.2244313654,ensemble
BTC,phase2_general,xgb,phase2_general_xgb,2026-08-30,2026-08-31,0.0112801594802717,-3.376761451362002e-05,0.0024582312183777065,77667.5703125,78548.6328125,77664.94770820528,ensemble
BTC,phase3_crypto,lstm,phase3_crypto_lstm,2025-10-31,2025-11-01,0.004624825172493095,0.000407822595025209,0.0008011874909679634,109556.1640625,110064.015625,109600.85265351817,ensemble
BTC,phase3_crypto,lstm,phase3_crypto_lstm,2025-11-01,2025-11-02,0.005216141233319792,0.00039561569719808175,0.0007974788765174635,110064.015625,110639.625,110107.56729157135,ensemble
BTC,phase3_crypto,lstm,phase3_crypto_lstm,2025-11-02,2025-11-03,-0.03768718290100999,0.0004460578216821887,0.0008062889299717428,110639.625,106547.5234375,110688.98767860522,ensemble
BTC,phase3_crypto,lstm,phase3_crypto_lstm,2025-11-03,2025-11-04,-0.04764085753760775,0.0005928624639636837,0.0008589592464346766,106547.5234375,101590.5234375,106610.71019345152,ensemble
BTC,phase3_crypto,lstm,phase3_crypto_lstm,2025-11-04,2025-11-05,0.022400061321748738,0.0008122280138195493,0.0008857704744329847,101590.5234375,103891.8359375,101673.07162601194,ensemble
BTC,phase3_crypto,lstm,phase3_crypto_lstm,2025-11-05,2025-11-06,-0.025251182491850755,0.001090170683892211,0.000901390617112676,103891.8359375,101301.2890625,104005.15753005052,ensemble
BTC,phase3_crypto,lstm,phase3_crypto_lstm,2025-11-06,2025-11-07,0.02023892596873405,0.0014189464680384844,0.0008525728079535762,101301.2890625,103372.40625,101445.13219754261,ensemble
BTC,phase3_crypto,lstm,phase3_crypto_lstm,2025-11-07,2025-11-08,-0.010603212214200236,0.0017071955604478716,0.0008955581570105016,103372.40625,102282.1171875,103549.03388908478,ensemble
BTC,phase3_crypto,lstm,phase3_crypto_lstm,2025-11-08,2025-11-09,0.023551839699680072,0.0018796626362018287,0.0009430168820270099,102282.1171875,104719.640625,102474.55386288457,ensemble
BTC,phase3_crypto,lstm,phase3_crypto_lstm,2025-11-09,2025-11-10,0.01212026933646231,0.001859655696898699,0.0008966325828167372,104719.640625,105996.59375,104914.56429054232,ensemble
BTC,phase3_crypto,lstm,phase3_crypto_lstm,2025-11-10,2025-11-11,-0.028702546476841843,0.0017627588589675725,0.000872644636353574,105996.59375,102997.46875,106183.60496406507,ensemble
BTC,phase3_crypto,lstm,phase3_crypto_lstm,2025-11-11,2025-11-12,-0.013039146642676998,0.0016661228437442333,0.0008316318978132018,102997.46875,101663.1875,103169.21822366207,ensemble
BTC,phase3_crypto,lstm,phase3_crypto_lstm,2025-11-12,2025-11-13,-0.019524742976585432,0.001585880998754874,0.0008325845216884947,101663.1875,99697.4921875,101824.54112733765,ensemble
BTC,phase3_crypto,lstm,phase3_crypto_lstm,2025-11-13,2025-11-14,-0.05462287113659148,0.0015303951397072524,0.0008150426205247673,99697.4921875,94397.7890625,99850.18555577703,ensemble
BTC,phase3_crypto,lstm,phase3_crypto_lstm,2025-11-14,2025-11-15,0.01212310649874722,0.0015075964736752212,0.0007940297243164864,94397.7890625,95549.1484375,94540.21016621511,ensemble
BTC,phase3_crypto,lstm,phase3_crypto_lstm,2025-11-15,2025-11-16,-0.014463938461922525,0.0014806528575718402,0.000716904544320611,95549.1484375,94177.078125,95690.7283466552,ensemble
BTC,phase3_crypto,lstm,phase3_crypto_lstm,2025-11-16,2025-11-17,-0.02236838271634354,0.0014883829979225993,0.0006726675442492941,94177.078125,92093.875,94317.35405313259,ensemble
BTC,phase3_crypto,lstm,phase3_crypto_lstm,2025-11-17,2025-11-18,0.009241173563305538,0.0015351310721598566,0.0006616242511818831,92093.875,92948.875,92235.35974009293,ensemble
BTC,phase3_crypto,lstm,phase3_crypto_lstm,2025-11-18,2025-11-19,-0.016082377699808928,0.0015989355044439435,0.0006293215099444737,92948.875,91465.9921875,93097.61313599028,ensemble
BTC,phase3_crypto,lstm,phase3_crypto_lstm,2025-11-19,2025-11-20,-0.05429914313161118,0.0016070355894044041,0.0006115111484463857,91465.9921875,86631.8984375,91613.09946382027,ensemble
BTC,phase3_crypto,lstm,phase3_crypto_lstm,2025-11-20,2025-11-21,-0.017950490472289502,0.0016394645674154163,0.0005814448147372616,86631.8984375,85090.6875,86774.04485556517,ensemble
BTC,phase3_crypto,lstm,phase3_crypto_lstm,2025-11-21,2025-11-22,-0.00521187239368071,0.0017026904504746198,0.0005284460677315871,85090.6875,84648.359375,85235.69401660308,ensemble
BTC,phase3_crypto,lstm,phase3_crypto_lstm,2025-11-22,2025-11-23,0.025158586579000386,0.001752719096839428,0.0004601219672063635,84648.359375,86805.0078125,84796.85426789497,ensemble
BTC,phase3_crypto,lstm,phase3_crypto_lstm,2025-11-23,2025-11-24,0.016742357810839485,0.0018330231076106429,0.000434714389391658,86805.0078125,88270.5625,86964.26931809372,ensemble
BTC,phase3_crypto,lstm,phase3_crypto_lstm,2025-11-24,2025-11-25,-0.01057647695675446,0.00187607838306576,0.00045566624818874817,88270.5625,87341.890625,88436.32043298699,ensemble
BTC,phase3_crypto,lstm,phase3_crypto_lstm,2025-11-25,2025-11-26,0.0357225879133364,0.001930988719686866,0.0005613631032330746,87341.890625,90518.3671875,87510.70977203072,ensemble
BTC,phase3_crypto,lstm,phase3_crypto_lstm,2025-11-26,2025-11-27,0.008437806108495432,0.0019716339418664576,0.0006834764347657498,90518.3671875,91285.375,90697.01232614745,ensemble
BTC,phase3_crypto,lstm,phase3_crypto_lstm,2025-11-27,2025-11-28,-0.004018666774419681,0.002010446973145008,0.0008105157434696267,91285.375,90919.265625,91469.08401259758,ensemble
BTC,phase3_crypto,lstm,phase3_crypto_lstm,2025-11-28,2025-11-29,-0.00074277862694653,0.002039829734712839,0.0009561327752065104,90919.265625,90851.7578125,91104.91472838842,ensemble
BTC,phase3_crypto,lstm,phase3_crypto_lstm,2025-11-29,2025-11-30,-0.005047792573132774,0.0020232594222761692,0.0011270469003454753,90851.7578125,90394.3125,91035.76056740915,ensemble
BTC,phase3_crypto,lstm,phase3_crypto_lstm,2025-11-30,2025-12-01,-0.04610183805407602,0.001969422784168273,0.0012878978444054209,90394.3125,86321.5703125,90572.51253660524,ensemble
BTC,phase3_crypto,lstm,phase3_crypto_lstm,2025-12-01,2025-12-02,0.05662099387030378,0.0019269969896413385,0.0014041350112905984,86321.5703125,91350.203125,86488.07209132376,ensemble
BTC,phase3_crypto,lstm,phase3_crypto_lstm,2025-12-02,2025-12-03,0.023558262011831657,0.0019462164957076312,0.0014357689100499382,91350.203125,93527.8046875,91528.16351575957,ensemble
BTC,phase3_crypto,lstm,phase3_crypto_lstm,2025-12-03,2025-12-04,-0.014931972865932171,0.0019648549088742582,0.0014133634350122768,93527.8046875,92141.625,93711.75391124372,ensemble
BTC,phase3_crypto,lstm,phase3_crypto_lstm,2025-12-04,2025-12-05,-0.030343059975675362,0.0020061445771716534,0.0013791155138164282,92141.625,89387.7578125,92326.65996271117,ensemble
BTC,phase3_crypto,lstm,phase3_crypto_lstm,2025-12-05,2025-12-06,-0.0012916460625568118,0.002056415693368763,0.0013991455464686209,89387.7578125,89272.375,89571.76533359276,ensemble
BTC,phase3_crypto,lstm,phase3_crypto_lstm,2025-12-06,2025-12-07,0.012614572226014349,0.002103158656973392,0.0014537443330987204,89272.375,90405.640625,89460.32654498918,ensemble
BTC,phase3_crypto,lstm,phase3_crypto_lstm,2025-12-07,2025-12-08,0.002591195979813834,0.002171504183206707,0.001493090554148026,90405.640625,90640.203125,90602.17015692625,ensemble
BTC,phase3_crypto,lstm,phase3_crypto_lstm,2025-12-08,2025-12-09,0.022381192698197744,0.002321363030932844,0.0015526879003403859,90640.203125,92691.7109375,90850.8563483571,ensemble
BTC,phase3_crypto,lstm,phase3_crypto_lstm,2025-12-09,2025-12-10,-0.007262832846635849,0.0024283822858706117,0.0015150792009363345,92691.7109375,92020.9453125,92917.07537113833,ensemble
BTC,phase3_crypto,lstm,phase3_crypto_lstm,2025-12-10,2025-12-11,0.0053149701081481185,0.0024862676160410046,0.0014884517866332228,92020.9453125,92511.3359375,92250.0186596484,ensemble
BTC,phase3_crypto,lstm,phase3_crypto_lstm,2025-12-11,2025-12-12,-0.024521421452147512,0.0024585715727880597,0.0014196421384475575,92511.3359375,90270.4140625,92739.06150328915,ensemble
BTC,phase3_crypto,lstm,phase3_crypto_lstm,2025-12-12,2025-12-13,0.0003134187556330964,0.0024173207115381957,0.0013858541460950175,90270.4140625,90298.7109375,90488.89056154763,ensemble
BTC,phase3_crypto,lstm,phase3_crypto_lstm,2025-12-13,2025-12-14,-0.02379767101791624,0.002346894331276417,0.0013671905079277271,90298.7109375,88175.1796875,90510.8813436979,ensemble
BTC,phase3_crypto,lstm,phase3_crypto_lstm,2025-12-14,2025-12-15,-0.020108914713088392,0.00223805436398834,0.0012812633580736694,88175.1796875,86419.78125,88372.74152780074,ensemble
BTC,phase3_crypto,lstm,phase3_crypto_lstm,2025-12-15,2025-12-16,0.016345736935078115,0.002202286245301366,0.0011923610006446578,86419.78125,87843.984375,86610.31207026397,ensemble
BTC,phase3_crypto,lstm,phase3_crypto_lstm,2025-12-16,2025-12-17,-0.019544833040854463,0.002212111710105091,0.001154721638220484,87843.984375,86143.7578125,88038.52016962381,ensemble
BTC,phase3_crypto,lstm,phase3_crypto_lstm,2025-12-17,2025-12-18,-0.007939728497768105,0.0022104028263129293,0.0010918169442865342,86143.7578125,85462.5078125,86334.38081743897,ensemble
BTC,phase3_crypto,lstm,phase3_crypto_lstm,2025-12-18,2025-12-19,0.030433154968407768,0.0022601477801799776,0.0010563171194073915,85462.5078125,88103.3828125,85655.88415706082,ensemble
BTC,phase3_crypto,lstm,phase3_crypto_lstm,2025-12-19,2025-12-20,0.002727355122150639,0.0023161417338997126,0.0010187938392454683,88103.3828125,88344.0,88307.67923273305,ensemble
BTC,phase3_crypto,lstm,phase3_crypto_lstm,2025-12-20,2025-12-21,0.0031390280669266876,0.0024022382684051992,0.001044381479836144,88344.0,88621.75,88556.47844733272,ensemble
BTC,phase3_crypto,lstm,phase3_crypto_lstm,2025-12-21,2025-12-22,-0.0014875849588890807,0.002435555192641914,0.001014719253829454,88621.75,88490.015625,88837.8562258866,ensemble
BTC,phase3_crypto,lstm,phase3_crypto_lstm,2025-12-22,2025-12-23,-0.012234274952953525,0.002426358638331294,0.0010287649493138972,88490.015625,87414.0,88704.98482954684,ensemble
BTC,phase3_crypto,lstm,phase3_crypto_lstm,2025-12-23,2025-12-24,0.002262076104062497,0.002426142548210919,0.0011173922976108887,87414.0,87611.9609375,87626.33629962093,ensemble
BTC,phase3_crypto,lstm,phase3_crypto_lstm,2025-12-24,2025-12-25,-0.0043148578556266,0.002344396011903882,0.0011495370395637745,87611.9609375,87234.7421875,87817.599023686,ensemble
BTC,phase3_crypto,lstm,phase3_crypto_lstm,2025-12-25,2025-12-26,0.0007641682813230021,0.0022870514541864393,0.0012169249294613149,87234.7421875,87301.4296875,87434.48085071276,ensemble
BTC,phase3_crypto,lstm,phase3_crypto_lstm,2025-12-26,2025-12-27,0.00571921956587603,0.002200533275026828,0.001291918596042004,87301.4296875,87802.15625,87493.75091550846,ensemble
BTC,phase3_crypto,lstm,phase3_crypto_lstm,2025-12-27,2025-12-28,0.0003835125589097617,0.002097185072489083,0.0013643380568455815,87802.15625,87835.8359375,87986.48684154236,ensemble
BTC,phase3_crypto,lstm,phase3_crypto_lstm,2025-12-28,2025-12-29,-0.007974888882579774,0.00199559306493029,0.0014084691124434826,87835.8359375,87138.140625,88011.29553730044,ensemble
BTC,phase3_crypto,lstm,phase3_crypto_lstm,2025-12-29,2025-12-30,0.01471809780879094,0.0019089084584265948,0.0014459236950114286,87138.140625,88430.1328125,87304.63822246788,ensemble
BTC,phase3_crypto,lstm,phase3_crypto_lstm,2025-12-30,2025-12-31,-0.010473099349299821,0.0018196295481175185,0.0014513410143840654,88430.1328125,87508.828125,88591.18938231736,ensemble
BTC,phase3_crypto,lstm,phase3_crypto_lstm,2025-12-31,2026-01-01,0.013880733660550057,0.001690792595036328,0.0014659327787995052,87508.828125,88731.984375,87656.91255834732,ensemble
BTC,phase3_crypto,lstm,phase3_crypto_lstm,2026-01-01,2026-01-02,0.013574570130194884,0.001595163531601429,0.0014130817520967918,88731.984375,89944.6953125,88873.63935195097,ensemble
BTC,phase3_crypto,lstm,phase3_crypto_lstm,2026-01-02,2026-01-03,0.007294409627148249,0.001476647111121565,0.0013024335157961597,89944.6953125,90603.1875,90077.60999688471,ensemble
BTC,phase3_crypto,lstm,phase3_crypto_lstm,2026-01-03,2026-01-04,0.008903689947606831,0.0013447973062284291,0.0011285891778300126,90603.1875,91413.4921875,90725.1123862401,ensemble
BTC,phase3_crypto,lstm,phase3_crypto_lstm,2026-01-04,2026-01-05,0.02665149838136465,0.0012031282938551157,0.0010129311839049407,91413.4921875,93882.5546875,91523.54053425598,ensemble
BTC,phase3_crypto,lstm,phase3_crypto_lstm,2026-01-05,2026-01-06,-0.00163660971149983,0.0010776190407341345,0.0009323091102173682,93882.5546875,93729.03125,93983.77884676906,ensemble
BTC,phase3_crypto,lstm,phase3_crypto_lstm,2026-01-06,2026-01-07,-0.026168967250151644,0.0009333910609711892,0.0009066261820994631,93729.03125,91308.0546875,93816.5579318789,ensemble
BTC,phase3_crypto,lstm,phase3_crypto_lstm,2026-01-07,2026-01-08,-0.003081466892755565,0.0008299625653307885,0.0009190318159666191,91308.0546875,91027.125,91383.86841172838,ensemble
BTC,phase3_crypto,lstm,phase3_crypto_lstm,2026-01-08,2026-01-09,-0.005662930149506993,0.0007638588431291282,0.0009434789323838206,91027.125,90513.1015625,91096.68343742748,ensemble
BTC,phase3_crypto,lstm,phase3_crypto_lstm,2026-01-09,2026-01-10,-0.0013980466595052143,0.0007189371390268207,0.0009690780324072154,90513.1015625,90386.6484375,90578.19819016954,ensemble
BTC,phase3_crypto,lstm,phase3_crypto_lstm,2026-01-10,2026-01-11,0.004865110901100388,0.0007075249101035297,0.0009773790298472803,90386.6484375,90827.4609375,90450.62187154067,ensemble
BTC,phase3_crypto,lstm,phase3_crypto_lstm,2026-01-11,2026-01-12,0.004016380962680633,0.0006676764111034572,0.0009782472990763143,90827.4609375,91192.9921875,90888.12454022304,ensemble
BTC,phase3_crypto,lstm,phase3_crypto_lstm,2026-01-12,2026-01-13,0.044280285031478225,0.0006696214899420738,0.0009189448108945302,91192.9921875,95321.78125,91254.07742451207,ensemble
BTC,phase3_crypto,lstm,phase3_crypto_lstm,2026-01-13,2026-01-14,0.016723797821879046,0.0007025910657830536,0.0008727225021120303,95321.78125,96929.328125,95388.7770144376,ensemble
BTC,phase3_crypto,lstm,phase3_crypto_lstm,2026-01-14,2026-01-15,-0.014320038274756287,0.0007883314276114107,0.0008996908034740311,96929.328125,95551.1875,97005.77068769661,ensemble
BTC,phase3_crypto,lstm,phase3_crypto_lstm,2026-01-15,2026-01-16,-0.00027287855188963723,0.0008879982284270227,0.0009488952214931587,95551.1875,95525.1171875,95636.07446938525,ensemble
BTC,phase3_crypto,lstm,phase3_crypto_lstm,2026-01-16,2026-01-17,-0.004461072057980408,0.0010041395609732718,0.000972731433454458,95525.1171875,95099.921875,95621.08591166712,ensemble
BTC,phase3_crypto,lstm,phase3_crypto_lstm,2026-01-17,2026-01-18,-0.015529993658124637,0.0011143200506921857,0.0009827013805711981,95099.921875,93634.4296875,95205.95268992448,ensemble
BTC,phase3_crypto,lstm,phase3_crypto_lstm,2026-01-18,2026-01-19,-0.011610285761608208,0.001271233936859062,0.0009593418112347006,93634.4296875,92553.59375,93753.53664253879,ensemble
BTC,phase3_crypto,lstm,phase3_crypto_lstm,2026-01-19,2026-01-20,-0.046924255054821146,0.0014611016435083003,0.0008513993467570867,92553.59375,88310.90625,92688.92279861316,ensemble
BTC,phase3_crypto,lstm,phase3_crypto_lstm,2026-01-20,2026-01-21,0.011999327760148781,0.0016814233036711811,0.0007608997969734315,88310.90625,89376.9609375,88459.51917133864,ensemble
BTC,phase3_crypto,lstm,phase3_crypto_lstm,2026-01-21,2026-01-22,0.0009560777691027553,0.0018886192701756954,0.0007634531844983246,89376.9609375,89462.453125,89545.91948720143,ensemble
BTC,phase3_crypto,lstm,phase3_crypto_lstm,2026-01-22,2026-01-23,0.00046290133092210693,0.0021435533184558154,0.0008409114082754402,89462.453125,89503.875,89654.42634217978,ensemble
BTC,phase3_crypto,lstm,phase3_crypto_lstm,2026-01-23,2026-01-24,-0.004402117623558332,0.002353386615868658,0.0009068024125054659,89503.875,89110.734375,89714.76027144997,ensemble
BTC,phase3_crypto,lstm,phase3_crypto_lstm,2026-01-24,2026-01-25,-0.028900838361794738,0.0025369553128257393,0.0009367917194778316,89110.734375,86572.21875,89337.09133334104,ensemble
BTC,phase3_crypto,lstm,phase3_crypto_lstm,2026-01-25,2026-01-26,0.01938894055131375,0.002696977206505835,0.0008601499910909866,86572.21875,88267.140625,86806.01718349372,ensemble
BTC,phase3_crypto,lstm,phase3_crypto_lstm,2026-01-26,2026-01-27,0.00942027656458104,0.0027820311719551683,0.0007780115271691505,88267.140625,89102.5703125,88513.04445914229,ensemble
BTC,phase3_crypto,lstm,phase3_crypto_lstm,2026-01-27,2026-01-28,0.0009198645005418251,0.002809183392673731,0.0007825978280953725,89102.5703125,89184.5703125,89353.22767968422,ensemble
BTC,phase3_crypto,lstm,phase3_crypto_lstm,2026-01-28,2026-01-29,-0.053227949504083015,0.0027618173509836195,0.0008388887913633234,89184.5703125,84561.5859375,89431.222253253,ensemble
BTC,phase3_crypto,lstm,phase3_crypto_lstm,2026-01-29,2026-01-30,-0.005132847429550004,0.002707550022751093,0.000889195006493491,84561.5859375,84128.65625,84790.8508945403,ensemble
BTC,phase3_crypto,lstm,phase3_crypto_lstm,2026-01-30,2026-01-31,-0.06770691927198588,0.0027068262454122303,0.000937686378147169,84128.65625,78621.1171875,84356.6863844755,ensemble
BTC,phase3_crypto,lstm,phase3_crypto_lstm,2026-01-31,2026-02-01,-0.021166842147211495,0.002749895257875323,0.0009694989784022445,78621.1171875,76974.4453125,78837.61456094502,ensemble
BTC,phase3_crypto,lstm,phase3_crypto_lstm,2026-02-01,2026-02-02,0.022026908157821636,0.0027468934655189513,0.0009598192127118515,76974.4453125,78688.765625,77186.17658182743,ensemble
BTC,phase3_crypto,lstm,phase3_crypto_lstm,2026-02-02,2026-02-03,-0.03960046937497693,0.0027359949424862863,0.0009560900676331753,78688.765625,75633.546875,78904.35247756533,ensemble
BTC,phase3_crypto,lstm,phase3_crypto_lstm,2026-02-03,2026-02-04,-0.035170615941758965,0.0026514036348089577,0.000981066226657165,75633.546875,73019.703125,75834.34802090694,ensemble
BTC,phase3_crypto,lstm,phase3_crypto_lstm,2026-02-04,2026-02-05,-0.1523344080304475,0.0025516052730381487,0.0010643061328206584,73019.703125,62702.09765625,73206.25849114041,ensemble
BTC,phase3_crypto,lstm,phase3_crypto_lstm,2026-02-05,2026-02-06,0.118003181433477,0.002559890644624829,0.001090038045246053,62702.09765625,70555.390625,62862.81378953668,ensemble
BTC,phase3_crypto,lstm,phase3_crypto_lstm,2026-02-06,2026-02-07,-0.018213402812750957,0.0024989155353978276,0.0010645456683491415,70555.390625,69281.96875,70731.9230647027,ensemble
BTC,phase3_crypto,lstm,phase3_crypto_lstm,2026-02-07,2026-02-08,0.01408523588474713,0.0024277537129819395,0.001105571573806483,69281.96875,70264.7265625,69450.37264575291,ensemble
BTC,phase3_crypto,lstm,phase3_crypto_lstm,2026-02-08,2026-02-09,-0.0020507154219692207,0.0023963586310856043,0.0011974666349702419,70264.7265625,70120.78125,70433.30795652453,ensemble
BTC,phase3_crypto,lstm,phase3_crypto_lstm,2026-02-09,2026-02-10,-0.01910323758989731,0.0023628483060747383,0.0012099010430565084,70120.78125,68793.9609375,70286.66191744755,ensemble
BTC,phase3_crypto,lstm,phase3_crypto_lstm,2026-02-10,2026-02-11,-0.026543221212374526,0.0024308037594892085,0.0012459650219394632,68793.9609375,66991.96875,68961.38896627628,ensemble
BTC,phase3_crypto,lstm,phase3_crypto_lstm,2026-02-11,2026-02-12,-0.01156236827483507,0.002582374308258295,0.0013322479484496632,66991.96875,66221.84375,67165.19065459457,ensemble
BTC,phase3_crypto,lstm,phase3_crypto_lstm,2026-02-12,2026-02-13,0.03903376935715579,0.0028443822870031,0.001466448624433831,66221.84375,68857.84375,66410.47212780855,ensemble
BTC,phase3_crypto,lstm,phase3_crypto_lstm,2026-02-13,2026-02-14,0.013125933067848304,0.0030609638313762845,0.0016131853325614598,68857.84375,69767.625,69068.93803038332,ensemble
BTC,phase3_crypto,lstm,phase3_crypto_lstm,2026-02-14,2026-02-15,-0.014138040068878806,0.0032562169595621525,0.0017147399612481196,69767.625,68788.1875,69995.17379682172,ensemble
BTC,phase3_crypto,lstm,phase3_crypto_lstm,2026-02-15,2026-02-16,0.0007987824782500607,0.0034371405025012793,0.0018326636323876696,68788.1875,68843.15625,69025.02896086972,ensemble
BTC,phase3_crypto,lstm,phase3_crypto_lstm,2026-02-16,2026-02-17,-0.019788873300286218,0.003548015649721492,0.0020718002114861723,68843.15625,67494.21875,69087.84667178546,ensemble
BTC,phase3_crypto,lstm,phase3_crypto_lstm,2026-02-17,2026-02-18,-0.015963632260214883,0.003773024649126455,0.00208467902301175,67494.21875,66425.3203125,67749.35712002378,ensemble
BTC,phase3_crypto,lstm,phase3_crypto_lstm,2026-02-18,2026-02-19,0.007980125994704771,0.003949131385888904,0.0021183097239245766,66425.3203125,66957.5234375,66688.16128493304,ensemble
BTC,phase3_crypto,lstm,phase3_crypto_lstm,2026-02-19,2026-02-20,0.015528995656632263,0.004155235877260566,0.002190014114212251,66957.5234375,68005.421875,67236.32658641273,ensemble
BTC,phase3_crypto,lstm,phase3_crypto_lstm,2026-02-20,2026-02-21,-2.4354972344490844e-05,0.0043021378456614915,0.002216336565184992,68005.421875,68003.765625,68298.62081306259,ensemble
BTC,phase3_crypto,lstm,phase3_crypto_lstm,2026-02-21,2026-02-22,-0.005076923598302017,0.004356751777231693,0.0022015415367655864,68003.765625,67659.390625,68300.68748951254,ensemble
BTC,phase3_crypto,lstm,phase3_crypto_lstm,2026-02-22,2026-02-23,-0.04601267313564273,0.004369106865487993,0.0021915389874111756,67659.390625,64616.73828125,67955.64845287496,ensemble
BTC,phase3_crypto,lstm,phase3_crypto_lstm,2026-02-23,2026-02-24,-0.00834051043874472,0.0043647124664857985,0.002265218197806528,64616.73828125,64080.04296875,64899.38815836759,ensemble
BTC,phase3_crypto,lstm,phase3_crypto_lstm,2026-02-24,2026-02-25,0.05878816281087323,0.004434755630791187,0.002445457446750819,64080.04296875,67960.125,64364.85336560086,ensemble
BTC,phase3_crypto,lstm,phase3_crypto_lstm,2026-02-25,2026-02-26,-0.007478610812400483,0.0043756549013778566,0.002526927945579695,67960.125,67453.7734375,68258.14659838621,ensemble
BTC,phase3_crypto,lstm,phase3_crypto_lstm,2026-02-26,2026-02-27,-0.023580345399758597,0.00423737308010459,0.0025733319161463514,67453.7734375,65881.796875,67740.2066748767,ensemble
BTC,phase3_crypto,lstm,phase3_crypto_lstm,2026-02-27,2026-02-28,0.016768637200983844,0.004061125067528338,0.0025973065612878697,65881.796875,66995.859375,66149.89511354873,ensemble
BTC,phase3_crypto,lstm,phase3_crypto_lstm,2026-02-28,2026-03-01,-0.018952127255243773,0.0038019646308384836,0.002619103352955185,66995.859375,65738.1015625,67251.06008738844,ensemble
BTC,phase3_crypto,lstm,phase3_crypto_lstm,2026-03-01,2026-03-02,0.04517399874225875,0.0035231321351602675,0.0025747772973016636,65738.1015625,68775.8515625,65970.11404595028,ensemble
BTC,phase3_crypto,lstm,phase3_crypto_lstm,2026-03-02,2026-03-03,-0.007035921401254354,0.003145022131502628,0.0024332018011753785,68775.8515625,68293.6484375,68992.49363125727,ensemble
BTC,phase3_crypto,lstm,phase3_crypto_lstm,2026-03-03,2026-03-04,0.06267011054362281,0.002688657131511718,0.002153432933231781,68293.6484375,72710.578125,68477.51370698084,ensemble
BTC,phase3_crypto,lstm,phase3_crypto_lstm,2026-03-04,2026-03-05,-0.026047184090688055,0.0022984301278484052,0.0019273106242863088,72710.578125,70841.125,72877.8905126358,ensemble
BTC,phase3_crypto,lstm,phase3_crypto_lstm,2026-03-05,2026-03-06,-0.03892676222985379,0.0017014751967508346,0.0017281934030604293,70841.125,68136.4921875,70961.76201844092,ensemble
BTC,phase3_crypto,lstm,phase3_crypto_lstm,2026-03-06,2026-03-07,-0.012760002816373808,0.0011842907435493544,0.0015436275213683765,68136.4921875,67272.59375,68217.23340559726,ensemble
BTC,phase3_crypto,lstm,phase3_crypto_lstm,2026-03-07,2026-03-08,-0.019556151272463178,0.00066002355015371,0.0013981701520355656,67272.59375,65969.78125,67317.00990239579,ensemble
BTC,phase3_crypto,lstm,phase3_crypto_lstm,2026-03-08,2026-03-09,0.036210883133673905,0.00033921886642929167,0.0012143583077167124,65969.78125,68402.3828125,65992.16324039629,ensemble
BTC,phase3_crypto,lstm,phase3_crypto_lstm,2026-03-09,2026-03-10,0.022043063053682945,0.00020591427746694536,0.001094897971693195,68402.3828125,69926.921875,68416.4692899875,ensemble
BTC,phase3_crypto,lstm,phase3_crypto_lstm,2026-03-10,2026-03-11,0.003967140831024369,0.00017395390896126627,0.0010655177403414756,69926.921875,70204.8828125,69939.08699445616,ensemble
BTC,phase3_crypto,lstm,phase3_crypto_lstm,2026-03-11,2026-03-12,0.004102088510358853,0.00020553855574689806,0.0010735552011350575,70204.8828125,70493.4609375,70219.31410576245,ensemble
BTC,phase3_crypto,lstm,phase3_crypto_lstm,2026-03-12,2026-03-13,0.006712861238543366,4.4762007019016894e-05,0.0012416377695941673,70493.4609375,70968.265625,70496.616436916,ensemble
BTC,phase3_crypto,lstm,phase3_crypto_lstm,2026-03-13,2026-03-14,0.0034653905327112298,-8.65755690028891e-05,0.0013083454017551418,70968.265625,71214.625,70962.12177297995,ensemble
BTC,phase3_crypto,lstm,phase3_crypto_lstm,2026-03-14,2026-03-15,0.021879197879022205,-0.0002031882730079815,0.001429601895711869,71214.625,72789.9140625,71200.15649329856,ensemble
BTC,phase3_crypto,lstm,phase3_crypto_lstm,2026-03-15,2026-03-16,0.028056806108927662,-0.0002332294978259597,0.0015482851085235685,72789.9140625,74861.0859375,72772.93928698254,ensemble
BTC,phase3_crypto,lstm,phase3_crypto_lstm,2026-03-16,2026-03-17,-0.012617278563279094,-0.00019333605014253407,0.0016792692485673572,74861.0859375,73922.4765625,74846.61398985515,ensemble
BTC,phase3_crypto,lstm,phase3_crypto_lstm,2026-03-17,2026-03-18,-0.03688417423341742,-0.00010443709325045348,0.0017797985202264632,73922.4765625,71245.578125,73914.75671704806,ensemble
BTC,phase3_crypto,lstm,phase3_crypto_lstm,2026-03-18,2026-03-19,-0.01888416104762736,-0.00017777744214981795,0.0018880412187311636,71245.578125,69912.7890625,71232.91339414153,ensemble
BTC,phase3_crypto,lstm,phase3_crypto_lstm,2026-03-19,2026-03-20,0.008684431647448684,-0.00019879149622283875,0.0019253556457012344,69912.7890625,70522.5859375,69898.89237587448,ensemble
BTC,phase3_crypto,lstm,phase3_crypto_lstm,2026-03-20,2026-03-21,-0.026016105631017767,-0.00014092298224568366,0.001928873599727464,70522.5859375,68711.5234375,70512.64838460526,ensemble
BTC,phase3_crypto,lstm,phase3_crypto_lstm,2026-03-21,2026-03-22,-0.012688120086084904,0.00010687605245038868,0.0018482110285186336,68711.5234375,67845.2109375,68718.8674463252,ensemble
BTC,phase3_crypto,lstm,phase3_crypto_lstm,2026-03-22,2026-03-23,0.04425119303469704,0.0004199279530439526,0.0017612556281411354,67845.2109375,70914.859375,67873.70702078503,ensemble
BTC,phase3_crypto,lstm,phase3_crypto_lstm,2026-03-23,2026-03-24,-0.005613991531695598,0.0007279987403308041,0.0015724915553194424,70914.859375,70517.859375,70966.50409966208,ensemble
BTC,phase3_crypto,lstm,phase3_crypto_lstm,2026-03-24,2026-03-25,0.011168924480813245,0.0010635355341946707,0.001319581941162269,70517.859375,71309.8828125,70592.89752003447,ensemble
BTC,phase3_crypto,lstm,phase3_crypto_lstm,2026-03-25,2026-03-26,-0.03595291880741613,0.0013893192885007012,0.0011179287930480407,71309.8828125,68791.625,71409.02386149105,ensemble
BTC,phase3_crypto,lstm,phase3_crypto_lstm,2026-03-26,2026-03-27,-0.03631346968520713,0.0016306361882016062,0.0009803498424623463,68791.625,66338.375,68903.89062048597,ensemble
BTC,phase3_crypto,lstm,phase3_crypto_lstm,2026-03-27,2026-03-28,-0.0002816215791388498,0.001906277146190405,0.0008475440994223839,66338.375,66319.6953125,66464.95493806798,ensemble
BTC,phase3_crypto,lstm,phase3_crypto_lstm,2026-03-28,2026-03-29,-0.005515409833700628,0.0020080201560631395,0.000822854922542622,66319.6953125,65954.921875,66453.0003922829,ensemble
BTC,phase3_crypto,lstm,phase3_crypto_lstm,2026-03-29,2026-03-30,0.011105181731209317,0.0020230587106198072,0.0008256778181735998,65954.921875,66691.4453125,66088.4876143192,ensemble
BTC,phase3_crypto,lstm,phase3_crypto_lstm,2026-03-30,2026-03-31,0.022856210162579323,0.00209870096296072,0.0008317310053614584,66691.4453125,68233.3125,66831.55768856025,ensemble
BTC,phase3_crypto,lstm,phase3_crypto_lstm,2026-03-31,2026-04-01,-0.002270644254019965,0.0021463470766320825,0.0007846934264518303,68233.3125,68078.5546875,68379.9221521289,ensemble
BTC,phase3_crypto,lstm,phase3_crypto_lstm,2026-04-01,2026-04-02,-0.017634149228875802,0.002126342966221273,0.0007702122003261481,68078.5546875,66888.5703125,68223.46705550772,ensemble
BTC,phase3_crypto,lstm,phase3_crypto_lstm,2026-04-02,2026-04-03,0.0006356502125007872,0.002123963390477002,0.0008103651603839025,66888.5703125,66931.1015625,67030.79016850346,ensemble
BTC,phase3_crypto,lstm,phase3_crypto_lstm,2026-04-03,2026-04-04,0.005355544495529739,0.0021281739696860313,0.0008545413119667088,66931.1015625,67290.515625,67073.69426783126,ensemble
BTC,phase3_crypto,lstm,phase3_crypto_lstm,2026-04-04,2026-04-05,0.024824828794848448,0.002048828173428774,0.0008605584543357616,67290.515625,68981.8984375,67428.52365831414,ensemble
BTC,phase3_crypto,lstm,phase3_crypto_lstm,2026-04-05,2026-04-06,-0.0017711667933321205,0.0020558959688059984,0.0008799834163221458,68981.8984375,68859.828125,69123.86392755371,ensemble
BTC,phase3_crypto,lstm,phase3_crypto_lstm,2026-04-06,2026-04-07,0.043769250088650125,0.002108318533282727,0.0009206084847265629,68859.828125,71940.703125,69005.15972565483,ensemble
BTC,phase3_crypto,lstm,phase3_crypto_lstm,2026-04-07,2026-04-08,-0.011426386592901714,0.0022613832144998012,0.00102091553576947,71940.703125,71123.359375,72103.57270935069,ensemble
BTC,phase3_crypto,lstm,phase3_crypto_lstm,2026-04-08,2026-04-09,0.00902047398791368,0.0023238468682393433,0.0011074306228257918,71123.359375,71767.828125,71288.8313622559,ensemble
BTC,phase3_crypto,lstm,phase3_crypto_lstm,2026-04-09,2026-04-10,0.01673607145352826,0.0023667150526307523,0.0011409885391611223,71767.828125,72979.046875,71937.88328078849,ensemble
BTC,phase3_crypto,lstm,phase3_crypto_lstm,2026-04-10,2026-04-11,0.0010302658186926742,0.002359617012552917,0.0011375725935085276,72979.046875,73054.2734375,73151.45280155147,ensemble
BTC,phase3_crypto,lstm,phase3_crypto_lstm,2026-04-11,2026-04-12,-0.03200195641601119,0.0023268176359124483,0.0011378978664772508,73054.2734375,70753.40625,73224.4553236386,ensemble
BTC,phase3_crypto,lstm,phase3_crypto_lstm,2026-04-12,2026-04-13,0.05139225778223328,0.002304208907298744,0.0010863870715688835,70753.40625,74484.640625,70916.62485156498,ensemble
BTC,phase3_crypto,lstm,phase3_crypto_lstm,2026-04-13,2026-04-14,-0.004076670658997154,0.0023098733043298127,0.0010633072113614647,74484.640625,74181.609375,74656.88956799345,ensemble
BTC,phase3_crypto,lstm,phase3_crypto_lstm,2026-04-14,2026-04-15,0.00836950468372944,0.002337679197080433,0.0010231320779022506,74181.609375,74805.078125,74355.22502983043,ensemble
BTC,phase3_crypto,lstm,phase3_crypto_lstm,2026-04-15,2026-04-16,0.004628724487070657,0.0024331977590918543,0.0009252282247760163,74805.078125,75152.1328125,74987.31529308643,ensemble
BTC,phase3_crypto,lstm,phase3_crypto_lstm,2026-04-16,2026-04-17,0.025937296578403095,0.0024932007770985367,0.0008738551310127581,75152.1328125,77126.875,75339.7359373779,ensemble
BTC,phase3_crypto,lstm,phase3_crypto_lstm,2026-04-17,2026-04-18,-0.018327445076503752,0.0025021473877131937,0.0008290259259558371,77126.875,75726.2109375,77320.09944601446,ensemble
BTC,phase3_crypto,lstm,phase3_crypto_lstm,2026-04-18,2026-04-19,-0.025002336494923415,0.0025722313672304153,0.0007445542201249125,75726.2109375,73856.3515625,75921.24700400299,ensemble
BTC,phase3_crypto,lstm,phase3_crypto_lstm,2026-04-19,2026-04-20,0.02693259727225901,0.0026494259480386974,0.0007139021812265995,73856.3515625,75872.5234375,74052.28794160673,ensemble
BTC,phase3_crypto,lstm,phase3_crypto_lstm,2026-04-20,2026-04-21,0.006309747501944813,0.002692678174935281,0.0006123094488068478,75872.5234375,76352.7734375,76077.09902994735,ensemble
BTC,phase3_crypto,lstm,phase3_crypto_lstm,2026-04-21,2026-04-22,0.02394495237334366,0.002788855694234371,0.0005715742284073636,76352.7734375,78203.1015625,76566.00750578838,ensemble
BTC,phase3_crypto,lstm,phase3_crypto_lstm,2026-04-22,2026-04-23,0.0008417038623198857,0.0028366900980472563,0.00046670436950212163,78203.1015625,78268.953125,78425.25446684241,ensemble
BTC,phase3_crypto,lstm,phase3_crypto_lstm,2026-04-23,2026-04-24,-0.010449855400701123,0.0028950590174645187,0.00039783209330009316,78268.953125,77455.3125,78495.87468068735,ensemble
BTC,phase3_crypto,lstm,phase3_crypto_lstm,2026-04-24,2026-04-25,0.0020210985800430967,0.0029418633319437506,0.0003684923207776714,77455.3125,77612.015625,77683.51094344484,ensemble
BTC,phase3_crypto,lstm,phase3_crypto_lstm,2026-04-25,2026-04-26,0.01338122502813899,0.0029723305720835923,0.0003222263178403435,77612.015625,78657.5390625,77843.0473730749,ensemble
BTC,phase3_crypto,lstm,phase3_crypto_lstm,2026-04-26,2026-04-27,-0.016547994707933746,0.0029656507540494204,0.00030891937926375495,78657.5390625,77366.625,78891.15609457261,ensemble
BTC,phase3_crypto,lstm,phase3_crypto_lstm,2026-04-27,2026-04-28,-0.013218654490737211,0.0030110789928585293,0.0003400417633474243,77366.625,76350.671875,77599.93309756575,ensemble
BTC,phase3_crypto,lstm,phase3_crypto_lstm,2026-04-28,2026-04-29,-0.0075534590417408835,0.003080983320251107,0.0004075105579092474,76350.671875,75776.1328125,76586.26977176504,ensemble
BTC,phase3_crypto,lstm,phase3_crypto_lstm,2026-04-29,2026-04-30,0.006946186875134918,0.0031125927809625862,0.0005186648562301356,75776.1328125,76304.3203125,76012.3605060492,ensemble
BTC,phase3_crypto,lstm,phase3_crypto_lstm,2026-04-30,2026-05-01,0.02427150989403538,0.0031952128745615484,0.0006638254023117949,76304.3203125,78179.0,76548.51878443826,ensemble
BTC,phase3_crypto,lstm,phase3_crypto_lstm,2026-05-01,2026-05-02,0.006098736514783506,0.0032671365886926653,0.0007467912825087167,78179.0,78657.25,78434.83917455864,ensemble
BTC,phase3_crypto,lstm,phase3_crypto_lstm,2026-05-02,2026-05-03,-0.0015143369624661424,0.0033281855285167694,0.0007690796021482197,78657.25,78538.2265625,78919.47204091505,ensemble
BTC,phase3_crypto,lstm,phase3_crypto_lstm,2026-05-03,2026-05-04,0.01628767686490818,0.00336321503855288,0.000787836188138594,78538.2265625,79827.90625,78802.81218695315,ensemble
BTC,phase3_crypto,lstm,phase3_crypto_lstm,2026-05-04,2026-05-05,0.013675043806522565,0.003374321945011616,0.0008080024392867974,79827.90625,80927.0546875,80097.72627969211,ensemble
BTC,phase3_crypto,lstm,phase3_crypto_lstm,2026-05-05,2026-05-06,0.006165248057273942,0.003462840523570776,0.000815353675298997,80927.0546875,81427.53125,81207.77794133591,ensemble
BTC,phase3_crypto,lstm,phase3_crypto_lstm,2026-05-06,2026-05-07,-0.017561908350902416,0.003592339949682355,0.0008261580210958014,81427.53125,80009.9921875,81720.57266055715,ensemble
BTC,phase3_crypto,lstm,phase3_crypto_lstm,2026-05-07,2026-05-08,0.0022069548930199264,0.0036962344776839016,0.0008130470632678554,80009.9921875,80186.765625,80306.27510743284,ensemble
BTC,phase3_crypto,lstm,phase3_crypto_lstm,2026-05-08,2026-05-09,0.005938447031188693,0.00382989919744432,0.0008395403841289314,80186.765625,80664.3671875,80494.46170067914,ensemble
BTC,phase3_crypto,lstm,phase3_crypto_lstm,2026-05-09,2026-05-10,0.018115146956791082,0.003945094859227538,0.0007930574037091535,80664.3671875,82138.9296875,80983.2243150701,ensemble
BTC,phase3_crypto,lstm,phase3_crypto_lstm,2026-05-10,2026-05-11,-0.005011785219488408,0.004033398628234863,0.0007553472654442513,82138.9296875,81728.296875,82470.8977635712,ensemble
BTC,phase3_crypto,lstm,phase3_crypto_lstm,2026-05-11,2026-05-12,-0.015422747705667463,0.004186318116262555,0.0007450609990421225,81728.296875,80477.4921875,82071.1546800168,ensemble
BTC,phase3_crypto,lstm,phase3_crypto_lstm,2026-05-12,2026-05-13,-0.015028018231235505,0.004389282641932368,0.0007618894794944691,80477.4921875,79277.1171875,80831.50701422703,ensemble
BTC,phase3_crypto,lstm,phase3_crypto_lstm,2026-05-13,2026-05-14,0.022132143698821827,0.004612147808074951,0.0008405482350809643,79277.1171875,81051.25,79643.59945531309,ensemble
BTC,phase3_crypto,lstm,phase3_crypto_lstm,2026-05-14,2026-05-15,-0.02480277513696735,0.004795639077201486,0.0009285089326498947,81051.25,79065.6796875,81440.87604798359,ensemble
BTC,phase3_crypto,lstm,phase3_crypto_lstm,2026-05-15,2026-05-16,-0.011886390842574117,0.0049619391094893215,0.0010192356844179132,79065.6796875,78131.4375,79458.97371934338,ensemble
BTC,phase3_crypto,lstm,phase3_crypto_lstm,2026-05-16,2026-05-17,-0.009026576797854137,0.005016708420589567,0.0010686576695500274,78131.4375,77429.3515625,78524.38496773351,ensemble
BTC,phase3_crypto,lstm,phase3_crypto_lstm,2026-05-17,2026-05-18,-0.006155853649121142,0.005000039516016841,0.0010837670477401463,77429.3515625,76954.171875,77817.47087737337,ensemble
BTC,phase3_crypto,lstm,phase3_crypto_lstm,2026-05-18,2026-05-19,-0.002644879999712329,0.004850945062935352,0.0010224747612402655,76954.171875,76750.90625,77328.37923098233,ensemble
BTC,phase3_crypto,lstm,phase3_crypto_lstm,2026-05-19,2026-05-20,0.009167734783614812,0.004719543736428022,0.0009850839464378685,76750.90625,77457.7734375,77113.99163358174,ensemble
BTC,phase3_crypto,lstm,phase3_crypto_lstm,2026-05-20,2026-05-21,0.0010503232153248991,0.004498589830473065,0.00101668439804531,77457.7734375,77539.171875,77807.00913448875,ensemble
BTC,phase3_crypto,lstm,phase3_crypto_lstm,2026-05-21,2026-05-22,-0.026806340702622146,0.0043021946679800745,0.0010769678772905077,77539.171875,75488.2421875,77873.47909854002,ensemble
BTC,phase3_crypto,lstm,phase3_crypto_lstm,2026-05-22,2026-05-23,0.015577503022418466,0.004190333979204297,0.0011154230580866765,75488.2421875,76673.3671875,75805.22680565191,ensemble
BTC,phase3_crypto,lstm,phase3_crypto_lstm,2026-05-23,2026-05-24,0.004005847400396048,0.004026227723807096,0.0011027050516485117,76673.3671875,76981.125,76982.6939162115,ensemble
BTC,phase3_crypto,lstm,phase3_crypto_lstm,2026-05-24,2026-05-25,0.003874018128693613,0.00386260855011642,0.0010753976434046458,76981.125,77279.9296875,77279.04796109986,ensemble
BTC,phase3_crypto,lstm,phase3_crypto_lstm,2026-05-25,2026-05-26,-0.018996541405031864,0.0036535257007926703,0.0010450481358779975,77279.9296875,75825.734375,77562.79030138892,ensemble
BTC,phase3_crypto,lstm,phase3_crypto_lstm,2026-05-26,2026-05-27,-0.019725310724108713,0.0034745429176837204,0.0010367753265486917,75825.734375,74344.703125,76089.65237504846,ensemble
BTC,phase3_crypto,lstm,phase3_crypto_lstm,2026-05-27,2026-05-28,-0.010929802661887332,0.003374448325484991,0.0010470194839092557,74344.703125,73536.5546875,74595.99923838637,ensemble
BTC,phase3_crypto,lstm,phase3_crypto_lstm,2026-05-28,2026-05-29,-0.0022330998228095003,0.003310136450454593,0.0010714553822102,73536.5546875,73372.5234375,73780.37403263536,ensemble
BTC,phase3_crypto,lstm,phase3_crypto_lstm,2026-05-29,2026-05-30,0.005197039654902875,0.0033045964781194927,0.0010970763082965088,73372.5234375,73754.8359375,73615.39108881814,ensemble
BTC,phase3_crypto,lstm,phase3_crypto_lstm,2026-05-30,2026-05-31,-0.002377562514476544,0.0032704546116292476,0.001091888290476315,73754.8359375,73579.6875,73996.44264736146,ensemble
BTC,phase3_crypto,lstm,phase3_crypto_lstm,2026-05-31,2026-06-01,-0.031195386303294676,0.0031957496888935567,0.0011247772371564702,73579.6875,71319.7734375,73815.20589190871,ensemble
BTC,phase3_crypto,lstm,phase3_crypto_lstm,2026-06-01,2026-06-02,-0.06691384852525814,0.0030870120041072368,0.0011637676124336338,71319.7734375,66703.65625,71540.27861017801,ensemble
BTC,phase3_crypto,lstm,phase3_crypto_lstm,2026-06-02,2026-06-03,-0.041152222290191665,0.0030390221159905194,0.0012162960471555383,66703.65625,64014.3671875,66906.67847482323,ensemble
BTC,phase3_crypto,lstm,phase3_crypto_lstm,2026-06-03,2026-06-04,-0.003329681149437111,0.003066662233322859,0.001286966106671537,64014.3671875,63801.57421875,64210.97894658719,ensemble
BTC,phase3_crypto,lstm,phase3_crypto_lstm,2026-06-04,2026-06-05,-0.046172542625212365,0.0030230020172894003,0.0013242551371031904,63801.57421875,60922.66796875,63994.73832696075,ensemble
BTC,phase3_crypto,lstm,phase3_crypto_lstm,2026-06-05,2026-06-06,-0.0009073630482773938,0.00306797344237566,0.0014032187176048314,60922.66796875,60867.4140625,61109.86410567376,ensemble
BTC,phase3_crypto,lstm,phase3_crypto_lstm,2026-06-06,2026-06-07,0.0382314561194156,0.003035368025302887,0.0015700726841718399,60867.4140625,63239.51953125,61052.44974856248,ensemble
BTC,phase3_crypto,lstm,phase3_crypto_lstm,2026-06-07,2026-06-08,-0.0023577871851843952,0.0030107840429991484,0.0016225392084773538,63239.51953125,63090.58984375,63430.20698286428,ensemble
BTC,phase3_crypto,lstm,phase3_crypto_lstm,2026-06-08,2026-06-09,-0.023199274916972237,0.002905676467344165,0.0016242916470494055,63090.58984375,61643.78125,63274.17727964758,ensemble
BTC,phase3_crypto,lstm,phase3_crypto_lstm,2026-06-09,2026-06-10,-0.00316008608540611,0.0028030135901644824,0.0016153848002361494,61643.78125,61449.2890625,61816.811997070436,ensemble
BTC,phase3_crypto,lstm,phase3_crypto_lstm,2026-06-10,2026-06-11,0.03378866852406486,0.002760239876806736,0.0015638261142777528,61449.2890625,63561.0546875,61619.13814483787,ensemble
BTC,phase3_crypto,lstm,phase3_crypto_lstm,2026-06-11,2026-06-12,-0.0002809578486747506,0.0026858574710786343,0.0014909320295444519,63561.0546875,63543.19921875,63732.000085825435,ensemble
BTC,phase3_crypto,lstm,phase3_crypto_lstm,2026-06-12,2026-06-13,0.01372472245570358,0.0026582109741866587,0.0013974678456329683,63543.19921875,64421.32421875,63712.33514814597,ensemble
BTC,phase3_crypto,lstm,phase3_crypto_lstm,2026-06-13,2026-06-14,0.019812484755317328,0.002658344921655953,0.001317264714996436,64421.32421875,65710.3984375,64592.80614690404,ensemble
BTC,phase3_crypto,lstm,phase3_crypto_lstm,2026-06-14,2026-06-15,0.0087743291428838,0.002607140294276178,0.0012526172977111686,65710.3984375,66289.5,65881.93818194371,ensemble
BTC,phase3_crypto,lstm,phase3_crypto_lstm,2026-06-15,2026-06-16,-0.010446052081715382,0.002560577797703445,0.001162877696076668,66289.5,65600.640625,66459.45692302166,ensemble
BTC,phase3_crypto,lstm,phase3_crypto_lstm,2026-06-16,2026-06-17,-0.01818545153086442,0.002560387155972421,0.0010716034145216921,65600.640625,64418.4453125,65768.81887151544,ensemble
BTC,phase3_crypto,lstm,phase3_crypto_lstm,2026-06-17,2026-06-18,-0.023909926459543353,0.002533762576058507,0.0011107776507356276,64418.4453125,62896.47265625,64581.87331488552,ensemble
BTC,phase3_crypto,lstm,phase3_crypto_lstm,2026-06-18,2026-06-19,0.0101927013006599,0.0024330843007192016,0.0011707283961068465,62896.47265625,63540.8359375,63049.691397911374,ensemble
BTC,phase3_crypto,lstm,phase3_crypto_lstm,2026-06-19,2026-06-20,0.01093823779640829,0.002402761345729232,0.0012651915510830908,63540.8359375,64239.67578125,63693.69296790769,ensemble
BTC,phase3_crypto,lstm,phase3_crypto_lstm,2026-06-20,2026-06-21,-0.01572292530514671,0.002268041600473225,0.001224187784529682,64239.67578125,63237.5390625,64385.53938816001,ensemble
BTC,phase3_crypto,lstm,phase3_crypto_lstm,2026-06-21,2026-06-22,0.011236353824842346,0.0021275946754030885,0.0011346700719326575,63237.5390625,63952.10546875,63372.2261428456,ensemble
BTC,phase3_crypto,lstm,phase3_crypto_lstm,2026-06-22,2026-06-23,-0.02028318896027214,0.002007235575001687,0.0010445998276019189,63952.10546875,62668.01953125,64080.6013275302,ensemble
BTC,phase3_crypto,lstm,phase3_crypto_lstm,2026-06-23,2026-06-24,-0.027057191162537193,0.0017317992285825312,0.0008382948643735731,62668.01953125,60995.1328125,62776.64198812681,ensemble
BTC,phase3_crypto,lstm,phase3_crypto_lstm,2026-06-24,2026-06-25,-0.021099038116469408,0.0014501431840471923,0.000742247931633444,60995.1328125,59721.67578125,61083.648653418015,ensemble
BTC,phase3_crypto,lstm,phase3_crypto_lstm,2026-06-25,2026-06-26,0.004923319948585001,0.0011813985649496317,0.0007958222796472091,59721.67578125,60016.4296875,59792.272576579686,ensemble
BTC,phase3_crypto,lstm,phase3_crypto_lstm,2026-06-26,2026-06-27,-0.0012726617424323222,0.0008953188127634349,0.0009386965394336668,60016.4296875,59940.09765625,60070.1875877128,ensemble
BTC,phase3_crypto,lstm,phase3_crypto_lstm,2026-06-27,2026-06-28,-0.006825999440473744,0.0006396341632353142,0.0009751629360041778,59940.09765625,59532.33984375,59978.44965477526,ensemble
BTC,phase3_crypto,lstm,phase3_crypto_lstm,2026-06-28,2026-06-29,0.010128530183576383,0.0004904115528916008,0.0008895588703126794,59532.33984375,60138.37890625,59561.54235101823,ensemble
BTC,phase3_crypto,lstm,phase3_crypto_lstm,2026-06-29,2026-06-30,-0.026615830286262104,0.00035934752522734923,0.0008104964341452935,60138.37890625,58558.859375,60159.99336720008,ensemble
BTC,phase3_crypto,lstm,phase3_crypto_lstm,2026-06-30,2026-07-01,0.024374798891813786,0.00030409527735173467,0.0007663987744347706,58558.859375,60003.7578125,58576.66955544167,ensemble
BTC,phase3_crypto,lstm,phase3_crypto_lstm,2026-07-01,2026-07-02,0.024390944088390595,0.0003383495408343151,0.0006776121079159723,60003.7578125,61485.30078125,60024.063491419045,ensemble
BTC,phase3_crypto,lstm,phase3_crypto_lstm,2026-07-02,2026-07-03,0.01707535974546987,0.0003285783197497949,0.0006290104853938301,61485.30078125,62544.19921875,61505.50683752423,ensemble
BTC,phase3_crypto,lstm,phase3_crypto_lstm,2026-07-03,2026-07-04,0.00866191238397133,0.00032108400628203524,0.000565200214386057,62544.19921875,63088.3046875,62564.28438514514,ensemble
BTC,phase3_crypto,lstm,phase3_crypto_lstm,2026-07-04,2026-07-05,0.007258275090508953,0.0003594973153667524,0.0004937039539998488,63088.3046875,63547.8828125,63110.988840868005,ensemble
BTC,phase3_crypto,lstm,phase3_crypto_lstm,2026-07-05,2026-07-06,0.007011517689840301,0.00042496884998399764,0.0004188270094759744,63547.8828125,63995.015625,63574.8944223176,ensemble
BTC,phase3_crypto,lstm,phase3_crypto_lstm,2026-07-06,2026-07-07,-0.01096103180817717,0.0004904673507553526,0.0004184729274763465,63995.015625,63297.39453125,64026.410789297304,ensemble
BTC,phase3_crypto,lstm,phase3_crypto_lstm,2026-07-07,2026-07-08,-0.016563965519348627,0.0005599371674179565,0.0005086550050302397,63297.39453125,62257.57421875,63332.84701970547,ensemble
BTC,phase3_crypto,lstm,phase3_crypto_lstm,2026-07-08,2026-07-09,0.014915682336986301,0.0005359328017220833,0.0005288946688978521,62257.57421875,63193.1484375,62290.94903746068,ensemble
BTC,phase3_crypto,lstm,phase3_crypto_lstm,2026-07-09,2026-07-10,0.01467180052315595,0.0006034500159330491,0.0005065608073510248,63193.1484375,64127.140625,63231.293852199466,ensemble
BTC,phase3_crypto,lstm,phase3_crypto_lstm,2026-07-10,2026-07-11,-0.005082718606355573,0.0007134585641324521,0.0004105464497929769,64127.140625,63802.02734375,64172.90900765309,ensemble
BTC,phase3_crypto,lstm,phase3_crypto_lstm,2026-07-11,2026-07-12,-0.0006868690961942699,0.0009039503987878561,0.0002847804482756526,63802.02734375,63758.21875,63859.727286825124,ensemble
BTC,phase3_crypto,lstm,phase3_crypto_lstm,2026-07-12,2026-07-13,-0.024114338771437895,0.0010211101151071488,0.00027854456208549895,63758.21875,62239.12109375,63823.35616266259,ensemble
BTC,phase3_crypto,lstm,phase3_crypto_lstm,2026-07-13,2026-07-14,0.04272810304426096,0.0011167187243700028,0.0003512809957739022,62239.12109375,64956.11328125,62308.663508094876,ensemble
BTC,phase3_crypto,lstm,phase3_crypto_lstm,2026-07-14,2026-07-15,-0.0037594109647903352,0.0011422790586948395,0.00039625928891717956,64956.11328125,64712.375,65030.35368274093,ensemble
BTC,phase3_crypto,lstm,phase3_crypto_lstm,2026-07-15,2026-07-16,-0.014367279855176223,0.0011953734909184277,0.0003754214200639736,64712.375,63789.28125,64789.77671036902,ensemble
BTC,phase3_crypto,lstm,phase3_crypto_lstm,2026-07-16,2026-07-17,0.0017257545646935989,0.0011881109792739152,0.00037689643367462463,63789.28125,63899.4609375,63865.11503596935,ensemble
BTC,phase3_crypto,lstm,phase3_crypto_lstm,2026-07-17,2026-07-18,0.01394223164475083,0.0011349864536896348,0.0004512039560516182,63899.4609375,64796.6015625,63972.02713309668,ensemble
BTC,phase3_crypto,lstm,phase3_crypto_lstm,2026-07-18,2026-07-19,-0.0016340878484766735,0.001061941969965119,0.0005677143836298733,64796.6015625,64690.8046875,64865.44834238286,ensemble
BTC,phase3_crypto,lstm,phase3_crypto_lstm,2026-07-19,2026-07-20,0.008300835886390828,0.0009902064281050115,0.0007695782583064295,64690.8046875,65230.02734375,64754.89366356223,ensemble
BTC,phase3_crypto,lstm,phase3_crypto_lstm,2026-07-20,2026-07-21,0.019359107363714313,0.0009595656185410917,0.0009660644897618403,65230.02734375,66505.125,65292.6498756948,ensemble
BTC,phase3_crypto,lstm,phase3_crypto_lstm,2026-07-21,2026-07-22,-0.006098209978869257,0.0010804044897668064,0.0011371818136548032,66505.125,66100.796875,66577.01626447188,ensemble
BTC,phase3_crypto,lstm,phase3_crypto_lstm,2026-07-22,2026-07-23,-0.016104346952909084,0.0011923613725230097,0.0013348819531116955,66100.796875,65044.8125,66179.65991916705,ensemble
BTC,phase3_crypto,lstm,phase3_crypto_lstm,2026-07-23,2026-07-24,-0.014655553654227636,0.001349036139436066,0.0014183948280549485,65044.8125,64098.49609375,65132.61951684819,ensemble
BTC,phase3_crypto,lstm,phase3_crypto_lstm,2026-07-24,2026-07-25,0.0033224217714330475,0.0014296926208771765,0.001434487603722271,64098.49609375,64311.8125,64190.20278119085,ensemble
BTC,phase3_crypto,lstm,phase3_crypto_lstm,2026-07-25,2026-07-26,0.015865685940396487,0.0015566089772619308,0.0014190661244786178,64311.8125,65340.30078125,64411.99879989885,ensemble
BTC,phase3_crypto,lstm,phase3_crypto_lstm,2026-07-26,2026-07-27,-0.02503365298859531,0.001662087911972776,0.0013698190844864833,65340.30078125,63724.8984375,65448.99240784048,ensemble
BTC,phase3_crypto,lstm,phase3_crypto_lstm,2026-07-27,2026-07-28,0.0022957554728576246,0.0018155429366743191,0.0013193856625827432,63724.8984375,63871.36328125,63840.69881521901,ensemble
BTC,phase3_crypto,lstm,phase3_crypto_lstm,2026-07-28,2026-07-29,0.0005760654802496461,0.002068852269439958,0.0012934008744918118,63871.36328125,63908.16796875,64003.64047993748,ensemble
BTC,phase3_crypto,lstm,phase3_crypto_lstm,2026-07-29,2026-07-30,0.01270511594195683,0.002415965870022774,0.0013037815356934089,63908.16796875,64725.30859375,64062.75458417951,ensemble
BTC,phase3_crypto,lstm,phase3_crypto_lstm,2026-07-30,2026-07-31,-0.02997835702863742,0.0026880050776526333,0.0012979174704137305,64725.30859375,62813.74609375,64899.524593751004,ensemble
BTC,phase3_crypto,lstm,phase3_crypto_lstm,2026-07-31,2026-08-01,-0.0008031049841085494,0.0029505498241633177,0.0013523724894499121,62813.74609375,62763.3203125,62999.35487055865,ensemble
BTC,phase3_crypto,lstm,phase3_crypto_lstm,2026-08-01,2026-08-02,0.011385569767075112,0.0031025664182379844,0.0013311511002471884,62763.3203125,63482.0,62958.35007234538,ensemble
BTC,phase3_crypto,lstm,phase3_crypto_lstm,2026-08-02,2026-08-03,-0.0003324575530272348,0.003172738873399794,0.0012287306274116339,63482.0,63460.8984375,63683.73166087861,ensemble
BTC,phase3_crypto,lstm,phase3_crypto_lstm,2026-08-03,2026-08-04,0.00933302539348361,0.0032131039537489415,0.0011205336290160824,63460.8984375,64055.953125,63665.132838648635,ensemble
BTC,phase3_crypto,lstm,phase3_crypto_lstm,2026-08-04,2026-08-05,0.008418741360802475,0.0033168865833431483,0.0010436288399404024,64055.953125,64597.5,64268.772209772134,ensemble
BTC,phase3_crypto,lstm,phase3_crypto_lstm,2026-08-05,2026-08-06,-0.005205470783879128,0.0034750694409012794,0.0009706945894354394,64597.5,64262.11328125,64822.37129359142,ensemble
BTC,phase3_crypto,lstm,phase3_crypto_lstm,2026-08-06,2026-08-07,0.00957212039536744,0.0035758661571890114,0.0008965372093086675,64262.11328125,64880.19140625,64492.3173414779,ensemble
BTC,phase3_crypto,lstm,phase3_crypto_lstm,2026-08-07,2026-08-08,0.00037748764335751974,0.0035571018699556587,0.000887510802433726,64880.19140625,64904.6875,65111.387807222585,ensemble
BTC,phase3_crypto,lstm,phase3_crypto_lstm,2026-08-08,2026-08-09,-0.0009217877722439945,0.0035198433324694633,0.0008799125053150069,64904.6875,64844.88671875,65133.54436541754,ensemble
BTC,phase3_crypto,lstm,phase3_crypto_lstm,2026-08-09,2026-08-10,-0.014513048045569134,0.0033785165287554264,0.0009035191146538043,64844.88671875,63910.5859375,65064.336739355145,ensemble
BTC,phase3_crypto,lstm,phase3_crypto_lstm,2026-08-10,2026-08-11,-0.00562851025881392,0.0031633464619517325,0.0009479629485786715,63910.5859375,63551.875,64113.077369827755,ensemble
BTC,phase3_crypto,lstm,phase3_crypto_lstm,2026-08-11,2026-08-12,-0.0023542560615523694,0.0029576383531093597,0.0009004230684564697,63551.875,63402.43359375,63740.116701127175,ensemble
BTC,phase3_crypto,lstm,phase3_crypto_lstm,2026-08-12,2026-08-13,-4.127906065128786e-06,0.002757843630388379,0.0009419063241007478,63402.43359375,63402.171875,63577.52892318025,ensemble
BTC,phase3_crypto,lstm,phase3_crypto_lstm,2026-08-13,2026-08-14,-0.006750867021094253,0.002644573920406401,0.0009372784246636428,63402.171875,62975.59375,63570.06551095247,ensemble
BTC,phase3_crypto,lstm,phase3_crypto_lstm,2026-08-14,2026-08-15,0.0007734380660748331,0.002478113351389766,0.000943488345661574,62975.59375,63024.3203125,63131.847937514045,ensemble
BTC,phase3_crypto,lstm,phase3_crypto_lstm,2026-08-15,2026-08-16,-0.0032686473868631834,0.002321971277706325,0.0009775805629940145,63024.3203125,62818.65234375,63170.83100504593,ensemble
BTC,phase3_crypto,lstm,phase3_crypto_lstm,2026-08-16,2026-08-17,0.026510137670231988,0.002090403554029763,0.0009131128895427299,62818.65234375,64506.25390625,62950.10602562191,ensemble
BTC,phase3_crypto,lstm,phase3_crypto_lstm,2026-08-17,2026-08-18,0.002700847372800676,0.0018432325683534144,0.0007370884757507101,64506.25390625,64680.7109375,64625.26358187283,ensemble
BTC,phase3_crypto,lstm,phase3_crypto_lstm,2026-08-18,2026-08-19,0.0684938460027011,0.0016679833410307766,0.0006126140948338872,64680.7109375,69266.1875,64788.68731219285,ensemble
BTC,phase3_crypto,lstm,phase3_crypto_lstm,2026-08-19,2026-08-20,0.05295120538976306,0.0016091300640255213,0.0005423953439980804,69266.1875,73032.7578125,69377.73552830036,ensemble
BTC,phase3_crypto,lstm,phase3_crypto_lstm,2026-08-20,2026-08-21,0.07008881775516321,0.0016163497464731335,0.000512812022525629,73032.7578125,78335.1875,73150.89974569502,ensemble
BTC,phase3_crypto,lstm,phase3_crypto_lstm,2026-08-21,2026-08-22,-0.016108760387506423,0.001669997104909271,0.0005460116502102797,78335.1875,77083.4140625,78466.11633129329,ensemble
BTC,phase3_crypto,lstm,phase3_crypto_lstm,2026-08-22,2026-08-23,0.008678138825315892,0.0016465215478092432,0.0006466134826930037,77083.4140625,77755.265625,77210.43810995102,ensemble
BTC,phase3_crypto,lstm,phase3_crypto_lstm,2026-08-23,2026-08-24,0.0154319126625293,0.0017209108686074615,0.0008554291977414204,77755.265625,78964.484375,77889.19071022091,ensemble
BTC,phase3_crypto,lstm,phase3_crypto_lstm,2026-08-24,2026-08-25,-0.005072177186830813,0.0018271637964062393,0.0010054315971501444,78964.484375,78564.9765625,79108.89731492245,ensemble
BTC,phase3_crypto,lstm,phase3_crypto_lstm,2026-08-25,2026-08-26,0.005868895257053803,0.0019309197668917477,0.0010001334148255323,78564.9765625,79027.421875,78716.82578588322,ensemble
BTC,phase3_crypto,lstm,phase3_crypto_lstm,2026-08-26,2026-08-27,0.015445797722405792,0.002208019210956991,0.0010488943028169528,79027.421875,80257.5390625,79202.1087256819,ensemble
BTC,phase3_crypto,lstm,phase3_crypto_lstm,2026-08-27,2026-08-28,-0.030710027313092664,0.002513454481959343,0.0009732436127849772,80257.5390625,77830.2890625,80459.51645793069,ensemble
BTC,phase3_crypto,lstm,phase3_crypto_lstm,2026-08-28,2026-08-29,0.005324638622765287,0.0027064453344792126,0.0009256857272504,77830.2890625,78245.8125,78041.2177899979,ensemble
BTC,phase3_crypto,lstm,phase3_crypto_lstm,2026-08-29,2026-08-30,-0.007417513856522034,0.0029278721660375593,0.000936088013949386,78245.8125,77667.5703125,78475.24194266998,ensemble
BTC,phase3_crypto,lstm,phase3_crypto_lstm,2026-08-30,2026-08-31,0.01128015948027171,0.003051441046409309,0.0009323204014198221,77667.5703125,78548.6328125,77904.93028533107,ensemble
BTC,phase3_crypto,xgb,phase3_crypto_xgb,2025-10-31,2025-11-01,0.004624825172493095,-0.0013802397646941245,0.0012336590286787046,109556.1640625,110064.015625,109405.05459603021,ensemble
BTC,phase3_crypto,xgb,phase3_crypto_xgb,2025-11-01,2025-11-02,0.005216141233319792,0.003067501956684282,0.0017553473826337348,110064.015625,110639.625,110402.15556560906,ensemble
BTC,phase3_crypto,xgb,phase3_crypto_xgb,2025-11-02,2025-11-03,-0.03768718290100999,-0.011953802779316902,0.001416491897877696,110639.625,106547.5234375,109324.93417560402,ensemble
BTC,phase3_crypto,xgb,phase3_crypto_xgb,2025-11-03,2025-11-04,-0.04764085753760775,-0.0015986846468877048,0.0023063904763072412,106547.5234375,101590.5234375,106377.32363177434,ensemble
BTC,phase3_crypto,xgb,phase3_crypto_xgb,2025-11-04,2025-11-05,0.022400061321748738,0.009582681581377983,0.0026343112121702556,101590.5234375,103891.8359375,102568.71242669267,ensemble
BTC,phase3_crypto,xgb,phase3_crypto_xgb,2025-11-05,2025-11-06,-0.025251182491850755,0.0036069117020815613,0.0015429183542806932,103891.8359375,101301.2890625,104267.24123618018,ensemble
BTC,phase3_crypto,xgb,phase3_crypto_xgb,2025-11-06,2025-11-07,0.02023892596873405,0.012918781675398349,0.0029230149213083905,101301.2890625,103372.40625,102618.46815473757,ensemble
BTC,phase3_crypto,xgb,phase3_crypto_xgb,2025-11-07,2025-11-08,-0.010603212214200236,-0.002560248383088037,0.004023348212748793,103372.40625,102282.1171875,103108.08572152759,ensemble
BTC,phase3_crypto,xgb,phase3_crypto_xgb,2025-11-08,2025-11-09,0.023551839699680072,0.008616556506603956,0.003171296465261751,102282.1171875,104719.640625,103167.24472924619,ensemble
BTC,phase3_crypto,xgb,phase3_crypto_xgb,2025-11-09,2025-11-10,0.01212026933646231,0.0010583201103145257,0.002921371754358526,104719.640625,105996.59375,104830.52619248164,ensemble
BTC,phase3_crypto,xgb,phase3_crypto_xgb,2025-11-10,2025-11-11,-0.028702546476841843,0.006169463600963354,0.0019050535609847373,105996.59375,102997.46875,106652.55726786924,ensemble
BTC,phase3_crypto,xgb,phase3_crypto_xgb,2025-11-11,2025-11-12,-0.013039146642676998,0.0055911591276526455,0.0031992203295502578,102997.46875,101663.1875,103574.95689718243,ensemble
BTC,phase3_crypto,xgb,phase3_crypto_xgb,2025-11-12,2025-11-13,-0.019524742976585432,-0.0022172024473547935,0.003771614990966861,101663.1875,99697.4921875,101438.02933472619,ensemble
BTC,phase3_crypto,xgb,phase3_crypto_xgb,2025-11-13,2025-11-14,-0.05462287113659148,0.0033038822235539555,0.0014132939832272094,99697.4921875,94397.7890625,100027.42569026908,ensemble
BTC,phase3_crypto,xgb,phase3_crypto_xgb,2025-11-14,2025-11-15,0.01212310649874722,-0.00015434145752806215,0.002779867138658799,94397.7890625,95549.1484375,94383.22069442917,ensemble
BTC,phase3_crypto,xgb,phase3_crypto_xgb,2025-11-15,2025-11-16,-0.014463938461922525,0.002852030342910439,0.0017127142653788024,95549.1484375,94177.078125,95822.04647985053,ensemble
BTC,phase3_crypto,xgb,phase3_crypto_xgb,2025-11-16,2025-11-17,-0.02236838271634354,0.003206426603719592,0.0025383560898661547,94177.078125,92093.875,94479.53465696194,ensemble
BTC,phase3_crypto,xgb,phase3_crypto_xgb,2025-11-17,2025-11-18,0.009241173563305538,0.016059901379048825,0.0016392807167403376,92093.875,92948.875,93584.83383041166,ensemble
BTC,phase3_crypto,xgb,phase3_crypto_xgb,2025-11-18,2025-11-19,-0.016082377699808928,0.019899557158350945,0.0015948614844211284,92948.875,91465.9921875,94817.04265746873,ensemble
BTC,phase3_crypto,xgb,phase3_crypto_xgb,2025-11-19,2025-11-20,-0.05429914313161118,0.009209956508129835,0.004853745974455118,91465.9921875,86631.8984375,92312.28115774774,ensemble
BTC,phase3_crypto,xgb,phase3_crypto_xgb,2025-11-20,2025-11-21,-0.017950490472289502,0.007992656202986836,0.002510647605393494,86631.8984375,85090.6875,87327.09193835575,ensemble
BTC,phase3_crypto,xgb,phase3_crypto_xgb,2025-11-21,2025-11-22,-0.00521187239368071,0.0015550526208244265,0.002531155925908131,85090.6875,84648.359375,85223.11093262219,ensemble
BTC,phase3_crypto,xgb,phase3_crypto_xgb,2025-11-22,2025-11-23,0.025158586579000386,0.009646683838218451,0.0026217035631331915,84648.359375,86805.0078125,85468.88665586685,ensemble
BTC,phase3_crypto,xgb,phase3_crypto_xgb,2025-11-23,2025-11-24,0.016742357810839485,0.012466263212263583,0.0017105635849628052,86805.0078125,88270.5625,87893.91508837756,ensemble
BTC,phase3_crypto,xgb,phase3_crypto_xgb,2025-11-24,2025-11-25,-0.01057647695675446,0.004364368808455765,0.003734913070866198,88270.5625,87341.890625,88656.64969028544,ensemble
BTC,phase3_crypto,xgb,phase3_crypto_xgb,2025-11-25,2025-11-26,0.0357225879133364,0.020492028817534445,0.005381315225589045,87341.890625,90518.3671875,89150.16751808481,ensemble
BTC,phase3_crypto,xgb,phase3_crypto_xgb,2025-11-26,2025-11-27,0.008437806108495432,-0.01619117222726345,0.0023244645621932182,90518.3671875,91285.375,89064.56981621547,ensemble
BTC,phase3_crypto,xgb,phase3_crypto_xgb,2025-11-27,2025-11-28,-0.004018666774419681,0.0029358942527323963,0.0022271222016774232,91285.375,90919.265625,91553.77300911976,ensemble
BTC,phase3_crypto,xgb,phase3_crypto_xgb,2025-11-28,2025-11-29,-0.00074277862694653,0.0005481902953761164,0.0009606668107391789,90919.265625,90851.7578125,90969.12034776746,ensemble
BTC,phase3_crypto,xgb,phase3_crypto_xgb,2025-11-29,2025-11-30,-0.005047792573132774,0.0037658330984413624,0.0027743683542420837,90851.7578125,90394.3125,91194.53538559543,ensemble
BTC,phase3_crypto,xgb,phase3_crypto_xgb,2025-11-30,2025-12-01,-0.04610183805407602,0.003282882575877011,0.003318753905818748,90394.3125,86321.5703125,90691.55405106352,ensemble
BTC,phase3_crypto,xgb,phase3_crypto_xgb,2025-12-01,2025-12-02,0.05662099387030378,-0.006210170919075608,0.0035934708871073547,86321.5703125,91350.203125,85787.15971494767,ensemble
BTC,phase3_crypto,xgb,phase3_crypto_xgb,2025-12-02,2025-12-03,0.023558262011831657,-0.0008176902872946811,0.0025380100970704943,91350.203125,93527.8046875,91275.53748200805,ensemble
BTC,phase3_crypto,xgb,phase3_crypto_xgb,2025-12-03,2025-12-04,-0.014931972865932171,0.006053034868091345,0.0021324024377534783,93527.8046875,92141.625,94095.64860614976,ensemble
BTC,phase3_crypto,xgb,phase3_crypto_xgb,2025-12-04,2025-12-05,-0.030343059975675362,0.003168142295908183,0.002372039986144296,92141.625,89387.7578125,92434.00568663102,ensemble
BTC,phase3_crypto,xgb,phase3_crypto_xgb,2025-12-05,2025-12-06,-0.0012916460625568118,0.010537713393568992,0.0007346072489044402,89387.7578125,89272.375,90334.68082442798,ensemble
BTC,phase3_crypto,xgb,phase3_crypto_xgb,2025-12-06,2025-12-07,0.012614572226014349,0.004513152729487047,0.004113103270006231,89272.375,90405.640625,89676.18540649913,ensemble
BTC,phase3_crypto,xgb,phase3_crypto_xgb,2025-12-07,2025-12-08,0.002591195979813834,-0.0004952618619427085,0.0019988207491853705,90405.640625,90640.203125,90360.87724480643,ensemble
BTC,phase3_crypto,xgb,phase3_crypto_xgb,2025-12-08,2025-12-09,0.022381192698197744,0.003935056529007852,0.002152707772181953,90640.203125,92691.7109375,90997.58013631318,ensemble
BTC,phase3_crypto,xgb,phase3_crypto_xgb,2025-12-09,2025-12-10,-0.007262832846635849,0.0025781934789847584,0.0029196781437098745,92691.7109375,92020.9453125,92930.99643179968,ensemble
BTC,phase3_crypto,xgb,phase3_crypto_xgb,2025-12-10,2025-12-11,0.0053149701081481185,0.004986100271344185,0.001381175948190635,92020.9453125,92511.3359375,92480.91675179821,ensemble
BTC,phase3_crypto,xgb,phase3_crypto_xgb,2025-12-11,2025-12-12,-0.024521421452147512,-0.0013466278585838154,0.0019789325550884696,92511.3359375,90270.4140625,92386.84143798565,ensemble
BTC,phase3_crypto,xgb,phase3_crypto_xgb,2025-12-12,2025-12-13,0.0003134187556330964,0.0032356956115108916,0.0024108883675857946,90270.4140625,90298.7109375,90562.97470847801,ensemble
BTC,phase3_crypto,xgb,phase3_crypto_xgb,2025-12-13,2025-12-14,-0.02379767101791624,-0.002259478741325438,0.002644817456390585,90298.7109375,88175.1796875,90094.91324474786,ensemble
BTC,phase3_crypto,xgb,phase3_crypto_xgb,2025-12-14,2025-12-15,-0.020108914713088392,0.0034844066249206662,0.002002713355609404,88175.1796875,86419.78125,88482.95376137503,ensemble
BTC,phase3_crypto,xgb,phase3_crypto_xgb,2025-12-15,2025-12-16,0.016345736935078115,0.005671471494133584,0.003635076218978998,86419.78125,87843.984375,86911.30107873603,ensemble
BTC,phase3_crypto,xgb,phase3_crypto_xgb,2025-12-16,2025-12-17,-0.019544833040854463,0.007235100492835045,0.0014210629649015994,87843.984375,86143.7578125,88481.84915503018,ensemble
BTC,phase3_crypto,xgb,phase3_crypto_xgb,2025-12-17,2025-12-18,-0.007939728497768105,-0.004234428587369621,0.0017380796441596907,86143.7578125,85462.5078125,85779.75942826307,ensemble
BTC,phase3_crypto,xgb,phase3_crypto_xgb,2025-12-18,2025-12-19,0.030433154968407768,0.004528737859800458,0.0012105238550784573,85462.5078125,88103.3828125,85850.42282693615,ensemble
BTC,phase3_crypto,xgb,phase3_crypto_xgb,2025-12-19,2025-12-20,0.002727355122150639,0.0013031950278673322,0.0020470467701701085,88103.3828125,88344.0,88218.27354917786,ensemble
BTC,phase3_crypto,xgb,phase3_crypto_xgb,2025-12-20,2025-12-21,0.0031390280669266876,0.009308854769915342,0.0016249252989291244,88344.0,88621.75,89170.22108551479,ensemble
BTC,phase3_crypto,xgb,phase3_crypto_xgb,2025-12-21,2025-12-22,-0.0014875849588890807,0.004358369061083067,0.0031145386038555567,88621.75,88490.015625,89008.8392194359,ensemble
BTC,phase3_crypto,xgb,phase3_crypto_xgb,2025-12-22,2025-12-23,-0.012234274952953525,0.0060645750723779205,0.0018706264236368246,88490.015625,87414.0,89028.30055279056,ensemble
BTC,phase3_crypto,xgb,phase3_crypto_xgb,2025-12-23,2025-12-24,0.002262076104062497,0.005021306313574314,0.0011976988742559292,87414.0,87611.9609375,87854.03632410945,ensemble
BTC,phase3_crypto,xgb,phase3_crypto_xgb,2025-12-24,2025-12-25,-0.0043148578556266,-0.005146072991192341,0.002755202690564597,87611.9609375,87234.7421875,87162.2614771515,ensemble
BTC,phase3_crypto,xgb,phase3_crypto_xgb,2025-12-25,2025-12-26,0.0007641682813230021,-0.0011552972195204348,0.0007458228830758477,87234.7421875,87301.4296875,87134.01832660651,ensemble
BTC,phase3_crypto,xgb,phase3_crypto_xgb,2025-12-26,2025-12-27,0.00571921956587603,0.0041753432713449,0.0004239993330734766,87301.4296875,87802.15625,87666.70516911792,ensemble
BTC,phase3_crypto,xgb,phase3_crypto_xgb,2025-12-27,2025-12-28,0.0003835125589097617,0.003353811823762953,0.0016399569192933673,87802.15625,87835.8359375,88097.122513972,ensemble
BTC,phase3_crypto,xgb,phase3_crypto_xgb,2025-12-28,2025-12-29,-0.007974888882579774,0.0026235880293825177,0.0019254688052645034,87835.8359375,87138.140625,88066.58354619134,ensemble
BTC,phase3_crypto,xgb,phase3_crypto_xgb,2025-12-29,2025-12-30,0.01471809780879094,-0.003841865755384788,0.0020727847962393204,87138.140625,88430.1328125,86804.00984033351,ensemble
BTC,phase3_crypto,xgb,phase3_crypto_xgb,2025-12-30,2025-12-31,-0.010473099349299821,0.01734344083815813,0.004445065873744324,88430.1328125,87508.828125,89977.19247936449,ensemble
BTC,phase3_crypto,xgb,phase3_crypto_xgb,2025-12-31,2026-01-01,0.013880733660550057,0.004864560347050429,0.0009998152623452133,87508.828125,88731.984375,87935.55718343452,ensemble
BTC,phase3_crypto,xgb,phase3_crypto_xgb,2026-01-01,2026-01-02,0.013574570130194884,0.005371565310633741,0.0036782339600191075,88731.984375,89944.6953125,89209.8964430279,ensemble
BTC,phase3_crypto,xgb,phase3_crypto_xgb,2026-01-02,2026-01-03,0.007294409627148249,-0.0010132535477168857,0.0022114866851603897,89944.6953125,90603.1875,89853.60468761914,ensemble
BTC,phase3_crypto,xgb,phase3_crypto_xgb,2026-01-03,2026-01-04,0.008903689947606831,0.007944776769727468,0.0017649793687414788,90603.1875,91413.4921875,91325.87659978992,ensemble
BTC,phase3_crypto,xgb,phase3_crypto_xgb,2026-01-04,2026-01-05,0.02665149838136465,0.009369026776403189,0.003663741433775036,91413.4921875,93882.5546875,92273.9722797348,ensemble
BTC,phase3_crypto,xgb,phase3_crypto_xgb,2026-01-05,2026-01-06,-0.00163660971149983,0.00039089796773623676,0.001514201416813771,93882.5546875,93729.03125,93919.26036095242,ensemble
BTC,phase3_crypto,xgb,phase3_crypto_xgb,2026-01-06,2026-01-07,-0.026168967250151644,0.012077148910611868,0.004458004296523174,93729.03125,91308.0546875,94867.87386119072,ensemble
BTC,phase3_crypto,xgb,phase3_crypto_xgb,2026-01-07,2026-01-08,-0.003081466892755565,7.884839433245361e-05,0.0030575153399273855,91308.0546875,91027.125,91315.25446484344,ensemble
BTC,phase3_crypto,xgb,phase3_crypto_xgb,2026-01-08,2026-01-09,-0.005662930149506993,-0.0013268666341900825,0.0035233625309180876,91027.125,90513.1015625,90906.42423964562,ensemble
BTC,phase3_crypto,xgb,phase3_crypto_xgb,2026-01-09,2026-01-10,-0.0013980466595052143,-0.0021088277571834624,0.0034627771318672083,90513.1015625,90386.6484375,90322.42614300843,ensemble
BTC,phase3_crypto,xgb,phase3_crypto_xgb,2026-01-10,2026-01-11,0.004865110901100388,-0.004833379434421659,0.0018967019739777454,90386.6484375,90827.4609375,89950.82955725264,ensemble
BTC,phase3_crypto,xgb,phase3_crypto_xgb,2026-01-11,2026-01-12,0.004016380962680633,-0.005345669016242028,0.0019264571912101685,90827.4609375,91192.9921875,90343.22283519141,ensemble
BTC,phase3_crypto,xgb,phase3_crypto_xgb,2026-01-12,2026-01-13,0.044280285031478225,-0.00019858869491145014,0.00112070449983311,91192.9921875,95321.78125,91174.88408828781,ensemble
BTC,phase3_crypto,xgb,phase3_crypto_xgb,2026-01-13,2026-01-14,0.016723797821879046,0.019935299083590506,0.002468249237781417,95321.78125,96929.328125,97241.11717205337,ensemble
BTC,phase3_crypto,xgb,phase3_crypto_xgb,2026-01-14,2026-01-15,-0.014320038274756287,-0.004444352863356471,0.0011348389163424882,96929.328125,95551.1875,96499.49585864972,ensemble
BTC,phase3_crypto,xgb,phase3_crypto_xgb,2026-01-15,2026-01-16,-0.00027287855188963723,-0.01804710291326046,0.0018725016178441128,95551.1875,95525.1171875,93842.23261141391,ensemble
BTC,phase3_crypto,xgb,phase3_crypto_xgb,2026-01-16,2026-01-17,-0.004461072057980408,0.0004759343733894639,0.0014107537745814327,95525.1171875,95099.921875,95570.5916948738,ensemble
BTC,phase3_crypto,xgb,phase3_crypto_xgb,2026-01-17,2026-01-18,-0.015529993658124637,0.008752080332487821,0.0034386545156990943,95099.921875,93634.4296875,95935.89695516726,ensemble
BTC,phase3_crypto,xgb,phase3_crypto_xgb,2026-01-18,2026-01-19,-0.011610285761608208,0.006141794566065073,0.0024461952144316586,93634.4296875,92553.59375,94211.28276217179,ensemble
BTC,phase3_crypto,xgb,phase3_crypto_xgb,2026-01-19,2026-01-20,-0.046924255054821146,0.007443489693105221,0.0022926945377882584,92553.59375,88310.90625,93245.08583553908,ensemble
BTC,phase3_crypto,xgb,phase3_crypto_xgb,2026-01-20,2026-01-21,0.011999327760148781,0.00033113772151409647,0.0024477243287549283,88310.90625,89376.9609375,88340.1541645571,ensemble
BTC,phase3_crypto,xgb,phase3_crypto_xgb,2026-01-21,2026-01-22,0.0009560777691027553,0.0011990870058070867,0.0014999847564389995,89376.9609375,89462.453125,89484.19596919659,ensemble
BTC,phase3_crypto,xgb,phase3_crypto_xgb,2026-01-22,2026-01-23,0.00046290133092210693,-0.005121213709935546,0.002248612911603242,89462.453125,89503.875,89005.46794169705,ensemble
BTC,phase3_crypto,xgb,phase3_crypto_xgb,2026-01-23,2026-01-24,-0.004402117623558332,-0.00046886653872206806,0.002643393773790261,89503.875,89110.734375,89461.91946446852,ensemble
BTC,phase3_crypto,xgb,phase3_crypto_xgb,2026-01-24,2026-01-25,-0.028900838361794738,0.0004347807611338794,0.0024922249253581,89110.734375,86572.21875,89149.48643163063,ensemble
BTC,phase3_crypto,xgb,phase3_crypto_xgb,2026-01-25,2026-01-26,0.01938894055131375,0.011061942577362061,0.0012431709704618763,86572.21875,88267.140625,87535.19202049325,ensemble
BTC,phase3_crypto,xgb,phase3_crypto_xgb,2026-01-26,2026-01-27,0.00942027656458104,0.0014877269393764436,0.00512974323954979,88267.140625,89102.5703125,88398.55575864804,ensemble
BTC,phase3_crypto,xgb,phase3_crypto_xgb,2026-01-27,2026-01-28,0.0009198645005418251,0.002284567663446069,0.002730816359172814,89102.5703125,89184.5703125,89306.36386480824,ensemble
BTC,phase3_crypto,xgb,phase3_crypto_xgb,2026-01-28,2026-01-29,-0.053227949504083015,-0.007054448500275612,0.002215417530083307,89184.5703125,84561.5859375,88557.63629105315,ensemble
BTC,phase3_crypto,xgb,phase3_crypto_xgb,2026-01-29,2026-01-30,-0.005132847429550004,0.007358019193634391,0.002528448208397675,84561.5859375,84128.65625,85186.0864356394,ensemble
BTC,phase3_crypto,xgb,phase3_crypto_xgb,2026-01-30,2026-01-31,-0.06770691927198588,0.0010715267271734774,0.001775994790902307,84128.65625,78621.1171875,84218.85066792791,ensemble
BTC,phase3_crypto,xgb,phase3_crypto_xgb,2026-01-31,2026-02-01,-0.021166842147211495,-0.0018814902519807219,0.0020712969945733024,78621.1171875,76974.4453125,78473.33139427342,ensemble
BTC,phase3_crypto,xgb,phase3_crypto_xgb,2026-02-01,2026-02-02,0.022026908157821636,0.009084978513419628,0.0013426892789624226,76974.4453125,78688.765625,77676.94274948725,ensemble
BTC,phase3_crypto,xgb,phase3_crypto_xgb,2026-02-02,2026-02-03,-0.03960046937497693,-0.000739108503330499,0.002768661389356444,78688.765625,75633.546875,78630.62757701945,ensemble
BTC,phase3_crypto,xgb,phase3_crypto_xgb,2026-02-03,2026-02-04,-0.035170615941758965,0.018226638808846472,0.004226741737012711,75633.546875,73019.703125,77024.73201663894,ensemble
BTC,phase3_crypto,xgb,phase3_crypto_xgb,2026-02-04,2026-02-05,-0.1523344080304475,0.006782349850982428,0.003512825881221877,73019.703125,62702.09765625,73516.63156396856,ensemble
BTC,phase3_crypto,xgb,phase3_crypto_xgb,2026-02-05,2026-02-06,0.118003181433477,0.013302117213606834,0.0028663072174834477,62702.09765625,70555.390625,63541.74044124552,ensemble
BTC,phase3_crypto,xgb,phase3_crypto_xgb,2026-02-06,2026-02-07,-0.018213402812750957,0.001750474004074931,0.0023681407030427017,70555.390625,69281.96875,70679.00416171341,ensemble
BTC,phase3_crypto,xgb,phase3_crypto_xgb,2026-02-07,2026-02-08,0.01408523588474713,0.011946922168135643,0.004320323675154259,69281.96875,70264.7265625,70114.63905817021,ensemble
BTC,phase3_crypto,xgb,phase3_crypto_xgb,2026-02-08,2026-02-09,-0.0020507154219692207,-0.004457936086691916,0.004763772945329887,70264.7265625,70120.78125,69952.18805826842,ensemble
BTC,phase3_crypto,xgb,phase3_crypto_xgb,2026-02-09,2026-02-10,-0.01910323758989731,0.008803778840228916,0.0044229858833625905,70120.78125,68793.9609375,70740.83450123318,ensemble
BTC,phase3_crypto,xgb,phase3_crypto_xgb,2026-02-10,2026-02-11,-0.026543221212374526,0.0011168242432177066,0.00600166287675609,68793.9609375,66991.96875,68870.8346200678,ensemble
BTC,phase3_crypto,xgb,phase3_crypto_xgb,2026-02-11,2026-02-12,-0.01156236827483507,-0.0006261371308937669,0.0029755722615535866,66991.96875,66221.84375,66950.03572017742,ensemble
BTC,phase3_crypto,xgb,phase3_crypto_xgb,2026-02-12,2026-02-13,0.03903376935715579,-0.003996473620645702,0.0031041562364019643,66221.84375,68857.84375,65957.7180356145,ensemble
BTC,phase3_crypto,xgb,phase3_crypto_xgb,2026-02-13,2026-02-14,0.013125933067848304,-0.0010099712992087007,0.00311248943482391,68857.84375,69767.625,68788.33441121424,ensemble
BTC,phase3_crypto,xgb,phase3_crypto_xgb,2026-02-14,2026-02-15,-0.014138040068878806,0.00612608571536839,0.002667020890806674,69767.625,68788.1875,70196.33928035741,ensemble
BTC,phase3_crypto,xgb,phase3_crypto_xgb,2026-02-15,2026-02-16,0.0007987824782500607,0.003365191025659442,0.0034184983957088683,68788.1875,68843.15625,69020.06282480458,ensemble
BTC,phase3_crypto,xgb,phase3_crypto_xgb,2026-02-16,2026-02-17,-0.019788873300286218,0.003522289847023785,0.002930946249827477,68843.15625,67494.21875,69086.06935433474,ensemble
BTC,phase3_crypto,xgb,phase3_crypto_xgb,2026-02-17,2026-02-18,-0.015963632260214883,-0.007213407289236784,0.0030606128531471283,67494.21875,66425.3203125,67009.10721751177,ensemble
BTC,phase3_crypto,xgb,phase3_crypto_xgb,2026-02-18,2026-02-19,0.007980125994704771,0.010160573199391365,0.004016505547987258,66425.3203125,66957.5234375,67103.6800678134,ensemble
BTC,phase3_crypto,xgb,phase3_crypto_xgb,2026-02-19,2026-02-20,0.015528995656632263,0.003528157470282167,0.0018545041198125272,66957.5234375,68005.421875,67194.17735466358,ensemble
BTC,phase3_crypto,xgb,phase3_crypto_xgb,2026-02-20,2026-02-21,-2.4354972344490844e-05,0.007311949739232659,0.002325594618964304,68005.421875,68003.765625,68504.49648240095,ensemble
BTC,phase3_crypto,xgb,phase3_crypto_xgb,2026-02-21,2026-02-22,-0.005076923598302017,0.014297818765044212,0.004057180944637222,68003.765625,67659.390625,68983.05531171139,ensemble
BTC,phase3_crypto,xgb,phase3_crypto_xgb,2026-02-22,2026-02-23,-0.04601267313564273,-0.004935353295877576,0.002610014497255382,67659.390625,64616.73828125,67326.29028853346,ensemble
BTC,phase3_crypto,xgb,phase3_crypto_xgb,2026-02-23,2026-02-24,-0.00834051043874472,-0.004969688365235925,0.0024612378363570273,64616.73828125,64080.04296875,64296.40985432609,ensemble
BTC,phase3_crypto,xgb,phase3_crypto_xgb,2026-02-24,2026-02-25,0.05878816281087323,0.0022728548385202883,0.0027556438263500664,64080.04296875,67960.125,64225.85324448974,ensemble
BTC,phase3_crypto,xgb,phase3_crypto_xgb,2026-02-25,2026-02-26,-0.007478610812400483,0.033780379220843315,0.0024283513467289065,67960.125,67453.7734375,70295.05924523144,ensemble
BTC,phase3_crypto,xgb,phase3_crypto_xgb,2026-02-26,2026-02-27,-0.023580345399758597,-0.0047034816816449165,0.002201424920319529,67453.7734375,65881.796875,67137.25081249193,ensemble
BTC,phase3_crypto,xgb,phase3_crypto_xgb,2026-02-27,2026-02-28,0.016768637200983844,-0.008102022111415863,0.0021002205040362276,65881.796875,66995.859375,65350.17760360141,ensemble
BTC,phase3_crypto,xgb,phase3_crypto_xgb,2026-02-28,2026-03-01,-0.018952127255243773,-0.0021846589166671037,0.003959572211462177,66995.859375,65738.1015625,66849.65603380227,ensemble
BTC,phase3_crypto,xgb,phase3_crypto_xgb,2026-03-01,2026-03-02,0.04517399874225875,0.0036119667667662723,0.003728761055161755,65738.1015625,68775.8515625,65975.97473704087,ensemble
BTC,phase3_crypto,xgb,phase3_crypto_xgb,2026-03-02,2026-03-03,-0.007035921401254354,0.015625706128776073,0.004083612816800812,68775.8515625,68293.6484375,69858.962960114,ensemble
BTC,phase3_crypto,xgb,phase3_crypto_xgb,2026-03-03,2026-03-04,0.06267011054362281,-0.0034634625422768294,0.0018014126094799353,68293.6484375,72710.578125,68057.5250824952,ensemble
BTC,phase3_crypto,xgb,phase3_crypto_xgb,2026-03-04,2026-03-05,-0.026047184090688055,-0.0007126931101083756,0.0035666676492360967,72710.578125,70841.125,72658.77625854763,ensemble
BTC,phase3_crypto,xgb,phase3_crypto_xgb,2026-03-05,2026-03-06,-0.03892676222985379,-0.006160732777789235,0.0028334775487987925,70841.125,68136.4921875,70406.03337695295,ensemble
BTC,phase3_crypto,xgb,phase3_crypto_xgb,2026-03-06,2026-03-07,-0.012760002816373808,0.02116669062525034,0.003506770800115034,68136.4921875,67272.59375,69594.0880583466,ensemble
BTC,phase3_crypto,xgb,phase3_crypto_xgb,2026-03-07,2026-03-08,-0.019556151272463178,-0.0011114770226413385,0.0015382557878033235,67272.59375,65969.78125,67197.86334605022,ensemble
BTC,phase3_crypto,xgb,phase3_crypto_xgb,2026-03-08,2026-03-09,0.036210883133673905,-0.009919266309589147,0.002415890269138216,65969.78125,68402.3828125,65318.64416136185,ensemble
BTC,phase3_crypto,xgb,phase3_crypto_xgb,2026-03-09,2026-03-10,0.022043063053682945,0.00041658763948362323,0.0019474160663160635,68402.3828125,69926.921875,68430.88433596991,ensemble
BTC,phase3_crypto,xgb,phase3_crypto_xgb,2026-03-10,2026-03-11,0.003967140831024369,-0.002496695044101216,0.0021553072551863716,69926.921875,70204.8828125,69752.55343868776,ensemble
BTC,phase3_crypto,xgb,phase3_crypto_xgb,2026-03-11,2026-03-12,0.004102088510358853,-0.003449497011024505,0.0017345694934228037,70204.8828125,70493.4609375,69963.12848421549,ensemble
BTC,phase3_crypto,xgb,phase3_crypto_xgb,2026-03-12,2026-03-13,0.006712861238543366,-0.00045115009706933054,0.0017317854081329476,70493.4609375,70968.265625,70461.66497866955,ensemble
BTC,phase3_crypto,xgb,phase3_crypto_xgb,2026-03-13,2026-03-14,0.0034653905327112298,0.0011392352287657558,0.0028345040928824715,70968.265625,71214.625,71049.16124414475,ensemble
BTC,phase3_crypto,xgb,phase3_crypto_xgb,2026-03-14,2026-03-15,0.021879197879022205,-0.004886269965209067,0.0029534423385472967,71214.625,72789.9140625,70867.49988095298,ensemble
BTC,phase3_crypto,xgb,phase3_crypto_xgb,2026-03-15,2026-03-16,0.028056806108927662,-0.006613947823643685,0.0026929582087350445,72789.9140625,74861.0859375,72310.07393676891,ensemble
BTC,phase3_crypto,xgb,phase3_crypto_xgb,2026-03-16,2026-03-17,-0.012617278563279094,-0.008174925949424506,0.00202776805463554,74861.0859375,73922.4765625,74251.59676221815,ensemble
BTC,phase3_crypto,xgb,phase3_crypto_xgb,2026-03-17,2026-03-18,-0.03688417423341742,0.0011575447395443916,0.0026616636565190074,73922.4765625,71245.578125,74008.09468021986,ensemble
BTC,phase3_crypto,xgb,phase3_crypto_xgb,2026-03-18,2026-03-19,-0.01888416104762736,-0.007729547750204802,0.0025986053114849606,71245.578125,69912.7890625,70697.00486972534,ensemble
BTC,phase3_crypto,xgb,phase3_crypto_xgb,2026-03-19,2026-03-20,0.008684431647448684,-0.004996544402092695,0.00301853119847992,69912.7890625,70522.5859375,69564.3379583185,ensemble
BTC,phase3_crypto,xgb,phase3_crypto_xgb,2026-03-20,2026-03-21,-0.026016105631017767,-0.0011344330385327339,0.0045935375153384785,70522.5859375,68711.5234375,70442.62814800385,ensemble
BTC,phase3_crypto,xgb,phase3_crypto_xgb,2026-03-21,2026-03-22,-0.012688120086084904,0.006617659982293844,0.0027090750501065127,68711.5234375,67845.2109375,69167.7408172813,ensemble
BTC,phase3_crypto,xgb,phase3_crypto_xgb,2026-03-22,2026-03-23,0.04425119303469704,-0.003480622032657266,0.003518802391023464,67845.2109375,70914.859375,67609.47788830988,ensemble
BTC,phase3_crypto,xgb,phase3_crypto_xgb,2026-03-23,2026-03-24,-0.005613991531695598,-0.00770765021443367,0.004223240004620761,70914.859375,70517.859375,70370.3734928545,ensemble
BTC,phase3_crypto,xgb,phase3_crypto_xgb,2026-03-24,2026-03-25,0.011168924480813245,0.006655120942741633,0.0016783816608831464,70517.859375,71309.8828125,70988.72936821416,ensemble
BTC,phase3_crypto,xgb,phase3_crypto_xgb,2026-03-25,2026-03-26,-0.03595291880741613,-0.0026613793917931615,0.0019481390102975276,71309.8828125,68791.625,71120.35247788428,ensemble
BTC,phase3_crypto,xgb,phase3_crypto_xgb,2026-03-26,2026-03-27,-0.03631346968520713,0.0032211065292358397,0.0021611605822851893,68791.625,66338.375,69013.5674106208,ensemble
BTC,phase3_crypto,xgb,phase3_crypto_xgb,2026-03-27,2026-03-28,-0.0002816215791388498,-0.00798109658062458,0.0017762139677546386,66338.375,66319.6953125,65811.02922015551,ensemble
BTC,phase3_crypto,xgb,phase3_crypto_xgb,2026-03-28,2026-03-29,-0.005515409833700628,-0.0035277256043627857,0.002246808813214634,66319.6953125,65954.921875,66086.1498097007,ensemble
BTC,phase3_crypto,xgb,phase3_crypto_xgb,2026-03-29,2026-03-30,0.011105181731209317,-0.002329189929878339,0.002042898408387767,65954.921875,66691.4453125,65801.47910319282,ensemble
BTC,phase3_crypto,xgb,phase3_crypto_xgb,2026-03-30,2026-03-31,0.022856210162579323,-0.0031756564974784853,0.002611711379896485,66691.4453125,68233.3125,66479.99211992472,ensemble
BTC,phase3_crypto,xgb,phase3_crypto_xgb,2026-03-31,2026-04-01,-0.002270644254019965,0.0021364739281125368,0.0035587662474244465,68233.3125,68078.5546875,68379.24703033455,ensemble
BTC,phase3_crypto,xgb,phase3_crypto_xgb,2026-04-01,2026-04-02,-0.017634149228875802,0.003994227247312665,0.003966970712575417,68078.5546875,66888.5703125,68351.01968691403,ensemble
BTC,phase3_crypto,xgb,phase3_crypto_xgb,2026-04-02,2026-04-03,0.0006356502125007872,0.0030434517771936952,0.0023851604116713583,66888.5703125,66931.1015625,67092.4525461915,ensemble
BTC,phase3_crypto,xgb,phase3_crypto_xgb,2026-04-03,2026-04-04,0.005355544495529739,0.002450216162833385,0.0020861597287613358,66931.1015625,67290.515625,67095.29830595496,ensemble
BTC,phase3_crypto,xgb,phase3_crypto_xgb,2026-04-04,2026-04-05,0.024824828794848448,0.007254020776599646,0.002373747626197957,67290.515625,68981.8984375,67780.4171530938,ensemble
BTC,phase3_crypto,xgb,phase3_crypto_xgb,2026-04-05,2026-04-06,-0.0017711667933321205,-0.004199655004777014,0.0043746793544776974,68981.8984375,68859.828125,68692.80573219761,ensemble
BTC,phase3_crypto,xgb,phase3_crypto_xgb,2026-04-06,2026-04-07,0.043769250088650125,0.0007704579271376133,0.0022342994768240173,68859.828125,71940.703125,68912.90216847359,ensemble
BTC,phase3_crypto,xgb,phase3_crypto_xgb,2026-04-07,2026-04-08,-0.011426386592901714,-0.010684173088520765,0.003595357703849232,71940.703125,71123.359375,71176.1676879023,ensemble
BTC,phase3_crypto,xgb,phase3_crypto_xgb,2026-04-08,2026-04-09,0.00902047398791368,0.01457824520766735,0.00260315502692334,71123.359375,71767.828125,72167.80776274251,ensemble
BTC,phase3_crypto,xgb,phase3_crypto_xgb,2026-04-09,2026-04-10,0.01673607145352826,0.02096589058637619,0.0025113387241582977,71767.828125,72979.046875,73288.38881277994,ensemble
BTC,phase3_crypto,xgb,phase3_crypto_xgb,2026-04-10,2026-04-11,0.0010302658186926742,0.0024045163998380305,0.0012807342848292287,72979.046875,73054.2734375,73154.73733069739,ensemble
BTC,phase3_crypto,xgb,phase3_crypto_xgb,2026-04-11,2026-04-12,-0.03200195641601119,-0.0031178425066173076,0.0019370290020825005,73054.2734375,70753.40625,72826.85642792171,ensemble
BTC,phase3_crypto,xgb,phase3_crypto_xgb,2026-04-12,2026-04-13,0.05139225778223328,0.006421646371018141,0.0036357603548229137,70753.40625,74484.640625,71209.22158052312,ensemble
BTC,phase3_crypto,xgb,phase3_crypto_xgb,2026-04-13,2026-04-14,-0.004076670658997154,-0.008742030709981918,0.0035049081879085244,74484.640625,74181.609375,73836.331507154,ensemble
BTC,phase3_crypto,xgb,phase3_crypto_xgb,2026-04-14,2026-04-15,0.00836950468372944,0.0009415488922968507,0.0018470711715754384,74181.609375,74805.078125,74251.4878789875,ensemble
BTC,phase3_crypto,xgb,phase3_crypto_xgb,2026-04-15,2026-04-16,0.004628724487070657,-0.017366650328040124,0.004230390939563527,74805.078125,75152.1328125,73517.18009686389,ensemble
BTC,phase3_crypto,xgb,phase3_crypto_xgb,2026-04-16,2026-04-17,0.025937296578403095,0.0013317995355464519,0.0006432293977263947,75152.1328125,77126.875,75252.28706596557,ensemble
BTC,phase3_crypto,xgb,phase3_crypto_xgb,2026-04-17,2026-04-18,-0.018327445076503752,-0.0042653843527659776,0.0016221544666372486,77126.875,75726.2109375,76798.59984176506,ensemble
BTC,phase3_crypto,xgb,phase3_crypto_xgb,2026-04-18,2026-04-19,-0.025002336494923415,0.004820174654014409,0.0032330898659612816,75726.2109375,73856.3515625,76092.10562983112,ensemble
BTC,phase3_crypto,xgb,phase3_crypto_xgb,2026-04-19,2026-04-20,0.02693259727225901,-0.009172720648348332,0.002794296303486861,73856.3515625,75872.5234375,73181.98549564024,ensemble
BTC,phase3_crypto,xgb,phase3_crypto_xgb,2026-04-20,2026-04-21,0.006309747501944813,-0.00273643268737942,0.0038775545698015858,75872.5234375,76352.7734375,75665.18719450687,ensemble
BTC,phase3_crypto,xgb,phase3_crypto_xgb,2026-04-21,2026-04-22,0.02394495237334366,0.004098319029435515,0.0026214800201882207,76352.7734375,78203.1015625,76666.33355764748,ensemble
BTC,phase3_crypto,xgb,phase3_crypto_xgb,2026-04-22,2026-04-23,0.0008417038623198857,-0.016450319439172745,0.0050665284182295775,78203.1015625,78268.953125,76927.15916443449,ensemble
BTC,phase3_crypto,xgb,phase3_crypto_xgb,2026-04-23,2026-04-24,-0.010449855400701123,0.004366415366530418,0.0017813550524962611,78268.953125,77455.3125,78611.45509340974,ensemble
BTC,phase3_crypto,xgb,phase3_crypto_xgb,2026-04-24,2026-04-25,0.0020210985800430967,0.01771326269954443,0.002868112908195626,77455.3125,77612.015625,78839.52203914816,ensemble
BTC,phase3_crypto,xgb,phase3_crypto_xgb,2026-04-25,2026-04-26,0.01338122502813899,-0.0007643762626685202,0.0010373675296713196,77612.015625,78657.5390625,77552.71351001029,ensemble
BTC,phase3_crypto,xgb,phase3_crypto_xgb,2026-04-26,2026-04-27,-0.016547994707933746,0.00563679370097816,0.003607134488109058,78657.5390625,77366.625,79102.16734489234,ensemble
BTC,phase3_crypto,xgb,phase3_crypto_xgb,2026-04-27,2026-04-28,-0.013218654490737211,0.0022970206395257265,0.0016988287248541616,77366.625,76350.671875,77544.54199571241,ensemble
BTC,phase3_crypto,xgb,phase3_crypto_xgb,2026-04-28,2026-04-29,-0.0075534590417408835,-0.0030365068814717233,0.002270554708519085,76350.671875,75776.1328125,76119.18416931912,ensemble
BTC,phase3_crypto,xgb,phase3_crypto_xgb,2026-04-29,2026-04-30,0.006946186875134918,0.00026181056309724224,0.0015289277536321443,75776.1328125,76304.3203125,75795.97440175647,ensemble
BTC,phase3_crypto,xgb,phase3_crypto_xgb,2026-04-30,2026-05-01,0.02427150989403538,-0.0045531142968684435,0.002162739291193367,76304.3203125,78179.0,75957.687748446,ensemble
BTC,phase3_crypto,xgb,phase3_crypto_xgb,2026-05-01,2026-05-02,0.006098736514783506,0.0003103028517216444,0.0018840126285649761,78179.0,78657.25,78203.26293087838,ensemble
BTC,phase3_crypto,xgb,phase3_crypto_xgb,2026-05-02,2026-05-03,-0.0015143369624661424,0.003652688395231962,0.0013075713863711634,78657.25,78538.2265625,78945.08579147495,ensemble
BTC,phase3_crypto,xgb,phase3_crypto_xgb,2026-05-03,2026-05-04,0.01628767686490818,0.010861973278224468,0.0027661798502788405,78538.2265625,79827.90625,79395.95656786511,ensemble
BTC,phase3_crypto,xgb,phase3_crypto_xgb,2026-05-04,2026-05-05,0.013675043806522565,0.0014016758650541306,0.004166416139514683,79827.90625,80927.0546875,79939.87755495383,ensemble
BTC,phase3_crypto,xgb,phase3_crypto_xgb,2026-05-05,2026-05-06,0.006165248057273942,0.010660362429916859,0.003454068424085361,80927.0546875,81427.53125,81794.38121460936,ensemble
BTC,phase3_crypto,xgb,phase3_crypto_xgb,2026-05-06,2026-05-07,-0.017561908350902416,-0.0006957974517717957,0.0022894604232148934,81427.53125,80009.9921875,81370.89388760341,ensemble
BTC,phase3_crypto,xgb,phase3_crypto_xgb,2026-05-07,2026-05-08,0.0022069548930199264,0.003076712286565453,0.0025065651587241034,80009.9921875,80186.765625,80256.53899582091,ensemble
BTC,phase3_crypto,xgb,phase3_crypto_xgb,2026-05-08,2026-05-09,0.005938447031188693,0.0027071856427937748,0.0012012728352317743,80186.765625,80664.3671875,80404.14018953333,ensemble
BTC,phase3_crypto,xgb,phase3_crypto_xgb,2026-05-09,2026-05-10,0.018115146956791082,0.002293049622676335,0.0015843699342707157,80664.3671875,82138.9296875,80849.54681614079,ensemble
BTC,phase3_crypto,xgb,phase3_crypto_xgb,2026-05-10,2026-05-11,-0.005011785219488408,0.003151063388213515,0.005617269675152486,82138.9296875,81728.296875,82398.1628771937,ensemble
BTC,phase3_crypto,xgb,phase3_crypto_xgb,2026-05-11,2026-05-12,-0.015422747705667463,-0.0007121718605048955,0.0029901255073169542,81728.296875,80477.4921875,81670.11300267612,ensemble
BTC,phase3_crypto,xgb,phase3_crypto_xgb,2026-05-12,2026-05-13,-0.015028018231235505,0.007704990217462182,0.0027062867985106057,80477.4921875,79277.1171875,81099.96547329803,ensemble
BTC,phase3_crypto,xgb,phase3_crypto_xgb,2026-05-13,2026-05-14,0.022132143698821827,-0.0003961129732488189,0.0023279862511834644,79277.1171875,81051.25,79245.7207115865,ensemble
BTC,phase3_crypto,xgb,phase3_crypto_xgb,2026-05-14,2026-05-15,-0.02480277513696735,0.0049304488813504575,0.0038403406053045173,81051.25,79065.6796875,81451.85581660694,ensemble
BTC,phase3_crypto,xgb,phase3_crypto_xgb,2026-05-15,2026-05-16,-0.011886390842574117,-0.0010296062246197835,0.001803343562663213,79065.6796875,78131.4375,78984.31506548841,ensemble
BTC,phase3_crypto,xgb,phase3_crypto_xgb,2026-05-16,2026-05-17,-0.009026576797854137,0.0010452455724589526,0.0013947327636265336,78131.4375,77429.3515625,78213.14673478548,ensemble
BTC,phase3_crypto,xgb,phase3_crypto_xgb,2026-05-17,2026-05-18,-0.006155853649121142,0.006238995864987373,0.0017638882069907335,77429.3515625,76954.171875,77913.94307705936,ensemble
BTC,phase3_crypto,xgb,phase3_crypto_xgb,2026-05-18,2026-05-19,-0.002644879999712329,0.0034462218754924834,0.0023642725714518183,76954.171875,76750.90625,77219.83052192295,ensemble
BTC,phase3_crypto,xgb,phase3_crypto_xgb,2026-05-19,2026-05-20,0.009167734783614812,0.0037823672872036697,0.002978807037883984,76750.90625,77457.7734375,77041.75607073825,ensemble
BTC,phase3_crypto,xgb,phase3_crypto_xgb,2026-05-20,2026-05-21,0.0010503232153248991,-0.0034946077852509917,0.0018991123838522183,77457.7734375,77539.171875,77187.56131709911,ensemble
BTC,phase3_crypto,xgb,phase3_crypto_xgb,2026-05-21,2026-05-22,-0.026806340702622146,0.012185942940413952,0.003756513615427753,77539.171875,75488.2421875,78489.84043123359,ensemble
BTC,phase3_crypto,xgb,phase3_crypto_xgb,2026-05-22,2026-05-23,0.015577503022418466,0.00013035687152296305,0.0020653106698279673,75488.2421875,76673.3671875,75498.0832399988,ensemble
BTC,phase3_crypto,xgb,phase3_crypto_xgb,2026-05-23,2026-05-24,0.004005847400396048,0.018254120834171772,0.002428673112916855,76673.3671875,76981.125,78085.82445922497,ensemble
BTC,phase3_crypto,xgb,phase3_crypto_xgb,2026-05-24,2026-05-25,0.003874018128693613,-4.01580473408103e-05,0.0033990851795208284,76981.125,77279.9296875,76978.03365040959,ensemble
BTC,phase3_crypto,xgb,phase3_crypto_xgb,2026-05-25,2026-05-26,-0.018996541405031864,0.002557322010397911,0.0027003862413558736,77279.9296875,75825.734375,77477.81226954884,ensemble
BTC,phase3_crypto,xgb,phase3_crypto_xgb,2026-05-26,2026-05-27,-0.019725310724108713,-0.008941453974694013,0.0035696929170701656,75825.734375,74344.703125,75150.7641654804,ensemble
BTC,phase3_crypto,xgb,phase3_crypto_xgb,2026-05-27,2026-05-28,-0.010929802661887332,0.006498273462057114,0.0022917336508329906,74344.703125,73536.5546875,74829.38843963189,ensemble
BTC,phase3_crypto,xgb,phase3_crypto_xgb,2026-05-28,2026-05-29,-0.0022330998228095003,-0.00515261017717421,0.002530052570958581,73536.5546875,73372.5234375,73158.62398835833,ensemble
BTC,phase3_crypto,xgb,phase3_crypto_xgb,2026-05-29,2026-05-30,0.005197039654902875,0.005579972732812166,0.0010387158950046062,73372.5234375,73754.8359375,73783.08451214786,ensemble
BTC,phase3_crypto,xgb,phase3_crypto_xgb,2026-05-30,2026-05-31,-0.002377562514476544,0.003627864271402359,0.001832356102695741,73754.8359375,73579.6875,74022.89441752998,ensemble
BTC,phase3_crypto,xgb,phase3_crypto_xgb,2026-05-31,2026-06-01,-0.031195386303294676,-0.003936799586517737,0.0032102936937428873,73579.6875,71319.7734375,73290.58845255985,ensemble
BTC,phase3_crypto,xgb,phase3_crypto_xgb,2026-06-01,2026-06-02,-0.06691384852525814,0.00040673610055819154,0.002819400076936027,71319.7734375,66703.65625,71348.78766420738,ensemble
BTC,phase3_crypto,xgb,phase3_crypto_xgb,2026-06-02,2026-06-03,-0.041152222290191665,0.008415635768324136,0.0019978322662994505,66703.65625,64014.3671875,67267.37863953275,ensemble
BTC,phase3_crypto,xgb,phase3_crypto_xgb,2026-06-03,2026-06-04,-0.003329681149437111,0.002118540578521788,0.003327270196304514,64014.3671875,63801.57421875,64150.12797859061,ensemble
BTC,phase3_crypto,xgb,phase3_crypto_xgb,2026-06-04,2026-06-05,-0.046172542625212365,0.0071939131245017055,0.002035348383339575,63801.57421875,60922.66796875,64262.2121087767,ensemble
BTC,phase3_crypto,xgb,phase3_crypto_xgb,2026-06-05,2026-06-06,-0.0009073630482773938,0.005777647939976305,0.00383287556630716,60922.66796875,60867.4140625,61275.67649333769,ensemble
BTC,phase3_crypto,xgb,phase3_crypto_xgb,2026-06-06,2026-06-07,0.0382314561194156,0.0034132762579247356,0.004630197354514802,60867.4140625,63239.51953125,61075.526332085006,ensemble
BTC,phase3_crypto,xgb,phase3_crypto_xgb,2026-06-07,2026-06-08,-0.0023577871851843952,0.004366923356428742,0.003820026831553279,63239.51953125,63090.58984375,63516.28553427417,ensemble
BTC,phase3_crypto,xgb,phase3_crypto_xgb,2026-06-08,2026-06-09,-0.023199274916972237,0.005970263690687716,0.0032292748893895822,63090.58984375,61643.78125,63468.383944544206,ensemble
BTC,phase3_crypto,xgb,phase3_crypto_xgb,2026-06-09,2026-06-10,-0.00316008608540611,0.003156257187947631,0.003990562650546986,61643.78125,61449.2890625,61838.65224738097,ensemble
BTC,phase3_crypto,xgb,phase3_crypto_xgb,2026-06-10,2026-06-11,0.03378866852406486,-0.0012557835783809424,0.0025875624268172494,61449.2890625,63561.0546875,61372.170486647316,ensemble
BTC,phase3_crypto,xgb,phase3_crypto_xgb,2026-06-11,2026-06-12,-0.0002809578486747506,-0.003448539605597034,0.0027275627188702418,63561.0546875,63543.19921875,63342.23938650621,ensemble
BTC,phase3_crypto,xgb,phase3_crypto_xgb,2026-06-12,2026-06-13,0.01372472245570358,-0.002338261576369405,0.0030695901216884836,63543.19921875,64421.32421875,63394.79217244178,ensemble
BTC,phase3_crypto,xgb,phase3_crypto_xgb,2026-06-13,2026-06-14,0.019812484755317328,-0.0010355557933507953,0.003731068715393636,64421.32421875,65710.3984375,64354.64687325425,ensemble
BTC,phase3_crypto,xgb,phase3_crypto_xgb,2026-06-14,2026-06-15,0.0087743291428838,-0.004686897539068013,0.0033774183656805207,65710.3984375,66289.5,65403.14113697506,ensemble
BTC,phase3_crypto,xgb,phase3_crypto_xgb,2026-06-15,2026-06-16,-0.010446052081715382,0.004672345569088065,0.0042448487445819905,66289.5,65600.640625,66599.9521566964,ensemble
BTC,phase3_crypto,xgb,phase3_crypto_xgb,2026-06-16,2026-06-17,-0.01818545153086442,0.011354108713567257,0.0015558278723749317,65600.640625,64418.4453125,66349.72195843342,ensemble
BTC,phase3_crypto,xgb,phase3_crypto_xgb,2026-06-17,2026-06-18,-0.023909926459543353,0.0024753125151619317,0.0015912076065080945,64418.4453125,62896.47265625,64578.09861077437,ensemble
BTC,phase3_crypto,xgb,phase3_crypto_xgb,2026-06-18,2026-06-19,0.0101927013006599,0.01581960655748844,0.003151773847481011,62896.47265625,63540.8359375,63899.3820076182,ensemble
BTC,phase3_crypto,xgb,phase3_crypto_xgb,2026-06-19,2026-06-20,0.01093823779640829,0.004075304069556296,0.001541858682185441,63540.8359375,64239.67578125,63800.31252866532,ensemble
BTC,phase3_crypto,xgb,phase3_crypto_xgb,2026-06-20,2026-06-21,-0.01572292530514671,0.004751796799246222,0.002560393242160372,64239.67578125,63237.5390625,64545.65606934697,ensemble
BTC,phase3_crypto,xgb,phase3_crypto_xgb,2026-06-21,2026-06-22,0.011236353824842346,0.00792679488658905,0.0012998905734019298,63237.5390625,63952.10546875,63740.80205988884,ensemble
BTC,phase3_crypto,xgb,phase3_crypto_xgb,2026-06-22,2026-06-23,-0.02028318896027214,0.010070900432765484,0.0021621154739562753,63952.10546875,62668.01953125,64599.41477819681,ensemble
BTC,phase3_crypto,xgb,phase3_crypto_xgb,2026-06-23,2026-06-24,-0.027057191162537193,0.02070348598062992,0.004205917943280629,62668.01953125,60995.1328125,63978.98999747201,ensemble
BTC,phase3_crypto,xgb,phase3_crypto_xgb,2026-06-24,2026-06-25,-0.021099038116469408,0.00637667034752667,0.0027227595390655695,60995.1328125,59721.67578125,61385.32139708688,ensemble
BTC,phase3_crypto,xgb,phase3_crypto_xgb,2026-06-25,2026-06-26,0.004923319948585001,0.0144886776804924,0.0033808617324687616,59721.67578125,60016.4296875,60593.26271623235,ensemble
BTC,phase3_crypto,xgb,phase3_crypto_xgb,2026-06-26,2026-06-27,-0.0012726617424323222,-0.0043409828329458834,0.003331678554166913,60016.4296875,59940.09765625,59756.464057934834,ensemble
BTC,phase3_crypto,xgb,phase3_crypto_xgb,2026-06-27,2026-06-28,-0.006825999440473744,-0.007544098794460297,0.0031121896172593036,59940.09765625,59532.33984375,59489.6050547155,ensemble
BTC,phase3_crypto,xgb,phase3_crypto_xgb,2026-06-28,2026-06-29,0.010128530183576383,0.007928902050480247,0.004132024453327405,59532.33984375,60138.37890625,60006.24221519766,ensemble
BTC,phase3_crypto,xgb,phase3_crypto_xgb,2026-06-29,2026-06-30,-0.026615830286262104,-0.028514514863491058,0.0023875979596932814,60138.37890625,58558.859375,58447.78005750815,ensemble
BTC,phase3_crypto,xgb,phase3_crypto_xgb,2026-06-30,2026-07-01,0.024374798891813786,-0.0005705313291400671,0.0031471075369565948,58558.859375,60003.7578125,58525.45923994557,ensemble
BTC,phase3_crypto,xgb,phase3_crypto_xgb,2026-07-01,2026-07-02,0.024390944088390595,0.014676536992192268,0.0029560375793266616,60003.7578125,61485.30078125,60890.899342257246,ensemble
BTC,phase3_crypto,xgb,phase3_crypto_xgb,2026-07-02,2026-07-03,0.01707535974546987,0.006135706510394812,0.0022684034630222347,61485.30078125,62544.19921875,61863.716277579384,ensemble
BTC,phase3_crypto,xgb,phase3_crypto_xgb,2026-07-03,2026-07-04,0.00866191238397133,0.001833131688181311,0.0036840301282438817,62544.19921875,63088.3046875,62658.95612237256,ensemble
BTC,phase3_crypto,xgb,phase3_crypto_xgb,2026-07-04,2026-07-05,0.007258275090508953,-0.002222052356228232,0.0030165371229502005,63088.3046875,63547.8828125,62948.27480589952,ensemble
BTC,phase3_crypto,xgb,phase3_crypto_xgb,2026-07-05,2026-07-06,0.007011517689840301,0.0021733765228418634,0.003353597605643676,63547.8828125,63995.015625,63686.14648416518,ensemble
BTC,phase3_crypto,xgb,phase3_crypto_xgb,2026-07-06,2026-07-07,-0.01096103180817717,-0.0016782614053227007,0.0026928832307476,63995.015625,63297.39453125,63887.705332691694,ensemble
BTC,phase3_crypto,xgb,phase3_crypto_xgb,2026-07-07,2026-07-08,-0.016563965519348627,-0.024908452481031417,0.004694611486091914,63297.39453125,62257.57421875,61740.228197895245,ensemble
BTC,phase3_crypto,xgb,phase3_crypto_xgb,2026-07-08,2026-07-09,0.014915682336986301,-0.003349041554611176,0.002859019173831234,62257.57421875,63193.1484375,62049.4197691093,ensemble
BTC,phase3_crypto,xgb,phase3_crypto_xgb,2026-07-09,2026-07-10,0.01467180052315595,0.009174996148794889,0.003900390061258945,63193.1484375,64127.140625,63775.613301473975,ensemble
BTC,phase3_crypto,xgb,phase3_crypto_xgb,2026-07-10,2026-07-11,-0.005082718606355573,0.004721553949639201,0.001614267657085887,64127.140625,63802.02734375,64430.63630087991,ensemble
BTC,phase3_crypto,xgb,phase3_crypto_xgb,2026-07-11,2026-07-12,-0.0006868690961942699,0.002742433175444603,0.0010398902367543927,63802.02734375,63758.21875,63977.24028527611,ensemble
BTC,phase3_crypto,xgb,phase3_crypto_xgb,2026-07-12,2026-07-13,-0.024114338771437895,0.005362714664079249,0.004399878780482303,63758.21875,62239.12109375,64101.054327710866,ensemble
BTC,phase3_crypto,xgb,phase3_crypto_xgb,2026-07-13,2026-07-14,0.04272810304426096,0.022037424519658087,0.004135349032178519,62239.12109375,64956.11328125,63625.93581451801,ensemble
BTC,phase3_crypto,xgb,phase3_crypto_xgb,2026-07-14,2026-07-15,-0.0037594109647903352,0.01121497955173254,0.002862239083766208,64956.11328125,64712.375,65688.69502972065,ensemble
BTC,phase3_crypto,xgb,phase3_crypto_xgb,2026-07-15,2026-07-16,-0.014367279855176223,-5.8889860520139335e-05,0.004373706942015016,64712.375,63789.28125,64708.564209471886,ensemble
BTC,phase3_crypto,xgb,phase3_crypto_xgb,2026-07-16,2026-07-17,0.0017257545646935989,-0.006195017322897911,0.001977104914339234,63789.28125,63899.4609375,63395.32708402052,ensemble
BTC,phase3_crypto,xgb,phase3_crypto_xgb,2026-07-17,2026-07-18,0.01394223164475083,-0.0008817843219731003,0.0005780193416775394,63899.4609375,64796.6015625,63843.14022967068,ensemble
BTC,phase3_crypto,xgb,phase3_crypto_xgb,2026-07-18,2026-07-19,-0.0016340878484766735,3.2172637293115256e-05,0.001890486684537142,64796.6015625,64690.8046875,64798.68627359505,ensemble
BTC,phase3_crypto,xgb,phase3_crypto_xgb,2026-07-19,2026-07-20,0.008300835886390828,-0.01653503756970167,0.0037529965791953702,64690.8046875,65230.02734375,63629.93473454607,ensemble
BTC,phase3_crypto,xgb,phase3_crypto_xgb,2026-07-20,2026-07-21,0.019359107363714313,0.009909119457006454,0.001342387094078586,65230.02734375,66505.125,65879.61257042983,ensemble
BTC,phase3_crypto,xgb,phase3_crypto_xgb,2026-07-21,2026-07-22,-0.006098209978869257,0.006107739545404911,0.0013421308743455265,66505.125,66100.796875,66912.56398091507,ensemble
BTC,phase3_crypto,xgb,phase3_crypto_xgb,2026-07-22,2026-07-23,-0.016104346952909084,0.005730651365593076,0.002884319483928337,66100.796875,65044.8125,66480.68496032794,ensemble
BTC,phase3_crypto,xgb,phase3_crypto_xgb,2026-07-23,2026-07-24,-0.014655553654227636,-0.028787170723080634,0.004084609560959742,65044.8125,64098.49609375,63199.050967722585,ensemble
BTC,phase3_crypto,xgb,phase3_crypto_xgb,2026-07-24,2026-07-25,0.0033224217714330475,-0.0036015190416947007,0.001321006641260052,64098.49609375,64311.8125,63868.05934976675,ensemble
BTC,phase3_crypto,xgb,phase3_crypto_xgb,2026-07-25,2026-07-26,0.015865685940396487,0.005807361053302884,0.0018253867095257132,64311.8125,65340.30078125,64686.38098970251,ensemble
BTC,phase3_crypto,xgb,phase3_crypto_xgb,2026-07-26,2026-07-27,-0.02503365298859531,0.0034011746756732464,0.002943413896216837,65340.30078125,63724.8984375,65562.912914345,ensemble
BTC,phase3_crypto,xgb,phase3_crypto_xgb,2026-07-27,2026-07-28,0.0022957554728576246,-0.0004361480911029503,0.0022640627267552452,63724.8984375,63871.36328125,63697.111004849095,ensemble
BTC,phase3_crypto,xgb,phase3_crypto_xgb,2026-07-28,2026-07-29,0.0005760654802496461,0.020667549595236777,0.002738697235811712,63871.36328125,63908.16796875,65205.16356420112,ensemble
BTC,phase3_crypto,xgb,phase3_crypto_xgb,2026-07-29,2026-07-30,0.01270511594195683,0.002762961771804839,0.0023896801784061834,63908.16796875,64725.30859375,64084.987954698234,ensemble
BTC,phase3_crypto,xgb,phase3_crypto_xgb,2026-07-30,2026-07-31,-0.02997835702863742,0.007891229260712862,0.002953416093662043,64725.30859375,62813.74609375,65238.09142529915,ensemble
BTC,phase3_crypto,xgb,phase3_crypto_xgb,2026-07-31,2026-08-01,-0.0008031049841085494,0.003983394848182798,0.0009512256195493487,62813.74609375,62763.3203125,63064.457055199455,ensemble
BTC,phase3_crypto,xgb,phase3_crypto_xgb,2026-08-01,2026-08-02,0.011385569767075112,0.0034923412837088107,0.0021827321634199292,62763.3203125,63482.0,62982.89443785273,ensemble
BTC,phase3_crypto,xgb,phase3_crypto_xgb,2026-08-02,2026-08-03,-0.0003324575530272348,0.006226914841681719,0.0007174722623557345,63482.0,63460.8984375,63878.5303069362,ensemble
BTC,phase3_crypto,xgb,phase3_crypto_xgb,2026-08-03,2026-08-04,0.00933302539348361,-0.0038854921120218934,0.0025406680295856302,63460.8984375,64055.953125,63214.80003351623,ensemble
BTC,phase3_crypto,xgb,phase3_crypto_xgb,2026-08-04,2026-08-05,0.008418741360802475,0.0003145582508295774,0.0031267162152556404,64055.953125,64597.5,64076.10562297131,ensemble
BTC,phase3_crypto,xgb,phase3_crypto_xgb,2026-08-05,2026-08-06,-0.005205470783879128,-0.0035672011435963213,0.0018327029962890802,64597.5,64262.11328125,64367.47823499553,ensemble
BTC,phase3_crypto,xgb,phase3_crypto_xgb,2026-08-06,2026-08-07,0.00957212039536744,0.01649295035749674,0.004333083277396077,64262.11328125,64880.19140625,65330.7735817001,ensemble
BTC,phase3_crypto,xgb,phase3_crypto_xgb,2026-08-07,2026-08-08,0.00037748764335751974,0.006176023278385401,0.001559290025653523,64880.19140625,64904.6875,65282.13290108286,ensemble
BTC,phase3_crypto,xgb,phase3_crypto_xgb,2026-08-08,2026-08-09,-0.0009217877722439945,0.012858271971344948,0.0022274909893998844,64904.6875,64844.88671875,65744.6382086674,ensemble
BTC,phase3_crypto,xgb,phase3_crypto_xgb,2026-08-09,2026-08-10,-0.014513048045569134,0.0055318807251751425,0.0034867551104302594,64844.88671875,63910.5859375,65204.59491181907,ensemble
BTC,phase3_crypto,xgb,phase3_crypto_xgb,2026-08-10,2026-08-11,-0.00562851025881392,0.009159423410892487,0.0029194067146540662,63910.5859375,63551.875,64498.659148947,ensemble
BTC,phase3_crypto,xgb,phase3_crypto_xgb,2026-08-11,2026-08-12,-0.0023542560615523694,0.0042795828951057045,0.0022623107779063123,63551.875,63402.43359375,63824.43331917409,ensemble
BTC,phase3_crypto,xgb,phase3_crypto_xgb,2026-08-12,2026-08-13,-4.127906065128786e-06,0.008337152563035488,0.0009793118991647553,63402.43359375,63402.171875,63933.23898364404,ensemble
BTC,phase3_crypto,xgb,phase3_crypto_xgb,2026-08-13,2026-08-14,-0.006750867021094253,0.0059551313985139135,0.001853473742096631,63402.171875,62975.59375,63780.86660876096,ensemble
BTC,phase3_crypto,xgb,phase3_crypto_xgb,2026-08-14,2026-08-15,0.0007734380660748331,0.002999553523841314,0.0027921461504718465,62975.59375,63024.3203125,63164.776003451865,ensemble
BTC,phase3_crypto,xgb,phase3_crypto_xgb,2026-08-15,2026-08-16,-0.0032686473868631834,0.014171814918518067,0.0026908212483892856,63024.3203125,62818.65234375,63923.84823185382,ensemble
BTC,phase3_crypto,xgb,phase3_crypto_xgb,2026-08-16,2026-08-17,0.026510137670231988,0.0031223591533489524,0.0020544659783766485,62818.65234375,64506.25390625,63015.10127034818,ensemble
BTC,phase3_crypto,xgb,phase3_crypto_xgb,2026-08-17,2026-08-18,0.002700847372800676,-0.0017559567277203314,0.002485412708781724,64506.25390625,64680.7109375,64393.08310631613,ensemble
BTC,phase3_crypto,xgb,phase3_crypto_xgb,2026-08-18,2026-08-19,0.0684938460027011,0.007833967101760209,0.004255122426757233,64680.7109375,69266.1875,65189.40745338774,ensemble
BTC,phase3_crypto,xgb,phase3_crypto_xgb,2026-08-19,2026-08-20,0.05295120538976306,-0.0037489157752133907,0.003873879475815704,69266.1875,73032.7578125,69007.00053560118,ensemble
BTC,phase3_crypto,xgb,phase3_crypto_xgb,2026-08-20,2026-08-21,0.07008881775516321,0.00992708671838045,0.0026313101533179304,73032.7578125,78335.1875,73761.37085145239,ensemble
BTC,phase3_crypto,xgb,phase3_crypto_xgb,2026-08-21,2026-08-22,-0.016108760387506423,-0.009907803498208523,0.004187301335025717,78335.1875,77083.4140625,77562.89005857744,ensemble
BTC,phase3_crypto,xgb,phase3_crypto_xgb,2026-08-22,2026-08-23,0.008678138825315892,-0.0037572239991277455,0.002105775564928647,77083.4140625,77755.265625,76794.33781143131,ensemble
BTC,phase3_crypto,xgb,phase3_crypto_xgb,2026-08-23,2026-08-24,0.0154319126625293,0.00921018198132515,0.0026854207719006723,77755.265625,78964.484375,78474.71381002846,ensemble
BTC,phase3_crypto,xgb,phase3_crypto_xgb,2026-08-24,2026-08-25,-0.005072177186830813,0.005887552304193378,0.004630236014576588,78964.484375,78564.9765625,79430.76318046424,ensemble
BTC,phase3_crypto,xgb,phase3_crypto_xgb,2026-08-25,2026-08-26,0.005868895257053803,0.01129428632557392,0.0021608547178523256,78564.9765625,79027.421875,79457.34173092972,ensemble
BTC,phase3_crypto,xgb,phase3_crypto_xgb,2026-08-26,2026-08-27,0.015445797722405792,0.0026293741597328336,0.0025667364243209135,79027.421875,80257.5390625,79235.48795790545,ensemble
BTC,phase3_crypto,xgb,phase3_crypto_xgb,2026-08-27,2026-08-28,-0.030710027313092664,-0.007857898157089949,0.0028676583699706417,80257.5390625,77830.2890625,79629.35483041615,ensemble
BTC,phase3_crypto,xgb,phase3_crypto_xgb,2026-08-28,2026-08-29,0.005324638622765287,-0.0009197054896503687,0.0017315281415849983,77830.2890625,78245.8125,77758.74102499287,ensemble
BTC,phase3_crypto,xgb,phase3_crypto_xgb,2026-08-29,2026-08-30,-0.007417513856522034,0.005537247587926686,0.0035890299438996647,78245.8125,77667.5703125,78680.28070543637,ensemble
BTC,phase3_crypto,xgb,phase3_crypto_xgb,2026-08-30,2026-08-31,0.01128015948027171,0.011137263476848602,0.003959300041212505,77667.5703125,78548.6328125,78537.40932871134,ensemble
BTC,benchmark,random_walk_zero_return,random_walk_zero_return,2025-10-31,2025-11-01,0.004624825172493095,0.0,0.0,109556.1640625,110064.015625,109556.1640625,benchmark
BTC,benchmark,random_walk_zero_return,random_walk_zero_return,2025-11-01,2025-11-02,0.005216141233319792,0.0,0.0,110064.015625,110639.625,110064.015625,benchmark
BTC,benchmark,random_walk_zero_return,random_walk_zero_return,2025-11-02,2025-11-03,-0.03768718290100999,0.0,0.0,110639.625,106547.5234375,110639.625,benchmark
BTC,benchmark,random_walk_zero_return,random_walk_zero_return,2025-11-03,2025-11-04,-0.04764085753760775,0.0,0.0,106547.5234375,101590.5234375,106547.5234375,benchmark
BTC,benchmark,random_walk_zero_return,random_walk_zero_return,2025-11-04,2025-11-05,0.022400061321748738,0.0,0.0,101590.5234375,103891.8359375,101590.5234375,benchmark
BTC,benchmark,random_walk_zero_return,random_walk_zero_return,2025-11-05,2025-11-06,-0.025251182491850755,0.0,0.0,103891.8359375,101301.2890625,103891.8359375,benchmark
BTC,benchmark,random_walk_zero_return,random_walk_zero_return,2025-11-06,2025-11-07,0.02023892596873405,0.0,0.0,101301.2890625,103372.40625,101301.2890625,benchmark
BTC,benchmark,random_walk_zero_return,random_walk_zero_return,2025-11-07,2025-11-08,-0.010603212214200236,0.0,0.0,103372.40625,102282.1171875,103372.40625,benchmark
BTC,benchmark,random_walk_zero_return,random_walk_zero_return,2025-11-08,2025-11-09,0.023551839699680072,0.0,0.0,102282.1171875,104719.640625,102282.1171875,benchmark
BTC,benchmark,random_walk_zero_return,random_walk_zero_return,2025-11-09,2025-11-10,0.01212026933646231,0.0,0.0,104719.640625,105996.59375,104719.640625,benchmark
BTC,benchmark,random_walk_zero_return,random_walk_zero_return,2025-11-10,2025-11-11,-0.028702546476841843,0.0,0.0,105996.59375,102997.46875,105996.59375,benchmark
BTC,benchmark,random_walk_zero_return,random_walk_zero_return,2025-11-11,2025-11-12,-0.013039146642676998,0.0,0.0,102997.46875,101663.1875,102997.46875,benchmark
BTC,benchmark,random_walk_zero_return,random_walk_zero_return,2025-11-12,2025-11-13,-0.019524742976585432,0.0,0.0,101663.1875,99697.4921875,101663.1875,benchmark
BTC,benchmark,random_walk_zero_return,random_walk_zero_return,2025-11-13,2025-11-14,-0.05462287113659148,0.0,0.0,99697.4921875,94397.7890625,99697.4921875,benchmark
BTC,benchmark,random_walk_zero_return,random_walk_zero_return,2025-11-14,2025-11-15,0.01212310649874722,0.0,0.0,94397.7890625,95549.1484375,94397.7890625,benchmark
BTC,benchmark,random_walk_zero_return,random_walk_zero_return,2025-11-15,2025-11-16,-0.014463938461922525,0.0,0.0,95549.1484375,94177.078125,95549.1484375,benchmark
BTC,benchmark,random_walk_zero_return,random_walk_zero_return,2025-11-16,2025-11-17,-0.02236838271634354,0.0,0.0,94177.078125,92093.875,94177.078125,benchmark
BTC,benchmark,random_walk_zero_return,random_walk_zero_return,2025-11-17,2025-11-18,0.009241173563305538,0.0,0.0,92093.875,92948.875,92093.875,benchmark
BTC,benchmark,random_walk_zero_return,random_walk_zero_return,2025-11-18,2025-11-19,-0.016082377699808928,0.0,0.0,92948.875,91465.9921875,92948.875,benchmark
BTC,benchmark,random_walk_zero_return,random_walk_zero_return,2025-11-19,2025-11-20,-0.05429914313161118,0.0,0.0,91465.9921875,86631.8984375,91465.9921875,benchmark
BTC,benchmark,random_walk_zero_return,random_walk_zero_return,2025-11-20,2025-11-21,-0.017950490472289502,0.0,0.0,86631.8984375,85090.6875,86631.8984375,benchmark
BTC,benchmark,random_walk_zero_return,random_walk_zero_return,2025-11-21,2025-11-22,-0.00521187239368071,0.0,0.0,85090.6875,84648.359375,85090.6875,benchmark
BTC,benchmark,random_walk_zero_return,random_walk_zero_return,2025-11-22,2025-11-23,0.025158586579000386,0.0,0.0,84648.359375,86805.0078125,84648.359375,benchmark
BTC,benchmark,random_walk_zero_return,random_walk_zero_return,2025-11-23,2025-11-24,0.016742357810839485,0.0,0.0,86805.0078125,88270.5625,86805.0078125,benchmark
BTC,benchmark,random_walk_zero_return,random_walk_zero_return,2025-11-24,2025-11-25,-0.01057647695675446,0.0,0.0,88270.5625,87341.890625,88270.5625,benchmark
BTC,benchmark,random_walk_zero_return,random_walk_zero_return,2025-11-25,2025-11-26,0.0357225879133364,0.0,0.0,87341.890625,90518.3671875,87341.890625,benchmark
BTC,benchmark,random_walk_zero_return,random_walk_zero_return,2025-11-26,2025-11-27,0.008437806108495432,0.0,0.0,90518.3671875,91285.375,90518.3671875,benchmark
BTC,benchmark,random_walk_zero_return,random_walk_zero_return,2025-11-27,2025-11-28,-0.004018666774419681,0.0,0.0,91285.375,90919.265625,91285.375,benchmark
BTC,benchmark,random_walk_zero_return,random_walk_zero_return,2025-11-28,2025-11-29,-0.00074277862694653,0.0,0.0,90919.265625,90851.7578125,90919.265625,benchmark
BTC,benchmark,random_walk_zero_return,random_walk_zero_return,2025-11-29,2025-11-30,-0.005047792573132774,0.0,0.0,90851.7578125,90394.3125,90851.7578125,benchmark
BTC,benchmark,random_walk_zero_return,random_walk_zero_return,2025-11-30,2025-12-01,-0.04610183805407602,0.0,0.0,90394.3125,86321.5703125,90394.3125,benchmark
BTC,benchmark,random_walk_zero_return,random_walk_zero_return,2025-12-01,2025-12-02,0.05662099387030378,0.0,0.0,86321.5703125,91350.203125,86321.5703125,benchmark
BTC,benchmark,random_walk_zero_return,random_walk_zero_return,2025-12-02,2025-12-03,0.023558262011831657,0.0,0.0,91350.203125,93527.8046875,91350.203125,benchmark
BTC,benchmark,random_walk_zero_return,random_walk_zero_return,2025-12-03,2025-12-04,-0.014931972865932171,0.0,0.0,93527.8046875,92141.625,93527.8046875,benchmark
BTC,benchmark,random_walk_zero_return,random_walk_zero_return,2025-12-04,2025-12-05,-0.030343059975675362,0.0,0.0,92141.625,89387.7578125,92141.625,benchmark
BTC,benchmark,random_walk_zero_return,random_walk_zero_return,2025-12-05,2025-12-06,-0.0012916460625568118,0.0,0.0,89387.7578125,89272.375,89387.7578125,benchmark
BTC,benchmark,random_walk_zero_return,random_walk_zero_return,2025-12-06,2025-12-07,0.012614572226014349,0.0,0.0,89272.375,90405.640625,89272.375,benchmark
BTC,benchmark,random_walk_zero_return,random_walk_zero_return,2025-12-07,2025-12-08,0.002591195979813834,0.0,0.0,90405.640625,90640.203125,90405.640625,benchmark
BTC,benchmark,random_walk_zero_return,random_walk_zero_return,2025-12-08,2025-12-09,0.022381192698197744,0.0,0.0,90640.203125,92691.7109375,90640.203125,benchmark
BTC,benchmark,random_walk_zero_return,random_walk_zero_return,2025-12-09,2025-12-10,-0.007262832846635849,0.0,0.0,92691.7109375,92020.9453125,92691.7109375,benchmark
BTC,benchmark,random_walk_zero_return,random_walk_zero_return,2025-12-10,2025-12-11,0.0053149701081481185,0.0,0.0,92020.9453125,92511.3359375,92020.9453125,benchmark
BTC,benchmark,random_walk_zero_return,random_walk_zero_return,2025-12-11,2025-12-12,-0.024521421452147512,0.0,0.0,92511.3359375,90270.4140625,92511.3359375,benchmark
BTC,benchmark,random_walk_zero_return,random_walk_zero_return,2025-12-12,2025-12-13,0.0003134187556330964,0.0,0.0,90270.4140625,90298.7109375,90270.4140625,benchmark
BTC,benchmark,random_walk_zero_return,random_walk_zero_return,2025-12-13,2025-12-14,-0.02379767101791624,0.0,0.0,90298.7109375,88175.1796875,90298.7109375,benchmark
BTC,benchmark,random_walk_zero_return,random_walk_zero_return,2025-12-14,2025-12-15,-0.020108914713088392,0.0,0.0,88175.1796875,86419.78125,88175.1796875,benchmark
BTC,benchmark,random_walk_zero_return,random_walk_zero_return,2025-12-15,2025-12-16,0.016345736935078115,0.0,0.0,86419.78125,87843.984375,86419.78125,benchmark
BTC,benchmark,random_walk_zero_return,random_walk_zero_return,2025-12-16,2025-12-17,-0.019544833040854463,0.0,0.0,87843.984375,86143.7578125,87843.984375,benchmark
BTC,benchmark,random_walk_zero_return,random_walk_zero_return,2025-12-17,2025-12-18,-0.007939728497768105,0.0,0.0,86143.7578125,85462.5078125,86143.7578125,benchmark
BTC,benchmark,random_walk_zero_return,random_walk_zero_return,2025-12-18,2025-12-19,0.030433154968407768,0.0,0.0,85462.5078125,88103.3828125,85462.5078125,benchmark
BTC,benchmark,random_walk_zero_return,random_walk_zero_return,2025-12-19,2025-12-20,0.002727355122150639,0.0,0.0,88103.3828125,88344.0,88103.3828125,benchmark
BTC,benchmark,random_walk_zero_return,random_walk_zero_return,2025-12-20,2025-12-21,0.0031390280669266876,0.0,0.0,88344.0,88621.75,88344.0,benchmark
BTC,benchmark,random_walk_zero_return,random_walk_zero_return,2025-12-21,2025-12-22,-0.0014875849588890807,0.0,0.0,88621.75,88490.015625,88621.75,benchmark
BTC,benchmark,random_walk_zero_return,random_walk_zero_return,2025-12-22,2025-12-23,-0.012234274952953525,0.0,0.0,88490.015625,87414.0,88490.015625,benchmark
BTC,benchmark,random_walk_zero_return,random_walk_zero_return,2025-12-23,2025-12-24,0.002262076104062497,0.0,0.0,87414.0,87611.9609375,87414.0,benchmark
BTC,benchmark,random_walk_zero_return,random_walk_zero_return,2025-12-24,2025-12-25,-0.0043148578556266,0.0,0.0,87611.9609375,87234.7421875,87611.9609375,benchmark
BTC,benchmark,random_walk_zero_return,random_walk_zero_return,2025-12-25,2025-12-26,0.0007641682813230021,0.0,0.0,87234.7421875,87301.4296875,87234.7421875,benchmark
BTC,benchmark,random_walk_zero_return,random_walk_zero_return,2025-12-26,2025-12-27,0.00571921956587603,0.0,0.0,87301.4296875,87802.15625,87301.4296875,benchmark
BTC,benchmark,random_walk_zero_return,random_walk_zero_return,2025-12-27,2025-12-28,0.0003835125589097617,0.0,0.0,87802.15625,87835.8359375,87802.15625,benchmark
BTC,benchmark,random_walk_zero_return,random_walk_zero_return,2025-12-28,2025-12-29,-0.007974888882579774,0.0,0.0,87835.8359375,87138.140625,87835.8359375,benchmark
BTC,benchmark,random_walk_zero_return,random_walk_zero_return,2025-12-29,2025-12-30,0.01471809780879094,0.0,0.0,87138.140625,88430.1328125,87138.140625,benchmark
BTC,benchmark,random_walk_zero_return,random_walk_zero_return,2025-12-30,2025-12-31,-0.010473099349299821,0.0,0.0,88430.1328125,87508.828125,88430.1328125,benchmark
BTC,benchmark,random_walk_zero_return,random_walk_zero_return,2025-12-31,2026-01-01,0.013880733660550057,0.0,0.0,87508.828125,88731.984375,87508.828125,benchmark
BTC,benchmark,random_walk_zero_return,random_walk_zero_return,2026-01-01,2026-01-02,0.013574570130194884,0.0,0.0,88731.984375,89944.6953125,88731.984375,benchmark
BTC,benchmark,random_walk_zero_return,random_walk_zero_return,2026-01-02,2026-01-03,0.007294409627148249,0.0,0.0,89944.6953125,90603.1875,89944.6953125,benchmark
BTC,benchmark,random_walk_zero_return,random_walk_zero_return,2026-01-03,2026-01-04,0.008903689947606831,0.0,0.0,90603.1875,91413.4921875,90603.1875,benchmark
BTC,benchmark,random_walk_zero_return,random_walk_zero_return,2026-01-04,2026-01-05,0.02665149838136465,0.0,0.0,91413.4921875,93882.5546875,91413.4921875,benchmark
BTC,benchmark,random_walk_zero_return,random_walk_zero_return,2026-01-05,2026-01-06,-0.00163660971149983,0.0,0.0,93882.5546875,93729.03125,93882.5546875,benchmark
BTC,benchmark,random_walk_zero_return,random_walk_zero_return,2026-01-06,2026-01-07,-0.026168967250151644,0.0,0.0,93729.03125,91308.0546875,93729.03125,benchmark
BTC,benchmark,random_walk_zero_return,random_walk_zero_return,2026-01-07,2026-01-08,-0.003081466892755565,0.0,0.0,91308.0546875,91027.125,91308.0546875,benchmark
BTC,benchmark,random_walk_zero_return,random_walk_zero_return,2026-01-08,2026-01-09,-0.005662930149506993,0.0,0.0,91027.125,90513.1015625,91027.125,benchmark
BTC,benchmark,random_walk_zero_return,random_walk_zero_return,2026-01-09,2026-01-10,-0.0013980466595052143,0.0,0.0,90513.1015625,90386.6484375,90513.1015625,benchmark
BTC,benchmark,random_walk_zero_return,random_walk_zero_return,2026-01-10,2026-01-11,0.004865110901100388,0.0,0.0,90386.6484375,90827.4609375,90386.6484375,benchmark
BTC,benchmark,random_walk_zero_return,random_walk_zero_return,2026-01-11,2026-01-12,0.004016380962680633,0.0,0.0,90827.4609375,91192.9921875,90827.4609375,benchmark
BTC,benchmark,random_walk_zero_return,random_walk_zero_return,2026-01-12,2026-01-13,0.044280285031478225,0.0,0.0,91192.9921875,95321.78125,91192.9921875,benchmark
BTC,benchmark,random_walk_zero_return,random_walk_zero_return,2026-01-13,2026-01-14,0.016723797821879046,0.0,0.0,95321.78125,96929.328125,95321.78125,benchmark
BTC,benchmark,random_walk_zero_return,random_walk_zero_return,2026-01-14,2026-01-15,-0.014320038274756287,0.0,0.0,96929.328125,95551.1875,96929.328125,benchmark
BTC,benchmark,random_walk_zero_return,random_walk_zero_return,2026-01-15,2026-01-16,-0.00027287855188963723,0.0,0.0,95551.1875,95525.1171875,95551.1875,benchmark
BTC,benchmark,random_walk_zero_return,random_walk_zero_return,2026-01-16,2026-01-17,-0.004461072057980408,0.0,0.0,95525.1171875,95099.921875,95525.1171875,benchmark
BTC,benchmark,random_walk_zero_return,random_walk_zero_return,2026-01-17,2026-01-18,-0.015529993658124637,0.0,0.0,95099.921875,93634.4296875,95099.921875,benchmark
BTC,benchmark,random_walk_zero_return,random_walk_zero_return,2026-01-18,2026-01-19,-0.011610285761608208,0.0,0.0,93634.4296875,92553.59375,93634.4296875,benchmark
BTC,benchmark,random_walk_zero_return,random_walk_zero_return,2026-01-19,2026-01-20,-0.046924255054821146,0.0,0.0,92553.59375,88310.90625,92553.59375,benchmark
BTC,benchmark,random_walk_zero_return,random_walk_zero_return,2026-01-20,2026-01-21,0.011999327760148781,0.0,0.0,88310.90625,89376.9609375,88310.90625,benchmark
BTC,benchmark,random_walk_zero_return,random_walk_zero_return,2026-01-21,2026-01-22,0.0009560777691027553,0.0,0.0,89376.9609375,89462.453125,89376.9609375,benchmark
BTC,benchmark,random_walk_zero_return,random_walk_zero_return,2026-01-22,2026-01-23,0.00046290133092210693,0.0,0.0,89462.453125,89503.875,89462.453125,benchmark
BTC,benchmark,random_walk_zero_return,random_walk_zero_return,2026-01-23,2026-01-24,-0.004402117623558332,0.0,0.0,89503.875,89110.734375,89503.875,benchmark
BTC,benchmark,random_walk_zero_return,random_walk_zero_return,2026-01-24,2026-01-25,-0.028900838361794738,0.0,0.0,89110.734375,86572.21875,89110.734375,benchmark
BTC,benchmark,random_walk_zero_return,random_walk_zero_return,2026-01-25,2026-01-26,0.01938894055131375,0.0,0.0,86572.21875,88267.140625,86572.21875,benchmark
BTC,benchmark,random_walk_zero_return,random_walk_zero_return,2026-01-26,2026-01-27,0.00942027656458104,0.0,0.0,88267.140625,89102.5703125,88267.140625,benchmark
BTC,benchmark,random_walk_zero_return,random_walk_zero_return,2026-01-27,2026-01-28,0.0009198645005418251,0.0,0.0,89102.5703125,89184.5703125,89102.5703125,benchmark
BTC,benchmark,random_walk_zero_return,random_walk_zero_return,2026-01-28,2026-01-29,-0.053227949504083015,0.0,0.0,89184.5703125,84561.5859375,89184.5703125,benchmark
BTC,benchmark,random_walk_zero_return,random_walk_zero_return,2026-01-29,2026-01-30,-0.005132847429550004,0.0,0.0,84561.5859375,84128.65625,84561.5859375,benchmark
BTC,benchmark,random_walk_zero_return,random_walk_zero_return,2026-01-30,2026-01-31,-0.06770691927198588,0.0,0.0,84128.65625,78621.1171875,84128.65625,benchmark
BTC,benchmark,random_walk_zero_return,random_walk_zero_return,2026-01-31,2026-02-01,-0.021166842147211495,0.0,0.0,78621.1171875,76974.4453125,78621.1171875,benchmark
BTC,benchmark,random_walk_zero_return,random_walk_zero_return,2026-02-01,2026-02-02,0.022026908157821636,0.0,0.0,76974.4453125,78688.765625,76974.4453125,benchmark
BTC,benchmark,random_walk_zero_return,random_walk_zero_return,2026-02-02,2026-02-03,-0.03960046937497693,0.0,0.0,78688.765625,75633.546875,78688.765625,benchmark
BTC,benchmark,random_walk_zero_return,random_walk_zero_return,2026-02-03,2026-02-04,-0.035170615941758965,0.0,0.0,75633.546875,73019.703125,75633.546875,benchmark
BTC,benchmark,random_walk_zero_return,random_walk_zero_return,2026-02-04,2026-02-05,-0.1523344080304475,0.0,0.0,73019.703125,62702.09765625,73019.703125,benchmark
BTC,benchmark,random_walk_zero_return,random_walk_zero_return,2026-02-05,2026-02-06,0.118003181433477,0.0,0.0,62702.09765625,70555.390625,62702.09765625,benchmark
BTC,benchmark,random_walk_zero_return,random_walk_zero_return,2026-02-06,2026-02-07,-0.018213402812750957,0.0,0.0,70555.390625,69281.96875,70555.390625,benchmark
BTC,benchmark,random_walk_zero_return,random_walk_zero_return,2026-02-07,2026-02-08,0.01408523588474713,0.0,0.0,69281.96875,70264.7265625,69281.96875,benchmark
BTC,benchmark,random_walk_zero_return,random_walk_zero_return,2026-02-08,2026-02-09,-0.0020507154219692207,0.0,0.0,70264.7265625,70120.78125,70264.7265625,benchmark
BTC,benchmark,random_walk_zero_return,random_walk_zero_return,2026-02-09,2026-02-10,-0.01910323758989731,0.0,0.0,70120.78125,68793.9609375,70120.78125,benchmark
BTC,benchmark,random_walk_zero_return,random_walk_zero_return,2026-02-10,2026-02-11,-0.026543221212374526,0.0,0.0,68793.9609375,66991.96875,68793.9609375,benchmark
BTC,benchmark,random_walk_zero_return,random_walk_zero_return,2026-02-11,2026-02-12,-0.01156236827483507,0.0,0.0,66991.96875,66221.84375,66991.96875,benchmark
BTC,benchmark,random_walk_zero_return,random_walk_zero_return,2026-02-12,2026-02-13,0.03903376935715579,0.0,0.0,66221.84375,68857.84375,66221.84375,benchmark
BTC,benchmark,random_walk_zero_return,random_walk_zero_return,2026-02-13,2026-02-14,0.013125933067848304,0.0,0.0,68857.84375,69767.625,68857.84375,benchmark
BTC,benchmark,random_walk_zero_return,random_walk_zero_return,2026-02-14,2026-02-15,-0.014138040068878806,0.0,0.0,69767.625,68788.1875,69767.625,benchmark
BTC,benchmark,random_walk_zero_return,random_walk_zero_return,2026-02-15,2026-02-16,0.0007987824782500607,0.0,0.0,68788.1875,68843.15625,68788.1875,benchmark
BTC,benchmark,random_walk_zero_return,random_walk_zero_return,2026-02-16,2026-02-17,-0.019788873300286218,0.0,0.0,68843.15625,67494.21875,68843.15625,benchmark
BTC,benchmark,random_walk_zero_return,random_walk_zero_return,2026-02-17,2026-02-18,-0.015963632260214883,0.0,0.0,67494.21875,66425.3203125,67494.21875,benchmark
BTC,benchmark,random_walk_zero_return,random_walk_zero_return,2026-02-18,2026-02-19,0.007980125994704771,0.0,0.0,66425.3203125,66957.5234375,66425.3203125,benchmark
BTC,benchmark,random_walk_zero_return,random_walk_zero_return,2026-02-19,2026-02-20,0.015528995656632263,0.0,0.0,66957.5234375,68005.421875,66957.5234375,benchmark
BTC,benchmark,random_walk_zero_return,random_walk_zero_return,2026-02-20,2026-02-21,-2.4354972344490844e-05,0.0,0.0,68005.421875,68003.765625,68005.421875,benchmark
BTC,benchmark,random_walk_zero_return,random_walk_zero_return,2026-02-21,2026-02-22,-0.005076923598302017,0.0,0.0,68003.765625,67659.390625,68003.765625,benchmark
BTC,benchmark,random_walk_zero_return,random_walk_zero_return,2026-02-22,2026-02-23,-0.04601267313564273,0.0,0.0,67659.390625,64616.73828125,67659.390625,benchmark
BTC,benchmark,random_walk_zero_return,random_walk_zero_return,2026-02-23,2026-02-24,-0.00834051043874472,0.0,0.0,64616.73828125,64080.04296875,64616.73828125,benchmark
BTC,benchmark,random_walk_zero_return,random_walk_zero_return,2026-02-24,2026-02-25,0.05878816281087323,0.0,0.0,64080.04296875,67960.125,64080.04296875,benchmark
BTC,benchmark,random_walk_zero_return,random_walk_zero_return,2026-02-25,2026-02-26,-0.007478610812400483,0.0,0.0,67960.125,67453.7734375,67960.125,benchmark
BTC,benchmark,random_walk_zero_return,random_walk_zero_return,2026-02-26,2026-02-27,-0.023580345399758597,0.0,0.0,67453.7734375,65881.796875,67453.7734375,benchmark
BTC,benchmark,random_walk_zero_return,random_walk_zero_return,2026-02-27,2026-02-28,0.016768637200983844,0.0,0.0,65881.796875,66995.859375,65881.796875,benchmark
BTC,benchmark,random_walk_zero_return,random_walk_zero_return,2026-02-28,2026-03-01,-0.018952127255243773,0.0,0.0,66995.859375,65738.1015625,66995.859375,benchmark
BTC,benchmark,random_walk_zero_return,random_walk_zero_return,2026-03-01,2026-03-02,0.04517399874225875,0.0,0.0,65738.1015625,68775.8515625,65738.1015625,benchmark
BTC,benchmark,random_walk_zero_return,random_walk_zero_return,2026-03-02,2026-03-03,-0.007035921401254354,0.0,0.0,68775.8515625,68293.6484375,68775.8515625,benchmark
BTC,benchmark,random_walk_zero_return,random_walk_zero_return,2026-03-03,2026-03-04,0.06267011054362281,0.0,0.0,68293.6484375,72710.578125,68293.6484375,benchmark
BTC,benchmark,random_walk_zero_return,random_walk_zero_return,2026-03-04,2026-03-05,-0.026047184090688055,0.0,0.0,72710.578125,70841.125,72710.578125,benchmark
BTC,benchmark,random_walk_zero_return,random_walk_zero_return,2026-03-05,2026-03-06,-0.03892676222985379,0.0,0.0,70841.125,68136.4921875,70841.125,benchmark
BTC,benchmark,random_walk_zero_return,random_walk_zero_return,2026-03-06,2026-03-07,-0.012760002816373808,0.0,0.0,68136.4921875,67272.59375,68136.4921875,benchmark
BTC,benchmark,random_walk_zero_return,random_walk_zero_return,2026-03-07,2026-03-08,-0.019556151272463178,0.0,0.0,67272.59375,65969.78125,67272.59375,benchmark
BTC,benchmark,random_walk_zero_return,random_walk_zero_return,2026-03-08,2026-03-09,0.036210883133673905,0.0,0.0,65969.78125,68402.3828125,65969.78125,benchmark
BTC,benchmark,random_walk_zero_return,random_walk_zero_return,2026-03-09,2026-03-10,0.022043063053682945,0.0,0.0,68402.3828125,69926.921875,68402.3828125,benchmark
BTC,benchmark,random_walk_zero_return,random_walk_zero_return,2026-03-10,2026-03-11,0.003967140831024369,0.0,0.0,69926.921875,70204.8828125,69926.921875,benchmark
BTC,benchmark,random_walk_zero_return,random_walk_zero_return,2026-03-11,2026-03-12,0.004102088510358853,0.0,0.0,70204.8828125,70493.4609375,70204.8828125,benchmark
BTC,benchmark,random_walk_zero_return,random_walk_zero_return,2026-03-12,2026-03-13,0.006712861238543366,0.0,0.0,70493.4609375,70968.265625,70493.4609375,benchmark
BTC,benchmark,random_walk_zero_return,random_walk_zero_return,2026-03-13,2026-03-14,0.0034653905327112298,0.0,0.0,70968.265625,71214.625,70968.265625,benchmark
BTC,benchmark,random_walk_zero_return,random_walk_zero_return,2026-03-14,2026-03-15,0.021879197879022205,0.0,0.0,71214.625,72789.9140625,71214.625,benchmark
BTC,benchmark,random_walk_zero_return,random_walk_zero_return,2026-03-15,2026-03-16,0.028056806108927662,0.0,0.0,72789.9140625,74861.0859375,72789.9140625,benchmark
BTC,benchmark,random_walk_zero_return,random_walk_zero_return,2026-03-16,2026-03-17,-0.012617278563279094,0.0,0.0,74861.0859375,73922.4765625,74861.0859375,benchmark
BTC,benchmark,random_walk_zero_return,random_walk_zero_return,2026-03-17,2026-03-18,-0.03688417423341742,0.0,0.0,73922.4765625,71245.578125,73922.4765625,benchmark
BTC,benchmark,random_walk_zero_return,random_walk_zero_return,2026-03-18,2026-03-19,-0.01888416104762736,0.0,0.0,71245.578125,69912.7890625,71245.578125,benchmark
BTC,benchmark,random_walk_zero_return,random_walk_zero_return,2026-03-19,2026-03-20,0.008684431647448684,0.0,0.0,69912.7890625,70522.5859375,69912.7890625,benchmark
BTC,benchmark,random_walk_zero_return,random_walk_zero_return,2026-03-20,2026-03-21,-0.026016105631017767,0.0,0.0,70522.5859375,68711.5234375,70522.5859375,benchmark
BTC,benchmark,random_walk_zero_return,random_walk_zero_return,2026-03-21,2026-03-22,-0.012688120086084904,0.0,0.0,68711.5234375,67845.2109375,68711.5234375,benchmark
BTC,benchmark,random_walk_zero_return,random_walk_zero_return,2026-03-22,2026-03-23,0.04425119303469704,0.0,0.0,67845.2109375,70914.859375,67845.2109375,benchmark
BTC,benchmark,random_walk_zero_return,random_walk_zero_return,2026-03-23,2026-03-24,-0.005613991531695598,0.0,0.0,70914.859375,70517.859375,70914.859375,benchmark
BTC,benchmark,random_walk_zero_return,random_walk_zero_return,2026-03-24,2026-03-25,0.011168924480813245,0.0,0.0,70517.859375,71309.8828125,70517.859375,benchmark
BTC,benchmark,random_walk_zero_return,random_walk_zero_return,2026-03-25,2026-03-26,-0.03595291880741613,0.0,0.0,71309.8828125,68791.625,71309.8828125,benchmark
BTC,benchmark,random_walk_zero_return,random_walk_zero_return,2026-03-26,2026-03-27,-0.03631346968520713,0.0,0.0,68791.625,66338.375,68791.625,benchmark
BTC,benchmark,random_walk_zero_return,random_walk_zero_return,2026-03-27,2026-03-28,-0.0002816215791388498,0.0,0.0,66338.375,66319.6953125,66338.375,benchmark
BTC,benchmark,random_walk_zero_return,random_walk_zero_return,2026-03-28,2026-03-29,-0.005515409833700628,0.0,0.0,66319.6953125,65954.921875,66319.6953125,benchmark
BTC,benchmark,random_walk_zero_return,random_walk_zero_return,2026-03-29,2026-03-30,0.011105181731209317,0.0,0.0,65954.921875,66691.4453125,65954.921875,benchmark
BTC,benchmark,random_walk_zero_return,random_walk_zero_return,2026-03-30,2026-03-31,0.022856210162579323,0.0,0.0,66691.4453125,68233.3125,66691.4453125,benchmark
BTC,benchmark,random_walk_zero_return,random_walk_zero_return,2026-03-31,2026-04-01,-0.002270644254019965,0.0,0.0,68233.3125,68078.5546875,68233.3125,benchmark
BTC,benchmark,random_walk_zero_return,random_walk_zero_return,2026-04-01,2026-04-02,-0.017634149228875802,0.0,0.0,68078.5546875,66888.5703125,68078.5546875,benchmark
BTC,benchmark,random_walk_zero_return,random_walk_zero_return,2026-04-02,2026-04-03,0.0006356502125007872,0.0,0.0,66888.5703125,66931.1015625,66888.5703125,benchmark
BTC,benchmark,random_walk_zero_return,random_walk_zero_return,2026-04-03,2026-04-04,0.005355544495529739,0.0,0.0,66931.1015625,67290.515625,66931.1015625,benchmark
BTC,benchmark,random_walk_zero_return,random_walk_zero_return,2026-04-04,2026-04-05,0.024824828794848448,0.0,0.0,67290.515625,68981.8984375,67290.515625,benchmark
BTC,benchmark,random_walk_zero_return,random_walk_zero_return,2026-04-05,2026-04-06,-0.0017711667933321205,0.0,0.0,68981.8984375,68859.828125,68981.8984375,benchmark
BTC,benchmark,random_walk_zero_return,random_walk_zero_return,2026-04-06,2026-04-07,0.043769250088650125,0.0,0.0,68859.828125,71940.703125,68859.828125,benchmark
BTC,benchmark,random_walk_zero_return,random_walk_zero_return,2026-04-07,2026-04-08,-0.011426386592901714,0.0,0.0,71940.703125,71123.359375,71940.703125,benchmark
BTC,benchmark,random_walk_zero_return,random_walk_zero_return,2026-04-08,2026-04-09,0.00902047398791368,0.0,0.0,71123.359375,71767.828125,71123.359375,benchmark
BTC,benchmark,random_walk_zero_return,random_walk_zero_return,2026-04-09,2026-04-10,0.01673607145352826,0.0,0.0,71767.828125,72979.046875,71767.828125,benchmark
BTC,benchmark,random_walk_zero_return,random_walk_zero_return,2026-04-10,2026-04-11,0.0010302658186926742,0.0,0.0,72979.046875,73054.2734375,72979.046875,benchmark
BTC,benchmark,random_walk_zero_return,random_walk_zero_return,2026-04-11,2026-04-12,-0.03200195641601119,0.0,0.0,73054.2734375,70753.40625,73054.2734375,benchmark
BTC,benchmark,random_walk_zero_return,random_walk_zero_return,2026-04-12,2026-04-13,0.05139225778223328,0.0,0.0,70753.40625,74484.640625,70753.40625,benchmark
BTC,benchmark,random_walk_zero_return,random_walk_zero_return,2026-04-13,2026-04-14,-0.004076670658997154,0.0,0.0,74484.640625,74181.609375,74484.640625,benchmark
BTC,benchmark,random_walk_zero_return,random_walk_zero_return,2026-04-14,2026-04-15,0.00836950468372944,0.0,0.0,74181.609375,74805.078125,74181.609375,benchmark
BTC,benchmark,random_walk_zero_return,random_walk_zero_return,2026-04-15,2026-04-16,0.004628724487070657,0.0,0.0,74805.078125,75152.1328125,74805.078125,benchmark
BTC,benchmark,random_walk_zero_return,random_walk_zero_return,2026-04-16,2026-04-17,0.025937296578403095,0.0,0.0,75152.1328125,77126.875,75152.1328125,benchmark
BTC,benchmark,random_walk_zero_return,random_walk_zero_return,2026-04-17,2026-04-18,-0.018327445076503752,0.0,0.0,77126.875,75726.2109375,77126.875,benchmark
BTC,benchmark,random_walk_zero_return,random_walk_zero_return,2026-04-18,2026-04-19,-0.025002336494923415,0.0,0.0,75726.2109375,73856.3515625,75726.2109375,benchmark
BTC,benchmark,random_walk_zero_return,random_walk_zero_return,2026-04-19,2026-04-20,0.02693259727225901,0.0,0.0,73856.3515625,75872.5234375,73856.3515625,benchmark
BTC,benchmark,random_walk_zero_return,random_walk_zero_return,2026-04-20,2026-04-21,0.006309747501944813,0.0,0.0,75872.5234375,76352.7734375,75872.5234375,benchmark
BTC,benchmark,random_walk_zero_return,random_walk_zero_return,2026-04-21,2026-04-22,0.02394495237334366,0.0,0.0,76352.7734375,78203.1015625,76352.7734375,benchmark
BTC,benchmark,random_walk_zero_return,random_walk_zero_return,2026-04-22,2026-04-23,0.0008417038623198857,0.0,0.0,78203.1015625,78268.953125,78203.1015625,benchmark
BTC,benchmark,random_walk_zero_return,random_walk_zero_return,2026-04-23,2026-04-24,-0.010449855400701123,0.0,0.0,78268.953125,77455.3125,78268.953125,benchmark
BTC,benchmark,random_walk_zero_return,random_walk_zero_return,2026-04-24,2026-04-25,0.0020210985800430967,0.0,0.0,77455.3125,77612.015625,77455.3125,benchmark
BTC,benchmark,random_walk_zero_return,random_walk_zero_return,2026-04-25,2026-04-26,0.01338122502813899,0.0,0.0,77612.015625,78657.5390625,77612.015625,benchmark
BTC,benchmark,random_walk_zero_return,random_walk_zero_return,2026-04-26,2026-04-27,-0.016547994707933746,0.0,0.0,78657.5390625,77366.625,78657.5390625,benchmark
BTC,benchmark,random_walk_zero_return,random_walk_zero_return,2026-04-27,2026-04-28,-0.013218654490737211,0.0,0.0,77366.625,76350.671875,77366.625,benchmark
BTC,benchmark,random_walk_zero_return,random_walk_zero_return,2026-04-28,2026-04-29,-0.0075534590417408835,0.0,0.0,76350.671875,75776.1328125,76350.671875,benchmark
BTC,benchmark,random_walk_zero_return,random_walk_zero_return,2026-04-29,2026-04-30,0.006946186875134918,0.0,0.0,75776.1328125,76304.3203125,75776.1328125,benchmark
BTC,benchmark,random_walk_zero_return,random_walk_zero_return,2026-04-30,2026-05-01,0.02427150989403538,0.0,0.0,76304.3203125,78179.0,76304.3203125,benchmark
BTC,benchmark,random_walk_zero_return,random_walk_zero_return,2026-05-01,2026-05-02,0.006098736514783506,0.0,0.0,78179.0,78657.25,78179.0,benchmark
BTC,benchmark,random_walk_zero_return,random_walk_zero_return,2026-05-02,2026-05-03,-0.0015143369624661424,0.0,0.0,78657.25,78538.2265625,78657.25,benchmark
BTC,benchmark,random_walk_zero_return,random_walk_zero_return,2026-05-03,2026-05-04,0.01628767686490818,0.0,0.0,78538.2265625,79827.90625,78538.2265625,benchmark
BTC,benchmark,random_walk_zero_return,random_walk_zero_return,2026-05-04,2026-05-05,0.013675043806522565,0.0,0.0,79827.90625,80927.0546875,79827.90625,benchmark
BTC,benchmark,random_walk_zero_return,random_walk_zero_return,2026-05-05,2026-05-06,0.006165248057273942,0.0,0.0,80927.0546875,81427.53125,80927.0546875,benchmark
BTC,benchmark,random_walk_zero_return,random_walk_zero_return,2026-05-06,2026-05-07,-0.017561908350902416,0.0,0.0,81427.53125,80009.9921875,81427.53125,benchmark
BTC,benchmark,random_walk_zero_return,random_walk_zero_return,2026-05-07,2026-05-08,0.0022069548930199264,0.0,0.0,80009.9921875,80186.765625,80009.9921875,benchmark
BTC,benchmark,random_walk_zero_return,random_walk_zero_return,2026-05-08,2026-05-09,0.005938447031188693,0.0,0.0,80186.765625,80664.3671875,80186.765625,benchmark
BTC,benchmark,random_walk_zero_return,random_walk_zero_return,2026-05-09,2026-05-10,0.018115146956791082,0.0,0.0,80664.3671875,82138.9296875,80664.3671875,benchmark
BTC,benchmark,random_walk_zero_return,random_walk_zero_return,2026-05-10,2026-05-11,-0.005011785219488408,0.0,0.0,82138.9296875,81728.296875,82138.9296875,benchmark
BTC,benchmark,random_walk_zero_return,random_walk_zero_return,2026-05-11,2026-05-12,-0.015422747705667463,0.0,0.0,81728.296875,80477.4921875,81728.296875,benchmark
BTC,benchmark,random_walk_zero_return,random_walk_zero_return,2026-05-12,2026-05-13,-0.015028018231235505,0.0,0.0,80477.4921875,79277.1171875,80477.4921875,benchmark
BTC,benchmark,random_walk_zero_return,random_walk_zero_return,2026-05-13,2026-05-14,0.022132143698821827,0.0,0.0,79277.1171875,81051.25,79277.1171875,benchmark
BTC,benchmark,random_walk_zero_return,random_walk_zero_return,2026-05-14,2026-05-15,-0.02480277513696735,0.0,0.0,81051.25,79065.6796875,81051.25,benchmark
BTC,benchmark,random_walk_zero_return,random_walk_zero_return,2026-05-15,2026-05-16,-0.011886390842574117,0.0,0.0,79065.6796875,78131.4375,79065.6796875,benchmark
BTC,benchmark,random_walk_zero_return,random_walk_zero_return,2026-05-16,2026-05-17,-0.009026576797854137,0.0,0.0,78131.4375,77429.3515625,78131.4375,benchmark
BTC,benchmark,random_walk_zero_return,random_walk_zero_return,2026-05-17,2026-05-18,-0.006155853649121142,0.0,0.0,77429.3515625,76954.171875,77429.3515625,benchmark
BTC,benchmark,random_walk_zero_return,random_walk_zero_return,2026-05-18,2026-05-19,-0.002644879999712329,0.0,0.0,76954.171875,76750.90625,76954.171875,benchmark
BTC,benchmark,random_walk_zero_return,random_walk_zero_return,2026-05-19,2026-05-20,0.009167734783614812,0.0,0.0,76750.90625,77457.7734375,76750.90625,benchmark
BTC,benchmark,random_walk_zero_return,random_walk_zero_return,2026-05-20,2026-05-21,0.0010503232153248991,0.0,0.0,77457.7734375,77539.171875,77457.7734375,benchmark
BTC,benchmark,random_walk_zero_return,random_walk_zero_return,2026-05-21,2026-05-22,-0.026806340702622146,0.0,0.0,77539.171875,75488.2421875,77539.171875,benchmark
BTC,benchmark,random_walk_zero_return,random_walk_zero_return,2026-05-22,2026-05-23,0.015577503022418466,0.0,0.0,75488.2421875,76673.3671875,75488.2421875,benchmark
BTC,benchmark,random_walk_zero_return,random_walk_zero_return,2026-05-23,2026-05-24,0.004005847400396048,0.0,0.0,76673.3671875,76981.125,76673.3671875,benchmark
BTC,benchmark,random_walk_zero_return,random_walk_zero_return,2026-05-24,2026-05-25,0.003874018128693613,0.0,0.0,76981.125,77279.9296875,76981.125,benchmark
BTC,benchmark,random_walk_zero_return,random_walk_zero_return,2026-05-25,2026-05-26,-0.018996541405031864,0.0,0.0,77279.9296875,75825.734375,77279.9296875,benchmark
BTC,benchmark,random_walk_zero_return,random_walk_zero_return,2026-05-26,2026-05-27,-0.019725310724108713,0.0,0.0,75825.734375,74344.703125,75825.734375,benchmark
BTC,benchmark,random_walk_zero_return,random_walk_zero_return,2026-05-27,2026-05-28,-0.010929802661887332,0.0,0.0,74344.703125,73536.5546875,74344.703125,benchmark
BTC,benchmark,random_walk_zero_return,random_walk_zero_return,2026-05-28,2026-05-29,-0.0022330998228095003,0.0,0.0,73536.5546875,73372.5234375,73536.5546875,benchmark
BTC,benchmark,random_walk_zero_return,random_walk_zero_return,2026-05-29,2026-05-30,0.005197039654902875,0.0,0.0,73372.5234375,73754.8359375,73372.5234375,benchmark
BTC,benchmark,random_walk_zero_return,random_walk_zero_return,2026-05-30,2026-05-31,-0.002377562514476544,0.0,0.0,73754.8359375,73579.6875,73754.8359375,benchmark
BTC,benchmark,random_walk_zero_return,random_walk_zero_return,2026-05-31,2026-06-01,-0.031195386303294676,0.0,0.0,73579.6875,71319.7734375,73579.6875,benchmark
BTC,benchmark,random_walk_zero_return,random_walk_zero_return,2026-06-01,2026-06-02,-0.06691384852525814,0.0,0.0,71319.7734375,66703.65625,71319.7734375,benchmark
BTC,benchmark,random_walk_zero_return,random_walk_zero_return,2026-06-02,2026-06-03,-0.041152222290191665,0.0,0.0,66703.65625,64014.3671875,66703.65625,benchmark
BTC,benchmark,random_walk_zero_return,random_walk_zero_return,2026-06-03,2026-06-04,-0.003329681149437111,0.0,0.0,64014.3671875,63801.57421875,64014.3671875,benchmark
BTC,benchmark,random_walk_zero_return,random_walk_zero_return,2026-06-04,2026-06-05,-0.046172542625212365,0.0,0.0,63801.57421875,60922.66796875,63801.57421875,benchmark
BTC,benchmark,random_walk_zero_return,random_walk_zero_return,2026-06-05,2026-06-06,-0.0009073630482773938,0.0,0.0,60922.66796875,60867.4140625,60922.66796875,benchmark
BTC,benchmark,random_walk_zero_return,random_walk_zero_return,2026-06-06,2026-06-07,0.0382314561194156,0.0,0.0,60867.4140625,63239.51953125,60867.4140625,benchmark
BTC,benchmark,random_walk_zero_return,random_walk_zero_return,2026-06-07,2026-06-08,-0.0023577871851843952,0.0,0.0,63239.51953125,63090.58984375,63239.51953125,benchmark
BTC,benchmark,random_walk_zero_return,random_walk_zero_return,2026-06-08,2026-06-09,-0.023199274916972237,0.0,0.0,63090.58984375,61643.78125,63090.58984375,benchmark
BTC,benchmark,random_walk_zero_return,random_walk_zero_return,2026-06-09,2026-06-10,-0.00316008608540611,0.0,0.0,61643.78125,61449.2890625,61643.78125,benchmark
BTC,benchmark,random_walk_zero_return,random_walk_zero_return,2026-06-10,2026-06-11,0.03378866852406486,0.0,0.0,61449.2890625,63561.0546875,61449.2890625,benchmark
BTC,benchmark,random_walk_zero_return,random_walk_zero_return,2026-06-11,2026-06-12,-0.0002809578486747506,0.0,0.0,63561.0546875,63543.19921875,63561.0546875,benchmark
BTC,benchmark,random_walk_zero_return,random_walk_zero_return,2026-06-12,2026-06-13,0.01372472245570358,0.0,0.0,63543.19921875,64421.32421875,63543.19921875,benchmark
BTC,benchmark,random_walk_zero_return,random_walk_zero_return,2026-06-13,2026-06-14,0.019812484755317328,0.0,0.0,64421.32421875,65710.3984375,64421.32421875,benchmark
BTC,benchmark,random_walk_zero_return,random_walk_zero_return,2026-06-14,2026-06-15,0.0087743291428838,0.0,0.0,65710.3984375,66289.5,65710.3984375,benchmark
BTC,benchmark,random_walk_zero_return,random_walk_zero_return,2026-06-15,2026-06-16,-0.010446052081715382,0.0,0.0,66289.5,65600.640625,66289.5,benchmark
BTC,benchmark,random_walk_zero_return,random_walk_zero_return,2026-06-16,2026-06-17,-0.01818545153086442,0.0,0.0,65600.640625,64418.4453125,65600.640625,benchmark
BTC,benchmark,random_walk_zero_return,random_walk_zero_return,2026-06-17,2026-06-18,-0.023909926459543353,0.0,0.0,64418.4453125,62896.47265625,64418.4453125,benchmark
BTC,benchmark,random_walk_zero_return,random_walk_zero_return,2026-06-18,2026-06-19,0.0101927013006599,0.0,0.0,62896.47265625,63540.8359375,62896.47265625,benchmark
BTC,benchmark,random_walk_zero_return,random_walk_zero_return,2026-06-19,2026-06-20,0.01093823779640829,0.0,0.0,63540.8359375,64239.67578125,63540.8359375,benchmark
BTC,benchmark,random_walk_zero_return,random_walk_zero_return,2026-06-20,2026-06-21,-0.01572292530514671,0.0,0.0,64239.67578125,63237.5390625,64239.67578125,benchmark
BTC,benchmark,random_walk_zero_return,random_walk_zero_return,2026-06-21,2026-06-22,0.011236353824842346,0.0,0.0,63237.5390625,63952.10546875,63237.5390625,benchmark
BTC,benchmark,random_walk_zero_return,random_walk_zero_return,2026-06-22,2026-06-23,-0.02028318896027214,0.0,0.0,63952.10546875,62668.01953125,63952.10546875,benchmark
BTC,benchmark,random_walk_zero_return,random_walk_zero_return,2026-06-23,2026-06-24,-0.027057191162537193,0.0,0.0,62668.01953125,60995.1328125,62668.01953125,benchmark
BTC,benchmark,random_walk_zero_return,random_walk_zero_return,2026-06-24,2026-06-25,-0.021099038116469408,0.0,0.0,60995.1328125,59721.67578125,60995.1328125,benchmark
BTC,benchmark,random_walk_zero_return,random_walk_zero_return,2026-06-25,2026-06-26,0.004923319948585001,0.0,0.0,59721.67578125,60016.4296875,59721.67578125,benchmark
BTC,benchmark,random_walk_zero_return,random_walk_zero_return,2026-06-26,2026-06-27,-0.0012726617424323222,0.0,0.0,60016.4296875,59940.09765625,60016.4296875,benchmark
BTC,benchmark,random_walk_zero_return,random_walk_zero_return,2026-06-27,2026-06-28,-0.006825999440473744,0.0,0.0,59940.09765625,59532.33984375,59940.09765625,benchmark
BTC,benchmark,random_walk_zero_return,random_walk_zero_return,2026-06-28,2026-06-29,0.010128530183576383,0.0,0.0,59532.33984375,60138.37890625,59532.33984375,benchmark
BTC,benchmark,random_walk_zero_return,random_walk_zero_return,2026-06-29,2026-06-30,-0.026615830286262104,0.0,0.0,60138.37890625,58558.859375,60138.37890625,benchmark
BTC,benchmark,random_walk_zero_return,random_walk_zero_return,2026-06-30,2026-07-01,0.024374798891813786,0.0,0.0,58558.859375,60003.7578125,58558.859375,benchmark
BTC,benchmark,random_walk_zero_return,random_walk_zero_return,2026-07-01,2026-07-02,0.024390944088390595,0.0,0.0,60003.7578125,61485.30078125,60003.7578125,benchmark
BTC,benchmark,random_walk_zero_return,random_walk_zero_return,2026-07-02,2026-07-03,0.01707535974546987,0.0,0.0,61485.30078125,62544.19921875,61485.30078125,benchmark
BTC,benchmark,random_walk_zero_return,random_walk_zero_return,2026-07-03,2026-07-04,0.00866191238397133,0.0,0.0,62544.19921875,63088.3046875,62544.19921875,benchmark
BTC,benchmark,random_walk_zero_return,random_walk_zero_return,2026-07-04,2026-07-05,0.007258275090508953,0.0,0.0,63088.3046875,63547.8828125,63088.3046875,benchmark
BTC,benchmark,random_walk_zero_return,random_walk_zero_return,2026-07-05,2026-07-06,0.007011517689840301,0.0,0.0,63547.8828125,63995.015625,63547.8828125,benchmark
BTC,benchmark,random_walk_zero_return,random_walk_zero_return,2026-07-06,2026-07-07,-0.01096103180817717,0.0,0.0,63995.015625,63297.39453125,63995.015625,benchmark
BTC,benchmark,random_walk_zero_return,random_walk_zero_return,2026-07-07,2026-07-08,-0.016563965519348627,0.0,0.0,63297.39453125,62257.57421875,63297.39453125,benchmark
BTC,benchmark,random_walk_zero_return,random_walk_zero_return,2026-07-08,2026-07-09,0.014915682336986301,0.0,0.0,62257.57421875,63193.1484375,62257.57421875,benchmark
BTC,benchmark,random_walk_zero_return,random_walk_zero_return,2026-07-09,2026-07-10,0.01467180052315595,0.0,0.0,63193.1484375,64127.140625,63193.1484375,benchmark
BTC,benchmark,random_walk_zero_return,random_walk_zero_return,2026-07-10,2026-07-11,-0.005082718606355573,0.0,0.0,64127.140625,63802.02734375,64127.140625,benchmark
BTC,benchmark,random_walk_zero_return,random_walk_zero_return,2026-07-11,2026-07-12,-0.0006868690961942699,0.0,0.0,63802.02734375,63758.21875,63802.02734375,benchmark
BTC,benchmark,random_walk_zero_return,random_walk_zero_return,2026-07-12,2026-07-13,-0.024114338771437895,0.0,0.0,63758.21875,62239.12109375,63758.21875,benchmark
BTC,benchmark,random_walk_zero_return,random_walk_zero_return,2026-07-13,2026-07-14,0.04272810304426096,0.0,0.0,62239.12109375,64956.11328125,62239.12109375,benchmark
BTC,benchmark,random_walk_zero_return,random_walk_zero_return,2026-07-14,2026-07-15,-0.0037594109647903352,0.0,0.0,64956.11328125,64712.375,64956.11328125,benchmark
BTC,benchmark,random_walk_zero_return,random_walk_zero_return,2026-07-15,2026-07-16,-0.014367279855176223,0.0,0.0,64712.375,63789.28125,64712.375,benchmark
BTC,benchmark,random_walk_zero_return,random_walk_zero_return,2026-07-16,2026-07-17,0.0017257545646935989,0.0,0.0,63789.28125,63899.4609375,63789.28125,benchmark
BTC,benchmark,random_walk_zero_return,random_walk_zero_return,2026-07-17,2026-07-18,0.01394223164475083,0.0,0.0,63899.4609375,64796.6015625,63899.4609375,benchmark
BTC,benchmark,random_walk_zero_return,random_walk_zero_return,2026-07-18,2026-07-19,-0.0016340878484766735,0.0,0.0,64796.6015625,64690.8046875,64796.6015625,benchmark
BTC,benchmark,random_walk_zero_return,random_walk_zero_return,2026-07-19,2026-07-20,0.008300835886390828,0.0,0.0,64690.8046875,65230.02734375,64690.8046875,benchmark
BTC,benchmark,random_walk_zero_return,random_walk_zero_return,2026-07-20,2026-07-21,0.019359107363714313,0.0,0.0,65230.02734375,66505.125,65230.02734375,benchmark
BTC,benchmark,random_walk_zero_return,random_walk_zero_return,2026-07-21,2026-07-22,-0.006098209978869257,0.0,0.0,66505.125,66100.796875,66505.125,benchmark
BTC,benchmark,random_walk_zero_return,random_walk_zero_return,2026-07-22,2026-07-23,-0.016104346952909084,0.0,0.0,66100.796875,65044.8125,66100.796875,benchmark
BTC,benchmark,random_walk_zero_return,random_walk_zero_return,2026-07-23,2026-07-24,-0.014655553654227636,0.0,0.0,65044.8125,64098.49609375,65044.8125,benchmark
BTC,benchmark,random_walk_zero_return,random_walk_zero_return,2026-07-24,2026-07-25,0.0033224217714330475,0.0,0.0,64098.49609375,64311.8125,64098.49609375,benchmark
BTC,benchmark,random_walk_zero_return,random_walk_zero_return,2026-07-25,2026-07-26,0.015865685940396487,0.0,0.0,64311.8125,65340.30078125,64311.8125,benchmark
BTC,benchmark,random_walk_zero_return,random_walk_zero_return,2026-07-26,2026-07-27,-0.02503365298859531,0.0,0.0,65340.30078125,63724.8984375,65340.30078125,benchmark
BTC,benchmark,random_walk_zero_return,random_walk_zero_return,2026-07-27,2026-07-28,0.0022957554728576246,0.0,0.0,63724.8984375,63871.36328125,63724.8984375,benchmark
BTC,benchmark,random_walk_zero_return,random_walk_zero_return,2026-07-28,2026-07-29,0.0005760654802496461,0.0,0.0,63871.36328125,63908.16796875,63871.36328125,benchmark
BTC,benchmark,random_walk_zero_return,random_walk_zero_return,2026-07-29,2026-07-30,0.01270511594195683,0.0,0.0,63908.16796875,64725.30859375,63908.16796875,benchmark
BTC,benchmark,random_walk_zero_return,random_walk_zero_return,2026-07-30,2026-07-31,-0.02997835702863742,0.0,0.0,64725.30859375,62813.74609375,64725.30859375,benchmark
BTC,benchmark,random_walk_zero_return,random_walk_zero_return,2026-07-31,2026-08-01,-0.0008031049841085494,0.0,0.0,62813.74609375,62763.3203125,62813.74609375,benchmark
BTC,benchmark,random_walk_zero_return,random_walk_zero_return,2026-08-01,2026-08-02,0.011385569767075112,0.0,0.0,62763.3203125,63482.0,62763.3203125,benchmark
BTC,benchmark,random_walk_zero_return,random_walk_zero_return,2026-08-02,2026-08-03,-0.0003324575530272348,0.0,0.0,63482.0,63460.8984375,63482.0,benchmark
BTC,benchmark,random_walk_zero_return,random_walk_zero_return,2026-08-03,2026-08-04,0.00933302539348361,0.0,0.0,63460.8984375,64055.953125,63460.8984375,benchmark
BTC,benchmark,random_walk_zero_return,random_walk_zero_return,2026-08-04,2026-08-05,0.008418741360802475,0.0,0.0,64055.953125,64597.5,64055.953125,benchmark
BTC,benchmark,random_walk_zero_return,random_walk_zero_return,2026-08-05,2026-08-06,-0.005205470783879128,0.0,0.0,64597.5,64262.11328125,64597.5,benchmark
BTC,benchmark,random_walk_zero_return,random_walk_zero_return,2026-08-06,2026-08-07,0.00957212039536744,0.0,0.0,64262.11328125,64880.19140625,64262.11328125,benchmark
BTC,benchmark,random_walk_zero_return,random_walk_zero_return,2026-08-07,2026-08-08,0.00037748764335751974,0.0,0.0,64880.19140625,64904.6875,64880.19140625,benchmark
BTC,benchmark,random_walk_zero_return,random_walk_zero_return,2026-08-08,2026-08-09,-0.0009217877722439945,0.0,0.0,64904.6875,64844.88671875,64904.6875,benchmark
BTC,benchmark,random_walk_zero_return,random_walk_zero_return,2026-08-09,2026-08-10,-0.014513048045569134,0.0,0.0,64844.88671875,63910.5859375,64844.88671875,benchmark
BTC,benchmark,random_walk_zero_return,random_walk_zero_return,2026-08-10,2026-08-11,-0.00562851025881392,0.0,0.0,63910.5859375,63551.875,63910.5859375,benchmark
BTC,benchmark,random_walk_zero_return,random_walk_zero_return,2026-08-11,2026-08-12,-0.0023542560615523694,0.0,0.0,63551.875,63402.43359375,63551.875,benchmark
BTC,benchmark,random_walk_zero_return,random_walk_zero_return,2026-08-12,2026-08-13,-4.127906065128786e-06,0.0,0.0,63402.43359375,63402.171875,63402.43359375,benchmark
BTC,benchmark,random_walk_zero_return,random_walk_zero_return,2026-08-13,2026-08-14,-0.006750867021094253,0.0,0.0,63402.171875,62975.59375,63402.171875,benchmark
BTC,benchmark,random_walk_zero_return,random_walk_zero_return,2026-08-14,2026-08-15,0.0007734380660748331,0.0,0.0,62975.59375,63024.3203125,62975.59375,benchmark
BTC,benchmark,random_walk_zero_return,random_walk_zero_return,2026-08-15,2026-08-16,-0.0032686473868631834,0.0,0.0,63024.3203125,62818.65234375,63024.3203125,benchmark
BTC,benchmark,random_walk_zero_return,random_walk_zero_return,2026-08-16,2026-08-17,0.026510137670231988,0.0,0.0,62818.65234375,64506.25390625,62818.65234375,benchmark
BTC,benchmark,random_walk_zero_return,random_walk_zero_return,2026-08-17,2026-08-18,0.002700847372800676,0.0,0.0,64506.25390625,64680.7109375,64506.25390625,benchmark
BTC,benchmark,random_walk_zero_return,random_walk_zero_return,2026-08-18,2026-08-19,0.0684938460027011,0.0,0.0,64680.7109375,69266.1875,64680.7109375,benchmark
BTC,benchmark,random_walk_zero_return,random_walk_zero_return,2026-08-19,2026-08-20,0.05295120538976306,0.0,0.0,69266.1875,73032.7578125,69266.1875,benchmark
BTC,benchmark,random_walk_zero_return,random_walk_zero_return,2026-08-20,2026-08-21,0.07008881775516321,0.0,0.0,73032.7578125,78335.1875,73032.7578125,benchmark
BTC,benchmark,random_walk_zero_return,random_walk_zero_return,2026-08-21,2026-08-22,-0.016108760387506423,0.0,0.0,78335.1875,77083.4140625,78335.1875,benchmark
BTC,benchmark,random_walk_zero_return,random_walk_zero_return,2026-08-22,2026-08-23,0.008678138825315892,0.0,0.0,77083.4140625,77755.265625,77083.4140625,benchmark
BTC,benchmark,random_walk_zero_return,random_walk_zero_return,2026-08-23,2026-08-24,0.0154319126625293,0.0,0.0,77755.265625,78964.484375,77755.265625,benchmark
BTC,benchmark,random_walk_zero_return,random_walk_zero_return,2026-08-24,2026-08-25,-0.005072177186830813,0.0,0.0,78964.484375,78564.9765625,78964.484375,benchmark
BTC,benchmark,random_walk_zero_return,random_walk_zero_return,2026-08-25,2026-08-26,0.005868895257053803,0.0,0.0,78564.9765625,79027.421875,78564.9765625,benchmark
BTC,benchmark,random_walk_zero_return,random_walk_zero_return,2026-08-26,2026-08-27,0.015445797722405792,0.0,0.0,79027.421875,80257.5390625,79027.421875,benchmark
BTC,benchmark,random_walk_zero_return,random_walk_zero_return,2026-08-27,2026-08-28,-0.030710027313092664,0.0,0.0,80257.5390625,77830.2890625,80257.5390625,benchmark
BTC,benchmark,random_walk_zero_return,random_walk_zero_return,2026-08-28,2026-08-29,0.005324638622765287,0.0,0.0,77830.2890625,78245.8125,77830.2890625,benchmark
BTC,benchmark,random_walk_zero_return,random_walk_zero_return,2026-08-29,2026-08-30,-0.007417513856522034,0.0,0.0,78245.8125,77667.5703125,78245.8125,benchmark
BTC,benchmark,random_walk_zero_return,random_walk_zero_return,2026-08-30,2026-08-31,0.01128015948027171,0.0,0.0,77667.5703125,78548.6328125,77667.5703125,benchmark
ETH,benchmark,arima,arima,2025-10-31,2025-11-01,0.007021586687225155,-0.0003754042108892192,0.0,3847.080322265625,3874.18798828125,3845.6363831603853,benchmark
ETH,benchmark,arima,arima,2025-11-01,2025-11-02,0.009473174047530416,-0.00023613721467716619,0.0,3874.18798828125,3911.063232421875,3873.2732563259397,benchmark
ETH,benchmark,arima,arima,2025-11-02,2025-11-03,-0.08223448305523949,-0.0003185845355730945,0.0,3911.063232421875,3602.30810546875,3909.817426616146,benchmark
ETH,benchmark,arima,arima,2025-11-03,2025-11-04,-0.08990501013567212,0.0027655603560959347,0.0,3602.30810546875,3292.574462890625,3612.2842944736594,benchmark
ETH,benchmark,arima,arima,2025-11-04,2025-11-05,0.039481668810072805,0.003023521552127958,0.0,3292.574462890625,3425.171142578125,3302.5446977557654,benchmark
ETH,benchmark,arima,arima,2025-11-05,2025-11-06,-0.03352136366985419,-0.0013277755753666142,0.0,3425.171142578125,3312.2578125,3420.626301925474,benchmark
ETH,benchmark,arima,arima,2025-11-06,2025-11-07,0.03647448115981518,0.001127329448710101,0.0,3312.2578125,3435.301025390625,3315.9939237922163,benchmark
ETH,benchmark,arima,arima,2025-11-07,2025-11-08,-0.010218549741346181,-0.0012266433174632323,0.0,3435.301025390625,3400.3759765625,3431.0897197573577,benchmark
ETH,benchmark,arima,arima,2025-11-08,2025-11-09,0.05220874290983875,0.0003436516533152914,0.0,3400.3759765625,3582.621337890625,3401.544722197922,benchmark
ETH,benchmark,arima,arima,2025-11-09,2025-11-10,-0.003960630532174714,-0.0017557893509960517,0.0,3582.621337890625,3568.4599609375,3576.336528512161,benchmark
ETH,benchmark,arima,arima,2025-11-10,2025-11-11,-0.04387398640993172,0.0001331967123520168,0.0,3568.4599609375,3415.2822265625,3568.935299728536,benchmark
ETH,benchmark,arima,arima,2025-11-11,2025-11-12,-0.0006408517068140884,0.001475490000924474,0.0,3415.2822265625,3413.09423828125,3420.3251608227642,benchmark
ETH,benchmark,arima,arima,2025-11-12,2025-11-13,-0.054283922809847215,2.1551957386428003e-05,0.0,3413.09423828125,3232.757080078125,3413.167797935504,benchmark
ETH,benchmark,arima,arima,2025-11-13,2025-11-14,-0.04071281618360177,0.0018255780217581142,0.0,3232.757080078125,3103.78564453125,3238.6641205943183,benchmark
ETH,benchmark,arima,arima,2025-11-14,2025-11-15,0.020045814386644864,0.0013691792814792463,0.0,3103.78564453125,3166.63134765625,3108.0381941169508,benchmark
ETH,benchmark,arima,arima,2025-11-15,2025-11-16,-0.023576197316441422,-0.0006741443189485753,0.0,3166.63134765625,3092.847412109375,3164.4973005317174,benchmark
ETH,benchmark,arima,arima,2025-11-16,2025-11-17,-0.022333536068642135,0.0007928717275701476,0.0,3092.847412109375,3024.538818359375,3095.300615789529,benchmark
ETH,benchmark,arima,arima,2025-11-17,2025-11-18,0.032028732106195945,0.000751080807808885,0.0,3024.538818359375,3122.97900390625,3026.811344736959,benchmark
ETH,benchmark,arima,arima,2025-11-18,2025-11-19,-0.03251421900082368,-0.001077131982570041,0.0,3122.97900390625,3023.07080078125,3119.616954350857,benchmark
ETH,benchmark,arima,arima,2025-11-19,2025-11-20,-0.06536849882670856,0.0010934589935671756,0.0,3023.07080078125,2831.777587890625,3026.3782126666474,benchmark
ETH,benchmark,arima,arima,2025-11-20,2025-11-21,-0.02361115238578957,0.002198354293432025,0.0,2831.777587890625,2765.69921875,2838.00968597895,benchmark
ETH,benchmark,arima,arima,2025-11-21,2025-11-22,0.0006897153274086759,0.0007940472727969459,0.0,2765.69921875,2767.607421875,2767.896186804837,benchmark
ETH,benchmark,arima,arima,2025-11-22,2025-11-23,0.012234618260287876,-2.3195249676365914e-05,0.0,2767.607421875,2801.676025390625,2767.5432272743515,benchmark
ETH,benchmark,arima,arima,2025-11-23,2025-11-24,0.05250671846439223,-0.0004114523977720045,0.0,2801.676025390625,2952.71337890625,2800.523506191851,benchmark
ETH,benchmark,arima,arima,2025-11-24,2025-11-25,0.0017672851723719149,-0.0017658103221281408,0.0,2952.71337890625,2957.936279296875,2947.504047842369,benchmark
ETH,benchmark,arima,arima,2025-11-25,2025-11-26,0.023348428095094007,-5.943411606715915e-05,0.0,2957.936279296875,3027.81201171875,2957.7604821929567,benchmark
ETH,benchmark,arima,arima,2025-11-26,2025-11-27,-0.004392260426713515,-0.0007852118079659333,0.0,3027.81201171875,3014.542236328125,3025.4354711408155,benchmark
ETH,benchmark,arima,arima,2025-11-27,2025-11-28,0.005874882913213043,0.00014771250281476623,0.0,3014.542236328125,3032.304443359375,3014.987554795437,benchmark
ETH,benchmark,arima,arima,2025-11-28,2025-11-29,-0.013485997805236051,-0.00019757336190188654,0.0,3032.304443359375,2991.685302734375,3031.7053999556488,benchmark
ETH,benchmark,arima,arima,2025-11-29,2025-11-30,0.00014280097860070945,0.0004535365154238822,0.0,2991.685302734375,2992.112548828125,2993.042448996252,benchmark
ETH,benchmark,arima,arima,2025-11-30,2025-12-01,-0.0662927736435053,-4.802422421316161e-06,0.0,2992.112548828125,2800.18896484375,2992.098179474237,benchmark
ETH,benchmark,arima,arima,2025-12-01,2025-12-02,0.06823838280892502,0.0022294378206398732,0.0,2800.18896484375,2997.939697265625,2806.438776221171,benchmark
ETH,benchmark,arima,arima,2025-12-02,2025-12-03,0.06258823046337834,-0.0022948690044502867,0.0,2997.939697265625,3191.57177734375,2991.067706552303,benchmark
ETH,benchmark,arima,arima,2025-12-03,2025-12-04,-0.01810241754529839,-0.002104853371686474,0.0,3191.57177734375,3134.31640625,3184.861051751527,benchmark
ETH,benchmark,arima,arima,2025-12-04,2025-12-05,-0.03568750802814642,0.0006087875359919706,0.0,3134.31640625,3024.432861328125,3136.2251199535854,benchmark
ETH,benchmark,arima,arima,2025-12-05,2025-12-06,0.005202266348911221,0.0012001772704547794,0.0,3024.432861328125,3040.207763671875,3028.0648960110702,benchmark
ETH,benchmark,arima,arima,2025-12-06,2025-12-07,0.006914380156550823,-0.00017495314668344777,0.0,3040.207763671875,3061.3017578125,3039.675916282593,benchmark
ETH,benchmark,arima,arima,2025-12-07,2025-12-08,0.020657404003744346,-0.00023253183989845738,0.0,3061.3017578125,3125.197998046875,3060.589990439767,benchmark
ETH,benchmark,arima,arima,2025-12-08,2025-12-09,0.06080292642241868,-0.000694712187030315,0.0,3125.197998046875,3321.114990234375,3123.027638885518,benchmark
ETH,benchmark,arima,arima,2025-12-09,2025-12-10,0.001286434597521452,-0.0020448132778496907,0.0,3321.114990234375,3325.39013671875,3314.330868699823,benchmark
ETH,benchmark,arima,arima,2025-12-10,2025-12-11,-0.02692245348848621,-4.3263025332398935e-05,0.0,3325.39013671875,3237.056884765625,3325.246273393029,benchmark
ETH,benchmark,arima,arima,2025-12-11,2025-12-12,-0.048381125268667786,0.0009054069204348247,0.0,3237.056884765625,3084.172607421875,3239.989065679071,benchmark
ETH,benchmark,arima,arima,2025-12-12,2025-12-13,0.010489822947687412,0.0016270658859308524,0.0,3084.172607421875,3116.6953125,3089.194844104757,benchmark
ETH,benchmark,arima,arima,2025-12-13,2025-12-14,-0.01816399360114702,-0.00035277461970670645,0.0,3116.6953125,3060.5947265625,3115.5960154098484,benchmark
ETH,benchmark,arima,arima,2025-12-14,2025-12-15,-0.03200777016588088,0.0006108583497505412,0.0,3060.5947265625,2964.18310546875,3062.464887549996,benchmark
ETH,benchmark,arima,arima,2025-12-15,2025-12-16,-7.412721688312701e-07,0.0010764270287724567,0.0,2964.18310546875,2964.180908203125,2967.3755501903443,benchmark
ETH,benchmark,arima,arima,2025-12-16,2025-12-17,-0.045828192848759323,2.492911546388919e-08,0.0,2964.180908203125,2831.403564453125,2964.1809820975345,benchmark
ETH,benchmark,arima,arima,2025-12-17,2025-12-18,-0.0015320294953636582,0.001541210312575472,0.0,2831.403564453125,2827.069091796875,2835.770717311782,benchmark
ETH,benchmark,arima,arima,2025-12-18,2025-12-19,0.05200157806139122,5.152242562163757e-05,0.0,2827.069091796875,2977.970703125,2827.2147530062616,benchmark
ETH,benchmark,arima,arima,2025-12-19,2025-12-20,-0.0001303602133292682,-0.0017488223601333712,0.0,2977.970703125,2977.58251953125,2972.767312600564,benchmark
ETH,benchmark,arima,arima,2025-12-20,2025-12-21,0.008038330984924418,4.384037262731513e-06,0.0,2977.58251953125,3001.61376953125,2977.595573392583,benchmark
ETH,benchmark,arima,arima,2025-12-21,2025-12-22,0.0014847515809792915,-0.00027033050704716705,0.0,3001.61376953125,3006.07373046875,3000.802451425931,benchmark
ETH,benchmark,arima,arima,2025-12-22,2025-12-23,-0.014306326840175283,-4.993246091483116e-05,0.0,3006.07373046875,2963.3740234375,3005.9236335570813,benchmark
ETH,benchmark,arima,arima,2025-12-23,2025-12-24,-0.0060191597554604985,0.0004811243274182549,0.0,2963.3740234375,2945.590576171875,2964.800117808253,benchmark
ETH,benchmark,arima,arima,2025-12-24,2025-12-25,-0.014365015056822026,0.00020242541788130142,0.0,2945.590576171875,2903.57958984375,2946.186898928569,benchmark
ETH,benchmark,arima,arima,2025-12-25,2025-12-26,0.007605038907991378,0.000483098022628562,0.0,2903.57958984375,2925.74560546875,2904.98264228079,benchmark
ETH,benchmark,arima,arima,2025-12-26,2025-12-27,0.0075770385642638756,-0.00025575881709355533,0.0,2925.74560546875,2947.998291015625,2924.9974159156945,benchmark
ETH,benchmark,arima,arima,2025-12-27,2025-12-28,0.00019327323098403297,-0.0002548171605318205,0.0,2947.998291015625,2948.568115234375,2947.247186163123,benchmark
ETH,benchmark,arima,arima,2025-12-28,2025-12-29,-0.00476952504017534,-6.499813285686585e-06,0.0,2948.568115234375,2934.538330078125,2948.5489501544507,benchmark
ETH,benchmark,arima,arima,2025-12-29,2025-12-30,0.012488715813386491,0.00016039997916269963,0.0,2934.538330078125,2971.416748046875,2935.009067717266,benchmark
ETH,benchmark,arima,arima,2025-12-30,2025-12-31,-0.0014748454494985343,-0.0004199977438764905,0.0,2971.416748046875,2967.03759765625,2970.1690217560335,benchmark
ETH,benchmark,arima,arima,2025-12-31,2026-01-01,0.01117969589667102,4.9599315943432085e-05,0.0,2967.03759765625,3000.394287109375,2967.184764341125,benchmark
ETH,benchmark,arima,arima,2026-01-01,2026-01-02,0.04050579142356504,-0.000375975170224796,0.0,3000.394287109375,3124.422607421875,2999.2664253938237,benchmark
ETH,benchmark,arima,arima,2026-01-02,2026-01-03,0.0004783333560596635,-0.001362217001814847,0.0,3124.422607421875,3125.91748046875,3120.1693634035532,benchmark
ETH,benchmark,arima,arima,2026-01-03,2026-01-04,0.004721198192569982,-1.6086436217131933e-05,0.0,3125.91748046875,3140.71044921875,3125.86719600103,benchmark
ETH,benchmark,arima,arima,2026-01-04,2026-01-05,0.02683435946003148,-0.00015877473864428244,0.0,3140.71044921875,3226.13037109375,3140.2118233236633,benchmark
ETH,benchmark,arima,arima,2026-01-05,2026-01-06,0.021410072765534124,-0.0009024443025201534,0.0,3226.13037109375,3295.94677734375,3223.2202814155935,benchmark
ETH,benchmark,arima,arima,2026-01-06,2026-01-07,-0.039957957746070624,-0.000720024571951363,0.0,3295.94677734375,3166.843994140625,3293.5744688389173,benchmark
ETH,benchmark,arima,arima,2026-01-07,2026-01-08,-0.01992066167813984,0.0013437932573718368,0.0,3166.843994140625,3104.382568359375,3171.102438340583,benchmark
ETH,benchmark,arima,arima,2026-01-08,2026-01-09,-0.006896412519137501,0.0006699354110033886,0.0,3104.382568359375,3083.047119140625,3106.463000971148,benchmark
ETH,benchmark,arima,arima,2026-01-09,2026-01-10,-0.00021121695136130524,0.0002319275850423819,0.0,3083.047119140625,3082.39599609375,3083.7622457391262,benchmark
ETH,benchmark,arima,arima,2026-01-10,2026-01-11,0.011768432191719677,7.1032638075670555e-06,0.0,3082.39599609375,3118.88525390625,3082.417891243433,benchmark
ETH,benchmark,arima,arima,2026-01-11,2026-01-12,-0.008552349240195838,-0.00039577447700328767,0.0,3118.88525390625,3092.3251953125,3117.651122960926,benchmark
ETH,benchmark,arima,arima,2026-01-12,2026-01-13,0.07167244785080332,0.0002876170327997925,0.0,3092.3251953125,3322.095458984375,3093.214728625962,benchmark
ETH,benchmark,arima,arima,2026-01-13,2026-01-14,0.009773355035415114,-0.0024103572252942604,0.0,3322.095458984375,3354.72265625,3314.0976648342994,benchmark
ETH,benchmark,arima,arima,2026-01-14,2026-01-15,-0.01127779653171091,-0.00032867967582210646,0.0,3354.72265625,3317.101318359375,3353.620208280916,benchmark
ETH,benchmark,arima,arima,2026-01-15,2026-01-16,-0.006538811242779367,0.000379274312106577,0.0,3317.101318359375,3295.482177734375,3318.3596482911094,benchmark
ETH,benchmark,arima,arima,2026-01-16,2026-01-17,0.004052512545503773,0.0002199013902340429,0.0,3295.482177734375,3308.8642578125,3296.2069385317827,benchmark
ETH,benchmark,arima,arima,2026-01-17,2026-01-18,-0.008408684018054191,-0.00013628672087472415,0.0,3308.8642578125,3281.15771484375,3308.413334281126,benchmark
ETH,benchmark,arima,arima,2026-01-18,2026-01-19,-0.029235184793820444,0.0002827855457138001,0.0,3281.15771484375,3186.62109375,3282.0857100243425,benchmark
ETH,benchmark,arima,arima,2026-01-19,2026-01-20,-0.08204732940901807,0.0009831844873958522,0.0,3186.62109375,2935.605712890625,3189.755670857873,benchmark
ETH,benchmark,arima,arima,2026-01-20,2026-01-21,0.014640674097217414,0.0027592663455390607,0.0,2935.605712890625,2978.901123046875,2943.7170164150752,benchmark
ETH,benchmark,arima,arima,2026-01-21,2026-01-22,-0.009873624051331843,-0.0004923684854027347,0.0,2978.901123046875,2949.63330078125,2977.4347670361235,benchmark
ETH,benchmark,arima,arima,2026-01-22,2026-01-23,0.0012275504187740749,0.0003320517407401504,0.0,2949.63330078125,2953.25634765625,2950.6128942821824,benchmark
ETH,benchmark,arima,arima,2026-01-23,2026-01-24,-0.0015302026847261398,-4.128273988163952e-05,0.0,2953.25634765625,2948.74072265625,2953.1344316591762,benchmark
ETH,benchmark,arima,arima,2026-01-24,2026-01-25,-0.046095446910964524,5.14609896535435e-05,0.0,2948.74072265625,2815.90234375,2948.8924716766137,benchmark
ETH,benchmark,arima,arima,2026-01-25,2026-01-26,0.0385097283715548,0.001550198114431584,0.0,2815.90234375,2926.45703125,2820.2709354701765,benchmark
ETH,benchmark,arima,arima,2026-01-26,2026-01-27,0.03219617504335294,-0.0012950890447849567,0.0,2926.45703125,3022.2109375,2922.669461957936,benchmark
ETH,benchmark,arima,arima,2026-01-27,2026-01-28,-0.005176321307197195,-0.0010827631184598184,0.0,3022.2109375,3006.607421875,3018.9403699051813,benchmark
ETH,benchmark,arima,arima,2026-01-28,2026-01-29,-0.06470236643237812,0.0001740806102955998,0.0,3006.607421875,2818.232666015625,3007.1308594887673,benchmark
ETH,benchmark,arima,arima,2026-01-29,2026-01-30,-0.04197886796827195,0.002175952142008101,0.0,2818.232666015625,2702.375244140625,2824.3716821022863,benchmark
ETH,benchmark,arima,arima,2026-01-30,2026-01-31,-0.10004843937927187,0.001411756829174127,0.0,2702.375244140625,2445.091796875,2706.193035108678,benchmark
ETH,benchmark,arima,arima,2026-01-31,2026-02-01,-0.07519978220290023,0.0033646468896839812,0.0,2445.091796875,2267.96484375,2453.332523177075,benchmark
ETH,benchmark,arima,arima,2026-02-01,2026-02-02,0.03312814665299069,0.0025289821097031744,0.0,2267.96484375,2344.356689453125,2273.7077450517577,benchmark
ETH,benchmark,arima,arima,2026-02-02,2026-02-03,-0.05110473707553693,-0.0011141054901859196,0.0,2344.356689453125,2227.558837890625,2341.746283198431,benchmark
ETH,benchmark,arima,arima,2026-02-03,2026-02-04,-0.03846435100865618,0.0017186614375610905,0.0,2227.558837890625,2143.504150390625,2231.390549129204,benchmark
ETH,benchmark,arima,arima,2026-02-04,2026-02-05,-0.16268108635736284,0.001293562995964144,0.0,2143.504150390625,1821.68310546875,2146.2787021831414,benchmark
ETH,benchmark,arima,arima,2026-02-05,2026-02-06,0.12458793243377704,0.005470993996695121,0.0,1821.68310546875,2063.386962890625,1831.6768356941895,benchmark
ETH,benchmark,arima,arima,2026-02-06,2026-02-07,0.013078072860626821,-0.00418991442501516,0.0,2063.386962890625,2090.54931640625,2054.759634595392,benchmark
ETH,benchmark,arima,arima,2026-02-07,2026-02-08,-0.00085486651992098,-0.00043981792666208377,0.0,2090.54931640625,2088.762939453125,2089.630057508413,benchmark
ETH,benchmark,arima,arima,2026-02-08,2026-02-09,0.007062777520560773,2.87493137843289e-05,0.0,2088.762939453125,2103.567626953125,2088.8229908175063,benchmark
ETH,benchmark,arima,arima,2026-02-09,2026-02-10,-0.04078608660125574,-0.00023752246976086413,0.0,2103.567626953125,2019.4974365234373,2103.0680417087715,benchmark
ETH,benchmark,arima,arima,2026-02-10,2026-02-11,-0.03984048759789168,0.0013716433787144934,0.0,2019.4974365234373,1940.621337890625,2022.2693674263162,benchmark
ETH,benchmark,arima,arima,2026-02-11,2026-02-12,0.003251056309532056,0.0013398427153028828,0.0,1940.621337890625,1946.940673828125,1943.2232079124212,benchmark
ETH,benchmark,arima,arima,2026-02-12,2026-02-13,0.05086191072713562,-0.0001093336044811989,0.0,1946.940673828125,2048.52734375,1946.727819422826,benchmark
ETH,benchmark,arima,arima,2026-02-13,2026-02-14,0.018131871977993777,-0.0017104951440841424,0.0,2048.52734375,2086.009765625,2045.0263427521957,benchmark
ETH,benchmark,arima,arima,2026-02-14,2026-02-15,-0.05923016066341757,-0.0006097780938254642,0.0,2086.009765625,1966.04296875,2084.7381503074,benchmark
ETH,benchmark,arima,arima,2026-02-15,2026-02-16,0.016082623092426845,0.001991920884404512,0.0,1966.04296875,1997.917724609375,1969.9630737724553,benchmark
ETH,benchmark,arima,arima,2026-02-16,2026-02-17,-0.002868787898831094,-0.0005408614877115696,0.0,1997.917724609375,1992.1943359375,1996.8374200304236,benchmark
ETH,benchmark,arima,arima,2026-02-17,2026-02-18,-0.019371403139241388,9.647784953819971e-05,0.0,1992.1943359375,1953.97412109375,1992.3865478348396,benchmark
ETH,benchmark,arima,arima,2026-02-18,2026-02-19,-0.002958901252870125,0.0006514637482168131,0.0,1953.97412109375,1948.2010498046875,1955.24747912686,benchmark
ETH,benchmark,arima,arima,2026-02-19,2026-02-20,0.010630736664791151,9.950837773301762e-05,0.0,1948.2010498046875,1969.0223388671875,1948.394921776434,benchmark
ETH,benchmark,arima,arima,2026-02-20,2026-02-21,0.0023916477643178046,-0.0003575135731867258,0.0,1969.0223388671875,1973.7371826171875,1968.3185124763752,benchmark
ETH,benchmark,arima,arima,2026-02-21,2026-02-22,-0.008104381025179103,-8.043154157483784e-05,0.0,1973.7371826171875,1957.805908203125,1973.5784382770375,benchmark
ETH,benchmark,arima,arima,2026-02-22,2026-02-23,-0.053668696967508325,0.0002725517817005773,0.0,1957.805908203125,1855.5028076171875,1958.3395844155273,benchmark
ETH,benchmark,arima,arima,2026-02-23,2026-02-24,-0.001366236763411363,0.0018048878667719726,0.0,1855.5028076171875,1852.969482421875,1858.8548062022433,benchmark
ETH,benchmark,arima,arima,2026-02-24,2026-02-25,0.10330529755605292,4.594678642769858e-05,0.0,1852.969482421875,2054.6279296875,1853.0546223708793,benchmark
ETH,benchmark,arima,arima,2026-02-25,2026-02-26,-0.013640230652308093,-0.0034741756119972505,0.0,2054.6279296875,2026.7926025390625,2047.5021766683863,benchmark
ETH,benchmark,arima,arima,2026-02-26,2026-02-27,-0.04853988358482078,0.00045872339362415895,0.0,2026.7926025390625,1930.7618408203125,2027.7225529985794,benchmark
ETH,benchmark,arima,arima,2026-02-27,2026-02-28,0.017603302415937827,0.001632404956464783,0.0,1930.7618408203125,1965.050537109375,1933.9161999142666,benchmark
ETH,benchmark,arima,arima,2026-02-28,2026-03-01,-0.013311214361673498,-0.0005920022050261268,0.0,1965.050537109375,1939.066650390625,1963.887567132779,benchmark
ETH,benchmark,arima,arima,2026-03-01,2026-03-02,0.04448277882265156,0.0004476585169923261,0.0,1939.066650390625,2027.2689208984373,1939.9348844133665,benchmark
ETH,benchmark,arima,arima,2026-03-02,2026-03-03,-0.02219521539096451,-0.001495963798523214,0.0,2027.2689208984373,1982.7689208984373,2024.238467272517,benchmark
ETH,benchmark,arima,arima,2026-03-03,2026-03-04,0.06998564880773499,0.000746429058708005,0.0,1982.7689208984373,2126.50537109375,1984.2494697312934,benchmark
ETH,benchmark,arima,arima,2026-03-04,2026-03-05,-0.026156066067129717,-0.0023536298721341907,0.0,2126.50537109375,2071.60546875,2121.506249877354,benchmark
ETH,benchmark,arima,arima,2026-03-05,2026-03-06,-0.04585794631276462,0.0008796331745417501,0.0,2071.60546875,1978.751220703125,2073.428523336972,benchmark
ETH,benchmark,arima,arima,2026-03-06,2026-03-07,-0.004708868776353749,0.0015422109268853387,0.0,1978.751220703125,1969.4554443359373,1981.8052268127697,benchmark
ETH,benchmark,arima,arima,2026-03-07,2026-03-08,-0.016820776457913442,0.00015836009817431663,0.0,1969.4554443359373,1936.604736328125,1969.7673521896795,benchmark
ETH,benchmark,arima,arima,2026-03-08,2026-03-09,0.028673744603590037,0.0005656857172618089,0.0,1936.604736328125,1992.938232421875,1937.700555882961,benchmark
ETH,benchmark,arima,arima,2026-03-09,2026-03-10,0.021927234478122906,-0.0009643031534987669,0.0,1992.938232421875,2037.1204833984373,1991.0173620991256,benchmark
ETH,benchmark,arima,arima,2026-03-10,2026-03-11,0.007069651069372434,-0.0007374168127351407,0.0,2037.1204833984373,2051.5732421875,2035.6188302446014,benchmark
ETH,benchmark,arima,arima,2026-03-11,2026-03-12,0.010455613837732266,-0.0002377536284353395,0.0,2051.5732421875,2073.13623046875,2051.085531184997,benchmark
ETH,benchmark,arima,arima,2026-03-12,2026-03-13,0.00932731032254328,-0.00035162416122755814,0.0,2073.13623046875,2092.5634765625,2072.407393826397,benchmark
ETH,benchmark,arima,arima,2026-03-13,2026-03-14,0.0021592233043722896,-0.00031367911244365224,0.0,2092.5634765625,2097.086669921875,2091.9071860461345,benchmark
ETH,benchmark,arima,arima,2026-03-14,2026-03-15,0.03761747257489843,-7.261506546492486e-05,0.0,2097.086669921875,2177.476318359375,2096.9343953648336,benchmark
ETH,benchmark,arima,arima,2026-03-15,2026-03-16,0.0767490852405507,-0.0012650823229445325,0.0,2177.476318359375,2351.176025390625,2174.723373278626,benchmark
ETH,benchmark,arima,arima,2026-03-16,2026-03-17,-0.014187828746907258,-0.002581085447637785,0.0,2351.176025390625,2318.053466796875,2345.1152642026395,benchmark
ETH,benchmark,arima,arima,2026-03-17,2026-03-18,-0.05060291819156262,0.00047713921537231586,0.0,2318.053466796875,2203.671630859375,2319.1597649173336,benchmark
ETH,benchmark,arima,arima,2026-03-18,2026-03-19,-0.030523607148640667,0.0017017851788445684,0.0,2203.671630859375,2137.423828125,2207.4249993874423,benchmark
ETH,benchmark,arima,arima,2026-03-19,2026-03-20,0.004235958585431247,0.0010265143613613157,0.0,2137.423828125,2146.4970703125,2139.619050901975,benchmark
ETH,benchmark,arima,arima,2026-03-20,2026-03-21,-0.033061992006107994,-0.0001424560439695799,0.0,2146.4970703125,2076.68994140625,2146.1913106106467,benchmark
ETH,benchmark,arima,arima,2026-03-21,2026-03-22,-0.011449568094526609,0.0011118806975929216,0.0,2076.68994140625,2053.04833984375,2079.0002570266406,benchmark
ETH,benchmark,arima,arima,2026-03-22,2026-03-23,0.04713979833568274,0.0003850510204505528,0.0,2053.04833984375,2152.14599609375,2053.839020418453,benchmark
ETH,benchmark,arima,arima,2026-03-23,2026-03-24,0.0016520306586044232,-0.0015853198394151643,0.0,2152.14599609375,2155.704345703125,2148.736859348881,benchmark
ETH,benchmark,arima,arima,2026-03-24,2026-03-25,0.005697480587391201,-5.555808617927894e-05,0.0,2155.704345703125,2168.021484375,2155.584582222255,benchmark
ETH,benchmark,arima,arima,2026-03-25,2026-03-26,-0.05131370661715102,-0.0001916072899920949,0.0,2168.021484375,2059.578369140625,2167.606115448862,benchmark
ETH,benchmark,arima,arima,2026-03-26,2026-03-27,-0.033727669892453536,0.0017256891205773652,0.0,2059.578369140625,1991.27197265625,2063.1356296052745,benchmark
ETH,benchmark,arima,arima,2026-03-27,2026-03-28,0.0007141663784116856,0.0011342675638321162,0.0,1991.27197265625,1992.694580078125,1993.5318892983805,benchmark
ETH,benchmark,arima,arima,2026-03-28,2026-03-29,-0.005098999439741094,-2.4017542889705386e-05,0.0,1992.694580078125,1982.5596923828125,1992.6467210253124,benchmark
ETH,benchmark,arima,arima,2026-03-29,2026-03-30,0.02044726139354914,0.00017148026207972717,0.0,1982.5596923828125,2023.514892578125,1982.8996913891774,benchmark
ETH,benchmark,arima,arima,2026-03-30,2026-03-31,0.039340814763852025,-0.0006876450535080917,0.0,2023.514892578125,2104.708251953125,2022.1239108771979,benchmark
ETH,benchmark,arima,arima,2026-03-31,2026-04-01,0.016038636316827372,-0.001323038628629049,0.0,2104.708251953125,2138.737060546875,2101.925482895196,benchmark
ETH,benchmark,arima,arima,2026-04-01,2026-04-02,-0.03903857547596571,-0.0005393822045900513,0.0,2138.737060546875,2056.8525390625,2137.5837748949584,benchmark
ETH,benchmark,arima,arima,2026-04-02,2026-04-03,-0.0016871461717564678,0.0013128742673832734,0.0,2056.8525390625,2053.38525390625,2059.5547012443053,benchmark
ETH,benchmark,arima,arima,2026-04-03,2026-04-04,0.00581068555550107,5.673902715986522e-05,0.0,2053.38525390625,2065.3515625,2053.501764293253,benchmark
ETH,benchmark,arima,arima,2026-04-04,2026-04-05,0.020911357684258978,-0.00019541439329336392,0.0,2065.3515625,2108.99560546875,2064.9480025094763,benchmark
ETH,benchmark,arima,arima,2026-04-05,2026-04-06,-0.0005853459761497797,-0.0007032526946740992,0.0,2108.99560546875,2107.761474609375,2107.51297002094,benchmark
ETH,benchmark,arima,arima,2026-04-06,2026-04-07,0.06165560497032879,1.9685289748251985e-05,0.0,2107.761474609375,2241.806640625,2107.8029669131156,benchmark
ETH,benchmark,arima,arima,2026-04-07,2026-04-08,-0.02322737152703056,-0.0020734890097444192,0.0,2241.806640625,2190.33544921875,2237.1630950277613,benchmark
ETH,benchmark,arima,arima,2026-04-08,2026-04-09,-0.0005440857898826656,0.0007811406539555603,0.0,2190.33544921875,2189.14404296875,2192.0470777082,benchmark
ETH,benchmark,arima,arima,2026-04-09,2026-04-10,0.025261127435567108,1.829770231307815e-05,0.0,2189.14404296875,2245.148681640625,2189.1840996412398,benchmark
ETH,benchmark,arima,arima,2026-04-10,2026-04-11,0.017765001038666954,-0.0008495362284841483,0.0,2245.148681640625,2285.39013671875,2243.242156443014,benchmark
ETH,benchmark,arima,arima,2026-04-11,2026-04-12,-0.04163060757712065,-0.0005974401585954902,0.0,2285.39013671875,2192.201171875,2284.025160659374,benchmark
ETH,benchmark,arima,arima,2026-04-12,2026-04-13,0.07828539113868566,0.0014000447700040157,0.0,2192.201171875,2370.71484375,2195.2725011580474,benchmark
ETH,benchmark,arima,arima,2026-04-13,2026-04-14,-0.02019924377033633,-0.0026327516894485876,0.0,2370.71484375,2323.30859375,2364.4815491987415,benchmark
ETH,benchmark,arima,arima,2026-04-14,2026-04-15,0.015430748489014857,0.000679304176531827,0.0,2323.30859375,2359.43701171875,2324.8873631527204,benchmark
ETH,benchmark,arima,arima,2026-04-15,2026-04-16,-0.004584461790341291,-0.0005189388283433462,0.0,2359.43701171875,2348.64501953125,2358.212925880644,benchmark
ETH,benchmark,arima,arima,2026-04-16,2026-04-17,0.03037175089257519,0.00015417626900977597,0.0,2348.64501953125,2421.07177734375,2349.0071527730483,benchmark
ETH,benchmark,arima,arima,2026-04-17,2026-04-18,-0.029326772361462847,-0.0010214074083411608,0.0,2421.07177734375,2351.1005859375,2418.6001391838918,benchmark
ETH,benchmark,arima,arima,2026-04-18,2026-04-19,-0.0373454427406088,0.0009862645936575154,0.0,2351.1005859375,2264.9169921875,2353.4205370563063,benchmark
ETH,benchmark,arima,arima,2026-04-19,2026-04-20,0.021963323579239753,0.0012559339110200434,0.0,2264.9169921875,2315.21240234375,2267.7633652977415,benchmark
ETH,benchmark,arima,arima,2026-04-20,2026-04-21,0.0054954065471357755,-0.0007386304956529119,0.0,2315.21240234375,2327.970458984375,2313.502947265011,benchmark
ETH,benchmark,arima,arima,2026-04-21,2026-04-22,0.02045865422003999,-0.0001848115039183727,0.0,2327.970458984375,2376.088134765625,2327.5402630165786,benchmark
ETH,benchmark,arima,arima,2026-04-22,2026-04-23,-0.0189376886242059,-0.0006880281962982739,0.0,2376.088134765625,2331.513916015625,2374.4538814026823,benchmark
ETH,benchmark,arima,arima,2026-04-23,2026-04-24,-0.006810026535066284,0.0006368778515943487,0.0,2331.513916015625,2315.690185546875,2332.999278536458,benchmark
ETH,benchmark,arima,arima,2026-04-24,2026-04-25,0.001354581263398566,0.00022902240896546518,0.0,2315.690185546875,2318.8291015625,2316.220591226662,benchmark
ETH,benchmark,arima,arima,2026-04-25,2026-04-26,0.02171324359272805,-4.555480988004746e-05,0.0,2318.8291015625,2369.72900390625,2318.723470149662,benchmark
ETH,benchmark,arima,arima,2026-04-26,2026-04-27,-0.02853520923910551,-0.0007302202610304702,0.0,2369.72900390625,2303.06396484375,2367.999211416072,benchmark
ETH,benchmark,arima,arima,2026-04-27,2026-04-28,-0.005942025412355139,0.0009596441844422173,0.0,2303.06396484375,2289.419677734375,2305.275147588649,benchmark
ETH,benchmark,arima,arima,2026-04-28,2026-04-29,-0.01585118391858995,0.0001998313761428449,0.0,2289.419677734375,2253.415771484375,2289.877221333406,benchmark
ETH,benchmark,arima,arima,2026-04-29,2026-04-30,0.0012574984349416124,0.0005330781469495079,0.0,2253.415771484375,2256.251220703125,2254.6173384242293,benchmark
ETH,benchmark,arima,arima,2026-04-30,2026-05-01,0.017069008220622378,-4.2289897015478695e-05,0.0,2256.251220703125,2295.09375,2256.1558060889115,benchmark
ETH,benchmark,arima,arima,2026-05-01,2026-05-02,0.00916800638403556,-0.0005740337957875838,0.0,2295.09375,2316.23193359375,2293.776666684333,benchmark
ETH,benchmark,arima,arima,2026-05-02,2026-05-03,0.0023302997915724253,-0.0003083216925324581,0.0,2316.23193359375,2321.6357421875,2315.517899125501,benchmark
ETH,benchmark,arima,arima,2026-05-03,2026-05-04,0.010608949945406291,-7.836839829177609e-05,0.0,2321.6357421875,2346.39697265625,2321.453806442067,benchmark
ETH,benchmark,arima,arima,2026-05-04,2026-05-05,0.00628165402969772,-0.00035678088192167974,0.0,2346.39697265625,2361.1826171875,2345.559972396731,benchmark
ETH,benchmark,arima,arima,2026-05-05,2026-05-06,-0.004406055141063485,-0.0002112531472177283,0.0,2361.1826171875,2350.802001953125,2360.6838626120552,benchmark
ETH,benchmark,arima,arima,2026-05-06,2026-05-07,-0.02572114978849261,0.00014817642152274086,0.0,2350.802001953125,2291.107666015625,2351.150361190158,benchmark
ETH,benchmark,arima,arima,2026-05-07,2026-05-08,0.006900517380177334,0.0008650068623946716,0.0,2291.107666015625,2306.97216796875,2293.090347262029,benchmark
ETH,benchmark,arima,arima,2026-05-08,2026-05-09,0.008526770803293412,-0.00023206563225247278,0.0,2306.97216796875,2326.727294921875,2306.4368611295636,benchmark
ETH,benchmark,arima,arima,2026-05-09,2026-05-10,0.018023789401602215,-0.0002867568253972515,0.0,2326.727294921875,2369.0439453125,2326.060185642859,benchmark
ETH,benchmark,arima,arima,2026-05-10,2026-05-11,-0.012608728464913158,-0.000606143257472782,0.0,2369.0439453125,2339.36083984375,2367.608400415275,benchmark
ETH,benchmark,arima,arima,2026-05-11,2026-05-12,-0.028054385823506677,0.0004240337907872391,0.0,2339.36083984375,2274.6435546875,2340.353018232403,benchmark
ETH,benchmark,arima,arima,2026-05-12,2026-05-13,-0.007531505292275851,0.0009434740070779415,0.0,2274.6435546875,2257.576416015625,2276.790634454423,benchmark
ETH,benchmark,arima,arima,2026-05-13,2026-05-14,0.01029350969888902,0.0002532858684604783,0.0,2257.576416015625,2280.934814453125,2258.1483006408607,benchmark
ETH,benchmark,arima,arima,2026-05-14,2026-05-15,-0.025579807171991084,-0.0003461725700788328,0.0,2280.934814453125,2223.328857421875,2280.1453540388775,benchmark
ETH,benchmark,arima,arima,2026-05-15,2026-05-16,-0.019794470746775893,0.0008602534849512831,0.0,2223.328857421875,2179.751953125,2225.24230672738,benchmark
ETH,benchmark,arima,arima,2026-05-16,2026-05-17,-0.024195229175847065,0.0006656915874379807,0.0,2179.751953125,2127.645263671875,2181.20347874349,benchmark
ETH,benchmark,arima,arima,2026-05-17,2026-05-18,0.0004092183281597835,0.0008136898795901781,0.0,2127.645263671875,2128.51611328125,2129.377211628986,benchmark
ETH,benchmark,arima,arima,2026-05-18,2026-05-19,-0.00875425372369268,-1.3762085481662764e-05,0.0,2128.51611328125,2109.9638671875,2128.486820662114,benchmark
ETH,benchmark,arima,arima,2026-05-19,2026-05-20,0.008033908248005973,0.00029440711664943274,0.0,2109.9638671875,2126.9833984375,2110.5851470159873,benchmark
ETH,benchmark,arima,arima,2026-05-20,2026-05-21,0.002079303908552925,-0.0002701817696144908,0.0,2126.9833984375,2131.41064453125,2126.408803924946,benchmark
ETH,benchmark,arima,arima,2026-05-21,2026-05-22,-0.031829628880296966,-6.992736190615492e-05,0.0,2131.41064453125,2064.636962890625,2131.261605818742,benchmark
ETH,benchmark,arima,arima,2026-05-22,2026-05-23,0.024550147375465296,0.0010704361055138534,0.0,2064.636962890625,2115.951416015625,2066.8482081277084,benchmark
ETH,benchmark,arima,arima,2026-05-23,2026-05-24,-0.008522952674199372,-0.0008256258420484303,0.0,2115.951416015625,2097.993896484375,2114.205152825248,benchmark
ETH,benchmark,arima,arima,2026-05-24,2026-05-25,0.006355596261768782,0.00028662842103372143,0.0,2097.993896484375,2111.370361328125,2098.595327351735,benchmark
ETH,benchmark,arima,arima,2026-05-25,2026-05-26,-0.019374108363781214,-0.0002137398376918401,0.0,2111.370361328125,2070.858154296875,2110.9191255950313,benchmark
ETH,benchmark,arima,arima,2026-05-26,2026-05-27,-0.023777930243884346,0.0006515547254013678,0.0,2070.858154296875,2022.1982421875,2072.2078713724636,benchmark
ETH,benchmark,arima,arima,2026-05-27,2026-05-28,-0.0072687232435778805,0.0007996560419590465,0.0,2022.1982421875,2007.552734375,2023.815951949393,benchmark
ETH,benchmark,arima,arima,2026-05-28,2026-05-29,0.00220213888797984,0.00024444846121752633,0.0,2007.552734375,2011.978515625,2008.0435375373258,benchmark
ETH,benchmark,arima,arima,2026-05-29,2026-05-30,0.0037107092790728668,-7.405832420838941e-05,0.0,2011.978515625,2019.458251953125,2011.8295173851377,benchmark
ETH,benchmark,arima,arima,2026-05-30,2026-05-31,-0.007513679144432405,-0.00012479181596250578,0.0,2019.458251953125,2004.341552734375,2019.206255814458,benchmark
ETH,benchmark,arima,arima,2026-05-31,2026-06-01,-0.0005591235515652776,0.00025268637192391437,0.0,2004.341552734375,2003.22119140625,2004.8480865238294,benchmark
ETH,benchmark,arima,arima,2026-06-01,2026-06-02,-0.07540853835127649,1.880342492491625e-05,0.0,2003.22119140625,1857.71630859375,2003.258859179671,benchmark
ETH,benchmark,arima,arima,2026-06-02,2026-06-03,-0.02506448300158351,0.002536002616266739,0.0,1857.71630859375,1811.7322998046875,1862.4334608397219,benchmark
ETH,benchmark,arima,arima,2026-06-03,2026-06-04,-0.023540908919617697,0.0008429230410393309,0.0,1811.7322998046875,1769.58056640625,1813.2600945206113,benchmark
ETH,benchmark,arima,arima,2026-06-04,2026-06-05,-0.11277301635815795,0.0007916849724807975,0.0,1769.58056640625,1580.86083984375,1770.982071450308,benchmark
ETH,benchmark,arima,arima,2026-06-05,2026-06-06,-0.00767912718680117,0.003792576686692126,0.0,1580.86083984375,1568.7677001953125,1586.867759461385,benchmark
ETH,benchmark,arima,arima,2026-06-06,2026-06-07,0.07230344307254986,0.00025825041914558154,0.0,1568.7677001953125,1686.396240234375,1569.1728874290643,benchmark
ETH,benchmark,arima,arima,2026-06-07,2026-06-08,0.002222580242866329,-0.002431577707327035,0.0,1686.396240234375,1690.1485595703125,1682.3006181605379,benchmark
ETH,benchmark,arima,arima,2026-06-08,2026-06-09,-0.031519541921552284,-7.47457706250099e-05,0.0,1690.1485595703125,1637.7066650390625,1690.02223283501,benchmark
ETH,benchmark,arima,arima,2026-06-09,2026-06-10,-0.010785745482471555,0.0010600078256951476,0.0,1637.7066650390625,1620.1376953125,1639.4435673225692,benchmark
ETH,benchmark,arima,arima,2026-06-10,2026-06-11,0.03167720451879468,0.0003627265474171865,0.0,1620.1376953125,1672.2806396484375,1620.725468859151,benchmark
ETH,benchmark,arima,arima,2026-06-11,2026-06-12,-0.004286465439468386,-0.0010653100470063683,0.0,1672.2806396484375,1665.1278076171875,1670.5000908682514,benchmark
ETH,benchmark,arima,arima,2026-06-12,2026-06-13,0.009019641302053691,0.00014415459849374964,0.0,1665.1278076171875,1680.214599609375,1665.3678607497009,benchmark
ETH,benchmark,arima,arima,2026-06-13,2026-06-14,0.02608131744744488,-0.00030333214832042285,0.0,1680.214599609375,1724.61328125,1679.7050137960232,benchmark
ETH,benchmark,arima,arima,2026-06-14,2026-06-15,0.03998055531190125,-0.000877119365108128,0.0,1724.61328125,1794.961181640625,1723.101252755368,benchmark
ETH,benchmark,arima,arima,2026-06-15,2026-06-16,-0.002545346375384009,-0.0013445532175477093,0.0,1794.961181640625,1790.398193359375,1792.5493825679207,benchmark
ETH,benchmark,arima,arima,2026-06-16,2026-06-17,-0.024031278966082516,8.560045332279855e-05,0.0,1790.398193359375,1747.885498046875,1790.5514588160577,benchmark
ETH,benchmark,arima,arima,2026-06-17,2026-06-18,-0.022186275106794908,0.0008081762047465739,0.0,1747.885498046875,1709.533447265625,1749.2986684834607,benchmark
ETH,benchmark,arima,arima,2026-06-18,2026-06-19,0.0008472258287815989,0.0007461283953542256,0.0,1709.533447265625,1710.982421875,1710.8094546869256,benchmark
ETH,benchmark,arima,arima,2026-06-19,2026-06-20,0.016415812264568657,-2.849235597632454e-05,0.0,1710.982421875,1739.3013916015625,1710.9336726492602,benchmark
ETH,benchmark,arima,arima,2026-06-20,2026-06-21,-0.020164455160312907,-0.0005520666990939631,0.0,1739.3013916015625,1704.58056640625,1738.34144622489,benchmark
ETH,benchmark,arima,arima,2026-06-21,2026-06-22,0.012783452112487081,0.0006781342293618564,0.0,1704.58056640625,1726.5108642578125,1705.7368928629976,benchmark
ETH,benchmark,arima,arima,2026-06-22,2026-06-23,-0.036015118575190234,-0.0004299097782690152,0.0,1726.5108642578125,1665.436767578125,1725.7687798810748,benchmark
ETH,benchmark,arima,arima,2026-06-23,2026-06-24,-0.027707605238555068,0.0012111948716785224,0.0,1665.436767578125,1619.9249267578125,1667.4551581355195,benchmark
ETH,benchmark,arima,arima,2026-06-24,2026-06-25,-0.03461114583410765,0.0009318117140546883,0.0,1619.9249267578125,1564.816650390625,1621.4350952675386,benchmark
ETH,benchmark,arima,arima,2026-06-25,2026-06-26,0.00751217354974333,0.0011639790175803192,0.0,1564.816650390625,1576.6160888671875,1566.6391245931413,benchmark
ETH,benchmark,arima,arima,2026-06-26,2026-06-27,-0.003194097811799365,-0.0002526357385055507,0.0,1576.6160888671875,1571.5882568359375,1576.2178296066163,benchmark
ETH,benchmark,arima,arima,2026-06-27,2026-06-28,-0.0007810761173124416,0.00010741808002698063,0.0,1571.5882568359375,1570.3612060546875,1571.757082896403,benchmark
ETH,benchmark,arima,arima,2026-06-28,2026-06-29,0.025056343014794192,2.6267729362165625e-05,0.0,1570.3612060546875,1610.205810546875,1570.4024564196231,benchmark
ETH,benchmark,arima,arima,2026-06-29,2026-06-30,-0.025551475094469023,-0.0008426492918294215,0.0,1610.205810546875,1569.5838623046875,1608.8495432700006,benchmark
ETH,benchmark,arima,arima,2026-06-30,2026-07-01,0.024777910106091337,0.000859300672122774,0.0,1569.5838623046875,1608.960693359375,1570.9331864270534,benchmark
ETH,benchmark,arima,arima,2026-07-01,2026-07-02,0.053962428648177775,-0.0008332855433685252,0.0,1608.960693359375,1698.16943359375,1607.6205281214566,benchmark
ETH,benchmark,arima,arima,2026-07-02,2026-07-03,0.0337829584823897,-0.001814766115667186,0.0,1698.16943359375,1756.5186767578125,1695.090447911467,benchmark
ETH,benchmark,arima,arima,2026-07-03,2026-07-04,0.012736109597214896,-0.001136126928988813,0.0,1756.5186767578125,1779.032958984375,1754.524181802129,benchmark
ETH,benchmark,arima,arima,2026-07-04,2026-07-05,0.002230758380216772,-0.00042831764102281073,0.0,1779.032958984375,1783.0059814453125,1778.2711309479216,benchmark
ETH,benchmark,arima,arima,2026-07-05,2026-07-06,0.008137134529373787,-7.502080284510544e-05,0.0,1783.0059814453125,1797.57373046875,1782.872223922468,benchmark
ETH,benchmark,arima,arima,2026-07-06,2026-07-07,-0.016299610142193822,-0.0002736532878979616,0.0,1797.57373046875,1768.511474609375,1797.0818858076918,benchmark
ETH,benchmark,arima,arima,2026-07-07,2026-07-08,-0.014715429926392411,0.0005481588009593304,0.0,1768.511474609375,1742.6776123046875,1769.4811654867933,benchmark
ETH,benchmark,arima,arima,2026-07-08,2026-07-09,0.0010363767887721133,0.0004948825372927986,0.0,1742.6776123046875,1744.484619140625,1743.5402464568317,benchmark
ETH,benchmark,arima,arima,2026-07-09,2026-07-10,0.028931987175530218,-3.485353655206752e-05,0.0,1744.484619140625,1795.6932373046875,1744.423818741748,benchmark
ETH,benchmark,arima,arima,2026-07-10,2026-07-11,-0.004237766868141637,-0.0009729878973273902,0.0,1795.6932373046875,1788.099609375,1793.9468992381514,benchmark
ETH,benchmark,arima,arima,2026-07-11,2026-07-12,0.00984372406415057,0.00014251685684017472,0.0,1788.099609375,1805.7880859375,1788.3544618710023,benchmark
ETH,benchmark,arima,arima,2026-07-12,2026-07-13,-0.018041700992512517,-0.00033104619882969955,0.0,1805.7880859375,1773.500732421875,1805.1903855944302,benchmark
ETH,benchmark,arima,arima,2026-07-13,2026-07-14,0.06334617578601259,0.0006067456274749484,0.0,1773.500732421875,1889.4798583984373,1774.5771227511366,benchmark
ETH,benchmark,arima,arima,2026-07-14,2026-07-15,0.014430524175558828,-0.0021303432082913636,0.0,1889.4798583984373,1916.9437255859373,1885.4589023438186,benchmark
ETH,benchmark,arima,arima,2026-07-15,2026-07-16,-0.028440232689138405,-0.0004853011059946918,0.0,1916.9437255859373,1863.193359375,1916.0136563758429,benchmark
ETH,benchmark,arima,arima,2026-07-16,2026-07-17,-0.011989404987594009,0.0009564501060995426,0.0,1863.193359375,1840.9881591796875,1864.9762633546925,benchmark
ETH,benchmark,arima,arima,2026-07-17,2026-07-18,0.011022172689536534,0.00040320583160468064,0.0,1840.9881591796875,1861.39208984375,1841.7306060107715,benchmark
ETH,benchmark,arima,arima,2026-07-18,2026-07-19,0.005420170979573819,-0.00037067763662780617,0.0,1861.39208984375,1871.508544921875,1860.7022412866643,benchmark
ETH,benchmark,arima,arima,2026-07-19,2026-07-20,0.01708549188125397,-0.0001822813183406515,0.0,1871.508544921875,1903.7589111328125,1871.1674349669515,benchmark
ETH,benchmark,arima,arima,2026-07-20,2026-07-21,0.012851931047764876,-0.0005745881442393816,0.0,1903.7589111328125,1928.3837890625,1902.6653480372672,benchmark
ETH,benchmark,arima,arima,2026-07-21,2026-07-22,0.0026444810723667356,-0.00043221273709596756,0.0,1928.3837890625,1933.4901123046875,1927.5504971195257,benchmark
ETH,benchmark,arima,arima,2026-07-22,2026-07-23,-0.029598568421148785,-8.893437089244933e-05,0.0,1933.4901123046875,1877.1002197265625,1933.3181662239945,benchmark
ETH,benchmark,arima,arima,2026-07-23,2026-07-24,-0.009056635454748527,0.0009954051437003192,0.0,1877.1002197265625,1860.1767578125,1878.9696251940732,benchmark
ETH,benchmark,arima,arima,2026-07-24,2026-07-25,0.006988648574768904,0.00030457626828444667,0.0,1860.1767578125,1873.222412109375,1860.7434097977368,benchmark
ETH,benchmark,arima,arima,2026-07-25,2026-07-26,0.041917042836694604,-0.00023502950007096572,0.0,1873.222412109375,1953.4112548828125,1872.782201315623,benchmark
ETH,benchmark,arima,arima,2026-07-26,2026-07-27,-0.032675812699619874,-0.0014096776389543036,0.0,1953.4112548828125,1890.613525390625,1950.6595147061062,benchmark
ETH,benchmark,arima,arima,2026-07-27,2026-07-28,0.015396962638548027,0.0010988934185259302,0.0,1890.613525390625,1919.948486328125,1892.692250089915,benchmark
ETH,benchmark,arima,arima,2026-07-28,2026-07-29,-0.005970784512141466,-0.000517802604156404,0.0,1919.948486328125,1908.51904296875,1918.954589345488,benchmark
ETH,benchmark,arima,arima,2026-07-29,2026-07-30,0.004628409644754907,0.00020079854980638762,0.0,1908.51904296875,1917.3729248046875,1908.9023093032304,benchmark
ETH,benchmark,arima,arima,2026-07-30,2026-07-31,-0.03019351719084729,-0.00015565424320486063,0.0,1917.3729248046875,1860.345947265625,1917.0745007992195,benchmark
ETH,benchmark,arima,arima,2026-07-31,2026-08-01,-0.009141155880177469,0.0010154133771111255,0.0,1860.345947265625,1843.417724609375,1862.235926819403,benchmark
ETH,benchmark,arima,arima,2026-08-01,2026-08-02,0.020991044981634618,0.00030741870529094707,0.0,1843.417724609375,1882.52197265625,1843.9845128157692,benchmark
ETH,benchmark,arima,arima,2026-08-02,2026-08-03,-0.012973686445006478,-0.000705932592720743,0.0,1882.52197265625,1858.2564697265625,1881.1935079976586,benchmark
ETH,benchmark,arima,arima,2026-08-03,2026-08-04,0.005436217682913836,0.00043630739285644587,0.0,1858.2564697265625,1868.3858642578125,1859.067417660552,benchmark
ETH,benchmark,arima,arima,2026-08-04,2026-08-05,0.02020785436698823,-0.00018282097184067257,0.0,1868.3858642578125,1906.5260009765625,1868.0443153604374,benchmark
ETH,benchmark,arima,arima,2026-08-05,2026-08-06,-0.002346545855886157,-0.000679593752435488,0.0,1906.5260009765625,1902.0574951171875,1905.230777980021,benchmark
ETH,benchmark,arima,arima,2026-08-06,2026-08-07,0.005882550580216205,7.891475633695842e-05,0.0,1902.0574951171875,1913.2794189453125,1902.207601443678,benchmark
ETH,benchmark,arima,arima,2026-08-07,2026-08-08,0.001177148461113393,-0.00019783122691300898,0.0,1913.2794189453125,1915.532958984375,1912.9009499681606,benchmark
ETH,benchmark,arima,arima,2026-08-08,2026-08-09,-0.0035825526559130822,-3.9587713041349475e-05,0.0,1915.532958984375,1908.6827392578125,1915.457128916253,benchmark
ETH,benchmark,arima,arima,2026-08-09,2026-08-10,-0.019791352046331357,0.0001204818858308389,0.0,1908.6827392578125,1871.2786865234373,1908.9127148073567,benchmark
ETH,benchmark,arima,arima,2026-08-10,2026-08-11,0.005380127113694831,0.0006655867049848843,0.0,1871.2786865234373,1881.37353515625,1872.524599324011,benchmark
ETH,benchmark,arima,arima,2026-08-11,2026-08-12,-0.0017228455012013328,-0.00018093463597742242,0.0,1881.37353515625,1878.135009765625,1881.0331603142565,benchmark
ETH,benchmark,arima,arima,2026-08-12,2026-08-13,0.0031133074431306308,5.793960198667611e-05,0.0,1878.135009765625,1883.9913330078125,1878.243831313076,benchmark
ETH,benchmark,arima,arima,2026-08-13,2026-08-14,-0.001775101080760423,-0.00010470108549568964,0.0,1883.9913330078125,1880.6500244140625,1883.794087396277,benchmark
ETH,benchmark,arima,arima,2026-08-14,2026-08-15,0.00013733711278611884,5.9696966462553716e-05,0.0,1880.6500244140625,1880.9083251953125,1880.7622968666267,benchmark
ETH,benchmark,arima,arima,2026-08-15,2026-08-16,-0.003710048377518096,-4.61867163786794e-06,0.0,1880.9083251953125,1873.9429931640625,1880.8996379174393,benchmark
ETH,benchmark,arima,arima,2026-08-16,2026-08-17,0.020210771727059512,0.0001247695897251507,0.0,1873.9429931640625,1912.2021484375,1874.1768188493518,benchmark
ETH,benchmark,arima,arima,2026-08-17,2026-08-18,0.0022239875598747453,-0.000679691863775863,0.0,1912.2021484375,1916.4595947265625,1910.9028817958147,benchmark
ETH,benchmark,arima,arima,2026-08-18,2026-08-19,0.16109848705425042,-7.479309894741598e-05,0.0,1916.4595947265625,2251.4580078125,1916.3162621346767,benchmark
ETH,benchmark,arima,arima,2026-08-19,2026-08-20,0.032737450034477825,-0.005417770899404745,0.0,2251.4580078125,2326.384765625,2239.2931072143465,benchmark
ETH,benchmark,arima,arima,2026-08-20,2026-08-21,0.07806936059159927,-0.0011009662931085315,0.0,2326.384765625,2515.28173828125,2323.824903832593,benchmark
ETH,benchmark,arima,arima,2026-08-21,2026-08-22,-0.036862118710177375,-0.0026254865435568517,0.0,2515.28173828125,2424.251220703125,2508.6865614865796,benchmark
ETH,benchmark,arima,arima,2026-08-22,2026-08-23,0.01618863252300956,0.0012396796375322198,0.0,2424.251220703125,2463.81591796875,2427.258379149121,benchmark
ETH,benchmark,arima,arima,2026-08-23,2026-08-24,0.007285380356811502,-0.0005444266038003389,0.0,2463.81591796875,2481.831298828125,2462.474916107808,benchmark
ETH,benchmark,arima,arima,2026-08-24,2026-08-25,-0.01570466707427711,-0.00024500864291131735,0.0,2481.831298828125,2443.159423828125,2481.223303194798,benchmark
ETH,benchmark,arima,arima,2026-08-25,2026-08-26,0.02549994808905242,0.0005281507593004644,0.0,2443.159423828125,2506.260986328125,2444.450121144293,benchmark
ETH,benchmark,arima,arima,2026-08-26,2026-08-27,0.0016541530230063984,-0.0008575678097254658,0.0,2506.260986328125,2510.41015625,2504.1126189005167,benchmark
ETH,benchmark,arima,arima,2026-08-27,2026-08-28,-0.02740935041425752,-5.562946167327153e-05,0.0,2510.41015625,2442.535888671875,2510.2705073687607,benchmark
ETH,benchmark,arima,arima,2026-08-28,2026-08-29,0.006183572246544925,0.0009217813510312158,0.0,2442.535888671875,2457.686279296875,2444.7884107101872,benchmark
ETH,benchmark,arima,arima,2026-08-29,2026-08-30,-0.016304961587388887,-0.00020795463932827806,0.0,2457.686279296875,2417.938720703125,2457.175245170882,benchmark
ETH,benchmark,arima,arima,2026-08-30,2026-08-31,0.020014589550137154,0.0005483387710172604,0.0,2417.938720703125,2466.8203125,2419.2649338234364,benchmark
ETH,phase0,lstm,phase0_lstm,2025-10-31,2025-11-01,0.0070215866872251,-0.0025808196747675,0.003898656735532639,3847.080322265625,3874.18798828125,3837.164502654483,ensemble
ETH,phase0,lstm,phase0_lstm,2025-11-01,2025-11-02,0.0094731740475304,-0.00261064202059056,0.0034154746811169623,3874.18798828125,3911.063232421875,3864.0870610128272,ensemble
ETH,phase0,lstm,phase0_lstm,2025-11-02,2025-11-03,-0.0822344830552394,-0.0036262515466659803,0.0017785224954268094,3911.063232421875,3602.30810546875,3896.9064169263934,ensemble
ETH,phase0,lstm,phase0_lstm,2025-11-03,2025-11-04,-0.0899050101356721,-0.00379156977869564,0.002269387487442828,3602.30810546875,3292.574462890625,3588.6755636211255,ensemble
ETH,phase0,lstm,phase0_lstm,2025-11-04,2025-11-05,0.0394816688100728,-0.00290534701198336,0.0029167781228460195,3292.574462890625,3425.171142578125,3283.022274443415,ensemble
ETH,phase0,lstm,phase0_lstm,2025-11-05,2025-11-06,-0.0335213636698541,-0.00304444716311988,0.005153135505702558,3425.171142578125,3312.2578125,3414.7592472844717,ensemble
ETH,phase0,lstm,phase0_lstm,2025-11-06,2025-11-07,0.0364744811598151,-0.0045635596849024,0.008393488565022384,3312.2578125,3435.301025390625,3297.1765645420546,ensemble
ETH,phase0,lstm,phase0_lstm,2025-11-07,2025-11-08,-0.0102185497413461,-0.0054342168383299996,0.011143022273084054,3435.301025390625,3400.3759765625,3416.6834864013904,ensemble
ETH,phase0,lstm,phase0_lstm,2025-11-08,2025-11-09,0.0522087429098387,-0.00503233396448192,0.011826732616292484,3400.3759765625,3582.621337890625,3383.3071331253996,ensemble
ETH,phase0,lstm,phase0_lstm,2025-11-09,2025-11-10,-0.0039606305321747,-0.004110846016556,0.011601884604817245,3582.621337890625,3568.4599609375,3567.9239632545564,ensemble
ETH,phase0,lstm,phase0_lstm,2025-11-10,2025-11-11,-0.0438739864099317,-0.00267548596020786,0.00905794449998153,3568.4599609375,3415.2822265625,3558.9253569495704,ensemble
ETH,phase0,lstm,phase0_lstm,2025-11-11,2025-11-12,-0.000640851706814,-0.00250487166922538,0.0061428555889672665,3415.2822265625,3413.09423828125,3406.738088323113,ensemble
ETH,phase0,lstm,phase0_lstm,2025-11-12,2025-11-13,-0.0542839228098472,-0.0025634119287132997,0.004309709868548278,3413.09423828125,3232.757080078125,3404.3562760801074,ensemble
ETH,phase0,lstm,phase0_lstm,2025-11-13,2025-11-14,-0.0407128161836017,-0.00325012198300094,0.002830011826240883,3232.757080078125,3103.78564453125,3222.2672810236136,ensemble
ETH,phase0,lstm,phase0_lstm,2025-11-14,2025-11-15,0.0200458143866448,-0.0035961098328697997,0.002790500730429118,3103.78564453125,3166.63134765625,3092.644135507743,ensemble
ETH,phase0,lstm,phase0_lstm,2025-11-15,2025-11-16,-0.0235761973164414,-0.0041496041230857,0.0022439211308858307,3166.63134765625,3092.847412109375,3153.518306939984,ensemble
ETH,phase0,lstm,phase0_lstm,2025-11-16,2025-11-17,-0.0223335360686421,-0.004776118369772981,0.0014260286049896699,3092.847412109375,3024.538818359375,3078.1108266212104,ensemble
ETH,phase0,lstm,phase0_lstm,2025-11-17,2025-11-18,0.0320287321061959,-0.00447351871989664,0.0019445213769942783,3024.538818359375,3122.97900390625,3011.0387063523776,ensemble
ETH,phase0,lstm,phase0_lstm,2025-11-18,2025-11-19,-0.0325142190008236,-0.0047372781205921605,0.002246150081255392,3122.97900390625,3023.07080078125,3108.219571171208,ensemble
ETH,phase0,lstm,phase0_lstm,2025-11-19,2025-11-20,-0.0653684988267085,-0.0054001248441636,0.002597688906097932,3023.07080078125,2831.777587890625,3006.78984021864,ensemble
ETH,phase0,lstm,phase0_lstm,2025-11-20,2025-11-21,-0.0236111523857895,-0.00581923933932554,0.004030278102928003,2831.777587890625,2765.69921875,2815.346650497041,ensemble
ETH,phase0,lstm,phase0_lstm,2025-11-21,2025-11-22,0.0006897153274086,-0.00505181150510906,0.005136369904742358,2765.69921875,2767.607421875,2751.762659691077,ensemble
ETH,phase0,lstm,phase0_lstm,2025-11-22,2025-11-23,0.0122346182602878,-0.00440698452293868,0.0054100777827406285,2767.607421875,2801.676025390625,2755.4374549258123,ensemble
ETH,phase0,lstm,phase0_lstm,2025-11-23,2025-11-24,0.0525067184643922,-0.0037761477287858404,0.005458472198599402,2801.676025390625,2952.71337890625,2791.116432669278,ensemble
ETH,phase0,lstm,phase0_lstm,2025-11-24,2025-11-25,0.0017672851723719,-0.00428933314979074,0.00442673148981381,2952.71337890625,2957.936279296875,2940.0753313031696,ensemble
ETH,phase0,lstm,phase0_lstm,2025-11-25,2025-11-26,0.023348428095094,-0.00507634659297764,0.004040795057850178,2957.936279296875,3027.81201171875,2942.958817101022,ensemble
ETH,phase0,lstm,phase0_lstm,2025-11-26,2025-11-27,-0.0043922604267135,-0.00601507632527494,0.003728702572027075,3027.81201171875,3014.542236328125,3009.65415655965,ensemble
ETH,phase0,lstm,phase0_lstm,2025-11-27,2025-11-28,0.005874882913213,-0.006632758490741219,0.003472972488556616,3014.542236328125,3032.304443359375,2994.61366946051,ensemble
ETH,phase0,lstm,phase0_lstm,2025-11-28,2025-11-29,-0.013485997805236,-0.007500363420695021,0.003400904560035404,3032.304443359375,2991.685302734375,3009.6461370190214,ensemble
ETH,phase0,lstm,phase0_lstm,2025-11-29,2025-11-30,0.0001428009786007,-0.00713261403143402,0.0027491106910837145,2991.685302734375,2992.112548828125,2970.4226853311884,ensemble
ETH,phase0,lstm,phase0_lstm,2025-11-30,2025-12-01,-0.0662927736435053,-0.00659689977765078,0.0024000291622519264,2992.112548828125,2800.18896484375,2972.438846290415,ensemble
ETH,phase0,lstm,phase0_lstm,2025-12-01,2025-12-02,0.068238382808925,-0.0053554999176412595,0.0021439034602057268,2800.18896484375,2997.939697265625,2785.232638123731,ensemble
ETH,phase0,lstm,phase0_lstm,2025-12-02,2025-12-03,0.0625882304633783,-0.0036667510401457394,0.0033944377900548234,2997.939697265625,3191.57177734375,2986.9671278963606,ensemble
ETH,phase0,lstm,phase0_lstm,2025-12-03,2025-12-04,-0.0181024175452983,-0.00396403778577218,0.002143252929484954,3191.57177734375,3134.31640625,3178.945308655776,ensemble
ETH,phase0,lstm,phase0_lstm,2025-12-04,2025-12-05,-0.0356875080281464,-0.00414612828753882,0.001847509140062146,3134.31640625,3024.432861328125,3121.3480311868984,ensemble
ETH,phase0,lstm,phase0_lstm,2025-12-05,2025-12-06,0.0052022663489112,-0.0050660932436584994,0.0017030002471459887,3024.432861328125,3040.207763671875,3009.1495484749994,ensemble
ETH,phase0,lstm,phase0_lstm,2025-12-06,2025-12-07,0.0069143801565508,-0.00544144571758802,0.002267475632601212,3040.207763671875,3061.3017578125,3023.7095658878684,ensemble
ETH,phase0,lstm,phase0_lstm,2025-12-07,2025-12-08,0.0206574040037443,-0.0059978088829665994,0.003247065058538239,3061.3017578125,3125.197998046875,3042.9956082077197,ensemble
ETH,phase0,lstm,phase0_lstm,2025-12-08,2025-12-09,0.0608029264224186,-0.0063639038242399,0.0039636266358481645,3125.197998046875,3321.114990234375,3105.3726886459253,ensemble
ETH,phase0,lstm,phase0_lstm,2025-12-09,2025-12-10,0.0012864345975214,-0.007200484443455881,0.00451922548023643,3321.114990234375,3325.39013671875,3297.2872420270446,ensemble
ETH,phase0,lstm,phase0_lstm,2025-12-10,2025-12-11,-0.0269224534884862,-0.00754630432929838,0.00537964336502703,3325.39013671875,3237.056884765625,3300.390178020371,ensemble
ETH,phase0,lstm,phase0_lstm,2025-12-11,2025-12-12,-0.0483811252686677,-0.00601756246760482,0.00548839661352993,3237.056884765625,3084.172607421875,3217.6361839940278,ensemble
ETH,phase0,lstm,phase0_lstm,2025-12-12,2025-12-13,0.0104898229476874,-0.00521715450158804,0.005658235939793651,3084.172607421875,3116.6953125,3068.1239031064288,ensemble
ETH,phase0,lstm,phase0_lstm,2025-12-13,2025-12-14,-0.018163993601147,-0.0061757721821777,0.005320997566854328,3116.6953125,3060.5947265625,3097.506625755905,ensemble
ETH,phase0,lstm,phase0_lstm,2025-12-14,2025-12-15,-0.0320077701658808,-0.0056449042167514,0.004798381787666193,3060.5947265625,2964.18310546875,3043.3666336994443,ensemble
ETH,phase0,lstm,phase0_lstm,2025-12-15,2025-12-16,-7.412721688312701e-07,-0.0032183481729589,0.0030433540955349084,2964.18310546875,2964.180908203125,2954.6586668876917,ensemble
ETH,phase0,lstm,phase0_lstm,2025-12-16,2025-12-17,-0.0458281928487593,-0.00096934864996,0.005674494698029792,2964.180908203125,2831.403564453125,2961.308975618389,ensemble
ETH,phase0,lstm,phase0_lstm,2025-12-17,2025-12-18,-0.0015320294953636,0.0013178010354750202,0.006778022476827272,2831.403564453125,2827.069091796875,2835.1372505896106,ensemble
ETH,phase0,lstm,phase0_lstm,2025-12-18,2025-12-19,0.0520015780613912,0.0012290953658521402,0.004853654266670596,2827.069091796875,2977.970703125,2830.545965583573,ensemble
ETH,phase0,lstm,phase0_lstm,2025-12-19,2025-12-20,-0.0001303602133292,-0.00139940492808818,0.0014985786512941319,2977.970703125,2977.58251953125,2973.806230818498,ensemble
ETH,phase0,lstm,phase0_lstm,2025-12-20,2025-12-21,0.0080383309849244,-0.00388858249643814,0.004586945335826495,2977.58251953125,3001.61376953125,2966.0264272349227,ensemble
ETH,phase0,lstm,phase0_lstm,2025-12-21,2025-12-22,0.0014847515809792,-0.00454110473801844,0.005626975573490302,3001.61376953125,3006.07373046875,2988.0140293138275,ensemble
ETH,phase0,lstm,phase0_lstm,2025-12-22,2025-12-23,-0.0143063268401752,-0.004446367736090874,0.005162391058013058,3006.07373046875,2963.3740234375,2992.7372925469094,ensemble
ETH,phase0,lstm,phase0_lstm,2025-12-23,2025-12-24,-0.0060191597554604,-0.0037189050868618803,0.003945735456158786,2963.3740234375,2945.590576171875,2952.3739834375965,ensemble
ETH,phase0,lstm,phase0_lstm,2025-12-24,2025-12-25,-0.014365015056822,-0.0023696880030911,0.002281369969448332,2945.590576171875,2903.57958984375,2938.6187093585727,ensemble
ETH,phase0,lstm,phase0_lstm,2025-12-25,2025-12-26,0.0076050389079913,-0.0010993107163812601,0.0010985119809054174,2903.57958984375,2925.74560546875,2900.3894075068574,ensemble
ETH,phase0,lstm,phase0_lstm,2025-12-26,2025-12-27,0.0075770385642638,0.00019401178578844002,0.0010923262972826738,2925.74560546875,2947.998291015625,2926.313289665361,ensemble
ETH,phase0,lstm,phase0_lstm,2025-12-27,2025-12-28,0.000193273230984,0.00065479761688036,0.0013405537270184766,2947.998291015625,2948.568115234375,2949.929265400868,ensemble
ETH,phase0,lstm,phase0_lstm,2025-12-28,2025-12-29,-0.0047695250401753,0.00086495982250196,0.0017716920116787281,2948.568115234375,2934.538330078125,2951.119611499765,ensemble
ETH,phase0,lstm,phase0_lstm,2025-12-29,2025-12-30,0.0124887158133864,0.00192705454537642,0.0026125933976573566,2934.538330078125,2971.416748046875,2940.1987977689823,ensemble
ETH,phase0,lstm,phase0_lstm,2025-12-30,2025-12-31,-0.0014748454494985,0.0032016856363043,0.003791952708212611,2971.416748046875,2967.03759765625,2980.945536321045,ensemble
ETH,phase0,lstm,phase0_lstm,2025-12-31,2026-01-01,0.011179695896671,0.00363178922816586,0.00410858575714916,2967.03759765625,3000.394287109375,2977.832844007011,ensemble
ETH,phase0,lstm,phase0_lstm,2026-01-01,2026-01-02,0.040505791423565,0.00333999147114804,0.004501909509605177,3000.394287109375,3124.422607421875,3010.432332599912,ensemble
ETH,phase0,lstm,phase0_lstm,2026-01-02,2026-01-03,0.0004783333560596,0.00305916160577902,0.004762484525448412,3124.422607421875,3125.91748046875,3133.995355929554,ensemble
ETH,phase0,lstm,phase0_lstm,2026-01-03,2026-01-04,0.0047211981925699,0.0029221601755125095,0.005016417373050522,3125.91748046875,3140.71044921875,3135.06527118755,ensemble
ETH,phase0,lstm,phase0_lstm,2026-01-04,2026-01-05,0.0268343594600314,0.003038079404541317,0.005181988039108,3140.71044921875,3226.13037109375,3150.2666859027977,ensemble
ETH,phase0,lstm,phase0_lstm,2026-01-05,2026-01-06,0.0214100727655341,0.00409126385056876,0.005171431193058041,3226.13037109375,3295.94677734375,3239.3563587122158,ensemble
ETH,phase0,lstm,phase0_lstm,2026-01-06,2026-01-07,-0.0399579577460706,0.0049051458598114205,0.004963932613802144,3295.94677734375,3166.843994140625,3312.153592934727,ensemble
ETH,phase0,lstm,phase0_lstm,2026-01-07,2026-01-08,-0.0199206616781398,0.005506274336948959,0.004796977958531246,3166.843994140625,3104.382568359375,3184.3296020528323,ensemble
ETH,phase0,lstm,phase0_lstm,2026-01-08,2026-01-09,-0.0068964125191375,0.00561999094206836,0.004229926060540856,3104.382568359375,3083.047119140625,3121.8782871155945,ensemble
ETH,phase0,lstm,phase0_lstm,2026-01-09,2026-01-10,-0.0002112169513613,0.00496471787337208,0.003176700186785326,3083.047119140625,3082.39599609375,3098.391637361236,ensemble
ETH,phase0,lstm,phase0_lstm,2026-01-10,2026-01-11,0.0117684321917196,0.00352816088125104,0.001979048384295277,3082.39599609375,3118.88525390625,3093.29039235801,ensemble
ETH,phase0,lstm,phase0_lstm,2026-01-11,2026-01-12,-0.0085523492401958,0.002124552419263607,0.001543130844462121,3118.88525390625,3092.3251953125,3125.5185329973474,ensemble
ETH,phase0,lstm,phase0_lstm,2026-01-12,2026-01-13,0.0716724478508033,0.00142733327811582,0.0020213492323871303,3092.3251953125,3322.095458984375,3096.742125436325,ensemble
ETH,phase0,lstm,phase0_lstm,2026-01-13,2026-01-14,0.0097733550354151,0.0018615504668559602,0.0015219443804440982,3322.095458984375,3354.72265625,3328.285467055639,ensemble
ETH,phase0,lstm,phase0_lstm,2026-01-14,2026-01-15,-0.0112777965317109,0.00349638895131642,0.002329835755770844,3354.72265625,3317.101318359375,3366.4726006980222,ensemble
ETH,phase0,lstm,phase0_lstm,2026-01-15,2026-01-16,-0.0065388112427793,0.005394491041079101,0.0035244704115847854,3317.101318359375,3295.482177734375,3335.0437433178054,ensemble
ETH,phase0,lstm,phase0_lstm,2026-01-16,2026-01-17,0.0040525125455037,0.0055575669277459,0.0030640419777653526,3295.482177734375,3308.8642578125,3313.84802794574,ensemble
ETH,phase0,lstm,phase0_lstm,2026-01-17,2026-01-18,-0.0084086840180541,0.00471647796221072,0.002126997981473851,3308.8642578125,3281.15771484375,3324.507304207711,ensemble
ETH,phase0,lstm,phase0_lstm,2026-01-18,2026-01-19,-0.0292351847938204,0.0036990517051889798,0.0017590779099023884,3281.15771484375,3186.62109375,3293.3173626017046,ensemble
ETH,phase0,lstm,phase0_lstm,2026-01-19,2026-01-20,-0.082047329409018,0.0031437469820957,0.0018543561354262554,3186.62109375,2935.605712890625,3196.654787630284,ensemble
ETH,phase0,lstm,phase0_lstm,2026-01-20,2026-01-21,0.0146406740972174,0.0031088826915947427,0.001951957048803891,2935.605712890625,2978.901123046875,2944.746367930749,ensemble
ETH,phase0,lstm,phase0_lstm,2026-01-21,2026-01-22,-0.0098736240513318,0.004215209610993,0.0031106046813390814,2978.901123046875,2949.63330078125,2991.484317460452,ensemble
ETH,phase0,lstm,phase0_lstm,2026-01-22,2026-01-23,0.001227550418774,0.0046536247129551605,0.0035442448791925007,2949.63330078125,2953.25634765625,2963.391775763809,ensemble
ETH,phase0,lstm,phase0_lstm,2026-01-23,2026-01-24,-0.0015302026847261,0.0050632129306904606,0.0036380404243742236,2953.25634765625,2948.74072265625,2968.2472323783613,ensemble
ETH,phase0,lstm,phase0_lstm,2026-01-24,2026-01-25,-0.0460954469109645,0.00493348013842474,0.0038201737469604363,2948.74072265625,2815.90234375,2963.3242205642355,ensemble
ETH,phase0,lstm,phase0_lstm,2026-01-25,2026-01-26,0.0385097283715548,0.0050905212061479205,0.004460762923861938,2815.90234375,2926.45703125,2830.2733011436258,ensemble
ETH,phase0,lstm,phase0_lstm,2026-01-26,2026-01-27,0.0321961750433529,0.00539540923200542,0.004446702131693378,2926.45703125,3022.2109375,2942.2891364701954,ensemble
ETH,phase0,lstm,phase0_lstm,2026-01-27,2026-01-28,-0.0051763213071971,0.0051510101184248395,0.0036280380725175255,3022.2109375,3006.607421875,3037.818539567594,ensemble
ETH,phase0,lstm,phase0_lstm,2026-01-28,2026-01-29,-0.0647023664323781,0.00468467746395612,0.002856008709204325,3006.607421875,2818.232666015625,3020.725451294598,ensemble
ETH,phase0,lstm,phase0_lstm,2026-01-29,2026-01-30,-0.0419788679682719,0.00477029464673246,0.0027790749098412612,2818.232666015625,2702.375244140625,2831.7085827076976,ensemble
ETH,phase0,lstm,phase0_lstm,2026-01-30,2026-01-31,-0.1000484393792718,0.0052066121948882394,0.0034909838760628182,2702.375244140625,2445.091796875,2716.4821567851814,ensemble
ETH,phase0,lstm,phase0_lstm,2026-01-31,2026-02-01,-0.0751997822029002,0.00545053768437352,0.00488123730188339,2445.091796875,2267.96484375,2458.4552477681273,ensemble
ETH,phase0,lstm,phase0_lstm,2026-02-01,2026-02-02,0.0331281466529906,0.00592289933374556,0.00724901938953836,2267.96484375,2344.356689453125,2281.4376308064943,ensemble
ETH,phase0,lstm,phase0_lstm,2026-02-02,2026-02-03,-0.0511047370755369,0.006799092469736939,0.010156648756290054,2344.356689453125,2227.558837890625,2360.3504974435214,ensemble
ETH,phase0,lstm,phase0_lstm,2026-02-03,2026-02-04,-0.0384643510086561,0.006800078880041841,0.011739050700221213,2227.558837890625,2143.504150390625,2242.758032992139,ensemble
ETH,phase0,lstm,phase0_lstm,2026-02-04,2026-02-05,-0.1626810863573628,0.006259620282799,0.012126571566413924,2143.504150390625,1821.68310546875,2156.9637545033543,ensemble
ETH,phase0,lstm,phase0_lstm,2026-02-05,2026-02-06,0.124587932433777,0.00609499902930112,0.013309340433734673,1821.68310546875,2063.386962890625,1832.8201679432098,ensemble
ETH,phase0,lstm,phase0_lstm,2026-02-06,2026-02-07,0.0130780728606268,0.00538496322988066,0.013122039809790343,2063.386962890625,2090.54931640625,2074.528196458737,ensemble
ETH,phase0,lstm,phase0_lstm,2026-02-07,2026-02-08,-0.0008548665199209,0.00458306948421526,0.01256866768163493,2090.54931640625,2088.762939453125,2100.152438261804,ensemble
ETH,phase0,lstm,phase0_lstm,2026-02-08,2026-02-09,0.0070627775205607,0.00358520563459026,0.011581450595105321,2088.762939453125,2103.567626953125,2096.2650243356784,ensemble
ETH,phase0,lstm,phase0_lstm,2026-02-09,2026-02-10,-0.0407860866012557,0.00349640990607442,0.01183276873689121,2103.567626953125,2019.4974365234373,2110.935434573997,ensemble
ETH,phase0,lstm,phase0_lstm,2026-02-10,2026-02-11,-0.0398404875978916,0.00253763098735364,0.010923172526782201,2019.4974365234373,1940.621337890625,2024.6286836495103,ensemble
ETH,phase0,lstm,phase0_lstm,2026-02-11,2026-02-12,0.003251056309532,0.0011176850181072995,0.009497770173661066,1940.621337890625,1946.940673828125,1942.791553868824,ensemble
ETH,phase0,lstm,phase0_lstm,2026-02-12,2026-02-13,0.0508619107271356,-0.0009308995446189999,0.00763942477798075,1946.940673828125,2048.52734375,1945.129110963802,ensemble
ETH,phase0,lstm,phase0_lstm,2026-02-13,2026-02-14,0.0181318719779937,-0.00304758925922212,0.006213400407084603,2048.52734375,2086.009765625,2042.2937773196907,ensemble
ETH,phase0,lstm,phase0_lstm,2026-02-14,2026-02-15,-0.0592301606634175,-0.00518303662538524,0.005273349050239781,2086.009765625,1966.04296875,2075.2258714096115,ensemble
ETH,phase0,lstm,phase0_lstm,2026-02-15,2026-02-16,0.0160826230924268,-0.00715557187795636,0.005594306308007211,1966.04296875,1997.917724609375,1952.0250200043183,ensemble
ETH,phase0,lstm,phase0_lstm,2026-02-16,2026-02-17,-0.002868787898831,-0.00790329305455084,0.005612863840738283,1997.917724609375,1992.1943359375,1982.1898282860834,ensemble
ETH,phase0,lstm,phase0_lstm,2026-02-17,2026-02-18,-0.0193714031392413,-0.008020900562405519,0.005172535203562984,1992.1943359375,1953.97412109375,1976.2790560322278,ensemble
ETH,phase0,lstm,phase0_lstm,2026-02-18,2026-02-19,-0.0029589012528701,-0.00658470359630878,0.003240403877178721,1953.97412109375,1948.2010498046875,1941.150048366216,ensemble
ETH,phase0,lstm,phase0_lstm,2026-02-19,2026-02-20,0.0106307366647911,-0.0013291644630953599,0.004490876216004432,1948.2010498046875,1969.0223388671875,1945.6132903622452,ensemble
ETH,phase0,lstm,phase0_lstm,2026-02-20,2026-02-21,0.0023916477643178,0.0020404808921739397,0.008659092080020924,1969.0223388671875,1973.7371826171875,1973.0441931889202,ensemble
ETH,phase0,lstm,phase0_lstm,2026-02-21,2026-02-22,-0.0081043810251791,0.00607883799821138,0.013959029118797166,1973.7371826171875,1957.805908203125,1985.771752242227,ensemble
ETH,phase0,lstm,phase0_lstm,2026-02-22,2026-02-23,-0.0536686969675083,0.008075086097233,0.016611988651105056,1957.805908203125,1855.5028076171875,1973.6793629755534,ensemble
ETH,phase0,lstm,phase0_lstm,2026-02-23,2026-02-24,-0.0013662367634113,0.0118690434668679,0.022316325870965794,1855.5028076171875,1852.969482421875,1877.6570659415443,ensemble
ETH,phase0,lstm,phase0_lstm,2026-02-24,2026-02-25,0.1033052975560529,0.012622369895689201,0.0236167180147481,1852.969482421875,2054.6279296875,1876.5065831284314,ensemble
ETH,phase0,lstm,phase0_lstm,2026-02-25,2026-02-26,-0.013640230652308,0.007228534761816301,0.016733993587045613,2054.6279296875,2026.7926025390625,2069.5336875901926,ensemble
ETH,phase0,lstm,phase0_lstm,2026-02-26,2026-02-27,-0.0485398835848207,-0.0003842368721961802,0.0074892535379716815,2026.7926025390625,1930.7618408203125,2026.0139836854885,ensemble
ETH,phase0,lstm,phase0_lstm,2026-02-27,2026-02-28,0.0176033024159378,-0.0054020870942622,0.002120836765536518,1930.7618408203125,1965.050537109375,1920.3598188087985,ensemble
ETH,phase0,lstm,phase0_lstm,2026-02-28,2026-03-01,-0.0133112143616734,-0.00875395685434336,0.0028062377481145677,1965.050537109375,1939.066650390625,1947.9236429092189,ensemble
ETH,phase0,lstm,phase0_lstm,2026-03-01,2026-03-02,0.0444827788226515,-0.01043922230601306,0.0043621187506322255,1939.066650390625,2027.2689208984373,1918.9295930434234,ensemble
ETH,phase0,lstm,phase0_lstm,2026-03-02,2026-03-03,-0.0221952153909645,-0.01187044400721784,0.00573458236411244,2027.2689208984373,1982.7689208984373,2003.3466038499098,ensemble
ETH,phase0,lstm,phase0_lstm,2026-03-03,2026-03-04,0.0699856488077349,-0.012589670531451661,0.006533912778884793,1982.7689208984373,2126.50537109375,1957.9629903345658,ensemble
ETH,phase0,lstm,phase0_lstm,2026-03-04,2026-03-05,-0.0261560660671297,-0.013712542410939898,0.00730154451439313,2126.50537109375,2071.60546875,2097.544592755204,ensemble
ETH,phase0,lstm,phase0_lstm,2026-03-05,2026-03-06,-0.0458579463127646,-0.014827094692736801,0.00818889073343759,2071.60546875,1978.751220703125,2041.1161707221863,ensemble
ETH,phase0,lstm,phase0_lstm,2026-03-06,2026-03-07,-0.0047088687763537,-0.01602786527946588,0.009335304618928291,1978.751220703125,1969.4554443359373,1947.2888733820164,ensemble
ETH,phase0,lstm,phase0_lstm,2026-03-07,2026-03-08,-0.0168207764579134,-0.017446804884821122,0.010783480940788775,1969.4554443359373,1936.604736328125,1935.3927461212436,ensemble
ETH,phase0,lstm,phase0_lstm,2026-03-08,2026-03-09,0.02867374460359,-0.01676292987540362,0.009929448625264384,1936.604736328125,1992.938232421875,1904.4121418669165,ensemble
ETH,phase0,lstm,phase0_lstm,2026-03-09,2026-03-10,0.0219272344781229,-0.015612322092056218,0.008844243792021712,1992.938232421875,2037.1204833984373,1962.0654637188409,ensemble
ETH,phase0,lstm,phase0_lstm,2026-03-10,2026-03-11,0.0070696510693724,-0.01372824246063822,0.007515128194057477,2037.1204833984373,2051.5732421875,2009.345486641419,ensemble
ETH,phase0,lstm,phase0_lstm,2026-03-11,2026-03-12,0.0104556138377322,-0.01219884846359486,0.00652008748933767,2051.5732421875,2073.13623046875,2026.6984415274344,ensemble
ETH,phase0,lstm,phase0_lstm,2026-03-12,2026-03-13,0.0093273103225432,-0.01062677577137942,0.005781087338646644,2073.13623046875,2092.5634765625,2051.222120994497,ensemble
ETH,phase0,lstm,phase0_lstm,2026-03-13,2026-03-14,0.0021592233043722,-0.00997545914724464,0.00641200334519757,2092.5634765625,2097.086669921875,2071.7929650225115,ensemble
ETH,phase0,lstm,phase0_lstm,2026-03-14,2026-03-15,0.0376174725748984,-0.008452496770769318,0.006599127454111217,2097.086669921875,2177.476318359375,2079.43575386042,ensemble
ETH,phase0,lstm,phase0_lstm,2026-03-15,2026-03-16,0.0767490852405507,-0.007192100939573659,0.007194517263270562,2177.476318359375,2351.176025390625,2161.8718705294777,ensemble
ETH,phase0,lstm,phase0_lstm,2026-03-16,2026-03-17,-0.0141878287469072,-0.00794771569781,0.006745125003838191,2351.176025390625,2318.053466796875,2332.563607859653,ensemble
ETH,phase0,lstm,phase0_lstm,2026-03-17,2026-03-18,-0.0506029181915626,-0.008794513624161438,0.007282255611870921,2318.053466796875,2203.671630859375,2297.7566949383086,ensemble
ETH,phase0,lstm,phase0_lstm,2026-03-18,2026-03-19,-0.0305236071486406,-0.01050370740704234,0.009264579332444445,2203.671630859375,2137.423828125,2180.6460475193417,ensemble
ETH,phase0,lstm,phase0_lstm,2026-03-19,2026-03-20,0.0042359585854312,-0.01079547503031784,0.010047542016324185,2137.423828125,2146.4970703125,2114.4734256980264,ensemble
ETH,phase0,lstm,phase0_lstm,2026-03-20,2026-03-21,-0.0330619920061079,-0.01054071304388338,0.010182314587042033,2146.4970703125,2076.68994140625,2123.990287800148,ensemble
ETH,phase0,lstm,phase0_lstm,2026-03-21,2026-03-22,-0.0114495680945266,-0.00958370969165112,0.009347721369035233,2076.68994140625,2053.04833984375,2056.8826133334665,ensemble
ETH,phase0,lstm,phase0_lstm,2026-03-22,2026-03-23,0.0471397983356827,-0.0064007713459432,0.005977463983822777,2053.04833984375,2152.14599609375,2039.949213835877,ensemble
ETH,phase0,lstm,phase0_lstm,2026-03-23,2026-03-24,0.0016520306586044,-0.00635775113478298,0.00648388379837068,2152.14599609375,2155.704345703125,2138.5065913584995,ensemble
ETH,phase0,lstm,phase0_lstm,2026-03-24,2026-03-25,0.0056974805873912,-0.007177197016426299,0.007581529548521542,2155.704345703125,2168.021484375,2140.2878208012594,ensemble
ETH,phase0,lstm,phase0_lstm,2026-03-25,2026-03-26,-0.051313706617151,-0.00749864533427166,0.008579115721538324,2168.021484375,2059.578369140625,2151.8250616945097,ensemble
ETH,phase0,lstm,phase0_lstm,2026-03-26,2026-03-27,-0.0337276698924535,-0.007567540847230661,0.008996232388405906,2059.578369140625,1991.27197265625,2044.0512508551055,ensemble
ETH,phase0,lstm,phase0_lstm,2026-03-27,2026-03-28,0.0007141663784116,-0.008266543282661559,0.009900202494693843,1991.27197265625,1992.694580078125,1974.8788871349286,ensemble
ETH,phase0,lstm,phase0_lstm,2026-03-28,2026-03-29,-0.005098999439741,-0.008111913804896159,0.009663301655387967,1992.694580078125,1982.5596923828125,1976.5953992698685,ensemble
ETH,phase0,lstm,phase0_lstm,2026-03-29,2026-03-30,0.0204472613935491,-0.007857190660433841,0.00945375653437512,1982.5596923828125,2023.514892578125,1967.0433800218086,ensemble
ETH,phase0,lstm,phase0_lstm,2026-03-30,2026-03-31,0.039340814763852,-0.00724215536029076,0.008743169385407529,2023.514892578125,2104.708251953125,2008.9132209593781,ensemble
ETH,phase0,lstm,phase0_lstm,2026-03-31,2026-04-01,0.0160386363168273,-0.006492235977202621,0.008128481003072664,2104.708251953125,2138.737060546875,2091.088249293155,ensemble
ETH,phase0,lstm,phase0_lstm,2026-04-01,2026-04-02,-0.0390385754759657,-0.00533735171775334,0.007246098315321726,2138.737060546875,2056.8525390625,2127.352277944252,ensemble
ETH,phase0,lstm,phase0_lstm,2026-04-02,2026-04-03,-0.0016871461717564,-0.0033396241953596397,0.005161426969275153,2056.8525390625,2053.38525390625,2049.9948819292736,ensemble
ETH,phase0,lstm,phase0_lstm,2026-04-03,2026-04-04,0.005810685555501,-0.00048791468143464004,0.0032022306303828947,2053.38525390625,2065.3515625,2052.383621469684,ensemble
ETH,phase0,lstm,phase0_lstm,2026-04-04,2026-04-05,0.0209113576842589,0.00081435481552034,0.002928613441390866,2065.3515625,2108.99560546875,2067.0341765200906,ensemble
ETH,phase0,lstm,phase0_lstm,2026-04-05,2026-04-06,-0.0005853459761497,0.00148941978113724,0.0034888872015848504,2108.99560546875,2107.761474609375,2112.1391256713277,ensemble
ETH,phase0,lstm,phase0_lstm,2026-04-06,2026-04-07,0.0616556049703287,0.00245256256312128,0.003435876371849511,2107.761474609375,2241.806640625,2112.9372358387272,ensemble
ETH,phase0,lstm,phase0_lstm,2026-04-07,2026-04-08,-0.0232273715270305,0.0044331640732707,0.004668097590047983,2241.806640625,2190.33544921875,2251.766998922194,ensemble
ETH,phase0,lstm,phase0_lstm,2026-04-08,2026-04-09,-0.0005440857898826,0.006395623233402099,0.006821846939565679,2190.33544921875,2189.14404296875,2204.3889018974496,ensemble
ETH,phase0,lstm,phase0_lstm,2026-04-09,2026-04-10,0.0252611274355671,0.007256805105134779,0.007236950583836981,2189.14404296875,2245.148681640625,2205.0880158183995,ensemble
ETH,phase0,lstm,phase0_lstm,2026-04-10,2026-04-11,0.0177650010386669,0.00727375531569118,0.006533283680074185,2245.148681640625,2285.39013671875,2261.538880683268,ensemble
ETH,phase0,lstm,phase0_lstm,2026-04-11,2026-04-12,-0.0416306075771206,0.006837316765449899,0.005290402453003398,2285.39013671875,2192.201171875,2301.06961471186,ensemble
ETH,phase0,lstm,phase0_lstm,2026-04-12,2026-04-13,0.0782853911386856,0.00591142789926376,0.00391479001506405,2192.201171875,2370.71484375,2205.1985898432986,ensemble
ETH,phase0,lstm,phase0_lstm,2026-04-13,2026-04-14,-0.0201992437703363,0.00584107285831118,0.003777468312793452,2370.71484375,2323.30859375,2384.6028829167994,ensemble
ETH,phase0,lstm,phase0_lstm,2026-04-14,2026-04-15,0.0154307484890148,0.00623170849867162,0.003708155513243302,2323.30859375,2359.43701171875,2337.831981417584,ensemble
ETH,phase0,lstm,phase0_lstm,2026-04-15,2026-04-16,-0.0045844617903412,0.00614638817496592,0.003355814784331982,2359.43701171875,2348.64501953125,2373.9836864264257,ensemble
ETH,phase0,lstm,phase0_lstm,2026-04-16,2026-04-17,0.0303717508925751,0.006359193846583319,0.003400726831525343,2348.64501953125,2421.07177734375,2363.6280981458012,ensemble
ETH,phase0,lstm,phase0_lstm,2026-04-17,2026-04-18,-0.0293267723614628,0.00693251383490856,0.003542301387175841,2421.07177734375,2351.1005859375,2437.914203658703,ensemble
ETH,phase0,lstm,phase0_lstm,2026-04-18,2026-04-19,-0.0373454427406088,0.0071901980321853794,0.0035919750500362775,2351.1005859375,2264.9169921875,2368.066385380092,ensemble
ETH,phase0,lstm,phase0_lstm,2026-04-19,2026-04-20,0.0219633235792397,0.00697703263722356,0.0032763095872959964,2264.9169921875,2315.21240234375,2280.7746473234843,ensemble
ETH,phase0,lstm,phase0_lstm,2026-04-20,2026-04-21,0.0054954065471357,0.0069874971639364205,0.0033508641340364675,2315.21240234375,2327.970458984375,2331.4465945721413,ensemble
ETH,phase0,lstm,phase0_lstm,2026-04-21,2026-04-22,0.0204586542200399,0.00649362681433552,0.003140652780008647,2327.970458984375,2376.088134765625,2343.1366187779468,ensemble
ETH,phase0,lstm,phase0_lstm,2026-04-22,2026-04-23,-0.0189376886242059,0.006429668609052861,0.0034423667769349353,2376.088134765625,2331.513916015625,2391.41481399103,ensemble
ETH,phase0,lstm,phase0_lstm,2026-04-23,2026-04-24,-0.0068100265350662,0.00661739697679872,0.003951204973631079,2331.513916015625,2315.690185546875,2346.993630374388,ensemble
ETH,phase0,lstm,phase0_lstm,2026-04-24,2026-04-25,0.0013545812633985,0.00632476783357558,0.0037277267492039634,2315.690185546875,2318.8291015625,2330.3828030636287,ensemble
ETH,phase0,lstm,phase0_lstm,2026-04-25,2026-04-26,0.021713243592728,0.00528221211861814,0.0028768037949631715,2318.8291015625,2369.72900390625,2331.1100554906006,ensemble
ETH,phase0,lstm,phase0_lstm,2026-04-26,2026-04-27,-0.0285352092391055,0.0043934522545896,0.0024391239119159933,2369.72900390625,2303.06396484375,2380.163199427381,ensemble
ETH,phase0,lstm,phase0_lstm,2026-04-27,2026-04-28,-0.0059420254123551,0.0043738011096138,0.002688718920166898,2303.06396484375,2289.419677734375,2313.159169684213,ensemble
ETH,phase0,lstm,phase0_lstm,2026-04-28,2026-04-29,-0.0158511839185899,0.004072896061916201,0.0025933582535435902,2289.419677734375,2253.415771484375,2298.763260929173,ensemble
ETH,phase0,lstm,phase0_lstm,2026-04-29,2026-04-30,0.0012574984349416,0.004516461546882,0.0029872262625503755,2253.415771484375,2256.251220703125,2263.6162548714333,ensemble
ETH,phase0,lstm,phase0_lstm,2026-04-30,2026-05-01,0.0170690082206223,0.00475383592420252,0.0031587639503183047,2256.251220703125,2295.09375,2267.00260371804,ensemble
ETH,phase0,lstm,phase0_lstm,2026-05-01,2026-05-02,0.0091680063840355,0.00465227950480762,0.002983025884058392,2295.09375,2316.23193359375,2305.7960433416215,ensemble
ETH,phase0,lstm,phase0_lstm,2026-05-02,2026-05-03,0.0023302997915724,0.00418929120642126,0.0025832187024417206,2316.23193359375,2321.6357421875,2325.955657199011,ensemble
ETH,phase0,lstm,phase0_lstm,2026-05-03,2026-05-04,0.0106089499454062,0.003922618473734417,0.0024837853712146576,2321.6357421875,2346.39697265625,2330.7605182464636,ensemble
ETH,phase0,lstm,phase0_lstm,2026-05-04,2026-05-05,0.0062816540296977,0.00403627561754542,0.0024608627570714037,2346.39697265625,2361.1826171875,2355.886816475013,ensemble
ETH,phase0,lstm,phase0_lstm,2026-05-05,2026-05-06,-0.0044060551410634,0.00417473627021534,0.0025196027110187167,2361.1826171875,2350.802001953125,2371.06053640752,ensemble
ETH,phase0,lstm,phase0_lstm,2026-05-06,2026-05-07,-0.0257211497884926,0.00459876328241076,0.0028287684397873786,2350.802001953125,2291.107666015625,2361.6376801467995,ensemble
ETH,phase0,lstm,phase0_lstm,2026-05-07,2026-05-08,0.0069005173801773,0.00517277531325812,0.0033058349805954418,2291.107666015625,2306.97216796875,2302.9897563876025,ensemble
ETH,phase0,lstm,phase0_lstm,2026-05-08,2026-05-09,0.0085267708032934,0.005675106309354259,0.00377498480808082,2306.97216796875,2326.727294921875,2320.1017007835835,ensemble
ETH,phase0,lstm,phase0_lstm,2026-05-09,2026-05-10,0.0180237894016022,0.0056087276898324,0.004123653601779327,2326.727294921875,2369.0439453125,2339.8139401358485,ensemble
ETH,phase0,lstm,phase0_lstm,2026-05-10,2026-05-11,-0.0126087284649131,0.0055504066869615995,0.004317247552263267,2369.0439453125,2339.36083984375,2382.2296618618934,ensemble
ETH,phase0,lstm,phase0_lstm,2026-05-11,2026-05-12,-0.0280543858235066,0.00504076289944346,0.003933019246363968,2339.36083984375,2274.6435546875,2351.182773924767,ensemble
ETH,phase0,lstm,phase0_lstm,2026-05-12,2026-05-13,-0.0075315052922758,0.004694135440513459,0.0034209523926873376,2274.6435546875,2257.576416015625,2285.346139651254,ensemble
ETH,phase0,lstm,phase0_lstm,2026-05-13,2026-05-14,0.010293509698889,0.00388777838088566,0.0024912710777248055,2257.576416015625,2280.934814453125,2266.3704563622855,ensemble
ETH,phase0,lstm,phase0_lstm,2026-05-14,2026-05-15,-0.025579807171991,0.00349147478118534,0.0019385754042016232,2280.934814453125,2223.328857421875,2288.9125597793027,ensemble
ETH,phase0,lstm,phase0_lstm,2026-05-15,2026-05-16,-0.0197944707467758,0.0034673575079068202,0.0016074572315710124,2223.328857421875,2179.751953125,2231.0513139500354,ensemble
ETH,phase0,lstm,phase0_lstm,2026-05-16,2026-05-17,-0.024195229175847,0.00334943712223316,0.0017382964060339181,2179.751953125,2127.645263671875,2187.0651359199746,ensemble
ETH,phase0,lstm,phase0_lstm,2026-05-17,2026-05-18,0.0004092183281597,0.0022859423246699997,0.0024420432319154153,2127.645263671875,2128.51611328125,2132.514501309826,ensemble
ETH,phase0,lstm,phase0_lstm,2026-05-18,2026-05-19,-0.0087542537236926,0.0029743131191935003,0.002580520040318726,2128.51611328125,2109.9638671875,2134.856411022633,ensemble
ETH,phase0,lstm,phase0_lstm,2026-05-19,2026-05-20,0.0080339082480059,0.00302076775988094,0.0032612683919105005,2109.9638671875,2126.9833984375,2116.3472144628154,ensemble
ETH,phase0,lstm,phase0_lstm,2026-05-20,2026-05-21,0.0020793039085529,0.0029557538364315197,0.0037127737475990525,2126.9833984375,2131.41064453125,2133.279538113117,ensemble
ETH,phase0,lstm,phase0_lstm,2026-05-21,2026-05-22,-0.0318296288802969,0.0031149279966484196,0.0034806348920506094,2131.41064453125,2064.636962890625,2138.0601862655276,ensemble
ETH,phase0,lstm,phase0_lstm,2026-05-22,2026-05-23,0.0245501473754652,0.0030912043381249197,0.00339159571386484,2064.636962890625,2115.951416015625,2071.029052164021,ensemble
ETH,phase0,lstm,phase0_lstm,2026-05-23,2026-05-24,-0.0085229526741993,0.0038141957018524,0.002568733969746757,2115.951416015625,2097.993896484375,2124.03747992396,ensemble
ETH,phase0,lstm,phase0_lstm,2026-05-24,2026-05-25,0.0063555962617687,0.00459604477509852,0.002603669859259933,2097.993896484375,2111.370361328125,2107.658562977742,ensemble
ETH,phase0,lstm,phase0_lstm,2026-05-25,2026-05-26,-0.0193741083637812,0.00548743836116042,0.0038915679985283887,2111.370361328125,2070.858154296875,2122.9882230404583,ensemble
ETH,phase0,lstm,phase0_lstm,2026-05-26,2026-05-27,-0.0237779302438843,0.00547571170609438,0.004008447850395594,2070.858154296875,2022.1982421875,2082.2286789809923,ensemble
ETH,phase0,lstm,phase0_lstm,2026-05-27,2026-05-28,-0.0072687232435778,0.00555180204100904,0.004291720881122778,2022.1982421875,2007.552734375,2033.4563088778118,ensemble
ETH,phase0,lstm,phase0_lstm,2026-05-28,2026-05-29,0.0022021388879798,0.00598075599409634,0.005107812505604596,2007.552734375,2011.978515625,2019.5953936312646,ensemble
ETH,phase0,lstm,phase0_lstm,2026-05-29,2026-05-30,0.0037107092790728,0.0055841851048171,0.004449494191507239,2011.978515625,2019.458251953125,2023.2452044435756,ensemble
ETH,phase0,lstm,phase0_lstm,2026-05-30,2026-05-31,-0.0075136791444324,0.00574997609946872,0.005672505887272834,2019.458251953125,2004.341552734375,2031.1035366050394,ensemble
ETH,phase0,lstm,phase0_lstm,2026-05-31,2026-06-01,-0.0005591235515652,0.00510737500735554,0.005497149946572831,2004.341552734375,2003.22119140625,2014.6046631541772,ensemble
ETH,phase0,lstm,phase0_lstm,2026-06-01,2026-06-02,-0.0754085383512764,0.00507482237298972,0.00602495841924617,2003.22119140625,1857.71630859375,2013.413022118499,ensemble
ETH,phase0,lstm,phase0_lstm,2026-06-02,2026-06-03,-0.0250644830015835,0.00516396572347724,0.005567974135586511,1857.71630859375,1811.7322998046875,1867.3343040615212,ensemble
ETH,phase0,lstm,phase0_lstm,2026-06-03,2026-06-04,-0.0235409089196176,0.00416785548441104,0.0025523605581958004,1811.7322998046875,1769.58056640625,1819.2990959094586,ensemble
ETH,phase0,lstm,phase0_lstm,2026-06-04,2026-06-05,-0.1127730163581579,0.00593138573458412,0.0037213762167388497,1769.58056640625,1580.86083984375,1780.1078210745552,ensemble
ETH,phase0,lstm,phase0_lstm,2026-06-05,2026-06-06,-0.0076791271868011,0.007747040278627461,0.007453903801588959,1580.86083984375,1568.7677001953125,1593.1553941589166,ensemble
ETH,phase0,lstm,phase0_lstm,2026-06-06,2026-06-07,0.0723034430725498,0.00845097028650342,0.009654474338097593,1568.7677001953125,1686.396240234375,1582.081487388166,ensemble
ETH,phase0,lstm,phase0_lstm,2026-06-07,2026-06-08,0.0022225802428663,0.007373155490495239,0.009758597362492408,1686.396240234375,1690.1485595703125,1698.8762539350093,ensemble
ETH,phase0,lstm,phase0_lstm,2026-06-08,2026-06-09,-0.0315195419215522,0.006274960163864279,0.01020076076740889,1690.1485595703125,1637.7066650390625,1700.7875190669683,ensemble
ETH,phase0,lstm,phase0_lstm,2026-06-09,2026-06-10,-0.0107857454824715,0.00485328163485974,0.010441046435563105,1637.7066650390625,1620.1376953125,1645.6742355122758,ensemble
ETH,phase0,lstm,phase0_lstm,2026-06-10,2026-06-11,0.0316772045187946,0.004064464382827279,0.011804819353404092,1620.1376953125,1672.2806396484375,1626.7360876519842,ensemble
ETH,phase0,lstm,phase0_lstm,2026-06-11,2026-06-12,-0.0042864654394683,0.00351844769902526,0.012484799762277142,1672.2806396484375,1665.1278076171875,1678.174834745136,ensemble
ETH,phase0,lstm,phase0_lstm,2026-06-12,2026-06-13,0.0090196413020536,0.0030920227523893,0.012306807283264335,1665.1278076171875,1680.214599609375,1670.2843887086701,ensemble
ETH,phase0,lstm,phase0_lstm,2026-06-13,2026-06-14,0.0260813174474448,0.0023068139795213993,0.011644576628544668,1680.214599609375,1724.61328125,1684.0950161151031,ensemble
ETH,phase0,lstm,phase0_lstm,2026-06-14,2026-06-15,0.0399805553119012,0.0009077467257157,0.01027783796889027,1724.61328125,1794.961181640625,1726.1795040684503,ensemble
ETH,phase0,lstm,phase0_lstm,2026-06-15,2026-06-16,-0.002545346375384,-0.0005189971212530202,0.007705312730409819,1794.961181640625,1790.398193359375,1794.0298436563642,ensemble
ETH,phase0,lstm,phase0_lstm,2026-06-16,2026-06-17,-0.0240312789660825,-0.0020310280146077,0.005331938985320562,1790.398193359375,1747.885498046875,1786.765534735824,ensemble
ETH,phase0,lstm,phase0_lstm,2026-06-17,2026-06-18,-0.0221862751067949,-0.00348828416317698,0.004064405757725504,1747.885498046875,1709.533447265625,1741.7989986365158,ensemble
ETH,phase0,lstm,phase0_lstm,2026-06-18,2026-06-19,0.0008472258287815,-0.004896333604119681,0.002828512001505433,1709.533447265625,1710.982421875,1701.1834600438594,ensemble
ETH,phase0,lstm,phase0_lstm,2026-06-19,2026-06-20,0.0164158122645686,-0.00575953861698504,0.0021872420131650245,1710.982421875,1739.3013916015625,1701.1562767373755,ensemble
ETH,phase0,lstm,phase0_lstm,2026-06-20,2026-06-21,-0.0201644551603129,-0.00571831020060922,0.0031485295201316675,1739.3013916015625,1704.58056640625,1729.383909356334,ensemble
ETH,phase0,lstm,phase0_lstm,2026-06-21,2026-06-22,0.012783452112487,-0.00498368060216302,0.005406506861271245,1704.58056640625,1726.5108642578125,1696.106614576312,ensemble
ETH,phase0,lstm,phase0_lstm,2026-06-22,2026-06-23,-0.0360151185751902,-0.0030405897647142396,0.007092830865119261,1726.5108642578125,1665.436767578125,1721.2692258696252,ensemble
ETH,phase0,lstm,phase0_lstm,2026-06-23,2026-06-24,-0.027707605238555,-0.0027583691291511,0.00659687785795068,1665.436767578125,1619.9249267578125,1660.8492082116932,ensemble
ETH,phase0,lstm,phase0_lstm,2026-06-24,2026-06-25,-0.0346111458341076,-0.00329100452363488,0.007880862753073785,1619.9249267578125,1564.816650390625,1614.6025093495832,ensemble
ETH,phase0,lstm,phase0_lstm,2026-06-25,2026-06-26,0.0075121735497433,-0.0033991491422056797,0.008305663737790205,1564.816650390625,1576.6160888671875,1559.5066350954621,ensemble
ETH,phase0,lstm,phase0_lstm,2026-06-26,2026-06-27,-0.0031940978117993,-0.00615480057895182,0.006525828382840509,1576.6160888671875,1571.5882568359375,1566.9421324256987,ensemble
ETH,phase0,lstm,phase0_lstm,2026-06-27,2026-06-28,-0.0007810761173124,-0.008978531323373281,0.004903600860777993,1571.5882568359375,1570.3612060546875,1557.540859311809,ensemble
ETH,phase0,lstm,phase0_lstm,2026-06-28,2026-06-29,0.0250563430147941,-0.01044480204582208,0.005122614765669286,1570.3612060546875,1610.205810546875,1554.044455071914,ensemble
ETH,phase0,lstm,phase0_lstm,2026-06-29,2026-06-30,-0.025551475094469,-0.01152750765904776,0.006157664966548746,1610.205810546875,1569.5838623046875,1591.7507256634572,ensemble
ETH,phase0,lstm,phase0_lstm,2026-06-30,2026-07-01,0.0247779101060913,-0.01109591666609044,0.006611585019497287,1569.5838623046875,1608.960693359375,1552.2641572688885,ensemble
ETH,phase0,lstm,phase0_lstm,2026-07-01,2026-07-02,0.0539624286481777,-0.0100917108356952,0.0064154277467259385,1608.960693359375,1698.16943359375,1592.805182776334,ensemble
ETH,phase0,lstm,phase0_lstm,2026-07-02,2026-07-03,0.0337829584823897,-0.0077861404977738,0.004602062869639455,1698.16943359375,1756.5186767578125,1684.9985893556404,ensemble
ETH,phase0,lstm,phase0_lstm,2026-07-03,2026-07-04,0.0127361095972148,-0.0046973598422482,0.003329132648319489,1756.5186767578125,1779.032958984375,1748.2870251144577,ensemble
ETH,phase0,lstm,phase0_lstm,2026-07-04,2026-07-05,0.0022307583802167,-0.00214249263517554,0.004575102869257438,1779.032958984375,1783.0059814453125,1775.2254741825398,ensemble
ETH,phase0,lstm,phase0_lstm,2026-07-05,2026-07-06,0.0081371345293737,-0.00045972538646308,0.004914450451414132,1783.0059814453125,1797.57373046875,1782.1864767194234,ensemble
ETH,phase0,lstm,phase0_lstm,2026-07-06,2026-07-07,-0.0162996101421938,0.0015247642295435201,0.005550482999479898,1797.57373046875,1768.511474609375,1800.3166972503232,ensemble
ETH,phase0,lstm,phase0_lstm,2026-07-07,2026-07-08,-0.0147154299263924,0.0012762790545821402,0.004838920956485607,1768.511474609375,1742.6776123046875,1770.7700297289257,ensemble
ETH,phase0,lstm,phase0_lstm,2026-07-08,2026-07-09,0.0010363767887721,0.00069240386364982,0.0037163594476207038,1742.6776123046875,1744.484619140625,1743.8846668529357,ensemble
ETH,phase0,lstm,phase0_lstm,2026-07-09,2026-07-10,0.0289319871755302,-0.00020328211539891115,0.0018744563714554218,1744.484619140625,1795.6932373046875,1744.1300326587314,ensemble
ETH,phase0,lstm,phase0_lstm,2026-07-10,2026-07-11,-0.0042377668681416,-0.0012231324741151,0.0017076408142635902,1795.6932373046875,1788.099609375,1793.4982092712826,ensemble
ETH,phase0,lstm,phase0_lstm,2026-07-11,2026-07-12,0.0098437240641505,-0.00192370798904446,0.0030705522947406857,1788.099609375,1805.7880859375,1784.663134318265,ensemble
ETH,phase0,lstm,phase0_lstm,2026-07-12,2026-07-13,-0.0180417009925125,-0.00237454235320908,0.003935430127075526,1805.7880859375,1773.500732421875,1801.5052525435426,ensemble
ETH,phase0,lstm,phase0_lstm,2026-07-13,2026-07-14,0.0633461757860125,-0.00255742933368308,0.004638595561599965,1773.500732421875,1889.4798583984373,1768.9709244263058,ensemble
ETH,phase0,lstm,phase0_lstm,2026-07-14,2026-07-15,0.0144305241755588,-0.00222416176693512,0.005052112503280297,1889.4798583984373,1916.9437255859373,1885.28201960479,ensemble
ETH,phase0,lstm,phase0_lstm,2026-07-15,2026-07-16,-0.0284402326891384,-0.0006441696896218,0.003937231687953048,1916.9437255859373,1863.193359375,1915.7092861781155,ensemble
ETH,phase0,lstm,phase0_lstm,2026-07-16,2026-07-17,-0.011989404987594,0.0013467824552208,0.002461823367892785,1863.193359375,1840.9881591796875,1865.7043660123886,ensemble
ETH,phase0,lstm,phase0_lstm,2026-07-17,2026-07-18,0.0110221726895365,0.0030505193630232996,0.0019650555826109094,1840.9881591796875,1861.39208984375,1846.6127037357217,ensemble
ETH,phase0,lstm,phase0_lstm,2026-07-18,2026-07-19,0.0054201709795738,0.00336900602560486,0.0016707409051282534,1861.39208984375,1871.508544921875,1867.673706471114,ensemble
ETH,phase0,lstm,phase0_lstm,2026-07-19,2026-07-20,0.0170854918812539,0.0034038584330118803,0.0023387308188461816,1871.508544921875,1903.7589111328125,1877.889749261878,ensemble
ETH,phase0,lstm,phase0_lstm,2026-07-20,2026-07-21,0.0128519310477648,0.00382272898859806,0.00329584601889698,1903.7589111328125,1928.3837890625,1911.0503933104903,ensemble
ETH,phase0,lstm,phase0_lstm,2026-07-21,2026-07-22,0.0026444810723667,0.004654388242488449,0.0040918453204050655,1928.3837890625,1933.4901123046875,1937.3801559485146,ensemble
ETH,phase0,lstm,phase0_lstm,2026-07-22,2026-07-23,-0.0295985684211487,0.004976397248742587,0.004199862358146627,1933.4901123046875,1877.1002197265625,1943.1359079293115,ensemble
ETH,phase0,lstm,phase0_lstm,2026-07-23,2026-07-24,-0.0090566354547485,0.004923657749532092,0.003990378281703069,1877.1002197265625,1860.1767578125,1886.3652088707393,ensemble
ETH,phase0,lstm,phase0_lstm,2026-07-24,2026-07-25,0.0069886485747689,0.0045184980612248005,0.003470299605835027,1860.1767578125,1873.222412109375,1868.6009809712302,ensemble
ETH,phase0,lstm,phase0_lstm,2026-07-25,2026-07-26,0.0419170428366946,0.0038431728724389797,0.002765439402848077,1873.222412109375,1953.4112548828125,1880.4353811331323,ensemble
ETH,phase0,lstm,phase0_lstm,2026-07-26,2026-07-27,-0.0326758126996198,0.0029494527960196,0.002258461058930582,1953.4112548828125,1890.613525390625,1959.181254157651,ensemble
ETH,phase0,lstm,phase0_lstm,2026-07-27,2026-07-28,0.015396962638548,0.00297902253223578,0.002164079034453849,1890.613525390625,1919.948486328125,1896.2541032152535,ensemble
ETH,phase0,lstm,phase0_lstm,2026-07-28,2026-07-29,-0.0059707845121414,0.0031230369640979404,0.002029228195576574,1919.948486328125,1908.51904296875,1925.9539291489461,ensemble
ETH,phase0,lstm,phase0_lstm,2026-07-29,2026-07-30,0.0046284096447549,0.0033921699994607308,0.001970447796481558,1908.51904296875,1917.3729248046875,1915.004056926116,ensemble
ETH,phase0,lstm,phase0_lstm,2026-07-30,2026-07-31,-0.0301935171908472,0.0036714923306134803,0.002031133252746001,1917.3729248046875,1860.345947265625,1924.4254835784704,ensemble
ETH,phase0,lstm,phase0_lstm,2026-07-31,2026-08-01,-0.0091411558801774,0.003468157668248731,0.0019096641854285511,1860.345947265625,1843.417724609375,1866.8091215035597,ensemble
ETH,phase0,lstm,phase0_lstm,2026-08-01,2026-08-02,0.0209910449816346,0.00273393577663224,0.001838502661146256,1843.417724609375,1882.52197265625,1848.4644057856622,ensemble
ETH,phase0,lstm,phase0_lstm,2026-08-02,2026-08-03,-0.0129736864450064,0.00191070198488882,0.002220700433484589,1882.52197265625,1858.2564697265625,1886.12234965439,ensemble
ETH,phase0,lstm,phase0_lstm,2026-08-03,2026-08-04,0.0054362176829138,0.0014485078951111002,0.0024980147257434495,1858.2564697265625,1868.3858642578125,1860.9501193094675,ensemble
ETH,phase0,lstm,phase0_lstm,2026-08-04,2026-08-05,0.0202078543669882,0.0011706248420523505,0.0028838532522416013,1868.3858642578125,1906.5260009765625,1870.5743238477178,ensemble
ETH,phase0,lstm,phase0_lstm,2026-08-05,2026-08-06,-0.0023465458558861,0.0014858564012683998,0.0034547406698032445,1906.5260009765625,1902.0574951171875,1909.3609304667905,ensemble
ETH,phase0,lstm,phase0_lstm,2026-08-06,2026-08-07,0.0058825505802162,0.0033038669498636998,0.003258501181979207,1902.0574951171875,1913.2794189453125,1908.3520324432773,ensemble
ETH,phase0,lstm,phase0_lstm,2026-08-07,2026-08-08,0.0011771484611133,0.00513586260494772,0.0036209129698675066,1913.2794189453125,1915.532958984375,1923.1310357864215,ensemble
ETH,phase0,lstm,phase0_lstm,2026-08-08,2026-08-09,-0.003582552655913,0.0059426837484352,0.004224670401657744,1915.532958984375,1908.6827392578125,1926.9502566634053,ensemble
ETH,phase0,lstm,phase0_lstm,2026-08-09,2026-08-10,-0.0197913520463313,0.00595481268828732,0.004352989156629114,1908.6827392578125,1871.2786865234373,1920.0824954718694,ensemble
ETH,phase0,lstm,phase0_lstm,2026-08-10,2026-08-11,0.0053801271136948,0.006529611081350539,0.004803512202620737,1871.2786865234373,1881.37353515625,1883.5373872904916,ensemble
ETH,phase0,lstm,phase0_lstm,2026-08-11,2026-08-12,-0.0017228455012013,0.00704020769335324,0.005254296253375808,1881.37353515625,1878.135009765625,1894.665529893428,ensemble
ETH,phase0,lstm,phase0_lstm,2026-08-12,2026-08-13,0.0031133074431306,0.00724123828113076,0.005340058223753595,1878.135009765625,1883.9913330078125,1891.7843924690767,ensemble
ETH,phase0,lstm,phase0_lstm,2026-08-13,2026-08-14,-0.0017751010807604,0.006791168428026099,0.004889683755010514,1883.9913330078125,1880.6500244140625,1896.8293787919956,ensemble
ETH,phase0,lstm,phase0_lstm,2026-08-14,2026-08-15,0.0001373371127861,0.006059838947840001,0.004590293806854994,1880.6500244140625,1880.9083251953125,1892.0810608185523,ensemble
ETH,phase0,lstm,phase0_lstm,2026-08-15,2026-08-16,-0.003710048377518,0.00496735876658926,0.004184006311213736,1880.9083251953125,1873.9429931640625,1890.274715504768,ensemble
ETH,phase0,lstm,phase0_lstm,2026-08-16,2026-08-17,0.0202107717270595,0.0038725073827663007,0.00394228704521627,1873.9429931640625,1912.2021484375,1881.2139205134704,ensemble
ETH,phase0,lstm,phase0_lstm,2026-08-17,2026-08-18,0.0022239875598747,0.0036416836956049805,0.0036093393735100138,1912.2021484375,1916.4595947265625,1919.178478908707,ensemble
ETH,phase0,lstm,phase0_lstm,2026-08-18,2026-08-19,0.1610984870542504,0.0035983144247438204,0.0032849737919029842,1916.4595947265625,2251.4580078125,1923.3680408572532,ensemble
ETH,phase0,lstm,phase0_lstm,2026-08-19,2026-08-20,0.0327374500344778,0.00517536681145426,0.003335731386429301,2251.4580078125,2326.384765625,2263.1403329470586,ensemble
ETH,phase0,lstm,phase0_lstm,2026-08-20,2026-08-21,0.0780693605915992,0.00680361632257694,0.004339396221566407,2326.384765625,2515.28173828125,2342.266560545666,ensemble
ETH,phase0,lstm,phase0_lstm,2026-08-21,2026-08-22,-0.0368621187101773,0.00797486775554712,0.005250137152565854,2515.28173828125,2424.251220703125,2535.4209746500064,ensemble
ETH,phase0,lstm,phase0_lstm,2026-08-22,2026-08-23,0.0161886325230095,0.00815838528797028,0.005330352485408403,2424.251220703125,2463.81591796875,2444.110094218024,ensemble
ETH,phase0,lstm,phase0_lstm,2026-08-23,2026-08-24,0.0072853803568115,0.007831856328994,0.004807341241889983,2463.81591796875,2481.831298828125,2483.1879306495307,ensemble
ETH,phase0,lstm,phase0_lstm,2026-08-24,2026-08-25,-0.0157046670742771,0.006793576246127439,0.003937399357657193,2481.831298828125,2443.159423828125,2498.7492104809144,ensemble
ETH,phase0,lstm,phase0_lstm,2026-08-25,2026-08-26,0.0254999480890524,0.00522151407785708,0.0029039883869382247,2443.159423828125,2506.260986328125,2455.949778602956,ensemble
ETH,phase0,lstm,phase0_lstm,2026-08-26,2026-08-27,0.0016541530230063,0.0034422159544191602,0.0022963931229797643,2506.260986328125,2510.41015625,2514.9029430888186,ensemble
ETH,phase0,lstm,phase0_lstm,2026-08-27,2026-08-28,-0.0274093504142575,0.00173340238688976,0.002948627511315627,2510.41015625,2442.535888671875,2514.7654808814405,ensemble
ETH,phase0,lstm,phase0_lstm,2026-08-28,2026-08-29,0.0061835722465449,0.0006276188214542404,0.0047088042545990316,2442.535888671875,2457.686279296875,2444.0693513323604,ensemble
ETH,phase0,lstm,phase0_lstm,2026-08-29,2026-08-30,-0.0163049615873888,-0.0002730531850829802,0.0067332456281486985,2457.686279296875,2417.938720703125,2457.015291842178,ensemble
ETH,phase0,lstm,phase0_lstm,2026-08-30,2026-08-31,0.0200145895501371,-0.0004736443515867399,0.007667587483196394,2417.938720703125,2466.8203125,2416.793748861709,ensemble
ETH,phase0,xgb,phase0_xgb,2025-10-31,2025-11-01,0.0070215866872251,-0.0004756804035423792,0.001665938171794652,3847.080322265625,3874.18798828125,3845.2507767194493,ensemble
ETH,phase0,xgb,phase0_xgb,2025-11-01,2025-11-02,0.0094731740475304,-0.00118168267945292,0.0017958768291083172,3874.18798828125,3911.063232421875,3869.6126312810225,ensemble
ETH,phase0,xgb,phase0_xgb,2025-11-02,2025-11-03,-0.0822344830552394,-0.01446277014911172,0.0023354545233709467,3911.063232421875,3602.30810546875,3854.9055009148533,ensemble
ETH,phase0,xgb,phase0_xgb,2025-11-03,2025-11-04,-0.0899050101356721,0.0045486272370908205,0.0055953600970034476,3602.30810546875,3292.574462890625,3618.7309846957755,ensemble
ETH,phase0,xgb,phase0_xgb,2025-11-04,2025-11-05,0.0394816688100728,-0.00621526059694582,0.007535182786622976,3292.574462890625,3425.171142578125,3272.173718213625,ensemble
ETH,phase0,xgb,phase0_xgb,2025-11-05,2025-11-06,-0.0335213636698541,0.00605341116024645,0.005943526791874602,3425.171142578125,3312.2578125,3445.9679942390885,ensemble
ETH,phase0,xgb,phase0_xgb,2025-11-06,2025-11-07,0.0364744811598151,0.01192500926554196,0.001850916552931718,3312.2578125,3435.301025390625,3351.992967771485,ensemble
ETH,phase0,xgb,phase0_xgb,2025-11-07,2025-11-08,-0.0102185497413461,-0.00011785762071665016,0.0027349181824387722,3435.301025390625,3400.3759765625,3434.8961728432746,ensemble
ETH,phase0,xgb,phase0_xgb,2025-11-08,2025-11-09,0.0522087429098387,0.0048545440891756995,0.002250927719724926,3400.3759765625,3582.621337890625,3416.923384223359,ensemble
ETH,phase0,xgb,phase0_xgb,2025-11-09,2025-11-10,-0.0039606305321747,-0.00130114492494612,0.004192439225462915,3582.621337890625,3568.4599609375,3577.962859653708,ensemble
ETH,phase0,xgb,phase0_xgb,2025-11-10,2025-11-11,-0.0438739864099317,-0.0026456967461854003,0.0032286278785443423,3568.4599609375,3415.2822265625,3559.0313761178245,ensemble
ETH,phase0,xgb,phase0_xgb,2025-11-11,2025-11-12,-0.000640851706814,-0.011069031432270959,0.0023136341430158155,3415.2822265625,3413.09423828125,3377.686816493667,ensemble
ETH,phase0,xgb,phase0_xgb,2025-11-12,2025-11-13,-0.0542839228098472,0.0034292410826310196,0.0043972409039334005,3413.09423828125,3232.757080078125,3424.8186526942177,ensemble
ETH,phase0,xgb,phase0_xgb,2025-11-13,2025-11-14,-0.0407128161836017,0.010003207996487561,0.004498526525204065,3232.757080078125,3103.78564453125,3265.2573037925977,ensemble
ETH,phase0,xgb,phase0_xgb,2025-11-14,2025-11-15,0.0200458143866448,0.0189858933910727,0.0023821563946275722,3103.78564453125,3166.63134765625,3163.276746725667,ensemble
ETH,phase0,xgb,phase0_xgb,2025-11-15,2025-11-16,-0.0235761973164414,-0.006793630650645319,0.004162095037986919,3166.63134765625,3092.847412109375,3145.191334100899,ensemble
ETH,phase0,xgb,phase0_xgb,2025-11-16,2025-11-17,-0.0223335360686421,-0.00632593660266134,0.00446245827310036,3092.847412109375,3024.538818359375,3073.344009143714,ensemble
ETH,phase0,xgb,phase0_xgb,2025-11-17,2025-11-18,0.0320287321061959,0.01011709710583086,0.0039645140164346225,3024.538818359375,3122.97900390625,3055.2936839384247,ensemble
ETH,phase0,xgb,phase0_xgb,2025-11-18,2025-11-19,-0.0325142190008236,0.00995937092229718,0.0038337529914411177,3122.97900390625,3023.07080078125,3154.2373083397433,ensemble
ETH,phase0,xgb,phase0_xgb,2025-11-19,2025-11-20,-0.0653684988267085,0.00509443776390978,0.0036305230028764878,3023.07080078125,2831.777587890625,3038.510942859631,ensemble
ETH,phase0,xgb,phase0_xgb,2025-11-20,2025-11-21,-0.0236111523857895,0.00492329327389594,0.005255881482399346,2831.777587890625,2765.69921875,2845.7536353021387,ensemble
ETH,phase0,xgb,phase0_xgb,2025-11-21,2025-11-22,0.0006897153274086,0.01185951922088856,0.0029832267293973215,2765.69921875,2767.607421875,2798.694348255699,ensemble
ETH,phase0,xgb,phase0_xgb,2025-11-22,2025-11-23,0.0122346182602878,0.01108663547784084,0.0053491285933196155,2767.607421875,2801.676025390625,2798.461594959892,ensemble
ETH,phase0,xgb,phase0_xgb,2025-11-23,2025-11-24,0.0525067184643922,0.0006450262095313399,0.006045277831622583,2801.676025390625,2952.71337890625,2803.48376281395,ensemble
ETH,phase0,xgb,phase0_xgb,2025-11-24,2025-11-25,0.0017672851723719,0.00419511595391662,0.0024277377394824056,2952.71337890625,2957.936279296875,2965.126372678866,ensemble
ETH,phase0,xgb,phase0_xgb,2025-11-25,2025-11-26,0.023348428095094,0.00120047704549504,0.0034335072823860353,2957.936279296875,3027.81201171875,2961.489346163108,ensemble
ETH,phase0,xgb,phase0_xgb,2025-11-26,2025-11-27,-0.0043922604267135,-0.011261931248009161,0.0014718893773903226,3027.81201171875,3014.542236328125,2993.90429259035,ensemble
ETH,phase0,xgb,phase0_xgb,2025-11-27,2025-11-28,0.005874882913213,-0.00685272114351386,0.003195828004044684,3014.542236328125,3032.304443359375,2993.955038733483,ensemble
ETH,phase0,xgb,phase0_xgb,2025-11-28,2025-11-29,-0.013485997805236,-0.00260448860935864,0.0023261920334464677,3032.304443359375,2991.685302734375,3024.417116661358,ensemble
ETH,phase0,xgb,phase0_xgb,2025-11-29,2025-11-30,0.0001428009786007,-0.0035160137340426003,0.0032728070171823688,2991.685302734375,2992.112548828125,2981.184966602456,ensemble
ETH,phase0,xgb,phase0_xgb,2025-11-30,2025-12-01,-0.0662927736435053,0.00099617688683796,0.0073282922927406504,2992.112548828125,2800.18896484375,2995.0947073241523,ensemble
ETH,phase0,xgb,phase0_xgb,2025-12-01,2025-12-02,0.068238382808925,0.00497948988340792,0.004914112126057631,2800.18896484375,2997.939697265625,2814.1672509499526,ensemble
ETH,phase0,xgb,phase0_xgb,2025-12-02,2025-12-03,0.0625882304633783,0.00247517129173502,0.005298635616984065,2997.939697265625,3191.57177734375,3005.369302518359,ensemble
ETH,phase0,xgb,phase0_xgb,2025-12-03,2025-12-04,-0.0181024175452983,0.0009136448497883799,0.0034415887556513256,3191.57177734375,3134.31640625,3194.4890729439667,ensemble
ETH,phase0,xgb,phase0_xgb,2025-12-04,2025-12-05,-0.0356875080281464,-0.01161878854036326,0.004212046070319231,3134.31640625,3024.432861328125,3098.1101901989528,ensemble
ETH,phase0,xgb,phase0_xgb,2025-12-05,2025-12-06,0.0052022663489112,0.0073863823898136,0.0024557875488425912,3024.432861328125,3040.207763671875,3046.855186945537,ensemble
ETH,phase0,xgb,phase0_xgb,2025-12-06,2025-12-07,0.0069143801565508,-0.013282250892370881,0.004267938383992088,3040.207763671875,3061.3017578125,3000.0939519775375,ensemble
ETH,phase0,xgb,phase0_xgb,2025-12-07,2025-12-08,0.0206574040037443,-0.00470157565141556,0.0035945130689854425,3061.3017578125,3125.197998046875,3046.942597795425,ensemble
ETH,phase0,xgb,phase0_xgb,2025-12-08,2025-12-09,0.0608029264224186,0.00251075628912076,0.0034943469215205263,3125.197998046875,3321.114990234375,3133.0544672878,ensemble
ETH,phase0,xgb,phase0_xgb,2025-12-09,2025-12-10,0.0012864345975214,-0.00767463588854294,0.004020908137105832,3321.114990234375,3325.39013671875,3295.7241991051837,ensemble
ETH,phase0,xgb,phase0_xgb,2025-12-10,2025-12-11,-0.0269224534884862,0.00017180915456264007,0.0035572294039650197,3325.39013671875,3237.056884765625,3325.9615182696157,ensemble
ETH,phase0,xgb,phase0_xgb,2025-12-11,2025-12-12,-0.0483811252686677,-0.00809637457132336,0.002671881428013774,3237.056884765625,3084.172607421875,3210.9542705769236,ensemble
ETH,phase0,xgb,phase0_xgb,2025-12-12,2025-12-13,0.0104898229476874,-0.01175951110199092,0.007122987791506819,3084.172607421875,3116.6953125,3048.116661057288,ensemble
ETH,phase0,xgb,phase0_xgb,2025-12-13,2025-12-14,-0.018163993601147,0.00040997401811184,0.0021768046430214083,3116.6953125,3060.5947265625,3117.973338561335,ensemble
ETH,phase0,xgb,phase0_xgb,2025-12-14,2025-12-15,-0.0320077701658808,-0.0097738868556916,0.002800127060147688,3060.5947265625,2964.18310546875,3030.826532450961,ensemble
ETH,phase0,xgb,phase0_xgb,2025-12-15,2025-12-16,-7.412721688312701e-07,0.00310259233228858,0.0030854184773501095,2964.18310546875,2964.180908203125,2973.3940387399834,ensemble
ETH,phase0,xgb,phase0_xgb,2025-12-16,2025-12-17,-0.0458281928487593,0.030302352458238556,0.004618551407540896,2964.180908203125,2831.403564453125,3055.377317516507,ensemble
ETH,phase0,xgb,phase0_xgb,2025-12-17,2025-12-18,-0.0015320294953636,-0.00759107980411496,0.006431458481420732,2831.403564453125,2827.069091796875,2809.991527101243,ensemble
ETH,phase0,xgb,phase0_xgb,2025-12-18,2025-12-19,0.0520015780613912,-0.00925111998803908,0.004742801026327455,2827.069091796875,2977.970703125,2801.0361390639373,ensemble
ETH,phase0,xgb,phase0_xgb,2025-12-19,2025-12-20,-0.0001303602133292,-0.00807703579775984,0.0026481662695266098,2977.970703125,2977.58251953125,2954.0144053279078,ensemble
ETH,phase0,xgb,phase0_xgb,2025-12-20,2025-12-21,0.0080383309849244,-0.0105980210937559,0.0027908534525585946,2977.58251953125,3001.61376953125,2946.1926661483794,ensemble
ETH,phase0,xgb,phase0_xgb,2025-12-21,2025-12-22,0.0014847515809792,0.00410432276548814,0.0031473879281497747,3001.61376953125,3006.07373046875,3013.958677672863,ensemble
ETH,phase0,xgb,phase0_xgb,2025-12-22,2025-12-23,-0.0143063268401752,-0.0057065722532570005,0.001152550478221909,3006.07373046875,2963.3740234375,2988.968206900341,ensemble
ETH,phase0,xgb,phase0_xgb,2025-12-23,2025-12-24,-0.0060191597554604,-0.0048946013441309,0.003471019583684172,2963.3740234375,2945.590576171875,2948.9049280725103,ensemble
ETH,phase0,xgb,phase0_xgb,2025-12-24,2025-12-25,-0.014365015056822,-0.01345580872148272,0.002973999046256185,2945.590576171875,2903.57958984375,2906.2207432967803,ensemble
ETH,phase0,xgb,phase0_xgb,2025-12-25,2025-12-26,0.0076050389079913,-0.009195287711918321,0.002602233516861693,2903.57958984375,2925.74560546875,2877.002718373795,ensemble
ETH,phase0,xgb,phase0_xgb,2025-12-26,2025-12-27,0.0075770385642638,0.00722765554673966,0.004307869642052437,2925.74560546875,2947.998291015625,2946.9684903849547,ensemble
ETH,phase0,xgb,phase0_xgb,2025-12-27,2025-12-28,0.000193273230984,0.005239637941122,0.0014097225036671047,2947.998291015625,2948.568115234375,2963.485272367771,ensemble
ETH,phase0,xgb,phase0_xgb,2025-12-28,2025-12-29,-0.0047695250401753,0.009970725793391401,0.0016492301114009553,2948.568115234375,2934.538330078125,2978.1145342352484,ensemble
ETH,phase0,xgb,phase0_xgb,2025-12-29,2025-12-30,0.0124887158133864,-0.0068280234932899,0.0027321544869072954,2934.538330078125,2971.416748046875,2914.569484872564,ensemble
ETH,phase0,xgb,phase0_xgb,2025-12-30,2025-12-31,-0.0014748454494985,0.01946296431124206,0.003884716387684654,2971.416748046875,2967.03759765625,3029.8157919359696,ensemble
ETH,phase0,xgb,phase0_xgb,2025-12-31,2026-01-01,0.011179695896671,-0.00855660084635014,0.0019171283702220528,2967.03759765625,3000.394287109375,2941.758148551725,ensemble
ETH,phase0,xgb,phase0_xgb,2026-01-01,2026-01-02,0.040505791423565,-0.00070694646856284,0.0024101467817035215,3000.394287109375,3124.422607421875,2998.2739185456494,ensemble
ETH,phase0,xgb,phase0_xgb,2026-01-02,2026-01-03,0.0004783333560596,-0.007805307162925559,0.003220349605812301,3124.422607421875,3125.91748046875,3100.1304564429142,ensemble
ETH,phase0,xgb,phase0_xgb,2026-01-03,2026-01-04,0.0047211981925699,0.013898542337119502,0.002554751991843576,3125.91748046875,3140.71044921875,3169.6664964431325,ensemble
ETH,phase0,xgb,phase0_xgb,2026-01-04,2026-01-05,0.0268343594600314,0.007205292908474739,0.003365084188053545,3140.71044921875,3226.13037109375,3163.4219110558015,ensemble
ETH,phase0,xgb,phase0_xgb,2026-01-05,2026-01-06,0.0214100727655341,0.00150707749999126,0.002438159365105748,3226.13037109375,3295.94677734375,3230.9960651561382,ensemble
ETH,phase0,xgb,phase0_xgb,2026-01-06,2026-01-07,-0.0399579577460706,0.00185558244120326,0.0030616129878429646,3295.94677734375,3166.843994140625,3302.06835610148,ensemble
ETH,phase0,xgb,phase0_xgb,2026-01-07,2026-01-08,-0.0199206616781398,0.0003828756976873,0.002099072836302692,3166.843994140625,3104.382568359375,3168.056733893823,ensemble
ETH,phase0,xgb,phase0_xgb,2026-01-08,2026-01-09,-0.0068964125191375,0.006599036976695,0.0012479814171708573,3104.382568359375,3083.047119140625,3124.936246370361,ensemble
ETH,phase0,xgb,phase0_xgb,2026-01-09,2026-01-10,-0.0002112169513613,0.00960842175409194,0.002031197622868624,3083.047119140625,3082.39599609375,3112.813109238743,ensemble
ETH,phase0,xgb,phase0_xgb,2026-01-10,2026-01-11,0.0117684321917196,0.00013390254462138,0.0017670339511234574,3082.39599609375,3118.88525390625,3082.808764395904,ensemble
ETH,phase0,xgb,phase0_xgb,2026-01-11,2026-01-12,-0.0085523492401958,0.00197802005568516,0.0029480359049211236,3118.88525390625,3092.3251953125,3125.060576932811,ensemble
ETH,phase0,xgb,phase0_xgb,2026-01-12,2026-01-13,0.0716724478508033,0.00202875707764176,0.001960982531933563,3092.3251953125,3322.095458984375,3098.6051400260576,ensemble
ETH,phase0,xgb,phase0_xgb,2026-01-13,2026-01-14,0.0097733550354151,0.02352900058031076,0.002890739248992689,3322.095458984375,3354.72265625,3401.1878789091083,ensemble
ETH,phase0,xgb,phase0_xgb,2026-01-14,2026-01-15,-0.0112777965317109,0.0052226754836737594,0.0016974966583555534,3354.72265625,3317.101318359375,3372.289116051751,ensemble
ETH,phase0,xgb,phase0_xgb,2026-01-15,2026-01-16,-0.0065388112427793,0.00497521413490172,0.0025380656909811446,3317.101318359375,3295.482177734375,3333.645729593056,ensemble
ETH,phase0,xgb,phase0_xgb,2026-01-16,2026-01-17,0.0040525125455037,-0.00258637373335656,0.001865383234901774,3295.482177734375,3308.8642578125,3286.969841977095,ensemble
ETH,phase0,xgb,phase0_xgb,2026-01-17,2026-01-18,-0.0084086840180541,0.006618738360702961,0.0016907872791005617,3308.8642578125,3281.15771484375,3330.837401634993,ensemble
ETH,phase0,xgb,phase0_xgb,2026-01-18,2026-01-19,-0.0292351847938204,0.01067749261856074,0.0030215563752339298,3281.15771484375,3186.62109375,3316.3799601196324,ensemble
ETH,phase0,xgb,phase0_xgb,2026-01-19,2026-01-20,-0.082047329409018,-0.00091934823431072,0.0032818528480017184,3186.62109375,2935.605712890625,3183.6928255294006,ensemble
ETH,phase0,xgb,phase0_xgb,2026-01-20,2026-01-21,0.0146406740972174,-0.00225002458319062,0.0007993241869722604,2935.605712890625,2978.901123046875,2929.0079532142895,ensemble
ETH,phase0,xgb,phase0_xgb,2026-01-21,2026-01-22,-0.0098736240513318,-0.00859059421345588,0.004157842089337206,2978.901123046875,2949.63330078125,2953.4201971479724,ensemble
ETH,phase0,xgb,phase0_xgb,2026-01-22,2026-01-23,0.001227550418774,0.00268265323247758,0.0035834302428296777,2949.63330078125,2953.25634765625,2957.5567672948887,ensemble
ETH,phase0,xgb,phase0_xgb,2026-01-23,2026-01-24,-0.0015302026847261,-0.0054208100773393605,0.004605464490430265,2953.25634765625,2948.74072265625,2937.290618574759,ensemble
ETH,phase0,xgb,phase0_xgb,2026-01-24,2026-01-25,-0.0460954469109645,-0.00308115010848264,0.0015199882629307957,2948.74072265625,2815.90234375,2939.6691924086567,ensemble
ETH,phase0,xgb,phase0_xgb,2026-01-25,2026-01-26,0.0385097283715548,0.030387899652123417,0.004534077827588805,2815.90234375,2926.45703125,2902.785108264006,ensemble
ETH,phase0,xgb,phase0_xgb,2026-01-26,2026-01-27,0.0321961750433529,-0.00187436167616398,0.004991940750383263,2926.45703125,3022.2109375,2920.9769297941652,ensemble
ETH,phase0,xgb,phase0_xgb,2026-01-27,2026-01-28,-0.0051763213071971,-0.007098077097907621,0.0033064466141888038,3022.2109375,3006.607421875,3000.8350050159124,ensemble
ETH,phase0,xgb,phase0_xgb,2026-01-28,2026-01-29,-0.0647023664323781,-0.0200601644814014,0.002179893285151147,3006.607421875,2818.232666015625,2946.89530231487,ensemble
ETH,phase0,xgb,phase0_xgb,2026-01-29,2026-01-30,-0.0419788679682719,-0.003248435864225,0.004986525205795239,2818.232666015625,2702.375244140625,2809.0926713302333,ensemble
ETH,phase0,xgb,phase0_xgb,2026-01-30,2026-01-31,-0.1000484393792718,-0.00144394090166314,0.0031845060650829873,2702.375244140625,2445.091796875,2698.4759898178536,ensemble
ETH,phase0,xgb,phase0_xgb,2026-01-31,2026-02-01,-0.0751997822029002,0.01219559106975788,0.0021154726593310583,2445.091796875,2267.96484375,2475.0937102371477,ensemble
ETH,phase0,xgb,phase0_xgb,2026-02-01,2026-02-02,0.0331281466529906,0.0318182252347469,0.0070457763976538405,2267.96484375,2344.356689453125,2341.2877768695967,ensemble
ETH,phase0,xgb,phase0_xgb,2026-02-02,2026-02-03,-0.0511047370755369,-0.0236154973506927,0.006134937119169698,2344.356689453125,2227.558837890625,2289.6421387254777,ensemble
ETH,phase0,xgb,phase0_xgb,2026-02-03,2026-02-04,-0.0384643510086561,0.016242717485874837,0.0064521388825350716,2227.558837890625,2143.504150390625,2264.035888025406,ensemble
ETH,phase0,xgb,phase0_xgb,2026-02-04,2026-02-05,-0.1626810863573628,-0.00049475539708506,0.0033450985798478424,2143.504150390625,1821.68310546875,2142.443902446869,ensemble
ETH,phase0,xgb,phase0_xgb,2026-02-05,2026-02-06,0.124587932433777,0.01337054958567018,0.004310826365407637,1821.68310546875,2063.386962890625,1846.203570510851,ensemble
ETH,phase0,xgb,phase0_xgb,2026-02-06,2026-02-07,0.0130780728606268,-0.005931340670213081,0.007856619448744235,2063.386962890625,2090.54931640625,2051.1845360288476,ensemble
ETH,phase0,xgb,phase0_xgb,2026-02-07,2026-02-08,-0.0008548665199209,0.0237092604860663,0.005022200127638578,2090.54931640625,2088.762939453125,2140.7069452858573,ensemble
ETH,phase0,xgb,phase0_xgb,2026-02-08,2026-02-09,0.0070627775205607,0.0114336790516972,0.004674040199005338,2088.762939453125,2103.567626953125,2112.7822373216536,ensemble
ETH,phase0,xgb,phase0_xgb,2026-02-09,2026-02-10,-0.0407860866012557,0.00604779077693816,0.0073318457783833405,2103.567626953125,2019.4974365234373,2116.3281113222247,ensemble
ETH,phase0,xgb,phase0_xgb,2026-02-10,2026-02-11,-0.0398404875978916,0.00773495661560442,0.007308048429085894,2019.4974365234373,1940.621337890625,2035.1787304607544,ensemble
ETH,phase0,xgb,phase0_xgb,2026-02-11,2026-02-12,0.003251056309532,0.00035638466943058004,0.004516399473965923,1940.621337890625,1946.940673828125,1941.3130688384501,ensemble
ETH,phase0,xgb,phase0_xgb,2026-02-12,2026-02-13,0.0508619107271356,-0.01025114022195332,0.004143899567586796,1946.940673828125,2048.52734375,1927.084261296874,ensemble
ETH,phase0,xgb,phase0_xgb,2026-02-13,2026-02-14,0.0181318719779937,0.0072097691241651395,0.003505557121490264,2048.52734375,2086.009765625,2063.3501231433434,ensemble
ETH,phase0,xgb,phase0_xgb,2026-02-14,2026-02-15,-0.0592301606634175,0.0100266167428344,0.005790740242293909,2086.009765625,1966.04296875,2107.0305938538413,ensemble
ETH,phase0,xgb,phase0_xgb,2026-02-15,2026-02-16,0.0160826230924268,0.0027688626432791205,0.0034160539551888617,1966.04296875,1997.917724609375,1971.494215074697,ensemble
ETH,phase0,xgb,phase0_xgb,2026-02-16,2026-02-17,-0.002868787898831,-0.00282519807806236,0.003949639237993596,1997.917724609375,1992.1943359375,1992.2811772242244,ensemble
ETH,phase0,xgb,phase0_xgb,2026-02-17,2026-02-18,-0.0193714031392413,0.00543793625547548,0.006295004607221053,1992.1943359375,1953.97412109375,2003.0572709498085,ensemble
ETH,phase0,xgb,phase0_xgb,2026-02-18,2026-02-19,-0.0029589012528701,0.03597769066691394,0.0036290199234150174,1953.97412109375,1948.2010498046875,2025.5535072718533,ensemble
ETH,phase0,xgb,phase0_xgb,2026-02-19,2026-02-20,0.0106307366647911,-0.00278948949417098,0.00522238119356734,1948.2010498046875,1969.0223388671875,1942.7741361220908,ensemble
ETH,phase0,xgb,phase0_xgb,2026-02-20,2026-02-21,0.0023916477643178,0.00297647143888752,0.0034242988432928666,1969.0223388671875,1973.7371826171875,1974.891808442311,ensemble
ETH,phase0,xgb,phase0_xgb,2026-02-21,2026-02-22,-0.0081043810251791,-0.0022393064922653,0.00347049020328172,1973.7371826171875,1957.805908203125,1969.322325084551,ensemble
ETH,phase0,xgb,phase0_xgb,2026-02-22,2026-02-23,-0.0536686969675083,0.00363699943700338,0.003511885085820499,1957.805908203125,1855.5028076171875,1964.939411599583,ensemble
ETH,phase0,xgb,phase0_xgb,2026-02-23,2026-02-24,-0.0013662367634113,0.00391318337060508,0.00606640927666516,1855.5028076171875,1852.969482421875,1862.7779555583418,ensemble
ETH,phase0,xgb,phase0_xgb,2026-02-24,2026-02-25,0.1033052975560529,-0.00210474090999922,0.0023408863245923837,1852.969482421875,2054.6279296875,1849.0735631358152,ensemble
ETH,phase0,xgb,phase0_xgb,2026-02-25,2026-02-26,-0.013640230652308,0.00985428411513562,0.0051572146021028565,2054.6279296875,2026.7926025390625,2074.9749048421627,ensemble
ETH,phase0,xgb,phase0_xgb,2026-02-26,2026-02-27,-0.0485398835848207,0.008263005269691301,0.006143987031223198,2026.7926025390625,1930.7618408203125,2043.6093833852608,ensemble
ETH,phase0,xgb,phase0_xgb,2026-02-27,2026-02-28,0.0176033024159378,-0.01775753106921906,0.0027037762509793937,1930.7618408203125,1965.050537109375,1896.7788970167478,ensemble
ETH,phase0,xgb,phase0_xgb,2026-02-28,2026-03-01,-0.0133112143616734,-0.03134310059249396,0.0010803379385586906,1965.050537109375,1939.066650390625,1904.4149775755056,ensemble
ETH,phase0,xgb,phase0_xgb,2026-03-01,2026-03-02,0.0444827788226515,0.00238198209262916,0.0029493105429924094,1939.066650390625,2027.2689208984373,1943.6909777743056,ensemble
ETH,phase0,xgb,phase0_xgb,2026-03-02,2026-03-03,-0.0221952153909645,0.006531049450859359,0.004577011151583035,2027.2689208984373,1982.7689208984373,2040.5524449302577,ensemble
ETH,phase0,xgb,phase0_xgb,2026-03-03,2026-03-04,0.0699856488077349,-0.03913438916206356,0.006641788988730248,1982.7689208984373,2126.50537109375,1906.6731623203789,ensemble
ETH,phase0,xgb,phase0_xgb,2026-03-04,2026-03-05,-0.0261560660671297,-0.00251171980053184,0.007105317905449013,2126.50537109375,2071.60546875,2121.1708876156126,ensemble
ETH,phase0,xgb,phase0_xgb,2026-03-05,2026-03-06,-0.0458579463127646,-0.01422502975910896,0.0037447037821138683,2071.60546875,1978.751220703125,2042.3454252024158,ensemble
ETH,phase0,xgb,phase0_xgb,2026-03-06,2026-03-07,-0.0047088687763537,0.00494556531775742,0.004267724219338011,1978.751220703125,1969.4554443359373,1988.5615028126979,ensemble
ETH,phase0,xgb,phase0_xgb,2026-03-07,2026-03-08,-0.0168207764579134,-0.02207880243659014,0.005250286125383433,1969.4554443359373,1936.604736328125,1926.4487419536297,ensemble
ETH,phase0,xgb,phase0_xgb,2026-03-08,2026-03-09,0.02867374460359,-0.02393169663846486,0.00561710456935264,1936.604736328125,1992.938232421875,1890.808673704525,ensemble
ETH,phase0,xgb,phase0_xgb,2026-03-09,2026-03-10,0.0219272344781229,-0.01051186905242498,0.006570354211324786,1992.938232421875,2037.1204833984373,1972.0984511174036,ensemble
ETH,phase0,xgb,phase0_xgb,2026-03-10,2026-03-11,0.0070696510693724,-0.001780552443233305,0.00412300027751519,2037.1204833984373,2051.5732421875,2033.496510838603,ensemble
ETH,phase0,xgb,phase0_xgb,2026-03-11,2026-03-12,0.0104556138377322,-0.020101600326597642,0.006809019269284093,2051.5732421875,2073.13623046875,2010.745067449832,ensemble
ETH,phase0,xgb,phase0_xgb,2026-03-12,2026-03-13,0.0093273103225432,-0.0105918845161795,0.002019232672510403,2073.13623046875,2092.5634765625,2051.2936919575855,ensemble
ETH,phase0,xgb,phase0_xgb,2026-03-13,2026-03-14,0.0021592233043722,0.0043445657473057,0.002736181456269723,2092.5634765625,2097.086669921875,2101.6745336289423,ensemble
ETH,phase0,xgb,phase0_xgb,2026-03-14,2026-03-15,0.0376174725748984,-0.0032271708827465,0.0015652541044421703,2097.086669921875,2177.476318359375,2090.3299213373407,ensemble
ETH,phase0,xgb,phase0_xgb,2026-03-15,2026-03-16,0.0767490852405507,-0.01136864554136988,0.0026544614281662064,2177.476318359375,2351.176025390625,2152.8615453489883,ensemble
ETH,phase0,xgb,phase0_xgb,2026-03-16,2026-03-17,-0.0141878287469072,-0.00565029210411006,0.003442361315007116,2351.176025390625,2318.053466796875,2337.9286550593692,ensemble
ETH,phase0,xgb,phase0_xgb,2026-03-17,2026-03-18,-0.0506029181915626,0.01025122711434954,0.0044546431168642235,2318.053466796875,2203.671630859375,2341.938576019044,ensemble
ETH,phase0,xgb,phase0_xgb,2026-03-18,2026-03-19,-0.0305236071486406,-0.02413418702781196,0.0041017464261284475,2203.671630859375,2137.423828125,2151.1244498429264,ensemble
ETH,phase0,xgb,phase0_xgb,2026-03-19,2026-03-20,0.0042359585854312,-0.01730063837021584,0.0025294328475435725,2137.423828125,2146.4970703125,2100.7630730761666,ensemble
ETH,phase0,xgb,phase0_xgb,2026-03-20,2026-03-21,-0.0330619920061079,0.00547605990432196,0.003081469335543903,2146.4970703125,2076.68994140625,2158.2836594341143,ensemble
ETH,phase0,xgb,phase0_xgb,2026-03-21,2026-03-22,-0.0114495680945266,-0.0007700208079768114,0.001973940546029823,2076.68994140625,2053.04833984375,2075.0914624496622,ensemble
ETH,phase0,xgb,phase0_xgb,2026-03-22,2026-03-23,0.0471397983356827,0.00616497049340972,0.005857013293826847,2053.04833984375,2152.14599609375,2065.7444175411442,ensemble
ETH,phase0,xgb,phase0_xgb,2026-03-23,2026-03-24,0.0016520306586044,-0.01659617442637678,0.0017468024995695673,2152.14599609375,2155.704345703125,2116.7233589272973,ensemble
ETH,phase0,xgb,phase0_xgb,2026-03-24,2026-03-25,0.0056974805873912,0.018586791679263078,0.0021853702697342665,2155.704345703125,2168.021484375,2196.1466554017593,ensemble
ETH,phase0,xgb,phase0_xgb,2026-03-25,2026-03-26,-0.051313706617151,-0.014018475450575302,0.0032738303119082554,2168.021484375,2059.578369140625,2137.8411637076842,ensemble
ETH,phase0,xgb,phase0_xgb,2026-03-26,2026-03-27,-0.0337276698924535,-0.0146531209349632,0.0042359610483782,2059.578369140625,1991.27197265625,2029.619152289629,ensemble
ETH,phase0,xgb,phase0_xgb,2026-03-27,2026-03-28,0.0007141663784116,-0.00830034529790278,0.00206787964897672,1991.27197265625,1992.694580078125,1974.8121333768981,ensemble
ETH,phase0,xgb,phase0_xgb,2026-03-28,2026-03-29,-0.005098999439741,0.00673846890858836,0.005646200123305478,1992.694580078125,1982.5596923828125,2006.1676334450713,ensemble
ETH,phase0,xgb,phase0_xgb,2026-03-29,2026-03-30,0.0204472613935491,-0.00252187591977418,0.005204000378602113,1982.5596923828125,2023.514892578125,1977.5662219379929,ensemble
ETH,phase0,xgb,phase0_xgb,2026-03-30,2026-03-31,0.039340814763852,-0.009897999092936479,0.003338448867340632,2023.514892578125,2104.708251953125,2003.5849400447216,ensemble
ETH,phase0,xgb,phase0_xgb,2026-03-31,2026-04-01,0.0160386363168273,0.00212658999662378,0.003220168544995107,2104.708251953125,2138.737060546875,2109.18886599345,ensemble
ETH,phase0,xgb,phase0_xgb,2026-04-01,2026-04-02,-0.0390385754759657,0.01425636094063516,0.0013520123967289675,2138.737060546875,2056.8525390625,2169.446047121608,ensemble
ETH,phase0,xgb,phase0_xgb,2026-04-02,2026-04-03,-0.0016871461717564,0.00440297663444648,0.0043985058191534305,2056.8525390625,2053.38525390625,2065.9287793065405,ensemble
ETH,phase0,xgb,phase0_xgb,2026-04-03,2026-04-04,0.005810685555501,0.0093136610463261,0.0010462868606269866,2053.38525390625,2065.3515625,2072.599125009157,ensemble
ETH,phase0,xgb,phase0_xgb,2026-04-04,2026-04-05,0.0209113576842589,0.00864193383604282,0.003348763645660962,2065.3515625,2108.99560546875,2083.277540043525,ensemble
ETH,phase0,xgb,phase0_xgb,2026-04-05,2026-04-06,-0.0005853459761497,0.0018378978827968202,0.002200596722414468,2108.99560546875,2107.761474609375,2112.8752881650876,ensemble
ETH,phase0,xgb,phase0_xgb,2026-04-06,2026-04-07,0.0616556049703287,-0.01019924767315382,0.0013480255117671483,2107.761474609375,2241.806640625,2086.373151107347,ensemble
ETH,phase0,xgb,phase0_xgb,2026-04-07,2026-04-08,-0.0232273715270305,0.0159252611920237,0.004274456290448934,2241.806640625,2190.33544921875,2277.7937887184394,ensemble
ETH,phase0,xgb,phase0_xgb,2026-04-08,2026-04-09,-0.0005440857898826,-0.00410919259884392,0.0030952222469435137,2190.33544921875,2189.14404296875,2181.3534061131877,ensemble
ETH,phase0,xgb,phase0_xgb,2026-04-09,2026-04-10,0.0252611274355671,0.01852121036499736,0.003226559171272666,2189.14404296875,2245.148681640625,2230.0674459448046,ensemble
ETH,phase0,xgb,phase0_xgb,2026-04-10,2026-04-11,0.0177650010386669,0.01588242575526232,0.0010931298556558107,2245.148681640625,2285.39013671875,2281.0917650080814,ensemble
ETH,phase0,xgb,phase0_xgb,2026-04-11,2026-04-12,-0.0416306075771206,0.01684677414596076,0.00369446914856349,2285.39013671875,2192.201171875,2324.2177297195353,ensemble
ETH,phase0,xgb,phase0_xgb,2026-04-12,2026-04-13,0.0782853911386856,0.02383522316813462,0.004308258124744894,2192.201171875,2370.71484375,2245.080467493103,ensemble
ETH,phase0,xgb,phase0_xgb,2026-04-13,2026-04-14,-0.0201992437703363,-0.0098012083675712,0.00384648965556147,2370.71484375,2323.30859375,2347.592472278075,ensemble
ETH,phase0,xgb,phase0_xgb,2026-04-14,2026-04-15,0.0154307484890148,0.012131087668240021,0.002170678051455783,2323.30859375,2359.43701171875,2351.664500230018,ensemble
ETH,phase0,xgb,phase0_xgb,2026-04-15,2026-04-16,-0.0045844617903412,0.007251101732254001,0.0036400548103871786,2359.43701171875,2348.64501953125,2376.607707518578,ensemble
ETH,phase0,xgb,phase0_xgb,2026-04-16,2026-04-17,0.0303717508925751,0.00566721288487312,0.002615627477773965,2348.64501953125,2421.07177734375,2361.993078267877,ensemble
ETH,phase0,xgb,phase0_xgb,2026-04-17,2026-04-18,-0.0293267723614628,-0.00026804072258524006,0.0028049877673432784,2421.07177734375,2351.1005859375,2420.4229184793044,ensemble
ETH,phase0,xgb,phase0_xgb,2026-04-18,2026-04-19,-0.0373454427406088,0.00921428212895982,0.002703802291717805,2351.1005859375,2264.9169921875,2372.8644050504117,ensemble
ETH,phase0,xgb,phase0_xgb,2026-04-19,2026-04-20,0.0219633235792397,-0.0035739518876653,0.004606449987807512,2264.9169921875,2315.21240234375,2256.8367356527606,ensemble
ETH,phase0,xgb,phase0_xgb,2026-04-20,2026-04-21,0.0054954065471357,-0.01982447747141118,0.0030426983492552544,2315.21240234375,2327.970458984375,2269.766485391895,ensemble
ETH,phase0,xgb,phase0_xgb,2026-04-21,2026-04-22,0.0204586542200399,0.009355736337602099,0.0032479159176722204,2327.970458984375,2376.088134765625,2349.8525386734614,ensemble
ETH,phase0,xgb,phase0_xgb,2026-04-22,2026-04-23,-0.0189376886242059,-0.02217829935252664,0.007055110501445704,2376.088134765625,2331.513916015625,2323.970616056908,ensemble
ETH,phase0,xgb,phase0_xgb,2026-04-23,2026-04-24,-0.0068100265350662,0.0009733365150168198,0.004174956089587829,2331.513916015625,2315.690185546875,2333.7843684232203,ensemble
ETH,phase0,xgb,phase0_xgb,2026-04-24,2026-04-25,0.0013545812633985,0.00565619263797994,0.0015550776502525135,2315.690185546875,2318.8291015625,2328.825287641363,ensemble
ETH,phase0,xgb,phase0_xgb,2026-04-25,2026-04-26,0.021713243592728,0.00553096905350682,0.002927976871695515,2318.8291015625,2369.72900390625,2331.6900074134332,ensemble
ETH,phase0,xgb,phase0_xgb,2026-04-26,2026-04-27,-0.0285352092391055,-0.00274384166114028,0.006037351840055739,2369.72900390625,2303.06396484375,2363.2357550368934,ensemble
ETH,phase0,xgb,phase0_xgb,2026-04-27,2026-04-28,-0.0059420254123551,-0.0049781250301748,0.003345481563991116,2303.06396484375,2289.419677734375,2291.627514132946,ensemble
ETH,phase0,xgb,phase0_xgb,2026-04-28,2026-04-29,-0.0158511839185899,0.01110662166029212,0.0017776823927399211,2289.419677734375,2253.415771484375,2314.9891281755413,ensemble
ETH,phase0,xgb,phase0_xgb,2026-04-29,2026-04-30,0.0012574984349416,0.0081463230773806,0.0037365161276132573,2253.415771484375,2256.251220703125,2271.84779907947,ensemble
ETH,phase0,xgb,phase0_xgb,2026-04-30,2026-05-01,0.0170690082206223,-0.01008770046755668,0.0055870521261277405,2256.251220703125,2295.09375,2233.605249138804,ensemble
ETH,phase0,xgb,phase0_xgb,2026-05-01,2026-05-02,0.0091680063840355,-0.0033089892705901796,0.0021970531268590307,2295.09375,2316.23193359375,2287.5118605198218,ensemble
ETH,phase0,xgb,phase0_xgb,2026-05-02,2026-05-03,0.0023302997915724,-0.0024304164340719,0.0013251680067346405,2316.23193359375,2321.6357421875,2310.6093608015553,ensemble
ETH,phase0,xgb,phase0_xgb,2026-05-03,2026-05-04,0.0106089499454062,0.006833684630691961,0.0027476352092866024,2321.6357421875,2346.39697265625,2337.5554016902274,ensemble
ETH,phase0,xgb,phase0_xgb,2026-05-04,2026-05-05,0.0062816540296977,0.012655814178287941,0.005619998961890484,2346.39697265625,2361.1826171875,2376.281242736867,ensemble
ETH,phase0,xgb,phase0_xgb,2026-05-05,2026-05-06,-0.0044060551410634,0.007588021829724239,0.003236027586574753,2361.1826171875,2350.802001953125,2379.1674708674927,ensemble
ETH,phase0,xgb,phase0_xgb,2026-05-06,2026-05-07,-0.0257211497884926,0.00150522350450044,0.005962956237613519,2350.802001953125,2291.107666015625,2354.3431488210435,ensemble
ETH,phase0,xgb,phase0_xgb,2026-05-07,2026-05-08,0.0069005173801773,0.00579641917720432,0.0023901550696225414,2291.107666015625,2306.97216796875,2304.4264497638437,ensemble
ETH,phase0,xgb,phase0_xgb,2026-05-08,2026-05-09,0.0085267708032934,-0.00036817277141378,0.00192913321412959,2306.97216796875,2326.727294921875,2306.1229599693183,ensemble
ETH,phase0,xgb,phase0_xgb,2026-05-09,2026-05-10,0.0180237894016022,-0.0025171013083308603,0.0011233778147034976,2326.727294921875,2369.0439453125,2320.8780512614353,ensemble
ETH,phase0,xgb,phase0_xgb,2026-05-10,2026-05-11,-0.0126087284649131,0.01025504125282166,0.0029330626619150234,2369.0439453125,2339.36083984375,2393.463586908368,ensemble
ETH,phase0,xgb,phase0_xgb,2026-05-11,2026-05-12,-0.0280543858235066,-0.00944278175011272,0.0013855874514181598,2339.36083984375,2274.6435546875,2317.374734363883,ensemble
ETH,phase0,xgb,phase0_xgb,2026-05-12,2026-05-13,-0.0075315052922758,-0.0046981530729680605,0.0019693233106771748,2274.6435546875,2257.576416015625,2263.981995510368,ensemble
ETH,phase0,xgb,phase0_xgb,2026-05-13,2026-05-14,0.010293509698889,-0.00499498320277778,0.005422137326313828,2257.576416015625,2280.934814453125,2246.3279760103196,ensemble
ETH,phase0,xgb,phase0_xgb,2026-05-14,2026-05-15,-0.025579807171991,-0.00446769944392138,0.0016216628142064933,2280.934814453125,2223.328857421875,2270.7670135030203,ensemble
ETH,phase0,xgb,phase0_xgb,2026-05-15,2026-05-16,-0.0197944707467758,0.00113368547754362,0.0019134112319731935,2223.328857421875,2179.751953125,2225.850842358073,ensemble
ETH,phase0,xgb,phase0_xgb,2026-05-16,2026-05-17,-0.024195229175847,0.011413483042269901,0.002894662292081691,2179.751953125,2127.645263671875,2204.773032290664,ensemble
ETH,phase0,xgb,phase0_xgb,2026-05-17,2026-05-18,0.0004092183281597,-0.00638809094671156,0.005252499056994363,2127.645263671875,2128.51611328125,2114.0969920934976,ensemble
ETH,phase0,xgb,phase0_xgb,2026-05-18,2026-05-19,-0.0087542537236926,0.00529330559074874,0.0032566964843238244,2128.51611328125,2109.9638671875,2139.812871743988,ensemble
ETH,phase0,xgb,phase0_xgb,2026-05-19,2026-05-20,0.0080339082480059,0.012616996280848941,0.004405423245423058,2109.9638671875,2126.9833984375,2136.7539230819852,ensemble
ETH,phase0,xgb,phase0_xgb,2026-05-20,2026-05-21,0.0020793039085529,-0.0029018123401328396,0.0011499112658983448,2126.9833984375,2131.41064453125,2120.820238256538,ensemble
ETH,phase0,xgb,phase0_xgb,2026-05-21,2026-05-22,-0.0318296288802969,0.01102590644732114,0.0054575034684631535,2131.41064453125,2064.636962890625,2155.0414148298537,ensemble
ETH,phase0,xgb,phase0_xgb,2026-05-22,2026-05-23,0.0245501473754652,0.00262752458220344,0.0028789666539576655,2064.636962890625,2115.951416015625,2070.068980518702,ensemble
ETH,phase0,xgb,phase0_xgb,2026-05-23,2026-05-24,-0.0085229526741993,0.00392261361703274,0.002406669113172294,2115.951416015625,2097.993896484375,2124.2677761231894,ensemble
ETH,phase0,xgb,phase0_xgb,2026-05-24,2026-05-25,0.0063555962617687,0.00614886695984748,0.0032927453260491453,2097.993896484375,2111.370361328125,2110.9339243209433,ensemble
ETH,phase0,xgb,phase0_xgb,2026-05-25,2026-05-26,-0.0193741083637812,-0.0021413421723991003,0.0006069217060243738,2111.370361328125,2070.858154296875,2106.8540321606592,ensemble
ETH,phase0,xgb,phase0_xgb,2026-05-26,2026-05-27,-0.0237779302438843,0.0012490010645705599,0.0006644890539121779,2070.858154296875,2022.1982421875,2073.4462742820183,ensemble
ETH,phase0,xgb,phase0_xgb,2026-05-27,2026-05-28,-0.0072687232435778,0.00446803015656764,0.0018817440720460198,2022.1982421875,2007.552734375,2031.2536998804537,ensemble
ETH,phase0,xgb,phase0_xgb,2026-05-28,2026-05-29,0.0022021388879798,0.00313769564381794,0.003366149399786733,2007.552734375,2011.978515625,2013.8617165011867,ensemble
ETH,phase0,xgb,phase0_xgb,2026-05-29,2026-05-30,0.0037107092790728,0.0123151089996099,0.003236224132926931,2011.978515625,2019.458251953125,2036.9094488411897,ensemble
ETH,phase0,xgb,phase0_xgb,2026-05-30,2026-05-31,-0.0075136791444324,-0.0003015417081769599,0.002727009181792817,2019.458251953125,2004.341552734375,2018.849392865057,ensemble
ETH,phase0,xgb,phase0_xgb,2026-05-31,2026-06-01,-0.0005591235515652,-0.0077962112147360405,0.00437099881187108,2004.341552734375,2003.22119140625,1988.7760375054156,ensemble
ETH,phase0,xgb,phase0_xgb,2026-06-01,2026-06-02,-0.0754085383512764,-0.0033041840510122217,0.0027817886774363218,2003.22119140625,1857.71630859375,1996.6131030770437,ensemble
ETH,phase0,xgb,phase0_xgb,2026-06-02,2026-06-03,-0.0250644830015835,0.01849940083920952,0.0030680204435714954,1857.71630859375,1811.7322998046875,1892.402797646456,ensemble
ETH,phase0,xgb,phase0_xgb,2026-06-03,2026-06-04,-0.0235409089196176,0.00655111847445364,0.001731768133674427,1811.7322998046875,1769.58056640625,1823.6401349766934,ensemble
ETH,phase0,xgb,phase0_xgb,2026-06-04,2026-06-05,-0.1127730163581579,0.00551962001482022,0.004103640416685893,1769.58056640625,1580.86083984375,1779.3749845851794,ensemble
ETH,phase0,xgb,phase0_xgb,2026-06-05,2026-06-06,-0.0076791271868011,0.009383819528738919,0.008117649714866115,1580.86083984375,1568.7677001953125,1595.7651730836317,ensemble
ETH,phase0,xgb,phase0_xgb,2026-06-06,2026-06-07,0.0723034430725498,0.03334511518478388,0.007648484142369267,1568.7677001953125,1686.396240234375,1621.9603690534148,ensemble
ETH,phase0,xgb,phase0_xgb,2026-06-07,2026-06-08,0.0022225802428663,0.021350909024476956,0.009944347955383362,1686.396240234375,1690.1485595703125,1722.789464639098,ensemble
ETH,phase0,xgb,phase0_xgb,2026-06-08,2026-06-09,-0.0315195419215522,0.0050627626595087395,0.006033935574740588,1690.1485595703125,1637.7066650390625,1698.7270777641236,ensemble
ETH,phase0,xgb,phase0_xgb,2026-06-09,2026-06-10,-0.0107857454824715,0.00791162196546788,0.0025562597800348873,1637.7066650390625,1620.1376953125,1650.7149716120202,ensemble
ETH,phase0,xgb,phase0_xgb,2026-06-10,2026-06-11,0.0316772045187946,-0.00241861398390028,0.0064986322342488545,1620.1376953125,1672.2806396484375,1616.2239424633128,ensemble
ETH,phase0,xgb,phase0_xgb,2026-06-11,2026-06-12,-0.0042864654394683,-0.012774775177240318,0.0038265160590017075,1672.2806396484375,1665.1278076171875,1651.053505058886,ensemble
ETH,phase0,xgb,phase0_xgb,2026-06-12,2026-06-13,0.0090196413020536,0.00641113710589702,0.003918887476849007,1665.1278076171875,1680.214599609375,1675.837464145905,ensemble
ETH,phase0,xgb,phase0_xgb,2026-06-13,2026-06-14,0.0260813174474448,-0.00902793696150178,0.002944325490980783,1680.214599609375,1724.61328125,1665.113994341253,ensemble
ETH,phase0,xgb,phase0_xgb,2026-06-14,2026-06-15,0.0399805553119012,-0.008068051002919619,0.0035799708909240806,1724.61328125,1794.961181640625,1710.7549931975361,ensemble
ETH,phase0,xgb,phase0_xgb,2026-06-15,2026-06-16,-0.002545346375384,-0.0039803770370780995,0.0012976639478825532,1794.961181640625,1790.398193359375,1787.8307596688924,ensemble
ETH,phase0,xgb,phase0_xgb,2026-06-16,2026-06-17,-0.0240312789660825,-0.00247703301720322,0.006639361367337555,1790.398193359375,1747.885498046875,1785.9688060545625,ensemble
ETH,phase0,xgb,phase0_xgb,2026-06-17,2026-06-18,-0.0221862751067949,-0.013174243783578241,0.006625878325643881,1747.885498046875,1709.533447265625,1725.0094465934842,ensemble
ETH,phase0,xgb,phase0_xgb,2026-06-18,2026-06-19,0.0008472258287815,-0.01761854719370598,0.00423097068360166,1709.533447265625,1710.982421875,1679.6777310153543,ensemble
ETH,phase0,xgb,phase0_xgb,2026-06-19,2026-06-20,0.0164158122645686,-0.01375513933598992,0.003799363004907426,1710.982421875,1739.3013916015625,1687.6087428976023,ensemble
ETH,phase0,xgb,phase0_xgb,2026-06-20,2026-06-21,-0.0201644551603129,-4.7306146007040006e-05,0.0032750040395506516,1739.3013916015625,1704.58056640625,1739.219113902117,ensemble
ETH,phase0,xgb,phase0_xgb,2026-06-21,2026-06-22,0.012783452112487,0.0053594197146594,0.002788179849054558,1704.58056640625,1726.5108642578125,1713.7406535491725,ensemble
ETH,phase0,xgb,phase0_xgb,2026-06-22,2026-06-23,-0.0360151185751902,0.00936845247633748,0.005884715604895702,1726.5108642578125,1665.436767578125,1742.7616025164402,ensemble
ETH,phase0,xgb,phase0_xgb,2026-06-23,2026-06-24,-0.027707605238555,-0.0140127323567867,0.0009189199607060872,1665.436767578125,1619.9249267578125,1642.2621966325264,ensemble
ETH,phase0,xgb,phase0_xgb,2026-06-24,2026-06-25,-0.0346111458341076,-0.00842526052147144,0.0027105112738372785,1619.9249267578125,1564.816650390625,1606.3339712910104,ensemble
ETH,phase0,xgb,phase0_xgb,2026-06-25,2026-06-26,0.0075121735497433,0.0087200329639017,0.0020457040538034263,1564.816650390625,1576.6160888671875,1578.5215699976375,ensemble
ETH,phase0,xgb,phase0_xgb,2026-06-26,2026-06-27,-0.0031940978117993,-0.013335878960788219,0.0036132678074686933,1576.6160888671875,1571.5882568359375,1555.730103563665,ensemble
ETH,phase0,xgb,phase0_xgb,2026-06-27,2026-06-28,-0.0007810761173124,-0.007276298780925521,0.004766659067446447,1571.5882568359375,1570.3612060546875,1560.194413891457,ensemble
ETH,phase0,xgb,phase0_xgb,2026-06-28,2026-06-29,0.0250563430147941,-0.013066639192402318,0.005237266359395921,1570.3612060546875,1610.205810546875,1549.9753402013646,ensemble
ETH,phase0,xgb,phase0_xgb,2026-06-29,2026-06-30,-0.025551475094469,-0.02198559530079362,0.003500434758166756,1610.205810546875,1569.5838623046875,1575.1908005764526,ensemble
ETH,phase0,xgb,phase0_xgb,2026-06-30,2026-07-01,0.0247779101060913,0.00605025952681896,0.00746478279949403,1569.5838623046875,1608.960693359375,1579.1090378565564,ensemble
ETH,phase0,xgb,phase0_xgb,2026-07-01,2026-07-02,0.0539624286481777,0.00865364717319604,0.004823237049054301,1608.960693359375,1698.16943359375,1622.9444896696366,ensemble
ETH,phase0,xgb,phase0_xgb,2026-07-02,2026-07-03,0.0337829584823897,0.00959135992452496,0.004087179565272313,1698.16943359375,1756.5186767578125,1714.535549030606,ensemble
ETH,phase0,xgb,phase0_xgb,2026-07-03,2026-07-04,0.0127361095972148,-0.01531886644661424,0.006675633479907445,1756.5186767578125,1779.032958984375,1729.8158524261712,ensemble
ETH,phase0,xgb,phase0_xgb,2026-07-04,2026-07-05,0.0022307583802167,0.00315096173435452,0.008662695860339794,1779.032958984375,1783.0059814453125,1784.6474646632373,ensemble
ETH,phase0,xgb,phase0_xgb,2026-07-05,2026-07-06,0.0081371345293737,-0.004539884245968956,0.0037090271638615846,1783.0059814453125,1797.57373046875,1774.9296872714233,ensemble
ETH,phase0,xgb,phase0_xgb,2026-07-06,2026-07-07,-0.0162996101421938,-0.014259448274970018,0.0028434237074366495,1797.57373046875,1768.511474609375,1772.1232072885166,ensemble
ETH,phase0,xgb,phase0_xgb,2026-07-07,2026-07-08,-0.0147154299263924,0.00288594900630412,0.0030503104544373303,1768.511474609375,1742.6776123046875,1773.6226803342274,ensemble
ETH,phase0,xgb,phase0_xgb,2026-07-08,2026-07-09,0.0010363767887721,-0.00895626777783032,0.0042554154508718835,1742.6776123046875,1744.484619140625,1727.1394109703413,ensemble
ETH,phase0,xgb,phase0_xgb,2026-07-09,2026-07-10,0.0289319871755302,0.005270086135715181,0.0028425616203402193,1744.484619140625,1795.6932373046875,1753.7024714491909,ensemble
ETH,phase0,xgb,phase0_xgb,2026-07-10,2026-07-11,-0.0042377668681416,-0.00721254860982296,0.0025799359412613083,1795.6932373046875,1788.099609375,1782.788307203872,ensemble
ETH,phase0,xgb,phase0_xgb,2026-07-11,2026-07-12,0.0098437240641505,-0.0062241815961897,0.0016265284785188295,1788.099609375,1805.7880859375,1777.0047168255749,ensemble
ETH,phase0,xgb,phase0_xgb,2026-07-12,2026-07-13,-0.0180417009925125,0.00472913580015298,0.0025438374073539333,1805.7880859375,1773.500732421875,1814.3481278689949,ensemble
ETH,phase0,xgb,phase0_xgb,2026-07-13,2026-07-14,0.0633461757860125,0.0098625161685049,0.002922750608920023,1773.500732421875,1889.4798583984373,1791.078449850733,ensemble
ETH,phase0,xgb,phase0_xgb,2026-07-14,2026-07-15,0.0144305241755588,0.01076839547604318,0.0021851033176025257,1889.4798583984373,1916.9437255859373,1909.936469521182,ensemble
ETH,phase0,xgb,phase0_xgb,2026-07-15,2026-07-16,-0.0284402326891384,0.00228760470927224,0.0019258009374820404,1916.9437255859373,1863.193359375,1921.3339547198632,ensemble
ETH,phase0,xgb,phase0_xgb,2026-07-16,2026-07-17,-0.011989404987594,-0.00330674850847566,0.0026713865148919043,1863.193359375,1840.9881591796875,1857.0424229176904,ensemble
ETH,phase0,xgb,phase0_xgb,2026-07-17,2026-07-18,0.0110221726895365,-0.01228745859116314,0.0006971450331284631,1840.9881591796875,1861.39208984375,1818.505503628136,ensemble
ETH,phase0,xgb,phase0_xgb,2026-07-18,2026-07-19,0.0054201709795738,0.00125019961851648,0.0024294989506525822,1861.39208984375,1871.508544921875,1863.7206568078516,ensemble
ETH,phase0,xgb,phase0_xgb,2026-07-19,2026-07-20,0.0170854918812539,0.018109002336859657,0.0037637332239122403,1871.508544921875,1903.7589111328125,1905.7084257874374,ensemble
ETH,phase0,xgb,phase0_xgb,2026-07-20,2026-07-21,0.0128519310477648,-0.01354539003223176,0.004767557792936543,1903.7589111328125,1928.3837890625,1878.1456168059467,ensemble
ETH,phase0,xgb,phase0_xgb,2026-07-21,2026-07-22,0.0026444810723667,-0.0018505189136703653,0.004136732616870397,1928.3837890625,1933.4901123046875,1924.818578150535,ensemble
ETH,phase0,xgb,phase0_xgb,2026-07-22,2026-07-23,-0.0295985684211487,0.00020933259183948568,0.0007451010787053197,1933.4901123046875,1877.1002197265625,1933.8948971670463,ensemble
ETH,phase0,xgb,phase0_xgb,2026-07-23,2026-07-24,-0.0090566354547485,0.00912351580336684,0.001740937649699858,1877.1002197265625,1860.1767578125,1894.3043349171992,ensemble
ETH,phase0,xgb,phase0_xgb,2026-07-24,2026-07-25,0.0069886485747689,-0.00711502628400916,0.001905479751888931,1860.1767578125,1873.222412109375,1846.9885242382948,ensemble
ETH,phase0,xgb,phase0_xgb,2026-07-25,2026-07-26,0.0419170428366946,0.00795644586905834,0.004071012593571972,1873.222412109375,1953.4112548828125,1888.18605459836,ensemble
ETH,phase0,xgb,phase0_xgb,2026-07-26,2026-07-27,-0.0326758126996198,-0.014742460474371838,0.004734326595804685,1953.4112548828125,1890.613525390625,1924.824404676101,ensemble
ETH,phase0,xgb,phase0_xgb,2026-07-27,2026-07-28,0.015396962638548,0.00275898700347166,0.003061765804691551,1890.613525390625,1919.948486328125,1895.836905841787,ensemble
ETH,phase0,xgb,phase0_xgb,2026-07-28,2026-07-29,-0.0059707845121414,0.01121501727029676,0.0024702104388426567,1919.948486328125,1908.51904296875,1941.601936712727,ensemble
ETH,phase0,xgb,phase0_xgb,2026-07-29,2026-07-30,0.0046284096447549,-0.00360922721447424,0.005428145441984531,1908.51904296875,1917.3729248046875,1901.6431798397352,ensemble
ETH,phase0,xgb,phase0_xgb,2026-07-30,2026-07-31,-0.0301935171908472,0.00697571514174338,0.0014935645989128342,1917.3729248046875,1860.345947265625,1930.794731071164,ensemble
ETH,phase0,xgb,phase0_xgb,2026-07-31,2026-08-01,-0.0091411558801774,0.00814042435958976,0.0021671309433717438,1860.345947265625,1843.417724609375,1875.5517596451787,ensemble
ETH,phase0,xgb,phase0_xgb,2026-08-01,2026-08-02,0.0209910449816346,0.004156154836527979,0.0024237410752998567,1843.417724609375,1882.52197265625,1851.0951974326772,ensemble
ETH,phase0,xgb,phase0_xgb,2026-08-02,2026-08-03,-0.0129736864450064,0.008908188436180301,0.000985976990459067,1882.52197265625,1858.2564697265625,1899.3667499549792,ensemble
ETH,phase0,xgb,phase0_xgb,2026-08-03,2026-08-04,0.0054362176829138,0.00985524598509068,0.0043175061286474525,1858.2564697265625,1868.3858642578125,1876.6605839159436,ensemble
ETH,phase0,xgb,phase0_xgb,2026-08-04,2026-08-05,0.0202078543669882,-0.006859758915379601,0.004023686513355672,1868.3858642578125,1906.5260009765625,1855.61304697845,ensemble
ETH,phase0,xgb,phase0_xgb,2026-08-05,2026-08-06,-0.0023465458558861,-0.0164859343320131,0.002382340813655512,1906.5260009765625,1902.0574951171875,1875.352804193153,ensemble
ETH,phase0,xgb,phase0_xgb,2026-08-06,2026-08-07,0.0058825505802162,0.00174403047421946,0.0034310417698474047,1902.0574951171875,1913.2794189453125,1905.377635724031,ensemble
ETH,phase0,xgb,phase0_xgb,2026-08-07,2026-08-08,0.0011771484611133,0.00922177219763394,0.002924291735703971,1913.2794189453125,1915.532958984375,1931.0048502262925,ensemble
ETH,phase0,xgb,phase0_xgb,2026-08-08,2026-08-09,-0.003582552655913,0.00884830104187126,0.0010739660518012434,1915.532958984375,1908.6827392578125,1932.5573787833612,ensemble
ETH,phase0,xgb,phase0_xgb,2026-08-09,2026-08-10,-0.0197913520463313,-0.0016812118352390799,0.004778758590250619,1908.6827392578125,1871.2786865234373,1905.4765351561841,ensemble
ETH,phase0,xgb,phase0_xgb,2026-08-10,2026-08-11,0.0053801271136948,-0.00962407570332284,0.0013289236789887587,1871.2786865234373,1881.37353515625,1853.3557430042192,ensemble
ETH,phase0,xgb,phase0_xgb,2026-08-11,2026-08-12,-0.0017228455012013,0.01888526435941452,0.007563334553110051,1881.37353515625,1878.135009765625,1917.2413926863392,ensemble
ETH,phase0,xgb,phase0_xgb,2026-08-12,2026-08-13,0.0031133074431306,0.0039965518051757794,0.0014537787255116655,1878.135009765625,1883.9913330078125,1885.6560928174654,ensemble
ETH,phase0,xgb,phase0_xgb,2026-08-13,2026-08-14,-0.0017751010807604,0.00923566715791814,0.0014705928546538574,1883.9913330078125,1880.6500244140625,1901.4718477422164,ensemble
ETH,phase0,xgb,phase0_xgb,2026-08-14,2026-08-15,0.0001373371127861,0.00178328213514758,0.0007749048786009672,1880.6500244140625,1880.9083251953125,1884.0067461064205,ensemble
ETH,phase0,xgb,phase0_xgb,2026-08-15,2026-08-16,-0.003710048377518,0.012762170098721942,0.0021462686239411707,1880.9083251953125,1873.9429931640625,1905.066625456521,ensemble
ETH,phase0,xgb,phase0_xgb,2026-08-16,2026-08-17,0.0202107717270595,0.00251971938996574,0.003404335501486234,1873.9429931640625,1912.2021484375,1878.6707574779593,ensemble
ETH,phase0,xgb,phase0_xgb,2026-08-17,2026-08-18,0.0022239875598747,0.01144166216254228,0.001858921346226808,1912.2021484375,1916.4595947265625,1934.2065628922517,ensemble
ETH,phase0,xgb,phase0_xgb,2026-08-18,2026-08-19,0.1610984870542504,0.00187652616295962,0.003432371495210157,1916.4595947265625,2251.4580078125,1920.059257670862,ensemble
ETH,phase0,xgb,phase0_xgb,2026-08-19,2026-08-20,0.0327374500344778,0.003827481771440937,0.005176427462341156,2251.4580078125,2326.384765625,2260.0919348554457,ensemble
ETH,phase0,xgb,phase0_xgb,2026-08-20,2026-08-21,0.0780693605915992,0.017442403361201238,0.00618108148731771,2326.384765625,2515.28173828125,2367.3184602955453,ensemble
ETH,phase0,xgb,phase0_xgb,2026-08-21,2026-08-22,-0.0368621187101773,0.00386073244735594,0.0039716609618512385,2515.28173828125,2424.251220703125,2525.0113377073994,ensemble
ETH,phase0,xgb,phase0_xgb,2026-08-22,2026-08-23,0.0161886325230095,0.0061473517678677595,0.0028384218887006775,2424.251220703125,2463.81591796875,2439.199845883585,ensemble
ETH,phase0,xgb,phase0_xgb,2026-08-23,2026-08-24,0.0072853803568115,-0.00030229396943466007,0.003197885235061526,2463.81591796875,2481.831298828125,2463.071233837383,ensemble
ETH,phase0,xgb,phase0_xgb,2026-08-24,2026-08-25,-0.0157046670742771,0.004214499823137851,0.0029404300842667034,2481.831298828125,2443.159423828125,2492.313048549528,ensemble
ETH,phase0,xgb,phase0_xgb,2026-08-25,2026-08-26,0.0254999480890524,-0.00576242515817284,0.007335852480213496,2443.159423828125,2506.260986328125,2429.1213859152863,ensemble
ETH,phase0,xgb,phase0_xgb,2026-08-26,2026-08-27,0.0016541530230063,-0.00014119823463260017,0.004136797839639294,2506.260986328125,2510.41015625,2505.9071316837403,ensemble
ETH,phase0,xgb,phase0_xgb,2026-08-27,2026-08-28,-0.0274093504142575,-0.00080416871933266,0.0024989708395685034,2510.41015625,2442.535888671875,2508.3921744373242,ensemble
ETH,phase0,xgb,phase0_xgb,2026-08-28,2026-08-29,0.0061835722465449,0.00059248677862342,0.004769183804112147,2442.535888671875,2457.686279296875,2443.983487691519,ensemble
ETH,phase0,xgb,phase0_xgb,2026-08-29,2026-08-30,-0.0163049615873888,0.0062706759665161205,0.006451014886853349,2457.686279296875,2417.938720703125,2473.1460545439722,ensemble
ETH,phase0,xgb,phase0_xgb,2026-08-30,2026-08-31,0.0200145895501371,-0.01103308694437142,0.005249118641979899,2417.938720703125,2466.8203125,2391.408019467275,ensemble
ETH,phase2_general,lstm,phase2_general_lstm,2025-10-31,2025-11-01,0.0070215866872251,0.00047364223282782004,0.0008947624045017343,3847.080322265625,3874.18798828125,3848.9028935686288,ensemble
ETH,phase2_general,lstm,phase2_general_lstm,2025-11-01,2025-11-02,0.0094731740475304,0.00015064688632264,0.0007465661906912381,3874.18798828125,3911.063232421875,3874.77166660227,ensemble
ETH,phase2_general,lstm,phase2_general_lstm,2025-11-02,2025-11-03,-0.0822344830552394,-0.0004202975775114999,0.0015219913655813357,3911.063232421875,3602.30810546875,3909.4197674161674,ensemble
ETH,phase2_general,lstm,phase2_general_lstm,2025-11-03,2025-11-04,-0.0899050101356721,-0.00022385715274141998,0.0019975722128064426,3602.30810546875,3292.574462890625,3601.5017932857045,ensemble
ETH,phase2_general,lstm,phase2_general_lstm,2025-11-04,2025-11-05,0.0394816688100728,0.00108898431062698,0.00251131305785173,3292.574462890625,3425.171142578125,3296.1619778414997,ensemble
ETH,phase2_general,lstm,phase2_general_lstm,2025-11-05,2025-11-06,-0.0335213636698541,0.00222339939791704,0.0032445156578000734,3425.171142578125,3312.2578125,3432.795138487482,ensemble
ETH,phase2_general,lstm,phase2_general_lstm,2025-11-06,2025-11-07,0.0364744811598151,0.00291641164803874,0.003972871193537188,3312.2578125,3435.301025390625,3321.931819602361,ensemble
ETH,phase2_general,lstm,phase2_general_lstm,2025-11-07,2025-11-08,-0.0102185497413461,0.002947415984294789,0.0045974484907368735,3435.301025390625,3400.3759765625,3445.441222892949,ensemble
ETH,phase2_general,lstm,phase2_general_lstm,2025-11-08,2025-11-09,0.0522087429098387,0.0025922626024112204,0.004595550646072326,3400.3759765625,3582.621337890625,3409.202078885681,ensemble
ETH,phase2_general,lstm,phase2_general_lstm,2025-11-09,2025-11-10,-0.0039606305321747,0.0029282463074196204,0.005251020511305858,3582.621337890625,3568.4599609375,3593.1275104174315,ensemble
ETH,phase2_general,lstm,phase2_general_lstm,2025-11-10,2025-11-11,-0.0438739864099317,0.0023887602812465115,0.0051199194540533025,3568.4599609375,3415.2822265625,3576.994345598733,ensemble
ETH,phase2_general,lstm,phase2_general_lstm,2025-11-11,2025-11-12,-0.000640851706814,0.0016911582148168402,0.005117329614352681,3415.2822265625,3413.09423828125,3421.0628957912622,ensemble
ETH,phase2_general,lstm,phase2_general_lstm,2025-11-12,2025-11-13,-0.0542839228098472,0.0007875179639086002,0.004456697654755308,3413.09423828125,3232.757080078125,3415.78316995844,ensemble
ETH,phase2_general,lstm,phase2_general_lstm,2025-11-13,2025-11-14,-0.0407128161836017,0.00026041129312941993,0.0039025566940589767,3232.757080078125,3103.78564453125,3233.599036152398,ensemble
ETH,phase2_general,lstm,phase2_general_lstm,2025-11-14,2025-11-15,0.0200458143866448,-0.00061671993462366,0.0024680119148407552,3103.78564453125,3166.63134765625,3101.87206818246,ensemble
ETH,phase2_general,lstm,phase2_general_lstm,2025-11-15,2025-11-16,-0.0235761973164414,-0.00149969498452262,0.001582649644498297,3166.63134765625,3092.847412109375,3161.8859257384674,ensemble
ETH,phase2_general,lstm,phase2_general_lstm,2025-11-16,2025-11-17,-0.0223335360686421,-0.00259490845783146,0.0019004691408646475,3092.847412109375,3024.538818359375,3084.832160121089,ensemble
ETH,phase2_general,lstm,phase2_general_lstm,2025-11-17,2025-11-18,0.0320287321061959,-0.00288679514778774,0.002423837546852425,3024.538818359375,3122.97900390625,3015.820184883436,ensemble
ETH,phase2_general,lstm,phase2_general_lstm,2025-11-18,2025-11-19,-0.0325142190008236,-0.0034313622629269596,0.0031500526625254715,3122.97900390625,3023.07080078125,3112.281295956465,ensemble
ETH,phase2_general,lstm,phase2_general_lstm,2025-11-19,2025-11-20,-0.0653684988267085,-0.00398652248550204,0.003897974712433451,3023.07080078125,2831.777587890625,3011.0432510362657,ensemble
ETH,phase2_general,lstm,phase2_general_lstm,2025-11-20,2025-11-21,-0.0236111523857895,-0.00445452013518658,0.004500755185930943,2831.777587890625,2765.69921875,2819.191431063491,ensemble
ETH,phase2_general,lstm,phase2_general_lstm,2025-11-21,2025-11-22,0.0006897153274086,-0.00406103963032362,0.0042294535037251,2765.69921875,2767.607421875,2754.4903797914285,ensemble
ETH,phase2_general,lstm,phase2_general_lstm,2025-11-22,2025-11-23,0.0122346182602878,-0.00379766514524814,0.004037300540638317,2767.607421875,2801.676025390625,2757.116907970794,ensemble
ETH,phase2_general,lstm,phase2_general_lstm,2025-11-23,2025-11-24,0.0525067184643922,-0.0037296489346772205,0.003993635012363544,2801.676025390625,2952.71337890625,2791.24621923505,ensemble
ETH,phase2_general,lstm,phase2_general_lstm,2025-11-24,2025-11-25,0.0017672851723719,-0.00354731278493998,0.003909418755751005,2952.71337890625,2957.936279296875,2942.257736667669,ensemble
ETH,phase2_general,lstm,phase2_general_lstm,2025-11-25,2025-11-26,0.023348428095094,-0.00369484794791786,0.003907356417790606,2957.936279296875,3027.81201171875,2947.0273203881284,ensemble
ETH,phase2_general,lstm,phase2_general_lstm,2025-11-26,2025-11-27,-0.0043922604267135,-0.0038701076060533206,0.004006778784441672,3027.81201171875,3014.542236328125,3016.116699079134,ensemble
ETH,phase2_general,lstm,phase2_general_lstm,2025-11-27,2025-11-28,0.005874882913213,-0.0041813405347056395,0.0043937441416562785,3014.542236328125,3032.304443359375,3001.9637245288864,ensemble
ETH,phase2_general,lstm,phase2_general_lstm,2025-11-28,2025-11-29,-0.013485997805236,-0.00456459101988,0.004950756276652768,3032.304443359375,2991.685302734375,3018.494755493911,ensemble
ETH,phase2_general,lstm,phase2_general_lstm,2025-11-29,2025-11-30,0.0001428009786007,-0.00483779695932752,0.005275089075149203,2991.685302734375,2992.112548828125,2977.247089405466,ensemble
ETH,phase2_general,lstm,phase2_general_lstm,2025-11-30,2025-12-01,-0.0662927736435053,-0.00501021104282694,0.005593955551765957,2992.112548828125,2800.18896484375,2977.1589251805126,ensemble
ETH,phase2_general,lstm,phase2_general_lstm,2025-12-01,2025-12-02,0.068238382808925,-0.0046521419018972394,0.005423991627341531,2800.18896484375,2997.939697265625,2787.192342931719,ensemble
ETH,phase2_general,lstm,phase2_general_lstm,2025-12-02,2025-12-03,0.0625882304633783,-0.004135648787632786,0.005114538171761943,2997.939697265625,3191.57177734375,2985.5668740518645,ensemble
ETH,phase2_general,lstm,phase2_general_lstm,2025-12-03,2025-12-04,-0.0181024175452983,-0.0036250322329578533,0.0043315588348105845,3191.57177734375,3134.31640625,3180.023171457918,ensemble
ETH,phase2_general,lstm,phase2_general_lstm,2025-12-04,2025-12-05,-0.0356875080281464,-0.0027368324343114802,0.0031414681795119566,3134.31640625,3024.432861328125,3125.750035158127,ensemble
ETH,phase2_general,lstm,phase2_general_lstm,2025-12-05,2025-12-06,0.0052022663489112,-0.00282279754756014,0.002803313706090401,3024.432861328125,3040.207763671875,3015.907537956307,ensemble
ETH,phase2_general,lstm,phase2_general_lstm,2025-12-06,2025-12-07,0.0069143801565508,-0.0032645769882946804,0.0019748736381921257,3040.207763671875,3061.3017578125,3030.298954202873,ensemble
ETH,phase2_general,lstm,phase2_general_lstm,2025-12-07,2025-12-08,0.0206574040037443,-0.0034415657399221805,0.0011506462948971828,3061.3017578125,3125.197998046875,3050.7841953856673,ensemble
ETH,phase2_general,lstm,phase2_general_lstm,2025-12-08,2025-12-09,0.0608029264224186,-0.00424468941055234,0.0017027326846910586,3125.197998046875,3321.114990234375,3111.9606173587476,ensemble
ETH,phase2_general,lstm,phase2_general_lstm,2025-12-09,2025-12-10,0.0012864345975214,-0.00438617570325728,0.0015860303923443666,3321.114990234375,3325.39013671875,3306.5798963970237,ensemble
ETH,phase2_general,lstm,phase2_general_lstm,2025-12-10,2025-12-11,-0.0269224534884862,-0.00503522506915028,0.0024863767496864694,3325.39013671875,3237.056884765625,3308.6881333983774,ensemble
ETH,phase2_general,lstm,phase2_general_lstm,2025-12-11,2025-12-12,-0.0483811252686677,-0.00426837392151352,0.0016912005475638123,3237.056884765625,3084.172607421875,3223.2693616611855,ensemble
ETH,phase2_general,lstm,phase2_general_lstm,2025-12-12,2025-12-13,0.0104898229476874,-0.00432418223936106,0.0019283234689459559,3084.172607421875,3116.6953125,3070.8648762733455,ensemble
ETH,phase2_general,lstm,phase2_general_lstm,2025-12-13,2025-12-14,-0.018163993601147,-0.004041936062276321,0.0017717446084571382,3116.6953125,3060.5947265625,3104.1232541653226,ensemble
ETH,phase2_general,lstm,phase2_general_lstm,2025-12-14,2025-12-15,-0.0320077701658808,-0.0039097183616831396,0.001758915796770722,3060.5947265625,2964.18310546875,3048.6520246757213,ensemble
ETH,phase2_general,lstm,phase2_general_lstm,2025-12-15,2025-12-16,-7.412721688312701e-07,-0.0036885249661281197,0.0017840601592246854,2964.18310546875,2964.180908203125,2953.269781487213,ensemble
ETH,phase2_general,lstm,phase2_general_lstm,2025-12-16,2025-12-17,-0.0458281928487593,-0.0026371506392023998,0.0011195354614617235,2964.180908203125,2831.403564453125,2956.3742148638553,ensemble
ETH,phase2_general,lstm,phase2_general_lstm,2025-12-17,2025-12-18,-0.0015320294953636,-0.00123079337645318,0.001653339245488859,2831.403564453125,2827.069091796875,2827.9208353995073,ensemble
ETH,phase2_general,lstm,phase2_general_lstm,2025-12-18,2025-12-19,0.0520015780613912,0.0003624538774602399,0.0026776850756559506,2827.069091796875,2977.970703125,2828.093959673493,ensemble
ETH,phase2_general,lstm,phase2_general_lstm,2025-12-19,2025-12-20,-0.0001303602133292,0.00191548258299006,0.0042120883089418575,2977.970703125,2977.58251953125,2983.6804208261146,ensemble
ETH,phase2_general,lstm,phase2_general_lstm,2025-12-20,2025-12-21,0.0080383309849244,0.00280300948870718,0.005008764244311723,2977.58251953125,3001.61376953125,2985.9404197514777,ensemble
ETH,phase2_general,lstm,phase2_general_lstm,2025-12-21,2025-12-22,0.0014847515809792,0.0026790095813339202,0.004824463880409054,3001.61376953125,3006.07373046875,3009.6659026342463,ensemble
ETH,phase2_general,lstm,phase2_general_lstm,2025-12-22,2025-12-23,-0.0143063268401752,0.00249083557864652,0.004087468693357096,3006.07373046875,2963.3740234375,3013.570698850329,ensemble
ETH,phase2_general,lstm,phase2_general_lstm,2025-12-23,2025-12-24,-0.0060191597554604,0.0029307770164450396,0.004565218652619255,2963.3740234375,2945.590576171875,2972.071751241165,ensemble
ETH,phase2_general,lstm,phase2_general_lstm,2025-12-24,2025-12-25,-0.014365015056822,0.0029982802720041673,0.004922646313789751,2945.590576171875,2903.57958984375,2954.4355354932172,ensemble
ETH,phase2_general,lstm,phase2_general_lstm,2025-12-25,2025-12-26,0.0076050389079913,0.0027316204650560403,0.004711440891912645,2903.57958984375,2925.74560546875,2911.521910036842,ensemble
ETH,phase2_general,lstm,phase2_general_lstm,2025-12-26,2025-12-27,0.0075770385642638,0.002710484436101996,0.004811070543174952,2925.74560546875,2947.998291015625,2933.68655043858,ensemble
ETH,phase2_general,lstm,phase2_general_lstm,2025-12-27,2025-12-28,0.000193273230984,0.0018420181146211714,0.0038522247237066974,2947.998291015625,2948.568115234375,2953.4335616662092,ensemble
ETH,phase2_general,lstm,phase2_general_lstm,2025-12-28,2025-12-29,-0.0047695250401753,0.0013250393705675288,0.0037038995554560927,2948.568115234375,2934.538330078125,2952.4776736612685,ensemble
ETH,phase2_general,lstm,phase2_general_lstm,2025-12-29,2025-12-30,0.0124887158133864,0.0014053396356757599,0.003627905905177689,2934.538330078125,2971.416748046875,2938.6652522902573,ensemble
ETH,phase2_general,lstm,phase2_general_lstm,2025-12-30,2025-12-31,-0.0014748454494985,0.00223202824417966,0.004744925182303538,2971.416748046875,2967.03759765625,2978.0564413887287,ensemble
ETH,phase2_general,lstm,phase2_general_lstm,2025-12-31,2026-01-01,0.011179695896671,0.0033767353743314405,0.00700087918283955,2967.03759765625,3000.394287109375,2977.073433113527,ensemble
ETH,phase2_general,lstm,phase2_general_lstm,2026-01-01,2026-01-02,0.040505791423565,0.00342972385114988,0.00762647866517361,3000.394287109375,3124.422607421875,3010.702477978163,ensemble
ETH,phase2_general,lstm,phase2_general_lstm,2026-01-02,2026-01-03,0.0004783333560596,0.00300962950277608,0.007450216872571022,3124.422607421875,3125.91748046875,3133.840126393228,ensemble
ETH,phase2_general,lstm,phase2_general_lstm,2026-01-03,2026-01-04,0.0047211981925699,0.002973977627698341,0.007851706118920037,3125.91748046875,3140.71044921875,3135.227726491313,ensemble
ETH,phase2_general,lstm,phase2_general_lstm,2026-01-04,2026-01-05,0.0268343594600314,0.0025651964941062,0.007273353602728083,3140.71044921875,3226.13037109375,3148.777330796763,ensemble
ETH,phase2_general,lstm,phase2_general_lstm,2026-01-05,2026-01-06,0.0214100727655341,0.00297673175809902,0.00710675152761739,3226.13037109375,3295.94677734375,3235.7480032789695,ensemble
ETH,phase2_general,lstm,phase2_general_lstm,2026-01-06,2026-01-07,-0.0399579577460706,0.00430609649047254,0.008326938676040969,3295.94677734375,3166.843994140625,3310.1700435950347,ensemble
ETH,phase2_general,lstm,phase2_general_lstm,2026-01-07,2026-01-08,-0.0199206616781398,0.005871596978977321,0.010167040074298285,3166.843994140625,3104.382568359375,3185.4931222733435,ensemble
ETH,phase2_general,lstm,phase2_general_lstm,2026-01-08,2026-01-09,-0.0068964125191375,0.006932771881110961,0.011094140520019693,3104.382568359375,3083.047119140625,3125.9793207153266,ensemble
ETH,phase2_general,lstm,phase2_general_lstm,2026-01-09,2026-01-10,-0.0002112169513613,0.008139130475319663,0.011723918794218666,3083.047119140625,3082.39599609375,3108.2428384366044,ensemble
ETH,phase2_general,lstm,phase2_general_lstm,2026-01-10,2026-01-11,0.0117684321917196,0.0085804254398681,0.011860293670900288,3082.39599609375,3118.88525390625,3108.958059048489,ensemble
ETH,phase2_general,lstm,phase2_general_lstm,2026-01-11,2026-01-12,-0.0085523492401958,0.00827420849818734,0.01137856780178095,3118.88525390625,3092.3251953125,3144.7986192317526,ensemble
ETH,phase2_general,lstm,phase2_general_lstm,2026-01-12,2026-01-13,0.0716724478508033,0.00881717656739054,0.01094702226962399,3092.3251953125,3322.095458984375,3119.7113293307143,ensemble
ETH,phase2_general,lstm,phase2_general_lstm,2026-01-13,2026-01-14,0.0097733550354151,0.010453775711357539,0.011722608916793586,3322.095458984375,3354.72265625,3357.0060556553526,ensemble
ETH,phase2_general,lstm,phase2_general_lstm,2026-01-14,2026-01-15,-0.0112777965317109,0.012993022278533278,0.013761950701688182,3354.72265625,3317.101318359375,3398.595042703655,ensemble
ETH,phase2_general,lstm,phase2_general_lstm,2026-01-15,2026-01-16,-0.0065388112427793,0.014203490177169398,0.01428592066265813,3317.101318359375,3295.482177734375,3364.5519187017335,ensemble
ETH,phase2_general,lstm,phase2_general_lstm,2026-01-16,2026-01-17,0.0040525125455037,0.01418010555207724,0.01420553586618247,3295.482177734375,3308.8642578125,3342.5453546666367,ensemble
ETH,phase2_general,lstm,phase2_general_lstm,2026-01-17,2026-01-18,-0.0084086840180541,0.01342806325992566,0.014035513829895768,3308.8642578125,3281.15771484375,3353.5955515723745,ensemble
ETH,phase2_general,lstm,phase2_general_lstm,2026-01-18,2026-01-19,-0.0292351847938204,0.011651530128438,0.01351759374132672,3281.15771484375,3186.62109375,3319.6118123149085,ensemble
ETH,phase2_general,lstm,phase2_general_lstm,2026-01-19,2026-01-20,-0.082047329409018,0.010270973504520919,0.012376826205233544,3186.62109375,2935.605712890625,3219.5194544569968,ensemble
ETH,phase2_general,lstm,phase2_general_lstm,2026-01-20,2026-01-21,0.0146406740972174,0.009857351216487582,0.011935957398310519,2935.605712890625,2978.901123046875,2964.686101767349,ensemble
ETH,phase2_general,lstm,phase2_general_lstm,2026-01-21,2026-01-22,-0.0098736240513318,0.00970616019330916,0.011180092903853618,2978.901123046875,2949.63330078125,3007.955590102664,ensemble
ETH,phase2_general,lstm,phase2_general_lstm,2026-01-22,2026-01-23,0.001227550418774,0.00982444673718416,0.010413968931251641,2949.63330078125,2953.25634765625,2978.7546322925728,ensemble
ETH,phase2_general,lstm,phase2_general_lstm,2026-01-23,2026-01-24,-0.0015302026847261,0.009789579041534999,0.009515785530027365,2953.25634765625,2948.74072265625,2982.3094609489044,ensemble
ETH,phase2_general,lstm,phase2_general_lstm,2026-01-24,2026-01-25,-0.0460954469109645,0.00918505213339808,0.008670019592301468,2948.74072265625,2815.90234375,2975.949827151882,ensemble
ETH,phase2_general,lstm,phase2_general_lstm,2026-01-25,2026-01-26,0.0385097283715548,0.00887545100995334,0.008313039077158234,2815.90234375,2926.45703125,2841.0059853294047,ensemble
ETH,phase2_general,lstm,phase2_general_lstm,2026-01-26,2026-01-27,0.0321961750433529,0.00859897920163342,0.007622575095022806,2926.45703125,3022.2109375,2951.7300798768897,ensemble
ETH,phase2_general,lstm,phase2_general_lstm,2026-01-27,2026-01-28,-0.0051763213071971,0.008969562966376481,0.008247463724628564,3022.2109375,3006.607421875,3049.4407861625073,ensemble
ETH,phase2_general,lstm,phase2_general_lstm,2026-01-28,2026-01-29,-0.0647023664323781,0.00863151374214788,0.008390979683243366,3006.607421875,2818.232666015625,3032.671318776559,ensemble
ETH,phase2_general,lstm,phase2_general_lstm,2026-01-29,2026-01-30,-0.0419788679682719,0.008410370894125621,0.008240881501919135,2818.232666015625,2702.375244140625,2842.0350009317835,ensemble
ETH,phase2_general,lstm,phase2_general_lstm,2026-01-30,2026-01-31,-0.1000484393792718,0.00840764982276592,0.008233761454802134,2702.375244140625,2445.091796875,2725.1916506563894,ensemble
ETH,phase2_general,lstm,phase2_general_lstm,2026-01-31,2026-02-01,-0.0751997822029002,0.0088167127803899,0.00866817786661256,2445.091796875,2267.96484375,2466.744782783513,ensemble
ETH,phase2_general,lstm,phase2_general_lstm,2026-02-01,2026-02-02,0.0331281466529906,0.008657067618332761,0.00849009713565221,2267.96484375,2344.356689453125,2287.6840006417383,ensemble
ETH,phase2_general,lstm,phase2_general_lstm,2026-02-02,2026-02-03,-0.0511047370755369,0.00833072608802462,0.007852423810326496,2344.356689453125,2227.558837890625,2363.9684596053044,ensemble
ETH,phase2_general,lstm,phase2_general_lstm,2026-02-03,2026-02-04,-0.0384643510086561,0.00802879961811409,0.007887481593158972,2227.558837890625,2143.504150390625,2245.515449998565,ensemble
ETH,phase2_general,lstm,phase2_general_lstm,2026-02-04,2026-02-05,-0.1626810863573628,0.00715762795880432,0.00733070666842061,2143.504150390625,1821.68310546875,2158.901594479124,ensemble
ETH,phase2_general,lstm,phase2_general_lstm,2026-02-05,2026-02-06,0.124587932433777,0.0067643453599885005,0.00652411604549938,1821.68310546875,2063.386962890625,1834.0473700632324,ensemble
ETH,phase2_general,lstm,phase2_general_lstm,2026-02-06,2026-02-07,0.0130780728606268,0.00613117115572092,0.005661383822233585,2063.386962890625,2090.54931640625,2076.076803560901,ensemble
ETH,phase2_general,lstm,phase2_general_lstm,2026-02-07,2026-02-08,-0.0008548665199209,0.0051408701110631,0.0049623545905038416,2090.54931640625,2088.762939453125,2101.3242313914307,ensemble
ETH,phase2_general,lstm,phase2_general_lstm,2026-02-08,2026-02-09,0.0070627775205607,0.00376354531035756,0.004302225100156757,2088.762939453125,2103.567626953125,2096.6389048983187,ensemble
ETH,phase2_general,lstm,phase2_general_lstm,2026-02-09,2026-02-10,-0.0407860866012557,0.0021635682554915396,0.0038017024218206185,2103.567626953125,2019.4974365234373,2108.123766075783,ensemble
ETH,phase2_general,lstm,phase2_general_lstm,2026-02-10,2026-02-11,-0.0398404875978916,0.0010149012698093603,0.003950156970513888,2019.4974365234373,1940.621337890625,2021.548067454093,ensemble
ETH,phase2_general,lstm,phase2_general_lstm,2026-02-11,2026-02-12,0.003251056309532,-3.332821652292008e-05,0.004480001335276381,1940.621337890625,1946.940673828125,1940.5566615202667,ensemble
ETH,phase2_general,lstm,phase2_general_lstm,2026-02-12,2026-02-13,0.0508619107271356,-0.0011301585473120202,0.005101825202606984,1946.940673828125,2048.52734375,1944.7415650893267,ensemble
ETH,phase2_general,lstm,phase2_general_lstm,2026-02-13,2026-02-14,0.0181318719779937,-0.00208559837192296,0.005849887633156611,2048.52734375,2086.009765625,2044.2593906221164,ensemble
ETH,phase2_general,lstm,phase2_general_lstm,2026-02-14,2026-02-15,-0.0592301606634175,-0.00290089985355732,0.006583714104842982,2086.009765625,1966.04296875,2079.9672288358615,ensemble
ETH,phase2_general,lstm,phase2_general_lstm,2026-02-15,2026-02-16,0.0160826230924268,-0.0032988744787871603,0.00725262035479502,1966.04296875,1997.917724609375,1959.5679258252112,ensemble
ETH,phase2_general,lstm,phase2_general_lstm,2026-02-16,2026-02-17,-0.002868787898831,-0.00310414944542568,0.007572246901920685,1997.917724609375,1992.1943359375,1991.725505172008,ensemble
ETH,phase2_general,lstm,phase2_general_lstm,2026-02-17,2026-02-18,-0.0193714031392413,-0.00262250534724442,0.007826536572463396,1992.1943359375,1953.97412109375,1986.9766403464541,ensemble
ETH,phase2_general,lstm,phase2_general_lstm,2026-02-18,2026-02-19,-0.0029589012528701,-0.0020598378498107002,0.007943268803616352,1953.97412109375,1948.2010498046875,1949.9533936864584,ensemble
ETH,phase2_general,lstm,phase2_general_lstm,2026-02-19,2026-02-20,0.0106307366647911,-0.0015360521618276598,0.008270171299643383,1948.2010498046875,1969.0223388671875,1945.2108085416837,ensemble
ETH,phase2_general,lstm,phase2_general_lstm,2026-02-20,2026-02-21,0.0023916477643178,-0.0005543394014239202,0.007245301491588547,1969.0223388671875,1973.7371826171875,1967.931134679151,ensemble
ETH,phase2_general,lstm,phase2_general_lstm,2026-02-21,2026-02-22,-0.0081043810251791,0.0002545548602938801,0.006058682288154644,1973.7371826171875,1957.805908203125,1974.2396709626773,ensemble
ETH,phase2_general,lstm,phase2_general_lstm,2026-02-22,2026-02-23,-0.0536686969675083,0.00117318864213302,0.004982057002534417,1957.805908203125,1855.5028076171875,1960.104131719392,ensemble
ETH,phase2_general,lstm,phase2_general_lstm,2026-02-23,2026-02-24,-0.0013662367634113,0.00226645132061092,0.005091415763187588,1855.5028076171875,1852.969482421875,1859.7129836832246,ensemble
ETH,phase2_general,lstm,phase2_general_lstm,2026-02-24,2026-02-25,0.1033052975560529,0.0025314200669527,0.0051005551788388045,1852.969482421875,2054.6279296875,1857.6660685613174,ensemble
ETH,phase2_general,lstm,phase2_general_lstm,2026-02-25,2026-02-26,-0.013640230652308,0.0018054512795060997,0.0044621051271040895,2054.6279296875,2026.7926025390625,2058.3408110166774,ensemble
ETH,phase2_general,lstm,phase2_general_lstm,2026-02-26,2026-02-27,-0.0485398835848207,0.00020324884681030005,0.003541910213351575,2026.7926025390625,1930.7618408203125,2027.2045876645848,ensemble
ETH,phase2_general,lstm,phase2_general_lstm,2026-02-27,2026-02-28,0.0176033024159378,-0.0015103768557309602,0.00304374794117208,1930.7618408203125,1965.050537109375,1927.847863977556,ensemble
ETH,phase2_general,lstm,phase2_general_lstm,2026-02-28,2026-03-01,-0.0133112143616734,-0.00307724119629708,0.003105636899955472,1965.050537109375,1939.066650390625,1959.0128970455512,ensemble
ETH,phase2_general,lstm,phase2_general_lstm,2026-03-01,2026-03-02,0.0444827788226515,-0.0044708204688504,0.0035287030868916144,1939.066650390625,2027.2689208984373,1930.4167819320346,ensemble
ETH,phase2_general,lstm,phase2_general_lstm,2026-03-02,2026-03-03,-0.0221952153909645,-0.005660620192065801,0.003652627624281706,2027.2689208984373,1982.7689208984373,2015.8257398167748,ensemble
ETH,phase2_general,lstm,phase2_general_lstm,2026-03-03,2026-03-04,0.0699856488077349,-0.00690057673491534,0.004169481378995767,1982.7689208984373,2126.50537109375,1969.1337711173085,ensemble
ETH,phase2_general,lstm,phase2_general_lstm,2026-03-04,2026-03-05,-0.0261560660671297,-0.00750332782045002,0.004073862082717537,2126.50537109375,2071.60546875,2110.6092157939324,ensemble
ETH,phase2_general,lstm,phase2_general_lstm,2026-03-05,2026-03-06,-0.0458579463127646,-0.00816372456029054,0.004266411228371331,2071.60546875,1978.751220703125,2054.7622973561465,ensemble
ETH,phase2_general,lstm,phase2_general_lstm,2026-03-06,2026-03-07,-0.0047088687763537,-0.00905550844036036,0.005027366618050665,1978.751220703125,1969.4554443359373,1960.9135089913389,ensemble
ETH,phase2_general,lstm,phase2_general_lstm,2026-03-07,2026-03-08,-0.0168207764579134,-0.00911679384298618,0.005385022722548194,1969.4554443359373,1936.604736328125,1951.581923467172,ensemble
ETH,phase2_general,lstm,phase2_general_lstm,2026-03-08,2026-03-09,0.02867374460359,-0.0088999612256884,0.005627241106603856,1936.604736328125,1992.938232421875,1919.4455007948916,ensemble
ETH,phase2_general,lstm,phase2_general_lstm,2026-03-09,2026-03-10,0.0219272344781229,-0.007722482550889221,0.004993511116502341,1992.938232421875,2037.1204833984373,1977.6070751857244,ensemble
ETH,phase2_general,lstm,phase2_general_lstm,2026-03-10,2026-03-11,0.0070696510693724,-0.00652859450783576,0.004127585058410279,2037.1204833984373,2051.5732421875,2023.864269107065,ensemble
ETH,phase2_general,lstm,phase2_general_lstm,2026-03-11,2026-03-12,0.0104556138377322,-0.005716129881329799,0.0037358411018634527,2051.5732421875,2073.13623046875,2039.879635999831,ensemble
ETH,phase2_general,lstm,phase2_general_lstm,2026-03-12,2026-03-13,0.0093273103225432,-0.00522414650768038,0.003840555578777928,2073.13623046875,2092.5634765625,2062.334103584482,ensemble
ETH,phase2_general,lstm,phase2_general_lstm,2026-03-13,2026-03-14,0.0021592233043722,-0.00497007069643582,0.0046288938089034766,2092.5634765625,2097.086669921875,2082.189090219306,ensemble
ETH,phase2_general,lstm,phase2_general_lstm,2026-03-14,2026-03-15,0.0376174725748984,-0.00475690894527354,0.005228594302305534,2097.086669921875,2177.476318359375,2087.134708635768,ensemble
ETH,phase2_general,lstm,phase2_general_lstm,2026-03-15,2026-03-16,0.0767490852405507,-0.004627907186659239,0.005714480200922583,2177.476318359375,2351.176025390625,2167.4224422038055,ensemble
ETH,phase2_general,lstm,phase2_general_lstm,2026-03-16,2026-03-17,-0.0141878287469072,-0.0043376945191994,0.005794237912955704,2351.176025390625,2318.053466796875,2340.999429470342,ensemble
ETH,phase2_general,lstm,phase2_general_lstm,2026-03-17,2026-03-18,-0.0506029181915626,-0.00406521093100306,0.005505834132804288,2318.053466796875,2203.671630859375,2308.649218582489,ensemble
ETH,phase2_general,lstm,phase2_general_lstm,2026-03-18,2026-03-19,-0.0305236071486406,-0.00382039535325016,0.0059316627749365575,2203.671630859375,2137.423828125,2195.2687952979577,ensemble
ETH,phase2_general,lstm,phase2_general_lstm,2026-03-19,2026-03-20,0.0042359585854312,-0.0033214032067916794,0.005934687115834216,2137.423828125,2146.4970703125,2130.3363584558165,ensemble
ETH,phase2_general,lstm,phase2_general_lstm,2026-03-20,2026-03-21,-0.0330619920061079,-0.00273003989714194,0.0055085148376161856,2146.4970703125,2076.68994140625,2140.645039444978,ensemble
ETH,phase2_general,lstm,phase2_general_lstm,2026-03-21,2026-03-22,-0.0114495680945266,-0.0020077894587302533,0.004745956622689371,2076.68994140625,2053.04833984375,2072.5245682283166,ensemble
ETH,phase2_general,lstm,phase2_general_lstm,2026-03-22,2026-03-23,0.0471397983356827,-0.0010373674827860526,0.003706988852474846,2053.04833984375,2152.14599609375,2050.9196785483064,ensemble
ETH,phase2_general,lstm,phase2_general_lstm,2026-03-23,2026-03-24,0.0016520306586044,-0.00036078960984011995,0.00341840489030076,2152.14599609375,2155.704345703125,2151.369664234156,ensemble
ETH,phase2_general,lstm,phase2_general_lstm,2026-03-24,2026-03-25,0.0056974805873912,2.4936802219619956e-05,0.0032410731742021615,2155.704345703125,2168.021484375,2155.7581027462993,ensemble
ETH,phase2_general,lstm,phase2_general_lstm,2026-03-25,2026-03-26,-0.051313706617151,0.0009508233459200599,0.0026386464559828107,2168.021484375,2059.578369140625,2170.083870143691,ensemble
ETH,phase2_general,lstm,phase2_general_lstm,2026-03-26,2026-03-27,-0.0337276698924535,0.0015173823281657002,0.002611570728111992,2059.578369140625,1991.27197265625,2062.705909198355,ensemble
ETH,phase2_general,lstm,phase2_general_lstm,2026-03-27,2026-03-28,0.0007141663784116,0.0017994496680329999,0.002613306773279652,1991.27197265625,1992.694580078125,1994.8583921693696,ensemble
ETH,phase2_general,lstm,phase2_general_lstm,2026-03-28,2026-03-29,-0.005098999439741,0.00185746914939952,0.003028075498827511,1992.694580078125,1982.5596923828125,1996.3993885032812,ensemble
ETH,phase2_general,lstm,phase2_general_lstm,2026-03-29,2026-03-30,0.0204472613935491,0.00218926039524374,0.003695926549268093,1982.5596923828125,2023.514892578125,1986.9047863341511,ensemble
ETH,phase2_general,lstm,phase2_general_lstm,2026-03-30,2026-03-31,0.039340814763852,0.00262734976131466,0.004216319171189318,2023.514892578125,2104.708251953125,2028.8383641967885,ensemble
ETH,phase2_general,lstm,phase2_general_lstm,2026-03-31,2026-04-01,0.0160386363168273,0.0038542264141142,0.005555630125519057,2104.708251953125,2138.737060546875,2112.8359269802713,ensemble
ETH,phase2_general,lstm,phase2_general_lstm,2026-04-01,2026-04-02,-0.0390385754759657,0.0052651180885732,0.0067353219261542295,2138.737060546875,2056.8525390625,2150.027460292834,ensemble
ETH,phase2_general,lstm,phase2_general_lstm,2026-04-02,2026-04-03,-0.0016871461717564,0.00668428740464148,0.007772447733949352,2056.8525390625,2053.38525390625,2070.6471849096247,ensemble
ETH,phase2_general,lstm,phase2_general_lstm,2026-04-03,2026-04-04,0.005810685555501,0.00774038136587476,0.008710326991935417,2053.38525390625,2065.3515625,2069.340910633358,ensemble
ETH,phase2_general,lstm,phase2_general_lstm,2026-04-04,2026-04-05,0.0209113576842589,0.00708671697648236,0.008093229438109037,2065.3515625,2108.99560546875,2080.040109795688,ensemble
ETH,phase2_general,lstm,phase2_general_lstm,2026-04-05,2026-04-06,-0.0005853459761497,0.00696878845337776,0.00813182695128402,2108.99560546875,2107.761474609375,2123.7440795031016,ensemble
ETH,phase2_general,lstm,phase2_general_lstm,2026-04-06,2026-04-07,0.0616556049703287,0.007203060761094079,0.008047410530728657,2107.761474609375,2241.806640625,2122.998619741599,ensemble
ETH,phase2_general,lstm,phase2_general_lstm,2026-04-07,2026-04-08,-0.0232273715270305,0.00891128279035908,0.008793716833174035,2241.806640625,2190.33544921875,2261.87329056456,ensemble
ETH,phase2_general,lstm,phase2_general_lstm,2026-04-08,2026-04-09,-0.0005440857898826,0.010602159798145262,0.008950187949147021,2190.33544921875,2189.14404296875,2213.681275067616,ensemble
ETH,phase2_general,lstm,phase2_general_lstm,2026-04-09,2026-04-10,0.0252611274355671,0.011765812896192041,0.008828550812018126,2189.14404296875,2245.148681640625,2215.0532245799895,ensemble
ETH,phase2_general,lstm,phase2_general_lstm,2026-04-10,2026-04-11,0.0177650010386669,0.0124194758944213,0.00872887450063088,2245.148681640625,2285.39013671875,2273.2061202744476,ensemble
ETH,phase2_general,lstm,phase2_general_lstm,2026-04-11,2026-04-12,-0.0416306075771206,0.0122010078746825,0.008471379814726001,2285.39013671875,2192.201171875,2313.4450005503827,ensemble
ETH,phase2_general,lstm,phase2_general_lstm,2026-04-12,2026-04-13,0.0782853911386856,0.01147887655533844,0.007933496433652392,2192.201171875,2370.71484375,2217.5101599847517,ensemble
ETH,phase2_general,lstm,phase2_general_lstm,2026-04-13,2026-04-14,-0.0201992437703363,0.01117903599515552,0.007499641067000442,2370.71484375,2323.30859375,2397.365838990876,ensemble
ETH,phase2_general,lstm,phase2_general_lstm,2026-04-14,2026-04-15,0.0154307484890148,0.01123306937515732,0.007243626740077788,2323.30859375,2359.43701171875,2349.553610440299,ensemble
ETH,phase2_general,lstm,phase2_general_lstm,2026-04-15,2026-04-16,-0.0045844617903412,0.0105440106708556,0.006353314396523811,2359.43701171875,2348.64501953125,2384.446559511896,ensemble
ETH,phase2_general,lstm,phase2_general_lstm,2026-04-16,2026-04-17,0.0303717508925751,0.00991460038349026,0.005747098680261638,2348.64501953125,2421.07177734375,2372.0467138692043,ensemble
ETH,phase2_general,lstm,phase2_general_lstm,2026-04-17,2026-04-18,-0.0293267723614628,0.0101076866034418,0.005617587527237543,2421.07177734375,2351.1005859375,2445.667304654041,ensemble
ETH,phase2_general,lstm,phase2_general_lstm,2026-04-18,2026-04-19,-0.0373454427406088,0.010073513071984019,0.005476480284338127,2351.1005859375,2264.9169921875,2374.9041197383294,ensemble
ETH,phase2_general,lstm,phase2_general_lstm,2026-04-19,2026-04-20,0.0219633235792397,0.00989126362837848,0.005763817707871554,2264.9169921875,2315.21240234375,2287.431045915165,ensemble
ETH,phase2_general,lstm,phase2_general_lstm,2026-04-20,2026-04-21,0.0054954065471357,0.0102008906193077,0.006179457748981759,2315.21240234375,2327.970458984375,2338.950499843686,ensemble
ETH,phase2_general,lstm,phase2_general_lstm,2026-04-21,2026-04-22,0.0204586542200399,0.01057984859216954,0.006913392050878652,2327.970458984375,2376.088134765625,2352.730783250298,ensemble
ETH,phase2_general,lstm,phase2_general_lstm,2026-04-22,2026-04-23,-0.0189376886242059,0.010740564088337078,0.007244824881561462,2376.088134765625,2331.513916015625,2401.7462060777557,ensemble
ETH,phase2_general,lstm,phase2_general_lstm,2026-04-23,2026-04-24,-0.0068100265350662,0.0106116767972707,0.007893366972863844,2331.513916015625,2315.690185546875,2356.386926909772,ensemble
ETH,phase2_general,lstm,phase2_general_lstm,2026-04-24,2026-04-25,0.0013545812633985,0.01064959645736958,0.008430141075357375,2315.690185546875,2318.8291015625,2340.4831346731776,ensemble
ETH,phase2_general,lstm,phase2_general_lstm,2026-04-25,2026-04-26,0.021713243592728,0.00956211359589358,0.00897620116722631,2318.8291015625,2369.72900390625,2341.108357472464,ensemble
ETH,phase2_general,lstm,phase2_general_lstm,2026-04-26,2026-04-27,-0.0285352092391055,0.008754448592662799,0.009423971153839018,2369.72900390625,2303.06396484375,2390.5657486771406,ensemble
ETH,phase2_general,lstm,phase2_general_lstm,2026-04-27,2026-04-28,-0.0059420254123551,0.00871395759750156,0.009644818065230973,2303.06396484375,2289.419677734375,2323.220460456575,ensemble
ETH,phase2_general,lstm,phase2_general_lstm,2026-04-28,2026-04-29,-0.0158511839185899,0.00883813012624158,0.009892207792312618,2289.419677734375,2253.415771484375,2309.7435469646434,ensemble
ETH,phase2_general,lstm,phase2_general_lstm,2026-04-29,2026-04-30,0.0012574984349416,0.00929821130703202,0.010283826710559853,2253.415771484375,2256.251220703125,2274.4662215943063,ensemble
ETH,phase2_general,lstm,phase2_general_lstm,2026-04-30,2026-05-01,0.0170690082206223,0.00974368383758694,0.010270673595346702,2256.251220703125,2295.09375,2278.3428715059126,ensemble
ETH,phase2_general,lstm,phase2_general_lstm,2026-05-01,2026-05-02,0.0091680063840355,0.0097880197805352,0.010098552553868467,2295.09375,2316.23193359375,2317.6684737130186,ensemble
ETH,phase2_general,lstm,phase2_general_lstm,2026-05-02,2026-05-03,0.0023302997915724,0.00945158725953656,0.009858320686536956,2316.23193359375,2321.6357421875,2338.227785941209,ensemble
ETH,phase2_general,lstm,phase2_general_lstm,2026-05-03,2026-05-04,0.0106089499454062,0.00923448324610942,0.009804278069172903,2321.6357421875,2346.39697265625,2343.174143497051,ensemble
ETH,phase2_general,lstm,phase2_general_lstm,2026-05-04,2026-05-05,0.0062816540296977,0.00968990392284462,0.01009469824155497,2346.39697265625,2361.1826171875,2369.2438471298933,ensemble
ETH,phase2_general,lstm,phase2_general_lstm,2026-05-05,2026-05-06,-0.0044060551410634,0.01022230042144654,0.01040067690922225,2361.1826171875,2350.802001953125,2385.4431230811415,ensemble
ETH,phase2_general,lstm,phase2_general_lstm,2026-05-06,2026-05-07,-0.0257211497884926,0.01080121302511536,0.010355363952952126,2350.802001953125,2291.107666015625,2376.3311397856446,ensemble
ETH,phase2_general,lstm,phase2_general_lstm,2026-05-07,2026-05-08,0.0069005173801773,0.01106662824749942,0.009650981423377539,2291.107666015625,2306.97216796875,2316.6033180776667,ensemble
ETH,phase2_general,lstm,phase2_general_lstm,2026-05-08,2026-05-09,0.0085267708032934,0.01187531705945726,0.009443916528962022,2306.97216796875,2326.727294921875,2334.5315079863894,ensemble
ETH,phase2_general,lstm,phase2_general_lstm,2026-05-09,2026-05-10,0.0180237894016022,0.012237706221640039,0.009570284451041156,2326.727294921875,2369.0439453125,2355.3760399386515,ensemble
ETH,phase2_general,lstm,phase2_general_lstm,2026-05-10,2026-05-11,-0.0126087284649131,0.01219406016170976,0.009622994693070002,2369.0439453125,2339.36083984375,2398.109060436122,ensemble
ETH,phase2_general,lstm,phase2_general_lstm,2026-05-11,2026-05-12,-0.0280543858235066,0.01191843058913942,0.009692921347460139,2339.36083984375,2274.6435546875,2367.4091636175176,ensemble
ETH,phase2_general,lstm,phase2_general_lstm,2026-05-12,2026-05-13,-0.0075315052922758,0.01189730390906328,0.010109966934423259,2274.6435546875,2257.576416015625,2301.867303834368,ensemble
ETH,phase2_general,lstm,phase2_general_lstm,2026-05-13,2026-05-14,0.010293509698889,0.01130111818201834,0.009534549943975899,2257.576416015625,2280.934814453125,2283.234261998512,ensemble
ETH,phase2_general,lstm,phase2_general_lstm,2026-05-14,2026-05-15,-0.025579807171991,0.010980037413537461,0.008977386708093954,2280.934814453125,2223.328857421875,2306.117564819506,ensemble
ETH,phase2_general,lstm,phase2_general_lstm,2026-05-15,2026-05-16,-0.0197944707467758,0.011598168825730639,0.00966642244665748,2223.328857421875,2179.751953125,2249.2655190113537,ensemble
ETH,phase2_general,lstm,phase2_general_lstm,2026-05-16,2026-05-17,-0.024195229175847,0.011201357678510219,0.009879088935002786,2179.751953125,2127.645263671875,2204.305393609948,ensemble
ETH,phase2_general,lstm,phase2_general_lstm,2026-05-17,2026-05-18,0.0004092183281597,0.01077726634102868,0.009655834739897607,2127.645263671875,2128.51611328125,2150.6994708793095,ensemble
ETH,phase2_general,lstm,phase2_general_lstm,2026-05-18,2026-05-19,-0.0087542537236926,0.01072101398603988,0.009977115678257271,2128.51611328125,2109.9638671875,2151.4587285992343,ensemble
ETH,phase2_general,lstm,phase2_general_lstm,2026-05-19,2026-05-20,0.0080339082480059,0.01126073100604114,0.011014495546647598,2109.9638671875,2126.9833984375,2133.857882279016,ensemble
ETH,phase2_general,lstm,phase2_general_lstm,2026-05-20,2026-05-21,0.0020793039085529,0.01115793134085832,0.01144426155536733,2126.9833984375,2131.41064453125,2150.849031101451,ensemble
ETH,phase2_general,lstm,phase2_general_lstm,2026-05-21,2026-05-22,-0.0318296288802969,0.01098046521656212,0.011707153143215326,2131.41064453125,2064.636962890625,2154.9434893205716,ensemble
ETH,phase2_general,lstm,phase2_general_lstm,2026-05-22,2026-05-23,0.0245501473754652,0.011337723769247519,0.012245977949941849,2064.636962890625,2115.951416015625,2088.17844770985,ensemble
ETH,phase2_general,lstm,phase2_general_lstm,2026-05-23,2026-05-24,-0.0085229526741993,0.01113963392563162,0.01222212596081544,2115.951416015625,2097.993896484375,2139.6541147801013,ensemble
ETH,phase2_general,lstm,phase2_general_lstm,2026-05-24,2026-05-25,0.0063555962617687,0.0114305899944156,0.012779165883576166,2097.993896484375,2111.370361328125,2122.1127884980147,ensemble
ETH,phase2_general,lstm,phase2_general_lstm,2026-05-25,2026-05-26,-0.0193741083637812,0.01111360364593562,0.013119870794712891,2111.370361328125,2070.858154296875,2134.9661690373455,ensemble
ETH,phase2_general,lstm,phase2_general_lstm,2026-05-26,2026-05-27,-0.0237779302438843,0.01110657770186658,0.013669514446761137,2070.858154296875,2022.1982421875,2093.986501940882,ensemble
ETH,phase2_general,lstm,phase2_general_lstm,2026-05-27,2026-05-28,-0.0072687232435778,0.01097079012542962,0.013781280827764685,2022.1982421875,2007.552734375,2044.505495051255,ensemble
ETH,phase2_general,lstm,phase2_general_lstm,2026-05-28,2026-05-29,0.0022021388879798,0.01116626961156722,0.01401432626142729,2007.552734375,2011.978515625,2030.0952330488747,ensemble
ETH,phase2_general,lstm,phase2_general_lstm,2026-05-29,2026-05-30,0.0037107092790728,0.010833250265568462,0.013789683898070174,2011.978515625,2019.458251953125,2033.8932721098256,ensemble
ETH,phase2_general,lstm,phase2_general_lstm,2026-05-30,2026-05-31,-0.0075136791444324,0.01066679432988166,0.013962464830304023,2019.458251953125,2004.341552734375,2041.114694855984,ensemble
ETH,phase2_general,lstm,phase2_general_lstm,2026-05-31,2026-06-01,-0.0005591235515652,0.00989507446065544,0.013734715631465128,2004.341552734375,2003.22119140625,2024.2731111417547,ensemble
ETH,phase2_general,lstm,phase2_general_lstm,2026-06-01,2026-06-02,-0.0754085383512764,0.00929655069485302,0.013262061985120996,2003.22119140625,1857.71630859375,2021.9310726938415,ensemble
ETH,phase2_general,lstm,phase2_general_lstm,2026-06-02,2026-06-03,-0.0250644830015835,0.009591156663373079,0.013704882339667152,1857.71630859375,1811.7322998046875,1875.6196765043412,ensemble
ETH,phase2_general,lstm,phase2_general_lstm,2026-06-03,2026-06-04,-0.0235409089196176,0.00938846794888374,0.013301885814016742,1811.7322998046875,1769.58056640625,1828.8217869577193,ensemble
ETH,phase2_general,lstm,phase2_general_lstm,2026-06-04,2026-06-05,-0.1127730163581579,0.00981788318604226,0.013238729410686751,1769.58056640625,1580.86083984375,1787.0396671601752,ensemble
ETH,phase2_general,lstm,phase2_general_lstm,2026-06-05,2026-06-06,-0.0076791271868011,0.01080978347454218,0.013825263849240972,1580.86083984375,1568.7677001953125,1598.0422998508982,ensemble
ETH,phase2_general,lstm,phase2_general_lstm,2026-06-06,2026-06-07,0.0723034430725498,0.01058755160775034,0.013174381631100306,1568.7677001953125,1686.396240234375,1585.465346800947,ensemble
ETH,phase2_general,lstm,phase2_general_lstm,2026-06-07,2026-06-08,0.0022225802428663,0.01032947215717284,0.01259837487678724,1686.396240234375,1690.1485595703125,1703.906101366712,ensemble
ETH,phase2_general,lstm,phase2_general_lstm,2026-06-08,2026-06-09,-0.0315195419215522,0.00896562765992708,0.011097403456963034,1690.1485595703125,1637.7066650390625,1705.3699348762607,ensemble
ETH,phase2_general,lstm,phase2_general_lstm,2026-06-09,2026-06-10,-0.0107857454824715,0.00800917824963104,0.010426746379223303,1637.7066650390625,1620.1376953125,1650.8760170862345,ensemble
ETH,phase2_general,lstm,phase2_general_lstm,2026-06-10,2026-06-11,0.0316772045187946,0.00630714610451826,0.008915095031628814,1620.1376953125,1672.2806396484375,1630.3884329349542,ensemble
ETH,phase2_general,lstm,phase2_general_lstm,2026-06-11,2026-06-12,-0.0042864654394683,0.0048148289439268,0.00785757225885292,1672.2806396484375,1665.1278076171875,1680.3517999100857,ensemble
ETH,phase2_general,lstm,phase2_general_lstm,2026-06-12,2026-06-13,0.0090196413020536,0.00303752503823486,0.006334626090210452,1665.1278076171875,1680.214599609375,1670.1933645078257,ensemble
ETH,phase2_general,lstm,phase2_general_lstm,2026-06-13,2026-06-14,0.0260813174474448,0.00124997850507494,0.005068900179557178,1680.214599609375,1724.61328125,1682.3161449123986,ensemble
ETH,phase2_general,lstm,phase2_general_lstm,2026-06-14,2026-06-15,0.0399805553119012,-0.00111343349562958,0.004998888891033103,1724.61328125,1794.961181640625,1722.6941076899834,ensemble
ETH,phase2_general,lstm,phase2_general_lstm,2026-06-15,2026-06-16,-0.002545346375384,-0.0026997904991731,0.005234258740416454,1794.961181640625,1790.398193359375,1790.1216982312417,ensemble
ETH,phase2_general,lstm,phase2_general_lstm,2026-06-16,2026-06-17,-0.0240312789660825,-0.00361251740250734,0.005267686359620431,1790.398193359375,1747.885498046875,1783.9420172739194,ensemble
ETH,phase2_general,lstm,phase2_general_lstm,2026-06-17,2026-06-18,-0.0221862751067949,-0.0040027963463217,0.005083726995416782,1747.885498046875,1709.533447265625,1740.9030523385356,ensemble
ETH,phase2_general,lstm,phase2_general_lstm,2026-06-18,2026-06-19,0.0008472258287815,-0.0042614797246642395,0.004941511663821593,1709.533447265625,1710.982421875,1702.263805857714,ensemble
ETH,phase2_general,lstm,phase2_general_lstm,2026-06-19,2026-06-20,0.0164158122645686,-0.00396866409573704,0.004542740513534701,1710.982421875,1739.3013916015625,1704.2055638003192,ensemble
ETH,phase2_general,lstm,phase2_general_lstm,2026-06-20,2026-06-21,-0.0201644551603129,-0.003907397860893979,0.0044211186669621105,1739.3013916015625,1704.58056640625,1732.518509404211,ensemble
ETH,phase2_general,lstm,phase2_general_lstm,2026-06-21,2026-06-22,0.012783452112487,-0.003990902103032545,0.004325003703204153,1704.58056640625,1726.5108642578125,1697.7913088812672,ensemble
ETH,phase2_general,lstm,phase2_general_lstm,2026-06-22,2026-06-23,-0.0360151185751902,-0.00395607976533936,0.003979047115452319,1726.5108642578125,1665.436767578125,1719.6941422016412,ensemble
ETH,phase2_general,lstm,phase2_general_lstm,2026-06-23,2026-06-24,-0.027707605238555,-0.0041230356262530795,0.003794449195282432,1665.436767578125,1619.9249267578125,1658.5842487491618,ensemble
ETH,phase2_general,lstm,phase2_general_lstm,2026-06-24,2026-06-25,-0.0346111458341076,-0.00422949809581036,0.0035628542125938417,1619.9249267578125,1564.816650390625,1613.0879260974302,ensemble
ETH,phase2_general,lstm,phase2_general_lstm,2026-06-25,2026-06-26,0.0075121735497433,-0.00421298494911748,0.003206128526664068,1564.816650390625,1576.6160888671875,1558.237969067648,ensemble
ETH,phase2_general,lstm,phase2_general_lstm,2026-06-26,2026-06-27,-0.0031940978117993,-0.00408943101065228,0.002867976665902742,1576.6160888671875,1571.5882568359375,1570.181791416211,ensemble
ETH,phase2_general,lstm,phase2_general_lstm,2026-06-27,2026-06-28,-0.0007810761173124,-0.00385128855705254,0.002546929640286037,1571.5882568359375,1570.3612060546875,1565.5472572491649,ensemble
ETH,phase2_general,lstm,phase2_general_lstm,2026-06-28,2026-06-29,0.0250563430147941,-0.0037185769382631116,0.0026774699791414676,1570.3612060546875,1610.205810546875,1564.5325409753552,ensemble
ETH,phase2_general,lstm,phase2_general_lstm,2026-06-29,2026-06-30,-0.025551475094469,-0.0035184023145120396,0.0029925147680321417,1610.205810546875,1569.5838623046875,1604.550413511301,ensemble
ETH,phase2_general,lstm,phase2_general_lstm,2026-06-30,2026-07-01,0.0247779101060913,-0.00291269818553696,0.0028556195486601934,1569.5838623046875,1608.960693359375,1565.0187898035338,ensemble
ETH,phase2_general,lstm,phase2_general_lstm,2026-07-01,2026-07-02,0.0539624286481777,-0.0019444809295237001,0.002182949245567462,1608.960693359375,1698.16943359375,1605.8351397492904,ensemble
ETH,phase2_general,lstm,phase2_general_lstm,2026-07-02,2026-07-03,0.0337829584823897,-0.0009090369800105601,0.002113270903919408,1698.16943359375,1756.5186767578125,1696.6264362073862,ensemble
ETH,phase2_general,lstm,phase2_general_lstm,2026-07-03,2026-07-04,0.0127361095972148,-0.00020135238301010006,0.003189467795492881,1756.5186767578125,1779.032958984375,1756.1650331411329,ensemble
ETH,phase2_general,lstm,phase2_general_lstm,2026-07-04,2026-07-05,0.0022307583802167,-0.00024490589275954,0.003822851653908469,1779.032958984375,1783.0059814453125,1778.5973166771678,ensemble
ETH,phase2_general,lstm,phase2_general_lstm,2026-07-05,2026-07-06,0.0081371345293737,0.0003247777582146202,0.0051486269296918755,1783.0059814453125,1797.57373046875,1783.585156177294,ensemble
ETH,phase2_general,lstm,phase2_general_lstm,2026-07-06,2026-07-07,-0.0162996101421938,2.3119316756515725e-05,0.005048728924285433,1797.57373046875,1768.511474609375,1797.6152896256256,ensemble
ETH,phase2_general,lstm,phase2_general_lstm,2026-07-07,2026-07-08,-0.0147154299263924,-6.748734158465997e-05,0.004734413113952109,1768.511474609375,1742.6776123046875,1768.3921264986802,ensemble
ETH,phase2_general,lstm,phase2_general_lstm,2026-07-08,2026-07-09,0.0010363767887721,-7.226009383886047e-05,0.004046095389196931,1742.6776123046875,1744.484619140625,1742.5516908064958,ensemble
ETH,phase2_general,lstm,phase2_general_lstm,2026-07-09,2026-07-10,0.0289319871755302,-0.00021570109820457997,0.0030626044765797176,1744.484619140625,1795.6932373046875,1744.108372472344,ensemble
ETH,phase2_general,lstm,phase2_general_lstm,2026-07-10,2026-07-11,-0.0042377668681416,-0.00029305669304447997,0.00206436520851148,1795.6932373046875,1788.099609375,1795.1670744843743,ensemble
ETH,phase2_general,lstm,phase2_general_lstm,2026-07-11,2026-07-12,0.0098437240641505,-0.000560161375324232,0.0009538105492906111,1788.099609375,1805.7880859375,1787.0982655218543,ensemble
ETH,phase2_general,lstm,phase2_general_lstm,2026-07-12,2026-07-13,-0.0180417009925125,-0.0009715413470985,0.000677665448249609,1805.7880859375,1773.500732421875,1804.034540106983,ensemble
ETH,phase2_general,lstm,phase2_general_lstm,2026-07-13,2026-07-14,0.0633461757860125,-0.00087450955761592,0.0016722230455844633,1773.500732421875,1889.4798583984373,1771.9504670406789,ensemble
ETH,phase2_general,lstm,phase2_general_lstm,2026-07-14,2026-07-15,0.0144305241755588,-0.00022040185358488561,0.002166658630567351,1889.4798583984373,1916.9437255859373,1889.0634594245735,ensemble
ETH,phase2_general,lstm,phase2_general_lstm,2026-07-15,2026-07-16,-0.0284402326891384,0.0010719789745053,0.0026201139609162345,1916.9437255859373,1863.193359375,1918.999750766069,ensemble
ETH,phase2_general,lstm,phase2_general_lstm,2026-07-16,2026-07-17,-0.011989404987594,0.0021330411895178003,0.003026396032076599,1863.193359375,1840.9881591796875,1867.1718692087838,ensemble
ETH,phase2_general,lstm,phase2_general_lstm,2026-07-17,2026-07-18,0.0110221726895365,0.00311550272163,0.0030834417375440078,1840.9881591796875,1861.39208984375,1846.7327067303127,ensemble
ETH,phase2_general,lstm,phase2_general_lstm,2026-07-18,2026-07-19,0.0054201709795738,0.0030706325022038005,0.0028398769471188225,1861.39208984375,1871.508544921875,1867.1165252149515,ensemble
ETH,phase2_general,lstm,phase2_general_lstm,2026-07-19,2026-07-20,0.0170854918812539,0.0026860230485908397,0.00244926564593147,1871.508544921875,1903.7589111328125,1876.5422172627557,ensemble
ETH,phase2_general,lstm,phase2_general_lstm,2026-07-20,2026-07-21,0.0128519310477648,0.00298496196628546,0.0022447719655940886,1903.7589111328125,1928.3837890625,1909.4500487645407,ensemble
ETH,phase2_general,lstm,phase2_general_lstm,2026-07-21,2026-07-22,0.0026444810723667,0.004054036657907959,0.0024483465769391272,1928.3837890625,1933.4901123046875,1936.217395769338,ensemble
ETH,phase2_general,lstm,phase2_general_lstm,2026-07-22,2026-07-23,-0.0295985684211487,0.00574372842675072,0.003784081607542025,1933.4901123046875,1877.1002197265625,1944.6275088973491,ensemble
ETH,phase2_general,lstm,phase2_general_lstm,2026-07-23,2026-07-24,-0.0090566354547485,0.0066805809969082,0.0046656622273237875,1877.1002197265625,1860.1767578125,1889.6823208615651,ensemble
ETH,phase2_general,lstm,phase2_general_lstm,2026-07-24,2026-07-25,0.0069886485747689,0.0079517579870298,0.006437865273572738,1860.1767578125,1873.222412109375,1875.0273993062922,ensemble
ETH,phase2_general,lstm,phase2_general_lstm,2026-07-25,2026-07-26,0.0419170428366946,0.008207004121504661,0.007208791660759081,1873.222412109375,1953.4112548828125,1888.6592144710737,ensemble
ETH,phase2_general,lstm,phase2_general_lstm,2026-07-26,2026-07-27,-0.0326758126996198,0.00821971073746676,0.007397702092630937,1953.4112548828125,1890.613525390625,1969.533901318981,ensemble
ETH,phase2_general,lstm,phase2_general_lstm,2026-07-27,2026-07-28,0.015396962638548,0.00808375123888248,0.006787880098866952,1890.613525390625,1919.948486328125,1905.9587146014371,ensemble
ETH,phase2_general,lstm,phase2_general_lstm,2026-07-28,2026-07-29,-0.0059707845121414,0.008755041053518601,0.006872746312404512,1919.948486328125,1908.51904296875,1936.8315120971906,ensemble
ETH,phase2_general,lstm,phase2_general_lstm,2026-07-29,2026-07-30,0.0046284096447549,0.0092013706453144,0.006862442093701008,1908.51904296875,1917.3729248046875,1926.161075032687,ensemble
ETH,phase2_general,lstm,phase2_general_lstm,2026-07-30,2026-07-31,-0.0301935171908472,0.00924058174714442,0.006339187207026058,1917.3729248046875,1860.345947265625,1935.1726794425504,ensemble
ETH,phase2_general,lstm,phase2_general_lstm,2026-07-31,2026-08-01,-0.0091411558801774,0.00923462351784106,0.005790533653759831,1860.345947265625,1843.417724609375,1877.6051099840774,ensemble
ETH,phase2_general,lstm,phase2_general_lstm,2026-08-01,2026-08-02,0.0209910449816346,0.00826649535447354,0.004570190397878923,1843.417724609375,1882.52197265625,1858.7194875051641,ensemble
ETH,phase2_general,lstm,phase2_general_lstm,2026-08-02,2026-08-03,-0.0129736864450064,0.007033473579213,0.003615253754428668,1882.52197265625,1858.2564697265625,1895.8093145204398,ensemble
ETH,phase2_general,lstm,phase2_general_lstm,2026-08-03,2026-08-04,0.0054362176829138,0.00637047104537484,0.003152603803308942,1858.2564697265625,1868.3858642578125,1870.132225678862,ensemble
ETH,phase2_general,lstm,phase2_general_lstm,2026-08-04,2026-08-05,0.0202078543669882,0.00655102729797358,0.00327974055833116,1868.3858642578125,1906.5260009765625,1880.6658905339973,ensemble
ETH,phase2_general,lstm,phase2_general_lstm,2026-08-05,2026-08-06,-0.0023465458558861,0.00757109965197734,0.0037147363255864143,1906.5260009765625,1902.0574951171875,1921.0152799944456,ensemble
ETH,phase2_general,lstm,phase2_general_lstm,2026-08-06,2026-08-07,0.0058825505802162,0.008763364143669562,0.004547192668861944,1902.0574951171875,1913.2794189453125,1918.799167111373,ensemble
ETH,phase2_general,lstm,phase2_general_lstm,2026-08-07,2026-08-08,0.0011771484611133,0.01081900615245098,0.005383467756447889,1913.2794189453125,1915.532958984375,1934.0915811995226,ensemble
ETH,phase2_general,lstm,phase2_general_lstm,2026-08-08,2026-08-09,-0.003582552655913,0.012181515991687718,0.0063105190499612406,1915.532958984375,1908.6827392578125,1939.0097555350274,ensemble
ETH,phase2_general,lstm,phase2_general_lstm,2026-08-09,2026-08-10,-0.0197913520463313,0.012814257480204061,0.006897749350509426,1908.6827392578125,1871.2786865234373,1933.298470651764,ensemble
ETH,phase2_general,lstm,phase2_general_lstm,2026-08-10,2026-08-11,0.0053801271136948,0.01367352548986668,0.007519454551351792,1871.2786865234373,1881.37353515625,1897.0413954779167,ensemble
ETH,phase2_general,lstm,phase2_general_lstm,2026-08-11,2026-08-12,-0.0017228455012013,0.01474604550749056,0.00826055407620096,1881.37353515625,1878.135009765625,1909.321912507991,ensemble
ETH,phase2_general,lstm,phase2_general_lstm,2026-08-12,2026-08-13,0.0031133074431306,0.01548665761947626,0.00868319053110208,1878.135009765625,1883.9913330078125,1907.447433513398,ensemble
ETH,phase2_general,lstm,phase2_general_lstm,2026-08-13,2026-08-14,-0.0017751010807604,0.0160229853354394,0.008980230540710628,1883.9913330078125,1880.6500244140625,1914.4216396435493,ensemble
ETH,phase2_general,lstm,phase2_general_lstm,2026-08-14,2026-08-15,0.0001373371127861,0.01600139532238242,0.009295988475003632,1880.6500244140625,1880.9083251953125,1910.9851034552285,ensemble
ETH,phase2_general,lstm,phase2_general_lstm,2026-08-15,2026-08-16,-0.003710048377518,0.01558129144832486,0.009790064874588705,1880.9083251953125,1873.9429931640625,1910.4448167778432,ensemble
ETH,phase2_general,lstm,phase2_general_lstm,2026-08-16,2026-08-17,0.0202107717270595,0.01493540424853558,0.010247746040034075,1873.9429931640625,1912.2021484375,1902.1411405010297,ensemble
ETH,phase2_general,lstm,phase2_general_lstm,2026-08-17,2026-08-18,0.0022239875598747,0.01508694109506902,0.010742772295977976,1912.2021484375,1916.4595947265625,1941.270151881403,ensemble
ETH,phase2_general,lstm,phase2_general_lstm,2026-08-18,2026-08-19,0.1610984870542504,0.015720338188111742,0.011404343373880702,1916.4595947265625,2251.4580078125,1946.8250398669204,ensemble
ETH,phase2_general,lstm,phase2_general_lstm,2026-08-19,2026-08-20,0.0327374500344778,0.0169718247838318,0.011487382675592354,2251.4580078125,2326.384765625,2289.995459032151,ensemble
ETH,phase2_general,lstm,phase2_general_lstm,2026-08-20,2026-08-21,0.0780693605915992,0.017914128862321337,0.011479927191767065,2326.384765625,2515.28173828125,2368.4354482176695,ensemble
ETH,phase2_general,lstm,phase2_general_lstm,2026-08-21,2026-08-22,-0.0368621187101773,0.01799053857102986,0.011191137514033925,2515.28173828125,2424.251220703125,2560.9425108170426,ensemble
ETH,phase2_general,lstm,phase2_general_lstm,2026-08-22,2026-08-23,0.0161886325230095,0.01672916859388346,0.010825043965930217,2424.251220703125,2463.81591796875,2465.1480593472033,ensemble
ETH,phase2_general,lstm,phase2_general_lstm,2026-08-23,2026-08-24,0.0072853803568115,0.0149148867465555,0.01044554805291288,2463.81591796875,2481.831298828125,2500.8388635476035,ensemble
ETH,phase2_general,lstm,phase2_general_lstm,2026-08-24,2026-08-25,-0.0157046670742771,0.012341690366156361,0.010085868562018143,2481.831298828125,2443.159423828125,2512.6510851915737,ensemble
ETH,phase2_general,lstm,phase2_general_lstm,2026-08-25,2026-08-26,0.0254999480890524,0.00944030242972074,0.009473777864462747,2443.159423828125,2506.260986328125,2466.332797401175,ensemble
ETH,phase2_general,lstm,phase2_general_lstm,2026-08-26,2026-08-27,0.0016541530230063,0.00647852134425192,0.008139199748171696,2506.260986328125,2510.41015625,2522.5505608259255,ensemble
ETH,phase2_general,lstm,phase2_general_lstm,2026-08-27,2026-08-28,-0.0274093504142575,0.00448876229347662,0.0064070143889961234,2510.41015625,2442.535888671875,2521.704119695678,ensemble
ETH,phase2_general,lstm,phase2_general_lstm,2026-08-28,2026-08-29,0.0061835722465449,0.002855148143135,0.00494122903977556,2442.535888671875,2457.686279296875,2449.519655579286,ensemble
ETH,phase2_general,lstm,phase2_general_lstm,2026-08-29,2026-08-30,-0.0163049615873888,0.0017239148088264802,0.003686591318398475,2457.686279296875,2417.938720703125,2461.926775145812,ensemble
ETH,phase2_general,lstm,phase2_general_lstm,2026-08-30,2026-08-31,0.0200145895501371,0.0013295799493789403,0.0033101681348216582,2417.938720703125,2466.8203125,2421.155701687796,ensemble
ETH,phase2_general,xgb,phase2_general_xgb,2025-10-31,2025-11-01,0.0070215866872251,0.00637083356268698,0.003137231547837141,3847.080322265625,3874.18798828125,3871.667668484761,ensemble
ETH,phase2_general,xgb,phase2_general_xgb,2025-11-01,2025-11-02,0.0094731740475304,0.00523874939826778,0.003124091679626751,3874.18798828125,3911.063232421875,3894.537143797405,ensemble
ETH,phase2_general,xgb,phase2_general_xgb,2025-11-02,2025-11-03,-0.0822344830552394,-0.017516947910189578,0.00335901396814678,3911.063232421875,3602.30810546875,3843.149895255613,ensemble
ETH,phase2_general,xgb,phase2_general_xgb,2025-11-03,2025-11-04,-0.0899050101356721,0.00044148802990092,0.0028418861549887797,3602.30810546875,3292.574462890625,3603.898832494962,ensemble
ETH,phase2_general,xgb,phase2_general_xgb,2025-11-04,2025-11-05,0.0394816688100728,-0.0043673897744156195,0.004048471626115491,3292.574462890625,3425.171142578125,3278.225862622144,ensemble
ETH,phase2_general,xgb,phase2_general_xgb,2025-11-05,2025-11-06,-0.0335213636698541,0.006105566781479841,0.006482167109726999,3425.171142578125,3312.2578125,3446.1477255275363,ensemble
ETH,phase2_general,xgb,phase2_general_xgb,2025-11-06,2025-11-07,0.0364744811598151,0.0055144711164757,0.0031312147825784988,3312.2578125,3435.301025390625,3330.573617110753,ensemble
ETH,phase2_general,xgb,phase2_general_xgb,2025-11-07,2025-11-08,-0.0102185497413461,0.00142541714012622,0.0048356533544675895,3435.301025390625,3400.3759765625,3440.2012539589095,ensemble
ETH,phase2_general,xgb,phase2_general_xgb,2025-11-08,2025-11-09,0.0522087429098387,0.0070877232123166215,0.006092197379933484,3400.3759765625,3582.621337890625,3424.562512786841,ensemble
ETH,phase2_general,xgb,phase2_general_xgb,2025-11-09,2025-11-10,-0.0039606305321747,-0.00213110410259102,0.0038197295379779213,3582.621337890625,3568.4599609375,3574.9945285082945,ensemble
ETH,phase2_general,xgb,phase2_general_xgb,2025-11-10,2025-11-11,-0.0438739864099317,-0.00777590554207558,0.0018746048176596743,3568.4599609375,3415.2822265625,3540.8195572071163,ensemble
ETH,phase2_general,xgb,phase2_general_xgb,2025-11-11,2025-11-12,-0.000640851706814,-0.0112620841711759,0.0018061551092216283,3415.2822265625,3413.09423828125,3377.0348077406425,ensemble
ETH,phase2_general,xgb,phase2_general_xgb,2025-11-12,2025-11-13,-0.0542839228098472,-0.0005449462831165811,0.001127613018882531,3413.09423828125,3232.757080078125,3411.2347919573695,ensemble
ETH,phase2_general,xgb,phase2_general_xgb,2025-11-13,2025-11-14,-0.0407128161836017,0.0094026769511401,0.0019951199460927207,3232.757080078125,3103.78564453125,3263.2970040799532,ensemble
ETH,phase2_general,xgb,phase2_general_xgb,2025-11-14,2025-11-15,0.0200458143866448,0.016404271498322458,0.003126667517529031,3103.78564453125,3166.63134765625,3155.12089441667,ensemble
ETH,phase2_general,xgb,phase2_general_xgb,2025-11-15,2025-11-16,-0.0235761973164414,-0.0052086904761380805,0.004010097730197382,3166.63134765625,3092.847412109375,3150.1802267066305,ensemble
ETH,phase2_general,xgb,phase2_general_xgb,2025-11-16,2025-11-17,-0.0223335360686421,-0.00805351361632342,0.0034913418192763996,3092.847412109375,3024.538818359375,3068.039154270483,ensemble
ETH,phase2_general,xgb,phase2_general_xgb,2025-11-17,2025-11-18,0.0320287321061959,0.01202555075287812,0.0014055765341567802,3024.538818359375,3122.97900390625,3061.1301378417475,ensemble
ETH,phase2_general,xgb,phase2_general_xgb,2025-11-18,2025-11-19,-0.0325142190008236,0.00686803938588122,0.005853942628278813,3122.97900390625,3023.07080078125,3144.5015710241887,ensemble
ETH,phase2_general,xgb,phase2_general_xgb,2025-11-19,2025-11-20,-0.0653684988267085,0.00537655713851562,0.003243262658033812,3023.07080078125,2831.777587890625,3039.3682865975165,ensemble
ETH,phase2_general,xgb,phase2_general_xgb,2025-11-20,2025-11-21,-0.0236111523857895,0.00089959636097774,0.0017819106907377388,2831.777587890625,2765.69921875,2834.326190888905,ensemble
ETH,phase2_general,xgb,phase2_general_xgb,2025-11-21,2025-11-22,0.0006897153274086,0.00140204078634266,0.0017503772658754788,2765.69921875,2767.607421875,2769.5795614211497,ensemble
ETH,phase2_general,xgb,phase2_general_xgb,2025-11-22,2025-11-23,0.0122346182602878,0.01370138619095084,0.0018369957732303445,2767.607421875,2801.676025390625,2805.788449185153,ensemble
ETH,phase2_general,xgb,phase2_general_xgb,2025-11-23,2025-11-24,0.0525067184643922,0.015092414431273899,0.008255247660507637,2801.676025390625,2952.71337890625,2844.280776639708,ensemble
ETH,phase2_general,xgb,phase2_general_xgb,2025-11-24,2025-11-25,0.0017672851723719,0.00118969499599186,0.004824326192803066,2952.71337890625,2957.936279296875,2956.2282976637844,ensemble
ETH,phase2_general,xgb,phase2_general_xgb,2025-11-25,2025-11-26,0.023348428095094,-0.00199567179661244,0.002240053284098071,2957.936279296875,3027.81201171875,2952.0390956668593,ensemble
ETH,phase2_general,xgb,phase2_general_xgb,2025-11-26,2025-11-27,-0.0043922604267135,-0.01423133257776496,0.0040332324800509915,3027.81201171875,3014.542236328125,2985.0273752903568,ensemble
ETH,phase2_general,xgb,phase2_general_xgb,2025-11-27,2025-11-28,0.005874882913213,-0.00713894776999946,0.003312159065325047,3014.542236328125,3032.304443359375,2993.0982117121007,ensemble
ETH,phase2_general,xgb,phase2_general_xgb,2025-11-28,2025-11-29,-0.013485997805236,-0.008881890401244121,0.002222055431884778,3032.304443359375,2991.685302734375,3005.491100487225,ensemble
ETH,phase2_general,xgb,phase2_general_xgb,2025-11-29,2025-11-30,0.0001428009786007,0.00224002080503848,0.0016569055211229878,2991.685302734375,2992.112548828125,2998.394251341571,ensemble
ETH,phase2_general,xgb,phase2_general_xgb,2025-11-30,2025-12-01,-0.0662927736435053,-0.0007252084356878285,0.00203898537574933,2992.112548828125,2800.18896484375,2989.94343019382,ensemble
ETH,phase2_general,xgb,phase2_general_xgb,2025-12-01,2025-12-02,0.068238382808925,0.0037496442935662,0.0033331907299143947,2800.18896484375,2997.939697265625,2810.7083871374643,ensemble
ETH,phase2_general,xgb,phase2_general_xgb,2025-12-02,2025-12-03,0.0625882304633783,0.00442567169666288,0.00392536097380554,2997.939697265625,3191.57177734375,3011.2369971699954,ensemble
ETH,phase2_general,xgb,phase2_general_xgb,2025-12-03,2025-12-04,-0.0181024175452983,0.00468194484710688,0.0019341941538372491,3191.57177734375,3134.31640625,3206.5495756334244,ensemble
ETH,phase2_general,xgb,phase2_general_xgb,2025-12-04,2025-12-05,-0.0356875080281464,-0.00620950437150892,0.00362250604988893,3134.31640625,3024.432861328125,3114.9141563440353,ensemble
ETH,phase2_general,xgb,phase2_general_xgb,2025-12-05,2025-12-06,0.0052022663489112,0.00415459601208564,0.0023265656773893877,3024.432861328125,3040.207763671875,3037.0242960835544,ensemble
ETH,phase2_general,xgb,phase2_general_xgb,2025-12-06,2025-12-07,0.0069143801565508,-0.01494437754154202,0.005270621286587038,3040.207763671875,3061.3017578125,2995.111557702147,ensemble
ETH,phase2_general,xgb,phase2_general_xgb,2025-12-07,2025-12-08,0.0206574040037443,-0.00474283713847394,0.0025160877456760398,3061.3017578125,3125.197998046875,3046.8168790065483,ensemble
ETH,phase2_general,xgb,phase2_general_xgb,2025-12-08,2025-12-09,0.0608029264224186,-0.00565444496460254,0.004113306349617938,3125.197998046875,3321.114990234375,3107.5766045137384,ensemble
ETH,phase2_general,xgb,phase2_general_xgb,2025-12-09,2025-12-10,0.0012864345975214,-0.00872823428362604,0.0032895218130222547,3321.114990234375,3325.39013671875,3292.2536579776965,ensemble
ETH,phase2_general,xgb,phase2_general_xgb,2025-12-10,2025-12-11,-0.0269224534884862,-0.00962670966982838,0.004281822451170915,3325.39013671875,3237.056884765625,3293.5311659047684,ensemble
ETH,phase2_general,xgb,phase2_general_xgb,2025-12-11,2025-12-12,-0.0483811252686677,-0.0012178558303275963,0.0074702175539197195,3237.056884765625,3084.172607421875,3233.1170157485963,ensemble
ETH,phase2_general,xgb,phase2_general_xgb,2025-12-12,2025-12-13,0.0104898229476874,-0.0047721988521516,0.002390606883729014,3084.172607421875,3116.6953125,3069.489385937408,ensemble
ETH,phase2_general,xgb,phase2_general_xgb,2025-12-13,2025-12-14,-0.018163993601147,-0.005693447589874201,0.0012905595017182647,3116.6953125,3060.5947265625,3099.0009897316077,ensemble
ETH,phase2_general,xgb,phase2_general_xgb,2025-12-14,2025-12-15,-0.0320077701658808,-0.01396088395267718,0.004256568445083445,3060.5947265625,2964.18310546875,3018.1630001449253,ensemble
ETH,phase2_general,xgb,phase2_general_xgb,2025-12-15,2025-12-16,-7.412721688312701e-07,-0.00584944561123846,0.006026101058744196,2964.18310546875,2964.180908203125,2946.894890143645,ensemble
ETH,phase2_general,xgb,phase2_general_xgb,2025-12-16,2025-12-17,-0.0458281928487593,0.018778357468545382,0.006374584744780701,2964.180908203125,2831.403564453125,3020.369268338221,ensemble
ETH,phase2_general,xgb,phase2_general_xgb,2025-12-17,2025-12-18,-0.0015320294953636,-0.01453856583684678,0.0027891133309144657,2831.403564453125,2827.069091796875,2790.536809157791,ensemble
ETH,phase2_general,xgb,phase2_general_xgb,2025-12-18,2025-12-19,0.0520015780613912,-0.015180567838251561,0.004067292496999868,2827.069091796875,2977.970703125,2784.476684080075,ensemble
ETH,phase2_general,xgb,phase2_general_xgb,2025-12-19,2025-12-20,-0.0001303602133292,-0.0074825416551902195,0.0039715658643100895,2977.970703125,2977.58251953125,2955.771071701139,ensemble
ETH,phase2_general,xgb,phase2_general_xgb,2025-12-20,2025-12-21,0.0080383309849244,-0.0073240130208431994,0.0031680578917616916,2977.58251953125,3001.61376953125,2955.8543322777728,ensemble
ETH,phase2_general,xgb,phase2_general_xgb,2025-12-21,2025-12-22,0.0014847515809792,0.00588295222260056,0.005987866461942664,3001.61376953125,3006.07373046875,3019.324163550622,ensemble
ETH,phase2_general,xgb,phase2_general_xgb,2025-12-22,2025-12-23,-0.0143063268401752,-0.007804052531719161,0.004238575641162918,3006.07373046875,2963.3740234375,2982.7054753074535,ensemble
ETH,phase2_general,xgb,phase2_general_xgb,2025-12-23,2025-12-24,-0.0060191597554604,-0.006736419143635386,0.003864625885672404,2963.3740234375,2945.590576171875,2943.4785811920547,ensemble
ETH,phase2_general,xgb,phase2_general_xgb,2025-12-24,2025-12-25,-0.014365015056822,-0.01362058194354172,0.004750298215410404,2945.590576171875,2903.57958984375,2905.741915390984,ensemble
ETH,phase2_general,xgb,phase2_general_xgb,2025-12-25,2025-12-26,0.0076050389079913,-0.0068490238394587595,0.003091704878614051,2903.57958984375,2925.74560546875,2883.7608509938214,ensemble
ETH,phase2_general,xgb,phase2_general_xgb,2025-12-26,2025-12-27,0.0075770385642638,0.00701551921665664,0.002646562980450915,2925.74560546875,2947.998291015625,2946.3433976093224,ensemble
ETH,phase2_general,xgb,phase2_general_xgb,2025-12-27,2025-12-28,0.000193273230984,0.0029035029932856,0.002952457943851389,2947.998291015625,2948.568115234375,2956.570251211797,ensemble
ETH,phase2_general,xgb,phase2_general_xgb,2025-12-28,2025-12-29,-0.0047695250401753,0.0036289426207076194,0.0032412615304477834,2948.568115234375,2934.538330078125,2959.28773842245,ensemble
ETH,phase2_general,xgb,phase2_general_xgb,2025-12-29,2025-12-30,0.0124887158133864,-0.0036705847131088,0.002263506812284783,2934.538330078125,2971.416748046875,2923.7866031775798,ensemble
ETH,phase2_general,xgb,phase2_general_xgb,2025-12-30,2025-12-31,-0.0014748454494985,0.0175163458101451,0.007482328114393179,2971.416748046875,2967.03759765625,3023.9236332136693,ensemble
ETH,phase2_general,xgb,phase2_general_xgb,2025-12-31,2026-01-01,0.011179695896671,-0.0025746656116098,0.003679618444547826,2967.03759765625,3000.394287109375,2959.408293653032,ensemble
ETH,phase2_general,xgb,phase2_general_xgb,2026-01-01,2026-01-02,0.040505791423565,0.0008790661668172002,0.003106951547467852,3000.394287109375,3124.422607421875,3003.0329918423886,ensemble
ETH,phase2_general,xgb,phase2_general_xgb,2026-01-02,2026-01-03,0.0004783333560596,-0.00908891903236506,0.0014321551778471555,3124.422607421875,3125.91748046875,3096.1536450793833,ensemble
ETH,phase2_general,xgb,phase2_general_xgb,2026-01-03,2026-01-04,0.0047211981925699,0.0098869558423757,0.0026022244035209343,3125.91748046875,3140.71044921875,3156.976575508932,ensemble
ETH,phase2_general,xgb,phase2_general_xgb,2026-01-04,2026-01-05,0.0268343594600314,-0.00063545421289746,0.0016581435258365541,3140.71044921875,3226.13037109375,3138.7153055106774,ensemble
ETH,phase2_general,xgb,phase2_general_xgb,2026-01-05,2026-01-06,0.0214100727655341,-0.006987642683088741,0.002312782036004228,3226.13037109375,3295.94677734375,3203.6659030555998,ensemble
ETH,phase2_general,xgb,phase2_general_xgb,2026-01-06,2026-01-07,-0.0399579577460706,-0.00316244529676618,0.001670868943885872,3295.94677734375,3166.843994140625,3285.5399900803063,ensemble
ETH,phase2_general,xgb,phase2_general_xgb,2026-01-07,2026-01-08,-0.0199206616781398,0.00336033704807046,0.0035050957373340443,3166.843994140625,3104.382568359375,3177.503557171352,ensemble
ETH,phase2_general,xgb,phase2_general_xgb,2026-01-08,2026-01-09,-0.0068964125191375,0.00842112982645626,0.004353255134701174,3104.382568359375,3083.047119140625,3130.6353609420225,ensemble
ETH,phase2_general,xgb,phase2_general_xgb,2026-01-09,2026-01-10,-0.0002112169513613,0.0063100189901888,0.0020713503375595133,3083.047119140625,3082.39599609375,3102.562712138011,ensemble
ETH,phase2_general,xgb,phase2_general_xgb,2026-01-10,2026-01-11,0.0117684321917196,-0.00291255696211008,0.002916625297080971,3082.39599609375,3118.88525390625,3073.431403455907,ensemble
ETH,phase2_general,xgb,phase2_general_xgb,2026-01-11,2026-01-12,-0.0085523492401958,0.00047310712980103977,0.004600061519038722,3118.88525390625,3092.3251953125,3120.361169862556,ensemble
ETH,phase2_general,xgb,phase2_general_xgb,2026-01-12,2026-01-13,0.0716724478508033,6.606694369106008e-05,0.0020343396976995934,3092.3251953125,3322.095458984375,3092.5295025359555,ensemble
ETH,phase2_general,xgb,phase2_general_xgb,2026-01-13,2026-01-14,0.0097733550354151,0.03023428805172438,0.0036305219031382155,3322.095458984375,3354.72265625,3424.0704527643834,ensemble
ETH,phase2_general,xgb,phase2_general_xgb,2026-01-14,2026-01-15,-0.0112777965317109,0.00399527230765668,0.0029401948857732526,3354.72265625,3317.101318359375,3368.1524968493595,ensemble
ETH,phase2_general,xgb,phase2_general_xgb,2026-01-15,2026-01-16,-0.0065388112427793,0.00156813318026248,0.0033038627971800766,3317.101318359375,3295.482177734375,3322.3070555768554,ensemble
ETH,phase2_general,xgb,phase2_general_xgb,2026-01-16,2026-01-17,0.0040525125455037,0.00029816001479048,0.001991697670679409,3295.482177734375,3308.8642578125,3296.4649052469745,ensemble
ETH,phase2_general,xgb,phase2_general_xgb,2026-01-17,2026-01-18,-0.0084086840180541,0.00606479467824096,0.0022542700385202994,3308.8642578125,3281.15771484375,3328.9928162444294,ensemble
ETH,phase2_general,xgb,phase2_general_xgb,2026-01-18,2026-01-19,-0.0292351847938204,0.014236885216087038,0.007255779486917732,3281.15771484375,3186.62109375,3328.20529141374,ensemble
ETH,phase2_general,xgb,phase2_general_xgb,2026-01-19,2026-01-20,-0.082047329409018,-0.00470680356957012,0.0028530684009895045,3186.62109375,2935.605712890625,3171.6575370972123,ensemble
ETH,phase2_general,xgb,phase2_general_xgb,2026-01-20,2026-01-21,0.0146406740972174,5.08540071677957e-05,0.0031561679008093955,2935.605712890625,2978.901123046875,2935.7550040005835,ensemble
ETH,phase2_general,xgb,phase2_general_xgb,2026-01-21,2026-01-22,-0.0098736240513318,-0.01597546376287932,0.004429540981231798,2978.901123046875,2949.63330078125,2931.6899106901424,ensemble
ETH,phase2_general,xgb,phase2_general_xgb,2026-01-22,2026-01-23,0.001227550418774,0.00670103211887174,0.0041284011053969415,2949.63330078125,2953.25634765625,2969.465261360226,ensemble
ETH,phase2_general,xgb,phase2_general_xgb,2026-01-23,2026-01-24,-0.0015302026847261,-0.00015176267188509997,0.002350724028432418,2953.25634765625,2948.74072265625,2952.808187590013,ensemble
ETH,phase2_general,xgb,phase2_general_xgb,2026-01-24,2026-01-25,-0.0460954469109645,-0.00487031345255668,0.003989372237954807,2948.74072265625,2815.90234375,2934.4143463366568,ensemble
ETH,phase2_general,xgb,phase2_general_xgb,2026-01-25,2026-01-26,0.0385097283715548,0.025395684689283337,0.00931354234928147,2815.90234375,2926.45703125,2888.329892805387,ensemble
ETH,phase2_general,xgb,phase2_general_xgb,2026-01-26,2026-01-27,0.0321961750433529,0.0007472830791812213,0.00476195551516928,2926.45703125,3022.2109375,2928.6447403886073,ensemble
ETH,phase2_general,xgb,phase2_general_xgb,2026-01-27,2026-01-28,-0.0051763213071971,-0.00445990315638476,0.0015308652111338662,3022.2109375,3006.607421875,3008.7621817667855,ensemble
ETH,phase2_general,xgb,phase2_general_xgb,2026-01-28,2026-01-29,-0.0647023664323781,-0.01453126277774568,0.002729513249682419,3006.607421875,2818.232666015625,2963.2335213559836,ensemble
ETH,phase2_general,xgb,phase2_general_xgb,2026-01-29,2026-01-30,-0.0419788679682719,-0.009787854552268941,0.002695541005319061,2818.232666015625,2702.375244140625,2790.7827715197154,ensemble
ETH,phase2_general,xgb,phase2_general_xgb,2026-01-30,2026-01-31,-0.1000484393792718,-0.0018962177215143799,0.002690103417213521,2702.375244140625,2445.091796875,2697.2558076295936,ensemble
ETH,phase2_general,xgb,phase2_general_xgb,2026-01-31,2026-02-01,-0.0751997822029002,0.01526767443865534,0.00602569471477604,2445.091796875,2267.96484375,2482.7090960215305,ensemble
ETH,phase2_general,xgb,phase2_general_xgb,2026-02-01,2026-02-02,0.0331281466529906,0.0235124766826629,0.006793415946441445,2267.96484375,2344.356689453125,2321.9221635927493,ensemble
ETH,phase2_general,xgb,phase2_general_xgb,2026-02-02,2026-02-03,-0.0511047370755369,-0.0145291863009333,0.0041928604052121395,2344.356689453125,2227.558837890625,2310.5413439420586,ensemble
ETH,phase2_general,xgb,phase2_general_xgb,2026-02-03,2026-02-04,-0.0384643510086561,0.01628189962357278,0.007733418894328032,2227.558837890625,2143.504150390625,2264.124599529266,ensemble
ETH,phase2_general,xgb,phase2_general_xgb,2026-02-04,2026-02-05,-0.1626810863573628,0.0015510661993175599,0.004794218797126798,2143.504150390625,1821.68310546875,2146.8314469879674,ensemble
ETH,phase2_general,xgb,phase2_general_xgb,2026-02-05,2026-02-06,0.124587932433777,0.00262449975998602,0.0030015950685241097,1821.68310546875,2063.386962890625,1826.4703917097168,ensemble
ETH,phase2_general,xgb,phase2_general_xgb,2026-02-06,2026-02-07,0.0130780728606268,-0.0011927611194550805,0.007298462878815977,2063.386962890625,2090.54931640625,2060.927302332248,ensemble
ETH,phase2_general,xgb,phase2_general_xgb,2026-02-07,2026-02-08,-0.0008548665199209,0.01847912855446334,0.004762621263739839,2090.54931640625,2088.762939453125,2129.5399933064923,ensemble
ETH,phase2_general,xgb,phase2_general_xgb,2026-02-08,2026-02-09,0.0070627775205607,0.01688992939889424,0.003495075121241982,2088.762939453125,2103.567626953125,2124.34161288354,ensemble
ETH,phase2_general,xgb,phase2_general_xgb,2026-02-09,2026-02-10,-0.0407860866012557,0.00357328937388958,0.008781838565683191,2103.567626953125,2019.4974365234373,2111.097728405251,ensemble
ETH,phase2_general,xgb,phase2_general_xgb,2026-02-10,2026-02-11,-0.0398404875978916,0.0056506386754335315,0.004933669527282942,2019.4974365234373,1940.621337890625,2030.941188647737,ensemble
ETH,phase2_general,xgb,phase2_general_xgb,2026-02-11,2026-02-12,0.003251056309532,0.0021503997293620693,0.0029998344390048063,1940.621337890625,1946.940673828125,1944.7989396374069,ensemble
ETH,phase2_general,xgb,phase2_general_xgb,2026-02-12,2026-02-13,0.0508619107271356,-0.01697020884603256,0.006968919598463231,1946.940673828125,2048.52734375,1914.1794525983294,ensemble
ETH,phase2_general,xgb,phase2_general_xgb,2026-02-13,2026-02-14,0.0181318719779937,0.00811104113236064,0.004055411893090705,2048.52734375,2086.009765625,2065.2106011248648,ensemble
ETH,phase2_general,xgb,phase2_general_xgb,2026-02-14,2026-02-15,-0.0592301606634175,0.0173543175682425,0.002392268778699313,2086.009765625,1966.04296875,2122.5269908158734,ensemble
ETH,phase2_general,xgb,phase2_general_xgb,2026-02-15,2026-02-16,0.0160826230924268,0.0022491767536848796,0.006372798871831245,1966.04296875,1997.917724609375,1970.4699235276908,ensemble
ETH,phase2_general,xgb,phase2_general_xgb,2026-02-16,2026-02-17,-0.002868787898831,-0.0047100414754822195,0.003439232484935871,1997.917724609375,1992.1943359375,1988.529575902692,ensemble
ETH,phase2_general,xgb,phase2_general_xgb,2026-02-17,2026-02-18,-0.0193714031392413,-0.00125995672424324,0.003655092514219607,1992.1943359375,1953.97412109375,1989.6858379192606,ensemble
ETH,phase2_general,xgb,phase2_general_xgb,2026-02-18,2026-02-19,-0.0029589012528701,0.0303048595786094,0.008987245248665775,1953.97412109375,1948.2010498046875,2014.0954150035282,ensemble
ETH,phase2_general,xgb,phase2_general_xgb,2026-02-19,2026-02-20,0.0106307366647911,-0.01175741273909802,0.0023050119663279435,1948.2010498046875,1969.0223388671875,1925.4293762685675,ensemble
ETH,phase2_general,xgb,phase2_general_xgb,2026-02-20,2026-02-21,0.0023916477643178,-0.002259627704006514,0.001995072629152774,1969.0223388671875,1973.7371826171875,1964.5781044890284,ensemble
ETH,phase2_general,xgb,phase2_general_xgb,2026-02-21,2026-02-22,-0.0081043810251791,0.00045916275703347523,0.0019325661019245334,1973.7371826171875,1957.805908203125,1974.6436573174028,ensemble
ETH,phase2_general,xgb,phase2_general_xgb,2026-02-22,2026-02-23,-0.0536686969675083,-0.0044893282640259,0.0041839284865571105,1957.805908203125,1855.5028076171875,1949.036374190881,ensemble
ETH,phase2_general,xgb,phase2_general_xgb,2026-02-23,2026-02-24,-0.0013662367634113,0.00235570827499028,0.006332168570679899,1855.5028076171875,1852.969482421875,1859.8789834083727,ensemble
ETH,phase2_general,xgb,phase2_general_xgb,2026-02-24,2026-02-25,0.1033052975560529,-0.00171872202772646,0.0058520152869656296,1852.969482421875,2054.6279296875,1849.7874782293852,ensemble
ETH,phase2_general,xgb,phase2_general_xgb,2026-02-25,2026-02-26,-0.013640230652308,0.007372347736963941,0.005722301962008464,2054.6279296875,2026.7926025390625,2069.8313347892245,ensemble
ETH,phase2_general,xgb,phase2_general_xgb,2026-02-26,2026-02-27,-0.0485398835848207,-0.0014517116127535801,0.00451802005982141,2026.7926025390625,1930.7618408203125,2023.8524188470797,ensemble
ETH,phase2_general,xgb,phase2_general_xgb,2026-02-27,2026-02-28,0.0176033024159378,-0.02384445965290064,0.002995150239014244,1930.7618408203125,1965.050537109375,1885.268406637312,ensemble
ETH,phase2_general,xgb,phase2_general_xgb,2026-02-28,2026-03-01,-0.0133112143616734,-0.018289298377931078,0.004963991121275272,1965.050537109375,1939.066650390625,1929.437800189126,ensemble
ETH,phase2_general,xgb,phase2_general_xgb,2026-03-01,2026-03-02,0.0444827788226515,0.0054050479084253,0.008183423836724033,1939.066650390625,2027.2689208984373,1949.5757741072734,ensemble
ETH,phase2_general,xgb,phase2_general_xgb,2026-03-02,2026-03-03,-0.0221952153909645,0.0086047717835754,0.006569825220144502,2027.2689208984373,1982.7689208984373,2044.7883746594382,ensemble
ETH,phase2_general,xgb,phase2_general_xgb,2026-03-03,2026-03-04,0.0699856488077349,-0.02532128766179078,0.004370667642868894,1982.7689208984373,2126.50537109375,1933.1929709761866,ensemble
ETH,phase2_general,xgb,phase2_general_xgb,2026-03-04,2026-03-05,-0.0261560660671297,-0.00625367527827614,0.002672690019245486,2126.50537109375,2071.60546875,2113.248392649567,ensemble
ETH,phase2_general,xgb,phase2_general_xgb,2026-03-05,2026-03-06,-0.0458579463127646,-0.01778257284313438,0.005848072997859363,2071.60546875,1978.751220703125,2035.0926021244634,ensemble
ETH,phase2_general,xgb,phase2_general_xgb,2026-03-06,2026-03-07,-0.0047088687763537,-0.00879887612536546,0.002676459744977228,1978.751220703125,1969.4554443359373,1961.4168073432043,ensemble
ETH,phase2_general,xgb,phase2_general_xgb,2026-03-07,2026-03-08,-0.0168207764579134,-0.01859977003186934,0.0051327127565490935,1969.4554443359373,1936.604736328125,1933.1625916313662,ensemble
ETH,phase2_general,xgb,phase2_general_xgb,2026-03-08,2026-03-09,0.02867374460359,-0.01633437816053626,0.006874694729082853,1936.604736328125,1992.938232421875,1905.2284558600152,ensemble
ETH,phase2_general,xgb,phase2_general_xgb,2026-03-09,2026-03-10,0.0219272344781229,0.00160895781591536,0.00491295705875125,1992.938232421875,2037.1204833984373,1996.14736695631,ensemble
ETH,phase2_general,xgb,phase2_general_xgb,2026-03-10,2026-03-11,0.0070696510693724,-0.010993549227714481,0.0027509478909129833,2037.1204833984373,2051.5732421875,2014.8479504924694,ensemble
ETH,phase2_general,xgb,phase2_general_xgb,2026-03-11,2026-03-12,0.0104556138377322,-0.0246160868555307,0.002187374261800255,2051.5732421875,2073.13623046875,2001.6880452144298,ensemble
ETH,phase2_general,xgb,phase2_general_xgb,2026-03-12,2026-03-13,0.0093273103225432,-0.0161608967930078,0.004149911105527112,2073.13623046875,2092.5634765625,2039.9017625434044,ensemble
ETH,phase2_general,xgb,phase2_general_xgb,2026-03-13,2026-03-14,0.0021592233043722,0.00104765919968486,0.0016868160710001164,2092.5634765625,2097.086669921875,2094.7569187289523,ensemble
ETH,phase2_general,xgb,phase2_general_xgb,2026-03-14,2026-03-15,0.0376174725748984,-0.0047405716497450606,0.0024587923855930215,2097.086669921875,2177.476318359375,2087.168807050848,ensemble
ETH,phase2_general,xgb,phase2_general_xgb,2026-03-15,2026-03-16,0.0767490852405507,-0.00975007638335222,0.0029153625065432066,2177.476318359375,2351.176025390625,2156.348922166709,ensemble
ETH,phase2_general,xgb,phase2_general_xgb,2026-03-16,2026-03-17,-0.0141878287469072,-0.007473486801609361,0.0037562967902510665,2351.176025390625,2318.053466796875,2333.67003925486,ensemble
ETH,phase2_general,xgb,phase2_general_xgb,2026-03-17,2026-03-18,-0.0506029181915626,0.0057810729602351205,0.0031890613827591243,2318.053466796875,2203.671630859375,2331.4931133725645,ensemble
ETH,phase2_general,xgb,phase2_general_xgb,2026-03-18,2026-03-19,-0.0305236071486406,-0.01779298093169924,0.0029897113388487402,2203.671630859375,2137.423828125,2164.808514199919,ensemble
ETH,phase2_general,xgb,phase2_general_xgb,2026-03-19,2026-03-20,0.0042359585854312,-0.01289536384865636,0.005035636380207108,2137.423828125,2146.4970703125,2110.0379252534963,ensemble
ETH,phase2_general,xgb,phase2_general_xgb,2026-03-20,2026-03-21,-0.0330619920061079,-0.00403929357416922,0.0030619758381859566,2146.4970703125,2076.68994140625,2137.844225943646,ensemble
ETH,phase2_general,xgb,phase2_general_xgb,2026-03-21,2026-03-22,-0.0114495680945266,-0.003289065673016,0.0027870750159430745,2076.68994140625,2053.04833984375,2069.870792268582,ensemble
ETH,phase2_general,xgb,phase2_general_xgb,2026-03-22,2026-03-23,0.0471397983356827,0.0021712718531489003,0.0019612964701642777,2053.04833984375,2152.14599609375,2057.510908889285,ensemble
ETH,phase2_general,xgb,phase2_general_xgb,2026-03-23,2026-03-24,0.0016520306586044,-0.008136105549056059,0.005806726088347596,2152.14599609375,2155.704345703125,2134.706948279205,ensemble
ETH,phase2_general,xgb,phase2_general_xgb,2026-03-24,2026-03-25,0.0056974805873912,0.0131900312379002,0.0063429287542063955,2155.704345703125,2168.021484375,2184.326501965201,ensemble
ETH,phase2_general,xgb,phase2_general_xgb,2026-03-25,2026-03-26,-0.051313706617151,-0.0106065957807004,0.005601479764234187,2168.021484375,2059.578369140625,2145.1476778972915,ensemble
ETH,phase2_general,xgb,phase2_general_xgb,2026-03-26,2026-03-27,-0.0337276698924535,-0.00543646995211014,0.0036540417999573614,2059.578369140625,1991.27197265625,2048.4119137745374,ensemble
ETH,phase2_general,xgb,phase2_general_xgb,2026-03-27,2026-03-28,0.0007141663784116,-0.005712681449949681,0.00236134901666199,1991.27197265625,1992.694580078125,1979.9289007227187,ensemble
ETH,phase2_general,xgb,phase2_general_xgb,2026-03-28,2026-03-29,-0.005098999439741,0.0033326429664157,0.0017300225833001724,1992.694580078125,1982.5596923828125,1999.3465978981137,ensemble
ETH,phase2_general,xgb,phase2_general_xgb,2026-03-29,2026-03-30,0.0204472613935491,-0.01101231488864864,0.005376037289744141,1982.5596923828125,2023.514892578125,1960.8468942771053,ensemble
ETH,phase2_general,xgb,phase2_general_xgb,2026-03-30,2026-03-31,0.039340814763852,-0.00559683172032232,0.0038996506052862484,2023.514892578125,2104.708251953125,2012.221254018703,ensemble
ETH,phase2_general,xgb,phase2_general_xgb,2026-03-31,2026-04-01,0.0160386363168273,0.01011010138317938,0.0024428293090972696,2104.708251953125,2138.737060546875,2126.0949946622413,ensemble
ETH,phase2_general,xgb,phase2_general_xgb,2026-04-01,2026-04-02,-0.0390385754759657,0.0104225452523678,0.006362055316191988,2138.737060546875,2056.8525390625,2161.144713889938,ensemble
ETH,phase2_general,xgb,phase2_general_xgb,2026-04-02,2026-04-03,-0.0016871461717564,-0.00021614538272840008,0.004117533798499505,2056.8525390625,2053.38525390625,2056.4080079266355,ensemble
ETH,phase2_general,xgb,phase2_general_xgb,2026-04-03,2026-04-04,0.005810685555501,0.01223963657394046,0.0031656941291528153,2053.38525390625,2065.3515625,2078.672380092433,ensemble
ETH,phase2_general,xgb,phase2_general_xgb,2026-04-04,2026-04-05,0.0209113576842589,0.009356020204722839,0.003938342712551661,2065.3515625,2108.99560546875,2084.765711415255,ensemble
ETH,phase2_general,xgb,phase2_general_xgb,2026-04-05,2026-04-06,-0.0005853459761497,0.0105073546059429,0.002896449678788677,2108.99560546875,2107.761474609375,2131.2724002946547,ensemble
ETH,phase2_general,xgb,phase2_general_xgb,2026-04-06,2026-04-07,0.0616556049703287,-0.01204087249934668,0.002645539605180483,2107.761474609375,2241.806640625,2082.534370397456,ensemble
ETH,phase2_general,xgb,phase2_general_xgb,2026-04-07,2026-04-08,-0.0232273715270305,0.00365981990471482,0.004923550929767192,2241.806640625,2190.33544921875,2250.026281218328,ensemble
ETH,phase2_general,xgb,phase2_general_xgb,2026-04-08,2026-04-09,-0.0005440857898826,-0.01722496822476382,0.00606753604230119,2190.33544921875,2189.14404296875,2152.930068791028,ensemble
ETH,phase2_general,xgb,phase2_general_xgb,2026-04-09,2026-04-10,0.0252611274355671,0.01613341998308892,0.0036997909758152417,2189.14404296875,2245.148681640625,2224.7488647019486,ensemble
ETH,phase2_general,xgb,phase2_general_xgb,2026-04-10,2026-04-11,0.0177650010386669,0.01060700044035908,0.0014101970760356792,2245.148681640625,2285.39013671875,2269.0897215421446,ensemble
ETH,phase2_general,xgb,phase2_general_xgb,2026-04-11,2026-04-12,-0.0416306075771206,0.00719606314087282,0.005215517738684057,2285.39013671875,2192.201171875,2301.8952631860775,ensemble
ETH,phase2_general,xgb,phase2_general_xgb,2026-04-12,2026-04-13,0.0782853911386856,0.02070898860692972,0.004035320744965035,2192.201171875,2370.71484375,2238.0727788894706,ensemble
ETH,phase2_general,xgb,phase2_general_xgb,2026-04-13,2026-04-14,-0.0201992437703363,-0.00967396395280952,0.003657073660733977,2370.71484375,2323.30859375,2347.8912093142158,ensemble
ETH,phase2_general,xgb,phase2_general_xgb,2026-04-14,2026-04-15,0.0154307484890148,0.004856294812634559,0.004076472608928503,2323.30859375,2359.43701171875,2334.6187056130093,ensemble
ETH,phase2_general,xgb,phase2_general_xgb,2026-04-15,2026-04-16,-0.0045844617903412,0.00524776726961132,0.004653091750010889,2359.43701171875,2348.64501953125,2371.8513332888783,ensemble
ETH,phase2_general,xgb,phase2_general_xgb,2026-04-16,2026-04-17,0.0303717508925751,0.0034752101171761597,0.003548060040616966,2348.64501953125,2421.07177734375,2356.8212533011847,ensemble
ETH,phase2_general,xgb,phase2_general_xgb,2026-04-17,2026-04-18,-0.0293267723614628,-0.00073867178871294,0.002473046957226979,2421.07177734375,2351.1005859375,2419.2840602727474,ensemble
ETH,phase2_general,xgb,phase2_general_xgb,2026-04-18,2026-04-19,-0.0373454427406088,0.009726537019014301,0.0029210204706720273,2351.1005859375,2264.9169921875,2374.0802278243286,ensemble
ETH,phase2_general,xgb,phase2_general_xgb,2026-04-19,2026-04-20,0.0219633235792397,-0.0029816603899234405,0.003471749568852326,2264.9169921875,2315.21240234375,2258.1738368008114,ensemble
ETH,phase2_general,xgb,phase2_general_xgb,2026-04-20,2026-04-21,0.0054954065471357,-0.01286149676889178,0.003558991221899065,2315.21240234375,2327.970458984375,2285.6259762167983,ensemble
ETH,phase2_general,xgb,phase2_general_xgb,2026-04-21,2026-04-22,0.0204586542200399,0.00634660264477126,0.0020407021139951013,2327.970458984375,2376.088134765625,2342.7921463858997,ensemble
ETH,phase2_general,xgb,phase2_general_xgb,2026-04-22,2026-04-23,-0.0189376886242059,-0.01693459600210184,0.00410452913297118,2376.088134765625,2331.513916015625,2336.1888349237865,ensemble
ETH,phase2_general,xgb,phase2_general_xgb,2026-04-23,2026-04-24,-0.0068100265350662,-0.00250639433506874,0.002127144243296663,2331.513916015625,2315.690185546875,2325.6775399297176,ensemble
ETH,phase2_general,xgb,phase2_general_xgb,2026-04-24,2026-04-25,0.0013545812633985,0.0066755339968949,0.0035758944953571464,2315.690185546875,2318.8291015625,2331.200365876828,ensemble
ETH,phase2_general,xgb,phase2_general_xgb,2026-04-25,2026-04-26,0.021713243592728,0.005746496701613,0.0020809364798719254,2318.8291015625,2369.72900390625,2332.192605236762,ensemble
ETH,phase2_general,xgb,phase2_general_xgb,2026-04-26,2026-04-27,-0.0285352092391055,-0.00246426500380036,0.00417077494383001,2369.72900390625,2303.06396484375,2363.8965529573256,ensemble
ETH,phase2_general,xgb,phase2_general_xgb,2026-04-27,2026-04-28,-0.0059420254123551,-0.00020891273161398007,0.0018062417512072443,2303.06396484375,2289.419677734375,2302.5828757143445,ensemble
ETH,phase2_general,xgb,phase2_general_xgb,2026-04-28,2026-04-29,-0.0158511839185899,0.01054985676892096,0.004371792075532989,2289.419677734375,2253.415771484375,2313.70058224692,ensemble
ETH,phase2_general,xgb,phase2_general_xgb,2026-04-29,2026-04-30,0.0012574984349416,0.0039679476351011005,0.0029966307982532887,2253.415771484375,2256.251220703125,2262.3749703267454,ensemble
ETH,phase2_general,xgb,phase2_general_xgb,2026-04-30,2026-05-01,0.0170690082206223,-0.00593030229210848,0.0018009621841271657,2256.251220703125,2295.09375,2242.910565075272,ensemble
ETH,phase2_general,xgb,phase2_general_xgb,2026-05-01,2026-05-02,0.0091680063840355,-0.0076922940090298,0.0021299209095663523,2295.09375,2316.23193359375,2277.5069422641704,ensemble
ETH,phase2_general,xgb,phase2_general_xgb,2026-05-02,2026-05-03,0.0023302997915724,-0.0036143739707767603,0.0015578129608100379,2316.23193359375,2321.6357421875,2307.8753162501516,ensemble
ETH,phase2_general,xgb,phase2_general_xgb,2026-05-03,2026-05-04,0.0106089499454062,0.006492383219301639,0.0028533336273597154,2321.6357421875,2346.39697265625,2336.7577268639425,ensemble
ETH,phase2_general,xgb,phase2_general_xgb,2026-05-04,2026-05-05,0.0062816540296977,0.0076638651080429,0.0024561051531814884,2346.39697265625,2361.1826171875,2364.4485265270455,ensemble
ETH,phase2_general,xgb,phase2_general_xgb,2026-05-05,2026-05-06,-0.0044060551410634,0.00570238577201958,0.003825868246602778,2361.1826171875,2350.802001953125,2374.6854539514916,ensemble
ETH,phase2_general,xgb,phase2_general_xgb,2026-05-06,2026-05-07,-0.0257211497884926,0.00144592828582972,0.003238837776759892,2350.802001953125,2291.107666015625,2354.203551667971,ensemble
ETH,phase2_general,xgb,phase2_general_xgb,2026-05-07,2026-05-08,0.0069005173801773,0.00301881536142894,0.002121991451465942,2291.107666015625,2306.97216796875,2298.0345472597032,ensemble
ETH,phase2_general,xgb,phase2_general_xgb,2026-05-08,2026-05-09,0.0085267708032934,0.00282214998733246,0.000977688209234904,2306.97216796875,2326.727294921875,2313.491985066957,ensemble
ETH,phase2_general,xgb,phase2_general_xgb,2026-05-09,2026-05-10,0.0180237894016022,0.0004902978893369201,0.0013623867762961647,2326.727294921875,2369.0439453125,2327.868364112687,ensemble
ETH,phase2_general,xgb,phase2_general_xgb,2026-05-10,2026-05-11,-0.0126087284649131,0.0073819289915263,0.002576252043577262,2369.0439453125,2339.36083984375,2386.596766626302,ensemble
ETH,phase2_general,xgb,phase2_general_xgb,2026-05-11,2026-05-12,-0.0280543858235066,-0.0072302096523344005,0.0012641926118515919,2339.36083984375,2274.6435546875,2322.5077695523964,ensemble
ETH,phase2_general,xgb,phase2_general_xgb,2026-05-12,2026-05-13,-0.0075315052922758,-0.0006851650541648199,0.0035724391089205537,2274.6435546875,2257.576416015625,2273.0855822082453,ensemble
ETH,phase2_general,xgb,phase2_general_xgb,2026-05-13,2026-05-14,0.010293509698889,-0.0062699511647224,0.0032198049337429035,2257.576416015625,2280.934814453125,2243.465804784909,ensemble
ETH,phase2_general,xgb,phase2_general_xgb,2026-05-14,2026-05-15,-0.025579807171991,-0.0031801787903531996,0.003042086978600856,2280.934814453125,2223.328857421875,2273.6925558763196,ensemble
ETH,phase2_general,xgb,phase2_general_xgb,2026-05-15,2026-05-16,-0.0197944707467758,0.00108311207732186,0.0032888377631899992,2223.328857421875,2179.751953125,2225.7382763590344,ensemble
ETH,phase2_general,xgb,phase2_general_xgb,2026-05-16,2026-05-17,-0.024195229175847,0.0090948377735912,0.0038276975968928695,2179.751953125,2127.645263671875,2199.666867710616,ensemble
ETH,phase2_general,xgb,phase2_general_xgb,2026-05-17,2026-05-18,0.0004092183281597,-0.00620150798931714,0.002156382152385326,2127.645263671875,2128.51611328125,2114.491483364031,ensemble
ETH,phase2_general,xgb,phase2_general_xgb,2026-05-18,2026-05-19,-0.0087542537236926,0.0024520620354450797,0.0010961465136457625,2128.51611328125,2109.9638671875,2133.741771034635,ensemble
ETH,phase2_general,xgb,phase2_general_xgb,2026-05-19,2026-05-20,0.0080339082480059,0.00704276468604798,0.002167372576242635,2109.9638671875,2126.9833984375,2124.8762969282902,ensemble
ETH,phase2_general,xgb,phase2_general_xgb,2026-05-20,2026-05-21,0.0020793039085529,-0.0031623046495951198,0.0029876599202081013,2126.9833984375,2131.41064453125,2120.2678528439196,ensemble
ETH,phase2_general,xgb,phase2_general_xgb,2026-05-21,2026-05-22,-0.0318296288802969,0.00875966306775806,0.002259212346048647,2131.41064453125,2064.636962890625,2150.163096307202,ensemble
ETH,phase2_general,xgb,phase2_general_xgb,2026-05-22,2026-05-23,0.0245501473754652,0.0034918890101835,0.003622468050841577,2064.636962890625,2115.951416015625,2071.859048032818,ensemble
ETH,phase2_general,xgb,phase2_general_xgb,2026-05-23,2026-05-24,-0.0085229526741993,0.00499661383219058,0.0017678478807713483,2115.951416015625,2097.993896484375,2126.5504657569586,ensemble
ETH,phase2_general,xgb,phase2_general_xgb,2026-05-24,2026-05-25,0.0063555962617687,0.00746778706088654,0.0017720140830596901,2097.993896484375,2111.370361328125,2113.7199143509574,ensemble
ETH,phase2_general,xgb,phase2_general_xgb,2026-05-25,2026-05-26,-0.0193741083637812,0.0026496710022910997,0.0008728756283555806,2111.370361328125,2070.858154296875,2116.972216408678,ensemble
ETH,phase2_general,xgb,phase2_general_xgb,2026-05-26,2026-05-27,-0.0237779302438843,0.0065675133140757,0.0027733028875277944,2070.858154296875,2022.1982421875,2084.5033010929765,ensemble
ETH,phase2_general,xgb,phase2_general_xgb,2026-05-27,2026-05-28,-0.0072687232435778,0.00397079287795346,0.004142780580754044,2022.1982421875,2007.552734375,2030.2439358855054,ensemble
ETH,phase2_general,xgb,phase2_general_xgb,2026-05-28,2026-05-29,0.0022021388879798,0.00299027581058904,0.002129031095667855,2007.552734375,2011.978515625,2013.5648552249515,ensemble
ETH,phase2_general,xgb,phase2_general_xgb,2026-05-29,2026-05-30,0.0037107092790728,0.01471541132777924,0.0014961635968684652,2011.978515625,2019.458251953125,2041.804519808407,ensemble
ETH,phase2_general,xgb,phase2_general_xgb,2026-05-30,2026-05-31,-0.0075136791444324,0.00247571940999474,0.0024562490168786827,2019.458251953125,2004.341552734375,2024.464057873807,ensemble
ETH,phase2_general,xgb,phase2_general_xgb,2026-05-31,2026-06-01,-0.0005591235515652,-0.008499733917415101,0.0018504727651018648,2004.341552734375,2003.22119140625,1987.3773804636655,ensemble
ETH,phase2_general,xgb,phase2_general_xgb,2026-06-01,2026-06-02,-0.0754085383512764,0.00041533280164000007,0.0029378999084395323,2003.22119140625,1857.71630859375,2004.0533676790703,ensemble
ETH,phase2_general,xgb,phase2_general_xgb,2026-06-02,2026-06-03,-0.0250644830015835,0.0185201253741979,0.004738573699924084,1857.71630859375,1811.7322998046875,1892.4420172208504,ensemble
ETH,phase2_general,xgb,phase2_general_xgb,2026-06-03,2026-06-04,-0.0235409089196176,0.00721621420234436,0.0021846375613396433,1811.7322998046875,1769.58056640625,1824.8534336748414,ensemble
ETH,phase2_general,xgb,phase2_general_xgb,2026-06-04,2026-06-05,-0.1127730163581579,0.00540083614177996,0.003152137620444389,1769.58056640625,1580.86083984375,1779.1636360855648,ensemble
ETH,phase2_general,xgb,phase2_general_xgb,2026-06-05,2026-06-06,-0.0076791271868011,0.008037675457308002,0.008270998218546967,1580.86083984375,1568.7677001953125,1593.6184884540507,ensemble
ETH,phase2_general,xgb,phase2_general_xgb,2026-06-06,2026-06-07,0.0723034430725498,0.0245108157396316,0.008822612639334195,1568.7677001953125,1686.396240234375,1607.694592317521,ensemble
ETH,phase2_general,xgb,phase2_general_xgb,2026-06-07,2026-06-08,0.0022225802428663,0.0122313992120325,0.006601630018727605,1686.396240234375,1690.1485595703125,1707.1498902269182,ensemble
ETH,phase2_general,xgb,phase2_general_xgb,2026-06-08,2026-06-09,-0.0315195419215522,0.007057223934680179,0.0047459458600204564,1690.1485595703125,1637.7066650390625,1702.1185040477822,ensemble
ETH,phase2_general,xgb,phase2_general_xgb,2026-06-09,2026-06-10,-0.0107857454824715,0.00702442619949574,0.00377712196810255,1637.7066650390625,1620.1376953125,1649.2511137386518,ensemble
ETH,phase2_general,xgb,phase2_general_xgb,2026-06-10,2026-06-11,0.0316772045187946,-0.00212273991201074,0.004725911894126663,1620.1376953125,1672.2806396484375,1616.7022119725393,ensemble
ETH,phase2_general,xgb,phase2_general_xgb,2026-06-11,2026-06-12,-0.0042864654394683,-0.00790782929398114,0.004728947310673389,1672.2806396484375,1665.1278076171875,1659.1086792665021,ensemble
ETH,phase2_general,xgb,phase2_general_xgb,2026-06-12,2026-06-13,0.0090196413020536,0.00808815527707334,0.001461561891753807,1665.1278076171875,1680.214599609375,1678.6502318973144,ensemble
ETH,phase2_general,xgb,phase2_general_xgb,2026-06-13,2026-06-14,0.0260813174474448,-0.00612726011313494,0.003450856316986207,1680.214599609375,1724.61328125,1669.9509638057098,ensemble
ETH,phase2_general,xgb,phase2_general_xgb,2026-06-14,2026-06-15,0.0399805553119012,-0.007218451987137062,0.004560361653251601,1724.61328125,1794.961181640625,1712.209066558185,ensemble
ETH,phase2_general,xgb,phase2_general_xgb,2026-06-15,2026-06-16,-0.002545346375384,-0.0029125197208485997,0.002235973441013451,1794.961181640625,1790.398193359375,1789.740927537635,ensemble
ETH,phase2_general,xgb,phase2_general_xgb,2026-06-16,2026-06-17,-0.0240312789660825,-0.00197763157193548,0.0032559287276962908,1790.398193359375,1747.885498046875,1786.8609442065087,ensemble
ETH,phase2_general,xgb,phase2_general_xgb,2026-06-17,2026-06-18,-0.0221862751067949,-0.008493521995842421,0.0032760232535253894,1747.885498046875,1709.533447265625,1733.1026621631408,ensemble
ETH,phase2_general,xgb,phase2_general_xgb,2026-06-18,2026-06-19,0.0008472258287815,-0.01394768096506592,0.0015671972675008001,1709.533447265625,1710.982421875,1685.8549341797632,ensemble
ETH,phase2_general,xgb,phase2_general_xgb,2026-06-19,2026-06-20,0.0164158122645686,-0.0114377449266612,0.0027584731252625707,1710.982421875,1739.3013916015625,1691.5241329628109,ensemble
ETH,phase2_general,xgb,phase2_general_xgb,2026-06-20,2026-06-21,-0.0201644551603129,0.004533526036175285,0.002739381976172884,1739.3013916015625,1704.58056640625,1747.2044605937817,ensemble
ETH,phase2_general,xgb,phase2_general_xgb,2026-06-21,2026-06-22,0.012783452112487,0.00020302011689634416,0.0012638503776854428,1704.58056640625,1726.5108642578125,1704.92666568347,ensemble
ETH,phase2_general,xgb,phase2_general_xgb,2026-06-22,2026-06-23,-0.0360151185751902,0.0004689882043749,0.0038586459390590406,1726.5108642578125,1665.436767578125,1727.3207673905376,ensemble
ETH,phase2_general,xgb,phase2_general_xgb,2026-06-23,2026-06-24,-0.027707605238555,-0.00839609988033766,0.0032442322643376183,1665.436767578125,1619.9249267578125,1651.5121322484115,ensemble
ETH,phase2_general,xgb,phase2_general_xgb,2026-06-24,2026-06-25,-0.0346111458341076,-0.012622078135609598,0.00395425399145901,1619.9249267578125,1564.816650390625,1599.6066072203635,ensemble
ETH,phase2_general,xgb,phase2_general_xgb,2026-06-25,2026-06-26,0.0075121735497433,0.0036179515067487995,0.004608258572914142,1564.816650390625,1576.6160888671875,1570.4883349017937,ensemble
ETH,phase2_general,xgb,phase2_general_xgb,2026-06-26,2026-06-27,-0.0031940978117993,-0.01697981711477036,0.002903018019380295,1576.6160888671875,1571.5882568359375,1550.0714354617387,ensemble
ETH,phase2_general,xgb,phase2_general_xgb,2026-06-27,2026-06-28,-0.0007810761173124,-0.0064580945065244606,0.007196483134559961,1571.5882568359375,1570.3612060546875,1561.4714940147614,ensemble
ETH,phase2_general,xgb,phase2_general_xgb,2026-06-28,2026-06-29,0.0250563430147941,-0.01241157501935954,0.0031505162125898393,1570.3612060546875,1610.205810546875,1550.991006142696,ensemble
ETH,phase2_general,xgb,phase2_general_xgb,2026-06-29,2026-06-30,-0.025551475094469,-0.0223035272210836,0.002636230471715096,1610.205810546875,1569.5838623046875,1574.6900767426648,ensemble
ETH,phase2_general,xgb,phase2_general_xgb,2026-06-30,2026-07-01,0.0247779101060913,0.0004614079371095002,0.005680173080185938,1569.5838623046875,1608.960693359375,1570.3082478624851,ensemble
ETH,phase2_general,xgb,phase2_general_xgb,2026-07-01,2026-07-02,0.0539624286481777,0.0031264739809557796,0.006949364767020309,1608.960693359375,1698.16943359375,1613.9989389714488,ensemble
ETH,phase2_general,xgb,phase2_general_xgb,2026-07-02,2026-07-03,0.0337829584823897,0.007767601753585001,0.005749715263155992,1698.16943359375,1756.5186767578125,1711.411500434178,ensemble
ETH,phase2_general,xgb,phase2_general_xgb,2026-07-03,2026-07-04,0.0127361095972148,-0.01650946028530592,0.0017572468667162913,1756.5186767578125,1779.032958984375,1727.7575698626076,ensemble
ETH,phase2_general,xgb,phase2_general_xgb,2026-07-04,2026-07-05,0.0022307583802167,-0.00194184635765852,0.004230522209641422,1779.032958984375,1783.0059814453125,1775.5817023024158,ensemble
ETH,phase2_general,xgb,phase2_general_xgb,2026-07-05,2026-07-06,0.0081371345293737,-0.01209080591797826,0.0047679960379450005,1783.0059814453125,1797.57373046875,1761.5778051770942,ensemble
ETH,phase2_general,xgb,phase2_general_xgb,2026-07-06,2026-07-07,-0.0162996101421938,-0.011772441165521699,0.006597169520911981,1797.57373046875,1768.511474609375,1776.5359753221082,ensemble
ETH,phase2_general,xgb,phase2_general_xgb,2026-07-07,2026-07-08,-0.0147154299263924,-0.00247000561212186,0.0037099553182739697,1768.511474609375,1742.6776123046875,1764.1486316833596,ensemble
ETH,phase2_general,xgb,phase2_general_xgb,2026-07-08,2026-07-09,0.0010363767887721,-0.0063992966432124005,0.005217982463267576,1742.6776123046875,1744.484619140625,1731.5613075113276,ensemble
ETH,phase2_general,xgb,phase2_general_xgb,2026-07-09,2026-07-10,0.0289319871755302,0.00026826808461918004,0.002243318584253254,1744.484619140625,1795.6932373046875,1744.9526714669928,ensemble
ETH,phase2_general,xgb,phase2_general_xgb,2026-07-10,2026-07-11,-0.0042377668681416,-0.008600568864494519,0.0014964795437781007,1795.6932373046875,1788.099609375,1780.315477489559,ensemble
ETH,phase2_general,xgb,phase2_general_xgb,2026-07-11,2026-07-12,0.0098437240641505,-0.00960468444973228,0.0019501272551854406,1788.099609375,1805.7880859375,1771.0076895046407,ensemble
ETH,phase2_general,xgb,phase2_general_xgb,2026-07-12,2026-07-13,-0.0180417009925125,0.0018220595316961199,0.0029206649530784013,1805.7880859375,1773.500732421875,1809.0813386718671,ensemble
ETH,phase2_general,xgb,phase2_general_xgb,2026-07-13,2026-07-14,0.0633461757860125,0.00764853926375504,0.001363243232315355,1773.500732421875,1889.4798583984373,1787.117429949434,ensemble
ETH,phase2_general,xgb,phase2_general_xgb,2026-07-14,2026-07-15,0.0144305241755588,0.004181305936072,0.0028019827820864127,1889.4798583984373,1916.9437255859373,1897.3968919815402,ensemble
ETH,phase2_general,xgb,phase2_general_xgb,2026-07-15,2026-07-16,-0.0284402326891384,0.0009526732843369,0.002556098286435321,1916.9437255859373,1863.193359375,1918.7708168332028,ensemble
ETH,phase2_general,xgb,phase2_general_xgb,2026-07-16,2026-07-17,-0.011989404987594,0.0009941118420101597,0.0030835754826897916,1863.193359375,1840.9881591796875,1865.0465029208658,ensemble
ETH,phase2_general,xgb,phase2_general_xgb,2026-07-17,2026-07-18,0.0110221726895365,-0.01084481738507742,0.0021636794642131904,1840.9881591796875,1861.39208984375,1821.1308478607236,ensemble
ETH,phase2_general,xgb,phase2_general_xgb,2026-07-18,2026-07-19,0.0054201709795738,0.0032197552500292,0.0012959930514838311,1861.39208984375,1871.508544921875,1867.3949755228236,ensemble
ETH,phase2_general,xgb,phase2_general_xgb,2026-07-19,2026-07-20,0.0170854918812539,0.01304967980831856,0.001998784044254808,1871.508544921875,1903.7589111328125,1896.091181101542,ensemble
ETH,phase2_general,xgb,phase2_general_xgb,2026-07-20,2026-07-21,0.0128519310477648,-0.00998407620936626,0.00249699392805962,1903.7589111328125,1928.3837890625,1884.846207122951,ensemble
ETH,phase2_general,xgb,phase2_general_xgb,2026-07-21,2026-07-22,0.0026444810723667,-0.00127997237723316,0.0018250009418349891,1928.3837890625,1933.4901123046875,1925.9170900698546,ensemble
ETH,phase2_general,xgb,phase2_general_xgb,2026-07-22,2026-07-23,-0.0295985684211487,-0.00040249475277960003,0.00255079950571453,1933.4901123046875,1877.1002197265625,1932.7120492735814,ensemble
ETH,phase2_general,xgb,phase2_general_xgb,2026-07-23,2026-07-24,-0.0090566354547485,0.0044294325751252,0.0023281764820867116,1877.1002197265625,1860.1767578125,1885.4331500388314,ensemble
ETH,phase2_general,xgb,phase2_general_xgb,2026-07-24,2026-07-25,0.0069886485747689,-0.01030546538531774,0.0036406123553449654,1860.1767578125,1873.222412109375,1841.1052099992658,ensemble
ETH,phase2_general,xgb,phase2_general_xgb,2026-07-25,2026-07-26,0.0419170428366946,-0.0008587398449890199,0.0018696255325358127,1873.222412109375,1953.4112548828125,1871.6144918769671,ensemble
ETH,phase2_general,xgb,phase2_general_xgb,2026-07-26,2026-07-27,-0.0326758126996198,-0.01883971169590944,0.0022869696158964664,1953.4112548828125,1890.613525390625,1916.9540499533214,ensemble
ETH,phase2_general,xgb,phase2_general_xgb,2026-07-27,2026-07-28,0.015396962638548,0.0017283335444517561,0.002733861764688461,1890.613525390625,1919.948486328125,1893.8839615543116,ensemble
ETH,phase2_general,xgb,phase2_general_xgb,2026-07-28,2026-07-29,-0.0059707845121414,0.0077915458939968995,0.005430779600219867,1919.948486328125,1908.51904296875,1934.9662830243622,ensemble
ETH,phase2_general,xgb,phase2_general_xgb,2026-07-29,2026-07-30,0.0046284096447549,-0.0067734131589531395,0.002594380344584044,1908.51904296875,1917.3729248046875,1895.6355368807897,ensemble
ETH,phase2_general,xgb,phase2_general_xgb,2026-07-30,2026-07-31,-0.0301935171908472,0.00414535091258582,0.000966245132993279,1917.3729248046875,1860.345947265625,1925.3376052004924,ensemble
ETH,phase2_general,xgb,phase2_general_xgb,2026-07-31,2026-08-01,-0.0091411558801774,0.007199562434107,0.0015021190916868743,1860.345947265625,1843.417724609375,1873.7879542840237,ensemble
ETH,phase2_general,xgb,phase2_general_xgb,2026-08-01,2026-08-02,0.0209910449816346,0.001206348501364076,0.0007809281145667338,1843.417724609375,1882.52197265625,1845.6428706998208,ensemble
ETH,phase2_general,xgb,phase2_general_xgb,2026-08-02,2026-08-03,-0.0129736864450064,0.00977148441597814,0.0026985838557166504,1882.52197265625,1858.2564697265625,1901.0071736180723,ensemble
ETH,phase2_general,xgb,phase2_general_xgb,2026-08-03,2026-08-04,0.0054362176829138,0.00379154025577004,0.0020504178126463835,1858.2564697265625,1868.3858642578125,1865.3154977749994,ensemble
ETH,phase2_general,xgb,phase2_general_xgb,2026-08-04,2026-08-05,0.0202078543669882,-0.00647058496251698,0.0027489020821893674,1868.3858642578125,1906.5260009765625,1856.3353437833612,ensemble
ETH,phase2_general,xgb,phase2_general_xgb,2026-08-05,2026-08-06,-0.0023465458558861,-0.01229131817817682,0.0017008638326803413,1906.5260009765625,1902.0574951171875,1883.2357106850386,ensemble
ETH,phase2_general,xgb,phase2_general_xgb,2026-08-06,2026-08-07,0.0058825505802162,-0.0008573091821744601,0.0026800006619799362,1902.0574951171875,1913.2794189453125,1900.4275425480835,ensemble
ETH,phase2_general,xgb,phase2_general_xgb,2026-08-07,2026-08-08,0.0011771484611133,0.0076776071451604005,0.0033524444298347667,1913.2794189453125,1915.532958984375,1928.0253610240027,ensemble
ETH,phase2_general,xgb,phase2_general_xgb,2026-08-08,2026-08-09,-0.003582552655913,0.006520711956545661,0.0024428508247839836,1915.532958984375,1908.6827392578125,1928.0644102424592,ensemble
ETH,phase2_general,xgb,phase2_general_xgb,2026-08-09,2026-08-10,-0.0197913520463313,-0.00158232960384336,0.0015266735409378272,1908.6827392578125,1871.2786865234373,1905.6649622437444,ensemble
ETH,phase2_general,xgb,phase2_general_xgb,2026-08-10,2026-08-11,0.0053801271136948,-0.008084231056272938,0.0025105180069921766,1871.2786865234373,1881.37353515625,1856.2118213182728,ensemble
ETH,phase2_general,xgb,phase2_general_xgb,2026-08-11,2026-08-12,-0.0017228455012013,0.00774167412891978,0.0019158183713363004,1881.37353515625,1878.135009765625,1895.9950404182616,ensemble
ETH,phase2_general,xgb,phase2_general_xgb,2026-08-12,2026-08-13,0.0031133074431306,-0.003231522770329289,0.0027321404540966206,1878.135009765625,1883.9913330078125,1872.075569598348,ensemble
ETH,phase2_general,xgb,phase2_general_xgb,2026-08-13,2026-08-14,-0.0017751010807604,0.00895976424217218,0.0020530821251684706,1883.9913330078125,1880.6500244140625,1900.947298480878,ensemble
ETH,phase2_general,xgb,phase2_general_xgb,2026-08-14,2026-08-15,0.0001373371127861,0.00241220502648498,0.0005830062570956354,1880.6500244140625,1880.9083251953125,1885.1920137583916,ensemble
ETH,phase2_general,xgb,phase2_general_xgb,2026-08-15,2026-08-16,-0.003710048377518,0.00822646711021658,0.0011927896043099572,1880.9083251953125,1873.9429931640625,1896.4453755647087,ensemble
ETH,phase2_general,xgb,phase2_general_xgb,2026-08-16,2026-08-17,0.0202107717270595,0.0045604823972098,0.0028464499575560688,1873.9429931640625,1912.2021484375,1882.508593988043,ensemble
ETH,phase2_general,xgb,phase2_general_xgb,2026-08-17,2026-08-18,0.0022239875598747,0.00189146659104148,0.0009579203336078042,1912.2021484375,1916.4595947265625,1915.8224376653068,ensemble
ETH,phase2_general,xgb,phase2_general_xgb,2026-08-18,2026-08-19,0.1610984870542504,0.00325205536792052,0.0027857780121634504,1916.4595947265625,2251.4580078125,1922.7021725416223,ensemble
ETH,phase2_general,xgb,phase2_general_xgb,2026-08-19,2026-08-20,0.0327374500344778,0.0054170912888366,0.004939368040727548,2251.4580078125,2326.384765625,2263.6874554850733,ensemble
ETH,phase2_general,xgb,phase2_general_xgb,2026-08-20,2026-08-21,0.0780693605915992,0.02131022512912746,0.006588194555388136,2326.384765625,2515.28173828125,2376.4925566155416,ensemble
ETH,phase2_general,xgb,phase2_general_xgb,2026-08-21,2026-08-22,-0.0368621187101773,0.00221705497242508,0.0023371496214819277,2515.28173828125,2424.251220703125,2520.8644424604495,ensemble
ETH,phase2_general,xgb,phase2_general_xgb,2026-08-22,2026-08-23,0.0161886325230095,0.0009292687522247199,0.0012724267915934246,2424.251220703125,2463.81591796875,2426.5050486538216,ensemble
ETH,phase2_general,xgb,phase2_general_xgb,2026-08-23,2026-08-24,0.0072853803568115,0.00016106358671092005,0.0015067896830833496,2463.81591796875,2481.831298828125,2464.2127809567237,ensemble
ETH,phase2_general,xgb,phase2_general_xgb,2026-08-24,2026-08-25,-0.0157046670742771,0.00203167538857082,0.0016879805461544246,2481.831298828125,2443.159423828125,2486.8787000007264,ensemble
ETH,phase2_general,xgb,phase2_general_xgb,2026-08-25,2026-08-26,0.0254999480890524,0.00335000879131256,0.0024263305936782827,2443.159423828125,2506.260986328125,2451.35775394833,ensemble
ETH,phase2_general,xgb,phase2_general_xgb,2026-08-26,2026-08-27,0.0016541530230063,-0.00074416183051652,0.0016374305629806782,2506.260986328125,2510.41015625,2504.396616347313,ensemble
ETH,phase2_general,xgb,phase2_general_xgb,2026-08-27,2026-08-28,-0.0274093504142575,0.00889780772849912,0.0022478061646959507,2510.41015625,2442.535888671875,2532.8469743582177,ensemble
ETH,phase2_general,xgb,phase2_general_xgb,2026-08-28,2026-08-29,0.0061835722465449,0.006788795255124521,0.0017275145597946077,2442.535888671875,2457.686279296875,2459.1741777907596,ensemble
ETH,phase2_general,xgb,phase2_general_xgb,2026-08-29,2026-08-30,-0.0163049615873888,0.00683625866658982,0.002519842642804556,2457.686279296875,2417.938720703125,2474.5452188014297,ensemble
ETH,phase2_general,xgb,phase2_general_xgb,2026-08-30,2026-08-31,0.0200145895501371,-0.00104865271423474,0.0010846728222735436,2417.938720703125,2466.8203125,2415.4044717065876,ensemble
ETH,phase3_crypto,lstm,phase3_crypto_lstm,2025-10-31,2025-11-01,0.007021586687225155,0.0004989487875718624,0.0015186728398137233,3847.080322265625,3874.18798828125,3849.0002972728803,ensemble
ETH,phase3_crypto,lstm,phase3_crypto_lstm,2025-11-01,2025-11-02,0.009473174047530416,-0.000182541023241356,0.00213059403037189,3874.18798828125,3911.063232421875,3873.4808545840574,ensemble
ETH,phase3_crypto,lstm,phase3_crypto_lstm,2025-11-02,2025-11-03,-0.08223448305523949,-0.0008421008125878871,0.0029207976680160844,3911.063232421875,3602.30810546875,3907.771109240119,ensemble
ETH,phase3_crypto,lstm,phase3_crypto_lstm,2025-11-03,2025-11-04,-0.08990501013567212,-0.0014493934693746268,0.0038838668808557665,3602.30810546875,3292.574462890625,3597.090725557557,ensemble
ETH,phase3_crypto,lstm,phase3_crypto_lstm,2025-11-04,2025-11-05,0.039481668810072805,-0.0016441319196019322,0.003326916470209628,3292.574462890625,3425.171142578125,3287.1654838744957,ensemble
ETH,phase3_crypto,lstm,phase3_crypto_lstm,2025-11-05,2025-11-06,-0.03352136366985419,-0.002235856105107814,0.0031858683062064323,3425.171142578125,3312.2578125,3417.5215076961226,ensemble
ETH,phase3_crypto,lstm,phase3_crypto_lstm,2025-11-06,2025-11-07,0.03647448115981518,-0.002849352383054793,0.002944896456775307,3312.2578125,3435.301025390625,3302.833455841425,ensemble
ETH,phase3_crypto,lstm,phase3_crypto_lstm,2025-11-07,2025-11-08,-0.010218549741346181,-0.004199855355545878,0.003474461340920961,3435.301025390625,3400.3759765625,3420.9035128791193,ensemble
ETH,phase3_crypto,lstm,phase3_crypto_lstm,2025-11-08,2025-11-09,0.05220874290983875,-0.004928732558619231,0.003957215324154954,3400.3759765625,3582.621337890625,3383.6576666584265,ensemble
ETH,phase3_crypto,lstm,phase3_crypto_lstm,2025-11-09,2025-11-10,-0.003960630532174714,-0.002990801859414205,0.002002749052090008,3582.621337890625,3568.4599609375,3571.9224344568734,ensemble
ETH,phase3_crypto,lstm,phase3_crypto_lstm,2025-11-10,2025-11-11,-0.04387398640993172,-0.0027108419373689683,0.0021054329327495408,3568.4599609375,3415.2822265625,3558.7995298903143,ensemble
ETH,phase3_crypto,lstm,phase3_crypto_lstm,2025-11-11,2025-11-12,-0.0006408517068140884,-0.0015916894451947882,0.0015569728590527755,3415.2822265625,3413.09423828125,3409.850481862239,ensemble
ETH,phase3_crypto,lstm,phase3_crypto_lstm,2025-11-12,2025-11-13,-0.054283922809847215,-0.0009255609336833003,0.0016938778262850559,3413.09423828125,3232.757080078125,3409.936673076231,ensemble
ETH,phase3_crypto,lstm,phase3_crypto_lstm,2025-11-13,2025-11-14,-0.04071281618360177,-0.00014550664054695516,0.0020839660237642332,3232.757080078125,3103.78564453125,3232.2867266763,ensemble
ETH,phase3_crypto,lstm,phase3_crypto_lstm,2025-11-14,2025-11-15,0.020045814386644864,0.00011536922247614711,0.0028267613294316925,3103.78564453125,3166.63134765625,3104.143746524369,ensemble
ETH,phase3_crypto,lstm,phase3_crypto_lstm,2025-11-15,2025-11-16,-0.023576197316441422,0.00028362053562887014,0.00323013238964583,3166.63134765625,3092.847412109375,3167.5295967101288,ensemble
ETH,phase3_crypto,lstm,phase3_crypto_lstm,2025-11-16,2025-11-17,-0.022333536068642135,0.0003612572676502168,0.003805094756656854,3092.847412109375,3024.538818359375,3093.9649275578677,ensemble
ETH,phase3_crypto,lstm,phase3_crypto_lstm,2025-11-17,2025-11-18,0.032028732106195945,0.00044343386543914675,0.00473036830175513,3024.538818359375,3122.97900390625,3025.8802987056965,ensemble
ETH,phase3_crypto,lstm,phase3_crypto_lstm,2025-11-18,2025-11-19,-0.03251421900082368,0.0002970485249534249,0.005593136915230438,3122.97900390625,3023.07080078125,3123.906818008904,ensemble
ETH,phase3_crypto,lstm,phase3_crypto_lstm,2025-11-19,2025-11-20,-0.06536849882670856,-4.041257780045271e-05,0.006154182913069179,3023.07080078125,2831.777587890625,3022.9486331658877,ensemble
ETH,phase3_crypto,lstm,phase3_crypto_lstm,2025-11-20,2025-11-21,-0.02361115238578957,-0.0007502097403630614,0.006124771723712524,2831.777587890625,2765.69921875,2829.653957445371,ensemble
ETH,phase3_crypto,lstm,phase3_crypto_lstm,2025-11-21,2025-11-22,0.0006897153274086759,-0.0013800176326185464,0.0058141125968481575,2765.69921875,2767.607421875,2761.885137416662,ensemble
ETH,phase3_crypto,lstm,phase3_crypto_lstm,2025-11-22,2025-11-23,0.012234618260287876,-0.0021069275913760065,0.005403186715030923,2767.607421875,2801.676025390625,2761.7824120275764,ensemble
ETH,phase3_crypto,lstm,phase3_crypto_lstm,2025-11-23,2025-11-24,0.05250671846439223,-0.0026822515996173025,0.004920246106513604,2801.676025390625,2952.71337890625,2794.1712946772736,ensemble
ETH,phase3_crypto,lstm,phase3_crypto_lstm,2025-11-24,2025-11-25,0.0017672851723719149,-0.0030982263502664863,0.0041975072614003775,2952.71337890625,2957.936279296875,2943.5793614441873,ensemble
ETH,phase3_crypto,lstm,phase3_crypto_lstm,2025-11-25,2025-11-26,0.023348428095094007,-0.003126393957063556,0.003629732787906136,2957.936279296875,3027.81201171875,2948.7030460709116,ensemble
ETH,phase3_crypto,lstm,phase3_crypto_lstm,2025-11-26,2025-11-27,-0.004392260426713515,-0.0029468573164194824,0.003135585322728155,3027.81201171875,3014.542236328125,3018.90261554633,ensemble
ETH,phase3_crypto,lstm,phase3_crypto_lstm,2025-11-27,2025-11-28,0.005874882913213043,-0.002661149494815618,0.0025991198322514084,3014.542236328125,3032.304443359375,3006.530753383636,ensemble
ETH,phase3_crypto,lstm,phase3_crypto_lstm,2025-11-28,2025-11-29,-0.013485997805236051,-0.0024458967207465323,0.0022997872538436078,3032.304443359375,2991.685302734375,3024.8968027199935,ensemble
ETH,phase3_crypto,lstm,phase3_crypto_lstm,2025-11-29,2025-11-30,0.00014280097860070945,-0.002388709201477468,0.0023165077299374124,2991.685302734375,2992.112548828125,2984.547564907774,ensemble
ETH,phase3_crypto,lstm,phase3_crypto_lstm,2025-11-30,2025-12-01,-0.0662927736435053,-0.002501128055155277,0.0026377539682046884,2992.112548828125,2800.18896484375,2984.6382431822217,ensemble
ETH,phase3_crypto,lstm,phase3_crypto_lstm,2025-12-01,2025-12-02,0.06823838280892502,-0.002591687417589128,0.0028988717820581933,2800.18896484375,2997.939697265625,2792.9411464334535,ensemble
ETH,phase3_crypto,lstm,phase3_crypto_lstm,2025-12-02,2025-12-03,0.06258823046337834,-0.002601437293924391,0.00296276387794675,2997.939697265625,3191.57177734375,2990.1508805838694,ensemble
ETH,phase3_crypto,lstm,phase3_crypto_lstm,2025-12-03,2025-12-04,-0.01810241754529839,-0.002629275107756257,0.0030412334761440044,3191.57177734375,3134.31640625,3183.1912792603894,ensemble
ETH,phase3_crypto,lstm,phase3_crypto_lstm,2025-12-04,2025-12-05,-0.03568750802814642,-0.002119519584812224,0.0026805458002922755,3134.31640625,3024.432861328125,3127.6801965145614,ensemble
ETH,phase3_crypto,lstm,phase3_crypto_lstm,2025-12-05,2025-12-06,0.005202266348911221,-0.0024510596878826616,0.002903481377809787,3024.432861328125,3040.207763671875,3017.028873377954,ensemble
ETH,phase3_crypto,lstm,phase3_crypto_lstm,2025-12-06,2025-12-07,0.006914380156550823,-0.0028375300113111734,0.003108686505882699,3040.207763671875,3061.3017578125,3031.593310566437,ensemble
ETH,phase3_crypto,lstm,phase3_crypto_lstm,2025-12-07,2025-12-08,0.020657404003744346,-0.0035197834949940443,0.0035981822378705866,3061.3017578125,3125.197998046875,3050.545579226827,ensemble
ETH,phase3_crypto,lstm,phase3_crypto_lstm,2025-12-08,2025-12-09,0.06080292642241868,-0.004144856473430991,0.0038681417085435657,3125.197998046875,3321.114990234375,3112.2713090357574,ensemble
ETH,phase3_crypto,lstm,phase3_crypto_lstm,2025-12-09,2025-12-10,0.001286434597521452,-0.003976456448435783,0.0036546965405847955,3321.114990234375,3325.39013671875,3307.9349434236565,ensemble
ETH,phase3_crypto,lstm,phase3_crypto_lstm,2025-12-10,2025-12-11,-0.02692245348848621,-0.0035168396309018133,0.003295679251574936,3325.39013671875,3237.056884765625,3313.7158132918635,ensemble
ETH,phase3_crypto,lstm,phase3_crypto_lstm,2025-12-11,2025-12-12,-0.048381125268667786,-0.002349524665623903,0.0025740098104771124,3237.056884765625,3084.172607421875,3229.4602674852904,ensemble
ETH,phase3_crypto,lstm,phase3_crypto_lstm,2025-12-12,2025-12-13,0.010489822947687412,-0.001703687128610909,0.002235522522033254,3084.172607421875,3116.6953125,3078.9226156897294,ensemble
ETH,phase3_crypto,lstm,phase3_crypto_lstm,2025-12-13,2025-12-14,-0.01816399360114702,-0.0008515745052136481,0.00225936567087606,3116.6953125,3060.5947265625,3114.042343991852,ensemble
ETH,phase3_crypto,lstm,phase3_crypto_lstm,2025-12-14,2025-12-15,-0.03200777016588088,-0.0008149055298417807,0.0023863362313597427,3060.5947265625,2964.18310546875,3058.101646945368,ensemble
ETH,phase3_crypto,lstm,phase3_crypto_lstm,2025-12-15,2025-12-16,-7.412721688312701e-07,-0.0007883863989263773,0.002952317604098701,2964.18310546875,2964.180908203125,2961.8471047810517,ensemble
ETH,phase3_crypto,lstm,phase3_crypto_lstm,2025-12-16,2025-12-17,-0.045828192848759323,-0.0007184105459600687,0.003294107082437913,2964.180908203125,2831.403564453125,2962.0521741226007,ensemble
ETH,phase3_crypto,lstm,phase3_crypto_lstm,2025-12-17,2025-12-18,-0.0015320294953636582,-0.00039206468500196934,0.003724676658990515,2831.403564453125,2827.069091796875,2830.2936886922766,ensemble
ETH,phase3_crypto,lstm,phase3_crypto_lstm,2025-12-18,2025-12-19,0.05200157806139122,-0.00014038451481610537,0.0038719937144260953,2827.069091796875,2977.970703125,2826.672242930441,ensemble
ETH,phase3_crypto,lstm,phase3_crypto_lstm,2025-12-19,2025-12-20,-0.0001303602133292682,0.0004064491506142076,0.0035256152437335877,2977.970703125,2977.58251953125,2979.1813428029072,ensemble
ETH,phase3_crypto,lstm,phase3_crypto_lstm,2025-12-20,2025-12-21,0.008038330984924418,0.0007936641573905945,0.002725385563975664,2977.58251953125,3001.61376953125,2979.946658094597,ensemble
ETH,phase3_crypto,lstm,phase3_crypto_lstm,2025-12-21,2025-12-22,0.0014847515809792915,0.000558093492873013,0.0019509262306775257,3001.61376953125,3006.07373046875,3003.289418184956,ensemble
ETH,phase3_crypto,lstm,phase3_crypto_lstm,2025-12-22,2025-12-23,-0.014306326840175283,0.0004751929664053023,0.0018048514373867435,3006.07373046875,2963.3740234375,3007.502535014013,ensemble
ETH,phase3_crypto,lstm,phase3_crypto_lstm,2025-12-23,2025-12-24,-0.0060191597554604985,0.0009541180705127772,0.0015967093078496637,2963.3740234375,2945.590576171875,2966.202781412906,ensemble
ETH,phase3_crypto,lstm,phase3_crypto_lstm,2025-12-24,2025-12-25,-0.014365015056822026,0.0013131380430422724,0.0013476288338832134,2945.590576171875,2903.57958984375,2949.4610839159855,ensemble
ETH,phase3_crypto,lstm,phase3_crypto_lstm,2025-12-25,2025-12-26,0.007605038907991378,0.001599480604636483,0.0012990440257385904,2903.57958984375,2925.74560546875,2908.22752523206,ensemble
ETH,phase3_crypto,lstm,phase3_crypto_lstm,2025-12-26,2025-12-27,0.0075770385642638756,0.002004901703912765,0.0014895563113016261,2925.74560546875,2947.998291015625,2931.6173219587226,ensemble
ETH,phase3_crypto,lstm,phase3_crypto_lstm,2025-12-27,2025-12-28,0.00019327323098403297,0.002394475438632071,0.001857986935603628,2947.998291015625,2948.568115234375,2955.065658458734,ensemble
ETH,phase3_crypto,lstm,phase3_crypto_lstm,2025-12-28,2025-12-29,-0.00476952504017534,0.0028565615299157797,0.002349488117879137,2948.568115234375,2934.538330078125,2957.002923018775,ensemble
ETH,phase3_crypto,lstm,phase3_crypto_lstm,2025-12-29,2025-12-30,0.012488715813386491,0.0035699527128599585,0.003201597277054889,2934.538330078125,2971.416748046875,2945.0332151261955,ensemble
ETH,phase3_crypto,lstm,phase3_crypto_lstm,2025-12-30,2025-12-31,-0.0014748454494985343,0.0043884605634957555,0.004067062332285378,2971.416748046875,2967.03759765625,2984.4853478071673,ensemble
ETH,phase3_crypto,lstm,phase3_crypto_lstm,2025-12-31,2026-01-01,0.01117969589667102,0.005393357202410698,0.0045369370903564615,2967.03759765625,3000.394287109375,2983.0831219807474,ensemble
ETH,phase3_crypto,lstm,phase3_crypto_lstm,2026-01-01,2026-01-02,0.04050579142356504,0.005546982865780592,0.004702735499316017,3000.394287109375,3124.422607421875,3017.0836678721553,ensemble
ETH,phase3_crypto,lstm,phase3_crypto_lstm,2026-01-02,2026-01-03,0.0004783333560596635,0.005359483137726784,0.004752252148130701,3124.422607421875,3125.91748046875,3141.212851024909,ensemble
ETH,phase3_crypto,lstm,phase3_crypto_lstm,2026-01-03,2026-01-04,0.004721198192569982,0.005102555453777313,0.0044285638311424595,3125.91748046875,3140.71044921875,3141.908410364981,ensemble
ETH,phase3_crypto,lstm,phase3_crypto_lstm,2026-01-04,2026-01-05,0.02683435946003148,0.004407146060839295,0.003630168871677428,3140.71044921875,3226.13037109375,3154.58256466965,ensemble
ETH,phase3_crypto,lstm,phase3_crypto_lstm,2026-01-05,2026-01-06,0.021410072765534124,0.004064298025332392,0.0029968467568615327,3226.13037109375,3295.94677734375,3239.2690079725157,ensemble
ETH,phase3_crypto,lstm,phase3_crypto_lstm,2026-01-06,2026-01-07,-0.039957957746070624,0.004578760894946754,0.0028407496590497606,3295.94677734375,3166.843994140625,3311.0727321986124,ensemble
ETH,phase3_crypto,lstm,phase3_crypto_lstm,2026-01-07,2026-01-08,-0.01992066167813984,0.0052252189256250855,0.0030065571535737813,3166.843994140625,3104.382568359375,3183.434754743467,ensemble
ETH,phase3_crypto,lstm,phase3_crypto_lstm,2026-01-08,2026-01-09,-0.006896412519137501,0.0055293036624789235,0.0028047385461324997,3104.382568359375,3083.047119140625,3121.5951853035876,ensemble
ETH,phase3_crypto,lstm,phase3_crypto_lstm,2026-01-09,2026-01-10,-0.00021121695136130524,0.005616657342761755,0.0025575166913790926,3083.047119140625,3082.39599609375,3100.4122597514347,ensemble
ETH,phase3_crypto,lstm,phase3_crypto_lstm,2026-01-10,2026-01-11,0.011768432191719677,0.005236508324742317,0.0022509767222898508,3082.39599609375,3118.88525390625,3098.5793234714542,ensemble
ETH,phase3_crypto,lstm,phase3_crypto_lstm,2026-01-11,2026-01-12,-0.008552349240195838,0.004974892875179648,0.00228011340981487,3118.88525390625,3092.3251953125,3134.440033534436,ensemble
ETH,phase3_crypto,lstm,phase3_crypto_lstm,2026-01-12,2026-01-13,0.07167244785080332,0.004977966798469425,0.002591476892009175,3092.3251953125,3322.095458984375,3107.757065265974,ensemble
ETH,phase3_crypto,lstm,phase3_crypto_lstm,2026-01-13,2026-01-14,0.009773355035415114,0.005832838406786322,0.0033969898498024255,3322.095458984375,3354.72265625,3341.5293271767114,ensemble
ETH,phase3_crypto,lstm,phase3_crypto_lstm,2026-01-14,2026-01-15,-0.01127779653171091,0.006881868094205856,0.004193229896912155,3354.72265625,3317.101318359375,3377.889037623249,ensemble
ETH,phase3_crypto,lstm,phase3_crypto_lstm,2026-01-15,2026-01-16,-0.006538811242779367,0.007465629000216722,0.004779115488416482,3317.101318359375,3295.482177734375,3341.9582369734067,ensemble
ETH,phase3_crypto,lstm,phase3_crypto_lstm,2026-01-16,2026-01-17,0.004052512545503773,0.007562720682471991,0.005062178983180267,3295.482177734375,3308.8642578125,3320.499469114095,ensemble
ETH,phase3_crypto,lstm,phase3_crypto_lstm,2026-01-17,2026-01-18,-0.008408684018054191,0.006806944846175611,0.004786752795326824,3308.8642578125,3281.15771484375,3331.464345831667,ensemble
ETH,phase3_crypto,lstm,phase3_crypto_lstm,2026-01-18,2026-01-19,-0.029235184793820444,0.005765887844609097,0.004356832864710264,3281.15771484375,3186.62109375,3300.1311490097064,ensemble
ETH,phase3_crypto,lstm,phase3_crypto_lstm,2026-01-19,2026-01-20,-0.08204732940901807,0.004925157560501247,0.004078832798499964,3186.62109375,2935.605712890625,3202.3544174676435,ensemble
ETH,phase3_crypto,lstm,phase3_crypto_lstm,2026-01-20,2026-01-21,0.014640674097217414,0.004367537912912667,0.003997046441948911,2935.605712890625,2978.901123046875,2948.455121853826,ensemble
ETH,phase3_crypto,lstm,phase3_crypto_lstm,2026-01-21,2026-01-22,-0.009873624051331843,0.004051048494875431,0.0038125882495239796,2978.901123046875,2949.63330078125,2990.993272362408,ensemble
ETH,phase3_crypto,lstm,phase3_crypto_lstm,2026-01-22,2026-01-23,0.0012275504187740749,0.003812680742703378,0.0034534505690485733,2949.63330078125,2953.25634765625,2960.9007768605406,ensemble
ETH,phase3_crypto,lstm,phase3_crypto_lstm,2026-01-23,2026-01-24,-0.0015302026847261398,0.0035889375023543833,0.003132378582659306,2953.25634765625,2948.74072265625,2963.8744425587483,ensemble
ETH,phase3_crypto,lstm,phase3_crypto_lstm,2026-01-24,2026-01-25,-0.046095446910964524,0.0034818490967154503,0.0029815758498085766,2948.74072265625,2815.90234375,2959.0256878356204,ensemble
ETH,phase3_crypto,lstm,phase3_crypto_lstm,2026-01-25,2026-01-26,0.0385097283715548,0.0034813103964552285,0.002856498889002124,2815.90234375,2926.45703125,2825.722457368595,ensemble
ETH,phase3_crypto,lstm,phase3_crypto_lstm,2026-01-26,2026-01-27,0.03219617504335294,0.003441865567583591,0.002542388751668256,2926.45703125,3022.2109375,2936.5468568918955,ensemble
ETH,phase3_crypto,lstm,phase3_crypto_lstm,2026-01-27,2026-01-28,-0.005176321307197195,0.0035692353470949457,0.0020663063311762847,3022.2109375,3006.607421875,3033.0171931672153,ensemble
ETH,phase3_crypto,lstm,phase3_crypto_lstm,2026-01-28,2026-01-29,-0.06470236643237812,0.0036882928339764475,0.0018378488122886185,3006.607421875,2818.232666015625,3017.717145847077,ensemble
ETH,phase3_crypto,lstm,phase3_crypto_lstm,2026-01-29,2026-01-30,-0.04197886796827195,0.0036574652418494224,0.0017824493138051036,2818.232666015625,2702.375244140625,2828.559126859361,ensemble
ETH,phase3_crypto,lstm,phase3_crypto_lstm,2026-01-30,2026-01-31,-0.10004843937927187,0.0036959165474399923,0.0018244451156046594,2702.375244140625,2445.091796875,2712.381477233811,ensemble
ETH,phase3_crypto,lstm,phase3_crypto_lstm,2026-01-31,2026-02-01,-0.07519978220290023,0.004183842777274549,0.0016499775741509693,2445.091796875,2267.96484375,2455.343106509313,ensemble
ETH,phase3_crypto,lstm,phase3_crypto_lstm,2026-02-01,2026-02-02,0.03312814665299069,0.004540023463778198,0.0021303390283292562,2267.96484375,2344.356689453125,2278.2848662014953,ensemble
ETH,phase3_crypto,lstm,phase3_crypto_lstm,2026-02-02,2026-02-03,-0.05110473707553693,0.0052048366516828535,0.0036289554408194275,2344.356689453125,2227.558837890625,2356.590492931245,ensemble
ETH,phase3_crypto,lstm,phase3_crypto_lstm,2026-02-03,2026-02-04,-0.03846435100865618,0.005632347567006946,0.004826837836064029,2227.558837890625,2143.504150390625,2240.1406227228426,ensemble
ETH,phase3_crypto,lstm,phase3_crypto_lstm,2026-02-04,2026-02-05,-0.16268108635736284,0.005603712552692741,0.00543692061267777,2143.504150390625,1821.68310546875,2155.549449180818,ensemble
ETH,phase3_crypto,lstm,phase3_crypto_lstm,2026-02-05,2026-02-06,0.12458793243377704,0.005270948840188794,0.005565985425226464,1821.68310546875,2063.386962890625,1831.3104542625615,ensemble
ETH,phase3_crypto,lstm,phase3_crypto_lstm,2026-02-06,2026-02-07,0.013078072860626821,0.004572720266878605,0.005097168917932457,2063.386962890625,2090.54931640625,2072.8438596675687,ensemble
ETH,phase3_crypto,lstm,phase3_crypto_lstm,2026-02-07,2026-02-08,-0.00085486651992098,0.003751785634085536,0.004451047582615939,2090.54931640625,2088.762939453125,2098.4073408931895,ensemble
ETH,phase3_crypto,lstm,phase3_crypto_lstm,2026-02-08,2026-02-09,0.007062777520560773,0.003006389830261469,0.003880020117477369,2088.762939453125,2103.567626953125,2095.0520240952515,ensemble
ETH,phase3_crypto,lstm,phase3_crypto_lstm,2026-02-09,2026-02-10,-0.04078608660125574,0.0022773220436647533,0.003370140028030539,2103.567626953125,2019.4974365234373,2108.36358678011,ensemble
ETH,phase3_crypto,lstm,phase3_crypto_lstm,2026-02-10,2026-02-11,-0.03984048759789168,0.001781752286478877,0.0029671831227396847,2019.4974365234373,1940.621337890625,2023.0988881930982,ensemble
ETH,phase3_crypto,lstm,phase3_crypto_lstm,2026-02-11,2026-02-12,0.003251056309532056,0.0014662491856142878,0.0027267205119303017,1940.621337890625,1946.940673828125,1943.468859424804,ensemble
ETH,phase3_crypto,lstm,phase3_crypto_lstm,2026-02-12,2026-02-13,0.05086191072713562,0.0010682906722649932,0.0025887483706826817,1946.940673828125,2048.52734375,1949.021683753263,ensemble
ETH,phase3_crypto,lstm,phase3_crypto_lstm,2026-02-13,2026-02-14,0.018131871977993777,0.0005947967350948602,0.002545353213343953,2048.52734375,2086.009765625,2049.746163564905,ensemble
ETH,phase3_crypto,lstm,phase3_crypto_lstm,2026-02-14,2026-02-15,-0.05923016066341757,5.834389012306929e-05,0.0025569320389977014,2086.009765625,1966.04296875,2086.131475100029,ensemble
ETH,phase3_crypto,lstm,phase3_crypto_lstm,2026-02-15,2026-02-16,0.016082623092426845,-0.0006670633563771843,0.0026772503270890663,1966.04296875,1997.917724609375,1964.7319308497695,ensemble
ETH,phase3_crypto,lstm,phase3_crypto_lstm,2026-02-16,2026-02-17,-0.002868787898831094,-0.001466054399497807,0.0030038745776815434,1997.917724609375,1992.1943359375,1994.990814568286,ensemble
ETH,phase3_crypto,lstm,phase3_crypto_lstm,2026-02-17,2026-02-18,-0.019371403139241388,-0.0021446784492582084,0.0035068005754183996,1992.1943359375,1953.97412109375,1987.9262980988221,ensemble
ETH,phase3_crypto,lstm,phase3_crypto_lstm,2026-02-18,2026-02-19,-0.002958901252870125,-0.0025344835594296455,0.003929303748623159,1953.97412109375,1948.2010498046875,1949.0280762905263,ensemble
ETH,phase3_crypto,lstm,phase3_crypto_lstm,2026-02-19,2026-02-20,0.010630736664791151,-0.002604044321924448,0.004096271939322976,1948.2010498046875,1969.0223388671875,1943.1344476143809,ensemble
ETH,phase3_crypto,lstm,phase3_crypto_lstm,2026-02-20,2026-02-21,0.0023916477643178046,-0.0025321805384010076,0.004076723255604485,1969.0223388671875,1973.7371826171875,1964.0427261210207,ensemble
ETH,phase3_crypto,lstm,phase3_crypto_lstm,2026-02-21,2026-02-22,-0.008104381025179103,-0.002175545506179333,0.0036853288060437186,1973.7371826171875,1957.805908203125,1969.4478950211085,ensemble
ETH,phase3_crypto,lstm,phase3_crypto_lstm,2026-02-22,2026-02-23,-0.053668696967508325,-0.0015973958186805248,0.0029831911461480247,1957.805908203125,1855.5028076171875,1954.6810137427215,ensemble
ETH,phase3_crypto,lstm,phase3_crypto_lstm,2026-02-23,2026-02-24,-0.001366236763411363,-0.0012929724296554923,0.0027280596213534866,1855.5028076171875,1852.969482421875,1853.1052439696537,ensemble
ETH,phase3_crypto,lstm,phase3_crypto_lstm,2026-02-24,2026-02-25,0.10330529755605292,-0.0009153263526968658,0.0025302126608514625,1852.969482421875,2054.6279296875,1851.2741866166973,ensemble
ETH,phase3_crypto,lstm,phase3_crypto_lstm,2026-02-25,2026-02-26,-0.013640230652308093,-0.0008309648488648236,0.0025047885677496784,2054.6279296875,2026.7926025390625,2052.9213152669327,ensemble
ETH,phase3_crypto,lstm,phase3_crypto_lstm,2026-02-26,2026-02-27,-0.04853988358482078,-0.0007709549652645364,0.002526040793690396,2026.7926025390625,1930.7618408203125,2025.2306388977515,ensemble
ETH,phase3_crypto,lstm,phase3_crypto_lstm,2026-02-27,2026-02-28,0.017603302415937827,-0.0009755298495292663,0.002603174382803049,1930.7618408203125,1965.050537109375,1928.8792434265354,ensemble
ETH,phase3_crypto,lstm,phase3_crypto_lstm,2026-02-28,2026-03-01,-0.013311214361673498,-0.0014228103682398796,0.002706104903893185,1965.050537109375,1939.066650390625,1962.2566309017498,ensemble
ETH,phase3_crypto,lstm,phase3_crypto_lstm,2026-03-01,2026-03-02,0.04448277882265156,-0.0015348728396929801,0.002841082817925076,1939.066650390625,2027.2689208984373,1936.0927125466399,ensemble
ETH,phase3_crypto,lstm,phase3_crypto_lstm,2026-03-02,2026-03-03,-0.02219521539096451,-0.0016596363566350192,0.0030162015068353784,2027.2689208984373,1982.7689208984373,2023.907182096236,ensemble
ETH,phase3_crypto,lstm,phase3_crypto_lstm,2026-03-03,2026-03-04,0.06998564880773499,-0.0021851681638509037,0.0030521994323479524,1982.7689208984373,2126.50537109375,1978.4409677510832,ensemble
ETH,phase3_crypto,lstm,phase3_crypto_lstm,2026-03-04,2026-03-05,-0.026156066067129717,-0.002938380464911461,0.0030740786514209494,2126.50537109375,2071.60546875,2120.2660604762405,ensemble
ETH,phase3_crypto,lstm,phase3_crypto_lstm,2026-03-05,2026-03-06,-0.04585794631276462,-0.0026255992881488053,0.003503478756259657,2071.60546875,1978.751220703125,2066.1733972480806,ensemble
ETH,phase3_crypto,lstm,phase3_crypto_lstm,2026-03-06,2026-03-07,-0.004708868776353749,-0.003669853461906314,0.003565604055307003,1978.751220703125,1969.4554443359373,1971.5028021375933,ensemble
ETH,phase3_crypto,lstm,phase3_crypto_lstm,2026-03-07,2026-03-08,-0.016820776457913442,-0.004203481390140951,0.003749575786240144,1969.4554443359373,1936.604736328125,1961.1942500792113,ensemble
ETH,phase3_crypto,lstm,phase3_crypto_lstm,2026-03-08,2026-03-09,0.028673744603590037,-0.005217981175519526,0.004132098290572094,1936.604736328125,1992.938232421875,1926.5258877589274,ensemble
ETH,phase3_crypto,lstm,phase3_crypto_lstm,2026-03-09,2026-03-10,0.021927234478122906,-0.005706408782862127,0.004613225993059517,1992.938232421875,2037.1204833984373,1981.5980986805482,ensemble
ETH,phase3_crypto,lstm,phase3_crypto_lstm,2026-03-10,2026-03-11,0.007069651069372434,-0.00503080275375396,0.004109060530828466,2037.1204833984373,2051.5732421875,2026.8978676029944,ensemble
ETH,phase3_crypto,lstm,phase3_crypto_lstm,2026-03-11,2026-03-12,0.010455613837732266,-0.005558283254504204,0.004591395212071717,2051.5732421875,2073.13623046875,2040.20164953321,ensemble
ETH,phase3_crypto,lstm,phase3_crypto_lstm,2026-03-12,2026-03-13,0.00932731032254328,-0.006086009461432696,0.005137019852429606,2073.13623046875,2092.5634765625,2060.5574199612183,ensemble
ETH,phase3_crypto,lstm,phase3_crypto_lstm,2026-03-13,2026-03-14,0.0021592233043722896,-0.007453686604276299,0.006752437005936206,2092.5634765625,2097.086669921875,2077.0241487919807,ensemble
ETH,phase3_crypto,lstm,phase3_crypto_lstm,2026-03-14,2026-03-15,0.03761747257489843,-0.008379638846963643,0.007414602038646484,2097.086669921875,2177.476318359375,2079.587262751378,ensemble
ETH,phase3_crypto,lstm,phase3_crypto_lstm,2026-03-15,2026-03-16,0.0767490852405507,-0.009170542005449533,0.008006881742204732,2177.476318359375,2351.176025390625,2157.5989626835985,ensemble
ETH,phase3_crypto,lstm,phase3_crypto_lstm,2026-03-16,2026-03-17,-0.014187828746907258,-0.00910390499047935,0.007926102860099668,2351.176025390625,2318.053466796875,2329.8682812459147,ensemble
ETH,phase3_crypto,lstm,phase3_crypto_lstm,2026-03-17,2026-03-18,-0.05060291819156262,-0.008060072502121329,0.007026151591924738,2318.053466796875,2203.671630859375,2299.444881804558,ensemble
ETH,phase3_crypto,lstm,phase3_crypto_lstm,2026-03-18,2026-03-19,-0.030523607148640667,-0.007390720373950899,0.00644816405223797,2203.671630859375,2137.423828125,2187.4449473420245,ensemble
ETH,phase3_crypto,lstm,phase3_crypto_lstm,2026-03-19,2026-03-20,0.004235958585431247,-0.006761160143651068,0.006033237348081568,2137.423828125,2146.4970703125,2123.0211077439567,ensemble
ETH,phase3_crypto,lstm,phase3_crypto_lstm,2026-03-20,2026-03-21,-0.033061992006107994,-0.006675163167528808,0.006073157732691167,2146.4970703125,2076.68994140625,2132.2165674983544,ensemble
ETH,phase3_crypto,lstm,phase3_crypto_lstm,2026-03-21,2026-03-22,-0.011449568094526609,-0.0067815629066899415,0.006275996500149793,2076.68994140625,2053.04833984375,2062.65438323202,ensemble
ETH,phase3_crypto,lstm,phase3_crypto_lstm,2026-03-22,2026-03-23,0.04713979833568274,-0.006920759752392769,0.006391403732464678,2053.04833984375,2152.14599609375,2038.888739635976,ensemble
ETH,phase3_crypto,lstm,phase3_crypto_lstm,2026-03-23,2026-03-24,0.0016520306586044232,-0.006903000420425087,0.006283906313234217,2152.14599609375,2155.704345703125,2137.340889995018,ensemble
ETH,phase3_crypto,lstm,phase3_crypto_lstm,2026-03-24,2026-03-25,0.005697480587391201,-0.006382643710821867,0.006046658119494217,2155.704345703125,2168.021484375,2141.9890693410453,ensemble
ETH,phase3_crypto,lstm,phase3_crypto_lstm,2026-03-25,2026-03-26,-0.05131370661715102,-0.005299699425813742,0.005458870209727711,2168.021484375,2059.578369140625,2156.562014852783,ensemble
ETH,phase3_crypto,lstm,phase3_crypto_lstm,2026-03-26,2026-03-27,-0.033727669892453536,-0.004711220145691186,0.005069056317018242,2059.578369140625,1991.27197265625,2049.898062968035,ensemble
ETH,phase3_crypto,lstm,phase3_crypto_lstm,2026-03-27,2026-03-28,0.0007141663784116856,-0.004675296278219321,0.004833810863707065,1991.27197265625,1992.694580078125,1981.9839153419607,ensemble
ETH,phase3_crypto,lstm,phase3_crypto_lstm,2026-03-28,2026-03-29,-0.005098999439741094,-0.004243746274732984,0.004624699350935224,1992.694580078125,1982.5596923828125,1984.2560081208437,ensemble
ETH,phase3_crypto,lstm,phase3_crypto_lstm,2026-03-29,2026-03-30,0.02044726139354914,-0.003986276596333482,0.004716767279304687,1982.5596923828125,2023.514892578125,1974.672392005046,ensemble
ETH,phase3_crypto,lstm,phase3_crypto_lstm,2026-03-30,2026-03-31,0.039340814763852025,-0.00396905752713792,0.004520644717320867,2023.514892578125,2104.708251953125,2015.499363133862,ensemble
ETH,phase3_crypto,lstm,phase3_crypto_lstm,2026-03-31,2026-04-01,0.016038636316827372,-0.0029018597560934722,0.003815424214956226,2104.708251953125,2138.737060546875,2098.609536866068,ensemble
ETH,phase3_crypto,lstm,phase3_crypto_lstm,2026-04-01,2026-04-02,-0.03903857547596571,-0.0016313752857968211,0.0029978627708185128,2138.737060546875,2056.8525390625,2135.2508222181914,ensemble
ETH,phase3_crypto,lstm,phase3_crypto_lstm,2026-04-02,2026-04-03,-0.0016871461717564678,-0.00042481443961150944,0.0022609194552190835,2056.8525390625,2053.38525390625,2055.9789439747965,ensemble
ETH,phase3_crypto,lstm,phase3_crypto_lstm,2026-04-03,2026-04-04,0.00581068555550107,0.00014005048687977252,0.0017187564372687025,2053.38525390625,2065.3515625,2053.672851649443,ensemble
ETH,phase3_crypto,lstm,phase3_crypto_lstm,2026-04-04,2026-04-05,0.020911357684258978,0.0004005642840638757,0.001535964722476001,2065.3515625,2108.99560546875,2066.1790342867307,ensemble
ETH,phase3_crypto,lstm,phase3_crypto_lstm,2026-04-05,2026-04-06,-0.0005853459761497797,0.0010988536610966547,0.0016953585787540216,2108.99560546875,2107.761474609375,2111.31435676191,ensemble
ETH,phase3_crypto,lstm,phase3_crypto_lstm,2026-04-06,2026-04-07,0.06165560497032879,0.001634397840825841,0.0019197028447747757,2107.761474609375,2241.806640625,2111.2092121323517,ensemble
ETH,phase3_crypto,lstm,phase3_crypto_lstm,2026-04-07,2026-04-08,-0.02322737152703056,0.0025188826373778285,0.00221639218177811,2241.806640625,2190.33544921875,2247.4606062969847,ensemble
ETH,phase3_crypto,lstm,phase3_crypto_lstm,2026-04-08,2026-04-09,-0.0005440857898826656,0.00345260261092335,0.002806681486313142,2190.33544921875,2189.14404296875,2197.9108770552675,ensemble
ETH,phase3_crypto,lstm,phase3_crypto_lstm,2026-04-09,2026-04-10,0.025261127435567108,0.003988907788880169,0.0031995879113454885,2189.14404296875,2245.148681640625,2197.8937760302133,ensemble
ETH,phase3_crypto,lstm,phase3_crypto_lstm,2026-04-10,2026-04-11,0.017765001038666954,0.004357404448091984,0.003354653646929225,2245.148681640625,2285.39013671875,2254.9530477740022,ensemble
ETH,phase3_crypto,lstm,phase3_crypto_lstm,2026-04-11,2026-04-12,-0.04163060757712065,0.004449698654934764,0.0028428151103421823,2285.39013671875,2192.201171875,2295.582092886366,ensemble
ETH,phase3_crypto,lstm,phase3_crypto_lstm,2026-04-12,2026-04-13,0.07828539113868566,0.004522676719352603,0.002443608671331103,2192.201171875,2370.71484375,2202.1382432215623,ensemble
ETH,phase3_crypto,lstm,phase3_crypto_lstm,2026-04-13,2026-04-14,-0.02019924377033633,0.004648090642876923,0.0022682252525277344,2370.71484375,2323.30859375,2381.759790303261,ensemble
ETH,phase3_crypto,lstm,phase3_crypto_lstm,2026-04-14,2026-04-15,0.015430748489014857,0.0046512788161635395,0.002335195510587618,2323.30859375,2359.43701171875,2334.140120493177,ensemble
ETH,phase3_crypto,lstm,phase3_crypto_lstm,2026-04-15,2026-04-16,-0.004584461790341291,0.0040929884184151884,0.0023886538253928887,2359.43701171875,2348.64501953125,2369.1139503711606,ensemble
ETH,phase3_crypto,lstm,phase3_crypto_lstm,2026-04-16,2026-04-17,0.03037175089257519,0.0038774660089984534,0.0030876700905125383,2348.64501953125,2421.07177734375,2357.7694892402574,ensemble
ETH,phase3_crypto,lstm,phase3_crypto_lstm,2026-04-17,2026-04-18,-0.029326772361462847,0.0037002867204137145,0.004251297508705859,2421.07177734375,2351.1005859375,2430.04703235824,ensemble
ETH,phase3_crypto,lstm,phase3_crypto_lstm,2026-04-18,2026-04-19,-0.0373454427406088,0.0033368309144861997,0.005053338730028259,2351.1005859375,2264.9169921875,2358.9589147214274,ensemble
ETH,phase3_crypto,lstm,phase3_crypto_lstm,2026-04-19,2026-04-20,0.021963323579239753,0.003152056273574999,0.005739328968039078,2264.9169921875,2315.21240234375,2272.0674013276303,ensemble
ETH,phase3_crypto,lstm,phase3_crypto_lstm,2026-04-20,2026-04-21,0.0054954065471357755,0.0029569026490207763,0.006005069825981401,2315.21240234375,2327.970458984375,2322.068391279895,ensemble
ETH,phase3_crypto,lstm,phase3_crypto_lstm,2026-04-21,2026-04-22,0.02045865422003999,0.002730237855575979,0.005647589627802075,2327.970458984375,2376.088134765625,2334.3350565371634,ensemble
ETH,phase3_crypto,lstm,phase3_crypto_lstm,2026-04-22,2026-04-23,-0.0189376886242059,0.0025319450069218874,0.005163932257971101,2376.088134765625,2331.513916015625,2382.111881934676,ensemble
ETH,phase3_crypto,lstm,phase3_crypto_lstm,2026-04-23,2026-04-24,-0.006810026535066284,0.0028987266588956116,0.00449149173724251,2331.513916015625,2315.690185546875,2338.282142439516,ensemble
ETH,phase3_crypto,lstm,phase3_crypto_lstm,2026-04-24,2026-04-25,0.001354581263398566,0.0033311928942566737,0.003753224774763659,2315.690185546875,2318.8291015625,2323.4170589458236,ensemble
ETH,phase3_crypto,lstm,phase3_crypto_lstm,2026-04-25,2026-04-26,0.02171324359272805,0.003879984685772797,0.0032076130288424894,2318.8291015625,2369.72900390625,2327.843599713979,ensemble
ETH,phase3_crypto,lstm,phase3_crypto_lstm,2026-04-26,2026-04-27,-0.02853520923910551,0.0041328776591399215,0.0031596358728255293,2369.72900390625,2303.06396484375,2379.543070163061,ensemble
ETH,phase3_crypto,lstm,phase3_crypto_lstm,2026-04-27,2026-04-28,-0.005942025412355139,0.004516367585165426,0.003117591866097125,2303.06396484375,2289.419677734375,2313.4889721432537,ensemble
ETH,phase3_crypto,lstm,phase3_crypto_lstm,2026-04-28,2026-04-29,-0.01585118391858995,0.004814786079805344,0.0030441109272228255,2289.419677734375,2253.415771484375,2300.4693232229884,ensemble
ETH,phase3_crypto,lstm,phase3_crypto_lstm,2026-04-29,2026-04-30,0.0012574984349416124,0.005238193122204393,0.0030421666639548735,2253.415771484375,2256.251220703125,2265.2505678937005,ensemble
ETH,phase3_crypto,lstm,phase3_crypto_lstm,2026-04-30,2026-05-01,0.017069008220622378,0.005593770474661142,0.0030325864577995026,2256.251220703125,2295.09375,2268.9075374287095,ensemble
ETH,phase3_crypto,lstm,phase3_crypto_lstm,2026-05-01,2026-05-02,0.00916800638403556,0.0056350209517404435,0.0029147161377164714,2295.09375,2316.23193359375,2308.063158493138,ensemble
ETH,phase3_crypto,lstm,phase3_crypto_lstm,2026-05-02,2026-05-03,0.0023302997915724253,0.005417384346947074,0.0027029053304196125,2316.23193359375,2321.6357421875,2328.8139021230404,ensemble
ETH,phase3_crypto,lstm,phase3_crypto_lstm,2026-05-03,2026-05-04,0.010608949945406291,0.0052743338281288745,0.002717645150420722,2321.6357421875,2346.39697265625,2333.913173292483,ensemble
ETH,phase3_crypto,lstm,phase3_crypto_lstm,2026-05-04,2026-05-05,0.00628165402969772,0.005423812638036906,0.0026948723748110043,2346.39697265625,2361.1826171875,2359.157965544359,ensemble
ETH,phase3_crypto,lstm,phase3_crypto_lstm,2026-05-05,2026-05-06,-0.004406055141063485,0.005707304924726486,0.0024334090105023656,2361.1826171875,2350.802001953125,2374.6971354206016,ensemble
ETH,phase3_crypto,lstm,phase3_crypto_lstm,2026-05-06,2026-05-07,-0.02572114978849261,0.005935218231752515,0.0022572629192077974,2350.802001953125,2291.107666015625,2364.7960125273607,ensemble
ETH,phase3_crypto,lstm,phase3_crypto_lstm,2026-05-07,2026-05-08,0.006900517380177334,0.005951537704095245,0.002291805692765426,2291.107666015625,2306.97216796875,2304.783936725769,ensemble
ETH,phase3_crypto,lstm,phase3_crypto_lstm,2026-05-08,2026-05-09,0.008526770803293412,0.0059014668222516775,0.002237174633386443,2306.97216796875,2326.727294921875,2320.6269396389725,ensemble
ETH,phase3_crypto,lstm,phase3_crypto_lstm,2026-05-09,2026-05-10,0.018023789401602215,0.0057696713600307705,0.002442689639955138,2326.727294921875,2369.0439453125,2340.190548684523,ensemble
ETH,phase3_crypto,lstm,phase3_crypto_lstm,2026-05-10,2026-05-11,-0.012608728464913158,0.005700283357873559,0.002677421046523051,2369.0439453125,2339.36083984375,2382.5867292703297,ensemble
ETH,phase3_crypto,lstm,phase3_crypto_lstm,2026-05-11,2026-05-12,-0.028054385823506677,0.005394919170066714,0.002938228366838138,2339.36083984375,2274.6435546875,2352.015607515448,ensemble
ETH,phase3_crypto,lstm,phase3_crypto_lstm,2026-05-12,2026-05-13,-0.007531505292275851,0.00507981120608747,0.003124709440743663,2274.6435546875,2257.576416015625,2286.227712262934,ensemble
ETH,phase3_crypto,lstm,phase3_crypto_lstm,2026-05-13,2026-05-14,0.01029350969888902,0.004713884729426354,0.0035118051693814076,2257.576416015625,2280.934814453125,2268.243492941615,ensemble
ETH,phase3_crypto,lstm,phase3_crypto_lstm,2026-05-14,2026-05-15,-0.025579807171991084,0.004591291557380828,0.0037251406382591465,2280.934814453125,2223.328857421875,2291.431329050251,ensemble
ETH,phase3_crypto,lstm,phase3_crypto_lstm,2026-05-15,2026-05-16,-0.019794470746775893,0.004652939023071667,0.0038285729251702305,2223.328857421875,2179.751953125,2233.6979757538816,ensemble
ETH,phase3_crypto,lstm,phase3_crypto_lstm,2026-05-16,2026-05-17,-0.024195229175847065,0.0046552161511499435,0.003965778085672193,2179.751953125,2127.645263671875,2189.922825058564,ensemble
ETH,phase3_crypto,lstm,phase3_crypto_lstm,2026-05-17,2026-05-18,0.0004092183281597835,0.004840819138553343,0.003933861921905716,2127.645263671875,2128.51611328125,2137.969778978311,ensemble
ETH,phase3_crypto,lstm,phase3_crypto_lstm,2026-05-18,2026-05-19,-0.00875425372369268,0.0048698814352974296,0.004306504665445204,2128.51611328125,2109.9638671875,2138.9070150802763,ensemble
ETH,phase3_crypto,lstm,phase3_crypto_lstm,2026-05-19,2026-05-20,0.008033908248005973,0.005010385636705905,0.004376240907676078,2109.9638671875,2126.9833984375,2120.5621283578744,ensemble
ETH,phase3_crypto,lstm,phase3_crypto_lstm,2026-05-20,2026-05-21,0.002079303908552925,0.005049382621655241,0.004588554206710005,2126.9833984375,2131.41064453125,2137.7505122079424,ensemble
ETH,phase3_crypto,lstm,phase3_crypto_lstm,2026-05-21,2026-05-22,-0.031829628880296966,0.005154039873741567,0.004648491980235098,2131.41064453125,2064.636962890625,2142.4243782109124,ensemble
ETH,phase3_crypto,lstm,phase3_crypto_lstm,2026-05-22,2026-05-23,0.024550147375465296,0.005265471691382117,0.004534422343169082,2064.636962890625,2115.951416015625,2075.5369219009,ensemble
ETH,phase3_crypto,lstm,phase3_crypto_lstm,2026-05-23,2026-05-24,-0.008522952674199372,0.005231186353921657,0.004560872440914783,2115.951416015625,2097.993896484375,2127.049354572816,ensemble
ETH,phase3_crypto,lstm,phase3_crypto_lstm,2026-05-24,2026-05-25,0.006355596261768782,0.005133430782007053,0.00430264256512074,2097.993896484375,2111.370361328125,2108.791493580089,ensemble
ETH,phase3_crypto,lstm,phase3_crypto_lstm,2026-05-25,2026-05-26,-0.019374108363781214,0.004802635294618085,0.00422719419640723,2111.370361328125,2070.858154296875,2121.534891874702,ensemble
ETH,phase3_crypto,lstm,phase3_crypto_lstm,2026-05-26,2026-05-27,-0.023777930243884346,0.004602941693156027,0.004082698516384474,2070.858154296875,2022.1982421875,2080.41216504465,ensemble
ETH,phase3_crypto,lstm,phase3_crypto_lstm,2026-05-27,2026-05-28,-0.0072687232435778805,0.004655884995008819,0.0037691947787656293,2022.1982421875,2007.552734375,2031.6353165592254,ensemble
ETH,phase3_crypto,lstm,phase3_crypto_lstm,2026-05-28,2026-05-29,0.00220213888797984,0.004893821509904228,0.0034868096733466246,2007.552734375,2011.978515625,2017.4014183235229,ensemble
ETH,phase3_crypto,lstm,phase3_crypto_lstm,2026-05-29,2026-05-30,0.0037107092790728668,0.005300916300620883,0.0032062083775194435,2011.978515625,2019.458251953125,2022.67216336008,ensemble
ETH,phase3_crypto,lstm,phase3_crypto_lstm,2026-05-30,2026-05-31,-0.007513679144432405,0.005747598095331341,0.003060591393748329,2019.458251953125,2004.341552734375,2031.0987066381688,ensemble
ETH,phase3_crypto,lstm,phase3_crypto_lstm,2026-05-31,2026-06-01,-0.0005591235515652776,0.005788066436070949,0.003205296418620542,2004.341552734375,2003.22119140625,2015.976454110842,ensemble
ETH,phase3_crypto,lstm,phase3_crypto_lstm,2026-06-01,2026-06-02,-0.07540853835127649,0.005827916046837345,0.0035261482843505685,2003.22119140625,1857.71630859375,2014.9298818253328,ensemble
ETH,phase3_crypto,lstm,phase3_crypto_lstm,2026-06-02,2026-06-03,-0.02506448300158351,0.005989998285076581,0.003891123866475929,1857.71630859375,1811.7322998046875,1868.877420244431,ensemble
ETH,phase3_crypto,lstm,phase3_crypto_lstm,2026-06-03,2026-06-04,-0.023540908919617697,0.006197308425907977,0.0041878462718925894,1811.7322998046875,1769.58056640625,1822.9950269015972,ensemble
ETH,phase3_crypto,lstm,phase3_crypto_lstm,2026-06-04,2026-06-05,-0.11277301635815795,0.00673637374129612,0.005133805228764354,1769.58056640625,1580.86083984375,1781.5413634359666,ensemble
ETH,phase3_crypto,lstm,phase3_crypto_lstm,2026-06-05,2026-06-06,-0.00767912718680117,0.007150900104170433,0.006311020920887848,1580.86083984375,1568.7677001953125,1592.2059332583176,ensemble
ETH,phase3_crypto,lstm,phase3_crypto_lstm,2026-06-06,2026-06-07,0.07230344307254986,0.0071353439940139655,0.00704777504430209,1568.7677001953125,1686.396240234375,1580.0014279769491,ensemble
ETH,phase3_crypto,lstm,phase3_crypto_lstm,2026-06-07,2026-06-08,0.002222580242866329,0.006891248980537057,0.00751154616712906,1686.396240234375,1690.1485595703125,1698.0577516452556,ensemble
ETH,phase3_crypto,lstm,phase3_crypto_lstm,2026-06-08,2026-06-09,-0.031519541921552284,0.006454284134088084,0.007403586289587147,1690.1485595703125,1637.7066650390625,1701.0925383852145,ensemble
ETH,phase3_crypto,lstm,phase3_crypto_lstm,2026-06-09,2026-06-10,-0.010785745482471555,0.005965132673736662,0.007301334823723843,1637.7066650390625,1620.1376953125,1647.5049976995022,ensemble
ETH,phase3_crypto,lstm,phase3_crypto_lstm,2026-06-10,2026-06-11,0.03167720451879468,0.005371135217137635,0.007083728972221944,1620.1376953125,1672.2806396484375,1628.8630855932922,ensemble
ETH,phase3_crypto,lstm,phase3_crypto_lstm,2026-06-11,2026-06-12,-0.004286465439468386,0.004745182394981384,0.0067901734959447315,1672.2806396484375,1665.1278076171875,1680.2347732815056,ensemble
ETH,phase3_crypto,lstm,phase3_crypto_lstm,2026-06-12,2026-06-13,0.009019641302053691,0.004274838580749929,0.006226493100337439,1665.1278076171875,1680.214599609375,1672.2611963907348,ensemble
ETH,phase3_crypto,lstm,phase3_crypto_lstm,2026-06-13,2026-06-14,0.02608131744744488,0.0038295075530186294,0.005798432139501422,1680.214599609375,1724.61328125,1686.6613301323775,ensemble
ETH,phase3_crypto,lstm,phase3_crypto_lstm,2026-06-14,2026-06-15,0.03998055531190125,0.0034671622328460217,0.005416036002960581,1724.61328125,1794.961181640625,1730.6031732481922,ensemble
ETH,phase3_crypto,lstm,phase3_crypto_lstm,2026-06-15,2026-06-16,-0.002545346375384009,0.0033454593271017075,0.005221015092757161,1794.961181640625,1790.398193359375,1800.9762071690966,ensemble
ETH,phase3_crypto,lstm,phase3_crypto_lstm,2026-06-16,2026-06-17,-0.024031278966082516,0.0033796830335631966,0.004766720432222004,1790.398193359375,1747.885498046875,1796.4594084803518,ensemble
ETH,phase3_crypto,lstm,phase3_crypto_lstm,2026-06-17,2026-06-18,-0.022186275106794908,0.003077466692775488,0.004539205164612963,1747.885498046875,1709.533447265625,1753.2728428851785,ensemble
ETH,phase3_crypto,lstm,phase3_crypto_lstm,2026-06-18,2026-06-19,0.0008472258287815989,0.0023005125834970387,0.0042000767052372484,1709.533447265625,1710.982421875,1713.4707776755652,ensemble
ETH,phase3_crypto,lstm,phase3_crypto_lstm,2026-06-19,2026-06-20,0.016415812264568657,0.0013560057617723943,0.0039660152895369255,1710.982421875,1739.3013916015625,1713.3040976444652,ensemble
ETH,phase3_crypto,lstm,phase3_crypto_lstm,2026-06-20,2026-06-21,-0.020164455160312907,-4.820918547920883e-05,0.0037627517829601016,1739.3013916015625,1704.58056640625,1739.2175433193156,ensemble
ETH,phase3_crypto,lstm,phase3_crypto_lstm,2026-06-21,2026-06-22,0.012783452112487081,-0.0011188437871169298,0.0039171535090275445,1704.58056640625,1726.5108642578125,1702.6744735388065,ensemble
ETH,phase3_crypto,lstm,phase3_crypto_lstm,2026-06-22,2026-06-23,-0.036015118575190234,-0.002363478677580133,0.0047719041283462845,1726.5108642578125,1665.436767578125,1722.4351110187401,ensemble
ETH,phase3_crypto,lstm,phase3_crypto_lstm,2026-06-23,2026-06-24,-0.027707605238555068,-0.004455110710114241,0.006514048975777862,1665.436767578125,1619.9249267578125,1658.0335656847906,ensemble
ETH,phase3_crypto,lstm,phase3_crypto_lstm,2026-06-24,2026-06-25,-0.03461114583410765,-0.006423643417656421,0.008161185470593782,1619.9249267578125,1564.816650390625,1609.5524568556987,ensemble
ETH,phase3_crypto,lstm,phase3_crypto_lstm,2026-06-25,2026-06-26,0.00751217354974333,-0.008014612179249526,0.009678558859960697,1564.816650390625,1576.6160888671875,1552.3253750335696,ensemble
ETH,phase3_crypto,lstm,phase3_crypto_lstm,2026-06-26,2026-06-27,-0.003194097811799365,-0.008782270969823003,0.00980063771758547,1576.6160888671875,1571.5882568359375,1562.8304424058886,ensemble
ETH,phase3_crypto,lstm,phase3_crypto_lstm,2026-06-27,2026-06-28,-0.0007810761173124416,-0.009251928748562932,0.009590171025139965,1571.5882568359375,1570.3612060546875,1557.115089856034,ensemble
ETH,phase3_crypto,lstm,phase3_crypto_lstm,2026-06-28,2026-06-29,0.025056343014794192,-0.009145154990255833,0.009119100169572727,1570.3612060546875,1610.205810546875,1556.0654773955505,ensemble
ETH,phase3_crypto,lstm,phase3_crypto_lstm,2026-06-29,2026-06-30,-0.025551475094469023,-0.008546562260016799,0.008200755362807595,1610.205810546875,1569.5838623046875,1596.5027268747308,ensemble
ETH,phase3_crypto,lstm,phase3_crypto_lstm,2026-06-30,2026-07-01,0.024777910106091337,-0.007058345060795545,0.006673009818415266,1569.5838623046875,1608.960693359375,1558.5442044929366,ensemble
ETH,phase3_crypto,lstm,phase3_crypto_lstm,2026-07-01,2026-07-02,0.053962428648177775,-0.005103067634627223,0.005117236079109766,1608.960693359375,1698.16943359375,1600.770972242663,ensemble
ETH,phase3_crypto,lstm,phase3_crypto_lstm,2026-07-02,2026-07-03,0.0337829584823897,-0.0021361734718084334,0.003018656426111902,1698.16943359375,1756.5186767578125,1694.5457209165047,ensemble
ETH,phase3_crypto,lstm,phase3_crypto_lstm,2026-07-03,2026-07-04,0.012736109597214896,0.0007442286936566233,0.0026777244085292155,1756.5186767578125,1779.032958984375,1757.8264149257734,ensemble
ETH,phase3_crypto,lstm,phase3_crypto_lstm,2026-07-04,2026-07-05,0.002230758380216772,0.0020855437498539684,0.002988406142322052,1779.032958984375,1783.0059814453125,1782.747081689253,ensemble
ETH,phase3_crypto,lstm,phase3_crypto_lstm,2026-07-05,2026-07-06,0.008137134529373787,0.0037159741477807984,0.0029918763721715866,1783.0059814453125,1797.57373046875,1789.6439111269483,ensemble
ETH,phase3_crypto,lstm,phase3_crypto_lstm,2026-07-06,2026-07-07,-0.016299610142193822,0.00441415753448382,0.003081094541422269,1797.57373046875,1768.511474609375,1805.5260425616382,ensemble
ETH,phase3_crypto,lstm,phase3_crypto_lstm,2026-07-07,2026-07-08,-0.014715429926392411,0.004720171261578798,0.0032473438299341416,1768.511474609375,1742.6776123046875,1776.8788839145707,ensemble
ETH,phase3_crypto,lstm,phase3_crypto_lstm,2026-07-08,2026-07-09,0.0010363767887721133,0.00460739747795742,0.003649816667477637,1742.6776123046875,1744.484619140625,1750.7253460581016,ensemble
ETH,phase3_crypto,lstm,phase3_crypto_lstm,2026-07-09,2026-07-10,0.028931987175530218,0.004405356245115399,0.0039012530217779977,1744.484619140625,1795.6932373046875,1752.1866479862945,ensemble
ETH,phase3_crypto,lstm,phase3_crypto_lstm,2026-07-10,2026-07-11,-0.004237766868141637,0.004133156361058354,0.0037291393902598204,1795.6932373046875,1788.099609375,1803.1304772813055,ensemble
ETH,phase3_crypto,lstm,phase3_crypto_lstm,2026-07-11,2026-07-12,0.00984372406415057,0.0033422366832382977,0.0036110728746982655,1788.099609375,1805.7880859375,1794.0858596428848,ensemble
ETH,phase3_crypto,lstm,phase3_crypto_lstm,2026-07-12,2026-07-13,-0.018041700992512517,0.0027431233111201436,0.0037489062994222615,1805.7880859375,1773.500732421875,1810.748385577357,ensemble
ETH,phase3_crypto,lstm,phase3_crypto_lstm,2026-07-13,2026-07-14,0.06334617578601259,0.0021215015673078596,0.003882751210466702,1773.500732421875,1889.4798583984373,1777.2672108876434,ensemble
ETH,phase3_crypto,lstm,phase3_crypto_lstm,2026-07-14,2026-07-15,0.014430524175558828,0.0015989880776032805,0.004285093469814145,1889.4798583984373,1916.9437255859373,1892.5035309288166,ensemble
ETH,phase3_crypto,lstm,phase3_crypto_lstm,2026-07-15,2026-07-16,-0.028440232689138405,0.0013869234651792794,0.004525629083678896,1916.9437255859373,1863.193359375,1919.6042243479933,ensemble
ETH,phase3_crypto,lstm,phase3_crypto_lstm,2026-07-16,2026-07-17,-0.011989404987594009,0.0013037007447564974,0.004703281074026296,1863.193359375,1840.9881591796875,1865.6239900084606,ensemble
ETH,phase3_crypto,lstm,phase3_crypto_lstm,2026-07-17,2026-07-18,0.011022172689536534,0.0018457841884810477,0.004278164730037668,1840.9881591796875,1861.39208984375,1844.3893639944808,ensemble
ETH,phase3_crypto,lstm,phase3_crypto_lstm,2026-07-18,2026-07-19,0.005420170979573819,0.002152970770839602,0.004182572377688763,1861.39208984375,1871.508544921875,1865.4039297436088,ensemble
ETH,phase3_crypto,lstm,phase3_crypto_lstm,2026-07-19,2026-07-20,0.01708549188125397,0.0022217894671484827,0.004422554156614978,1871.508544921875,1903.7589111328125,1875.6712655266713,ensemble
ETH,phase3_crypto,lstm,phase3_crypto_lstm,2026-07-20,2026-07-21,0.012851931047764876,0.002574525773525238,0.00454360981196181,1903.7589111328125,1928.3837890625,1908.666502165201,ensemble
ETH,phase3_crypto,lstm,phase3_crypto_lstm,2026-07-21,2026-07-22,0.0026444810723667356,0.0029610642232000828,0.004090062459132339,1928.3837890625,1933.4901123046875,1934.1023195986897,ensemble
ETH,phase3_crypto,lstm,phase3_crypto_lstm,2026-07-22,2026-07-23,-0.029598568421148785,0.003223334695212543,0.0034801861584475586,1933.4901123046875,1877.1002197265625,1939.7324532388188,ensemble
ETH,phase3_crypto,lstm,phase3_crypto_lstm,2026-07-23,2026-07-24,-0.009056635454748527,0.0031263206852599978,0.003138546322020587,1877.1002197265625,1860.1767578125,1882.9778198159229,ensemble
ETH,phase3_crypto,lstm,phase3_crypto_lstm,2026-07-24,2026-07-25,0.006988648574768904,0.003061192762106657,0.002720097395861248,1860.1767578125,1873.222412109375,1865.8798421063495,ensemble
ETH,phase3_crypto,lstm,phase3_crypto_lstm,2026-07-25,2026-07-26,0.041917042836694604,0.003059562377166003,0.002512120200843622,1873.222412109375,1953.4112548828125,1878.9624294183768,ensemble
ETH,phase3_crypto,lstm,phase3_crypto_lstm,2026-07-26,2026-07-27,-0.032675812699619874,0.002988858040771447,0.0023930907665713815,1953.4112548828125,1890.613525390625,1959.2584576955867,ensemble
ETH,phase3_crypto,lstm,phase3_crypto_lstm,2026-07-27,2026-07-28,0.015396962638548027,0.0030552128300769255,0.0024121047914750157,1890.613525390625,1919.948486328125,1896.3985848841407,ensemble
ETH,phase3_crypto,lstm,phase3_crypto_lstm,2026-07-28,2026-07-29,-0.005970784512141466,0.0032531398872379215,0.0023181647161301198,1919.948486328125,1908.51904296875,1926.2045176857587,ensemble
ETH,phase3_crypto,lstm,phase3_crypto_lstm,2026-07-29,2026-07-30,0.004628409644754907,0.0034756540670059623,0.002097432994015136,1908.51904296875,1917.3729248046875,1915.1639359277358,ensemble
ETH,phase3_crypto,lstm,phase3_crypto_lstm,2026-07-30,2026-07-31,-0.03019351719084729,0.003541489550843835,0.001960740944075143,1917.3729248046875,1860.345947265625,1924.1753191775317,ensemble
ETH,phase3_crypto,lstm,phase3_crypto_lstm,2026-07-31,2026-08-01,-0.009141155880177469,0.0036757483612746,0.0018548261994765583,1860.345947265625,1843.417724609375,1867.1966939296622,ensemble
ETH,phase3_crypto,lstm,phase3_crypto_lstm,2026-08-01,2026-08-02,0.020991044981634618,0.0037177562015131118,0.001821120255928274,1843.417724609375,1882.52197265625,1850.2838576829542,ensemble
ETH,phase3_crypto,lstm,phase3_crypto_lstm,2026-08-02,2026-08-03,-0.012973686445006478,0.0037204841384664176,0.0018751132181979361,1882.52197265625,1858.2564697265625,1889.538910905523,ensemble
ETH,phase3_crypto,lstm,phase3_crypto_lstm,2026-08-03,2026-08-04,0.005436217682913836,0.003792599099688232,0.002001866336886792,1858.2564697265625,1868.3858642578125,1865.3174728540153,ensemble
ETH,phase3_crypto,lstm,phase3_crypto_lstm,2026-08-04,2026-08-05,0.02020785436698823,0.003911809367127717,0.0022439221823632215,1868.3858642578125,1906.5260009765625,1875.7089474975285,ensemble
ETH,phase3_crypto,lstm,phase3_crypto_lstm,2026-08-05,2026-08-06,-0.002346545855886157,0.004037608532235027,0.0025456305826376826,1906.5260009765625,1902.0574951171875,1914.239367924346,ensemble
ETH,phase3_crypto,lstm,phase3_crypto_lstm,2026-08-06,2026-08-07,0.005882550580216205,0.004263743723277003,0.002945896372881183,1902.0574951171875,1913.2794189453125,1910.1846946589503,ensemble
ETH,phase3_crypto,lstm,phase3_crypto_lstm,2026-08-07,2026-08-08,0.001177148461113393,0.004434638627571985,0.0032783140780073255,1913.2794189453125,1915.532958984375,1921.7829628982474,ensemble
ETH,phase3_crypto,lstm,phase3_crypto_lstm,2026-08-08,2026-08-09,-0.0035825526559130822,0.00448428924428299,0.003181184123862022,1915.532958984375,1908.6827392578125,1924.1420512327304,ensemble
ETH,phase3_crypto,lstm,phase3_crypto_lstm,2026-08-09,2026-08-10,-0.019791352046331357,0.004511993809137494,0.0029930081398887474,1908.6827392578125,1871.2786865234373,1917.3141617801768,ensemble
ETH,phase3_crypto,lstm,phase3_crypto_lstm,2026-08-10,2026-08-11,0.005380127113694831,0.004549601045437157,0.0028103659980806533,1871.2786865234373,1881.37353515625,1879.8116540724293,ensemble
ETH,phase3_crypto,lstm,phase3_crypto_lstm,2026-08-11,2026-08-12,-0.0017228455012013328,0.0048527806531637905,0.0025679095846960175,1881.37353515625,1878.135009765625,1890.5256168108688,ensemble
ETH,phase3_crypto,lstm,phase3_crypto_lstm,2026-08-12,2026-08-13,0.0031133074431306308,0.005057950550690293,0.0026512294374285254,1878.135009765625,1883.9913330078125,1887.6585883639884,ensemble
ETH,phase3_crypto,lstm,phase3_crypto_lstm,2026-08-13,2026-08-14,-0.001775101080760423,0.0054993248544633385,0.002674397028380999,1883.9913330078125,1880.6500244140625,1894.3805540386807,ensemble
ETH,phase3_crypto,lstm,phase3_crypto_lstm,2026-08-14,2026-08-15,0.00013733711278611884,0.005660887667909264,0.002667300474985373,1880.6500244140625,1880.9083251953125,1891.3263632114042,ensemble
ETH,phase3_crypto,lstm,phase3_crypto_lstm,2026-08-15,2026-08-16,-0.003710048377518096,0.005883939610794186,0.0026937893467396884,1880.9083251953125,1873.9429931640625,1892.0080993711542,ensemble
ETH,phase3_crypto,lstm,phase3_crypto_lstm,2026-08-16,2026-08-17,0.020210771727059512,0.0058770478703081604,0.0028123139658569217,1873.9429931640625,1912.2021484375,1884.9886720400298,ensemble
ETH,phase3_crypto,lstm,phase3_crypto_lstm,2026-08-17,2026-08-18,0.0022239875598747453,0.005958373658359051,0.0027914478199662475,1912.2021484375,1916.4595947265625,1923.6297745726602,ensemble
ETH,phase3_crypto,lstm,phase3_crypto_lstm,2026-08-18,2026-08-19,0.16109848705425042,0.006195506593212485,0.0027575268658050086,1916.4595947265625,2251.4580078125,1928.369889839928,ensemble
ETH,phase3_crypto,lstm,phase3_crypto_lstm,2026-08-19,2026-08-20,0.032737450034477825,0.0066203124355524775,0.0028708386373770835,2251.4580078125,2326.384765625,2266.4128113751876,ensemble
ETH,phase3_crypto,lstm,phase3_crypto_lstm,2026-08-20,2026-08-21,0.07806936059159927,0.006874231714755296,0.002994692053036776,2326.384765625,2515.28173828125,2342.431966457458,ensemble
ETH,phase3_crypto,lstm,phase3_crypto_lstm,2026-08-21,2026-08-22,-0.036862118710177375,0.006637546932324767,0.003063556209446053,2515.28173828125,2424.251220703125,2532.032569582292,ensemble
ETH,phase3_crypto,lstm,phase3_crypto_lstm,2026-08-22,2026-08-23,0.01618863252300956,0.005775884119793772,0.0028211084121758383,2424.251220703125,2463.81591796875,2438.293930323231,ensemble
ETH,phase3_crypto,lstm,phase3_crypto_lstm,2026-08-23,2026-08-24,0.007285380356811502,0.00457864529453218,0.00265299809374526,2463.81591796875,2481.831298828125,2475.1227222983975,ensemble
ETH,phase3_crypto,lstm,phase3_crypto_lstm,2026-08-24,2026-08-25,-0.01570466707427711,0.003491473710164428,0.002682977039278134,2481.831298828125,2443.159423828125,2490.5116924259546,ensemble
ETH,phase3_crypto,lstm,phase3_crypto_lstm,2026-08-25,2026-08-26,0.02549994808905242,0.0023865967872552575,0.0030946319012632255,2443.159423828125,2506.260986328125,2448.9972237260936,ensemble
ETH,phase3_crypto,lstm,phase3_crypto_lstm,2026-08-26,2026-08-27,0.0016541530230063984,0.0013754845247603952,0.003682578955874179,2506.260986328125,2510.41015625,2509.710681487093,ensemble
ETH,phase3_crypto,lstm,phase3_crypto_lstm,2026-08-27,2026-08-28,-0.02740935041425752,0.0005045452184276655,0.004245990956272148,2510.41015625,2442.535888671875,2511.6770912767565,ensemble
ETH,phase3_crypto,lstm,phase3_crypto_lstm,2026-08-28,2026-08-29,0.006183572246544925,0.0002495143213309348,0.004565148633935877,2442.535888671875,2457.686279296875,2443.14541239575,ensemble
ETH,phase3_crypto,lstm,phase3_crypto_lstm,2026-08-29,2026-08-30,-0.016304961587388887,-6.511581595987081e-05,0.004841133427886396,2457.686279296875,2417.938720703125,2457.5262502596925,ensemble
ETH,phase3_crypto,lstm,phase3_crypto_lstm,2026-08-30,2026-08-31,0.020014589550137154,0.00022680104248138378,0.004808956023670342,2417.938720703125,2466.8203125,2418.4871739181663,ensemble
ETH,phase3_crypto,xgb,phase3_crypto_xgb,2025-10-31,2025-11-01,0.007021586687225155,0.005032001598738134,0.0023623403466753574,3847.080322265625,3874.18798828125,3866.4876244344373,ensemble
ETH,phase3_crypto,xgb,phase3_crypto_xgb,2025-11-01,2025-11-02,0.009473174047530416,0.0020715380320325493,0.0029929239446571873,3874.18798828125,3911.063232421875,3882.2218343781346,ensemble
ETH,phase3_crypto,xgb,phase3_crypto_xgb,2025-11-02,2025-11-03,-0.08223448305523949,-0.014471066184341908,0.003826620847592657,3911.063232421875,3602.30810546875,3854.8735206156634,ensemble
ETH,phase3_crypto,xgb,phase3_crypto_xgb,2025-11-03,2025-11-04,-0.08990501013567212,-0.00012212441070005297,0.006649719666829445,3602.30810546875,3292.574462890625,3601.868202576197,ensemble
ETH,phase3_crypto,xgb,phase3_crypto_xgb,2025-11-04,2025-11-05,0.039481668810072805,-0.002802861644886434,0.00755673001407283,3292.574462890625,3425.171142578125,3283.35875342819,ensemble
ETH,phase3_crypto,xgb,phase3_crypto_xgb,2025-11-05,2025-11-06,-0.03352136366985419,0.0007156148552894592,0.008826275702417126,3425.171142578125,3312.2578125,3427.6231231618885,ensemble
ETH,phase3_crypto,xgb,phase3_crypto_xgb,2025-11-06,2025-11-07,0.03647448115981518,0.013121900148689747,0.002749853954503711,3312.2578125,3435.301025390625,3356.007339498215,ensemble
ETH,phase3_crypto,xgb,phase3_crypto_xgb,2025-11-07,2025-11-08,-0.010218549741346181,0.002611239207908511,0.0014849900212158353,3435.301025390625,3400.3759765625,3444.283140240562,ensemble
ETH,phase3_crypto,xgb,phase3_crypto_xgb,2025-11-08,2025-11-09,0.05220874290983875,0.0030260374303907158,0.007788616523169842,3400.3759765625,3582.621337890625,3410.6812257161346,ensemble
ETH,phase3_crypto,xgb,phase3_crypto_xgb,2025-11-09,2025-11-10,-0.003960630532174714,-0.007191405666526407,0.005368566436804343,3582.621337890625,3568.4599609375,3556.9496728160416,ensemble
ETH,phase3_crypto,xgb,phase3_crypto_xgb,2025-11-10,2025-11-11,-0.04387398640993172,-0.0038492133491672574,0.0035222326794540934,3568.4599609375,3415.2822265625,3554.7505992758433,ensemble
ETH,phase3_crypto,xgb,phase3_crypto_xgb,2025-11-11,2025-11-12,-0.0006408517068140884,-0.008216648222878575,0.0058252578043746315,3415.2822265625,3413.09423828125,3387.3350273113297,ensemble
ETH,phase3_crypto,xgb,phase3_crypto_xgb,2025-11-12,2025-11-13,-0.054283922809847215,-0.0021723418030887842,0.004023226233301721,3413.09423828125,3232.757080078125,3405.687878474652,ensemble
ETH,phase3_crypto,xgb,phase3_crypto_xgb,2025-11-13,2025-11-14,-0.04071281618360177,0.008186005428433419,0.0038973007137717798,3232.757080078125,3103.78564453125,3259.3290578780047,ensemble
ETH,phase3_crypto,xgb,phase3_crypto_xgb,2025-11-14,2025-11-15,0.020045814386644864,0.011924111749976873,0.004991982247455217,3103.78564453125,3166.63134765625,3141.0170660771505,ensemble
ETH,phase3_crypto,xgb,phase3_crypto_xgb,2025-11-15,2025-11-16,-0.023576197316441422,-0.0038543606613529848,0.0035778383874409767,3166.63134765625,3092.847412109375,3154.4495000591382,ensemble
ETH,phase3_crypto,xgb,phase3_crypto_xgb,2025-11-16,2025-11-17,-0.022333536068642135,0.003868319495813921,0.0027759760582021335,3092.847412109375,3024.538818359375,3104.834704441485,ensemble
ETH,phase3_crypto,xgb,phase3_crypto_xgb,2025-11-17,2025-11-18,0.032028732106195945,0.014731601998209953,0.0036905880918429402,3024.538818359375,3122.97900390625,3069.4249308691797,ensemble
ETH,phase3_crypto,xgb,phase3_crypto_xgb,2025-11-18,2025-11-19,-0.03251421900082368,-0.004358373407740146,0.003989143167667981,3122.97900390625,3023.07080078125,3109.3975133651347,ensemble
ETH,phase3_crypto,xgb,phase3_crypto_xgb,2025-11-19,2025-11-20,-0.06536849882670856,0.0020142506109550595,0.002327323423521592,3023.07080078125,2831.777587890625,3029.166159718072,ensemble
ETH,phase3_crypto,xgb,phase3_crypto_xgb,2025-11-20,2025-11-21,-0.02361115238578957,0.0039054000517353415,0.003679609630062854,2831.777587890625,2765.69921875,2842.8584357168206,ensemble
ETH,phase3_crypto,xgb,phase3_crypto_xgb,2025-11-21,2025-11-22,0.0006897153274086759,0.01227559894323349,0.0017622855971768433,2765.69921875,2767.607421875,2799.859070514903,ensemble
ETH,phase3_crypto,xgb,phase3_crypto_xgb,2025-11-22,2025-11-23,0.012234618260287876,0.007190728140994906,0.00438669932511517,2767.607421875,2801.676025390625,2787.580258003607,ensemble
ETH,phase3_crypto,xgb,phase3_crypto_xgb,2025-11-23,2025-11-24,0.05250671846439223,-0.007388125918805599,0.0011106423577716216,2801.676025390625,2952.71337890625,2781.0531660791626,ensemble
ETH,phase3_crypto,xgb,phase3_crypto_xgb,2025-11-24,2025-11-25,0.0017672851723719149,-0.0009446635434869677,0.004334272556879799,2952.71337890625,2957.936279296875,2949.9253752928494,ensemble
ETH,phase3_crypto,xgb,phase3_crypto_xgb,2025-11-25,2025-11-26,0.023348428095094007,-0.00463142195949331,0.00583194597088318,2957.936279296875,3027.81201171875,2944.268503308303,ensemble
ETH,phase3_crypto,xgb,phase3_crypto_xgb,2025-11-26,2025-11-27,-0.004392260426713515,-0.006582357082515955,0.0064924664065947055,3027.81201171875,3014.542236328125,3007.947321843701,ensemble
ETH,phase3_crypto,xgb,phase3_crypto_xgb,2025-11-27,2025-11-28,0.005874882913213043,-0.0038001594599336385,0.0022599510270127476,3014.542236328125,3032.304443359375,3003.1082344067236,ensemble
ETH,phase3_crypto,xgb,phase3_crypto_xgb,2025-11-28,2025-11-29,-0.013485997805236051,0.0039006944978609683,0.001520805921526915,3032.304443359375,2991.685302734375,3044.1556355307416,ensemble
ETH,phase3_crypto,xgb,phase3_crypto_xgb,2025-11-29,2025-11-30,0.00014280097860070945,0.0026246545370668174,0.002431712183255055,2991.685302734375,2992.112548828125,2999.5477567368785,ensemble
ETH,phase3_crypto,xgb,phase3_crypto_xgb,2025-11-30,2025-12-01,-0.0662927736435053,-0.007010074518620968,0.003010328790485747,2992.112548828125,2800.18896484375,2971.210963322631,ensemble
ETH,phase3_crypto,xgb,phase3_crypto_xgb,2025-12-01,2025-12-02,0.06823838280892502,0.007767315302044153,0.002156522108334936,2800.18896484375,2997.939697265625,2822.0236039264296,ensemble
ETH,phase3_crypto,xgb,phase3_crypto_xgb,2025-12-02,2025-12-03,0.06258823046337834,0.00048819027142599225,0.0058122666518225395,2997.939697265625,3191.57177734375,2999.4036195673903,ensemble
ETH,phase3_crypto,xgb,phase3_crypto_xgb,2025-12-03,2025-12-04,-0.01810241754529839,0.012926278516010825,0.01167939250521208,3191.57177734375,3134.31640625,3233.0947133935347,ensemble
ETH,phase3_crypto,xgb,phase3_crypto_xgb,2025-12-04,2025-12-05,-0.03568750802814642,-0.016168672405183316,0.0019458142920491628,3134.31640625,3024.432861328125,3084.0461677297076,ensemble
ETH,phase3_crypto,xgb,phase3_crypto_xgb,2025-12-05,2025-12-06,0.005202266348911221,0.004480571718886495,0.004836572291157995,3024.432861328125,3040.207763671875,3038.0144535999216,ensemble
ETH,phase3_crypto,xgb,phase3_crypto_xgb,2025-12-06,2025-12-07,0.006914380156550823,-0.013645481877028942,0.0017030396255403534,3040.207763671875,3061.3017578125,2999.0044227846543,ensemble
ETH,phase3_crypto,xgb,phase3_crypto_xgb,2025-12-07,2025-12-08,0.020657404003744346,-0.007444341946393251,0.00450861040928969,3061.3017578125,3125.197998046875,3038.5969965841505,ensemble
ETH,phase3_crypto,xgb,phase3_crypto_xgb,2025-12-08,2025-12-09,0.06080292642241868,0.0015971525077475234,0.0018307116096669522,3125.197998046875,3321.114990234375,3130.193404017353,ensemble
ETH,phase3_crypto,xgb,phase3_crypto_xgb,2025-12-09,2025-12-10,0.001286434597521452,-0.006663277689949609,0.00767272811538729,3321.114990234375,3325.39013671875,3299.0590428707906,ensemble
ETH,phase3_crypto,xgb,phase3_crypto_xgb,2025-12-10,2025-12-11,-0.02692245348848621,-0.0019217539844248676,0.003470739200458896,3325.39013671875,3237.056884765625,3319.005691605048,ensemble
ETH,phase3_crypto,xgb,phase3_crypto_xgb,2025-12-11,2025-12-12,-0.048381125268667786,-0.01334019862115383,0.005351913445281069,3237.056884765625,3084.172607421875,3194.160661198443,ensemble
ETH,phase3_crypto,xgb,phase3_crypto_xgb,2025-12-12,2025-12-13,0.010489822947687412,-0.011230563558638097,0.0030038638225093426,3084.172607421875,3116.6953125,3049.7293813616275,ensemble
ETH,phase3_crypto,xgb,phase3_crypto_xgb,2025-12-13,2025-12-14,-0.01816399360114702,0.0026012871880084277,0.0025766914863103686,3116.6953125,3060.5947265625,3124.813286098035,ensemble
ETH,phase3_crypto,xgb,phase3_crypto_xgb,2025-12-14,2025-12-15,-0.03200777016588088,-0.00026998831890523434,0.00797027312574037,3060.5947265625,2964.18310546875,3059.768513276412,ensemble
ETH,phase3_crypto,xgb,phase3_crypto_xgb,2025-12-15,2025-12-16,-7.412721688312701e-07,-0.0028872941998997702,0.003892514012237684,2964.18310546875,2964.180908203125,2955.636980306736,ensemble
ETH,phase3_crypto,xgb,phase3_crypto_xgb,2025-12-16,2025-12-17,-0.045828192848759323,0.0075878739356994625,0.0033109137697518547,2964.180908203125,2831.403564453125,2986.7582880875116,ensemble
ETH,phase3_crypto,xgb,phase3_crypto_xgb,2025-12-17,2025-12-18,-0.0015320294953636582,-0.016310510225594044,0.0021488356862243646,2831.403564453125,2827.069091796875,2785.5965113763014,ensemble
ETH,phase3_crypto,xgb,phase3_crypto_xgb,2025-12-18,2025-12-19,0.05200157806139122,-0.01427690889686346,0.0018845541607595336,2827.069091796875,2977.970703125,2786.994038576374,ensemble
ETH,phase3_crypto,xgb,phase3_crypto_xgb,2025-12-19,2025-12-20,-0.0001303602133292682,-0.008743180148303508,0.0041019547829426704,2977.970703125,2977.58251953125,2952.0472605942928,ensemble
ETH,phase3_crypto,xgb,phase3_crypto_xgb,2025-12-20,2025-12-21,0.008038330984924418,-0.004593014577403664,0.0020317611093965864,2977.58251953125,3001.61376953125,2963.937798801393,ensemble
ETH,phase3_crypto,xgb,phase3_crypto_xgb,2025-12-21,2025-12-22,0.0014847515809792915,0.009137153439223767,0.00397815892009731,3001.61376953125,3006.07373046875,3029.1656563309452,ensemble
ETH,phase3_crypto,xgb,phase3_crypto_xgb,2025-12-22,2025-12-23,-0.014306326840175283,-0.004982757801190019,0.002037086035432252,3006.07373046875,2963.3740234375,2991.13244844543,ensemble
ETH,phase3_crypto,xgb,phase3_crypto_xgb,2025-12-23,2025-12-24,-0.0060191597554604985,-0.011286087054759263,0.0042494435308443185,2963.3740234375,2945.590576171875,2930.1171492311255,ensemble
ETH,phase3_crypto,xgb,phase3_crypto_xgb,2025-12-24,2025-12-25,-0.014365015056822026,-0.008173390850424766,0.003228366974036918,2945.590576171875,2903.57958984375,2921.613234681618,ensemble
ETH,phase3_crypto,xgb,phase3_crypto_xgb,2025-12-25,2025-12-26,0.007605038907991378,-0.0062208797931816665,0.0038239695103709673,2903.57958984375,2925.74560546875,2885.572837237867,ensemble
ETH,phase3_crypto,xgb,phase3_crypto_xgb,2025-12-26,2025-12-27,0.0075770385642638756,0.006391325173899532,0.004703071503720523,2925.74560546875,2947.998291015625,2944.5048814677225,ensemble
ETH,phase3_crypto,xgb,phase3_crypto_xgb,2025-12-27,2025-12-28,0.00019327323098403297,0.00802307710982859,0.005004963176690931,2947.998291015625,2948.568115234375,2971.745443860205,ensemble
ETH,phase3_crypto,xgb,phase3_crypto_xgb,2025-12-28,2025-12-29,-0.00476952504017534,0.002121146535500884,0.002533881628108925,2948.568115234375,2934.538330078125,2954.82909816033,ensemble
ETH,phase3_crypto,xgb,phase3_crypto_xgb,2025-12-29,2025-12-30,0.012488715813386491,0.0020387289463542403,0.0035884040063381374,2934.538330078125,2971.416748046875,2940.527161043023,ensemble
ETH,phase3_crypto,xgb,phase3_crypto_xgb,2025-12-30,2025-12-31,-0.0014748454494985343,0.01822758335620165,0.002376957475766522,2971.416748046875,2967.03759765625,3026.075126258639,ensemble
ETH,phase3_crypto,xgb,phase3_crypto_xgb,2025-12-31,2026-01-01,0.01117969589667102,-0.016794715821743012,0.0011556420572289131,2967.03759765625,3000.394287109375,2917.623156609806,ensemble
ETH,phase3_crypto,xgb,phase3_crypto_xgb,2026-01-01,2026-01-02,0.04050579142356504,-0.00709711576346308,0.004126273548148257,3000.394287109375,3124.422607421875,2979.175526581634,ensemble
ETH,phase3_crypto,xgb,phase3_crypto_xgb,2026-01-02,2026-01-03,0.0004783333560596635,-0.006995913712307811,0.0025822484288303307,3124.422607421875,3125.91748046875,3102.640697479705,ensemble
ETH,phase3_crypto,xgb,phase3_crypto_xgb,2026-01-03,2026-01-04,0.004721198192569982,0.008706680126488208,0.0026035825412905563,3125.91748046875,3140.71044921875,3153.2526707706975,ensemble
ETH,phase3_crypto,xgb,phase3_crypto_xgb,2026-01-04,2026-01-05,0.02683435946003148,0.008954133372753859,0.001840200701830836,3140.71044921875,3226.13037109375,3168.959071693476,ensemble
ETH,phase3_crypto,xgb,phase3_crypto_xgb,2026-01-05,2026-01-06,0.021410072765534124,0.0010297434171661734,0.002279570762939836,3226.13037109375,3295.94677734375,3229.4541686419216,ensemble
ETH,phase3_crypto,xgb,phase3_crypto_xgb,2026-01-06,2026-01-07,-0.039957957746070624,0.006848795869154855,0.004647809577444985,3295.94677734375,3166.843994140625,3318.5975206380094,ensemble
ETH,phase3_crypto,xgb,phase3_crypto_xgb,2026-01-07,2026-01-08,-0.01992066167813984,-0.005554183665663004,0.004561600617824755,3166.843994140625,3104.382568359375,3149.303517563007,ensemble
ETH,phase3_crypto,xgb,phase3_crypto_xgb,2026-01-08,2026-01-09,-0.006896412519137501,0.00634210454300046,0.0032336723962026167,3104.382568359375,3083.047119140625,3124.1334520318082,ensemble
ETH,phase3_crypto,xgb,phase3_crypto_xgb,2026-01-09,2026-01-10,-0.00021121695136130524,0.00831788582727313,0.00216363772769073,3083.047119140625,3082.39599609375,3108.7985031416865,ensemble
ETH,phase3_crypto,xgb,phase3_crypto_xgb,2026-01-10,2026-01-11,0.011768432191719677,-0.0010778337695228402,0.0023302818350852167,3082.39599609375,3118.88525390625,3079.075475404245,ensemble
ETH,phase3_crypto,xgb,phase3_crypto_xgb,2026-01-11,2026-01-12,-0.008552349240195838,0.010342741291970015,0.004205020249075647,3118.88525390625,3092.3251953125,3151.310470972989,ensemble
ETH,phase3_crypto,xgb,phase3_crypto_xgb,2026-01-12,2026-01-13,0.07167244785080332,-0.005568275647237897,0.0032029868528949804,3092.3251953125,3322.095458984375,3075.154127220964,ensemble
ETH,phase3_crypto,xgb,phase3_crypto_xgb,2026-01-13,2026-01-14,0.009773355035415114,0.02065175399184227,0.0029042666711386047,3322.095458984375,3354.72265625,3391.4158876435326,ensemble
ETH,phase3_crypto,xgb,phase3_crypto_xgb,2026-01-14,2026-01-15,-0.01127779653171091,0.0036019077175296842,0.00342654726404794,3354.72265625,3317.101318359375,3366.827845475504,ensemble
ETH,phase3_crypto,xgb,phase3_crypto_xgb,2026-01-15,2026-01-16,-0.006538811242779367,0.0017077978671295568,0.002249742546601517,3317.101318359375,3295.482177734375,3322.7710969557916,ensemble
ETH,phase3_crypto,xgb,phase3_crypto_xgb,2026-01-16,2026-01-17,0.004052512545503773,0.0015862955944612623,0.0022765517377455486,3295.482177734375,3308.8642578125,3300.713935054264,ensemble
ETH,phase3_crypto,xgb,phase3_crypto_xgb,2026-01-17,2026-01-18,-0.008408684018054191,0.006929661892354488,0.004426636998034404,3308.8642578125,3281.15771484375,3331.873198381713,ensemble
ETH,phase3_crypto,xgb,phase3_crypto_xgb,2026-01-18,2026-01-19,-0.029235184793820444,0.011332781240344047,0.004081908917018077,3281.15771484375,3186.62109375,3318.5538583606103,ensemble
ETH,phase3_crypto,xgb,phase3_crypto_xgb,2026-01-19,2026-01-20,-0.08204732940901807,0.0010499250143766402,0.002083211655729519,3186.62109375,2935.605712890625,3189.968563936505,ensemble
ETH,phase3_crypto,xgb,phase3_crypto_xgb,2026-01-20,2026-01-21,0.014640674097217414,-0.007699935743585229,0.0031351927154491767,2935.605712890625,2978.901123046875,2913.088539179851,ensemble
ETH,phase3_crypto,xgb,phase3_crypto_xgb,2026-01-21,2026-01-22,-0.009873624051331843,-0.007976071070879697,0.0012380093244623333,2978.901123046875,2949.63330078125,2955.2356999859926,ensemble
ETH,phase3_crypto,xgb,phase3_crypto_xgb,2026-01-22,2026-01-23,0.0012275504187740749,-0.0039981851587072015,0.004382407344953546,2949.63330078125,2953.25634765625,2937.8636649646674,ensemble
ETH,phase3_crypto,xgb,phase3_crypto_xgb,2026-01-23,2026-01-24,-0.0015302026847261398,-0.0026268995832651855,0.003271283995087594,2953.25634765625,2948.74072265625,2945.508620493275,ensemble
ETH,phase3_crypto,xgb,phase3_crypto_xgb,2026-01-24,2026-01-25,-0.046095446910964524,0.001930706447456032,0.0012948728137865512,2948.74072265625,2815.90234375,2954.4393748233947,ensemble
ETH,phase3_crypto,xgb,phase3_crypto_xgb,2026-01-25,2026-01-26,0.0385097283715548,0.025308861583471298,0.0025145883790191528,2815.90234375,2926.45703125,2888.079129919647,ensemble
ETH,phase3_crypto,xgb,phase3_crypto_xgb,2026-01-26,2026-01-27,0.03219617504335294,-0.0019675894640386105,0.00474007580768584,2926.45703125,3022.2109375,2920.7046262698923,ensemble
ETH,phase3_crypto,xgb,phase3_crypto_xgb,2026-01-27,2026-01-28,-0.005176321307197195,-0.0019413075409829617,0.0033380622046774696,3022.2109375,3006.607421875,3016.3495877985715,ensemble
ETH,phase3_crypto,xgb,phase3_crypto_xgb,2026-01-28,2026-01-29,-0.06470236643237812,-0.008093637228012086,0.0032387130698524657,3006.607421875,2818.232666015625,2982.371243834779,ensemble
ETH,phase3_crypto,xgb,phase3_crypto_xgb,2026-01-29,2026-01-30,-0.04197886796827195,-0.006288867210969329,0.003098672321280877,2818.232666015625,2702.375244140625,2800.5647887067053,ensemble
ETH,phase3_crypto,xgb,phase3_crypto_xgb,2026-01-30,2026-01-31,-0.10004843937927187,0.0031395690399222075,0.0025041613293736984,2702.375244140625,2445.091796875,2710.872870253294,ensemble
ETH,phase3_crypto,xgb,phase3_crypto_xgb,2026-01-31,2026-02-01,-0.07519978220290023,0.021135631203651428,0.003567277212773078,2445.091796875,2267.96484375,2497.3203528430445,ensemble
ETH,phase3_crypto,xgb,phase3_crypto_xgb,2026-02-01,2026-02-02,0.03312814665299069,0.027762096747756003,0.0032976381523155025,2267.96484375,2344.356689453125,2331.810446450097,ensemble
ETH,phase3_crypto,xgb,phase3_crypto_xgb,2026-02-02,2026-02-03,-0.05110473707553693,-0.017524604499340058,0.005900378814596551,2344.356689453125,2227.558837890625,2303.6306617110936,ensemble
ETH,phase3_crypto,xgb,phase3_crypto_xgb,2026-02-03,2026-02-04,-0.03846435100865618,0.010437489487230778,0.005400247945412094,2227.558837890625,2143.504150390625,2250.9307195481865,ensemble
ETH,phase3_crypto,xgb,phase3_crypto_xgb,2026-02-04,2026-02-05,-0.16268108635736284,-0.008523624017834663,0.003663086928809137,2143.504150390625,1821.68310546875,2125.3113712817767,ensemble
ETH,phase3_crypto,xgb,phase3_crypto_xgb,2026-02-05,2026-02-06,0.12458793243377704,0.010728164855390788,0.00539993724133839,1821.68310546875,2063.386962890625,1841.331629992499,ensemble
ETH,phase3_crypto,xgb,phase3_crypto_xgb,2026-02-06,2026-02-07,0.013078072860626821,0.004407565202564001,0.007996081573913608,2063.386962890625,2090.54931640625,2072.501547274702,ensemble
ETH,phase3_crypto,xgb,phase3_crypto_xgb,2026-02-07,2026-02-08,-0.00085486651992098,0.00744619459437672,0.005293304111807142,2090.54931640625,2088.762939453125,2106.1740536485586,ensemble
ETH,phase3_crypto,xgb,phase3_crypto_xgb,2026-02-08,2026-02-09,0.007062777520560773,0.008344958990346641,0.004648594332278972,2088.762939453125,2103.567626953125,2106.2665122454564,ensemble
ETH,phase3_crypto,xgb,phase3_crypto_xgb,2026-02-09,2026-02-10,-0.04078608660125574,0.007358306366950273,0.005441410144620995,2103.567626953125,2019.4974365234373,2119.1034104448736,ensemble
ETH,phase3_crypto,xgb,phase3_crypto_xgb,2026-02-10,2026-02-11,-0.03984048759789168,0.006302177088218741,0.0047381936496203965,2019.4974365234373,1940.621337890625,2032.2648560094897,ensemble
ETH,phase3_crypto,xgb,phase3_crypto_xgb,2026-02-11,2026-02-12,0.003251056309532056,0.001386775136779761,0.005271056018352927,1940.621337890625,1946.940673828125,1943.3144102231947,ensemble
ETH,phase3_crypto,xgb,phase3_crypto_xgb,2026-02-12,2026-02-13,0.05086191072713562,-0.004846477217506617,0.0035629249735221152,1946.940673828125,2048.52734375,1937.5276985183648,ensemble
ETH,phase3_crypto,xgb,phase3_crypto_xgb,2026-02-13,2026-02-14,0.018131871977993777,0.007963572721928358,0.003685885008813488,2048.52734375,2086.009765625,2064.9060702552024,ensemble
ETH,phase3_crypto,xgb,phase3_crypto_xgb,2026-02-14,2026-02-15,-0.05923016066341757,0.005435263738036156,0.0021284586357941037,2086.009765625,1966.04296875,2097.3786473081027,ensemble
ETH,phase3_crypto,xgb,phase3_crypto_xgb,2026-02-15,2026-02-16,0.016082623092426845,-0.00185745763592422,0.005422558954832191,1966.04296875,1997.917724609375,1962.3945166966782,ensemble
ETH,phase3_crypto,xgb,phase3_crypto_xgb,2026-02-16,2026-02-17,-0.002868787898831094,-0.003197055385680869,0.00233974897998532,1997.917724609375,1992.1943359375,1991.5404706367567,ensemble
ETH,phase3_crypto,xgb,phase3_crypto_xgb,2026-02-17,2026-02-18,-0.019371403139241388,-0.004391274508088827,0.0037869921077808284,1992.1943359375,1953.97412109375,1983.4652436822198,ensemble
ETH,phase3_crypto,xgb,phase3_crypto_xgb,2026-02-18,2026-02-19,-0.002958901252870125,0.034923268109560014,0.004027608769530243,1953.97412109375,1948.2010498046875,2023.4188435792114,ensemble
ETH,phase3_crypto,xgb,phase3_crypto_xgb,2026-02-19,2026-02-20,0.010630736664791151,-0.005132549852714874,0.0049716599375961715,1948.2010498046875,1969.0223388671875,1938.2274277443128,ensemble
ETH,phase3_crypto,xgb,phase3_crypto_xgb,2026-02-20,2026-02-21,0.0023916477643178046,-0.0009718741581309587,0.004261684116220025,1969.0223388671875,1973.7371826171875,1967.1096265476501,ensemble
ETH,phase3_crypto,xgb,phase3_crypto_xgb,2026-02-21,2026-02-22,-0.008104381025179103,-0.006273854617029428,0.0021985557386869307,1973.7371826171875,1957.805908203125,1961.3930057568775,ensemble
ETH,phase3_crypto,xgb,phase3_crypto_xgb,2026-02-22,2026-02-23,-0.053668696967508325,0.0024168798903701828,0.001481402616726645,1957.805908203125,1855.5028076171875,1962.5434126153793,ensemble
ETH,phase3_crypto,xgb,phase3_crypto_xgb,2026-02-23,2026-02-24,-0.001366236763411363,0.00907928254455328,0.006374714211519267,1855.5028076171875,1852.969482421875,1872.4261515263659,ensemble
ETH,phase3_crypto,xgb,phase3_crypto_xgb,2026-02-24,2026-02-25,0.10330529755605292,-0.01050144825130701,0.005877789512462723,1852.969482421875,2054.6279296875,1833.6124356948242,ensemble
ETH,phase3_crypto,xgb,phase3_crypto_xgb,2026-02-25,2026-02-26,-0.013640230652308093,0.009508124738931655,0.004904592206792846,2054.6279296875,2026.7926025390625,2074.256757127417,ensemble
ETH,phase3_crypto,xgb,phase3_crypto_xgb,2026-02-26,2026-02-27,-0.04853988358482078,0.008191392663866282,0.004068777123453192,2026.7926025390625,1930.7618408203125,2043.463040432091,ensemble
ETH,phase3_crypto,xgb,phase3_crypto_xgb,2026-02-27,2026-02-28,0.017603302415937827,-0.0072903457097709175,0.0062019946124205515,1930.7618408203125,1965.050537109375,1916.7371042234747,ensemble
ETH,phase3_crypto,xgb,phase3_crypto_xgb,2026-02-28,2026-03-01,-0.013311214361673498,-0.02054872624576092,0.004108159525033587,1965.050537109375,1939.066650390625,1925.0832958508443,ensemble
ETH,phase3_crypto,xgb,phase3_crypto_xgb,2026-03-01,2026-03-02,0.04448277882265156,-0.004326722444966435,0.0026840018815463694,1939.066650390625,2027.2689208984373,1930.6949712183655,ensemble
ETH,phase3_crypto,xgb,phase3_crypto_xgb,2026-03-02,2026-03-03,-0.02219521539096451,-0.006532326806336641,0.0034169744848162645,2027.2689208984373,1982.7689208984373,2014.0692968488581,ensemble
ETH,phase3_crypto,xgb,phase3_crypto_xgb,2026-03-03,2026-03-04,0.06998564880773499,-0.01864156797528267,0.00905530226810164,1982.7689208984373,2126.50537109375,1946.1493825461814,ensemble
ETH,phase3_crypto,xgb,phase3_crypto_xgb,2026-03-04,2026-03-05,-0.026156066067129717,0.026663708686828613,0.0071285151112828035,2126.50537109375,2071.60546875,2183.9685774961285,ensemble
ETH,phase3_crypto,xgb,phase3_crypto_xgb,2026-03-05,2026-03-06,-0.04585794631276462,-0.0028539522991195554,0.0031931640144679694,2071.60546875,1978.751220703125,2065.7016341979374,ensemble
ETH,phase3_crypto,xgb,phase3_crypto_xgb,2026-03-06,2026-03-07,-0.004708868776353749,0.012929328996688128,0.005881705858711201,1978.751220703125,1969.4554443359373,2004.5012528436582,ensemble
ETH,phase3_crypto,xgb,phase3_crypto_xgb,2026-03-07,2026-03-08,-0.016820776457913442,-0.033539019897580145,0.007962865798506417,1969.4554443359373,1936.604736328125,1904.497245159178,ensemble
ETH,phase3_crypto,xgb,phase3_crypto_xgb,2026-03-08,2026-03-09,0.028673744603590037,-0.03121996931731701,0.00566645368847882,1936.604736328125,1992.938232421875,1877.0780415821487,ensemble
ETH,phase3_crypto,xgb,phase3_crypto_xgb,2026-03-09,2026-03-10,0.021927234478122906,-0.0081311768386513,0.0032350759609489975,1992.938232421875,2037.1204833984373,1976.7990036090243,ensemble
ETH,phase3_crypto,xgb,phase3_crypto_xgb,2026-03-10,2026-03-11,0.007069651069372434,-0.0032377111550886185,0.0036131709274434443,2037.1204833984373,2051.5732421875,2030.535541507357,ensemble
ETH,phase3_crypto,xgb,phase3_crypto_xgb,2026-03-11,2026-03-12,0.010455613837732266,0.01409359984099865,0.008032865324598964,2051.5732421875,2073.13623046875,2080.6920066286634,ensemble
ETH,phase3_crypto,xgb,phase3_crypto_xgb,2026-03-12,2026-03-13,0.00932731032254328,-0.002879828232107684,0.0037248776814405244,2073.13623046875,2092.5634765625,2067.174542661896,ensemble
ETH,phase3_crypto,xgb,phase3_crypto_xgb,2026-03-13,2026-03-14,0.0021592233043722896,0.007580220280215144,0.003624762244350785,2092.5634765625,2097.086669921875,2108.485839934884,ensemble
ETH,phase3_crypto,xgb,phase3_crypto_xgb,2026-03-14,2026-03-15,0.03761747257489843,-0.00841827136464417,0.0074176423350568585,2097.086669921875,2177.476318359375,2079.5069246115236,ensemble
ETH,phase3_crypto,xgb,phase3_crypto_xgb,2026-03-15,2026-03-16,0.0767490852405507,-0.02631513960659504,0.009186439820056944,2177.476318359375,2351.176025390625,2120.9230915722633,ensemble
ETH,phase3_crypto,xgb,phase3_crypto_xgb,2026-03-16,2026-03-17,-0.014187828746907258,-0.008014236576855183,0.003525247941356829,2351.176025390625,2318.053466796875,2332.408448838744,ensemble
ETH,phase3_crypto,xgb,phase3_crypto_xgb,2026-03-17,2026-03-18,-0.05060291819156262,0.023591846227645874,0.008101755179278355,2318.053466796875,2203.671630859375,2373.3908162600055,ensemble
ETH,phase3_crypto,xgb,phase3_crypto_xgb,2026-03-18,2026-03-19,-0.030523607148640667,-0.02022865191102028,0.003268719201167073,2203.671630859375,2137.423828125,2159.542169071639,ensemble
ETH,phase3_crypto,xgb,phase3_crypto_xgb,2026-03-19,2026-03-20,0.004235958585431247,-0.0063834952976321805,0.004612961617326051,2137.423828125,2146.4970703125,2123.823049606801,ensemble
ETH,phase3_crypto,xgb,phase3_crypto_xgb,2026-03-20,2026-03-21,-0.033061992006107994,0.004000773315055994,0.0047464162768374035,2146.4970703125,2076.68994140625,2155.101920061313,ensemble
ETH,phase3_crypto,xgb,phase3_crypto_xgb,2026-03-21,2026-03-22,-0.011449568094526609,-0.0017425561789423227,0.004533644306493763,2076.68994140625,2053.04833984375,2073.0743436231314,ensemble
ETH,phase3_crypto,xgb,phase3_crypto_xgb,2026-03-22,2026-03-23,0.04713979833568274,-0.004918468650430441,0.0063050889645444854,2053.04833984375,2152.14599609375,2042.9752782719124,ensemble
ETH,phase3_crypto,xgb,phase3_crypto_xgb,2026-03-23,2026-03-24,0.0016520306586044232,-0.015809907764196395,0.004902007856075226,2152.14599609375,2155.704345703125,2118.388322404343,ensemble
ETH,phase3_crypto,xgb,phase3_crypto_xgb,2026-03-24,2026-03-25,0.005697480587391201,0.007757406076416373,0.004823562552873926,2155.704345703125,2168.021484375,2172.49205002666,ensemble
ETH,phase3_crypto,xgb,phase3_crypto_xgb,2026-03-25,2026-03-26,-0.05131370661715102,-0.005691530089825392,0.005307078718589501,2168.021484375,2059.578369140625,2155.7171732547517,ensemble
ETH,phase3_crypto,xgb,phase3_crypto_xgb,2026-03-26,2026-03-27,-0.033727669892453536,-0.02138822600245476,0.0032799621403403222,2059.578369140625,1991.27197265625,2015.9953843060239,ensemble
ETH,phase3_crypto,xgb,phase3_crypto_xgb,2026-03-27,2026-03-28,0.0007141663784116856,-0.0072661093436181545,0.0030388444682202496,1991.27197265625,1992.694580078125,1976.8556116253828,ensemble
ETH,phase3_crypto,xgb,phase3_crypto_xgb,2026-03-28,2026-03-29,-0.005098999439741094,0.005019041593186557,0.0024736327725389533,1992.694580078125,1982.5596923828125,2002.7211378652823,ensemble
ETH,phase3_crypto,xgb,phase3_crypto_xgb,2026-03-29,2026-03-30,0.02044726139354914,-0.001721444888971746,0.006141249748698147,1982.5596923828125,2023.514892578125,1979.1497609798462,ensemble
ETH,phase3_crypto,xgb,phase3_crypto_xgb,2026-03-30,2026-03-31,0.039340814763852025,-0.011635222099721431,0.002386515823700327,2023.514892578125,2104.708251953125,2000.107287794191,ensemble
ETH,phase3_crypto,xgb,phase3_crypto_xgb,2026-03-31,2026-04-01,0.016038636316827372,0.002492106892168522,0.0029679896460314266,2104.708251953125,2138.737060546875,2109.959951073593,ensemble
ETH,phase3_crypto,xgb,phase3_crypto_xgb,2026-04-01,2026-04-02,-0.03903857547596571,0.0028060637385351585,0.002720299798838788,2138.737060546875,2056.8525390625,2144.7469211412144,ensemble
ETH,phase3_crypto,xgb,phase3_crypto_xgb,2026-04-02,2026-04-03,-0.0016871461717564678,0.006211647810414433,0.0023774673977667196,2056.8525390625,2053.38525390625,2069.668746306988,ensemble
ETH,phase3_crypto,xgb,phase3_crypto_xgb,2026-04-03,2026-04-04,0.00581068555550107,0.009125226084142924,0.004315988534748013,2053.38525390625,2065.3515625,2072.208611665754,ensemble
ETH,phase3_crypto,xgb,phase3_crypto_xgb,2026-04-04,2026-04-05,0.020911357684258978,0.010633513331413269,0.00501400683419389,2065.3515625,2108.99560546875,2087.4306871640147,ensemble
ETH,phase3_crypto,xgb,phase3_crypto_xgb,2026-04-05,2026-04-06,-0.0005853459761497797,-0.0011392052634619176,0.0030938467523447507,2108.99560546875,2107.761474609375,2106.594394570118,ensemble
ETH,phase3_crypto,xgb,phase3_crypto_xgb,2026-04-06,2026-04-07,0.06165560497032879,-0.008687900518998504,0.0032153901599852393,2107.761474609375,2241.806640625,2089.5287692483635,ensemble
ETH,phase3_crypto,xgb,phase3_crypto_xgb,2026-04-07,2026-04-08,-0.02322737152703056,0.015814045444130898,0.0028823505826399386,2241.806640625,2190.33544921875,2277.54047626511,ensemble
ETH,phase3_crypto,xgb,phase3_crypto_xgb,2026-04-08,2026-04-09,-0.0005440857898826656,-0.007235034182667732,0.002684132590175382,2190.33544921875,2189.14404296875,2174.5454867094118,ensemble
ETH,phase3_crypto,xgb,phase3_crypto_xgb,2026-04-09,2026-04-10,0.025261127435567108,0.00998052917420864,0.001736799066358651,2189.14404296875,2245.148681640625,2211.1022539659716,ensemble
ETH,phase3_crypto,xgb,phase3_crypto_xgb,2026-04-10,2026-04-11,0.017765001038666954,0.010500751994550228,0.003481081105044745,2245.148681640625,2285.39013671875,2268.8486470929497,ensemble
ETH,phase3_crypto,xgb,phase3_crypto_xgb,2026-04-11,2026-04-12,-0.04163060757712065,0.004745499929413199,0.004073469258306481,2285.39013671875,2192.201171875,2296.261229434888,ensemble
ETH,phase3_crypto,xgb,phase3_crypto_xgb,2026-04-12,2026-04-13,0.07828539113868566,0.024814371019601822,0.004209936846526094,2192.201171875,2370.71484375,2247.2798097741393,ensemble
ETH,phase3_crypto,xgb,phase3_crypto_xgb,2026-04-13,2026-04-14,-0.02019924377033633,-0.0046298450091853734,0.0042144773644897104,2370.71484375,2323.30859375,2359.7641709823492,ensemble
ETH,phase3_crypto,xgb,phase3_crypto_xgb,2026-04-14,2026-04-15,0.015430748489014857,0.008510812791064382,0.007105974408139399,2323.30859375,2359.43701171875,2343.1662206561214,ensemble
ETH,phase3_crypto,xgb,phase3_crypto_xgb,2026-04-15,2026-04-16,-0.004584461790341291,0.006126143509754911,0.004118679725106026,2359.43701171875,2348.64501953125,2373.9356264079584,ensemble
ETH,phase3_crypto,xgb,phase3_crypto_xgb,2026-04-16,2026-04-17,0.03037175089257519,-0.0020953109953552483,0.0029636669776418306,2348.64501953125,2421.07177734375,2343.729029859813,ensemble
ETH,phase3_crypto,xgb,phase3_crypto_xgb,2026-04-17,2026-04-18,-0.029326772361462847,-0.0006904641631990671,0.0036763619435861484,2421.07177734375,2351.1005859375,2419.40069102396,ensemble
ETH,phase3_crypto,xgb,phase3_crypto_xgb,2026-04-18,2026-04-19,-0.0373454427406088,0.011135945841670037,0.0038773012753389943,2351.1005859375,2264.9169921875,2377.4286365272183,ensemble
ETH,phase3_crypto,xgb,phase3_crypto_xgb,2026-04-19,2026-04-20,0.021963323579239753,-0.014391560479998589,0.004550194611151053,2264.9169921875,2315.21240234375,2232.554732583058,ensemble
ETH,phase3_crypto,xgb,phase3_crypto_xgb,2026-04-20,2026-04-21,0.0054954065471357755,-0.0023567582422401754,0.004265601543690557,2315.21240234375,2327.970458984375,2309.7624310868982,ensemble
ETH,phase3_crypto,xgb,phase3_crypto_xgb,2026-04-21,2026-04-22,0.02045865422003999,0.0011228418909013272,0.005318893232532535,2327.970458984375,2376.088134765625,2330.585869808134,ensemble
ETH,phase3_crypto,xgb,phase3_crypto_xgb,2026-04-22,2026-04-23,-0.0189376886242059,-0.012937468662858009,0.0041312226896172395,2376.088134765625,2331.513916015625,2345.5455667520687,ensemble
ETH,phase3_crypto,xgb,phase3_crypto_xgb,2026-04-23,2026-04-24,-0.006810026535066284,0.0012510620115790516,0.002305710518205768,2331.513916015625,2315.690185546875,2334.4326098582305,ensemble
ETH,phase3_crypto,xgb,phase3_crypto_xgb,2026-04-24,2026-04-25,0.001354581263398566,0.004811156657524407,0.0027389288439883413,2315.690185546875,2318.8291015625,2326.858177737492,ensemble
ETH,phase3_crypto,xgb,phase3_crypto_xgb,2026-04-25,2026-04-26,0.02171324359272805,0.00561180151089502,0.004504091341570235,2318.8291015625,2369.72900390625,2331.8784912643036,ensemble
ETH,phase3_crypto,xgb,phase3_crypto_xgb,2026-04-26,2026-04-27,-0.02853520923910551,-0.0006698918761685491,0.005506760890295174,2369.72900390625,2303.06396484375,2368.1420732931206,ensemble
ETH,phase3_crypto,xgb,phase3_crypto_xgb,2026-04-27,2026-04-28,-0.005942025412355139,-0.0019572733814129605,0.00517608856310526,2303.06396484375,2289.419677734375,2298.5606475988093,ensemble
ETH,phase3_crypto,xgb,phase3_crypto_xgb,2026-04-28,2026-04-29,-0.01585118391858995,0.008751564100384713,0.0038749097621988875,2289.419677734375,2253.415771484375,2309.5436102990207,ensemble
ETH,phase3_crypto,xgb,phase3_crypto_xgb,2026-04-29,2026-04-30,0.0012574984349416124,0.004717777165933512,0.003457520503972775,2253.415771484375,2256.251220703125,2264.072002052051,ensemble
ETH,phase3_crypto,xgb,phase3_crypto_xgb,2026-04-30,2026-05-01,0.017069008220622378,-0.00907900813035667,0.0040519406021599265,2256.251220703125,2295.09375,2235.859406322353,ensemble
ETH,phase3_crypto,xgb,phase3_crypto_xgb,2026-05-01,2026-05-02,0.00916800638403556,-0.00446468498557806,0.0028315330225497817,2295.09375,2316.23193359375,2284.869719914001,ensemble
ETH,phase3_crypto,xgb,phase3_crypto_xgb,2026-05-02,2026-05-03,0.0023302997915724253,0.0032525376009289175,0.002507370739979576,2316.23193359375,2321.6357421875,2323.777830053885,ensemble
ETH,phase3_crypto,xgb,phase3_crypto_xgb,2026-05-03,2026-05-04,0.010608949945406291,0.006832560524344444,0.0017710833315998985,2321.6357421875,2346.39697265625,2337.55277403084,ensemble
ETH,phase3_crypto,xgb,phase3_crypto_xgb,2026-05-04,2026-05-05,0.00628165402969772,0.0035766048822551966,0.0014060946055143764,2346.39697265625,2361.1826171875,2354.8041331078166,ensemble
ETH,phase3_crypto,xgb,phase3_crypto_xgb,2026-05-05,2026-05-06,-0.004406055141063485,0.0031833746936172245,0.0053468614215835,2361.1826171875,2350.802001953125,2368.71112284752,ensemble
ETH,phase3_crypto,xgb,phase3_crypto_xgb,2026-05-06,2026-05-07,-0.02572114978849261,0.00529319322668016,0.0029260592782241433,2350.802001953125,2291.107666015625,2363.278241630991,ensemble
ETH,phase3_crypto,xgb,phase3_crypto_xgb,2026-05-07,2026-05-08,0.006900517380177334,0.012644100934267044,0.0022735989195330295,2291.107666015625,2306.97216796875,2320.260580395316,ensemble
ETH,phase3_crypto,xgb,phase3_crypto_xgb,2026-05-08,2026-05-09,0.008526770803293412,0.0003334911074489355,0.0023191788328238757,2306.97216796875,2326.727294921875,2307.7416509726377,ensemble
ETH,phase3_crypto,xgb,phase3_crypto_xgb,2026-05-09,2026-05-10,0.018023789401602215,-5.3597654914483425e-05,0.0018390923731521366,2326.727294921875,2369.0439453125,2326.6025911371867,ensemble
ETH,phase3_crypto,xgb,phase3_crypto_xgb,2026-05-10,2026-05-11,-0.012608728464913158,0.003417324027395807,0.004862725415814199,2369.0439453125,2339.36083984375,2377.1535848496956,ensemble
ETH,phase3_crypto,xgb,phase3_crypto_xgb,2026-05-11,2026-05-12,-0.028054385823506677,-0.006987534463405609,0.0027629641834872676,2339.36083984375,2274.6435546875,2323.0714529573834,ensemble
ETH,phase3_crypto,xgb,phase3_crypto_xgb,2026-05-12,2026-05-13,-0.007531505292275851,0.0042923002620227635,0.0032123089500755908,2274.6435546875,2257.576416015625,2284.4279916617493,ensemble
ETH,phase3_crypto,xgb,phase3_crypto_xgb,2026-05-13,2026-05-14,0.01029350969888902,-0.008936838805675506,0.003310262297964554,2257.576416015625,2280.934814453125,2237.490704559086,ensemble
ETH,phase3_crypto,xgb,phase3_crypto_xgb,2026-05-14,2026-05-15,-0.025579807171991084,-6.224849494174123e-06,0.002539825181363744,2280.934814453125,2223.328857421875,2280.9206160213907,ensemble
ETH,phase3_crypto,xgb,phase3_crypto_xgb,2026-05-15,2026-05-16,-0.019794470746775893,-0.0009090575193113181,0.0011297437238918632,2223.328857421875,2179.751953125,2221.3086419912706,ensemble
ETH,phase3_crypto,xgb,phase3_crypto_xgb,2026-05-16,2026-05-17,-0.024195229175847065,0.006418988108634949,0.001957636247816674,2179.751953125,2127.645263671875,2193.788757836162,ensemble
ETH,phase3_crypto,xgb,phase3_crypto_xgb,2026-05-17,2026-05-18,0.0004092183281597835,-0.0032351540867239237,0.001214055445839346,2127.645263671875,2128.51611328125,2120.773125608554,ensemble
ETH,phase3_crypto,xgb,phase3_crypto_xgb,2026-05-18,2026-05-19,-0.00875425372369268,-0.004292327092844062,0.004377494672017127,2128.51611328125,2109.9638671875,2119.39940584306,ensemble
ETH,phase3_crypto,xgb,phase3_crypto_xgb,2026-05-19,2026-05-20,0.008033908248005973,-0.0006058201775886119,0.00441353476675715,2109.9638671875,2126.9833984375,2108.685995622048,ensemble
ETH,phase3_crypto,xgb,phase3_crypto_xgb,2026-05-20,2026-05-21,0.002079303908552925,-0.007097982801496983,0.0027134682342290174,2126.9833984375,2131.41064453125,2111.939560468605,ensemble
ETH,phase3_crypto,xgb,phase3_crypto_xgb,2026-05-21,2026-05-22,-0.031829628880296966,0.01290539801120758,0.0016884718140305307,2131.41064453125,2064.636962890625,2159.095605704177,ensemble
ETH,phase3_crypto,xgb,phase3_crypto_xgb,2026-05-22,2026-05-23,0.024550147375465296,0.00949395652860403,0.0024516820415001746,2064.636962890625,2115.951416015625,2084.3318798729215,ensemble
ETH,phase3_crypto,xgb,phase3_crypto_xgb,2026-05-23,2026-05-24,-0.008522952674199372,0.00035943319380749017,0.0016207877725695214,2115.951416015625,2097.993896484375,2116.712095889634,ensemble
ETH,phase3_crypto,xgb,phase3_crypto_xgb,2026-05-24,2026-05-25,0.006355596261768782,0.0020208985079079866,0.004458194486171276,2097.993896484375,2111.370361328125,2102.2380162425975,ensemble
ETH,phase3_crypto,xgb,phase3_crypto_xgb,2026-05-25,2026-05-26,-0.019374108363781214,0.00014903737464919687,0.0026387054059146,2111.370361328125,2070.858154296875,2111.6850578738804,ensemble
ETH,phase3_crypto,xgb,phase3_crypto_xgb,2026-05-26,2026-05-27,-0.023777930243884346,0.001039240136742592,0.002021454721287718,2070.858154296875,2022.1982421875,2073.011391879986,ensemble
ETH,phase3_crypto,xgb,phase3_crypto_xgb,2026-05-27,2026-05-28,-0.0072687232435778805,-0.005249833653215319,0.003212081303755045,2022.1982421875,2007.552734375,2011.6098557545536,ensemble
ETH,phase3_crypto,xgb,phase3_crypto_xgb,2026-05-28,2026-05-29,0.00220213888797984,0.0037810193840414285,0.001287893650292885,2007.552734375,2011.978515625,2015.1576983761959,ensemble
ETH,phase3_crypto,xgb,phase3_crypto_xgb,2026-05-29,2026-05-30,0.0037107092790728668,0.01709200032055378,0.0028712945681281495,2011.978515625,2019.458251953125,2046.6628207611539,ensemble
ETH,phase3_crypto,xgb,phase3_crypto_xgb,2026-05-30,2026-05-31,-0.007513679144432405,-0.0021645871456712484,0.004225481850676207,2019.458251953125,2004.341552734375,2015.0916861907267,ensemble
ETH,phase3_crypto,xgb,phase3_crypto_xgb,2026-05-31,2026-06-01,-0.0005591235515652776,-0.005755459377542138,0.0024759381780158816,2004.341552734375,2003.22119140625,1992.838779972301,ensemble
ETH,phase3_crypto,xgb,phase3_crypto_xgb,2026-06-01,2026-06-02,-0.07540853835127649,-0.0005713329359423369,0.0009055124734643011,2003.22119140625,1857.71630859375,2002.0770120464222,ensemble
ETH,phase3_crypto,xgb,phase3_crypto_xgb,2026-06-02,2026-06-03,-0.02506448300158351,0.02168343085795641,0.00620160392823107,1857.71630859375,1811.7322998046875,1898.4378677853153,ensemble
ETH,phase3_crypto,xgb,phase3_crypto_xgb,2026-06-03,2026-06-04,-0.023540908919617697,0.004307665280066431,0.0037470631713225635,1811.7322998046875,1769.58056640625,1819.553469525841,ensemble
ETH,phase3_crypto,xgb,phase3_crypto_xgb,2026-06-04,2026-06-05,-0.11277301635815795,-0.00038155746296979486,0.0059138131611921625,1769.58056640625,1580.86083984375,1768.905498531594,ensemble
ETH,phase3_crypto,xgb,phase3_crypto_xgb,2026-06-05,2026-06-06,-0.00767912718680117,0.00578564046882093,0.004210885805486368,1580.86083984375,1568.7677001953125,1590.0336419746964,ensemble
ETH,phase3_crypto,xgb,phase3_crypto_xgb,2026-06-06,2026-06-07,0.07230344307254986,0.01694170106202364,0.004481653251570145,1568.7677001953125,1686.396240234375,1595.571705221168,ensemble
ETH,phase3_crypto,xgb,phase3_crypto_xgb,2026-06-07,2026-06-08,0.002222580242866329,0.012489869445562362,0.0044600377245111004,1686.396240234375,1690.1485595703125,1707.5911946872925,ensemble
ETH,phase3_crypto,xgb,phase3_crypto_xgb,2026-06-08,2026-06-09,-0.031519541921552284,0.007126637600595132,0.006743543751937544,1690.1485595703125,1637.7066650390625,1702.236658433687,ensemble
ETH,phase3_crypto,xgb,phase3_crypto_xgb,2026-06-09,2026-06-10,-0.010785745482471555,0.007386797294020653,0.0033046139203661783,1637.7066650390625,1620.1376953125,1649.8488629668639,ensemble
ETH,phase3_crypto,xgb,phase3_crypto_xgb,2026-06-10,2026-06-11,0.03167720451879468,-0.010724213905632496,0.0077803759767611875,1620.1376953125,1672.2806396484375,1602.8558249786927,ensemble
ETH,phase3_crypto,xgb,phase3_crypto_xgb,2026-06-11,2026-06-12,-0.004286465439468386,-0.00473616874369327,0.0030312218447139574,1672.2806396484375,1665.1278076171875,1664.3791624868563,ensemble
ETH,phase3_crypto,xgb,phase3_crypto_xgb,2026-06-12,2026-06-13,0.009019641302053691,0.008346372842788696,0.002791963100018153,1665.1278076171875,1680.214599609375,1679.0837448418022,ensemble
ETH,phase3_crypto,xgb,phase3_crypto_xgb,2026-06-13,2026-06-14,0.02608131744744488,-0.002613178710453212,0.0024932468053148003,1680.214599609375,1724.61328125,1675.8296304380294,ensemble
ETH,phase3_crypto,xgb,phase3_crypto_xgb,2026-06-14,2026-06-15,0.03998055531190125,-0.006713875941932202,0.0017761529149507601,1724.61328125,1794.961181640625,1713.0732242358501,ensemble
ETH,phase3_crypto,xgb,phase3_crypto_xgb,2026-06-15,2026-06-16,-0.002545346375384009,-0.004553314205259085,0.0062841544660951695,1794.961181640625,1790.398193359375,1786.8067383542086,ensemble
ETH,phase3_crypto,xgb,phase3_crypto_xgb,2026-06-16,2026-06-17,-0.024031278966082516,-0.008142354199662805,0.004255942415457672,1790.398193359375,1747.885498046875,1775.8793262042343,ensemble
ETH,phase3_crypto,xgb,phase3_crypto_xgb,2026-06-17,2026-06-18,-0.022186275106794908,0.0025515710934996606,0.005633435362641351,1747.885498046875,1709.533447265625,1752.351046818268,ensemble
ETH,phase3_crypto,xgb,phase3_crypto_xgb,2026-06-18,2026-06-19,0.0008472258287815989,0.0005457967519760132,0.005621098683939156,1709.533447265625,1710.982421875,1710.4667597448279,ensemble
ETH,phase3_crypto,xgb,phase3_crypto_xgb,2026-06-19,2026-06-20,0.016415812264568657,-0.013960727490484715,0.004470914404889596,1710.982421875,1739.3013916015625,1687.261826192845,ensemble
ETH,phase3_crypto,xgb,phase3_crypto_xgb,2026-06-20,2026-06-21,-0.020164455160312907,-0.002230829806649126,0.004680586242965916,1739.3013916015625,1704.58056640625,1735.4256309030193,ensemble
ETH,phase3_crypto,xgb,phase3_crypto_xgb,2026-06-21,2026-06-22,0.012783452112487081,-0.0035445327375782654,0.0035749351935587185,1704.58056640625,1726.5108642578125,1698.5493200743883,ensemble
ETH,phase3_crypto,xgb,phase3_crypto_xgb,2026-06-22,2026-06-23,-0.036015118575190234,-0.00603803750127554,0.004673815552333008,1726.5108642578125,1665.436767578125,1716.1175361420817,ensemble
ETH,phase3_crypto,xgb,phase3_crypto_xgb,2026-06-23,2026-06-24,-0.027707605238555068,0.01586344726383686,0.005958340885293665,1665.436767578125,1619.9249267578125,1692.0670011109544,ensemble
ETH,phase3_crypto,xgb,phase3_crypto_xgb,2026-06-24,2026-06-25,-0.03461114583410765,0.011793049797415734,0.00458531126622694,1619.9249267578125,1564.816650390625,1639.141872569078,ensemble
ETH,phase3_crypto,xgb,phase3_crypto_xgb,2026-06-25,2026-06-26,0.00751217354974333,0.004580404993612319,0.003739409287705927,1564.816650390625,1576.6160888671875,1572.0005844940094,ensemble
ETH,phase3_crypto,xgb,phase3_crypto_xgb,2026-06-26,2026-06-27,-0.003194097811799365,-0.011298291943967342,0.0033905957168849075,1576.6160888671875,1571.5882568359375,1558.9032707286199,ensemble
ETH,phase3_crypto,xgb,phase3_crypto_xgb,2026-06-27,2026-06-28,-0.0007810761173124416,-0.021263264864683152,0.0026642980247687147,1571.5882568359375,1570.3612060546875,1538.5239329723963,ensemble
ETH,phase3_crypto,xgb,phase3_crypto_xgb,2026-06-28,2026-06-29,0.025056343014794192,-0.020459552481770515,0.008627465610123312,1570.3612060546875,1610.205810546875,1538.5587598029483,ensemble
ETH,phase3_crypto,xgb,phase3_crypto_xgb,2026-06-29,2026-06-30,-0.025551475094469023,-0.02595221847295761,0.0026922711523039047,1610.205810546875,1569.5838623046875,1568.9549879819128,ensemble
ETH,phase3_crypto,xgb,phase3_crypto_xgb,2026-06-30,2026-07-01,0.024777910106091337,-0.015723566897213458,0.009120866199740542,1569.5838623046875,1608.960693359375,1545.0974170559687,ensemble
ETH,phase3_crypto,xgb,phase3_crypto_xgb,2026-07-01,2026-07-02,0.053962428648177775,0.008291833638213574,0.005223944576871362,1608.960693359375,1698.16943359375,1622.357392602986,ensemble
ETH,phase3_crypto,xgb,phase3_crypto_xgb,2026-07-02,2026-07-03,0.0337829584823897,0.012556431256234646,0.0031938798290516088,1698.16943359375,1756.5186767578125,1719.6268134853221,ensemble
ETH,phase3_crypto,xgb,phase3_crypto_xgb,2026-07-03,2026-07-04,0.012736109597214896,-0.004510901076719165,0.005894496932839763,1756.5186767578125,1779.032958984375,1748.613038948075,ensemble
ETH,phase3_crypto,xgb,phase3_crypto_xgb,2026-07-04,2026-07-05,0.002230758380216772,0.008817396312952041,0.003532710345505883,1779.032958984375,1783.0059814453125,1794.7887581204575,ensemble
ETH,phase3_crypto,xgb,phase3_crypto_xgb,2026-07-05,2026-07-06,0.008137134529373787,-0.013051416911184787,0.005331061428438921,1783.0059814453125,1797.57373046875,1759.8864266805047,ensemble
ETH,phase3_crypto,xgb,phase3_crypto_xgb,2026-07-06,2026-07-07,-0.016299610142193822,-0.00911962604150176,0.004879933302828132,1797.57373046875,1768.511474609375,1781.2550534792474,ensemble
ETH,phase3_crypto,xgb,phase3_crypto_xgb,2026-07-07,2026-07-08,-0.014715429926392411,0.00474264548975043,0.003889875343179759,1768.511474609375,1742.6776123046875,1776.9188183447873,ensemble
ETH,phase3_crypto,xgb,phase3_crypto_xgb,2026-07-08,2026-07-09,0.0010363767887721133,5.7697831653058526e-05,0.0037563864182949035,1742.6776123046875,1744.484619140625,1742.7781639249652,ensemble
ETH,phase3_crypto,xgb,phase3_crypto_xgb,2026-07-09,2026-07-10,0.028931987175530218,-0.006781563651748002,0.006085394772330068,1744.484619140625,1795.6932373046875,1732.6943092109989,ensemble
ETH,phase3_crypto,xgb,phase3_crypto_xgb,2026-07-10,2026-07-11,-0.004237766868141637,0.0005998915061354637,0.005568353780006356,1795.6932373046875,1788.099609375,1796.7707815978913,ensemble
ETH,phase3_crypto,xgb,phase3_crypto_xgb,2026-07-11,2026-07-12,0.00984372406415057,-0.007726035360246897,0.003704912236685806,1788.099609375,1805.7880859375,1774.3379186745449,ensemble
ETH,phase3_crypto,xgb,phase3_crypto_xgb,2026-07-12,2026-07-13,-0.018041700992512517,0.0031149733578786252,0.004955097293445866,1805.7880859375,1773.500732421875,1811.4218376530346,ensemble
ETH,phase3_crypto,xgb,phase3_crypto_xgb,2026-07-13,2026-07-14,0.06334617578601259,0.02093441691249609,0.005752286821327668,1773.500732421875,1889.4798583984373,1811.019280413778,ensemble
ETH,phase3_crypto,xgb,phase3_crypto_xgb,2026-07-14,2026-07-15,0.014430524175558828,0.015782345645129682,0.0043566456633855,1889.4798583984373,1916.9437255859373,1919.5368435915468,ensemble
ETH,phase3_crypto,xgb,phase3_crypto_xgb,2026-07-15,2026-07-16,-0.028440232689138405,0.006896047946065664,0.005027234980035641,1916.9437255859373,1863.193359375,1930.2087469705646,ensemble
ETH,phase3_crypto,xgb,phase3_crypto_xgb,2026-07-16,2026-07-17,-0.011989404987594009,-0.004695208789780736,0.0012671364699377928,1863.193359375,1840.9881591796875,1854.4657824681744,ensemble
ETH,phase3_crypto,xgb,phase3_crypto_xgb,2026-07-17,2026-07-18,0.011022172689536534,-0.014049089886248112,0.0037294054793263064,1840.9881591796875,1861.39208984375,1815.304787491261,ensemble
ETH,phase3_crypto,xgb,phase3_crypto_xgb,2026-07-18,2026-07-19,0.005420170979573819,0.001517183770192787,0.0014806199122792472,1861.39208984375,1871.508544921875,1864.2183071157876,ensemble
ETH,phase3_crypto,xgb,phase3_crypto_xgb,2026-07-19,2026-07-20,0.01708549188125397,0.017320390790700912,0.002917915868637376,1871.508544921875,1903.7589111328125,1904.2061545513268,ensemble
ETH,phase3_crypto,xgb,phase3_crypto_xgb,2026-07-20,2026-07-21,0.012851931047764876,-0.008042591530829668,0.003193604927877115,1903.7589111328125,1928.3837890625,1888.5091617900766,ensemble
ETH,phase3_crypto,xgb,phase3_crypto_xgb,2026-07-21,2026-07-22,0.0026444810723667356,0.0024202467806389905,0.0039016373310250653,1928.3837890625,1933.4901123046875,1933.0566061240843,ensemble
ETH,phase3_crypto,xgb,phase3_crypto_xgb,2026-07-22,2026-07-23,-0.029598568421148785,0.00039381714886985717,0.004377251015748114,1933.4901123046875,1877.1002197265625,1934.2517038221404,ensemble
ETH,phase3_crypto,xgb,phase3_crypto_xgb,2026-07-23,2026-07-24,-0.009056635454748527,-0.003340737638063729,0.004768734682950609,1877.1002197265625,1860.1767578125,1870.8397834321643,ensemble
ETH,phase3_crypto,xgb,phase3_crypto_xgb,2026-07-24,2026-07-25,0.006988648574768904,-0.004959650384262204,0.003034134698682618,1860.1767578125,1873.222412109375,1850.9737721013094,ensemble
ETH,phase3_crypto,xgb,phase3_crypto_xgb,2026-07-25,2026-07-26,0.041917042836694604,-0.007054611202329397,0.0049959112248327345,1873.222412109375,1953.4112548828125,1860.054059712617,ensemble
ETH,phase3_crypto,xgb,phase3_crypto_xgb,2026-07-26,2026-07-27,-0.032675812699619874,-0.0027914980193600057,0.0033057080181328065,1953.4112548828125,1890.613525390625,1947.965915097474,ensemble
ETH,phase3_crypto,xgb,phase3_crypto_xgb,2026-07-27,2026-07-28,0.015396962638548027,0.021466406621038915,0.006222855720703851,1890.613525390625,1919.948486328125,1931.636941445216,ensemble
ETH,phase3_crypto,xgb,phase3_crypto_xgb,2026-07-28,2026-07-29,-0.005970784512141466,0.004174006031826138,0.0027544214546701474,1919.948486328125,1908.51904296875,1927.9791111697746,ensemble
ETH,phase3_crypto,xgb,phase3_crypto_xgb,2026-07-29,2026-07-30,0.004628409644754907,-0.009615013748407364,0.0035865443123377708,1908.51904296875,1917.3729248046875,1890.2565439160649,ensemble
ETH,phase3_crypto,xgb,phase3_crypto_xgb,2026-07-30,2026-07-31,-0.03019351719084729,0.014972790516912938,0.0027516860987157736,1917.3729248046875,1860.345947265625,1946.2973472444558,ensemble
ETH,phase3_crypto,xgb,phase3_crypto_xgb,2026-07-31,2026-08-01,-0.009141155880177469,-0.0003244725870899856,0.002437727547835701,1860.345947265625,1843.417724609375,1859.7424139235409,ensemble
ETH,phase3_crypto,xgb,phase3_crypto_xgb,2026-08-01,2026-08-02,0.020991044981634618,0.0028324136044830086,0.0030025077676384005,1843.417724609375,1882.52197265625,1848.6464475085927,ensemble
ETH,phase3_crypto,xgb,phase3_crypto_xgb,2026-08-02,2026-08-03,-0.012973686445006478,0.010690173134207726,0.003695030846844407,1882.52197265625,1858.2564697265625,1902.7544099220017,ensemble
ETH,phase3_crypto,xgb,phase3_crypto_xgb,2026-08-03,2026-08-04,0.005436217682913836,0.0040614493424072865,0.0024057199822843543,1858.2564697265625,1868.3858642578125,1865.819031328378,ensemble
ETH,phase3_crypto,xgb,phase3_crypto_xgb,2026-08-04,2026-08-05,0.02020785436698823,-0.018299039080739023,0.0052649321869624,1868.3858642578125,1906.5260009765625,1834.5071179279544,ensemble
ETH,phase3_crypto,xgb,phase3_crypto_xgb,2026-08-05,2026-08-06,-0.002346545855886157,-0.00718355115968734,0.0048656919783539015,1906.5260009765625,1902.0574951171875,1892.879447951181,ensemble
ETH,phase3_crypto,xgb,phase3_crypto_xgb,2026-08-06,2026-08-07,0.005882550580216205,0.010114454664289951,0.0011827055056069973,1902.0574951171875,1913.2794189453125,1921.3933905977774,ensemble
ETH,phase3_crypto,xgb,phase3_crypto_xgb,2026-08-07,2026-08-08,0.001177148461113393,0.006737091951072216,0.003060427983429603,1913.2794189453125,1915.532958984375,1926.2128763456672,ensemble
ETH,phase3_crypto,xgb,phase3_crypto_xgb,2026-08-08,2026-08-09,-0.0035825526559130822,0.007584051415324211,0.002298014505206031,1915.532958984375,1908.6827392578125,1930.115687617744,ensemble
ETH,phase3_crypto,xgb,phase3_crypto_xgb,2026-08-09,2026-08-10,-0.019791352046331357,-0.005646083533065394,0.004544263527139494,1908.6827392578125,1871.2786865234373,1897.9365226397292,ensemble
ETH,phase3_crypto,xgb,phase3_crypto_xgb,2026-08-10,2026-08-11,0.005380127113694831,-0.007002084321720758,0.00506779358447136,1871.2786865234373,1881.37353515625,1858.2216021220884,ensemble
ETH,phase3_crypto,xgb,phase3_crypto_xgb,2026-08-11,2026-08-12,-0.0017228455012013328,0.017910097166895865,0.0028549113908811923,1881.37353515625,1878.135009765625,1915.3726730851647,ensemble
ETH,phase3_crypto,xgb,phase3_crypto_xgb,2026-08-12,2026-08-13,0.0031133074431306308,-0.003906925860792399,0.005268776713779106,1878.135009765625,1883.9913330078125,1870.81159086868,ensemble
ETH,phase3_crypto,xgb,phase3_crypto_xgb,2026-08-13,2026-08-14,-0.001775101080760423,-0.008439710224047303,0.0072211850093620005,1883.9913330078125,1880.6500244140625,1868.1579008649776,ensemble
ETH,phase3_crypto,xgb,phase3_crypto_xgb,2026-08-14,2026-08-15,0.00013733711278611884,0.005393844610080123,0.002438316297145768,1880.6500244140625,1880.9083251953125,1890.8213650671446,ensemble
ETH,phase3_crypto,xgb,phase3_crypto_xgb,2026-08-15,2026-08-16,-0.003710048377518096,0.015129170101135968,0.006011129569348665,1880.9083251953125,1873.9429931640625,1909.5812591246868,ensemble
ETH,phase3_crypto,xgb,phase3_crypto_xgb,2026-08-16,2026-08-17,0.020210771727059512,0.010769421141594649,0.0024999152977239736,1873.9429931640625,1912.2021484375,1894.2333359696631,ensemble
ETH,phase3_crypto,xgb,phase3_crypto_xgb,2026-08-17,2026-08-18,0.0022239875598747453,-0.005024164891801774,0.004677256881370785,1912.2021484375,1916.4595947265625,1902.6190232960184,ensemble
ETH,phase3_crypto,xgb,phase3_crypto_xgb,2026-08-18,2026-08-19,0.16109848705425042,0.0031163998850388453,0.0021843003321391184,1916.4595947265625,2251.4580078125,1922.4413651403454,ensemble
ETH,phase3_crypto,xgb,phase3_crypto_xgb,2026-08-19,2026-08-20,0.032737450034477825,-0.011325163813307882,0.009947002740761011,2251.4580078125,2326.384765625,2226.1037187866423,ensemble
ETH,phase3_crypto,xgb,phase3_crypto_xgb,2026-08-20,2026-08-21,0.07806936059159927,0.012696299143135548,0.005044248193277222,2326.384765625,2515.28173828125,2356.109540556798,ensemble
ETH,phase3_crypto,xgb,phase3_crypto_xgb,2026-08-21,2026-08-22,-0.036862118710177375,0.006725059077143669,0.0018329428042524526,2515.28173828125,2424.251220703125,2532.2541628791187,ensemble
ETH,phase3_crypto,xgb,phase3_crypto_xgb,2026-08-22,2026-08-23,0.01618863252300956,0.0035479147802107034,0.00347048272842727,2424.251220703125,2463.81591796875,2432.867533373244,ensemble
ETH,phase3_crypto,xgb,phase3_crypto_xgb,2026-08-23,2026-08-24,0.007285380356811502,0.017248985916376115,0.0034483685592886625,2463.81591796875,2481.831298828125,2506.682887074902,ensemble
ETH,phase3_crypto,xgb,phase3_crypto_xgb,2026-08-24,2026-08-25,-0.01570466707427711,-0.00037000884185545146,0.004601899808212034,2481.831298828125,2443.159423828125,2480.913169172085,ensemble
ETH,phase3_crypto,xgb,phase3_crypto_xgb,2026-08-25,2026-08-26,0.02549994808905242,0.003403040370903909,0.0034715247126173073,2443.159423828125,2506.260986328125,2451.487756769263,ensemble
ETH,phase3_crypto,xgb,phase3_crypto_xgb,2026-08-26,2026-08-27,0.0016541530230063984,-0.009367580804973841,0.0019575717191672335,2506.260986328125,2510.41015625,2482.893005625251,ensemble
ETH,phase3_crypto,xgb,phase3_crypto_xgb,2026-08-27,2026-08-28,-0.02740935041425752,0.0021154568006750197,0.0035085187068325074,2510.41015625,2442.535888671875,2515.726441691017,ensemble
ETH,phase3_crypto,xgb,phase3_crypto_xgb,2026-08-28,2026-08-29,0.006183572246544925,0.002145947003737092,0.00292965453927257,2442.535888671875,2457.686279296875,2447.783069315837,ensemble
ETH,phase3_crypto,xgb,phase3_crypto_xgb,2026-08-29,2026-08-30,-0.016304961587388887,0.001649065114906989,0.00286843180408553,2457.686279296875,2417.938720703125,2461.742507576512,ensemble
ETH,phase3_crypto,xgb,phase3_crypto_xgb,2026-08-30,2026-08-31,0.020014589550137154,-0.0009096952388063073,0.002105969313172495,2417.938720703125,2466.8203125,2415.7401335349346,ensemble
ETH,benchmark,random_walk_zero_return,random_walk_zero_return,2025-10-31,2025-11-01,0.007021586687225155,0.0,0.0,3847.080322265625,3874.18798828125,3847.080322265625,benchmark
ETH,benchmark,random_walk_zero_return,random_walk_zero_return,2025-11-01,2025-11-02,0.009473174047530416,0.0,0.0,3874.18798828125,3911.063232421875,3874.18798828125,benchmark
ETH,benchmark,random_walk_zero_return,random_walk_zero_return,2025-11-02,2025-11-03,-0.08223448305523949,0.0,0.0,3911.063232421875,3602.30810546875,3911.063232421875,benchmark
ETH,benchmark,random_walk_zero_return,random_walk_zero_return,2025-11-03,2025-11-04,-0.08990501013567212,0.0,0.0,3602.30810546875,3292.574462890625,3602.30810546875,benchmark
ETH,benchmark,random_walk_zero_return,random_walk_zero_return,2025-11-04,2025-11-05,0.039481668810072805,0.0,0.0,3292.574462890625,3425.171142578125,3292.574462890625,benchmark
ETH,benchmark,random_walk_zero_return,random_walk_zero_return,2025-11-05,2025-11-06,-0.03352136366985419,0.0,0.0,3425.171142578125,3312.2578125,3425.171142578125,benchmark
ETH,benchmark,random_walk_zero_return,random_walk_zero_return,2025-11-06,2025-11-07,0.03647448115981518,0.0,0.0,3312.2578125,3435.301025390625,3312.2578125,benchmark
ETH,benchmark,random_walk_zero_return,random_walk_zero_return,2025-11-07,2025-11-08,-0.010218549741346181,0.0,0.0,3435.301025390625,3400.3759765625,3435.301025390625,benchmark
ETH,benchmark,random_walk_zero_return,random_walk_zero_return,2025-11-08,2025-11-09,0.05220874290983875,0.0,0.0,3400.3759765625,3582.621337890625,3400.3759765625,benchmark
ETH,benchmark,random_walk_zero_return,random_walk_zero_return,2025-11-09,2025-11-10,-0.003960630532174714,0.0,0.0,3582.621337890625,3568.4599609375,3582.621337890625,benchmark
ETH,benchmark,random_walk_zero_return,random_walk_zero_return,2025-11-10,2025-11-11,-0.04387398640993172,0.0,0.0,3568.4599609375,3415.2822265625,3568.4599609375,benchmark
ETH,benchmark,random_walk_zero_return,random_walk_zero_return,2025-11-11,2025-11-12,-0.0006408517068140884,0.0,0.0,3415.2822265625,3413.09423828125,3415.2822265625,benchmark
ETH,benchmark,random_walk_zero_return,random_walk_zero_return,2025-11-12,2025-11-13,-0.054283922809847215,0.0,0.0,3413.09423828125,3232.757080078125,3413.09423828125,benchmark
ETH,benchmark,random_walk_zero_return,random_walk_zero_return,2025-11-13,2025-11-14,-0.04071281618360177,0.0,0.0,3232.757080078125,3103.78564453125,3232.757080078125,benchmark
ETH,benchmark,random_walk_zero_return,random_walk_zero_return,2025-11-14,2025-11-15,0.020045814386644864,0.0,0.0,3103.78564453125,3166.63134765625,3103.78564453125,benchmark
ETH,benchmark,random_walk_zero_return,random_walk_zero_return,2025-11-15,2025-11-16,-0.023576197316441422,0.0,0.0,3166.63134765625,3092.847412109375,3166.63134765625,benchmark
ETH,benchmark,random_walk_zero_return,random_walk_zero_return,2025-11-16,2025-11-17,-0.022333536068642135,0.0,0.0,3092.847412109375,3024.538818359375,3092.847412109375,benchmark
ETH,benchmark,random_walk_zero_return,random_walk_zero_return,2025-11-17,2025-11-18,0.032028732106195945,0.0,0.0,3024.538818359375,3122.97900390625,3024.538818359375,benchmark
ETH,benchmark,random_walk_zero_return,random_walk_zero_return,2025-11-18,2025-11-19,-0.03251421900082368,0.0,0.0,3122.97900390625,3023.07080078125,3122.97900390625,benchmark
ETH,benchmark,random_walk_zero_return,random_walk_zero_return,2025-11-19,2025-11-20,-0.06536849882670856,0.0,0.0,3023.07080078125,2831.777587890625,3023.07080078125,benchmark
ETH,benchmark,random_walk_zero_return,random_walk_zero_return,2025-11-20,2025-11-21,-0.02361115238578957,0.0,0.0,2831.777587890625,2765.69921875,2831.777587890625,benchmark
ETH,benchmark,random_walk_zero_return,random_walk_zero_return,2025-11-21,2025-11-22,0.0006897153274086759,0.0,0.0,2765.69921875,2767.607421875,2765.69921875,benchmark
ETH,benchmark,random_walk_zero_return,random_walk_zero_return,2025-11-22,2025-11-23,0.012234618260287876,0.0,0.0,2767.607421875,2801.676025390625,2767.607421875,benchmark
ETH,benchmark,random_walk_zero_return,random_walk_zero_return,2025-11-23,2025-11-24,0.05250671846439223,0.0,0.0,2801.676025390625,2952.71337890625,2801.676025390625,benchmark
ETH,benchmark,random_walk_zero_return,random_walk_zero_return,2025-11-24,2025-11-25,0.0017672851723719149,0.0,0.0,2952.71337890625,2957.936279296875,2952.71337890625,benchmark
ETH,benchmark,random_walk_zero_return,random_walk_zero_return,2025-11-25,2025-11-26,0.023348428095094007,0.0,0.0,2957.936279296875,3027.81201171875,2957.936279296875,benchmark
ETH,benchmark,random_walk_zero_return,random_walk_zero_return,2025-11-26,2025-11-27,-0.004392260426713515,0.0,0.0,3027.81201171875,3014.542236328125,3027.81201171875,benchmark
ETH,benchmark,random_walk_zero_return,random_walk_zero_return,2025-11-27,2025-11-28,0.005874882913213043,0.0,0.0,3014.542236328125,3032.304443359375,3014.542236328125,benchmark
ETH,benchmark,random_walk_zero_return,random_walk_zero_return,2025-11-28,2025-11-29,-0.013485997805236051,0.0,0.0,3032.304443359375,2991.685302734375,3032.304443359375,benchmark
ETH,benchmark,random_walk_zero_return,random_walk_zero_return,2025-11-29,2025-11-30,0.00014280097860070945,0.0,0.0,2991.685302734375,2992.112548828125,2991.685302734375,benchmark
ETH,benchmark,random_walk_zero_return,random_walk_zero_return,2025-11-30,2025-12-01,-0.0662927736435053,0.0,0.0,2992.112548828125,2800.18896484375,2992.112548828125,benchmark
ETH,benchmark,random_walk_zero_return,random_walk_zero_return,2025-12-01,2025-12-02,0.06823838280892502,0.0,0.0,2800.18896484375,2997.939697265625,2800.18896484375,benchmark
ETH,benchmark,random_walk_zero_return,random_walk_zero_return,2025-12-02,2025-12-03,0.06258823046337834,0.0,0.0,2997.939697265625,3191.57177734375,2997.939697265625,benchmark
ETH,benchmark,random_walk_zero_return,random_walk_zero_return,2025-12-03,2025-12-04,-0.01810241754529839,0.0,0.0,3191.57177734375,3134.31640625,3191.57177734375,benchmark
ETH,benchmark,random_walk_zero_return,random_walk_zero_return,2025-12-04,2025-12-05,-0.03568750802814642,0.0,0.0,3134.31640625,3024.432861328125,3134.31640625,benchmark
ETH,benchmark,random_walk_zero_return,random_walk_zero_return,2025-12-05,2025-12-06,0.005202266348911221,0.0,0.0,3024.432861328125,3040.207763671875,3024.432861328125,benchmark
ETH,benchmark,random_walk_zero_return,random_walk_zero_return,2025-12-06,2025-12-07,0.006914380156550823,0.0,0.0,3040.207763671875,3061.3017578125,3040.207763671875,benchmark
ETH,benchmark,random_walk_zero_return,random_walk_zero_return,2025-12-07,2025-12-08,0.020657404003744346,0.0,0.0,3061.3017578125,3125.197998046875,3061.3017578125,benchmark
ETH,benchmark,random_walk_zero_return,random_walk_zero_return,2025-12-08,2025-12-09,0.06080292642241868,0.0,0.0,3125.197998046875,3321.114990234375,3125.197998046875,benchmark
ETH,benchmark,random_walk_zero_return,random_walk_zero_return,2025-12-09,2025-12-10,0.001286434597521452,0.0,0.0,3321.114990234375,3325.39013671875,3321.114990234375,benchmark
ETH,benchmark,random_walk_zero_return,random_walk_zero_return,2025-12-10,2025-12-11,-0.02692245348848621,0.0,0.0,3325.39013671875,3237.056884765625,3325.39013671875,benchmark
ETH,benchmark,random_walk_zero_return,random_walk_zero_return,2025-12-11,2025-12-12,-0.048381125268667786,0.0,0.0,3237.056884765625,3084.172607421875,3237.056884765625,benchmark
ETH,benchmark,random_walk_zero_return,random_walk_zero_return,2025-12-12,2025-12-13,0.010489822947687412,0.0,0.0,3084.172607421875,3116.6953125,3084.172607421875,benchmark
ETH,benchmark,random_walk_zero_return,random_walk_zero_return,2025-12-13,2025-12-14,-0.01816399360114702,0.0,0.0,3116.6953125,3060.5947265625,3116.6953125,benchmark
ETH,benchmark,random_walk_zero_return,random_walk_zero_return,2025-12-14,2025-12-15,-0.03200777016588088,0.0,0.0,3060.5947265625,2964.18310546875,3060.5947265625,benchmark
ETH,benchmark,random_walk_zero_return,random_walk_zero_return,2025-12-15,2025-12-16,-7.412721688312701e-07,0.0,0.0,2964.18310546875,2964.180908203125,2964.18310546875,benchmark
ETH,benchmark,random_walk_zero_return,random_walk_zero_return,2025-12-16,2025-12-17,-0.045828192848759323,0.0,0.0,2964.180908203125,2831.403564453125,2964.180908203125,benchmark
ETH,benchmark,random_walk_zero_return,random_walk_zero_return,2025-12-17,2025-12-18,-0.0015320294953636582,0.0,0.0,2831.403564453125,2827.069091796875,2831.403564453125,benchmark
ETH,benchmark,random_walk_zero_return,random_walk_zero_return,2025-12-18,2025-12-19,0.05200157806139122,0.0,0.0,2827.069091796875,2977.970703125,2827.069091796875,benchmark
ETH,benchmark,random_walk_zero_return,random_walk_zero_return,2025-12-19,2025-12-20,-0.0001303602133292682,0.0,0.0,2977.970703125,2977.58251953125,2977.970703125,benchmark
ETH,benchmark,random_walk_zero_return,random_walk_zero_return,2025-12-20,2025-12-21,0.008038330984924418,0.0,0.0,2977.58251953125,3001.61376953125,2977.58251953125,benchmark
ETH,benchmark,random_walk_zero_return,random_walk_zero_return,2025-12-21,2025-12-22,0.0014847515809792915,0.0,0.0,3001.61376953125,3006.07373046875,3001.61376953125,benchmark
ETH,benchmark,random_walk_zero_return,random_walk_zero_return,2025-12-22,2025-12-23,-0.014306326840175283,0.0,0.0,3006.07373046875,2963.3740234375,3006.07373046875,benchmark
ETH,benchmark,random_walk_zero_return,random_walk_zero_return,2025-12-23,2025-12-24,-0.0060191597554604985,0.0,0.0,2963.3740234375,2945.590576171875,2963.3740234375,benchmark
ETH,benchmark,random_walk_zero_return,random_walk_zero_return,2025-12-24,2025-12-25,-0.014365015056822026,0.0,0.0,2945.590576171875,2903.57958984375,2945.590576171875,benchmark
ETH,benchmark,random_walk_zero_return,random_walk_zero_return,2025-12-25,2025-12-26,0.007605038907991378,0.0,0.0,2903.57958984375,2925.74560546875,2903.57958984375,benchmark
ETH,benchmark,random_walk_zero_return,random_walk_zero_return,2025-12-26,2025-12-27,0.0075770385642638756,0.0,0.0,2925.74560546875,2947.998291015625,2925.74560546875,benchmark
ETH,benchmark,random_walk_zero_return,random_walk_zero_return,2025-12-27,2025-12-28,0.00019327323098403297,0.0,0.0,2947.998291015625,2948.568115234375,2947.998291015625,benchmark
ETH,benchmark,random_walk_zero_return,random_walk_zero_return,2025-12-28,2025-12-29,-0.00476952504017534,0.0,0.0,2948.568115234375,2934.538330078125,2948.568115234375,benchmark
ETH,benchmark,random_walk_zero_return,random_walk_zero_return,2025-12-29,2025-12-30,0.012488715813386491,0.0,0.0,2934.538330078125,2971.416748046875,2934.538330078125,benchmark
ETH,benchmark,random_walk_zero_return,random_walk_zero_return,2025-12-30,2025-12-31,-0.0014748454494985343,0.0,0.0,2971.416748046875,2967.03759765625,2971.416748046875,benchmark
ETH,benchmark,random_walk_zero_return,random_walk_zero_return,2025-12-31,2026-01-01,0.01117969589667102,0.0,0.0,2967.03759765625,3000.394287109375,2967.03759765625,benchmark
ETH,benchmark,random_walk_zero_return,random_walk_zero_return,2026-01-01,2026-01-02,0.04050579142356504,0.0,0.0,3000.394287109375,3124.422607421875,3000.394287109375,benchmark
ETH,benchmark,random_walk_zero_return,random_walk_zero_return,2026-01-02,2026-01-03,0.0004783333560596635,0.0,0.0,3124.422607421875,3125.91748046875,3124.422607421875,benchmark
ETH,benchmark,random_walk_zero_return,random_walk_zero_return,2026-01-03,2026-01-04,0.004721198192569982,0.0,0.0,3125.91748046875,3140.71044921875,3125.91748046875,benchmark
ETH,benchmark,random_walk_zero_return,random_walk_zero_return,2026-01-04,2026-01-05,0.02683435946003148,0.0,0.0,3140.71044921875,3226.13037109375,3140.71044921875,benchmark
ETH,benchmark,random_walk_zero_return,random_walk_zero_return,2026-01-05,2026-01-06,0.021410072765534124,0.0,0.0,3226.13037109375,3295.94677734375,3226.13037109375,benchmark
ETH,benchmark,random_walk_zero_return,random_walk_zero_return,2026-01-06,2026-01-07,-0.039957957746070624,0.0,0.0,3295.94677734375,3166.843994140625,3295.94677734375,benchmark
ETH,benchmark,random_walk_zero_return,random_walk_zero_return,2026-01-07,2026-01-08,-0.01992066167813984,0.0,0.0,3166.843994140625,3104.382568359375,3166.843994140625,benchmark
ETH,benchmark,random_walk_zero_return,random_walk_zero_return,2026-01-08,2026-01-09,-0.006896412519137501,0.0,0.0,3104.382568359375,3083.047119140625,3104.382568359375,benchmark
ETH,benchmark,random_walk_zero_return,random_walk_zero_return,2026-01-09,2026-01-10,-0.00021121695136130524,0.0,0.0,3083.047119140625,3082.39599609375,3083.047119140625,benchmark
ETH,benchmark,random_walk_zero_return,random_walk_zero_return,2026-01-10,2026-01-11,0.011768432191719677,0.0,0.0,3082.39599609375,3118.88525390625,3082.39599609375,benchmark
ETH,benchmark,random_walk_zero_return,random_walk_zero_return,2026-01-11,2026-01-12,-0.008552349240195838,0.0,0.0,3118.88525390625,3092.3251953125,3118.88525390625,benchmark
ETH,benchmark,random_walk_zero_return,random_walk_zero_return,2026-01-12,2026-01-13,0.07167244785080332,0.0,0.0,3092.3251953125,3322.095458984375,3092.3251953125,benchmark
ETH,benchmark,random_walk_zero_return,random_walk_zero_return,2026-01-13,2026-01-14,0.009773355035415114,0.0,0.0,3322.095458984375,3354.72265625,3322.095458984375,benchmark
ETH,benchmark,random_walk_zero_return,random_walk_zero_return,2026-01-14,2026-01-15,-0.01127779653171091,0.0,0.0,3354.72265625,3317.101318359375,3354.72265625,benchmark
ETH,benchmark,random_walk_zero_return,random_walk_zero_return,2026-01-15,2026-01-16,-0.006538811242779367,0.0,0.0,3317.101318359375,3295.482177734375,3317.101318359375,benchmark
ETH,benchmark,random_walk_zero_return,random_walk_zero_return,2026-01-16,2026-01-17,0.004052512545503773,0.0,0.0,3295.482177734375,3308.8642578125,3295.482177734375,benchmark
ETH,benchmark,random_walk_zero_return,random_walk_zero_return,2026-01-17,2026-01-18,-0.008408684018054191,0.0,0.0,3308.8642578125,3281.15771484375,3308.8642578125,benchmark
ETH,benchmark,random_walk_zero_return,random_walk_zero_return,2026-01-18,2026-01-19,-0.029235184793820444,0.0,0.0,3281.15771484375,3186.62109375,3281.15771484375,benchmark
ETH,benchmark,random_walk_zero_return,random_walk_zero_return,2026-01-19,2026-01-20,-0.08204732940901807,0.0,0.0,3186.62109375,2935.605712890625,3186.62109375,benchmark
ETH,benchmark,random_walk_zero_return,random_walk_zero_return,2026-01-20,2026-01-21,0.014640674097217414,0.0,0.0,2935.605712890625,2978.901123046875,2935.605712890625,benchmark
ETH,benchmark,random_walk_zero_return,random_walk_zero_return,2026-01-21,2026-01-22,-0.009873624051331843,0.0,0.0,2978.901123046875,2949.63330078125,2978.901123046875,benchmark
ETH,benchmark,random_walk_zero_return,random_walk_zero_return,2026-01-22,2026-01-23,0.0012275504187740749,0.0,0.0,2949.63330078125,2953.25634765625,2949.63330078125,benchmark
ETH,benchmark,random_walk_zero_return,random_walk_zero_return,2026-01-23,2026-01-24,-0.0015302026847261398,0.0,0.0,2953.25634765625,2948.74072265625,2953.25634765625,benchmark
ETH,benchmark,random_walk_zero_return,random_walk_zero_return,2026-01-24,2026-01-25,-0.046095446910964524,0.0,0.0,2948.74072265625,2815.90234375,2948.74072265625,benchmark
ETH,benchmark,random_walk_zero_return,random_walk_zero_return,2026-01-25,2026-01-26,0.0385097283715548,0.0,0.0,2815.90234375,2926.45703125,2815.90234375,benchmark
ETH,benchmark,random_walk_zero_return,random_walk_zero_return,2026-01-26,2026-01-27,0.03219617504335294,0.0,0.0,2926.45703125,3022.2109375,2926.45703125,benchmark
ETH,benchmark,random_walk_zero_return,random_walk_zero_return,2026-01-27,2026-01-28,-0.005176321307197195,0.0,0.0,3022.2109375,3006.607421875,3022.2109375,benchmark
ETH,benchmark,random_walk_zero_return,random_walk_zero_return,2026-01-28,2026-01-29,-0.06470236643237812,0.0,0.0,3006.607421875,2818.232666015625,3006.607421875,benchmark
ETH,benchmark,random_walk_zero_return,random_walk_zero_return,2026-01-29,2026-01-30,-0.04197886796827195,0.0,0.0,2818.232666015625,2702.375244140625,2818.232666015625,benchmark
ETH,benchmark,random_walk_zero_return,random_walk_zero_return,2026-01-30,2026-01-31,-0.10004843937927187,0.0,0.0,2702.375244140625,2445.091796875,2702.375244140625,benchmark
ETH,benchmark,random_walk_zero_return,random_walk_zero_return,2026-01-31,2026-02-01,-0.07519978220290023,0.0,0.0,2445.091796875,2267.96484375,2445.091796875,benchmark
ETH,benchmark,random_walk_zero_return,random_walk_zero_return,2026-02-01,2026-02-02,0.03312814665299069,0.0,0.0,2267.96484375,2344.356689453125,2267.96484375,benchmark
ETH,benchmark,random_walk_zero_return,random_walk_zero_return,2026-02-02,2026-02-03,-0.05110473707553693,0.0,0.0,2344.356689453125,2227.558837890625,2344.356689453125,benchmark
ETH,benchmark,random_walk_zero_return,random_walk_zero_return,2026-02-03,2026-02-04,-0.03846435100865618,0.0,0.0,2227.558837890625,2143.504150390625,2227.558837890625,benchmark
ETH,benchmark,random_walk_zero_return,random_walk_zero_return,2026-02-04,2026-02-05,-0.16268108635736284,0.0,0.0,2143.504150390625,1821.68310546875,2143.504150390625,benchmark
ETH,benchmark,random_walk_zero_return,random_walk_zero_return,2026-02-05,2026-02-06,0.12458793243377704,0.0,0.0,1821.68310546875,2063.386962890625,1821.68310546875,benchmark
ETH,benchmark,random_walk_zero_return,random_walk_zero_return,2026-02-06,2026-02-07,0.013078072860626821,0.0,0.0,2063.386962890625,2090.54931640625,2063.386962890625,benchmark
ETH,benchmark,random_walk_zero_return,random_walk_zero_return,2026-02-07,2026-02-08,-0.00085486651992098,0.0,0.0,2090.54931640625,2088.762939453125,2090.54931640625,benchmark
ETH,benchmark,random_walk_zero_return,random_walk_zero_return,2026-02-08,2026-02-09,0.007062777520560773,0.0,0.0,2088.762939453125,2103.567626953125,2088.762939453125,benchmark
ETH,benchmark,random_walk_zero_return,random_walk_zero_return,2026-02-09,2026-02-10,-0.04078608660125574,0.0,0.0,2103.567626953125,2019.4974365234373,2103.567626953125,benchmark
ETH,benchmark,random_walk_zero_return,random_walk_zero_return,2026-02-10,2026-02-11,-0.03984048759789168,0.0,0.0,2019.4974365234373,1940.621337890625,2019.4974365234373,benchmark
ETH,benchmark,random_walk_zero_return,random_walk_zero_return,2026-02-11,2026-02-12,0.003251056309532056,0.0,0.0,1940.621337890625,1946.940673828125,1940.621337890625,benchmark
ETH,benchmark,random_walk_zero_return,random_walk_zero_return,2026-02-12,2026-02-13,0.05086191072713562,0.0,0.0,1946.940673828125,2048.52734375,1946.940673828125,benchmark
ETH,benchmark,random_walk_zero_return,random_walk_zero_return,2026-02-13,2026-02-14,0.018131871977993777,0.0,0.0,2048.52734375,2086.009765625,2048.52734375,benchmark
ETH,benchmark,random_walk_zero_return,random_walk_zero_return,2026-02-14,2026-02-15,-0.05923016066341757,0.0,0.0,2086.009765625,1966.04296875,2086.009765625,benchmark
ETH,benchmark,random_walk_zero_return,random_walk_zero_return,2026-02-15,2026-02-16,0.016082623092426845,0.0,0.0,1966.04296875,1997.917724609375,1966.04296875,benchmark
ETH,benchmark,random_walk_zero_return,random_walk_zero_return,2026-02-16,2026-02-17,-0.002868787898831094,0.0,0.0,1997.917724609375,1992.1943359375,1997.917724609375,benchmark
ETH,benchmark,random_walk_zero_return,random_walk_zero_return,2026-02-17,2026-02-18,-0.019371403139241388,0.0,0.0,1992.1943359375,1953.97412109375,1992.1943359375,benchmark
ETH,benchmark,random_walk_zero_return,random_walk_zero_return,2026-02-18,2026-02-19,-0.002958901252870125,0.0,0.0,1953.97412109375,1948.2010498046875,1953.97412109375,benchmark
ETH,benchmark,random_walk_zero_return,random_walk_zero_return,2026-02-19,2026-02-20,0.010630736664791151,0.0,0.0,1948.2010498046875,1969.0223388671875,1948.2010498046875,benchmark
ETH,benchmark,random_walk_zero_return,random_walk_zero_return,2026-02-20,2026-02-21,0.0023916477643178046,0.0,0.0,1969.0223388671875,1973.7371826171875,1969.0223388671875,benchmark
ETH,benchmark,random_walk_zero_return,random_walk_zero_return,2026-02-21,2026-02-22,-0.008104381025179103,0.0,0.0,1973.7371826171875,1957.805908203125,1973.7371826171875,benchmark
ETH,benchmark,random_walk_zero_return,random_walk_zero_return,2026-02-22,2026-02-23,-0.053668696967508325,0.0,0.0,1957.805908203125,1855.5028076171875,1957.805908203125,benchmark
ETH,benchmark,random_walk_zero_return,random_walk_zero_return,2026-02-23,2026-02-24,-0.001366236763411363,0.0,0.0,1855.5028076171875,1852.969482421875,1855.5028076171875,benchmark
ETH,benchmark,random_walk_zero_return,random_walk_zero_return,2026-02-24,2026-02-25,0.10330529755605292,0.0,0.0,1852.969482421875,2054.6279296875,1852.969482421875,benchmark
ETH,benchmark,random_walk_zero_return,random_walk_zero_return,2026-02-25,2026-02-26,-0.013640230652308093,0.0,0.0,2054.6279296875,2026.7926025390625,2054.6279296875,benchmark
ETH,benchmark,random_walk_zero_return,random_walk_zero_return,2026-02-26,2026-02-27,-0.04853988358482078,0.0,0.0,2026.7926025390625,1930.7618408203125,2026.7926025390625,benchmark
ETH,benchmark,random_walk_zero_return,random_walk_zero_return,2026-02-27,2026-02-28,0.017603302415937827,0.0,0.0,1930.7618408203125,1965.050537109375,1930.7618408203125,benchmark
ETH,benchmark,random_walk_zero_return,random_walk_zero_return,2026-02-28,2026-03-01,-0.013311214361673498,0.0,0.0,1965.050537109375,1939.066650390625,1965.050537109375,benchmark
ETH,benchmark,random_walk_zero_return,random_walk_zero_return,2026-03-01,2026-03-02,0.04448277882265156,0.0,0.0,1939.066650390625,2027.2689208984373,1939.066650390625,benchmark
ETH,benchmark,random_walk_zero_return,random_walk_zero_return,2026-03-02,2026-03-03,-0.02219521539096451,0.0,0.0,2027.2689208984373,1982.7689208984373,2027.2689208984373,benchmark
ETH,benchmark,random_walk_zero_return,random_walk_zero_return,2026-03-03,2026-03-04,0.06998564880773499,0.0,0.0,1982.7689208984373,2126.50537109375,1982.7689208984373,benchmark
ETH,benchmark,random_walk_zero_return,random_walk_zero_return,2026-03-04,2026-03-05,-0.026156066067129717,0.0,0.0,2126.50537109375,2071.60546875,2126.50537109375,benchmark
ETH,benchmark,random_walk_zero_return,random_walk_zero_return,2026-03-05,2026-03-06,-0.04585794631276462,0.0,0.0,2071.60546875,1978.751220703125,2071.60546875,benchmark
ETH,benchmark,random_walk_zero_return,random_walk_zero_return,2026-03-06,2026-03-07,-0.004708868776353749,0.0,0.0,1978.751220703125,1969.4554443359373,1978.751220703125,benchmark
ETH,benchmark,random_walk_zero_return,random_walk_zero_return,2026-03-07,2026-03-08,-0.016820776457913442,0.0,0.0,1969.4554443359373,1936.604736328125,1969.4554443359373,benchmark
ETH,benchmark,random_walk_zero_return,random_walk_zero_return,2026-03-08,2026-03-09,0.028673744603590037,0.0,0.0,1936.604736328125,1992.938232421875,1936.604736328125,benchmark
ETH,benchmark,random_walk_zero_return,random_walk_zero_return,2026-03-09,2026-03-10,0.021927234478122906,0.0,0.0,1992.938232421875,2037.1204833984373,1992.938232421875,benchmark
ETH,benchmark,random_walk_zero_return,random_walk_zero_return,2026-03-10,2026-03-11,0.007069651069372434,0.0,0.0,2037.1204833984373,2051.5732421875,2037.1204833984373,benchmark
ETH,benchmark,random_walk_zero_return,random_walk_zero_return,2026-03-11,2026-03-12,0.010455613837732266,0.0,0.0,2051.5732421875,2073.13623046875,2051.5732421875,benchmark
ETH,benchmark,random_walk_zero_return,random_walk_zero_return,2026-03-12,2026-03-13,0.00932731032254328,0.0,0.0,2073.13623046875,2092.5634765625,2073.13623046875,benchmark
ETH,benchmark,random_walk_zero_return,random_walk_zero_return,2026-03-13,2026-03-14,0.0021592233043722896,0.0,0.0,2092.5634765625,2097.086669921875,2092.5634765625,benchmark
ETH,benchmark,random_walk_zero_return,random_walk_zero_return,2026-03-14,2026-03-15,0.03761747257489843,0.0,0.0,2097.086669921875,2177.476318359375,2097.086669921875,benchmark
ETH,benchmark,random_walk_zero_return,random_walk_zero_return,2026-03-15,2026-03-16,0.0767490852405507,0.0,0.0,2177.476318359375,2351.176025390625,2177.476318359375,benchmark
ETH,benchmark,random_walk_zero_return,random_walk_zero_return,2026-03-16,2026-03-17,-0.014187828746907258,0.0,0.0,2351.176025390625,2318.053466796875,2351.176025390625,benchmark
ETH,benchmark,random_walk_zero_return,random_walk_zero_return,2026-03-17,2026-03-18,-0.05060291819156262,0.0,0.0,2318.053466796875,2203.671630859375,2318.053466796875,benchmark
ETH,benchmark,random_walk_zero_return,random_walk_zero_return,2026-03-18,2026-03-19,-0.030523607148640667,0.0,0.0,2203.671630859375,2137.423828125,2203.671630859375,benchmark
ETH,benchmark,random_walk_zero_return,random_walk_zero_return,2026-03-19,2026-03-20,0.004235958585431247,0.0,0.0,2137.423828125,2146.4970703125,2137.423828125,benchmark
ETH,benchmark,random_walk_zero_return,random_walk_zero_return,2026-03-20,2026-03-21,-0.033061992006107994,0.0,0.0,2146.4970703125,2076.68994140625,2146.4970703125,benchmark
ETH,benchmark,random_walk_zero_return,random_walk_zero_return,2026-03-21,2026-03-22,-0.011449568094526609,0.0,0.0,2076.68994140625,2053.04833984375,2076.68994140625,benchmark
ETH,benchmark,random_walk_zero_return,random_walk_zero_return,2026-03-22,2026-03-23,0.04713979833568274,0.0,0.0,2053.04833984375,2152.14599609375,2053.04833984375,benchmark
ETH,benchmark,random_walk_zero_return,random_walk_zero_return,2026-03-23,2026-03-24,0.0016520306586044232,0.0,0.0,2152.14599609375,2155.704345703125,2152.14599609375,benchmark
ETH,benchmark,random_walk_zero_return,random_walk_zero_return,2026-03-24,2026-03-25,0.005697480587391201,0.0,0.0,2155.704345703125,2168.021484375,2155.704345703125,benchmark
ETH,benchmark,random_walk_zero_return,random_walk_zero_return,2026-03-25,2026-03-26,-0.05131370661715102,0.0,0.0,2168.021484375,2059.578369140625,2168.021484375,benchmark
ETH,benchmark,random_walk_zero_return,random_walk_zero_return,2026-03-26,2026-03-27,-0.033727669892453536,0.0,0.0,2059.578369140625,1991.27197265625,2059.578369140625,benchmark
ETH,benchmark,random_walk_zero_return,random_walk_zero_return,2026-03-27,2026-03-28,0.0007141663784116856,0.0,0.0,1991.27197265625,1992.694580078125,1991.27197265625,benchmark
ETH,benchmark,random_walk_zero_return,random_walk_zero_return,2026-03-28,2026-03-29,-0.005098999439741094,0.0,0.0,1992.694580078125,1982.5596923828125,1992.694580078125,benchmark
ETH,benchmark,random_walk_zero_return,random_walk_zero_return,2026-03-29,2026-03-30,0.02044726139354914,0.0,0.0,1982.5596923828125,2023.514892578125,1982.5596923828125,benchmark
ETH,benchmark,random_walk_zero_return,random_walk_zero_return,2026-03-30,2026-03-31,0.039340814763852025,0.0,0.0,2023.514892578125,2104.708251953125,2023.514892578125,benchmark
ETH,benchmark,random_walk_zero_return,random_walk_zero_return,2026-03-31,2026-04-01,0.016038636316827372,0.0,0.0,2104.708251953125,2138.737060546875,2104.708251953125,benchmark
ETH,benchmark,random_walk_zero_return,random_walk_zero_return,2026-04-01,2026-04-02,-0.03903857547596571,0.0,0.0,2138.737060546875,2056.8525390625,2138.737060546875,benchmark
ETH,benchmark,random_walk_zero_return,random_walk_zero_return,2026-04-02,2026-04-03,-0.0016871461717564678,0.0,0.0,2056.8525390625,2053.38525390625,2056.8525390625,benchmark
ETH,benchmark,random_walk_zero_return,random_walk_zero_return,2026-04-03,2026-04-04,0.00581068555550107,0.0,0.0,2053.38525390625,2065.3515625,2053.38525390625,benchmark
ETH,benchmark,random_walk_zero_return,random_walk_zero_return,2026-04-04,2026-04-05,0.020911357684258978,0.0,0.0,2065.3515625,2108.99560546875,2065.3515625,benchmark
ETH,benchmark,random_walk_zero_return,random_walk_zero_return,2026-04-05,2026-04-06,-0.0005853459761497797,0.0,0.0,2108.99560546875,2107.761474609375,2108.99560546875,benchmark
ETH,benchmark,random_walk_zero_return,random_walk_zero_return,2026-04-06,2026-04-07,0.06165560497032879,0.0,0.0,2107.761474609375,2241.806640625,2107.761474609375,benchmark
ETH,benchmark,random_walk_zero_return,random_walk_zero_return,2026-04-07,2026-04-08,-0.02322737152703056,0.0,0.0,2241.806640625,2190.33544921875,2241.806640625,benchmark
ETH,benchmark,random_walk_zero_return,random_walk_zero_return,2026-04-08,2026-04-09,-0.0005440857898826656,0.0,0.0,2190.33544921875,2189.14404296875,2190.33544921875,benchmark
ETH,benchmark,random_walk_zero_return,random_walk_zero_return,2026-04-09,2026-04-10,0.025261127435567108,0.0,0.0,2189.14404296875,2245.148681640625,2189.14404296875,benchmark
ETH,benchmark,random_walk_zero_return,random_walk_zero_return,2026-04-10,2026-04-11,0.017765001038666954,0.0,0.0,2245.148681640625,2285.39013671875,2245.148681640625,benchmark
ETH,benchmark,random_walk_zero_return,random_walk_zero_return,2026-04-11,2026-04-12,-0.04163060757712065,0.0,0.0,2285.39013671875,2192.201171875,2285.39013671875,benchmark
ETH,benchmark,random_walk_zero_return,random_walk_zero_return,2026-04-12,2026-04-13,0.07828539113868566,0.0,0.0,2192.201171875,2370.71484375,2192.201171875,benchmark
ETH,benchmark,random_walk_zero_return,random_walk_zero_return,2026-04-13,2026-04-14,-0.02019924377033633,0.0,0.0,2370.71484375,2323.30859375,2370.71484375,benchmark
ETH,benchmark,random_walk_zero_return,random_walk_zero_return,2026-04-14,2026-04-15,0.015430748489014857,0.0,0.0,2323.30859375,2359.43701171875,2323.30859375,benchmark
ETH,benchmark,random_walk_zero_return,random_walk_zero_return,2026-04-15,2026-04-16,-0.004584461790341291,0.0,0.0,2359.43701171875,2348.64501953125,2359.43701171875,benchmark
ETH,benchmark,random_walk_zero_return,random_walk_zero_return,2026-04-16,2026-04-17,0.03037175089257519,0.0,0.0,2348.64501953125,2421.07177734375,2348.64501953125,benchmark
ETH,benchmark,random_walk_zero_return,random_walk_zero_return,2026-04-17,2026-04-18,-0.029326772361462847,0.0,0.0,2421.07177734375,2351.1005859375,2421.07177734375,benchmark
ETH,benchmark,random_walk_zero_return,random_walk_zero_return,2026-04-18,2026-04-19,-0.0373454427406088,0.0,0.0,2351.1005859375,2264.9169921875,2351.1005859375,benchmark
ETH,benchmark,random_walk_zero_return,random_walk_zero_return,2026-04-19,2026-04-20,0.021963323579239753,0.0,0.0,2264.9169921875,2315.21240234375,2264.9169921875,benchmark
ETH,benchmark,random_walk_zero_return,random_walk_zero_return,2026-04-20,2026-04-21,0.0054954065471357755,0.0,0.0,2315.21240234375,2327.970458984375,2315.21240234375,benchmark
ETH,benchmark,random_walk_zero_return,random_walk_zero_return,2026-04-21,2026-04-22,0.02045865422003999,0.0,0.0,2327.970458984375,2376.088134765625,2327.970458984375,benchmark
ETH,benchmark,random_walk_zero_return,random_walk_zero_return,2026-04-22,2026-04-23,-0.0189376886242059,0.0,0.0,2376.088134765625,2331.513916015625,2376.088134765625,benchmark
ETH,benchmark,random_walk_zero_return,random_walk_zero_return,2026-04-23,2026-04-24,-0.006810026535066284,0.0,0.0,2331.513916015625,2315.690185546875,2331.513916015625,benchmark
ETH,benchmark,random_walk_zero_return,random_walk_zero_return,2026-04-24,2026-04-25,0.001354581263398566,0.0,0.0,2315.690185546875,2318.8291015625,2315.690185546875,benchmark
ETH,benchmark,random_walk_zero_return,random_walk_zero_return,2026-04-25,2026-04-26,0.02171324359272805,0.0,0.0,2318.8291015625,2369.72900390625,2318.8291015625,benchmark
ETH,benchmark,random_walk_zero_return,random_walk_zero_return,2026-04-26,2026-04-27,-0.02853520923910551,0.0,0.0,2369.72900390625,2303.06396484375,2369.72900390625,benchmark
ETH,benchmark,random_walk_zero_return,random_walk_zero_return,2026-04-27,2026-04-28,-0.005942025412355139,0.0,0.0,2303.06396484375,2289.419677734375,2303.06396484375,benchmark
ETH,benchmark,random_walk_zero_return,random_walk_zero_return,2026-04-28,2026-04-29,-0.01585118391858995,0.0,0.0,2289.419677734375,2253.415771484375,2289.419677734375,benchmark
ETH,benchmark,random_walk_zero_return,random_walk_zero_return,2026-04-29,2026-04-30,0.0012574984349416124,0.0,0.0,2253.415771484375,2256.251220703125,2253.415771484375,benchmark
ETH,benchmark,random_walk_zero_return,random_walk_zero_return,2026-04-30,2026-05-01,0.017069008220622378,0.0,0.0,2256.251220703125,2295.09375,2256.251220703125,benchmark
ETH,benchmark,random_walk_zero_return,random_walk_zero_return,2026-05-01,2026-05-02,0.00916800638403556,0.0,0.0,2295.09375,2316.23193359375,2295.09375,benchmark
ETH,benchmark,random_walk_zero_return,random_walk_zero_return,2026-05-02,2026-05-03,0.0023302997915724253,0.0,0.0,2316.23193359375,2321.6357421875,2316.23193359375,benchmark
ETH,benchmark,random_walk_zero_return,random_walk_zero_return,2026-05-03,2026-05-04,0.010608949945406291,0.0,0.0,2321.6357421875,2346.39697265625,2321.6357421875,benchmark
ETH,benchmark,random_walk_zero_return,random_walk_zero_return,2026-05-04,2026-05-05,0.00628165402969772,0.0,0.0,2346.39697265625,2361.1826171875,2346.39697265625,benchmark
ETH,benchmark,random_walk_zero_return,random_walk_zero_return,2026-05-05,2026-05-06,-0.004406055141063485,0.0,0.0,2361.1826171875,2350.802001953125,2361.1826171875,benchmark
ETH,benchmark,random_walk_zero_return,random_walk_zero_return,2026-05-06,2026-05-07,-0.02572114978849261,0.0,0.0,2350.802001953125,2291.107666015625,2350.802001953125,benchmark
ETH,benchmark,random_walk_zero_return,random_walk_zero_return,2026-05-07,2026-05-08,0.006900517380177334,0.0,0.0,2291.107666015625,2306.97216796875,2291.107666015625,benchmark
ETH,benchmark,random_walk_zero_return,random_walk_zero_return,2026-05-08,2026-05-09,0.008526770803293412,0.0,0.0,2306.97216796875,2326.727294921875,2306.97216796875,benchmark
ETH,benchmark,random_walk_zero_return,random_walk_zero_return,2026-05-09,2026-05-10,0.018023789401602215,0.0,0.0,2326.727294921875,2369.0439453125,2326.727294921875,benchmark
ETH,benchmark,random_walk_zero_return,random_walk_zero_return,2026-05-10,2026-05-11,-0.012608728464913158,0.0,0.0,2369.0439453125,2339.36083984375,2369.0439453125,benchmark
ETH,benchmark,random_walk_zero_return,random_walk_zero_return,2026-05-11,2026-05-12,-0.028054385823506677,0.0,0.0,2339.36083984375,2274.6435546875,2339.36083984375,benchmark
ETH,benchmark,random_walk_zero_return,random_walk_zero_return,2026-05-12,2026-05-13,-0.007531505292275851,0.0,0.0,2274.6435546875,2257.576416015625,2274.6435546875,benchmark
ETH,benchmark,random_walk_zero_return,random_walk_zero_return,2026-05-13,2026-05-14,0.01029350969888902,0.0,0.0,2257.576416015625,2280.934814453125,2257.576416015625,benchmark
ETH,benchmark,random_walk_zero_return,random_walk_zero_return,2026-05-14,2026-05-15,-0.025579807171991084,0.0,0.0,2280.934814453125,2223.328857421875,2280.934814453125,benchmark
ETH,benchmark,random_walk_zero_return,random_walk_zero_return,2026-05-15,2026-05-16,-0.019794470746775893,0.0,0.0,2223.328857421875,2179.751953125,2223.328857421875,benchmark
ETH,benchmark,random_walk_zero_return,random_walk_zero_return,2026-05-16,2026-05-17,-0.024195229175847065,0.0,0.0,2179.751953125,2127.645263671875,2179.751953125,benchmark
ETH,benchmark,random_walk_zero_return,random_walk_zero_return,2026-05-17,2026-05-18,0.0004092183281597835,0.0,0.0,2127.645263671875,2128.51611328125,2127.645263671875,benchmark
ETH,benchmark,random_walk_zero_return,random_walk_zero_return,2026-05-18,2026-05-19,-0.00875425372369268,0.0,0.0,2128.51611328125,2109.9638671875,2128.51611328125,benchmark
ETH,benchmark,random_walk_zero_return,random_walk_zero_return,2026-05-19,2026-05-20,0.008033908248005973,0.0,0.0,2109.9638671875,2126.9833984375,2109.9638671875,benchmark
ETH,benchmark,random_walk_zero_return,random_walk_zero_return,2026-05-20,2026-05-21,0.002079303908552925,0.0,0.0,2126.9833984375,2131.41064453125,2126.9833984375,benchmark
ETH,benchmark,random_walk_zero_return,random_walk_zero_return,2026-05-21,2026-05-22,-0.031829628880296966,0.0,0.0,2131.41064453125,2064.636962890625,2131.41064453125,benchmark
ETH,benchmark,random_walk_zero_return,random_walk_zero_return,2026-05-22,2026-05-23,0.024550147375465296,0.0,0.0,2064.636962890625,2115.951416015625,2064.636962890625,benchmark
ETH,benchmark,random_walk_zero_return,random_walk_zero_return,2026-05-23,2026-05-24,-0.008522952674199372,0.0,0.0,2115.951416015625,2097.993896484375,2115.951416015625,benchmark
ETH,benchmark,random_walk_zero_return,random_walk_zero_return,2026-05-24,2026-05-25,0.006355596261768782,0.0,0.0,2097.993896484375,2111.370361328125,2097.993896484375,benchmark
ETH,benchmark,random_walk_zero_return,random_walk_zero_return,2026-05-25,2026-05-26,-0.019374108363781214,0.0,0.0,2111.370361328125,2070.858154296875,2111.370361328125,benchmark
ETH,benchmark,random_walk_zero_return,random_walk_zero_return,2026-05-26,2026-05-27,-0.023777930243884346,0.0,0.0,2070.858154296875,2022.1982421875,2070.858154296875,benchmark
ETH,benchmark,random_walk_zero_return,random_walk_zero_return,2026-05-27,2026-05-28,-0.0072687232435778805,0.0,0.0,2022.1982421875,2007.552734375,2022.1982421875,benchmark
ETH,benchmark,random_walk_zero_return,random_walk_zero_return,2026-05-28,2026-05-29,0.00220213888797984,0.0,0.0,2007.552734375,2011.978515625,2007.552734375,benchmark
ETH,benchmark,random_walk_zero_return,random_walk_zero_return,2026-05-29,2026-05-30,0.0037107092790728668,0.0,0.0,2011.978515625,2019.458251953125,2011.978515625,benchmark
ETH,benchmark,random_walk_zero_return,random_walk_zero_return,2026-05-30,2026-05-31,-0.007513679144432405,0.0,0.0,2019.458251953125,2004.341552734375,2019.458251953125,benchmark
ETH,benchmark,random_walk_zero_return,random_walk_zero_return,2026-05-31,2026-06-01,-0.0005591235515652776,0.0,0.0,2004.341552734375,2003.22119140625,2004.341552734375,benchmark
ETH,benchmark,random_walk_zero_return,random_walk_zero_return,2026-06-01,2026-06-02,-0.07540853835127649,0.0,0.0,2003.22119140625,1857.71630859375,2003.22119140625,benchmark
ETH,benchmark,random_walk_zero_return,random_walk_zero_return,2026-06-02,2026-06-03,-0.02506448300158351,0.0,0.0,1857.71630859375,1811.7322998046875,1857.71630859375,benchmark
ETH,benchmark,random_walk_zero_return,random_walk_zero_return,2026-06-03,2026-06-04,-0.023540908919617697,0.0,0.0,1811.7322998046875,1769.58056640625,1811.7322998046875,benchmark
ETH,benchmark,random_walk_zero_return,random_walk_zero_return,2026-06-04,2026-06-05,-0.11277301635815795,0.0,0.0,1769.58056640625,1580.86083984375,1769.58056640625,benchmark
ETH,benchmark,random_walk_zero_return,random_walk_zero_return,2026-06-05,2026-06-06,-0.00767912718680117,0.0,0.0,1580.86083984375,1568.7677001953125,1580.86083984375,benchmark
ETH,benchmark,random_walk_zero_return,random_walk_zero_return,2026-06-06,2026-06-07,0.07230344307254986,0.0,0.0,1568.7677001953125,1686.396240234375,1568.7677001953125,benchmark
ETH,benchmark,random_walk_zero_return,random_walk_zero_return,2026-06-07,2026-06-08,0.002222580242866329,0.0,0.0,1686.396240234375,1690.1485595703125,1686.396240234375,benchmark
ETH,benchmark,random_walk_zero_return,random_walk_zero_return,2026-06-08,2026-06-09,-0.031519541921552284,0.0,0.0,1690.1485595703125,1637.7066650390625,1690.1485595703125,benchmark
ETH,benchmark,random_walk_zero_return,random_walk_zero_return,2026-06-09,2026-06-10,-0.010785745482471555,0.0,0.0,1637.7066650390625,1620.1376953125,1637.7066650390625,benchmark
ETH,benchmark,random_walk_zero_return,random_walk_zero_return,2026-06-10,2026-06-11,0.03167720451879468,0.0,0.0,1620.1376953125,1672.2806396484375,1620.1376953125,benchmark
ETH,benchmark,random_walk_zero_return,random_walk_zero_return,2026-06-11,2026-06-12,-0.004286465439468386,0.0,0.0,1672.2806396484375,1665.1278076171875,1672.2806396484375,benchmark
ETH,benchmark,random_walk_zero_return,random_walk_zero_return,2026-06-12,2026-06-13,0.009019641302053691,0.0,0.0,1665.1278076171875,1680.214599609375,1665.1278076171875,benchmark
ETH,benchmark,random_walk_zero_return,random_walk_zero_return,2026-06-13,2026-06-14,0.02608131744744488,0.0,0.0,1680.214599609375,1724.61328125,1680.214599609375,benchmark
ETH,benchmark,random_walk_zero_return,random_walk_zero_return,2026-06-14,2026-06-15,0.03998055531190125,0.0,0.0,1724.61328125,1794.961181640625,1724.61328125,benchmark
ETH,benchmark,random_walk_zero_return,random_walk_zero_return,2026-06-15,2026-06-16,-0.002545346375384009,0.0,0.0,1794.961181640625,1790.398193359375,1794.961181640625,benchmark
ETH,benchmark,random_walk_zero_return,random_walk_zero_return,2026-06-16,2026-06-17,-0.024031278966082516,0.0,0.0,1790.398193359375,1747.885498046875,1790.398193359375,benchmark
ETH,benchmark,random_walk_zero_return,random_walk_zero_return,2026-06-17,2026-06-18,-0.022186275106794908,0.0,0.0,1747.885498046875,1709.533447265625,1747.885498046875,benchmark
ETH,benchmark,random_walk_zero_return,random_walk_zero_return,2026-06-18,2026-06-19,0.0008472258287815989,0.0,0.0,1709.533447265625,1710.982421875,1709.533447265625,benchmark
ETH,benchmark,random_walk_zero_return,random_walk_zero_return,2026-06-19,2026-06-20,0.016415812264568657,0.0,0.0,1710.982421875,1739.3013916015625,1710.982421875,benchmark
ETH,benchmark,random_walk_zero_return,random_walk_zero_return,2026-06-20,2026-06-21,-0.020164455160312907,0.0,0.0,1739.3013916015625,1704.58056640625,1739.3013916015625,benchmark
ETH,benchmark,random_walk_zero_return,random_walk_zero_return,2026-06-21,2026-06-22,0.012783452112487081,0.0,0.0,1704.58056640625,1726.5108642578125,1704.58056640625,benchmark
ETH,benchmark,random_walk_zero_return,random_walk_zero_return,2026-06-22,2026-06-23,-0.036015118575190234,0.0,0.0,1726.5108642578125,1665.436767578125,1726.5108642578125,benchmark
ETH,benchmark,random_walk_zero_return,random_walk_zero_return,2026-06-23,2026-06-24,-0.027707605238555068,0.0,0.0,1665.436767578125,1619.9249267578125,1665.436767578125,benchmark
ETH,benchmark,random_walk_zero_return,random_walk_zero_return,2026-06-24,2026-06-25,-0.03461114583410765,0.0,0.0,1619.9249267578125,1564.816650390625,1619.9249267578125,benchmark
ETH,benchmark,random_walk_zero_return,random_walk_zero_return,2026-06-25,2026-06-26,0.00751217354974333,0.0,0.0,1564.816650390625,1576.6160888671875,1564.816650390625,benchmark
ETH,benchmark,random_walk_zero_return,random_walk_zero_return,2026-06-26,2026-06-27,-0.003194097811799365,0.0,0.0,1576.6160888671875,1571.5882568359375,1576.6160888671875,benchmark
ETH,benchmark,random_walk_zero_return,random_walk_zero_return,2026-06-27,2026-06-28,-0.0007810761173124416,0.0,0.0,1571.5882568359375,1570.3612060546875,1571.5882568359375,benchmark
ETH,benchmark,random_walk_zero_return,random_walk_zero_return,2026-06-28,2026-06-29,0.025056343014794192,0.0,0.0,1570.3612060546875,1610.205810546875,1570.3612060546875,benchmark
ETH,benchmark,random_walk_zero_return,random_walk_zero_return,2026-06-29,2026-06-30,-0.025551475094469023,0.0,0.0,1610.205810546875,1569.5838623046875,1610.205810546875,benchmark
ETH,benchmark,random_walk_zero_return,random_walk_zero_return,2026-06-30,2026-07-01,0.024777910106091337,0.0,0.0,1569.5838623046875,1608.960693359375,1569.5838623046875,benchmark
ETH,benchmark,random_walk_zero_return,random_walk_zero_return,2026-07-01,2026-07-02,0.053962428648177775,0.0,0.0,1608.960693359375,1698.16943359375,1608.960693359375,benchmark
ETH,benchmark,random_walk_zero_return,random_walk_zero_return,2026-07-02,2026-07-03,0.0337829584823897,0.0,0.0,1698.16943359375,1756.5186767578125,1698.16943359375,benchmark
ETH,benchmark,random_walk_zero_return,random_walk_zero_return,2026-07-03,2026-07-04,0.012736109597214896,0.0,0.0,1756.5186767578125,1779.032958984375,1756.5186767578125,benchmark
ETH,benchmark,random_walk_zero_return,random_walk_zero_return,2026-07-04,2026-07-05,0.002230758380216772,0.0,0.0,1779.032958984375,1783.0059814453125,1779.032958984375,benchmark
ETH,benchmark,random_walk_zero_return,random_walk_zero_return,2026-07-05,2026-07-06,0.008137134529373787,0.0,0.0,1783.0059814453125,1797.57373046875,1783.0059814453125,benchmark
ETH,benchmark,random_walk_zero_return,random_walk_zero_return,2026-07-06,2026-07-07,-0.016299610142193822,0.0,0.0,1797.57373046875,1768.511474609375,1797.57373046875,benchmark
ETH,benchmark,random_walk_zero_return,random_walk_zero_return,2026-07-07,2026-07-08,-0.014715429926392411,0.0,0.0,1768.511474609375,1742.6776123046875,1768.511474609375,benchmark
ETH,benchmark,random_walk_zero_return,random_walk_zero_return,2026-07-08,2026-07-09,0.0010363767887721133,0.0,0.0,1742.6776123046875,1744.484619140625,1742.6776123046875,benchmark
ETH,benchmark,random_walk_zero_return,random_walk_zero_return,2026-07-09,2026-07-10,0.028931987175530218,0.0,0.0,1744.484619140625,1795.6932373046875,1744.484619140625,benchmark
ETH,benchmark,random_walk_zero_return,random_walk_zero_return,2026-07-10,2026-07-11,-0.004237766868141637,0.0,0.0,1795.6932373046875,1788.099609375,1795.6932373046875,benchmark
ETH,benchmark,random_walk_zero_return,random_walk_zero_return,2026-07-11,2026-07-12,0.00984372406415057,0.0,0.0,1788.099609375,1805.7880859375,1788.099609375,benchmark
ETH,benchmark,random_walk_zero_return,random_walk_zero_return,2026-07-12,2026-07-13,-0.018041700992512517,0.0,0.0,1805.7880859375,1773.500732421875,1805.7880859375,benchmark
ETH,benchmark,random_walk_zero_return,random_walk_zero_return,2026-07-13,2026-07-14,0.06334617578601259,0.0,0.0,1773.500732421875,1889.4798583984373,1773.500732421875,benchmark
ETH,benchmark,random_walk_zero_return,random_walk_zero_return,2026-07-14,2026-07-15,0.014430524175558828,0.0,0.0,1889.4798583984373,1916.9437255859373,1889.4798583984373,benchmark
ETH,benchmark,random_walk_zero_return,random_walk_zero_return,2026-07-15,2026-07-16,-0.028440232689138405,0.0,0.0,1916.9437255859373,1863.193359375,1916.9437255859373,benchmark
ETH,benchmark,random_walk_zero_return,random_walk_zero_return,2026-07-16,2026-07-17,-0.011989404987594009,0.0,0.0,1863.193359375,1840.9881591796875,1863.193359375,benchmark
ETH,benchmark,random_walk_zero_return,random_walk_zero_return,2026-07-17,2026-07-18,0.011022172689536534,0.0,0.0,1840.9881591796875,1861.39208984375,1840.9881591796875,benchmark
ETH,benchmark,random_walk_zero_return,random_walk_zero_return,2026-07-18,2026-07-19,0.005420170979573819,0.0,0.0,1861.39208984375,1871.508544921875,1861.39208984375,benchmark
ETH,benchmark,random_walk_zero_return,random_walk_zero_return,2026-07-19,2026-07-20,0.01708549188125397,0.0,0.0,1871.508544921875,1903.7589111328125,1871.508544921875,benchmark
ETH,benchmark,random_walk_zero_return,random_walk_zero_return,2026-07-20,2026-07-21,0.012851931047764876,0.0,0.0,1903.7589111328125,1928.3837890625,1903.7589111328125,benchmark
ETH,benchmark,random_walk_zero_return,random_walk_zero_return,2026-07-21,2026-07-22,0.0026444810723667356,0.0,0.0,1928.3837890625,1933.4901123046875,1928.3837890625,benchmark
ETH,benchmark,random_walk_zero_return,random_walk_zero_return,2026-07-22,2026-07-23,-0.029598568421148785,0.0,0.0,1933.4901123046875,1877.1002197265625,1933.4901123046875,benchmark
ETH,benchmark,random_walk_zero_return,random_walk_zero_return,2026-07-23,2026-07-24,-0.009056635454748527,0.0,0.0,1877.1002197265625,1860.1767578125,1877.1002197265625,benchmark
ETH,benchmark,random_walk_zero_return,random_walk_zero_return,2026-07-24,2026-07-25,0.006988648574768904,0.0,0.0,1860.1767578125,1873.222412109375,1860.1767578125,benchmark
ETH,benchmark,random_walk_zero_return,random_walk_zero_return,2026-07-25,2026-07-26,0.041917042836694604,0.0,0.0,1873.222412109375,1953.4112548828125,1873.222412109375,benchmark
ETH,benchmark,random_walk_zero_return,random_walk_zero_return,2026-07-26,2026-07-27,-0.032675812699619874,0.0,0.0,1953.4112548828125,1890.613525390625,1953.4112548828125,benchmark
ETH,benchmark,random_walk_zero_return,random_walk_zero_return,2026-07-27,2026-07-28,0.015396962638548027,0.0,0.0,1890.613525390625,1919.948486328125,1890.613525390625,benchmark
ETH,benchmark,random_walk_zero_return,random_walk_zero_return,2026-07-28,2026-07-29,-0.005970784512141466,0.0,0.0,1919.948486328125,1908.51904296875,1919.948486328125,benchmark
ETH,benchmark,random_walk_zero_return,random_walk_zero_return,2026-07-29,2026-07-30,0.004628409644754907,0.0,0.0,1908.51904296875,1917.3729248046875,1908.51904296875,benchmark
ETH,benchmark,random_walk_zero_return,random_walk_zero_return,2026-07-30,2026-07-31,-0.03019351719084729,0.0,0.0,1917.3729248046875,1860.345947265625,1917.3729248046875,benchmark
ETH,benchmark,random_walk_zero_return,random_walk_zero_return,2026-07-31,2026-08-01,-0.009141155880177469,0.0,0.0,1860.345947265625,1843.417724609375,1860.345947265625,benchmark
ETH,benchmark,random_walk_zero_return,random_walk_zero_return,2026-08-01,2026-08-02,0.020991044981634618,0.0,0.0,1843.417724609375,1882.52197265625,1843.417724609375,benchmark
ETH,benchmark,random_walk_zero_return,random_walk_zero_return,2026-08-02,2026-08-03,-0.012973686445006478,0.0,0.0,1882.52197265625,1858.2564697265625,1882.52197265625,benchmark
ETH,benchmark,random_walk_zero_return,random_walk_zero_return,2026-08-03,2026-08-04,0.005436217682913836,0.0,0.0,1858.2564697265625,1868.3858642578125,1858.2564697265625,benchmark
ETH,benchmark,random_walk_zero_return,random_walk_zero_return,2026-08-04,2026-08-05,0.02020785436698823,0.0,0.0,1868.3858642578125,1906.5260009765625,1868.3858642578125,benchmark
ETH,benchmark,random_walk_zero_return,random_walk_zero_return,2026-08-05,2026-08-06,-0.002346545855886157,0.0,0.0,1906.5260009765625,1902.0574951171875,1906.5260009765625,benchmark
ETH,benchmark,random_walk_zero_return,random_walk_zero_return,2026-08-06,2026-08-07,0.005882550580216205,0.0,0.0,1902.0574951171875,1913.2794189453125,1902.0574951171875,benchmark
ETH,benchmark,random_walk_zero_return,random_walk_zero_return,2026-08-07,2026-08-08,0.001177148461113393,0.0,0.0,1913.2794189453125,1915.532958984375,1913.2794189453125,benchmark
ETH,benchmark,random_walk_zero_return,random_walk_zero_return,2026-08-08,2026-08-09,-0.0035825526559130822,0.0,0.0,1915.532958984375,1908.6827392578125,1915.532958984375,benchmark
ETH,benchmark,random_walk_zero_return,random_walk_zero_return,2026-08-09,2026-08-10,-0.019791352046331357,0.0,0.0,1908.6827392578125,1871.2786865234373,1908.6827392578125,benchmark
ETH,benchmark,random_walk_zero_return,random_walk_zero_return,2026-08-10,2026-08-11,0.005380127113694831,0.0,0.0,1871.2786865234373,1881.37353515625,1871.2786865234373,benchmark
ETH,benchmark,random_walk_zero_return,random_walk_zero_return,2026-08-11,2026-08-12,-0.0017228455012013328,0.0,0.0,1881.37353515625,1878.135009765625,1881.37353515625,benchmark
ETH,benchmark,random_walk_zero_return,random_walk_zero_return,2026-08-12,2026-08-13,0.0031133074431306308,0.0,0.0,1878.135009765625,1883.9913330078125,1878.135009765625,benchmark
ETH,benchmark,random_walk_zero_return,random_walk_zero_return,2026-08-13,2026-08-14,-0.001775101080760423,0.0,0.0,1883.9913330078125,1880.6500244140625,1883.9913330078125,benchmark
ETH,benchmark,random_walk_zero_return,random_walk_zero_return,2026-08-14,2026-08-15,0.00013733711278611884,0.0,0.0,1880.6500244140625,1880.9083251953125,1880.6500244140625,benchmark
ETH,benchmark,random_walk_zero_return,random_walk_zero_return,2026-08-15,2026-08-16,-0.003710048377518096,0.0,0.0,1880.9083251953125,1873.9429931640625,1880.9083251953125,benchmark
ETH,benchmark,random_walk_zero_return,random_walk_zero_return,2026-08-16,2026-08-17,0.020210771727059512,0.0,0.0,1873.9429931640625,1912.2021484375,1873.9429931640625,benchmark
ETH,benchmark,random_walk_zero_return,random_walk_zero_return,2026-08-17,2026-08-18,0.0022239875598747453,0.0,0.0,1912.2021484375,1916.4595947265625,1912.2021484375,benchmark
ETH,benchmark,random_walk_zero_return,random_walk_zero_return,2026-08-18,2026-08-19,0.16109848705425042,0.0,0.0,1916.4595947265625,2251.4580078125,1916.4595947265625,benchmark
ETH,benchmark,random_walk_zero_return,random_walk_zero_return,2026-08-19,2026-08-20,0.032737450034477825,0.0,0.0,2251.4580078125,2326.384765625,2251.4580078125,benchmark
ETH,benchmark,random_walk_zero_return,random_walk_zero_return,2026-08-20,2026-08-21,0.07806936059159927,0.0,0.0,2326.384765625,2515.28173828125,2326.384765625,benchmark
ETH,benchmark,random_walk_zero_return,random_walk_zero_return,2026-08-21,2026-08-22,-0.036862118710177375,0.0,0.0,2515.28173828125,2424.251220703125,2515.28173828125,benchmark
ETH,benchmark,random_walk_zero_return,random_walk_zero_return,2026-08-22,2026-08-23,0.01618863252300956,0.0,0.0,2424.251220703125,2463.81591796875,2424.251220703125,benchmark
ETH,benchmark,random_walk_zero_return,random_walk_zero_return,2026-08-23,2026-08-24,0.007285380356811502,0.0,0.0,2463.81591796875,2481.831298828125,2463.81591796875,benchmark
ETH,benchmark,random_walk_zero_return,random_walk_zero_return,2026-08-24,2026-08-25,-0.01570466707427711,0.0,0.0,2481.831298828125,2443.159423828125,2481.831298828125,benchmark
ETH,benchmark,random_walk_zero_return,random_walk_zero_return,2026-08-25,2026-08-26,0.02549994808905242,0.0,0.0,2443.159423828125,2506.260986328125,2443.159423828125,benchmark
ETH,benchmark,random_walk_zero_return,random_walk_zero_return,2026-08-26,2026-08-27,0.0016541530230063984,0.0,0.0,2506.260986328125,2510.41015625,2506.260986328125,benchmark
ETH,benchmark,random_walk_zero_return,random_walk_zero_return,2026-08-27,2026-08-28,-0.02740935041425752,0.0,0.0,2510.41015625,2442.535888671875,2510.41015625,benchmark
ETH,benchmark,random_walk_zero_return,random_walk_zero_return,2026-08-28,2026-08-29,0.006183572246544925,0.0,0.0,2442.535888671875,2457.686279296875,2442.535888671875,benchmark
ETH,benchmark,random_walk_zero_return,random_walk_zero_return,2026-08-29,2026-08-30,-0.016304961587388887,0.0,0.0,2457.686279296875,2417.938720703125,2457.686279296875,benchmark
ETH,benchmark,random_walk_zero_return,random_walk_zero_return,2026-08-30,2026-08-31,0.020014589550137154,0.0,0.0,2417.938720703125,2466.8203125,2417.938720703125,benchmark
