asset,phase,model,method,query_date,target_date,actual_return,predicted_return,prediction_std,previous_close,actual_close,predicted_close,seed
BTC,phase0,lstm,phase0_lstm,2025-10-31,2025-11-01,0.004624825172493,0.0015948151238262,0.0003877906539581225,109556.1640625,110064.015625,109731.02528845677,ensemble
BTC,phase0,lstm,phase0_lstm,2025-11-01,2025-11-02,0.0052161412333197,0.00148132196627552,0.00028750850697268927,110064.015625,110639.625,110227.17668623826,ensemble
BTC,phase0,lstm,phase0_lstm,2025-11-02,2025-11-03,-0.0376871829010099,0.00136210739146914,0.0002791404785772354,110639.625,106547.5234375,110790.4307344884,ensemble
BTC,phase0,lstm,phase0_lstm,2025-11-03,2025-11-04,-0.0476408575376077,0.0012629511067643,0.00030269681726386577,106547.5234375,101590.5234375,106682.17276000619,ensemble
BTC,phase0,lstm,phase0_lstm,2025-11-04,2025-11-05,0.0224000613217487,0.00123067795066156,0.00033623336100760404,101590.5234375,103891.8359375,101715.62561914932,ensemble
BTC,phase0,lstm,phase0_lstm,2025-11-05,2025-11-06,-0.0252511824918507,0.00126013666158536,0.00043191968099081437,103891.8359375,101301.2890625,104022.83637069342,ensemble
BTC,phase0,lstm,phase0_lstm,2025-11-06,2025-11-07,0.020238925968734,0.00126789719797664,0.0005369666807138007,101301.2890625,103372.40625,101429.81014159464,ensemble
BTC,phase0,lstm,phase0_lstm,2025-11-07,2025-11-08,-0.0106032122142002,0.00129801127477546,0.0006247028340690385,103372.40625,102282.1171875,103506.67191913808,ensemble
BTC,phase0,lstm,phase0_lstm,2025-11-08,2025-11-09,0.02355183969968,0.00121263031032864,0.0005746798109827031,102282.1171875,104719.640625,102406.22281492107,ensemble
BTC,phase0,lstm,phase0_lstm,2025-11-09,2025-11-10,0.0121202693364623,0.00105049224221142,0.0004998956454436006,104719.640625,105996.59375,104829.70559616119,ensemble
BTC,phase0,lstm,phase0_lstm,2025-11-10,2025-11-11,-0.0287025464768418,0.0008809049497357999,0.0003578396848944695,105996.59375,102997.46875,106090.00781250381,ensemble
BTC,phase0,lstm,phase0_lstm,2025-11-11,2025-11-12,-0.0130391466426769,0.00072729224921196,0.00017391904066079792,102997.46875,101663.1875,103072.4052577778,ensemble
BTC,phase0,lstm,phase0_lstm,2025-11-12,2025-11-13,-0.0195247429765854,0.00059625463327386,0.00015562698703535166,101663.1875,99697.4921875,101723.8227217998,ensemble
BTC,phase0,lstm,phase0_lstm,2025-11-13,2025-11-14,-0.0546228711365914,0.00054181049927134,0.00023363074060372833,99697.4921875,94397.7890625,99751.52397169042,ensemble
BTC,phase0,lstm,phase0_lstm,2025-11-14,2025-11-15,0.0121231064987472,0.0005377634544856201,0.00023475341614820087,94397.7890625,95549.1484375,94448.56639551537,ensemble
BTC,phase0,lstm,phase0_lstm,2025-11-15,2025-11-16,-0.0144639384619225,0.00049494888226032,0.0002759629260983466,95549.1484375,94177.078125,95596.45208719866,ensemble
BTC,phase0,lstm,phase0_lstm,2025-11-16,2025-11-17,-0.0223683827163435,0.00047555146011286,0.0003138506968780905,94177.078125,92093.875,94221.8748227348,ensemble
BTC,phase0,lstm,phase0_lstm,2025-11-17,2025-11-18,0.0092411735633055,0.0005111447964736181,0.00034895014125990704,92093.875,92948.875,92140.96033768085,ensemble
BTC,phase0,lstm,phase0_lstm,2025-11-18,2025-11-19,-0.0160823776998089,0.00060610711079782,0.00042742869217667333,92948.875,91465.9921875,93005.22905064836,ensemble
BTC,phase0,lstm,phase0_lstm,2025-11-19,2025-11-20,-0.0542991431316111,0.0006915288555319059,0.000567782786613523,91465.9921875,86631.8984375,91529.26543551439,ensemble
BTC,phase0,lstm,phase0_lstm,2025-11-20,2025-11-21,-0.0179504904722895,0.0008338794621522118,0.0006793564846580406,86631.8984375,85090.6875,86704.16912670819,ensemble
BTC,phase0,lstm,phase0_lstm,2025-11-21,2025-11-22,-0.0052118723936807,0.0009186971321468601,0.0007394819476725772,85090.6875,84648.359375,85168.89599003571,ensemble
BTC,phase0,lstm,phase0_lstm,2025-11-22,2025-11-23,0.0251585865790003,0.000843192582033184,0.0008190467660528272,84648.359375,86805.0078125,84719.76434354558,ensemble
BTC,phase0,lstm,phase0_lstm,2025-11-23,2025-11-24,0.0167423578108394,0.0007232123918583719,0.0008848529670623069,86805.0078125,88270.5625,86867.80897637806,ensemble
BTC,phase0,lstm,phase0_lstm,2025-11-24,2025-11-25,-0.0105764769567544,0.0005843425249622429,0.0009346383111154762,88270.5625,87341.890625,88322.15781657174,ensemble
BTC,phase0,lstm,phase0_lstm,2025-11-25,2025-11-26,0.0357225879133364,0.0004691421825554911,0.0009744797936467067,87341.890625,90518.3671875,87382.87600342956,ensemble
BTC,phase0,lstm,phase0_lstm,2025-11-26,2025-11-27,0.0084378061084954,0.00039621071409781937,0.0010263497714606505,90518.3671875,91285.375,90554.23864026001,ensemble
BTC,phase0,lstm,phase0_lstm,2025-11-27,2025-11-28,-0.0040186667744196,0.00036196308792565995,0.0011506132126162338,91285.375,90919.265625,91318.42291691966,ensemble
BTC,phase0,lstm,phase0_lstm,2025-11-28,2025-11-29,-0.0007427786269465,0.0005311284970957799,0.001465299564846584,90919.265625,90851.7578125,90967.56826422705,ensemble
BTC,phase0,lstm,phase0_lstm,2025-11-29,2025-11-30,-0.0050477925731327,0.00075431287987158,0.0018242890362020019,90851.7578125,90394.3125,90920.31431685342,ensemble
BTC,phase0,lstm,phase0_lstm,2025-11-30,2025-12-01,-0.046101838054076,0.0009252068470232,0.002091452635829811,90394.3125,86321.5703125,90477.98463790573,ensemble
BTC,phase0,lstm,phase0_lstm,2025-12-01,2025-12-02,0.0566209938703037,0.00105659028631636,0.0021503743189883713,86321.5703125,91350.203125,86412.82504613473,ensemble
BTC,phase0,lstm,phase0_lstm,2025-12-02,2025-12-03,0.0235582620118316,0.00115104353171772,0.0020671375661209077,91350.203125,93527.8046875,91455.4117236507,ensemble
BTC,phase0,lstm,phase0_lstm,2025-12-03,2025-12-04,-0.0149319728659321,0.0012073928548489,0.001958601961789371,93527.8046875,92141.625,93640.7976903548,ensemble
BTC,phase0,lstm,phase0_lstm,2025-12-04,2025-12-05,-0.0303430599756753,0.0012666854381677382,0.0017942282417879641,92141.625,89387.7578125,92258.41340610778,ensemble
BTC,phase0,lstm,phase0_lstm,2025-12-05,2025-12-06,-0.0012916460625568,0.0012877426888735293,0.0016662716726496866,89387.7578125,89272.375,89502.9403909424,ensemble
BTC,phase0,lstm,phase0_lstm,2025-12-06,2025-12-07,0.0126145722260143,0.00127508824371032,0.0015453247385159088,89272.375,90405.640625,89386.27775845231,ensemble
BTC,phase0,lstm,phase0_lstm,2025-12-07,2025-12-08,0.0025911959798138,0.0012751359317917,0.0014154159707547775,90405.640625,90640.203125,90520.99363555181,ensemble
BTC,phase0,lstm,phase0_lstm,2025-12-08,2025-12-09,0.0223811926981977,0.0012556555495393347,0.001248933960198929,90640.203125,92691.7109375,90754.08748386572,ensemble
BTC,phase0,lstm,phase0_lstm,2025-12-09,2025-12-10,-0.0072628328466358,0.00118895792693362,0.0010534587451201869,92691.7109375,92020.9453125,92801.98302342527,ensemble
BTC,phase0,lstm,phase0_lstm,2025-12-10,2025-12-11,0.0053149701081481,0.0010950944692012443,0.0009780019366506067,92020.9453125,92511.3359375,92121.77213813571,ensemble
BTC,phase0,lstm,phase0_lstm,2025-12-11,2025-12-12,-0.0245214214521475,0.0010286594817443568,0.0009140982297007868,92511.3359375,90270.4140625,92606.54756215557,ensemble
BTC,phase0,lstm,phase0_lstm,2025-12-12,2025-12-13,0.000313418755633,0.0009216522383212076,0.0008864175989713165,90270.4140625,90298.7109375,90353.65034323507,ensemble
BTC,phase0,lstm,phase0_lstm,2025-12-13,2025-12-14,-0.0237976710179162,0.0007826037995983,0.0009303024632122019,90298.7109375,88175.1796875,90369.40671156097,ensemble
BTC,phase0,lstm,phase0_lstm,2025-12-14,2025-12-15,-0.0201089147130883,0.00070045989705248,0.0009532852541285428,88175.1796875,86419.78125,88236.9645011524,ensemble
BTC,phase0,lstm,phase0_lstm,2025-12-15,2025-12-16,0.0163457369350781,0.0006341448839521,0.0009218380120143306,86419.78125,87843.984375,86474.6012922395,ensemble
BTC,phase0,lstm,phase0_lstm,2025-12-16,2025-12-17,-0.0195448330408544,0.0006151456997031399,0.0009031732434332397,87843.984375,86143.7578125,87898.03784790926,ensemble
BTC,phase0,lstm,phase0_lstm,2025-12-17,2025-12-18,-0.0079397284977681,0.00052225503022784,0.0009368399549116423,86143.7578125,85462.5078125,86188.75857325431,ensemble
BTC,phase0,lstm,phase0_lstm,2025-12-18,2025-12-19,0.0304331549684077,0.00041239779093302,0.0009645124226994603,85462.5078125,88103.3828125,85497.75963031575,ensemble
BTC,phase0,lstm,phase0_lstm,2025-12-19,2025-12-20,0.0027273551221506,0.00034557745675554,0.0009072467952545628,88103.3828125,88344.0,88133.83461688939,ensemble
BTC,phase0,lstm,phase0_lstm,2025-12-20,2025-12-21,0.0031390280669266,0.00031075159204192,0.0008389284920538074,88344.0,88621.75,88371.45730462695,ensemble
BTC,phase0,lstm,phase0_lstm,2025-12-21,2025-12-22,-0.001487584958889,0.00027002330170940007,0.000737825662892193,88621.75,88490.015625,88645.68316864947,ensemble
BTC,phase0,lstm,phase0_lstm,2025-12-22,2025-12-23,-0.0122342749529535,0.00024000846897250004,0.000661576254318656,88490.015625,87414.0,88511.25652706575,ensemble
BTC,phase0,lstm,phase0_lstm,2025-12-23,2025-12-24,0.0022620761040624,0.0002675359704880847,0.0006370922020821432,87414.0,87611.9609375,87437.38951795343,ensemble
BTC,phase0,lstm,phase0_lstm,2025-12-24,2025-12-25,-0.0043148578556266,0.0003289258886070256,0.0005943823126239969,87611.9609375,87234.7421875,87640.78351959081,ensemble
BTC,phase0,lstm,phase0_lstm,2025-12-25,2025-12-26,0.000764168281323,0.00035053182145927236,0.0005602299987921792,87234.7421875,87301.4296875,87265.32610057773,ensemble
BTC,phase0,lstm,phase0_lstm,2025-12-26,2025-12-27,0.005719219565876,0.00041287645481130934,0.0004849180887104931,87301.4296875,87802.15625,87337.48183431849,ensemble
BTC,phase0,lstm,phase0_lstm,2025-12-27,2025-12-28,0.0003835125589097,0.0004334333108999461,0.00044849421809110135,87802.15625,87835.8359375,87840.22087793052,ensemble
BTC,phase0,lstm,phase0_lstm,2025-12-28,2025-12-29,-0.0079748888825797,0.000426455574051898,0.00047131017998046885,87835.8359375,87138.140625,87873.30200757645,ensemble
BTC,phase0,lstm,phase0_lstm,2025-12-29,2025-12-30,0.0147180978087909,0.0004444476006028264,0.00045561240418055105,87138.140625,88430.1328125,87176.87757015528,ensemble
BTC,phase0,lstm,phase0_lstm,2025-12-30,2025-12-31,-0.0104730993492998,0.0004635382720152519,0.0003814738695153904,88430.1328125,87508.828125,88471.13306531702,ensemble
BTC,phase0,lstm,phase0_lstm,2025-12-31,2026-01-01,0.01388073366055,0.0005069159455160204,0.0003587155784424318,87508.828125,88731.984375,87553.19899054947,ensemble
BTC,phase0,lstm,phase0_lstm,2026-01-01,2026-01-02,0.0135745701301948,0.00048196028510572,0.00038239247807459175,88731.984375,89944.6953125,88774.75997472947,ensemble
BTC,phase0,lstm,phase0_lstm,2026-01-02,2026-01-03,0.0072944096271482,0.00047800332249606,0.0004293885810967721,89944.6953125,90603.1875,89987.69945294246,ensemble
BTC,phase0,lstm,phase0_lstm,2026-01-03,2026-01-04,0.0089036899476068,0.00049612155416974,0.0005147331912373101,90603.1875,91413.4921875,90648.14884641954,ensemble
BTC,phase0,lstm,phase0_lstm,2026-01-04,2026-01-05,0.0266514983813646,0.00049856388941406,0.0006195095785223258,91413.4921875,93882.5546875,91459.0790167391,ensemble
BTC,phase0,lstm,phase0_lstm,2026-01-05,2026-01-06,-0.0016366097114998,0.0005724797665607,0.0007001492326035334,93882.5546875,93729.03125,93936.31593763732,ensemble
BTC,phase0,lstm,phase0_lstm,2026-01-06,2026-01-07,-0.0261689672501516,0.00063322099740614,0.0007614538865014656,93729.03125,91308.0546875,93788.40123583107,ensemble
BTC,phase0,lstm,phase0_lstm,2026-01-07,2026-01-08,-0.0030814668927555,0.00067863680887962,0.0007963183070939502,91308.0546875,91027.125,91370.04072498251,ensemble
BTC,phase0,lstm,phase0_lstm,2026-01-08,2026-01-09,-0.0056629301495069,0.00070730549050492,0.0008419011695805875,91027.125,90513.1015625,91091.53176023983,ensemble
BTC,phase0,lstm,phase0_lstm,2026-01-09,2026-01-10,-0.0013980466595052,0.0006749498599674201,0.0008693075326334013,90513.1015625,90386.6484375,90574.21398931678,ensemble
BTC,phase0,lstm,phase0_lstm,2026-01-10,2026-01-11,0.0048651109011003,0.0005035548994783,0.0008350348976542035,90386.6484375,90827.4609375,90432.17453865179,ensemble
BTC,phase0,lstm,phase0_lstm,2026-01-11,2026-01-12,0.0040163809626806,0.0003155116966808886,0.000812563075915603,90827.4609375,91192.9921875,90856.12258511037,ensemble
BTC,phase0,lstm,phase0_lstm,2026-01-12,2026-01-13,0.0442802850314782,0.00023385332078758582,0.0008062313434792742,91192.9921875,95321.78125,91214.32046530269,ensemble
BTC,phase0,lstm,phase0_lstm,2026-01-13,2026-01-14,0.016723797821879,0.0002498486588592766,0.0007730562386238125,95321.78125,96929.328125,95345.60024465341,ensemble
BTC,phase0,lstm,phase0_lstm,2026-01-14,2026-01-15,-0.0143200382747562,0.00040079612081170003,0.0006886037369553463,96929.328125,95551.1875,96968.18480998954,ensemble
BTC,phase0,lstm,phase0_lstm,2026-01-15,2026-01-16,-0.0002728785518896,0.0005271805566735199,0.0006261040974305641,95551.1875,95525.1171875,95601.57350831208,ensemble
BTC,phase0,lstm,phase0_lstm,2026-01-16,2026-01-17,-0.0044610720579804,0.000575076584937,0.0006007238918641972,95525.1171875,95099.921875,95580.06724439903,ensemble
BTC,phase0,lstm,phase0_lstm,2026-01-17,2026-01-18,-0.0155299936581246,0.00053911782160862,0.0006040660665066916,95099.921875,93634.4296875,95151.20576050258,ensemble
BTC,phase0,lstm,phase0_lstm,2026-01-18,2026-01-19,-0.0116102857616082,0.00044984167034273995,0.0006442433956643453,93634.4296875,92553.59375,93676.55983098883,ensemble
BTC,phase0,lstm,phase0_lstm,2026-01-19,2026-01-20,-0.0469242550548211,0.0003850961657008,0.0007248497646900801,92553.59375,88310.90625,92589.24264776132,ensemble
BTC,phase0,lstm,phase0_lstm,2026-01-20,2026-01-21,0.0119993277601487,0.0004603819994372,0.0006604759559386619,88310.90625,89376.9609375,88351.57236184616,ensemble
BTC,phase0,lstm,phase0_lstm,2026-01-21,2026-01-22,0.0009560777691027,0.00065319105633532,0.000570836293182436,89376.9609375,89462.453125,89435.36023990143,ensemble
BTC,phase0,lstm,phase0_lstm,2026-01-22,2026-01-23,0.0004629013309221,0.000841096063231761,0.0005163912573109528,89462.453125,89503.875,89537.73129577913,ensemble
BTC,phase0,lstm,phase0_lstm,2026-01-23,2026-01-24,-0.0044021176235583,0.000979646196356,0.00048377434466007557,89503.875,89110.734375,89591.60009346408,ensemble
BTC,phase0,lstm,phase0_lstm,2026-01-24,2026-01-25,-0.0289008383617947,0.0010123218176885998,0.0004838863263997212,89110.734375,86572.21875,89200.98879114768,ensemble
BTC,phase0,lstm,phase0_lstm,2026-01-25,2026-01-26,0.0193889405513137,0.00109067107550796,0.0005042047942758991,86572.21875,88267.140625,86666.69207522961,ensemble
BTC,phase0,lstm,phase0_lstm,2026-01-26,2026-01-27,0.009420276564581,0.0011508524883538,0.0004803944435450728,88267.140625,89102.5703125,88368.7815590708,ensemble
BTC,phase0,lstm,phase0_lstm,2026-01-27,2026-01-28,0.0009198645005418,0.00128096381667996,0.00043027953593245395,89102.5703125,89184.5703125,89216.78061505902,ensemble
BTC,phase0,lstm,phase0_lstm,2026-01-28,2026-01-29,-0.053227949504083,0.00146466870792208,0.00036955062695745417,89184.5703125,84561.5859375,89315.29187038458,ensemble
BTC,phase0,lstm,phase0_lstm,2026-01-29,2026-01-30,-0.00513284742955,0.0015953555703162598,0.000354243128940862,84561.5859375,84128.65625,84696.5994032666,ensemble
BTC,phase0,lstm,phase0_lstm,2026-01-30,2026-01-31,-0.0677069192719858,0.0017186279408633203,0.0004259410687711788,84128.65625,78621.1171875,84273.36642511468,ensemble
BTC,phase0,lstm,phase0_lstm,2026-01-31,2026-02-01,-0.0211668421472114,0.0017502558068371802,0.0005694166775544452,78621.1171875,76974.4453125,78758.84474846962,ensemble
BTC,phase0,lstm,phase0_lstm,2026-02-01,2026-02-02,0.0220269081578216,0.0017359884222969,0.0006805277090602444,76974.4453125,78688.765625,77108.18811276373,ensemble
BTC,phase0,lstm,phase0_lstm,2026-02-02,2026-02-03,-0.0396004693749769,0.00161419175565236,0.0006954768230201076,78688.765625,75633.546875,78815.8869532319,ensemble
BTC,phase0,lstm,phase0_lstm,2026-02-03,2026-02-04,-0.0351706159417589,0.00150196548784146,0.0007213027463320603,75633.546875,73019.703125,75747.23120572821,ensemble
BTC,phase0,lstm,phase0_lstm,2026-02-04,2026-02-05,-0.1523344080304475,0.00135312386555594,0.0008066353589657062,73019.703125,62702.09765625,73118.57470561622,ensemble
BTC,phase0,lstm,phase0_lstm,2026-02-05,2026-02-06,0.118003181433477,0.0012332483971476608,0.0009662654587877216,62702.09765625,70555.390625,62779.47261915021,ensemble
BTC,phase0,lstm,phase0_lstm,2026-02-06,2026-02-07,-0.0182134028127509,0.0011546745387022044,0.0009322635956758474,70555.390625,69281.96875,70636.90619104031,ensemble
BTC,phase0,lstm,phase0_lstm,2026-02-07,2026-02-08,0.0140852358847471,0.0009038339077960599,0.000909934260766005,69281.96875,70264.7265625,69344.61644984798,ensemble
BTC,phase0,lstm,phase0_lstm,2026-02-08,2026-02-09,-0.0020507154219692,0.0006241785878955409,0.0013176258618111014,70264.7265625,70120.78125,70308.59799068334,ensemble
BTC,phase0,lstm,phase0_lstm,2026-02-09,2026-02-10,-0.0191032375898973,0.00028795037069358003,0.0017572473761854812,70120.78125,68793.9609375,70140.97546228018,ensemble
BTC,phase0,lstm,phase0_lstm,2026-02-10,2026-02-11,-0.0265432212123745,-0.0006433211703552001,0.0013510130309877528,68793.9609375,66991.96875,68749.71855859166,ensemble
BTC,phase0,lstm,phase0_lstm,2026-02-11,2026-02-12,-0.011562368274835,-0.00041228883637816,0.0010070997881726888,66991.96875,66221.84375,66964.35440209223,ensemble
BTC,phase0,lstm,phase0_lstm,2026-02-12,2026-02-13,0.0390337693571557,-3.815567215495943e-05,0.0006532759467819057,66221.84375,68857.84375,66219.31705924448,ensemble
BTC,phase0,lstm,phase0_lstm,2026-02-13,2026-02-14,0.0131259330678483,0.0003311987544293401,0.0005288012843649831,68857.84375,69767.625,68880.65315909813,ensemble
BTC,phase0,lstm,phase0_lstm,2026-02-14,2026-02-15,-0.0141380400688788,0.00071387478092216,0.0007148597313957468,69767.625,68788.1875,69817.44812963431,ensemble
BTC,phase0,lstm,phase0_lstm,2026-02-15,2026-02-16,0.00079878247825,0.0009941493422956599,0.000977986326210676,68788.1875,68843.15625,68856.6072354432,ensemble
BTC,phase0,lstm,phase0_lstm,2026-02-16,2026-02-17,-0.0197888733002862,0.00122186759253964,0.001299427529651362,68843.15625,67494.21875,68927.32488258055,ensemble
BTC,phase0,lstm,phase0_lstm,2026-02-17,2026-02-18,-0.0159636322602148,0.0014241719269193602,0.0016326665813396546,67494.21875,66425.3203125,67590.41060218228,ensemble
BTC,phase0,lstm,phase0_lstm,2026-02-18,2026-02-19,0.0079801259947047,0.00161663013277572,0.001995232420255774,66425.3203125,66957.5234375,66532.79233474482,ensemble
BTC,phase0,lstm,phase0_lstm,2026-02-19,2026-02-20,0.0155289956566322,0.0018040260532870597,0.002359730924056854,66957.5234375,68005.421875,67078.42557675962,ensemble
BTC,phase0,lstm,phase0_lstm,2026-02-20,2026-02-21,-2.4354972344490844e-05,0.0018375138635746801,0.002422418228373108,68005.421875,68003.765625,68130.49765954485,ensemble
BTC,phase0,lstm,phase0_lstm,2026-02-21,2026-02-22,-0.005076923598302,0.0018726162379606999,0.002441667897484663,68003.765625,67659.390625,68131.22988932928,ensemble
BTC,phase0,lstm,phase0_lstm,2026-02-22,2026-02-23,-0.0460126731356427,0.00189777764026074,0.0024920398298120296,67659.390625,64616.73828125,67787.91502046974,ensemble
BTC,phase0,lstm,phase0_lstm,2026-02-23,2026-02-24,-0.0083405104387447,0.0018573635956271998,0.0025193078962484784,64616.73828125,64080.04296875,64736.86658503601,ensemble
BTC,phase0,lstm,phase0_lstm,2026-02-24,2026-02-25,0.0587881628108732,0.00165051014628258,0.00244318384415567,64080.04296875,67960.125,64185.89506079006,ensemble
BTC,phase0,lstm,phase0_lstm,2026-02-25,2026-02-26,-0.0074786108124004,0.00126489759422836,0.002364625962525336,67960.125,67453.7734375,68046.14198848816,ensemble
BTC,phase0,lstm,phase0_lstm,2026-02-26,2026-02-27,-0.0235803453997585,0.00080916591978164,0.0023370996920094498,67453.7734375,65881.796875,67508.37682074541,ensemble
BTC,phase0,lstm,phase0_lstm,2026-02-27,2026-02-28,0.0167686372009838,0.0003241605823859399,0.0023627548898104167,65881.796875,66995.859375,65903.15661845003,ensemble
BTC,phase0,lstm,phase0_lstm,2026-02-28,2026-03-01,-0.0189521272552437,-0.00027150584501214,0.0024392414843627283,66995.859375,65738.1015625,66977.6720766787,ensemble
BTC,phase0,lstm,phase0_lstm,2026-03-01,2026-03-02,0.0451739987422587,-0.0007808970723999799,0.0024736377685152223,65738.1015625,68775.8515625,65686.78690978339,ensemble
BTC,phase0,lstm,phase0_lstm,2026-03-02,2026-03-03,-0.0070359214012543,-0.00128301698423456,0.0024717273006997515,68775.8515625,68293.6484375,68687.66755972365,ensemble
BTC,phase0,lstm,phase0_lstm,2026-03-03,2026-03-04,0.0626701105436228,-0.00172817111779292,0.00243345198225073,68293.6484375,72710.578125,68175.72725008511,ensemble
BTC,phase0,lstm,phase0_lstm,2026-03-04,2026-03-05,-0.026047184090688,-0.00207016948406812,0.002304121437978453,72710.578125,70841.125,72560.21060182688,ensemble
BTC,phase0,lstm,phase0_lstm,2026-03-05,2026-03-06,-0.0389267622298537,-0.00243440855410878,0.0023189474179502825,70841.125,68136.4921875,70668.87850355549,ensemble
BTC,phase0,lstm,phase0_lstm,2026-03-06,2026-03-07,-0.0127600028163738,-0.0026797691243700197,0.0022549294693392256,68136.4921875,67272.59375,67954.1465507179,ensemble
BTC,phase0,lstm,phase0_lstm,2026-03-07,2026-03-08,-0.0195561512724631,-0.00283185355365272,0.0021799728104422524,67272.59375,65969.78125,67082.35710461764,ensemble
BTC,phase0,lstm,phase0_lstm,2026-03-08,2026-03-09,0.0362108831336739,-0.00263233749428758,0.0018669074727679803,65969.78125,68402.3828125,65796.35487983617,ensemble
BTC,phase0,lstm,phase0_lstm,2026-03-09,2026-03-10,0.0220430630536829,-0.0023126142681576,0.0016395878753009227,68402.3828125,69926.921875,68244.37725940034,ensemble
BTC,phase0,lstm,phase0_lstm,2026-03-10,2026-03-11,0.0039671408310243,-0.00201143781596326,0.001564273439046705,69926.921875,70204.8828125,69786.40958323002,ensemble
BTC,phase0,lstm,phase0_lstm,2026-03-11,2026-03-12,0.0041020885103588,-0.00155365193204486,0.0014834538709092599,70204.8828125,70493.4609375,70095.89354829333,ensemble
BTC,phase0,lstm,phase0_lstm,2026-03-12,2026-03-13,0.0067128612385433,-0.00131358765647742,0.0015045573810272142,70493.4609375,70968.265625,70400.92238940376,ensemble
BTC,phase0,lstm,phase0_lstm,2026-03-13,2026-03-14,0.0034653905327112,-0.00116458977572616,0.0014744429533386713,70968.265625,71214.625,70885.66481581677,ensemble
BTC,phase0,lstm,phase0_lstm,2026-03-14,2026-03-15,0.0218791978790222,-0.0010763317113742,0.0014811020173263324,71214.625,72789.9140625,71138.01567671682,ensemble
BTC,phase0,lstm,phase0_lstm,2026-03-15,2026-03-16,0.0280568061089276,-0.0009280977945308602,0.0015452643307588621,72789.9140625,74861.0859375,72722.38924345929,ensemble
BTC,phase0,lstm,phase0_lstm,2026-03-16,2026-03-17,-0.012617278563279,-0.0008908156225515912,0.00161278465812842,74861.0859375,73922.4765625,74794.42820690761,ensemble
BTC,phase0,lstm,phase0_lstm,2026-03-17,2026-03-18,-0.0368841742334174,-0.0009142580369370801,0.0016460063222429203,73922.4765625,71245.578125,73854.92322948673,ensemble
BTC,phase0,lstm,phase0_lstm,2026-03-18,2026-03-19,-0.0188841610476273,-0.0009888616565149199,0.0016367680711240219,71245.578125,69912.7890625,71175.1609267677,ensemble
BTC,phase0,lstm,phase0_lstm,2026-03-19,2026-03-20,0.0086844316474486,-0.0010305035044439,0.0015890073500025715,69912.7890625,70522.5859375,69840.78079712292,ensemble
BTC,phase0,lstm,phase0_lstm,2026-03-20,2026-03-21,-0.0260161056310177,-0.0010286507735145067,0.001488125837168591,70522.5859375,68711.5234375,70450.08012289963,ensemble
BTC,phase0,lstm,phase0_lstm,2026-03-21,2026-03-22,-0.0126881200860849,-0.000894099120523579,0.001431492830448235,68711.5234375,67845.2109375,68650.1159810919,ensemble
BTC,phase0,lstm,phase0_lstm,2026-03-22,2026-03-23,0.044251193034697,-0.0006294297447311692,0.0014221257582778311,67845.2109375,70914.859375,67802.5205803981,ensemble
BTC,phase0,lstm,phase0_lstm,2026-03-23,2026-03-24,-0.0056139915316955,-0.00039181179599836,0.001472355900620485,70914.859375,70517.859375,70887.07953917439,ensemble
BTC,phase0,lstm,phase0_lstm,2026-03-24,2026-03-25,0.0111689244808132,-0.00020613230881282003,0.0015205792423317972,70517.859375,71309.8828125,70503.32486390213,ensemble
BTC,phase0,lstm,phase0_lstm,2026-03-25,2026-03-26,-0.0359529188074161,-4.512429004535999e-05,0.0014994301010173563,71309.8828125,68791.625,71306.66507726442,ensemble
BTC,phase0,lstm,phase0_lstm,2026-03-26,2026-03-27,-0.0363134696852071,0.00014267354272304005,0.0015492165085229965,68791.625,66338.375,68801.44044503394,ensemble
BTC,phase0,lstm,phase0_lstm,2026-03-27,2026-03-28,-0.0002816215791388,0.00028483184287324,0.0015305406212560433,66338.375,66319.6953125,66357.27297284892,ensemble
BTC,phase0,lstm,phase0_lstm,2026-03-28,2026-03-29,-0.0055154098337006,0.00044203483266756,0.001487448905737692,66319.6953125,65954.921875,66349.0174081364,ensemble
BTC,phase0,lstm,phase0_lstm,2026-03-29,2026-03-30,0.0111051817312093,0.0006352415657602201,0.001398427285127599,65954.921875,66691.4453125,65996.83249311545,ensemble
BTC,phase0,lstm,phase0_lstm,2026-03-30,2026-03-31,0.0228562101625793,0.0008330015989485801,0.001302757423009198,66691.4453125,68233.3125,66747.02253782657,ensemble
BTC,phase0,lstm,phase0_lstm,2026-03-31,2026-04-01,-0.0022706442540199,0.00102997423091438,0.00123117318476172,68233.3125,68078.5546875,68303.6272585435,ensemble
BTC,phase0,lstm,phase0_lstm,2026-04-01,2026-04-02,-0.0176341492288758,0.0011603637089137812,0.00112041936492542,68078.5546875,66888.5703125,68157.59642142568,ensemble
BTC,phase0,lstm,phase0_lstm,2026-04-02,2026-04-03,0.0006356502125007,0.0012031650505377402,0.0009544841649043446,66888.5703125,66931.1015625,66969.09673615552,ensemble
BTC,phase0,lstm,phase0_lstm,2026-04-03,2026-04-04,0.0053555444955297,0.00116823345015288,0.0007845729064003471,66931.1015625,67290.515625,67009.33840475103,ensemble
BTC,phase0,lstm,phase0_lstm,2026-04-04,2026-04-05,0.0248248287948484,0.00117822862521274,0.0007038797555146238,67290.515625,68981.8984375,67369.8459621744,ensemble
BTC,phase0,lstm,phase0_lstm,2026-04-05,2026-04-06,-0.0017711667933321,0.0011791879922384,0.0007291765430752989,68981.8984375,68859.828125,69063.28904179992,ensemble
BTC,phase0,lstm,phase0_lstm,2026-04-06,2026-04-07,0.0437692500886501,0.0011418528301873599,0.0007057600858342591,68859.828125,71940.703125,68938.50082240388,ensemble
BTC,phase0,lstm,phase0_lstm,2026-04-07,2026-04-08,-0.0114263865929017,0.00105649673205328,0.0007230434292768383,71940.703125,71123.359375,72016.74840647548,ensemble
BTC,phase0,lstm,phase0_lstm,2026-04-08,2026-04-09,0.0090204739879136,0.0009048461011843199,0.000719329832680887,71123.359375,71767.828125,71187.74419421703,ensemble
BTC,phase0,lstm,phase0_lstm,2026-04-09,2026-04-10,0.0167360714535282,0.0007271026624948199,0.0007456153719058823,71767.828125,72979.046875,71820.029679556,ensemble
BTC,phase0,lstm,phase0_lstm,2026-04-10,2026-04-11,0.0010302658186926,0.0005838151917486898,0.0007350678024717846,72979.046875,73054.2734375,73021.6655907613,ensemble
BTC,phase0,lstm,phase0_lstm,2026-04-11,2026-04-12,-0.0320019564160111,0.0005695258366358365,0.000666110234665858,73054.2734375,70753.40625,73095.8915838792,ensemble
BTC,phase0,lstm,phase0_lstm,2026-04-12,2026-04-13,0.0513922577822332,0.00056012816639848,0.0006405590980861914,70753.40625,74484.640625,70793.04832699474,ensemble
BTC,phase0,lstm,phase0_lstm,2026-04-13,2026-04-14,-0.0040766706589971,0.0005274246635963073,0.0006591313446658897,74484.640625,74181.609375,74523.93602329493,ensemble
BTC,phase0,lstm,phase0_lstm,2026-04-14,2026-04-15,0.0083695046837294,0.00058234655007252,0.0006587356249902004,74181.609375,74805.078125,74224.82136025243,ensemble
BTC,phase0,lstm,phase0_lstm,2026-04-15,2026-04-16,0.0046287244870706,0.00064226560061794,0.0007029162216821753,74805.078125,75152.1328125,74853.13828547305,ensemble
BTC,phase0,lstm,phase0_lstm,2026-04-16,2026-04-17,0.025937296578403,0.00068752419902008,0.0007474234436539998,75152.1328125,77126.875,75203.81948830078,ensemble
BTC,phase0,lstm,phase0_lstm,2026-04-17,2026-04-18,-0.0183274450765037,0.00078753817942922,0.0008457488973169833,77126.875,75726.2109375,77187.63928267827,ensemble
BTC,phase0,lstm,phase0_lstm,2026-04-18,2026-04-19,-0.0250023364949234,0.0009774799225851399,0.0009753343546937189,75726.2109375,73856.3515625,75800.26797704291,ensemble
BTC,phase0,lstm,phase0_lstm,2026-04-19,2026-04-20,0.026932597272259,0.0011446448217611398,0.0010458810915242025,73856.3515625,75872.5234375,73940.93925506667,ensemble
BTC,phase0,lstm,phase0_lstm,2026-04-20,2026-04-21,0.0063097475019448,0.00117575064650734,0.0010398871609435827,75872.5234375,76352.7734375,75961.78306923601,ensemble
BTC,phase0,lstm,phase0_lstm,2026-04-21,2026-04-22,0.0239449523733436,0.00114479087060314,0.0010033556877550387,76352.7734375,78203.1015625,76440.23144649013,ensemble
BTC,phase0,lstm,phase0_lstm,2026-04-22,2026-04-23,0.0008417038623198,0.0011235464713536,0.001021794742550056,78203.1015625,78268.953125,78291.01575990433,ensemble
BTC,phase0,lstm,phase0_lstm,2026-04-23,2026-04-24,-0.0104498554007011,0.0010619524517096201,0.0010373405705317994,78268.953125,77455.3125,78352.11518092298,ensemble
BTC,phase0,lstm,phase0_lstm,2026-04-24,2026-04-25,0.002021098580043,0.0010487068328074599,0.001085690661564118,77455.3125,77612.015625,77536.58302248376,ensemble
BTC,phase0,lstm,phase0_lstm,2026-04-25,2026-04-26,0.0133812250281389,0.00109920894028616,0.001153859207220648,77612.015625,78657.5390625,77697.3743513916,ensemble
BTC,phase0,lstm,phase0_lstm,2026-04-26,2026-04-27,-0.0165479947079337,0.0011712270672433,0.001242467245642812,78657.5390625,77366.625,78749.71887249954,ensemble
BTC,phase0,lstm,phase0_lstm,2026-04-27,2026-04-28,-0.0132186544907372,0.00125448283506554,0.001308782655519534,77366.625,76350.671875,77463.74100551424,ensemble
BTC,phase0,lstm,phase0_lstm,2026-04-28,2026-04-29,-0.0075534590417408,0.0013336530071683,0.0013767243985870071,76350.671875,75776.1328125,76452.56510815128,ensemble
BTC,phase0,lstm,phase0_lstm,2026-04-29,2026-04-30,0.0069461868751349,0.00139511019224298,0.0013955629049797838,75776.1328125,76304.3203125,75881.9226447936,ensemble
BTC,phase0,lstm,phase0_lstm,2026-04-30,2026-05-01,0.0242715098940353,0.0015078647644259,0.0013810260705605557,76304.3203125,78179.0,76419.46369698246,ensemble
BTC,phase0,lstm,phase0_lstm,2026-05-01,2026-05-02,0.0060987365147835,0.00158868759172034,0.0013662022777765981,78179.0,78657.25,78303.30071859389,ensemble
BTC,phase0,lstm,phase0_lstm,2026-05-02,2026-05-03,-0.0015143369624661,0.00165557930595238,0.0013326970492633754,78657.25,78538.2265625,78787.5811723899,ensemble
BTC,phase0,lstm,phase0_lstm,2026-05-03,2026-05-04,0.0162876768649081,0.0016991939803119402,0.0012681528059538874,78538.2265625,79827.90625,78671.79168869214,ensemble
BTC,phase0,lstm,phase0_lstm,2026-05-04,2026-05-05,0.0136750438065225,0.0016903482988709201,0.0012449675644240865,79827.90625,80927.0546875,79962.95732505308,ensemble
BTC,phase0,lstm,phase0_lstm,2026-05-05,2026-05-06,0.0061652480572739,0.0016856525704497,0.0012607360740511473,80927.0546875,81427.53125,81063.58462394377,ensemble
BTC,phase0,lstm,phase0_lstm,2026-05-06,2026-05-07,-0.0175619083509024,0.0017147960315923802,0.0013091393661095155,81427.53125,80009.9921875,81567.28264577409,ensemble
BTC,phase0,lstm,phase0_lstm,2026-05-07,2026-05-08,0.0022069548930199,0.00176015798351724,0.0013786739030239,80009.9921875,80186.765625,80150.94642848475,ensemble
BTC,phase0,lstm,phase0_lstm,2026-05-08,2026-05-09,0.0059384470311886,0.0018204350431914999,0.0014010443412369683,80186.765625,80664.3671875,80332.87337262597,ensemble
BTC,phase0,lstm,phase0_lstm,2026-05-09,2026-05-10,0.018115146956791,0.00188020723289808,0.0014002239067168595,80664.3671875,82138.9296875,80816.17558502412,ensemble
BTC,phase0,lstm,phase0_lstm,2026-05-10,2026-05-11,-0.0050117852194884,0.0019314956327434198,0.0013936164123246428,82138.9296875,81728.296875,82297.7339870045,ensemble
BTC,phase0,lstm,phase0_lstm,2026-05-11,2026-05-12,-0.0154227477056674,0.00197281943983394,0.0014034952472309794,81728.296875,80477.4921875,81889.69119644114,ensemble
BTC,phase0,lstm,phase0_lstm,2026-05-12,2026-05-13,-0.0150280182312355,0.00199777774396348,0.0014169908841837953,80477.4921875,79277.1171875,80638.42903478155,ensemble
BTC,phase0,lstm,phase0_lstm,2026-05-13,2026-05-14,0.0221321436988218,0.00202874941169282,0.0014277811615972375,79277.1171875,81051.25,79438.11384807558,ensemble
BTC,phase0,lstm,phase0_lstm,2026-05-14,2026-05-15,-0.0248027751369673,0.00204738615429958,0.0014256628996942226,81051.25,79065.6796875,81217.36319794346,ensemble
BTC,phase0,lstm,phase0_lstm,2026-05-15,2026-05-16,-0.0118863908425741,0.0019850704295094604,0.00143390444137103,79065.6796875,78131.4375,79222.7865127032,ensemble
BTC,phase0,lstm,phase0_lstm,2026-05-16,2026-05-17,-0.0090265767978541,0.0018898522423114197,0.0013998651372734872,78131.4375,77429.3515625,78279.23398512535,ensemble
BTC,phase0,lstm,phase0_lstm,2026-05-17,2026-05-18,-0.0061558536491211,0.0017640385485719599,0.0013006903234730207,77429.3515625,76954.171875,77566.06046788543,ensemble
BTC,phase0,lstm,phase0_lstm,2026-05-18,2026-05-19,-0.0026448799997123,0.00159109255182554,0.0011682673419775229,76954.171875,76750.90625,77076.71054403268,ensemble
BTC,phase0,lstm,phase0_lstm,2026-05-19,2026-05-20,0.0091677347836148,0.0014204461505869,0.0010212762400224678,76750.90625,77457.7734375,76860.00424490671,ensemble
BTC,phase0,lstm,phase0_lstm,2026-05-20,2026-05-21,0.0010503232153248,0.0012582458832184507,0.0008615572218577533,77457.7734375,77539.171875,77555.29570267904,ensemble
BTC,phase0,lstm,phase0_lstm,2026-05-21,2026-05-22,-0.0268063407026221,0.0010751960391644,0.0006805951917493986,77539.171875,75488.2421875,77622.58652099264,ensemble
BTC,phase0,lstm,phase0_lstm,2026-05-22,2026-05-23,0.0155775030224184,-0.00200531737646082,0.0013688167884139835,75488.2421875,76673.3671875,75337.01598266822,ensemble
BTC,phase0,lstm,phase0_lstm,2026-05-23,2026-05-24,0.004005847400396,-0.00211708099814126,0.0015611329529839964,76673.3671875,76981.125,76511.21516381211,ensemble
BTC,phase0,lstm,phase0_lstm,2026-05-24,2026-05-25,0.0038740181286936,-0.00215563452802594,0.0018144771874643408,76981.125,77279.9296875,76815.3605569112,ensemble
BTC,phase0,lstm,phase0_lstm,2026-05-25,2026-05-26,-0.0189965414050318,-0.00225985602010036,0.0020551933079355576,77279.9296875,75825.734375,77105.48535693792,ensemble
BTC,phase0,lstm,phase0_lstm,2026-05-26,2026-05-27,-0.0197253107241087,-0.00232395989687572,0.002287636702266998,75825.734375,74344.703125,75649.7230100548,ensemble
BTC,phase0,lstm,phase0_lstm,2026-05-27,2026-05-28,-0.0109298026618873,-0.002389875986409576,0.0024680603422861385,74344.703125,73536.5546875,74167.24064540889,ensemble
BTC,phase0,lstm,phase0_lstm,2026-05-28,2026-05-29,-0.0022330998228095,-0.00248342844533903,0.002596419226193199,73536.5546875,73372.5234375,73354.15849350784,ensemble
BTC,phase0,lstm,phase0_lstm,2026-05-29,2026-05-30,0.0051970396549028,-0.0025658032400314766,0.0027315082851902335,73372.5234375,73754.8359375,73184.50529106846,ensemble
BTC,phase0,lstm,phase0_lstm,2026-05-30,2026-05-31,-0.0023775625144765,-0.0026368200211435975,0.0028081009339077766,73754.8359375,73579.6875,73560.61388627301,ensemble
BTC,phase0,lstm,phase0_lstm,2026-05-31,2026-06-01,-0.0311953863032946,-0.002700978773646,0.0028920824177121433,73579.6875,71319.7734375,73381.2184768577,ensemble
BTC,phase0,lstm,phase0_lstm,2026-06-01,2026-06-02,-0.0669138485252581,-0.002744953532965122,0.0029984380662749183,71319.7734375,66703.65625,71124.2724167958,ensemble
BTC,phase0,lstm,phase0_lstm,2026-06-02,2026-06-03,-0.0411522222901916,-0.002780867346154957,0.0031253597986344063,66703.65625,64014.3671875,66518.41990868449,ensemble
BTC,phase0,lstm,phase0_lstm,2026-06-03,2026-06-04,-0.0033296811494371,-0.0028026921791024203,0.003284804620629814,64014.3671875,63801.57421875,63835.2058056126,ensemble
BTC,phase0,lstm,phase0_lstm,2026-06-04,2026-06-05,-0.0461725426252123,-0.00277612531790508,0.0034466409875871335,63801.57421875,60922.66796875,63624.69868116454,ensemble
BTC,phase0,lstm,phase0_lstm,2026-06-05,2026-06-06,-0.0009073630482773,-0.0028737631044350397,0.003508459484194807,60922.66796875,60867.4140625,60747.841977875694,ensemble
BTC,phase0,lstm,phase0_lstm,2026-06-06,2026-06-07,0.0382314561194156,-0.00293063245480876,0.003462483067153377,60867.4140625,63239.51953125,60689.29517139244,ensemble
BTC,phase0,lstm,phase0_lstm,2026-06-07,2026-06-08,-0.0023577871851843,-0.00288366378517818,0.003343830374437442,63239.51953125,63090.58984375,63057.42070107375,ensemble
BTC,phase0,lstm,phase0_lstm,2026-06-08,2026-06-09,-0.0231992749169722,-0.00278092256630766,0.003251109281528037,63090.58984375,61643.78125,62915.38352924234,ensemble
BTC,phase0,lstm,phase0_lstm,2026-06-09,2026-06-10,-0.0031600860854061,-0.0026046322775073,0.003208059393420367,61643.78125,61449.2890625,61483.4307852996,ensemble
BTC,phase0,lstm,phase0_lstm,2026-06-10,2026-06-11,0.0337886685240648,-0.0024140930036082803,0.0032122789139102433,61449.2890625,63561.0546875,61301.123678163436,ensemble
BTC,phase0,lstm,phase0_lstm,2026-06-11,2026-06-12,-0.0002809578486747,-0.00228532872861246,0.0031548272608892076,63561.0546875,63543.19921875,63415.962637864424,ensemble
BTC,phase0,lstm,phase0_lstm,2026-06-12,2026-06-13,0.0137247224557035,-0.0021243198432784813,0.003069981053743744,63543.19921875,64421.32421875,63408.35641507515,ensemble
BTC,phase0,lstm,phase0_lstm,2026-06-13,2026-06-14,0.0198124847553173,-0.001963603567401128,0.0029711764450100473,64421.32421875,65710.3984375,64294.950391351886,ensemble
BTC,phase0,lstm,phase0_lstm,2026-06-14,2026-06-15,0.0087743291428838,-0.0018119174297680607,0.0028533433289653007,65710.3984375,66289.5,65591.44442122609,ensemble
BTC,phase0,lstm,phase0_lstm,2026-06-15,2026-06-16,-0.0104460520817153,-0.0016542578239750472,0.0026891829094336907,66289.5,65600.640625,66179.93072887661,ensemble
BTC,phase0,lstm,phase0_lstm,2026-06-16,2026-06-17,-0.0181854515308644,-0.0014816640303706502,0.0025387315657796287,65600.640625,64418.4453125,65503.514487337605,ensemble
BTC,phase0,lstm,phase0_lstm,2026-06-17,2026-06-18,-0.0239099264595433,-0.0012991066680114768,0.0023777591260349274,64418.4453125,62896.47265625,64334.81321592076,ensemble
BTC,phase0,lstm,phase0_lstm,2026-06-18,2026-06-19,0.0101927013006599,-0.001158497157302899,0.00220294629640644,62896.47265625,63540.8359375,62823.64946234968,ensemble
BTC,phase0,lstm,phase0_lstm,2026-06-19,2026-06-20,0.0109382377964082,-0.00101439824793484,0.002002474734077697,63540.8359375,64239.67578125,63476.412905682286,ensemble
BTC,phase0,lstm,phase0_lstm,2026-06-20,2026-06-21,-0.0157229253051467,-0.00091134920949114,0.0017859516564218466,64239.67578125,63237.5390625,64181.15767277496,ensemble
BTC,phase0,lstm,phase0_lstm,2026-06-21,2026-06-22,0.0112363538248423,-0.0008194240755983363,0.0015885632732597008,63237.5390625,63952.10546875,63185.74192531951,ensemble
BTC,phase0,lstm,phase0_lstm,2026-06-22,2026-06-23,-0.0202831889602721,-0.0007701173552050017,0.001405254525480155,63952.10546875,62668.01953125,63902.87380194033,ensemble
BTC,phase0,lstm,phase0_lstm,2026-06-23,2026-06-24,-0.0270571911625371,-0.0007422565491651556,0.0012588469643099107,62668.01953125,60995.1328125,62621.52104236851,ensemble
BTC,phase0,lstm,phase0_lstm,2026-06-24,2026-06-25,-0.0210990381164694,-0.0007327192122829783,0.0011602232567463169,60995.1328125,59721.67578125,60950.45687628972,ensemble
BTC,phase0,lstm,phase0_lstm,2026-06-25,2026-06-26,0.004923319948585,-0.00081162555288752,0.0010689765753916912,59721.67578125,60016.4296875,59673.22380821413,ensemble
BTC,phase0,lstm,phase0_lstm,2026-06-26,2026-06-27,-0.0012726617424323,-0.0009353820474643252,0.000991464604040528,60016.4296875,59940.09765625,59960.317643807786,ensemble
BTC,phase0,lstm,phase0_lstm,2026-06-27,2026-06-28,-0.0068259994404737,-0.0010472673584444754,0.0009988000336629622,59940.09765625,59532.33984375,59877.35720725909,ensemble
BTC,phase0,lstm,phase0_lstm,2026-06-28,2026-06-29,0.0101285301835763,-0.0011563594111066423,0.0010691116342068676,59532.33984375,60138.37890625,59463.53884931172,ensemble
BTC,phase0,lstm,phase0_lstm,2026-06-29,2026-06-30,-0.0266158302862621,-0.001263095730610036,0.0011712842636049602,60138.37890625,58558.859375,60062.46632912638,ensemble
BTC,phase0,lstm,phase0_lstm,2026-06-30,2026-07-01,0.0243747988918137,-0.0013487730189808227,0.0012923037563434517,58558.859375,60003.7578125,58479.930006319766,ensemble
BTC,phase0,lstm,phase0_lstm,2026-07-01,2026-07-02,0.0243909440883905,-0.0014796359595493,0.0014539287305685986,60003.7578125,61485.30078125,59915.0397461392,ensemble
BTC,phase0,lstm,phase0_lstm,2026-07-02,2026-07-03,0.0170753597454698,-0.0016233600217673914,0.0015930379203897716,61485.30078125,62544.19921875,61385.56897425148,ensemble
BTC,phase0,lstm,phase0_lstm,2026-07-03,2026-07-04,0.0086619123839713,-0.0017380349228914842,0.001693127436808416,62544.19921875,63088.3046875,62435.58962725536,ensemble
BTC,phase0,lstm,phase0_lstm,2026-07-04,2026-07-05,0.0072582750905089,-0.0018126074923202,0.0017513116143699444,63088.3046875,63547.8828125,62974.05393091569,ensemble
BTC,phase0,lstm,phase0_lstm,2026-07-05,2026-07-06,0.0070115176898403,-0.0018786559114232,0.0018223208401028303,63547.8828125,63995.015625,63428.610277901484,ensemble
BTC,phase0,lstm,phase0_lstm,2026-07-06,2026-07-07,-0.0109610318081771,-0.0018991978140547399,0.0018526791168994858,63995.015625,63297.39453125,63873.59177167051,ensemble
BTC,phase0,lstm,phase0_lstm,2026-07-07,2026-07-08,-0.0165639655193486,-0.00192272011190648,0.0018865252908633245,63297.39453125,62257.57421875,63175.80828337275,ensemble
BTC,phase0,lstm,phase0_lstm,2026-07-08,2026-07-09,0.0149156823369863,-0.00193296843208366,0.001910005314029394,62257.57421875,63193.1484375,62137.34852679463,ensemble
BTC,phase0,lstm,phase0_lstm,2026-07-09,2026-07-10,0.0146718005231559,-0.00193142574280494,0.001942462794918981,63193.1484375,64127.140625,63071.213356022185,ensemble
BTC,phase0,lstm,phase0_lstm,2026-07-10,2026-07-11,-0.0050827186063555,-0.00195836005732414,0.0019451785069020875,64127.140625,63802.02734375,64001.67948335098,ensemble
BTC,phase0,lstm,phase0_lstm,2026-07-11,2026-07-12,-0.0006868690961942,-0.0019015191588550202,0.0019169053194389803,63802.02734375,63758.21875,63680.82184019664,ensemble
BTC,phase0,lstm,phase0_lstm,2026-07-12,2026-07-13,-0.0241143387714378,-0.00184361250139768,0.001926449441587411,63758.21875,62239.12109375,63640.781588418424,ensemble
BTC,phase0,lstm,phase0_lstm,2026-07-13,2026-07-14,0.0427281030442609,-0.0018090380355715002,0.001991324482255712,62239.12109375,64956.11328125,62126.62993745945,ensemble
BTC,phase0,lstm,phase0_lstm,2026-07-14,2026-07-15,-0.0037594109647903,-0.00181964809307822,0.0020046909295600964,64956.11328125,64712.375,64838.02348710248,ensemble
BTC,phase0,lstm,phase0_lstm,2026-07-15,2026-07-16,-0.0143672798551762,-0.0018458657210430353,0.0019950514546887813,64712.375,63789.28125,64593.03482211682,ensemble
BTC,phase0,lstm,phase0_lstm,2026-07-16,2026-07-17,0.0017257545646935,-0.001964867895730965,0.0019786576308768638,63789.28125,63899.4609375,63664.06679439675,ensemble
BTC,phase0,lstm,phase0_lstm,2026-07-17,2026-07-18,0.0139422316447508,-0.002115491033509879,0.0019422284935010617,63899.4609375,64796.6015625,63764.42508476895,ensemble
BTC,phase0,lstm,phase0_lstm,2026-07-18,2026-07-19,-0.0016340878484766,-0.0021558397464104587,0.0018590600600489355,64796.6015625,64690.8046875,64657.0609410728,ensemble
BTC,phase0,lstm,phase0_lstm,2026-07-19,2026-07-20,0.0083008358863908,-0.0021248541903332654,0.0017897596650385918,64690.8046875,65230.02734375,64553.492096364986,ensemble
BTC,phase0,lstm,phase0_lstm,2026-07-20,2026-07-21,0.0193591073637143,-0.0020926142584357316,0.0017380792498250892,65230.02734375,66505.125,65093.66878114839,ensemble
BTC,phase0,lstm,phase0_lstm,2026-07-21,2026-07-22,-0.0060982099788692,-0.0020594374518622853,0.0016955335163014354,66505.125,66100.796875,66368.30279158281,ensemble
BTC,phase0,lstm,phase0_lstm,2026-07-22,2026-07-23,-0.016104346952909,-0.002038556431398281,0.0016913561680450466,66100.796875,65044.8125,65966.18392507505,ensemble
BTC,phase0,lstm,phase0_lstm,2026-07-23,2026-07-24,-0.0146555536542276,-0.002072339971709824,0.0016946155201455126,65044.8125,64098.49609375,64910.15710916913,ensemble
BTC,phase0,lstm,phase0_lstm,2026-07-24,2026-07-25,0.003322421771433,-0.00206812692485976,0.0016442711203385149,64098.49609375,64311.8125,63966.06925309364,ensemble
BTC,phase0,lstm,phase0_lstm,2026-07-25,2026-07-26,0.0158656859403964,-0.0019475664361379799,0.0015768809302339894,64311.8125,65340.30078125,64186.68286122168,ensemble
BTC,phase0,lstm,phase0_lstm,2026-07-26,2026-07-27,-0.0250336529885953,-0.00175465532811354,0.001558537233515349,65340.30078125,63724.8984375,65225.751600898104,ensemble
BTC,phase0,lstm,phase0_lstm,2026-07-27,2026-07-28,0.0022957554728576,-0.0017012174823321,0.0015330338827865793,63724.8984375,63871.36328125,63616.580688366426,ensemble
BTC,phase0,lstm,phase0_lstm,2026-07-28,2026-07-29,0.0005760654802496,-0.00158923118142408,0.0015979464127287841,63871.36328125,63908.16796875,63769.93753494989,ensemble
BTC,phase0,lstm,phase0_lstm,2026-07-29,2026-07-30,0.0127051159419568,-0.00151430959813296,0.0017198708892844578,63908.16796875,64725.30859375,63811.46445460516,ensemble
BTC,phase0,lstm,phase0_lstm,2026-07-30,2026-07-31,-0.0299783570286374,-0.00153342974372208,0.001727338828859952,64725.30859375,62813.74609375,64626.1329392635,ensemble
BTC,phase0,lstm,phase0_lstm,2026-07-31,2026-08-01,-0.0008031049841085,-0.00154862811323252,0.001829405233595163,62813.74609375,62763.3203125,62716.546243288074,ensemble
BTC,phase0,lstm,phase0_lstm,2026-08-01,2026-08-02,0.0113855697670751,-0.0015927599160931601,0.0018598529108917368,62763.3203125,63482.0,62663.43298109101,ensemble
BTC,phase0,lstm,phase0_lstm,2026-08-02,2026-08-03,-0.0003324575530272,-0.0016155990073457,0.0019438856552786,63482.0,63460.8984375,63379.521348310125,ensemble
BTC,phase0,lstm,phase0_lstm,2026-08-03,2026-08-04,0.0093330253934836,-0.00169690093098322,0.0019360913274245762,63460.8984375,64055.953125,63353.302895166555,ensemble
BTC,phase0,lstm,phase0_lstm,2026-08-04,2026-08-05,0.0084187413608024,-0.00166851451067486,0.002007466768374585,64055.953125,64597.5,63949.16395213265,ensemble
BTC,phase0,lstm,phase0_lstm,2026-08-05,2026-08-06,-0.0052054707838791,-0.00160588143626226,0.0021217015032954597,64597.5,64262.11328125,64493.84732315127,ensemble
BTC,phase0,lstm,phase0_lstm,2026-08-06,2026-08-07,0.0095721203953674,-0.0015692756634962252,0.0022492774428717784,64262.11328125,64880.19140625,64161.34739619752,ensemble
BTC,phase0,lstm,phase0_lstm,2026-08-07,2026-08-08,0.0003774876433575,-0.0015530950746324183,0.0023767088583065595,64880.19140625,64904.6875,64779.50450893683,ensemble
BTC,phase0,lstm,phase0_lstm,2026-08-08,2026-08-09,-0.0009217877722439,-0.0015335536343627438,0.0024976659953219334,64904.6875,64844.88671875,64805.22896259006,ensemble
BTC,phase0,lstm,phase0_lstm,2026-08-09,2026-08-10,-0.0145130480455691,-0.0014889812577166136,0.002637867590707714,64844.88671875,63910.5859375,64748.4057447734,ensemble
BTC,phase0,lstm,phase0_lstm,2026-08-10,2026-08-11,-0.0056285102588139,-0.0014222439502190975,0.002838975945733041,63910.5859375,63551.875,63819.754101121376,ensemble
BTC,phase0,lstm,phase0_lstm,2026-08-11,2026-08-12,-0.0023542560615523,-0.0014799851935094733,0.002878906653578958,63551.875,63402.43359375,63457.88873227783,ensemble
BTC,phase0,lstm,phase0_lstm,2026-08-12,2026-08-13,-4.127906065128786e-06,-0.0015074754264787378,0.0029802082706187165,63402.43359375,63402.171875,63306.92798739204,ensemble
BTC,phase0,lstm,phase0_lstm,2026-08-13,2026-08-14,-0.0067508670210942,-0.0015625705491401957,0.0030273220653262746,63402.171875,62975.59375,63303.17887039538,ensemble
BTC,phase0,lstm,phase0_lstm,2026-08-14,2026-08-15,0.0007734380660748,-0.0016292423475533402,0.003056550233987435,62975.59375,63024.3203125,62873.0747825992,ensemble
BTC,phase0,lstm,phase0_lstm,2026-08-15,2026-08-16,-0.0032686473868631,-0.00166891341796142,0.003176740231480233,63024.3203125,62818.65234375,62919.225899803365,ensemble
BTC,phase0,lstm,phase0_lstm,2026-08-16,2026-08-17,0.0265101376702319,-0.0018378675333224,0.0031671386538128453,62818.65234375,64506.25390625,62703.30601022874,ensemble
BTC,phase0,lstm,phase0_lstm,2026-08-17,2026-08-18,0.0027008473728006,-0.00197157481452446,0.003167334407407898,64506.25390625,64680.7109375,64379.200289680295,ensemble
BTC,phase0,lstm,phase0_lstm,2026-08-18,2026-08-19,0.0684938460027011,-0.0021735934889875004,0.0030898251573259652,64680.7109375,69266.1875,64540.274046989856,ensemble
BTC,phase0,lstm,phase0_lstm,2026-08-19,2026-08-20,0.052951205389763,-0.0023311647470109,0.0030123216627714632,69266.1875,73032.7578125,69104.90466700609,ensemble
BTC,phase0,lstm,phase0_lstm,2026-08-20,2026-08-21,0.0700888177551632,-0.00236692854086866,0.0029964337337806575,73032.7578125,78335.1875,72860.09890986545,ensemble
BTC,phase0,lstm,phase0_lstm,2026-08-21,2026-08-22,-0.0161087603875064,-0.0023294969694688597,0.0030848222139446334,78335.1875,77083.4140625,78152.91829831694,ensemble
BTC,phase0,lstm,phase0_lstm,2026-08-22,2026-08-23,0.0086781388253158,-0.0022135193110443398,0.003316680625469432,77083.4140625,77755.265625,76912.9771392123,ensemble
BTC,phase0,lstm,phase0_lstm,2026-08-23,2026-08-24,0.0154319126625293,-0.00141092838020992,0.004262463394095002,77755.265625,78964.484375,77645.63587207062,ensemble
BTC,phase0,lstm,phase0_lstm,2026-08-24,2026-08-25,-0.0050721771868308,-0.0004400524783704443,0.0051083647488472704,78964.484375,78564.9765625,78929.7435024117,ensemble
BTC,phase0,lstm,phase0_lstm,2026-08-25,2026-08-26,0.0058688952570538,0.00041992348778876044,0.005590469528065737,78564.9765625,79027.421875,78597.97476935232,ensemble
BTC,phase0,lstm,phase0_lstm,2026-08-26,2026-08-27,0.0154457977224057,0.00102162688272072,0.005644768139565534,79027.421875,80257.5390625,79108.19966901676,ensemble
BTC,phase0,lstm,phase0_lstm,2026-08-27,2026-08-28,-0.0307100273130926,0.0014503472368232802,0.005260398841047217,80257.5390625,77830.2890625,80374.02481448874,ensemble
BTC,phase0,lstm,phase0_lstm,2026-08-28,2026-08-29,0.0053246386227652,0.00164088634774088,0.004529663081210607,77830.2890625,78245.8125,77958.10455793544,ensemble
BTC,phase0,lstm,phase0_lstm,2026-08-29,2026-08-30,-0.007417513856522,0.0018609512764669197,0.004299081590440261,78245.8125,77667.5703125,78391.55971682275,ensemble
BTC,phase0,lstm,phase0_lstm,2026-08-30,2026-08-31,0.0112801594802717,0.0016964443657343134,0.003856739657905898,77667.5703125,78548.6328125,77799.44084844466,ensemble
BTC,phase0,xgb,phase0_xgb,2025-10-31,2025-11-01,0.004624825172493,-0.00367151304380966,0.001722311168699634,109556.1640625,110064.015625,109154.66468323661,ensemble
BTC,phase0,xgb,phase0_xgb,2025-11-01,2025-11-02,0.0052161412333197,0.00126534611918028,0.0014992320033404673,110064.015625,110639.625,110203.37284900004,ensemble
BTC,phase0,xgb,phase0_xgb,2025-11-02,2025-11-03,-0.0376871829010099,-0.00964344432577488,0.002988731184068033,110639.625,106547.5234375,109577.80596121268,ensemble
BTC,phase0,xgb,phase0_xgb,2025-11-03,2025-11-04,-0.0476408575376077,-0.00119967507198452,0.0029722917436444743,106547.5234375,101590.5234375,106419.77767167693,ensemble
BTC,phase0,xgb,phase0_xgb,2025-11-04,2025-11-05,0.0224000613217487,0.00832907557487484,0.0033245946691446236,101590.5234375,103891.8359375,102440.21223385053,ensemble
BTC,phase0,xgb,phase0_xgb,2025-11-05,2025-11-06,-0.0252511824918507,0.00437509578187014,0.0023426452427699517,103891.8359375,101301.2890625,104347.36844322339,ensemble
BTC,phase0,xgb,phase0_xgb,2025-11-06,2025-11-07,0.020238925968734,0.01746011637151236,0.002650742832944767,101301.2890625,103372.40625,103085.55275563117,ensemble
BTC,phase0,xgb,phase0_xgb,2025-11-07,2025-11-08,-0.0106032122142002,-0.0044680492021143,0.0015336420119132633,103372.40625,102282.1171875,102911.56355332343,ensemble
BTC,phase0,xgb,phase0_xgb,2025-11-08,2025-11-09,0.02355183969968,0.009538002125918819,0.0009996478090114626,102282.1171875,104719.640625,103262.35154610935,ensemble
BTC,phase0,xgb,phase0_xgb,2025-11-09,2025-11-10,0.0121202693364623,-0.0010161945057916401,0.004150819453153153,104719.640625,105996.59375,104613.27915267316,ensemble
BTC,phase0,xgb,phase0_xgb,2025-11-10,2025-11-11,-0.0287025464768418,0.0025273448554799,0.004130165299934436,105996.59375,102997.46875,106264.82250642098,ensemble
BTC,phase0,xgb,phase0_xgb,2025-11-11,2025-11-12,-0.0130391466426769,0.00276090446859594,0.0036555186929537534,102997.46875,101663.1875,103282.2278371605,ensemble
BTC,phase0,xgb,phase0_xgb,2025-11-12,2025-11-13,-0.0195247429765854,-0.0016154522192663799,0.0007728495900323849,101663.1875,99697.4921875,101499.08806122404,ensemble
BTC,phase0,xgb,phase0_xgb,2025-11-13,2025-11-14,-0.0546228711365914,0.007693663146346739,0.001907925657598782,99697.4921875,94397.7890625,100467.48936019666,ensemble
BTC,phase0,xgb,phase0_xgb,2025-11-14,2025-11-15,0.0121231064987472,0.0029611053643747998,0.0038251549938460925,94397.7890625,95549.1484375,94677.72511761202,ensemble
BTC,phase0,xgb,phase0_xgb,2025-11-15,2025-11-16,-0.0144639384619225,0.0019427600782364399,0.0028672879112123634,95549.1484375,94177.078125,95734.95794179541,ensemble
BTC,phase0,xgb,phase0_xgb,2025-11-16,2025-11-17,-0.0223683827163435,0.00600607721135012,0.002542192175421568,94177.078125,92093.875,94744.4149567071,ensemble
BTC,phase0,xgb,phase0_xgb,2025-11-17,2025-11-18,0.0092411735633055,0.02468535602092738,0.002616487088655681,92093.875,92948.875,94395.53688474605,ensemble
BTC,phase0,xgb,phase0_xgb,2025-11-18,2025-11-19,-0.0160823776998089,0.02295240052044386,0.001714960881095318,92948.875,91465.9921875,95106.94652715589,ensemble
BTC,phase0,xgb,phase0_xgb,2025-11-19,2025-11-20,-0.0542991431316111,0.00947991646826262,0.0016538293234559676,91465.9921875,86631.8984375,92337.20514157631,ensemble
BTC,phase0,xgb,phase0_xgb,2025-11-20,2025-11-21,-0.0179504904722895,0.011394436098635139,0.0020354855283731127,86631.8984375,85090.6875,87624.66533669653,ensemble
BTC,phase0,xgb,phase0_xgb,2025-11-21,2025-11-22,-0.0052118723936807,0.007746445666998581,0.0006833104748445974,85090.6875,84648.359375,85752.39752892347,ensemble
BTC,phase0,xgb,phase0_xgb,2025-11-22,2025-11-23,0.0251585865790003,0.0158807577565312,0.0026323134880336476,84648.359375,86805.0078125,86003.37028722961,ensemble
BTC,phase0,xgb,phase0_xgb,2025-11-23,2025-11-24,0.0167423578108394,0.0172832021489739,0.003438947267487452,86805.0078125,88270.5625,88318.31604640563,ensemble
BTC,phase0,xgb,phase0_xgb,2025-11-24,2025-11-25,-0.0105764769567544,0.006526278844103161,0.0031883088904003194,88270.5625,87341.890625,88848.5247245258,ensemble
BTC,phase0,xgb,phase0_xgb,2025-11-25,2025-11-26,0.0357225879133364,0.00747170364484184,0.002398831715947657,87341.890625,90518.3671875,87996.9274205798,ensemble
BTC,phase0,xgb,phase0_xgb,2025-11-26,2025-11-27,0.0084378061084954,-0.015497494488954499,0.0019845565370836997,90518.3671875,91285.375,89126.37335896165,ensemble
BTC,phase0,xgb,phase0_xgb,2025-11-27,2025-11-28,-0.0040186667744196,0.00467863171361384,0.0015256927012019896,91285.375,90919.265625,91713.46631035946,ensemble
BTC,phase0,xgb,phase0_xgb,2025-11-28,2025-11-29,-0.0007427786269465,-0.00128705593233464,0.0026032868883326455,90919.265625,90851.7578125,90802.3227169887,ensemble
BTC,phase0,xgb,phase0_xgb,2025-11-29,2025-11-30,-0.0050477925731327,-0.00458435937762256,0.0017115506483374693,90851.7578125,90394.3125,90436.21393360553,ensemble
BTC,phase0,xgb,phase0_xgb,2025-11-30,2025-12-01,-0.046101838054076,-0.0086525798775255,0.0025585032296446845,90394.3125,86321.5703125,89615.54253397223,ensemble
BTC,phase0,xgb,phase0_xgb,2025-12-01,2025-12-02,0.0566209938703037,-0.002907909422356138,0.0025347850033264657,86321.5703125,91350.203125,86070.91961622027,ensemble
BTC,phase0,xgb,phase0_xgb,2025-12-02,2025-12-03,0.0235582620118316,-0.00135425595508418,0.0016504252150932668,91350.203125,93527.8046875,91226.57529917403,ensemble
BTC,phase0,xgb,phase0_xgb,2025-12-03,2025-12-04,-0.0149319728659321,0.00626466572284694,0.0016628468424975031,93527.8046875,92141.625,94115.56425600173,ensemble
BTC,phase0,xgb,phase0_xgb,2025-12-04,2025-12-05,-0.0303430599756753,0.00983713716268532,0.0020861278660918763,92141.625,89387.7578125,93052.50769709046,ensemble
BTC,phase0,xgb,phase0_xgb,2025-12-05,2025-12-06,-0.0012916460625568,0.00456639858894044,0.00109278996029454,89387.7578125,89272.375,89796.87132041366,ensemble
BTC,phase0,xgb,phase0_xgb,2025-12-06,2025-12-07,0.0126145722260143,8.550772909073998e-05,0.003141096731848135,89272.375,90405.640625,89280.00880442676,ensemble
BTC,phase0,xgb,phase0_xgb,2025-12-07,2025-12-08,0.0025911959798138,-0.00343294178019274,0.002349438964965195,90405.640625,90640.203125,90095.81543433055,ensemble
BTC,phase0,xgb,phase0_xgb,2025-12-08,2025-12-09,0.0223811926981977,0.004897244460880719,0.0013090437417976352,90640.203125,92691.7109375,91085.1790462987,ensemble
BTC,phase0,xgb,phase0_xgb,2025-12-09,2025-12-10,-0.0072628328466358,0.0046156971249728795,0.002356641663753563,92691.7109375,92020.9453125,93120.53670478161,ensemble
BTC,phase0,xgb,phase0_xgb,2025-12-10,2025-12-11,0.0053149701081481,0.006723105721175621,0.002277466123465193,92020.9453125,92511.3359375,92641.6962051697,ensemble
BTC,phase0,xgb,phase0_xgb,2025-12-11,2025-12-12,-0.0245214214521475,-0.0035087614320218202,0.0012090266516034155,92511.3359375,90270.4140625,92187.30453681856,ensemble
BTC,phase0,xgb,phase0_xgb,2025-12-12,2025-12-13,0.000313418755633,-0.0050372852943837195,0.0011567449457002873,90270.4140625,90298.7109375,89816.83958434143,ensemble
BTC,phase0,xgb,phase0_xgb,2025-12-13,2025-12-14,-0.0237976710179162,-0.00091606477944876,0.0014139908373709004,90298.7109375,88175.1796875,90216.02934540977,ensemble
BTC,phase0,xgb,phase0_xgb,2025-12-14,2025-12-15,-0.0201089147130883,-0.00487481134477998,0.0030857775920302226,88175.1796875,86419.78125,87746.38830891167,ensemble
BTC,phase0,xgb,phase0_xgb,2025-12-15,2025-12-16,0.0163457369350781,0.003991755918832459,0.002778658222135923,86419.78125,87843.984375,86765.43735172699,ensemble
BTC,phase0,xgb,phase0_xgb,2025-12-16,2025-12-17,-0.0195448330408544,0.01436129659414288,0.001720228211334632,87843.984375,86143.7578125,89114.64018209098,ensemble
BTC,phase0,xgb,phase0_xgb,2025-12-17,2025-12-18,-0.0079397284977681,0.00496639735065396,0.001969866582548049,86143.7578125,85462.5078125,86572.64607629651,ensemble
BTC,phase0,xgb,phase0_xgb,2025-12-18,2025-12-19,0.0304331549684077,0.0027838934678584,0.003343462322513406,85462.5078125,88103.3828125,85700.75780717694,ensemble
BTC,phase0,xgb,phase0_xgb,2025-12-19,2025-12-20,0.0027273551221506,0.0009201971153742848,0.001527733868229575,88103.3828125,88344.0,88184.49260399347,ensemble
BTC,phase0,xgb,phase0_xgb,2025-12-20,2025-12-21,0.0031390280669266,0.0044449666514992,0.0019960543707929802,88344.0,88621.75,88737.56016678069,ensemble
BTC,phase0,xgb,phase0_xgb,2025-12-21,2025-12-22,-0.001487584958889,0.00268377223983404,0.001130011611744346,88621.75,88490.015625,88859.9100331901,ensemble
BTC,phase0,xgb,phase0_xgb,2025-12-22,2025-12-23,-0.0122342749529535,0.00539881170261646,0.0025362963248500878,88490.015625,87414.0,88969.04849752296,ensemble
BTC,phase0,xgb,phase0_xgb,2025-12-23,2025-12-24,0.0022620761040624,0.00570933232083912,0.0015662639850856032,87414.0,87611.9609375,87914.5029848759,ensemble
BTC,phase0,xgb,phase0_xgb,2025-12-24,2025-12-25,-0.0043148578556266,-0.01017613690346476,0.0012290568448536006,87611.9609375,87234.7421875,86724.93055452425,ensemble
BTC,phase0,xgb,phase0_xgb,2025-12-25,2025-12-26,0.000764168281323,-0.00525990016758438,0.0026834399500461673,87234.7421875,87301.4296875,86777.10078161529,ensemble
BTC,phase0,xgb,phase0_xgb,2025-12-26,2025-12-27,0.005719219565876,0.0020550915243802,0.0011291338886091047,87301.4296875,87802.15625,87481.0265965507,ensemble
BTC,phase0,xgb,phase0_xgb,2025-12-27,2025-12-28,0.0003835125589097,0.00440354375168674,0.0011441148801608371,87802.15625,87835.8359375,88189.64943196658,ensemble
BTC,phase0,xgb,phase0_xgb,2025-12-28,2025-12-29,-0.0079748888825797,0.00411100443452592,0.0013291613043831332,87835.8359375,87138.140625,88197.67269520971,ensemble
BTC,phase0,xgb,phase0_xgb,2025-12-29,2025-12-30,0.0147180978087909,-0.012873814254999099,0.000950761497496872,87138.140625,88430.1328125,86023.53042453779,ensemble
BTC,phase0,xgb,phase0_xgb,2025-12-30,2025-12-31,-0.0104730993492998,0.01289166752248998,0.0020765713359310414,88430.1328125,87508.828125,89577.5246901264,ensemble
BTC,phase0,xgb,phase0_xgb,2025-12-31,2026-01-01,0.01388073366055,0.00199776355002538,0.002000917964983211,87508.828125,88731.984375,87683.82481493599,ensemble
BTC,phase0,xgb,phase0_xgb,2026-01-01,2026-01-02,0.0135745701301948,0.0050332796992733604,0.002485974898648916,88731.984375,89944.6953125,89179.7231225581,ensemble
BTC,phase0,xgb,phase0_xgb,2026-01-02,2026-01-03,0.0072944096271482,0.00125593886768908,0.001087152523219017,89944.6953125,90603.1875,90057.73131958437,ensemble
BTC,phase0,xgb,phase0_xgb,2026-01-03,2026-01-04,0.0089036899476068,0.0040638364385813,0.0018551471496107699,90603.1875,91413.4921875,90972.13319453859,ensemble
BTC,phase0,xgb,phase0_xgb,2026-01-04,2026-01-05,0.0266514983813646,0.0044263374060392,0.0017425590769438854,91413.4921875,93882.5546875,91819.01597784674,ensemble
BTC,phase0,xgb,phase0_xgb,2026-01-05,2026-01-06,-0.0016366097114998,0.0008334600104717199,0.0018630980303761028,93882.5546875,93729.03125,93960.83465959466,ensemble
BTC,phase0,xgb,phase0_xgb,2026-01-06,2026-01-07,-0.0261689672501516,0.00920309256762262,0.001995014979573833,93729.03125,91308.0546875,94595.60968527794,ensemble
BTC,phase0,xgb,phase0_xgb,2026-01-07,2026-01-08,-0.0030814668927555,-0.0074200195260345405,0.0021457186929089446,91308.0546875,91027.125,90633.05449308269,ensemble
BTC,phase0,xgb,phase0_xgb,2026-01-08,2026-01-09,-0.0056629301495069,0.00020893060327582756,0.0008172224452538006,91027.125,90513.1015625,91046.14533903699,ensemble
BTC,phase0,xgb,phase0_xgb,2026-01-09,2026-01-10,-0.0013980466595052,-0.0029710565228014602,0.001082229706580273,90513.1015625,90386.6484375,90244.58111394194,ensemble
BTC,phase0,xgb,phase0_xgb,2026-01-10,2026-01-11,0.0048651109011003,-0.01206482760608192,0.0013164183497331645,90386.6484375,90827.4609375,89302.70107350587,ensemble
BTC,phase0,xgb,phase0_xgb,2026-01-11,2026-01-12,0.0040163809626806,-0.00899445097893472,0.0031225918369412247,90827.4609375,91192.9921875,90014.18077967878,ensemble
BTC,phase0,xgb,phase0_xgb,2026-01-12,2026-01-13,0.0442802850314782,0.00352006731554864,0.0037858406073287094,91192.9921875,95321.78125,91514.56330264681,ensemble
BTC,phase0,xgb,phase0_xgb,2026-01-13,2026-01-14,0.016723797821879,0.017630172893404898,0.0015390480670603665,95321.78125,96929.328125,97017.22227822975,ensemble
BTC,phase0,xgb,phase0_xgb,2026-01-14,2026-01-15,-0.0143200382747562,-0.00728713907301422,0.0023224604084570665,96929.328125,95551.1875,96225.55798047922,ensemble
BTC,phase0,xgb,phase0_xgb,2026-01-15,2026-01-16,-0.0002728785518896,0.0013025805470533401,0.003137511758183294,95551.1875,95525.1171875,95675.73171491145,ensemble
BTC,phase0,xgb,phase0_xgb,2026-01-16,2026-01-17,-0.0044610720579804,0.0010794180387165,0.0014020409628232007,95525.1171875,95099.921875,95628.28439239661,ensemble
BTC,phase0,xgb,phase0_xgb,2026-01-17,2026-01-18,-0.0155299936581246,0.0044994646683334805,0.0014861238879795636,95099.921875,93634.4296875,95528.78471650567,ensemble
BTC,phase0,xgb,phase0_xgb,2026-01-18,2026-01-19,-0.0116102857616082,0.008781980630010299,0.0036423623110594626,93634.4296875,92553.59375,94460.3467209066,ensemble
BTC,phase0,xgb,phase0_xgb,2026-01-19,2026-01-20,-0.0469242550548211,0.0058349254541098195,0.0014993546142682995,92553.59375,88310.90625,93095.21569519158,ensemble
BTC,phase0,xgb,phase0_xgb,2026-01-20,2026-01-21,0.0119993277601487,-0.00220326501876112,0.0009859057325071602,88310.90625,89376.9609375,88116.54810935444,ensemble
BTC,phase0,xgb,phase0_xgb,2026-01-21,2026-01-22,0.0009560777691027,-0.00155439809896046,0.0032740776892031228,89376.9609375,89462.453125,89238.1414776309,ensemble
BTC,phase0,xgb,phase0_xgb,2026-01-22,2026-01-23,0.0004629013309221,-0.00544784399680788,0.0029425741693035945,89462.453125,89503.875,88976.40080753165,ensemble
BTC,phase0,xgb,phase0_xgb,2026-01-23,2026-01-24,-0.0044021176235583,-0.006300209928303921,0.0015013802861867135,89503.875,89110.734375,88941.75439634392,ensemble
BTC,phase0,xgb,phase0_xgb,2026-01-24,2026-01-25,-0.0289008383617947,-0.00287522124126552,0.0026228707478466043,89110.734375,86572.21875,88854.88928057894,ensemble
BTC,phase0,xgb,phase0_xgb,2026-01-25,2026-01-26,0.0193889405513137,0.00686005484312772,0.006089354680605492,86572.21875,88267.140625,87168.1506441928,ensemble
BTC,phase0,xgb,phase0_xgb,2026-01-26,2026-01-27,0.009420276564581,0.0023974108240508623,0.0023195826107321,88267.140625,89102.5703125,88479.00708734085,ensemble
BTC,phase0,xgb,phase0_xgb,2026-01-27,2026-01-28,0.0009198645005418,-0.00129505547229198,0.003770423975891784,89102.5703125,89184.5703125,88987.2522289964,ensemble
BTC,phase0,xgb,phase0_xgb,2026-01-28,2026-01-29,-0.053227949504083,-0.01203789655119176,0.0024260947531620104,89184.5703125,84561.5859375,88117.4117402466,ensemble
BTC,phase0,xgb,phase0_xgb,2026-01-29,2026-01-30,-0.00513284742955,0.010871338285505721,0.0021779634584154217,84561.5859375,84128.65625,85485.89869915812,ensemble
BTC,phase0,xgb,phase0_xgb,2026-01-30,2026-01-31,-0.0677069192719858,-0.00593756726011628,0.002514224945088857,84128.65625,78621.1171875,83630.6167297727,ensemble
BTC,phase0,xgb,phase0_xgb,2026-01-31,2026-02-01,-0.0211668421472114,0.0120320906862616,0.0022266699498582148,78621.1171875,76974.4453125,79572.80753019058,ensemble
BTC,phase0,xgb,phase0_xgb,2026-02-01,2026-02-02,0.0220269081578216,0.01036002491600808,0.0049479671427458865,76974.4453125,78688.765625,77776.04762413441,ensemble
BTC,phase0,xgb,phase0_xgb,2026-02-02,2026-02-03,-0.0396004693749769,0.011306067183613742,0.004703895434557604,78688.765625,75633.546875,79583.47438376745,ensemble
BTC,phase0,xgb,phase0_xgb,2026-02-03,2026-02-04,-0.0351706159417589,0.01877260413020844,0.004388754528135817,75633.546875,73019.703125,77066.79633099081,ensemble
BTC,phase0,xgb,phase0_xgb,2026-02-04,2026-02-05,-0.1523344080304475,0.00920314118266102,0.003142316002347826,73019.703125,62702.09765625,73694.81557453032,ensemble
BTC,phase0,xgb,phase0_xgb,2026-02-05,2026-02-06,0.118003181433477,0.01138383466750378,0.0042020348891819185,62702.09765625,70555.390625,63419.96626558805,ensemble
BTC,phase0,xgb,phase0_xgb,2026-02-06,2026-02-07,-0.0182134028127509,0.0023475673631765,0.007252852043039854,70555.390625,69281.96875,70721.21872749052,ensemble
BTC,phase0,xgb,phase0_xgb,2026-02-07,2026-02-08,0.0140852358847471,0.0213683899492025,0.004676435727304204,69281.96875,70264.7265625,70778.34349661185,ensemble
BTC,phase0,xgb,phase0_xgb,2026-02-08,2026-02-09,-0.0020507154219692,0.0023480576928704604,0.0022927048177875647,70264.7265625,70120.78125,70429.90604382707,ensemble
BTC,phase0,xgb,phase0_xgb,2026-02-09,2026-02-10,-0.0191032375898973,0.00530632920563216,0.002999766750629071,70120.78125,68793.9609375,70493.85414788747,ensemble
BTC,phase0,xgb,phase0_xgb,2026-02-10,2026-02-11,-0.0265432212123745,0.0006379073194693601,0.003433632107798641,68793.9609375,66991.96875,68837.85910871108,ensemble
BTC,phase0,xgb,phase0_xgb,2026-02-11,2026-02-12,-0.011562368274835,-0.0156247960403561,0.002801530138422279,66991.96875,66221.84375,65953.36799417675,ensemble
BTC,phase0,xgb,phase0_xgb,2026-02-12,2026-02-13,0.0390337693571557,-0.005660596489906281,0.0019172102092348546,66221.84375,68857.84375,65848.0475665043,ensemble
BTC,phase0,xgb,phase0_xgb,2026-02-13,2026-02-14,0.0131259330678483,-0.00406379979103798,0.0017327345834886809,68857.84375,69767.625,68578.58706490124,ensemble
BTC,phase0,xgb,phase0_xgb,2026-02-14,2026-02-15,-0.0141380400688788,0.00546449329704042,0.002588381846076037,69767.625,68788.1875,70149.91327373554,ensemble
BTC,phase0,xgb,phase0_xgb,2026-02-15,2026-02-16,0.00079878247825,-0.00227291733026504,0.003406771641699391,68788.1875,68843.15625,68632.01518712612,ensemble
BTC,phase0,xgb,phase0_xgb,2026-02-16,2026-02-17,-0.0197888733002862,0.00012706874404100002,0.0018048356490855725,68843.15625,67494.21875,68851.90461921088,ensemble
BTC,phase0,xgb,phase0_xgb,2026-02-17,2026-02-18,-0.0159636322602148,0.00058882744051516,0.001711357360830947,67494.21875,66425.3203125,67533.97290109504,ensemble
BTC,phase0,xgb,phase0_xgb,2026-02-18,2026-02-19,0.0079801259947047,0.0016223160142544199,0.0017783174571562946,66425.3203125,66957.5234375,66533.17063339196,ensemble
BTC,phase0,xgb,phase0_xgb,2026-02-19,2026-02-20,0.0155289956566322,0.0040728596184635,0.002215672061372707,66957.5234375,68005.421875,67230.78813749478,ensemble
BTC,phase0,xgb,phase0_xgb,2026-02-20,2026-02-21,-2.4354972344490844e-05,0.00504129899200048,0.0025126041070365006,68005.421875,68003.765625,68349.12316230396,ensemble
BTC,phase0,xgb,phase0_xgb,2026-02-21,2026-02-22,-0.005076923598302,-0.0027917800587601597,0.0017297508957219182,68003.765625,67659.390625,67814.17883365644,ensemble
BTC,phase0,xgb,phase0_xgb,2026-02-22,2026-02-23,-0.0460126731356427,-0.01552903056144712,0.0019113332073799959,67659.390625,64616.73828125,66616.82187249782,ensemble
BTC,phase0,xgb,phase0_xgb,2026-02-23,2026-02-24,-0.0083405104387447,-0.00594964763149614,0.002884863267305601,64616.73828125,64080.04296875,64233.43285418934,ensemble
BTC,phase0,xgb,phase0_xgb,2026-02-24,2026-02-25,0.0587881628108732,-0.0031288055237381996,0.0013491942753288738,64080.04296875,67960.125,63879.86230283904,ensemble
BTC,phase0,xgb,phase0_xgb,2026-02-25,2026-02-26,-0.0074786108124004,0.030881841853260938,0.0020281183060854675,67960.125,67453.7734375,70091.60139678717,ensemble
BTC,phase0,xgb,phase0_xgb,2026-02-26,2026-02-27,-0.0235803453997585,-0.00513412430882448,0.0009007697054858091,67453.7734375,65881.796875,67108.34487493159,ensemble
BTC,phase0,xgb,phase0_xgb,2026-02-27,2026-02-28,0.0167686372009838,-0.01096197273582216,0.001979480913517917,65881.796875,66995.859375,65163.54632768566,ensemble
BTC,phase0,xgb,phase0_xgb,2026-02-28,2026-03-01,-0.0189521272552437,-0.00537662627175446,0.004880236622307272,66995.859375,65738.1015625,66636.61430604772,ensemble
BTC,phase0,xgb,phase0_xgb,2026-03-01,2026-03-02,0.0451739987422587,0.00915742861106984,0.0027849408147297933,65738.1015625,68775.8515625,66342.85831682805,ensemble
BTC,phase0,xgb,phase0_xgb,2026-03-02,2026-03-03,-0.0070359214012543,0.01048362487927076,0.0028402776710173007,68775.8515625,68293.6484375,69500.66448598017,ensemble
BTC,phase0,xgb,phase0_xgb,2026-03-03,2026-03-04,0.0626701105436228,-0.00606481791473922,0.0028735019052018103,68293.6484375,72710.578125,67880.71334876987,ensemble
BTC,phase0,xgb,phase0_xgb,2026-03-04,2026-03-05,-0.026047184090688,-0.0011644260113825799,0.0035766237629772956,72710.578125,70841.125,72625.96131109905,ensemble
BTC,phase0,xgb,phase0_xgb,2026-03-05,2026-03-06,-0.0389267622298537,-0.00585147375240916,0.001720207458808959,70841.125,68136.4921875,70427.81044541992,ensemble
BTC,phase0,xgb,phase0_xgb,2026-03-06,2026-03-07,-0.0127600028163738,-0.0038034896599128598,0.002982591897553312,68136.4921875,67272.59375,67877.82796917316,ensemble
BTC,phase0,xgb,phase0_xgb,2026-03-07,2026-03-08,-0.0195561512724631,0.00066904053092004,0.0056960979660237695,67272.59375,65969.78125,67317.61690131598,ensemble
BTC,phase0,xgb,phase0_xgb,2026-03-08,2026-03-09,0.0362108831336739,-0.00852341465651984,0.002184423715252254,65969.78125,68402.3828125,65409.88296189186,ensemble
BTC,phase0,xgb,phase0_xgb,2026-03-09,2026-03-10,0.0220430630536829,0.00479472663719202,0.0020878931872277255,68402.3828125,69926.921875,68731.14106255844,ensemble
BTC,phase0,xgb,phase0_xgb,2026-03-10,2026-03-11,0.0039671408310243,-0.0026324049569666002,0.00334961206924419,69926.921875,70204.8828125,69743.08796803208,ensemble
BTC,phase0,xgb,phase0_xgb,2026-03-11,2026-03-12,0.0041020885103588,0.00284931650385258,0.00303909694677723,70204.8828125,70493.4609375,70405.2039974505,ensemble
BTC,phase0,xgb,phase0_xgb,2026-03-12,2026-03-13,0.0067128612385433,-0.0086956404149532,0.0035628419357549602,70493.4609375,70968.265625,69883.13259327419,ensemble
BTC,phase0,xgb,phase0_xgb,2026-03-13,2026-03-14,0.0034653905327112,0.00197585637215522,0.0023871073592291133,70968.265625,71214.625,71108.62734649243,ensemble
BTC,phase0,xgb,phase0_xgb,2026-03-14,2026-03-15,0.0218791978790222,-0.011026952229440178,0.0034069414411487618,71214.625,72789.9140625,70433.65848567699,ensemble
BTC,phase0,xgb,phase0_xgb,2026-03-15,2026-03-16,0.0280568061089276,-0.0022678692592307597,0.002510338096236609,72789.9140625,74861.0859375,72625.02310026049,ensemble
BTC,phase0,xgb,phase0_xgb,2026-03-16,2026-03-17,-0.012617278563279,-0.00412358329631384,0.0021609790778739967,74861.0859375,73922.4765625,74553.02560672114,ensemble
BTC,phase0,xgb,phase0_xgb,2026-03-17,2026-03-18,-0.0368841742334174,0.0031148283655056197,0.0018415177295421502,73922.4765625,71245.578125,74153.09136565545,ensemble
BTC,phase0,xgb,phase0_xgb,2026-03-18,2026-03-19,-0.0188841610476273,-0.010214406624436321,0.003352888686283111,71245.578125,69912.7890625,70521.55086928693,ensemble
BTC,phase0,xgb,phase0_xgb,2026-03-19,2026-03-20,0.0086844316474486,-0.010037502460181659,0.004266948482754071,69912.7890625,70522.5859375,69214.54942371155,ensemble
BTC,phase0,xgb,phase0_xgb,2026-03-20,2026-03-21,-0.0260161056310177,0.0005258294211671056,0.0016964331189304454,70522.5859375,68711.5234375,70559.67853937874,ensemble
BTC,phase0,xgb,phase0_xgb,2026-03-21,2026-03-22,-0.0126881200860849,0.00224255574867128,0.0027637771757925427,68711.5234375,67845.2109375,68865.78576567066,ensemble
BTC,phase0,xgb,phase0_xgb,2026-03-22,2026-03-23,0.044251193034697,2.6132146012980135e-05,0.0034204722128882,67845.2109375,70914.859375,67846.98390162407,ensemble
BTC,phase0,xgb,phase0_xgb,2026-03-23,2026-03-24,-0.0056139915316955,-0.01943700388073918,0.0037393942299610216,70914.859375,70517.859375,69549.79632219038,ensemble
BTC,phase0,xgb,phase0_xgb,2026-03-24,2026-03-25,0.0111689244808132,0.00972914164885874,0.002544678330248892,70517.859375,71309.8828125,71207.28594380636,ensemble
BTC,phase0,xgb,phase0_xgb,2026-03-25,2026-03-26,-0.0359529188074161,-0.0003053337713936601,0.002085835360048301,71309.8828125,68791.625,71288.11282076918,ensemble
BTC,phase0,xgb,phase0_xgb,2026-03-26,2026-03-27,-0.0363134696852071,0.0049611981492489205,0.002343537461755544,68791.625,66338.375,69133.76188531006,ensemble
BTC,phase0,xgb,phase0_xgb,2026-03-27,2026-03-28,-0.0002816215791388,-0.0016490719746798,0.0012769069752139699,66338.375,66319.6953125,66229.06839694062,ensemble
BTC,phase0,xgb,phase0_xgb,2026-03-28,2026-03-29,-0.0055154098337006,-0.00304321246221658,0.001621024054318313,66319.6953125,65954.921875,66118.17717601074,ensemble
BTC,phase0,xgb,phase0_xgb,2026-03-29,2026-03-30,0.0111051817312093,-0.01083532869815822,0.0020988504269335404,65954.921875,66691.4453125,65244.13636861627,ensemble
BTC,phase0,xgb,phase0_xgb,2026-03-30,2026-03-31,0.0228562101625793,-0.00657647270709272,0.0013310574890740348,66691.4453125,68233.3125,66254.28988854261,ensemble
BTC,phase0,xgb,phase0_xgb,2026-03-31,2026-04-01,-0.0022706442540199,0.00674694257322694,0.0030072072176533416,68233.3125,68078.5546875,68695.23527195313,ensemble
BTC,phase0,xgb,phase0_xgb,2026-04-01,2026-04-02,-0.0176341492288758,0.0070887024514376794,0.002148421179479363,68078.5546875,66888.5703125,68562.85781739002,ensemble
BTC,phase0,xgb,phase0_xgb,2026-04-02,2026-04-03,0.0006356502125007,0.01110334917902942,0.003275363677469015,66888.5703125,66931.1015625,67635.39592489666,ensemble
BTC,phase0,xgb,phase0_xgb,2026-04-03,2026-04-04,0.0053555444955297,-0.0025447605601584314,0.0016169674368128766,66931.1015625,67290.515625,66760.99446770707,ensemble
BTC,phase0,xgb,phase0_xgb,2026-04-04,2026-04-05,0.0248248287948484,0.00699798748828466,0.003600049897859771,67290.515625,68981.8984375,67763.06533142351,ensemble
BTC,phase0,xgb,phase0_xgb,2026-04-05,2026-04-06,-0.0017711667933321,-0.00264045974181498,0.0045040222825003,68981.8984375,68859.828125,68799.99477210094,ensemble
BTC,phase0,xgb,phase0_xgb,2026-04-06,2026-04-07,0.0437692500886501,0.0028434090665540998,0.0019099975419144637,68859.828125,71940.703125,69055.9034136334,ensemble
BTC,phase0,xgb,phase0_xgb,2026-04-07,2026-04-08,-0.0114263865929017,0.0039677057648077,0.002267762242945002,71940.703125,71123.359375,72226.70968724701,ensemble
BTC,phase0,xgb,phase0_xgb,2026-04-08,2026-04-09,0.0090204739879136,0.00407603149069468,0.002858862165339608,71123.359375,71767.828125,71413.8520540024,ensemble
BTC,phase0,xgb,phase0_xgb,2026-04-09,2026-04-10,0.0167360714535282,0.0133623862639069,0.0017735644218903055,71767.828125,72979.046875,72733.25339344933,ensemble
BTC,phase0,xgb,phase0_xgb,2026-04-10,2026-04-11,0.0010302658186926,-0.00040932847769,0.0022048789372679997,72979.046875,73054.2734375,72949.18058581774,ensemble
BTC,phase0,xgb,phase0_xgb,2026-04-11,2026-04-12,-0.0320019564160111,-0.0050296472385525206,0.0012107476302665198,73054.2734375,70753.40625,72687.75870539973,ensemble
BTC,phase0,xgb,phase0_xgb,2026-04-12,2026-04-13,0.0513922577822332,0.00344134207407472,0.0019367551163554156,70753.40625,74484.640625,70997.31236528895,ensemble
BTC,phase0,xgb,phase0_xgb,2026-04-13,2026-04-14,-0.0040766706589971,-0.012102265655994381,0.0025974729080306767,74484.640625,74181.609375,73588.64046883996,ensemble
BTC,phase0,xgb,phase0_xgb,2026-04-14,2026-04-15,0.0083695046837294,0.0014732968935277,0.0022749385275858108,74181.609375,74805.078125,74290.98145864099,ensemble
BTC,phase0,xgb,phase0_xgb,2026-04-15,2026-04-16,0.0046287244870706,0.00754033382982012,0.002417884401120386,74805.078125,75152.1328125,75371.26532385069,ensemble
BTC,phase0,xgb,phase0_xgb,2026-04-16,2026-04-17,0.025937296578403,0.0073575029149651,0.00092953566077655,75152.1328125,77126.875,75707.10394608857,ensemble
BTC,phase0,xgb,phase0_xgb,2026-04-17,2026-04-18,-0.0183274450765037,-0.00871367929503316,0.002004481163741893,77126.875,75726.2109375,76457.73571267212,ensemble
BTC,phase0,xgb,phase0_xgb,2026-04-18,2026-04-19,-0.0250023364949234,-0.00057993629307022,0.001433018775919156,75726.2109375,73856.3515625,75682.30729133006,ensemble
BTC,phase0,xgb,phase0_xgb,2026-04-19,2026-04-20,0.026932597272259,-0.00881752017885442,0.0020909392360770104,73856.3515625,75872.5234375,73207.98438838289,ensemble
BTC,phase0,xgb,phase0_xgb,2026-04-20,2026-04-21,0.0063097475019448,-0.00990754757076498,0.0027435475435571353,75872.5234375,76352.7734375,75124.52433914528,ensemble
BTC,phase0,xgb,phase0_xgb,2026-04-21,2026-04-22,0.0239449523733436,0.0047855542041360805,0.002014128890804508,76352.7734375,78203.1015625,76719.03946738678,ensemble
BTC,phase0,xgb,phase0_xgb,2026-04-22,2026-04-23,0.0008417038623198,-0.01891982406377786,0.0053061557888957256,78203.1015625,78268.953125,76737.42156448592,ensemble
BTC,phase0,xgb,phase0_xgb,2026-04-23,2026-04-24,-0.0104498554007011,0.00170455124462018,0.0010969582381746153,78268.953125,77455.3125,78402.48033612107,ensemble
BTC,phase0,xgb,phase0_xgb,2026-04-24,2026-04-25,0.002021098580043,0.00599997099488966,0.0006889575765149528,77455.3125,77612.015625,77921.43910308389,ensemble
BTC,phase0,xgb,phase0_xgb,2026-04-25,2026-04-26,0.0133812250281389,0.0014558060967828801,0.0012869312694696938,77612.015625,78657.5390625,77725.08595479839,ensemble
BTC,phase0,xgb,phase0_xgb,2026-04-26,2026-04-27,-0.0165479947079337,0.00461245351471,0.0015234114010639482,78657.5390625,77366.625,79021.18130177067,ensemble
BTC,phase0,xgb,phase0_xgb,2026-04-27,2026-04-28,-0.0132186544907372,-0.0003253336457419,0.000861607025674858,77366.625,76350.671875,77341.45912770447,ensemble
BTC,phase0,xgb,phase0_xgb,2026-04-28,2026-04-29,-0.0075534590417408,-0.00458318646997208,0.0012256830707489301,76350.671875,75776.1328125,76001.54318078091,ensemble
BTC,phase0,xgb,phase0_xgb,2026-04-29,2026-04-30,0.0069461868751349,0.00336369504220778,0.0013918437607517043,75776.1328125,76304.3203125,76031.44977823424,ensemble
BTC,phase0,xgb,phase0_xgb,2026-04-30,2026-05-01,0.0242715098940353,-0.0007701590657234201,0.0018025961322170254,76304.3203125,78179.0,76245.5764724116,ensemble
BTC,phase0,xgb,phase0_xgb,2026-05-01,2026-05-02,0.0060987365147835,0.00405694432556622,0.0007440346178967583,78179.0,78657.25,78496.81208750067,ensemble
BTC,phase0,xgb,phase0_xgb,2026-05-02,2026-05-03,-0.0015143369624661,0.00307993302121752,0.0016161043168105833,78657.25,78538.2265625,78899.88251578114,ensemble
BTC,phase0,xgb,phase0_xgb,2026-05-03,2026-05-04,0.0162876768649081,0.0016980277301626805,0.0013987958904237636,78538.2265625,79827.90625,78671.69993775684,ensemble
BTC,phase0,xgb,phase0_xgb,2026-05-04,2026-05-05,0.0136750438065225,0.0106771674007177,0.0019653874969503557,79827.90625,80927.0546875,80684.80867289423,ensemble
BTC,phase0,xgb,phase0_xgb,2026-05-05,2026-05-06,0.0061652480572739,-0.0075689334422349205,0.002099220041525642,80927.0546875,81427.53125,80316.8354644585,ensemble
BTC,phase0,xgb,phase0_xgb,2026-05-06,2026-05-07,-0.0175619083509024,0.00261986135155888,0.0015854932415086205,81427.53125,80009.9921875,81641.1397822655,ensemble
BTC,phase0,xgb,phase0_xgb,2026-05-07,2026-05-08,0.0022069548930199,0.00040611341537436006,0.0003741566411584478,80009.9921875,80186.765625,80042.49191753285,ensemble
BTC,phase0,xgb,phase0_xgb,2026-05-08,2026-05-09,0.0059384470311886,0.00199046821799124,0.0005312297660735174,80186.765625,80664.3671875,80346.53378745525,ensemble
BTC,phase0,xgb,phase0_xgb,2026-05-09,2026-05-10,0.018115146956791,0.00193015987752004,0.0018016907862624016,80664.3671875,82138.9296875,80820.21266755347,ensemble
BTC,phase0,xgb,phase0_xgb,2026-05-10,2026-05-11,-0.0050117852194884,0.00685331160202618,0.001962476091840388,82138.9296875,81728.296875,82703.78672711382,ensemble
BTC,phase0,xgb,phase0_xgb,2026-05-11,2026-05-12,-0.0154227477056674,-0.0010371353200753137,0.0016420409501423832,81728.296875,80477.4921875,81643.57751197722,ensemble
BTC,phase0,xgb,phase0_xgb,2026-05-12,2026-05-13,-0.0150280182312355,0.00061140498146414,0.004303560032200313,80477.4921875,79277.1171875,80526.71157207437,ensemble
BTC,phase0,xgb,phase0_xgb,2026-05-13,2026-05-14,0.0221321436988218,-0.0036635058233514205,0.002537799399164198,79277.1171875,81051.25,78987.2163579502,ensemble
BTC,phase0,xgb,phase0_xgb,2026-05-14,2026-05-15,-0.0248027751369673,0.0002495675682439,0.0024793099036244117,81051.25,79065.6796875,81071.48028767249,ensemble
BTC,phase0,xgb,phase0_xgb,2026-05-15,2026-05-16,-0.0118863908425741,-0.0011567925452254401,0.0007167797964714102,79065.6796875,78131.4375,78974.26997988195,ensemble
BTC,phase0,xgb,phase0_xgb,2026-05-16,2026-05-17,-0.0090265767978541,0.00074894726858474,0.0022419579668802453,78131.4375,77429.3515625,78189.97574499929,ensemble
BTC,phase0,xgb,phase0_xgb,2026-05-17,2026-05-18,-0.0061558536491211,0.0014705123729072001,0.0020230637649725717,77429.3515625,76954.171875,77543.29613992143,ensemble
BTC,phase0,xgb,phase0_xgb,2026-05-18,2026-05-19,-0.0026448799997123,0.0004929119761982548,0.003156575847246024,76954.171875,76750.90625,76992.11285794986,ensemble
BTC,phase0,xgb,phase0_xgb,2026-05-19,2026-05-20,0.0091677347836148,0.00406389683485028,0.000987066933136338,76750.90625,77457.7734375,77063.44865488316,ensemble
BTC,phase0,xgb,phase0_xgb,2026-05-20,2026-05-21,0.0010503232153248,-0.00956695917993778,0.0010096195258178747,77457.7734375,77539.171875,76720.27153125554,ensemble
BTC,phase0,xgb,phase0_xgb,2026-05-21,2026-05-22,-0.0268063407026221,0.00150932176620696,0.00191906776711051,77539.171875,75488.2421875,77656.29179843568,ensemble
BTC,phase0,xgb,phase0_xgb,2026-05-22,2026-05-23,0.0155775030224184,0.00020894274348392004,0.0009784869032189092,75488.2421875,76673.3671875,75504.01655583594,ensemble
BTC,phase0,xgb,phase0_xgb,2026-05-23,2026-05-24,0.004005847400396,0.0009115084656513799,0.0004543127780402012,76673.3671875,76981.125,76743.28747240613,ensemble
BTC,phase0,xgb,phase0_xgb,2026-05-24,2026-05-25,0.0038740181286936,-0.00159016029210758,0.0020890583411388637,76981.125,77279.9296875,76858.8099478267,ensemble
BTC,phase0,xgb,phase0_xgb,2026-05-25,2026-05-26,-0.0189965414050318,-0.00635776924900708,0.0022540171976857784,77279.9296875,75825.734375,76790.16029710771,ensemble
BTC,phase0,xgb,phase0_xgb,2026-05-26,2026-05-27,-0.0197253107241087,-0.0024617503280750597,0.002192188600688545,75825.734375,74344.703125,75639.29992021865,ensemble
BTC,phase0,xgb,phase0_xgb,2026-05-27,2026-05-28,-0.0109298026618873,0.00129702761769294,0.003215610332544528,74344.703125,73536.5546875,74441.19281955475,ensemble
BTC,phase0,xgb,phase0_xgb,2026-05-28,2026-05-29,-0.0022330998228095,-0.0022901958564034014,0.0016681551877679372,73536.5546875,73372.5234375,73368.3342770303,ensemble
BTC,phase0,xgb,phase0_xgb,2026-05-29,2026-05-30,0.0051970396549028,0.00059945768443864,0.0007532953918488898,73372.5234375,73754.8359375,73416.52034632629,ensemble
BTC,phase0,xgb,phase0_xgb,2026-05-30,2026-05-31,-0.0023775625144765,-0.00111275746021418,0.0011877695785986971,73754.8359375,73579.6875,73672.81033934568,ensemble
BTC,phase0,xgb,phase0_xgb,2026-05-31,2026-06-01,-0.0311953863032946,0.00136980470269916,0.001713584426007989,73579.6875,71319.7734375,73680.54636466352,ensemble
BTC,phase0,xgb,phase0_xgb,2026-06-01,2026-06-02,-0.0669138485252581,-0.00355034795356908,0.0017620587169910663,71319.7734375,66703.65625,71067.01238617157,ensemble
BTC,phase0,xgb,phase0_xgb,2026-06-02,2026-06-03,-0.0411522222901916,0.00287850190652532,0.002514402812795808,66703.65625,64014.3671875,66895.93946271713,ensemble
BTC,phase0,xgb,phase0_xgb,2026-06-03,2026-06-04,-0.0033296811494371,0.006349363457411461,0.0035258982152829243,64014.3671875,63801.57421875,64422.11075750358,ensemble
BTC,phase0,xgb,phase0_xgb,2026-06-04,2026-06-05,-0.0461725426252123,0.0043791033211163805,0.0038994714306276905,63801.57421875,60922.66796875,64081.58054515803,ensemble
BTC,phase0,xgb,phase0_xgb,2026-06-05,2026-06-06,-0.0009073630482773,0.0048319321591406604,0.0018599912341935062,60922.66796875,60867.4140625,61217.75451227934,ensemble
BTC,phase0,xgb,phase0_xgb,2026-06-06,2026-06-07,0.0382314561194156,0.00589446632657196,0.00459047399410964,60867.4140625,63239.51953125,61227.2544768001,ensemble
BTC,phase0,xgb,phase0_xgb,2026-06-07,2026-06-08,-0.0023577871851843,0.0031195580726489204,0.004288831594797002,63239.51953125,63090.58984375,63437.106917339355,ensemble
BTC,phase0,xgb,phase0_xgb,2026-06-08,2026-06-09,-0.0231992749169722,-0.01345847770571704,0.0010837955272758903,63090.58984375,61643.78125,62247.17481870522,ensemble
BTC,phase0,xgb,phase0_xgb,2026-06-09,2026-06-10,-0.0031600860854061,0.005967231490649221,0.004010111065143665,61643.78125,61449.2890625,62012.72365026236,ensemble
BTC,phase0,xgb,phase0_xgb,2026-06-10,2026-06-11,0.0337886685240648,0.00227970519335934,0.0023276578521305336,61449.2890625,63561.0546875,61589.53512500366,ensemble
BTC,phase0,xgb,phase0_xgb,2026-06-11,2026-06-12,-0.0002809578486747,-0.00354582024738192,0.003855506613021282,63561.0546875,63543.19921875,63336.07771251726,ensemble
BTC,phase0,xgb,phase0_xgb,2026-06-12,2026-06-13,0.0137247224557035,-0.00059937982587144,0.003587146506270732,63543.19921875,64421.32421875,63505.12411893019,ensemble
BTC,phase0,xgb,phase0_xgb,2026-06-13,2026-06-14,0.0198124847553173,0.0009297218512983737,0.002060816627082773,64421.32421875,65710.3984375,64481.24598253605,ensemble
BTC,phase0,xgb,phase0_xgb,2026-06-14,2026-06-15,0.0087743291428838,-0.0010049515403807,0.0041271183819990625,65710.3984375,66289.5,65644.39584163122,ensemble
BTC,phase0,xgb,phase0_xgb,2026-06-15,2026-06-16,-0.0104460520817153,0.008148552570491959,0.003090750909641785,66289.5,65600.640625,66831.87024076871,ensemble
BTC,phase0,xgb,phase0_xgb,2026-06-16,2026-06-17,-0.0181854515308644,0.002300805294817091,0.0019845064459007456,65600.640625,64418.4453125,65751.74869475677,ensemble
BTC,phase0,xgb,phase0_xgb,2026-06-17,2026-06-18,-0.0239099264595433,-0.004061572498176199,0.0024950083685700737,64418.4453125,62896.47265625,64157.335743312695,ensemble
BTC,phase0,xgb,phase0_xgb,2026-06-18,2026-06-19,0.0101927013006599,0.0048322022426873,0.002099116440973423,62896.47265625,63540.8359375,63201.13663863649,ensemble
BTC,phase0,xgb,phase0_xgb,2026-06-19,2026-06-20,0.0109382377964082,0.00282243721885602,0.0015462090173366501,63540.8359375,64239.67578125,63720.42928401766,ensemble
BTC,phase0,xgb,phase0_xgb,2026-06-20,2026-06-21,-0.0157229253051467,0.00479690977372226,0.002278788879102035,64239.67578125,63237.5390625,64548.56798156378,ensemble
BTC,phase0,xgb,phase0_xgb,2026-06-21,2026-06-22,0.0112363538248423,0.0042376823723316,0.0021276343361391163,63237.5390625,63952.10546875,63506.08827831106,ensemble
BTC,phase0,xgb,phase0_xgb,2026-06-22,2026-06-23,-0.0202831889602721,0.01338048670440908,0.003987012013190471,63952.10546875,62668.01953125,64813.56629549057,ensemble
BTC,phase0,xgb,phase0_xgb,2026-06-23,2026-06-24,-0.0270571911625371,-0.00179118218366054,0.003278675015235052,62668.01953125,60995.1328125,62555.87016114154,ensemble
BTC,phase0,xgb,phase0_xgb,2026-06-24,2026-06-25,-0.0210990381164694,0.00250705729704348,0.0022341012000447933,60995.1328125,59721.67578125,61148.24295305356,ensemble
BTC,phase0,xgb,phase0_xgb,2026-06-25,2026-06-26,0.004923319948585,0.00433164217974986,0.0027794933480747223,59721.67578125,60016.4296875,59980.92980357076,ensemble
BTC,phase0,xgb,phase0_xgb,2026-06-26,2026-06-27,-0.0012726617424323,0.00169470167020334,0.0016383905279600337,60016.4296875,59940.09765625,60118.22586384274,ensemble
BTC,phase0,xgb,phase0_xgb,2026-06-27,2026-06-28,-0.0068259994404737,-0.0013769494726147426,0.0014674071424021376,59940.09765625,59532.33984375,59857.619967230356,ensemble
BTC,phase0,xgb,phase0_xgb,2026-06-28,2026-06-29,0.0101285301835763,0.0032133455853909005,0.0022014811839206993,59532.33984375,60138.37890625,59723.94550791234,ensemble
BTC,phase0,xgb,phase0_xgb,2026-06-29,2026-06-30,-0.0266158302862621,0.00025241052499038006,0.0014802520258073437,60138.37890625,58558.859375,60153.560381943316,ensemble
BTC,phase0,xgb,phase0_xgb,2026-06-30,2026-07-01,0.0243747988918137,-0.00426151705905792,0.0026455707031954497,58558.859375,60003.7578125,58309.84077218541,ensemble
BTC,phase0,xgb,phase0_xgb,2026-07-01,2026-07-02,0.0243909440883905,-0.0033470582799054,0.0021276190066523543,60003.7578125,61485.30078125,59803.25746843698,ensemble
BTC,phase0,xgb,phase0_xgb,2026-07-02,2026-07-03,0.0170753597454698,0.007968655694276041,0.0021310681672577422,61485.30078125,62544.19921875,61977.21331121347,ensemble
BTC,phase0,xgb,phase0_xgb,2026-07-03,2026-07-04,0.0086619123839713,-0.00350352536188434,0.0023043225787548515,62544.19921875,63088.3046875,62325.457437985584,ensemble
BTC,phase0,xgb,phase0_xgb,2026-07-04,2026-07-05,0.0072582750905089,0.0031080937245860003,0.001139986908655999,63088.3046875,63547.8828125,63284.694091633784,ensemble
BTC,phase0,xgb,phase0_xgb,2026-07-05,2026-07-06,0.0070115176898403,-0.0034554235171526198,0.001007279927465131,63547.8828125,63995.015625,63328.67690649473,ensemble
BTC,phase0,xgb,phase0_xgb,2026-07-06,2026-07-07,-0.0109610318081771,0.0069089135620742596,0.0027417988441895925,63995.015625,63297.39453125,64438.682519671755,ensemble
BTC,phase0,xgb,phase0_xgb,2026-07-07,2026-07-08,-0.0165639655193486,-0.0004274113220162399,0.0019132781881387995,63297.39453125,62257.57421875,63270.34628894748,ensemble
BTC,phase0,xgb,phase0_xgb,2026-07-08,2026-07-09,0.0149156823369863,-0.0087198348715901,0.0018072423306297186,62257.57421875,63193.1484375,61717.05848090841,ensemble
BTC,phase0,xgb,phase0_xgb,2026-07-09,2026-07-10,0.0146718005231559,-0.00217419074615458,0.0015914077020338032,63193.1484375,64127.140625,63055.9037310963,ensemble
BTC,phase0,xgb,phase0_xgb,2026-07-10,2026-07-11,-0.0050827186063555,-0.0015575737576000001,0.0006407261218955906,64127.140625,63802.02734375,64027.335620617974,ensemble
BTC,phase0,xgb,phase0_xgb,2026-07-11,2026-07-12,-0.0006868690961942,-0.0015876834397203997,0.0014149678917836658,63802.02734375,63758.21875,63700.81029309513,ensemble
BTC,phase0,xgb,phase0_xgb,2026-07-12,2026-07-13,-0.0241143387714378,0.0049016996286809,0.002752173480315526,63758.21875,62239.12109375,64071.50958868863,ensemble
BTC,phase0,xgb,phase0_xgb,2026-07-13,2026-07-14,0.0427281030442609,0.00908322380855674,0.0030603589435080213,62239.12109375,64956.11328125,62807.02826969224,ensemble
BTC,phase0,xgb,phase0_xgb,2026-07-14,2026-07-15,-0.0037594109647903,-0.0023963972111232202,0.0013541128984528917,64956.11328125,64712.375,64800.638996012945,ensemble
BTC,phase0,xgb,phase0_xgb,2026-07-15,2026-07-16,-0.0143672798551762,-0.00374127500690516,0.0009959466615637664,64712.375,63789.28125,64470.72053854602,ensemble
BTC,phase0,xgb,phase0_xgb,2026-07-16,2026-07-17,0.0017257545646935,-0.0005183919573027867,0.000588034129773083,63789.28125,63899.4609375,63756.22196921085,ensemble
BTC,phase0,xgb,phase0_xgb,2026-07-17,2026-07-18,0.0139422316447508,-0.0030536961276083604,0.0013639306020781952,63899.4609375,64796.6015625,63704.62903119938,ensemble
BTC,phase0,xgb,phase0_xgb,2026-07-18,2026-07-19,-0.0016340878484766,0.0044097377452999,0.0015501118265684316,64796.6015625,64690.8046875,65082.96851971501,ensemble
BTC,phase0,xgb,phase0_xgb,2026-07-19,2026-07-20,0.0083008358863908,0.0063359324354678006,0.0021795968697951827,64690.8046875,65230.02734375,65101.9824770155,ensemble
BTC,phase0,xgb,phase0_xgb,2026-07-20,2026-07-21,0.0193591073637143,0.00933251064270732,0.0009296656881120714,65230.02734375,66505.125,65841.6367547863,ensemble
BTC,phase0,xgb,phase0_xgb,2026-07-21,2026-07-22,-0.0060982099788692,0.0018065236508846,0.002270269888536797,66505.125,66100.796875,66625.3766672543,ensemble
BTC,phase0,xgb,phase0_xgb,2026-07-22,2026-07-23,-0.016104346952909,0.00797215248458082,0.0035842104931286113,66100.796875,65044.8125,66629.86862527124,ensemble
BTC,phase0,xgb,phase0_xgb,2026-07-23,2026-07-24,-0.0146555536542276,-0.00353335607796904,0.0019506715582821496,65044.8125,64098.49609375,64815.39156802074,ensemble
BTC,phase0,xgb,phase0_xgb,2026-07-24,2026-07-25,0.003322421771433,-0.0014460028847679,0.0007405181015174018,64098.49609375,64311.8125,64005.87646375362,ensemble
BTC,phase0,xgb,phase0_xgb,2026-07-25,2026-07-26,0.0158656859403964,-0.00128769692964852,0.0025936092876178846,64311.8125,65340.30078125,64229.051673370705,ensemble
BTC,phase0,xgb,phase0_xgb,2026-07-26,2026-07-27,-0.0250336529885953,0.0054635480511933,0.0021973583637459513,65340.30078125,63724.8984375,65698.26764838464,ensemble
BTC,phase0,xgb,phase0_xgb,2026-07-27,2026-07-28,0.0022957554728576,0.00312940876465286,0.0009402006089226876,63724.8984375,63871.36328125,63924.6320542598,ensemble
BTC,phase0,xgb,phase0_xgb,2026-07-28,2026-07-29,0.0005760654802496,0.00250431004678826,0.0014305088553525937,63871.36328125,63908.16796875,64031.517432140376,ensemble
BTC,phase0,xgb,phase0_xgb,2026-07-29,2026-07-30,0.0127051159419568,0.00064087173668668,0.001768135355247407,63908.16796875,64725.30859375,63949.13803422084,ensemble
BTC,phase0,xgb,phase0_xgb,2026-07-30,2026-07-31,-0.0299783570286374,0.00034853089600803995,0.0016474409685914059,64725.30859375,62813.74609375,64747.87129521946,ensemble
BTC,phase0,xgb,phase0_xgb,2026-07-31,2026-08-01,-0.0008031049841085,0.00107663297676476,0.000823975969387844,62813.74609375,62763.3203125,62881.40986217489,ensemble
BTC,phase0,xgb,phase0_xgb,2026-08-01,2026-08-02,0.0113855697670751,0.00602581873536106,0.0015631366355396057,62763.3203125,63482.0,63142.66247966052,ensemble
BTC,phase0,xgb,phase0_xgb,2026-08-02,2026-08-03,-0.0003324575530272,0.00867061624303454,0.0016557205342729567,63482.0,63460.8984375,64034.82124738215,ensemble
BTC,phase0,xgb,phase0_xgb,2026-08-03,2026-08-04,0.0093330253934836,0.006644789502024601,0.0022478645642527006,63460.8984375,64055.953125,63883.98685925272,ensemble
BTC,phase0,xgb,phase0_xgb,2026-08-04,2026-08-05,0.0084187413608024,-0.0023859199020079998,0.0016770057520526206,64055.953125,64597.5,63903.30292958149,ensemble
BTC,phase0,xgb,phase0_xgb,2026-08-05,2026-08-06,-0.0052054707838791,-0.01070762965828176,0.0018441885419796075,64597.5,64262.11328125,63909.503870438195,ensemble
BTC,phase0,xgb,phase0_xgb,2026-08-06,2026-08-07,0.0095721203953674,-0.0006758235394954801,0.0019919557704314614,64262.11328125,64880.19140625,64218.69810454844,ensemble
BTC,phase0,xgb,phase0_xgb,2026-08-07,2026-08-08,0.0003774876433575,0.0022293300367891198,0.001466348922766043,64880.19140625,64904.6875,65024.99211005319,ensemble
BTC,phase0,xgb,phase0_xgb,2026-08-08,2026-08-09,-0.0009217877722439,0.00708365906029936,0.0020367014354627103,64904.6875,64844.88671875,65366.082430525305,ensemble
BTC,phase0,xgb,phase0_xgb,2026-08-09,2026-08-10,-0.0145130480455691,0.00070381966652346,0.001298951971231246,64844.88671875,63910.5859375,64890.54188991516,ensemble
BTC,phase0,xgb,phase0_xgb,2026-08-10,2026-08-11,-0.0056285102588139,0.00551414955407378,0.00288646370936151,63910.5859375,63551.875,64263.971882507314,ensemble
BTC,phase0,xgb,phase0_xgb,2026-08-11,2026-08-12,-0.0023542560615523,0.00732572069391602,0.0019403917800892546,63551.875,63402.43359375,64019.14775092835,ensemble
BTC,phase0,xgb,phase0_xgb,2026-08-12,2026-08-13,-4.127906065128786e-06,-0.0011392167314624943,0.0014929924566914482,63402.43359375,63402.171875,63330.24560727278,ensemble
BTC,phase0,xgb,phase0_xgb,2026-08-13,2026-08-14,-0.0067508670210942,0.00571966757997868,0.001345879253858215,63402.171875,62975.59375,63765.85029032899,ensemble
BTC,phase0,xgb,phase0_xgb,2026-08-14,2026-08-15,0.0007734380660748,0.00112770106643432,0.0007814310056697754,62975.59375,63024.3203125,63046.651452624326,ensemble
BTC,phase0,xgb,phase0_xgb,2026-08-15,2026-08-16,-0.0032686473868631,0.0055691896472126,0.001440256508319394,63024.3203125,62818.65234375,63376.29389880325,ensemble
BTC,phase0,xgb,phase0_xgb,2026-08-16,2026-08-17,0.0265101376702319,-0.0008553298670449027,0.0013737042503341474,62818.65234375,64506.25390625,62764.94464636604,ensemble
BTC,phase0,xgb,phase0_xgb,2026-08-17,2026-08-18,0.0027008473728006,-0.0012284994823858401,0.002386427866412787,64506.25390625,64680.7109375,64427.05666356179,ensemble
BTC,phase0,xgb,phase0_xgb,2026-08-18,2026-08-19,0.0684938460027011,-0.00121191865764552,0.0010331138866940647,64680.7109375,69266.1875,64602.370657736916,ensemble
BTC,phase0,xgb,phase0_xgb,2026-08-19,2026-08-20,0.052951205389763,-0.0013264082735986154,0.0008771953911390153,69266.1875,73032.7578125,69174.37316093006,ensemble
BTC,phase0,xgb,phase0_xgb,2026-08-20,2026-08-21,0.0700888177551632,0.01576650030910964,0.0031193769973550927,73032.7578125,78335.1875,74193.35403961658,ensemble
BTC,phase0,xgb,phase0_xgb,2026-08-21,2026-08-22,-0.0161087603875064,0.00863329023122782,0.00198671388252919,78335.1875,77083.4140625,79014.40563393058,ensemble
BTC,phase0,xgb,phase0_xgb,2026-08-22,2026-08-23,0.0086781388253158,0.0025872913771308598,0.00246201521611963,77083.4140625,77755.265625,77283.10953881762,ensemble
BTC,phase0,xgb,phase0_xgb,2026-08-23,2026-08-24,0.0154319126625293,0.0035213671391829404,0.0020391065332391813,77755.265625,78964.484375,78029.55311231162,ensemble
BTC,phase0,xgb,phase0_xgb,2026-08-24,2026-08-25,-0.0050721771868308,0.0013507507392204999,0.0015775308659999058,78964.484375,78564.9765625,79071.21777952605,ensemble
BTC,phase0,xgb,phase0_xgb,2026-08-25,2026-08-26,0.0058688952570538,0.00942063210532064,0.0017693344175986542,78564.9765625,79027.421875,79308.60553088244,ensemble
BTC,phase0,xgb,phase0_xgb,2026-08-26,2026-08-27,0.0154457977224057,0.0011659573632641263,0.0034388560344484126,79027.421875,80257.5390625,79119.61821749239,ensemble
BTC,phase0,xgb,phase0_xgb,2026-08-27,2026-08-28,-0.0307100273130926,0.00316093263681972,0.0013107071556577358,80257.5390625,77830.2890625,80511.62910626794,ensemble
BTC,phase0,xgb,phase0_xgb,2026-08-28,2026-08-29,0.0053246386227652,0.00235378694487734,0.002039386606399356,77830.2890625,78245.8125,78013.70075215182,ensemble
BTC,phase0,xgb,phase0_xgb,2026-08-29,2026-08-30,-0.007417513856522,0.0051848721224814,0.001866688012970004,78245.8125,77667.5703125,78652.56058913268,ensemble
BTC,phase0,xgb,phase0_xgb,2026-08-30,2026-08-31,0.0112801594802717,-0.0009044779697432798,0.0025227843527493897,77667.5703125,78548.6328125,77597.35346577126,ensemble
BTC,phase2_general,lstm,phase2_general_lstm,2025-10-31,2025-11-01,0.004624825172493,1.2603204231700004e-05,0.0008692800586426228,109556.1640625,110064.015625,109557.54482991155,ensemble
BTC,phase2_general,lstm,phase2_general_lstm,2025-11-01,2025-11-02,0.0052161412333197,-5.104238371131998e-05,0.0009512164670443623,110064.015625,110639.625,110058.39783865548,ensemble
BTC,phase2_general,lstm,phase2_general_lstm,2025-11-02,2025-11-03,-0.0376871829010099,-0.00010793406254377997,0.000999045667192428,110639.625,106547.5234375,110627.68386023489,ensemble
BTC,phase2_general,lstm,phase2_general_lstm,2025-11-03,2025-11-04,-0.0476408575376077,-0.00019813428516498,0.0010451926324342954,106547.5234375,101590.5234375,106526.41481134795,ensemble
BTC,phase2_general,lstm,phase2_general_lstm,2025-11-04,2025-11-05,0.0224000613217487,-0.00020611527143046,0.0010887232233118497,101590.5234375,103891.8359375,101569.58623699943,ensemble
BTC,phase2_general,lstm,phase2_general_lstm,2025-11-05,2025-11-06,-0.0252511824918507,-0.00024148912634699998,0.0011262579592725486,103891.8359375,101301.2890625,103866.75021789104,ensemble
BTC,phase2_general,lstm,phase2_general_lstm,2025-11-06,2025-11-07,0.020238925968734,-0.00026092386106028,0.001180670090340096,101301.2890625,103372.40625,101274.8605870873,ensemble
BTC,phase2_general,lstm,phase2_general_lstm,2025-11-07,2025-11-08,-0.0106032122142002,-0.0003275537979789,0.0012433813489579678,103372.40625,102282.1171875,103338.55177061094,ensemble
BTC,phase2_general,lstm,phase2_general_lstm,2025-11-08,2025-11-09,0.02355183969968,-0.00044793840497732006,0.0013219795426986517,102282.1171875,104719.640625,102236.31135893012,ensemble
BTC,phase2_general,lstm,phase2_general_lstm,2025-11-09,2025-11-10,0.0121202693364623,-0.00052242167294024,0.0014041807758370074,104719.640625,105996.59375,104664.94710293956,ensemble
BTC,phase2_general,lstm,phase2_general_lstm,2025-11-10,2025-11-11,-0.0287025464768418,-0.0006886818562633999,0.0014357409423696277,105996.59375,102997.46875,105923.62094946466,ensemble
BTC,phase2_general,lstm,phase2_general_lstm,2025-11-11,2025-11-12,-0.0130391466426769,-0.00085754317697136,0.0014596564569566222,102997.46875,101663.1875,102909.18183375981,ensemble
BTC,phase2_general,lstm,phase2_general_lstm,2025-11-12,2025-11-13,-0.0195247429765854,-0.00098864583997056,0.0014535072786055407,101663.1875,99697.4921875,101562.72828007748,ensemble
BTC,phase2_general,lstm,phase2_general_lstm,2025-11-13,2025-11-14,-0.0546228711365914,-0.00104104643687604,0.0015036992888633918,99697.4921875,94397.7890625,99593.75647470869,ensemble
BTC,phase2_general,lstm,phase2_general_lstm,2025-11-14,2025-11-15,0.0121231064987472,-0.00107121183536946,0.0015528182333764268,94397.7890625,95549.1484375,94296.72317477546,ensemble
BTC,phase2_general,lstm,phase2_general_lstm,2025-11-15,2025-11-16,-0.0144639384619225,-0.00110105192288756,0.0016283536583737448,95549.1484375,94177.078125,95444.00176048065,ensemble
BTC,phase2_general,lstm,phase2_general_lstm,2025-11-16,2025-11-17,-0.0223683827163435,-0.00109150976641102,0.0016040294723210248,94177.078125,92093.875,94074.33900503114,ensemble
BTC,phase2_general,lstm,phase2_general_lstm,2025-11-17,2025-11-18,0.0092411735633055,-0.00108536891057154,0.0016385320096975384,92093.875,92948.875,91993.97339607566,ensemble
BTC,phase2_general,lstm,phase2_general_lstm,2025-11-18,2025-11-19,-0.0160823776998089,-0.0009870059235254,0.0016585504251126818,92948.875,91465.9921875,92857.17916939799,ensemble
BTC,phase2_general,lstm,phase2_general_lstm,2025-11-19,2025-11-20,-0.0542991431316111,-0.0008902619745640248,0.0016284541961395656,91465.9921875,86631.8984375,91384.59972837113,ensemble
BTC,phase2_general,lstm,phase2_general_lstm,2025-11-20,2025-11-21,-0.0179504904722895,-0.0007254724194353598,0.0016206095035957806,86631.8984375,85090.6875,86569.0721766555,ensemble
BTC,phase2_general,lstm,phase2_general_lstm,2025-11-21,2025-11-22,-0.0052118723936807,-0.00064840155246198,0.0015981549959326127,85090.6875,84648.359375,85035.53244936754,ensemble
BTC,phase2_general,lstm,phase2_general_lstm,2025-11-22,2025-11-23,0.0251585865790003,-0.00064331277390008,0.0015590183573945594,84648.359375,86805.0078125,84593.92151628675,ensemble
BTC,phase2_general,lstm,phase2_general_lstm,2025-11-23,2025-11-24,0.0167423578108394,-0.00067582796909844,0.0015184282799224626,86805.0078125,88270.5625,86746.36237970654,ensemble
BTC,phase2_general,lstm,phase2_general_lstm,2025-11-24,2025-11-25,-0.0105764769567544,-0.0007852289534639401,0.001458551310976294,88270.5625,87341.890625,88201.27710459573,ensemble
BTC,phase2_general,lstm,phase2_general_lstm,2025-11-25,2025-11-26,0.0357225879133364,-0.00088044108124446,0.0013907894804945319,87341.890625,90518.3671875,87265.0250791377,ensemble
BTC,phase2_general,lstm,phase2_general_lstm,2025-11-26,2025-11-27,0.0084378061084954,-0.00096222887514154,0.0013031412201780998,90518.3671875,91285.375,90431.3096921965,ensemble
BTC,phase2_general,lstm,phase2_general_lstm,2025-11-27,2025-11-28,-0.0040186667744196,-0.0010404945234768,0.0012144779515329393,91285.375,90919.265625,91190.4424641955,ensemble
BTC,phase2_general,lstm,phase2_general_lstm,2025-11-28,2025-11-29,-0.0007427786269465,-0.00109994215890762,0.0011462035258409746,90919.265625,90851.7578125,90819.31467189305,ensemble
BTC,phase2_general,lstm,phase2_general_lstm,2025-11-29,2025-11-30,-0.0050477925731327,-0.00113724794937296,0.0010981399897836484,90851.7578125,90394.3125,90748.49556574936,ensemble
BTC,phase2_general,lstm,phase2_general_lstm,2025-11-30,2025-12-01,-0.046101838054076,-0.00115735667059196,0.001079752044446447,90394.3125,86321.5703125,90289.75455653227,ensemble
BTC,phase2_general,lstm,phase2_general_lstm,2025-12-01,2025-12-02,0.0566209938703037,-0.0011754736886359402,0.0011444805990530236,86321.5703125,91350.203125,86220.16119138949,ensemble
BTC,phase2_general,lstm,phase2_general_lstm,2025-12-02,2025-12-03,0.0235582620118316,-0.00117517979815598,0.0011936107092172434,91350.203125,93527.8046875,91242.91326651488,ensemble
BTC,phase2_general,lstm,phase2_general_lstm,2025-12-03,2025-12-04,-0.0149319728659321,-0.00116331672761586,0.0012039398757884058,93527.8046875,92141.625,93419.06548913715,ensemble
BTC,phase2_general,lstm,phase2_general_lstm,2025-12-04,2025-12-05,-0.0303430599756753,-0.00119983033509924,0.001185130415928761,92141.625,89387.7578125,92031.13697989356,ensemble
BTC,phase2_general,lstm,phase2_general_lstm,2025-12-05,2025-12-06,-0.0012916460625568,-0.00125126036000436,0.0011466864269549597,89387.7578125,89272.375,89275.98040038571,ensemble
BTC,phase2_general,lstm,phase2_general_lstm,2025-12-06,2025-12-07,0.0126145722260143,-0.00133007389085828,0.001140796296065647,89272.375,90405.640625,89153.71507556469,ensemble
BTC,phase2_general,lstm,phase2_general_lstm,2025-12-07,2025-12-08,0.0025911959798138,-0.00139022827206642,0.0011834468576573556,90405.640625,90640.203125,90280.04347203414,ensemble
BTC,phase2_general,lstm,phase2_general_lstm,2025-12-08,2025-12-09,0.0223811926981977,-0.0014557499947840786,0.0012632075635090828,90640.203125,92691.7109375,90508.34964590971,ensemble
BTC,phase2_general,lstm,phase2_general_lstm,2025-12-09,2025-12-10,-0.0072628328466358,-0.0014981615750002289,0.001345720942368914,92691.7109375,92020.9453125,92552.94774864556,ensemble
BTC,phase2_general,lstm,phase2_general_lstm,2025-12-10,2025-12-11,0.0053149701081481,-0.0015577345428027546,0.0014150660932831065,92020.9453125,92511.3359375,91877.71269548622,ensemble
BTC,phase2_general,lstm,phase2_general_lstm,2025-12-11,2025-12-12,-0.0245214214521475,-0.001607617215995534,0.0014914560213925144,92511.3359375,90270.4140625,92362.73260181714,ensemble
BTC,phase2_general,lstm,phase2_general_lstm,2025-12-12,2025-12-13,0.000313418755633,-0.00162298416544214,0.0016073389496351876,90270.4140625,90298.7109375,90124.02543521395,ensemble
BTC,phase2_general,lstm,phase2_general_lstm,2025-12-13,2025-12-14,-0.0237976710179162,-0.0016045714117353602,0.0017206261293596537,90298.7109375,88175.1796875,90153.93638902593,ensemble
BTC,phase2_general,lstm,phase2_general_lstm,2025-12-14,2025-12-15,-0.0201089147130883,-0.0015403448895085201,0.0017898402856011935,88175.1796875,86419.78125,88039.46405136408,ensemble
BTC,phase2_general,lstm,phase2_general_lstm,2025-12-15,2025-12-16,0.0163457369350781,-0.00149585022154494,0.001793644255601948,86419.78125,87843.984375,86290.60683794414,ensemble
BTC,phase2_general,lstm,phase2_general_lstm,2025-12-16,2025-12-17,-0.0195448330408544,-0.001433820971124044,0.0017923239661689705,87843.984375,86143.7578125,87718.12208157669,ensemble
BTC,phase2_general,lstm,phase2_general_lstm,2025-12-17,2025-12-18,-0.0079397284977681,-0.0013700153038371202,0.00177697457117844,86143.7578125,85462.5078125,86025.8203524762,ensemble
BTC,phase2_general,lstm,phase2_general_lstm,2025-12-18,2025-12-19,0.0304331549684077,-0.00131123918690718,0.0017106314333732028,85462.5078125,88103.3828125,85350.51946104792,ensemble
BTC,phase2_general,lstm,phase2_general_lstm,2025-12-19,2025-12-20,0.0027273551221506,-0.0012822038912417913,0.0015982103295748493,88103.3828125,88344.0,87990.48870432557,ensemble
BTC,phase2_general,lstm,phase2_general_lstm,2025-12-20,2025-12-21,0.0031390280669266,-0.001258763433725088,0.001475593138237672,88344.0,88621.75,88232.86576374162,ensemble
BTC,phase2_general,lstm,phase2_general_lstm,2025-12-21,2025-12-22,-0.001487584958889,-0.0011926979947019863,0.001378640703074521,88621.75,88490.015625,88516.11402491835,ensemble
BTC,phase2_general,lstm,phase2_general_lstm,2025-12-22,2025-12-23,-0.0122342749529535,-0.001185062604417871,0.0012880965987504944,88490.015625,87414.0,88385.21152859152,ensemble
BTC,phase2_general,lstm,phase2_general_lstm,2025-12-23,2025-12-24,0.0022620761040624,-0.0011756944188163643,0.0012166582753529076,87414.0,87611.9609375,87311.288238727,ensemble
BTC,phase2_general,lstm,phase2_general_lstm,2025-12-24,2025-12-25,-0.0043148578556266,-0.0011273965192230872,0.0011559478964137412,87611.9609375,87234.7421875,87513.24317518361,ensemble
BTC,phase2_general,lstm,phase2_general_lstm,2025-12-25,2025-12-26,0.000764168281323,-0.0010619581164064307,0.001103241602895149,87234.7421875,87301.4296875,87142.15171730364,ensemble
BTC,phase2_general,lstm,phase2_general_lstm,2025-12-26,2025-12-27,0.005719219565876,-0.0009913526670061192,0.0010525176004159567,87301.4296875,87802.15625,87214.92606722769,ensemble
BTC,phase2_general,lstm,phase2_general_lstm,2025-12-27,2025-12-28,0.0003835125589097,-0.0009398437290656057,0.0010109851551817577,87802.15625,87835.8359375,87719.67471000043,ensemble
BTC,phase2_general,lstm,phase2_general_lstm,2025-12-28,2025-12-29,-0.0079748888825797,-0.0009097608428419188,0.0010451149101536196,87835.8359375,87138.140625,87755.96267165962,ensemble
BTC,phase2_general,lstm,phase2_general_lstm,2025-12-29,2025-12-30,0.0147180978087909,-0.0009187749509691975,0.0011322033260701889,87138.140625,88430.1328125,87058.11705157641,ensemble
BTC,phase2_general,lstm,phase2_general_lstm,2025-12-30,2025-12-31,-0.0104730993492998,-0.0009213154946337235,0.0012185392323361753,88430.1328125,87508.828125,88348.69828015583,ensemble
BTC,phase2_general,lstm,phase2_general_lstm,2025-12-31,2026-01-01,0.01388073366055,-0.0008728245185920999,0.0013113196031736267,87508.828125,88731.984375,87432.48159762661,ensemble
BTC,phase2_general,lstm,phase2_general_lstm,2026-01-01,2026-01-02,0.0135745701301948,-0.0008683077205205201,0.0014275229887412602,88731.984375,89944.6953125,88654.97114833846,ensemble
BTC,phase2_general,lstm,phase2_general_lstm,2026-01-02,2026-01-03,0.0072944096271482,-0.0009116939734667599,0.0015661488561236462,89944.6953125,90603.1875,89862.73064486237,ensemble
BTC,phase2_general,lstm,phase2_general_lstm,2026-01-03,2026-01-04,0.0089036899476068,-0.0009400254464708199,0.0017028303770994697,90603.1875,91413.4921875,90518.05821633377,ensemble
BTC,phase2_general,lstm,phase2_general_lstm,2026-01-04,2026-01-05,0.0266514983813646,-0.00094745222595522,0.0018503903575489218,91413.4921875,93882.5546875,91326.92328726905,ensemble
BTC,phase2_general,lstm,phase2_general_lstm,2026-01-05,2026-01-06,-0.0016366097114998,-0.00092905641067772,0.001981535788427098,93882.5546875,93729.03125,93795.37300283916,ensemble
BTC,phase2_general,lstm,phase2_general_lstm,2026-01-06,2026-01-07,-0.0261689672501516,-0.0008470058091916,0.0021054725202577095,93729.03125,91308.0546875,93649.6758280373,ensemble
BTC,phase2_general,lstm,phase2_general_lstm,2026-01-07,2026-01-08,-0.0030814668927555,-0.0007669727085158199,0.002272805505215563,91308.0546875,91027.125,91238.05075047325,ensemble
BTC,phase2_general,lstm,phase2_general_lstm,2026-01-08,2026-01-09,-0.0056629301495069,-0.0006764006335288,0.002431371485881604,91027.125,90513.1015625,90965.5750135533,ensemble
BTC,phase2_general,lstm,phase2_general_lstm,2026-01-09,2026-01-10,-0.0013980466595052,-0.00059732298832386,0.002541361662038992,90513.1015625,90386.6484375,90459.05215027748,ensemble
BTC,phase2_general,lstm,phase2_general_lstm,2026-01-10,2026-01-11,0.0048651109011003,-0.0005471365759148999,0.002615692797536099,90386.6484375,90827.4609375,90337.20812270112,ensemble
BTC,phase2_general,lstm,phase2_general_lstm,2026-01-11,2026-01-12,0.0040163809626806,-0.00050850557163356,0.002688539402958013,90827.4609375,91192.9921875,90781.28640855354,ensemble
BTC,phase2_general,lstm,phase2_general_lstm,2026-01-12,2026-01-13,0.0442802850314782,-0.0004815211286768199,0.002696824400157963,91192.9921875,95321.78125,91149.09140539977,ensemble
BTC,phase2_general,lstm,phase2_general_lstm,2026-01-13,2026-01-14,0.016723797821879,-0.00043675987981258,0.0026970905069519033,95321.78125,96929.328125,95280.15761070725,ensemble
BTC,phase2_general,lstm,phase2_general_lstm,2026-01-14,2026-01-15,-0.0143200382747562,-0.00035940343514084003,0.002697003979170524,96929.328125,95551.1875,96894.4976509769,ensemble
BTC,phase2_general,lstm,phase2_general_lstm,2026-01-15,2026-01-16,-0.0002728785518896,-0.00027548475190995996,0.002702294696080293,95551.1875,95525.1171875,95524.86823026206,ensemble
BTC,phase2_general,lstm,phase2_general_lstm,2026-01-16,2026-01-17,-0.0044610720579804,-0.00019533735467118003,0.0026845057641469022,95525.1171875,95099.921875,95506.45938614605,ensemble
BTC,phase2_general,lstm,phase2_general_lstm,2026-01-17,2026-01-18,-0.0155299936581246,-8.859807858242007e-05,0.002606119934732906,95099.921875,93634.4296875,95091.49657788662,ensemble
BTC,phase2_general,lstm,phase2_general_lstm,2026-01-18,2026-01-19,-0.0116102857616082,4.623446147900045e-06,0.0025207760347300216,93634.4296875,92553.59375,93634.86260224403,ensemble
BTC,phase2_general,lstm,phase2_general_lstm,2026-01-19,2026-01-20,-0.0469242550548211,7.030158885753999e-05,0.0024511965347087683,92553.59375,88310.90625,92560.1006434149,ensemble
BTC,phase2_general,lstm,phase2_general_lstm,2026-01-20,2026-01-21,0.0119993277601487,0.0001426218601409201,0.0023929406538945857,88310.90625,89376.9609375,88323.50221392866,ensemble
BTC,phase2_general,lstm,phase2_general_lstm,2026-01-21,2026-01-22,0.0009560777691027,0.00023858262866272,0.0023639343319148396,89376.9609375,89462.453125,89398.28727172763,ensemble
BTC,phase2_general,lstm,phase2_general_lstm,2026-01-22,2026-01-23,0.0004629013309221,0.00033197921802639245,0.0023528055137764133,89462.453125,89503.875,89492.15773061423,ensemble
BTC,phase2_general,lstm,phase2_general_lstm,2026-01-23,2026-01-24,-0.0044021176235583,0.00041856975003610005,0.0023512670479915107,89503.875,89110.734375,89541.34645624796,ensemble
BTC,phase2_general,lstm,phase2_general_lstm,2026-01-24,2026-01-25,-0.0289008383617947,0.0004509862919803799,0.0023250359191512374,89110.734375,86572.21875,89150.93115808922,ensemble
BTC,phase2_general,lstm,phase2_general_lstm,2026-01-25,2026-01-26,0.0193889405513137,0.00047865624655972006,0.0022861087038601297,86572.21875,88267.140625,86613.66700222429,ensemble
BTC,phase2_general,lstm,phase2_general_lstm,2026-01-26,2026-01-27,0.009420276564581,0.0004423802194651001,0.002232954378349215,88267.140625,89102.5703125,88306.1969002661,ensemble
BTC,phase2_general,lstm,phase2_general_lstm,2026-01-27,2026-01-28,0.0009198645005418,0.00039404632989316,0.00219418666003893,89102.5703125,89184.5703125,89137.68777181426,ensemble
BTC,phase2_general,lstm,phase2_general_lstm,2026-01-28,2026-01-29,-0.053227949504083,0.00035473598982206005,0.002173276319659907,89184.5703125,84561.5859375,89216.21290137738,ensemble
BTC,phase2_general,lstm,phase2_general_lstm,2026-01-29,2026-01-30,-0.00513284742955,0.0002617044316139001,0.0021872212474074422,84561.5859375,84128.65625,84583.71897531486,ensemble
BTC,phase2_general,lstm,phase2_general_lstm,2026-01-30,2026-01-31,-0.0677069192719858,0.00018174877332057996,0.002176504051996829,84128.65625,78621.1171875,84143.94791965355,ensemble
BTC,phase2_general,lstm,phase2_general_lstm,2026-01-31,2026-02-01,-0.0211668421472114,6.308189622360035e-05,0.0021215507783397384,78621.1171875,76974.4453125,78626.07691308821,ensemble
BTC,phase2_general,lstm,phase2_general_lstm,2026-02-01,2026-02-02,0.0220269081578216,-8.312710924655601e-05,0.002052483893422448,76974.4453125,78688.765625,76968.04691531912,ensemble
BTC,phase2_general,lstm,phase2_general_lstm,2026-02-02,2026-02-03,-0.0396004693749769,-0.00031222786346914004,0.0019576578847915415,78688.765625,75633.546875,78664.20063496662,ensemble
BTC,phase2_general,lstm,phase2_general_lstm,2026-02-03,2026-02-04,-0.0351706159417589,-0.00057132996153084,0.0018442925326536282,75633.546875,73019.703125,75590.34750529566,ensemble
BTC,phase2_general,lstm,phase2_general_lstm,2026-02-04,2026-02-05,-0.1523344080304475,-0.0007788274437189001,0.0017355374647855695,73019.703125,62702.09765625,72962.85551638641,ensemble
BTC,phase2_general,lstm,phase2_general_lstm,2026-02-05,2026-02-06,0.118003181433477,-0.00089359447592868,0.0016349574080049521,62702.09765625,70555.390625,62646.0924348602,ensemble
BTC,phase2_general,lstm,phase2_general_lstm,2026-02-06,2026-02-07,-0.0182134028127509,-0.0009344016812974601,0.0015309992019296261,70555.390625,69281.96875,70489.49434096924,ensemble
BTC,phase2_general,lstm,phase2_general_lstm,2026-02-07,2026-02-08,0.0140852358847471,-0.0009432052884221713,0.0014513749506475321,69281.96875,70264.7265625,69216.65243887005,ensemble
BTC,phase2_general,lstm,phase2_general_lstm,2026-02-08,2026-02-09,-0.0020507154219692,-0.0008684344633365801,0.0013525513801563728,70264.7265625,70120.78125,70203.73274079796,ensemble
BTC,phase2_general,lstm,phase2_general_lstm,2026-02-09,2026-02-10,-0.0191032375898973,-0.00084532116889022,0.0011779684032508391,70120.78125,68793.9609375,70061.53171520142,ensemble
BTC,phase2_general,lstm,phase2_general_lstm,2026-02-10,2026-02-11,-0.0265432212123745,-0.00414287191815668,0.001766895715535593,68793.9609375,66991.96875,68509.5459228755,ensemble
BTC,phase2_general,lstm,phase2_general_lstm,2026-02-11,2026-02-12,-0.011562368274835,-0.0035077419248409,0.001741303618536934,66991.96875,66221.84375,66757.38987419312,ensemble
BTC,phase2_general,lstm,phase2_general_lstm,2026-02-12,2026-02-13,0.0390337693571557,-0.00301854106364768,0.0017319688849176884,66221.84375,68857.84375,66022.2517851511,ensemble
BTC,phase2_general,lstm,phase2_general_lstm,2026-02-13,2026-02-14,0.0131259330678483,-0.0025859065412077798,0.0017252234225642125,68857.84375,69767.625,68680.01382630928,ensemble
BTC,phase2_general,lstm,phase2_general_lstm,2026-02-14,2026-02-15,-0.0141380400688788,-0.00211568815575442,0.001620939613803809,69767.625,68788.1875,69620.1744967747,ensemble
BTC,phase2_general,lstm,phase2_general_lstm,2026-02-15,2026-02-16,0.00079878247825,-0.00166879551834422,0.0014367685019882768,68788.1875,68843.15625,68673.48981109784,ensemble
BTC,phase2_general,lstm,phase2_general_lstm,2026-02-16,2026-02-17,-0.0197888733002862,-0.0013060277298790998,0.0013636210253281462,68843.15625,67494.21875,68753.30386654912,ensemble
BTC,phase2_general,lstm,phase2_general_lstm,2026-02-17,2026-02-18,-0.0159636322602148,-0.0010511809960007201,0.001322468702577939,67494.21875,66425.3203125,67423.30738677844,ensemble
BTC,phase2_general,lstm,phase2_general_lstm,2026-02-18,2026-02-19,0.0079801259947047,-0.0008647550246678201,0.001272333820290715,66425.3203125,66957.5234375,66367.90351230586,ensemble
BTC,phase2_general,lstm,phase2_general_lstm,2026-02-19,2026-02-20,0.0155289956566322,-0.00074042281485162,0.0013136154264828891,66957.5234375,68005.421875,66907.96490891764,ensemble
BTC,phase2_general,lstm,phase2_general_lstm,2026-02-20,2026-02-21,-2.4354972344490844e-05,-0.0009019608434755199,0.0015287238058360121,68005.421875,68003.765625,67944.11130134959,ensemble
BTC,phase2_general,lstm,phase2_general_lstm,2026-02-21,2026-02-22,-0.005076923598302,-0.001102650056691338,0.0017106797726117902,68003.765625,67659.390625,67928.82259453998,ensemble
BTC,phase2_general,lstm,phase2_general_lstm,2026-02-22,2026-02-23,-0.0460126731356427,-0.00131729744025504,0.0017646510201518098,67659.390625,64616.73828125,67570.32176089371,ensemble
BTC,phase2_general,lstm,phase2_general_lstm,2026-02-23,2026-02-24,-0.0083405104387447,-0.0016998696955852002,0.0019752195296427032,64616.73828125,64080.04296875,64506.99155001607,ensemble
BTC,phase2_general,lstm,phase2_general_lstm,2026-02-24,2026-02-25,0.0587881628108732,-0.0019286365946754598,0.002157291592848782,64080.04296875,67960.125,63956.57495362958,ensemble
BTC,phase2_general,lstm,phase2_general_lstm,2026-02-25,2026-02-26,-0.0074786108124004,-0.0023819825844839,0.0024627321487382787,67960.125,67453.7734375,67798.4378102946,ensemble
BTC,phase2_general,lstm,phase2_general_lstm,2026-02-26,2026-02-27,-0.0235803453997585,-0.00296207970241084,0.0028942410945267385,67453.7734375,65881.796875,67254.26560926606,ensemble
BTC,phase2_general,lstm,phase2_general_lstm,2026-02-27,2026-02-28,0.0167686372009838,-0.0033977885905187,0.003114248043755023,65881.796875,66995.859375,65658.32432848823,ensemble
BTC,phase2_general,lstm,phase2_general_lstm,2026-02-28,2026-03-01,-0.0189521272552437,-0.0038047617155825197,0.003302961080580087,66995.859375,65738.1015625,66741.44040284843,ensemble
BTC,phase2_general,lstm,phase2_general_lstm,2026-03-01,2026-03-02,0.0451739987422587,-0.00400594187667586,0.003304112230878778,65738.1015625,68775.8515625,65475.28531333024,ensemble
BTC,phase2_general,lstm,phase2_general_lstm,2026-03-02,2026-03-03,-0.0070359214012543,-0.004270702775102059,0.0034868127483792697,68775.8515625,68293.6484375,68482.75664848067,ensemble
BTC,phase2_general,lstm,phase2_general_lstm,2026-03-03,2026-03-04,0.0626701105436228,-0.00448305415920908,0.0035863774489366686,68293.6484375,72710.578125,67988.16956361306,ensemble
BTC,phase2_general,lstm,phase2_general_lstm,2026-03-04,2026-03-05,-0.026047184090688,-0.0045885519124567,0.00377060817072274,72710.578125,70841.125,72377.70614691064,ensemble
BTC,phase2_general,lstm,phase2_general_lstm,2026-03-05,2026-03-06,-0.0389267622298537,-0.0049522566609084,0.004412217271170363,70841.125,68136.4921875,70491.16881848613,ensemble
BTC,phase2_general,lstm,phase2_general_lstm,2026-03-06,2026-03-07,-0.0127600028163738,-0.00507496870122846,0.0046165250939201674,68136.4921875,67272.59375,67791.57757794249,ensemble
BTC,phase2_general,lstm,phase2_general_lstm,2026-03-07,2026-03-08,-0.0195561512724631,-0.00490932129323478,0.004360221154364355,67272.59375,65969.78125,66943.14033108573,ensemble
BTC,phase2_general,lstm,phase2_general_lstm,2026-03-08,2026-03-09,0.0362108831336739,-0.00450246133841568,0.003787804730785974,65969.78125,68402.3828125,65673.42253290354,ensemble
BTC,phase2_general,lstm,phase2_general_lstm,2026-03-09,2026-03-10,0.0220430630536829,-0.00394484191201622,0.003237749861100865,68402.3828125,69926.921875,68133.07775807107,ensemble
BTC,phase2_general,lstm,phase2_general_lstm,2026-03-10,2026-03-11,0.0039671408310243,-0.0037661560345440396,0.0033005559591271117,69926.921875,70204.8828125,69664.06147354638,ensemble
BTC,phase2_general,lstm,phase2_general_lstm,2026-03-11,2026-03-12,0.0041020885103588,-0.0036124859121627597,0.0035257501526954308,70204.8828125,70493.4609375,69951.72620003177,ensemble
BTC,phase2_general,lstm,phase2_general_lstm,2026-03-12,2026-03-13,0.0067128612385433,-0.00369062473764638,0.004148374540203187,70493.4609375,70968.265625,70233.7755221889,ensemble
BTC,phase2_general,lstm,phase2_general_lstm,2026-03-13,2026-03-14,0.0034653905327112,-0.00351330835837866,0.0041733653689656185,70968.265625,71214.625,70719.36970427648,ensemble
BTC,phase2_general,lstm,phase2_general_lstm,2026-03-14,2026-03-15,0.0218791978790222,-0.00322156380279918,0.003933758635110317,71214.625,72789.9140625,70985.57169489034,ensemble
BTC,phase2_general,lstm,phase2_general_lstm,2026-03-15,2026-03-16,0.0280568061089276,-0.002881500190778741,0.003619119424762765,72789.9140625,74861.0859375,72580.47181010457,ensemble
BTC,phase2_general,lstm,phase2_general_lstm,2026-03-16,2026-03-17,-0.012617278563279,-0.002695721067721,0.0035123098427314804,74861.0859375,73922.4765625,74659.55309119905,ensemble
BTC,phase2_general,lstm,phase2_general_lstm,2026-03-17,2026-03-18,-0.0368841742334174,-0.00260643378715028,0.003526138128076743,73922.4765625,71245.578125,73730.05340000924,ensemble
BTC,phase2_general,lstm,phase2_general_lstm,2026-03-18,2026-03-19,-0.0188841610476273,-0.00257154842256566,0.0035605225878108386,71245.578125,69912.7890625,71062.60203772513,ensemble
BTC,phase2_general,lstm,phase2_general_lstm,2026-03-19,2026-03-20,0.0086844316474486,-0.0022465320071205002,0.003103712879733056,69912.7890625,70522.5859375,69755.90403376527,ensemble
BTC,phase2_general,lstm,phase2_general_lstm,2026-03-20,2026-03-21,-0.0260161056310177,-0.0017938874079845603,0.0024286413821503,70522.5859375,68711.5234375,70396.18976275694,ensemble
BTC,phase2_general,lstm,phase2_general_lstm,2026-03-21,2026-03-22,-0.0126881200860849,-0.0012978031183592598,0.0018728534941897287,68711.5234375,67845.2109375,68622.40724825789,ensemble
BTC,phase2_general,lstm,phase2_general_lstm,2026-03-22,2026-03-23,0.044251193034697,-0.0007990384532604001,0.001630677841602428,67845.2109375,70914.859375,67791.02165763371,ensemble
BTC,phase2_general,lstm,phase2_general_lstm,2026-03-23,2026-03-24,-0.0056139915316955,-0.0005838398545165456,0.0016524068638944778,70914.859375,70517.859375,70873.46853780535,ensemble
BTC,phase2_general,lstm,phase2_general_lstm,2026-03-24,2026-03-25,0.0111689244808132,-0.00038729478255846003,0.0015861416879615776,70517.859375,71309.8828125,70490.5534640466,ensemble
BTC,phase2_general,lstm,phase2_general_lstm,2026-03-25,2026-03-26,-0.0359529188074161,-0.00020262451726010003,0.0014060892700695853,71309.8828125,68791.625,71295.43514569443,ensemble
BTC,phase2_general,lstm,phase2_general_lstm,2026-03-26,2026-03-27,-0.0363134696852071,-4.589507007037993e-05,0.0012718056254538111,68791.625,66338.375,68788.46787599914,ensemble
BTC,phase2_general,lstm,phase2_general_lstm,2026-03-27,2026-03-28,-0.0002816215791388,0.00021664315427188003,0.001142177846148569,66338.375,66319.6953125,66352.74831169283,ensemble
BTC,phase2_general,lstm,phase2_general_lstm,2026-03-28,2026-03-29,-0.0055154098337006,0.0004725045953818817,0.0010562754913067214,66319.6953125,65954.921875,66351.0390777529,ensemble
BTC,phase2_general,lstm,phase2_general_lstm,2026-03-29,2026-03-30,0.0111051817312093,0.00076696648466162,0.0009735948774284819,65954.921875,66691.4453125,66005.52649311902,ensemble
BTC,phase2_general,lstm,phase2_general_lstm,2026-03-30,2026-03-31,0.0228562101625793,0.0010005585674661799,0.000933551480090809,66691.4453125,68233.3125,66758.20740360551,ensemble
BTC,phase2_general,lstm,phase2_general_lstm,2026-03-31,2026-04-01,-0.0022706442540199,0.0010570887068751997,0.0008911659246978226,68233.3125,68078.5546875,68305.4793007113,ensemble
BTC,phase2_general,lstm,phase2_general_lstm,2026-04-01,2026-04-02,-0.0176341492288758,0.0010764374863356,0.000907297411939932,68078.5546875,66888.5703125,68151.8764518491,ensemble
BTC,phase2_general,lstm,phase2_general_lstm,2026-04-02,2026-04-03,0.0006356502125007,0.0009462077154239242,0.000926244534172779,66888.5703125,66931.1015625,66951.89074622054,ensemble
BTC,phase2_general,lstm,phase2_general_lstm,2026-04-03,2026-04-04,0.0053555444955297,0.0009422882110811199,0.0009961586719147086,66931.1015625,67290.515625,66994.1996740916,ensemble
BTC,phase2_general,lstm,phase2_general_lstm,2026-04-04,2026-04-05,0.0248248287948484,0.00085574475524478,0.001072232071460893,67290.515625,68981.8984375,67348.12377624493,ensemble
BTC,phase2_general,lstm,phase2_general_lstm,2026-04-05,2026-04-06,-0.0017711667933321,0.00086276448273562,0.0011465479935013738,68981.8984375,68859.828125,69041.43925057961,ensemble
BTC,phase2_general,lstm,phase2_general_lstm,2026-04-06,2026-04-07,0.0437692500886501,0.0009409570120624,0.0012659504220674626,68859.828125,71940.703125,68924.65275693663,ensemble
BTC,phase2_general,lstm,phase2_general_lstm,2026-04-07,2026-04-08,-0.0114263865929017,0.00096752216632008,0.001413627053145131,71940.703125,71123.359375,72010.34103261137,ensemble
BTC,phase2_general,lstm,phase2_general_lstm,2026-04-08,2026-04-09,0.0090204739879136,0.0008997953991638,0.001534577226049247,71123.359375,71767.828125,71187.38464704156,ensemble
BTC,phase2_general,lstm,phase2_general_lstm,2026-04-09,2026-04-10,0.0167360714535282,0.00066740933689286,0.0014217575291022339,71767.828125,72979.046875,71815.74263109495,ensemble
BTC,phase2_general,lstm,phase2_general_lstm,2026-04-10,2026-04-11,0.0010302658186926,0.0005290567278279719,0.0012911911496046042,72979.046875,73054.2734375,73017.66714599598,ensemble
BTC,phase2_general,lstm,phase2_general_lstm,2026-04-11,2026-04-12,-0.0320019564160111,0.00063123626750892,0.0013228143394686067,73054.2734375,70753.40625,73100.40250202782,ensemble
BTC,phase2_general,lstm,phase2_general_lstm,2026-04-12,2026-04-13,0.0513922577822332,0.00068395225680428,0.0013493343048966533,70753.40625,74484.640625,70801.81475454714,ensemble
BTC,phase2_general,lstm,phase2_general_lstm,2026-04-13,2026-04-14,-0.0040766706589971,0.0006630289833992399,0.0014032498341827865,74484.640625,74181.609375,74534.04247617224,ensemble
BTC,phase2_general,lstm,phase2_general_lstm,2026-04-14,2026-04-15,0.0083695046837294,0.00063524025026704,0.0013792747671199541,74181.609375,74805.078125,74228.74748953329,ensemble
BTC,phase2_general,lstm,phase2_general_lstm,2026-04-15,2026-04-16,0.0046287244870706,0.0006083379033952599,0.001331627706535859,74805.078125,75152.1328125,74850.59873394195,ensemble
BTC,phase2_general,lstm,phase2_general_lstm,2026-04-16,2026-04-17,0.025937296578403,0.0005711111356504,0.0013077017827898625,75152.1328125,77126.875,75195.0652908584,ensemble
BTC,phase2_general,lstm,phase2_general_lstm,2026-04-17,2026-04-18,-0.0183274450765037,0.0005293398397043,0.0013477192055260652,77126.875,75726.2109375,77167.71213505711,ensemble
BTC,phase2_general,lstm,phase2_general_lstm,2026-04-18,2026-04-19,-0.0250023364949234,0.00057783363154154,0.00140293764122494,75726.2109375,73856.3515625,75769.98073358113,ensemble
BTC,phase2_general,lstm,phase2_general_lstm,2026-04-19,2026-04-20,0.026932597272259,0.0005404878436820399,0.0014608292380211883,73856.3515625,75872.5234375,73896.28081236329,ensemble
BTC,phase2_general,lstm,phase2_general_lstm,2026-04-20,2026-04-21,0.0063097475019448,0.00042738758784252,0.0014773176791856722,75872.5234375,76352.7734375,75904.95734270604,ensemble
BTC,phase2_general,lstm,phase2_general_lstm,2026-04-21,2026-04-22,0.0239449523733436,0.0001922449082485432,0.0014466636590414802,76352.7734375,78203.1015625,76367.45328044133,ensemble
BTC,phase2_general,lstm,phase2_general_lstm,2026-04-22,2026-04-23,0.0008417038623198,-6.931343377796738e-05,0.0015041000827548784,78203.1015625,78268.953125,78197.6812248519,ensemble
BTC,phase2_general,lstm,phase2_general_lstm,2026-04-23,2026-04-24,-0.0104498554007011,-0.00037108203978276,0.0015334084718355795,78268.953125,77455.3125,78239.9143104472,ensemble
BTC,phase2_general,lstm,phase2_general_lstm,2026-04-24,2026-04-25,0.002021098580043,-0.00067935608094558,0.0015354368746652428,77455.3125,77612.015625,77402.71063217406,ensemble
BTC,phase2_general,lstm,phase2_general_lstm,2026-04-25,2026-04-26,0.0133812250281389,-0.00082152045797554,0.0014313068121030864,77612.015625,78657.5390625,77548.28194922306,ensemble
BTC,phase2_general,lstm,phase2_general_lstm,2026-04-26,2026-04-27,-0.0165479947079337,-0.00085810584714634,0.0013724980802095354,78657.5390625,77366.625,78590.07151959481,ensemble
BTC,phase2_general,lstm,phase2_general_lstm,2026-04-27,2026-04-28,-0.0132186544907372,-0.0007579205906949601,0.0014437732264615595,77366.625,76350.671875,77308.00945764911,ensemble
BTC,phase2_general,lstm,phase2_general_lstm,2026-04-28,2026-04-29,-0.0075534590417408,-0.00065576346241866,0.0015188665140877262,76350.671875,75776.1328125,76300.6203068417,ensemble
BTC,phase2_general,lstm,phase2_general_lstm,2026-04-29,2026-04-30,0.0069461868751349,-0.00060875900671814,0.001574378713173985,75776.1328125,76304.3203125,75730.01744715228,ensemble
BTC,phase2_general,lstm,phase2_general_lstm,2026-04-30,2026-05-01,0.0242715098940353,-0.00043886410594492895,0.0016152709149710265,76304.3203125,78179.0,76270.84043228252,ensemble
BTC,phase2_general,lstm,phase2_general_lstm,2026-05-01,2026-05-02,0.0060987365147835,-0.0002779949252726201,0.001624086955815975,78179.0,78657.25,78157.26965533983,ensemble
BTC,phase2_general,lstm,phase2_general_lstm,2026-05-02,2026-05-03,-0.0015143369624661,-0.00010577010834822995,0.0015876209480204582,78657.25,78538.2265625,78648.93085411136,ensemble
BTC,phase2_general,lstm,phase2_general_lstm,2026-05-03,2026-05-04,0.0162876768649081,8.892500190994003e-05,0.0015498806627234336,78538.2265625,79827.90625,78545.21088498292,ensemble
BTC,phase2_general,lstm,phase2_general_lstm,2026-05-04,2026-05-05,0.0136750438065225,0.00020979329710823998,0.0015285905511153862,79827.90625,80927.0546875,79844.65536651819,ensemble
BTC,phase2_general,lstm,phase2_general_lstm,2026-05-05,2026-05-06,0.0061652480572739,0.00025711561902424,0.0014482374867337674,80927.0546875,81427.53125,80947.86497247178,ensemble
BTC,phase2_general,lstm,phase2_general_lstm,2026-05-06,2026-05-07,-0.0175619083509024,0.00031018253466752406,0.0013602315681948904,81427.53125,80009.9921875,81452.79256564176,ensemble
BTC,phase2_general,lstm,phase2_general_lstm,2026-05-07,2026-05-08,0.0022069548930199,0.00030789904703854004,0.0012886666595841355,80009.9921875,80186.765625,80034.63098078391,ensemble
BTC,phase2_general,lstm,phase2_general_lstm,2026-05-08,2026-05-09,0.0059384470311886,0.00038914300821485994,0.00125463878517207,80186.765625,80664.3671875,80217.97581641436,ensemble
BTC,phase2_general,lstm,phase2_general_lstm,2026-05-09,2026-05-10,0.018115146956791,0.00047821197658778,0.0012386999160583652,80664.3671875,82138.9296875,80702.95107887711,ensemble
BTC,phase2_general,lstm,phase2_general_lstm,2026-05-10,2026-05-11,-0.0050117852194884,0.00052520624012684,0.0012588666136687228,82138.9296875,81728.296875,82182.08089657944,ensemble
BTC,phase2_general,lstm,phase2_general_lstm,2026-05-11,2026-05-12,-0.0154227477056674,0.00058113297563974,0.0013032640461243365,81728.296875,80477.4921875,81775.8056864884,ensemble
BTC,phase2_general,lstm,phase2_general_lstm,2026-05-12,2026-05-13,-0.0150280182312355,0.0006248343328479601,0.001346716501915392,80477.4921875,79277.1171875,80527.79300084131,ensemble
BTC,phase2_general,lstm,phase2_general_lstm,2026-05-13,2026-05-14,0.0221321436988218,0.00073369265883226,0.0014020022267780276,79277.1171875,81051.25,79335.30356924425,ensemble
BTC,phase2_general,lstm,phase2_general_lstm,2026-05-14,2026-05-15,-0.0248027751369673,0.0008029009040910601,0.0015140340361182985,81051.25,79065.6796875,81116.35225373456,ensemble
BTC,phase2_general,lstm,phase2_general_lstm,2026-05-15,2026-05-16,-0.0118863908425741,0.0008424012688919801,0.0016251908958587887,79065.6796875,78131.4375,79132.31277835423,ensemble
BTC,phase2_general,lstm,phase2_general_lstm,2026-05-16,2026-05-17,-0.0090265767978541,0.00086078437743706,0.0017395580843357066,78131.4375,77429.3515625,78198.72077482815,ensemble
BTC,phase2_general,lstm,phase2_general_lstm,2026-05-17,2026-05-18,-0.0061558536491211,0.00094254104187712,0.0018886621229718616,77429.3515625,76954.171875,77502.36630848554,ensemble
BTC,phase2_general,lstm,phase2_general_lstm,2026-05-18,2026-05-19,-0.0026448799997123,0.0008622221881523799,0.0019925396365604595,76954.171875,76750.90625,77020.55208259304,ensemble
BTC,phase2_general,lstm,phase2_general_lstm,2026-05-19,2026-05-20,0.0091677347836148,0.0008450140361674,0.002125110782055448,76750.90625,77457.7734375,76815.78925273303,ensemble
BTC,phase2_general,lstm,phase2_general_lstm,2026-05-20,2026-05-21,0.0010503232153248,0.0007387879944872,0.0022091354934721894,77457.7734375,77539.171875,77515.01945432654,ensemble
BTC,phase2_general,lstm,phase2_general_lstm,2026-05-21,2026-05-22,-0.0268063407026221,0.00055762152769604,0.0022258773053690896,77539.171875,75488.2421875,77582.42144380185,ensemble
BTC,phase2_general,lstm,phase2_general_lstm,2026-05-22,2026-05-23,0.0155775030224184,-0.0013586881235823599,0.0012431873449190204,75488.2421875,76673.3671875,75385.74685473289,ensemble
BTC,phase2_general,lstm,phase2_general_lstm,2026-05-23,2026-05-24,0.004005847400396,-0.00132536264136432,0.001242720457864836,76673.3671875,76981.125,76571.81448298793,ensemble
BTC,phase2_general,lstm,phase2_general_lstm,2026-05-24,2026-05-25,0.0038740181286936,-0.00124071318423372,0.0012628100921240168,76981.125,77279.9296875,76885.672729965,ensemble
BTC,phase2_general,lstm,phase2_general_lstm,2026-05-25,2026-05-26,-0.0189965414050318,-0.00123344630119386,0.0013129348672397342,77279.9296875,75825.734375,77184.66780635544,ensemble
BTC,phase2_general,lstm,phase2_general_lstm,2026-05-26,2026-05-27,-0.0197253107241087,-0.00122545334743334,0.0013365584330155425,75825.734375,74344.703125,75732.87038685256,ensemble
BTC,phase2_general,lstm,phase2_general_lstm,2026-05-27,2026-05-28,-0.0109298026618873,-0.0011945883510634,0.0013441394611131013,74344.703125,73536.5546875,74255.94483404898,ensemble
BTC,phase2_general,lstm,phase2_general_lstm,2026-05-28,2026-05-29,-0.0022330998228095,-0.00122314710170026,0.0014122486572344098,73536.5546875,73372.5234375,73446.66364995307,ensemble
BTC,phase2_general,lstm,phase2_general_lstm,2026-05-29,2026-05-30,0.0051970396549028,-0.00123252909397704,0.0014539038434708195,73372.5234375,73754.8359375,73282.14537590128,ensemble
BTC,phase2_general,lstm,phase2_general_lstm,2026-05-30,2026-05-31,-0.0023775625144765,-0.00118813909357412,0.0014192087413675677,73754.8359375,73579.6875,73667.25697188167,ensemble
BTC,phase2_general,lstm,phase2_general_lstm,2026-05-31,2026-06-01,-0.0311953863032946,-0.0011238475097343,0.0013912624716786997,73579.6875,71319.7734375,73497.04160082879,ensemble
BTC,phase2_general,lstm,phase2_general_lstm,2026-06-01,2026-06-02,-0.0669138485252581,-0.0011920165747141757,0.0014081770168731496,71319.7734375,66703.65625,71234.80973458913,ensemble
BTC,phase2_general,lstm,phase2_general_lstm,2026-06-02,2026-06-03,-0.0411522222901916,-0.00130326490616422,0.001435079588930052,66703.65625,64014.3671875,66616.78033915599,ensemble
BTC,phase2_general,lstm,phase2_general_lstm,2026-06-03,2026-06-04,-0.0033296811494371,-0.0014245871701859402,0.0015227370812776729,64014.3671875,63801.57421875,63923.2380673966,ensemble
BTC,phase2_general,lstm,phase2_general_lstm,2026-06-04,2026-06-05,-0.0461725426252123,-0.0015973290435794655,0.0016457608121822397,63801.57421875,60922.66796875,63699.743461488775,ensemble
BTC,phase2_general,lstm,phase2_general_lstm,2026-06-05,2026-06-06,-0.0009073630482773,-0.0018340489841648,0.0017868902477594986,60922.66796875,60867.4140625,60811.03521271263,ensemble
BTC,phase2_general,lstm,phase2_general_lstm,2026-06-06,2026-06-07,0.0382314561194156,-0.0020339771173894,0.0019402549008351207,60867.4140625,63239.51953125,60743.73695594288,ensemble
BTC,phase2_general,lstm,phase2_general_lstm,2026-06-07,2026-06-08,-0.0023577871851843,-0.002131434273906,0.001988976209417279,63239.51953125,63090.58984375,63104.872198800746,ensemble
BTC,phase2_general,lstm,phase2_general_lstm,2026-06-08,2026-06-09,-0.0231992749169722,-0.0021360842642024597,0.002010881023057641,63090.58984375,61643.78125,62955.96686177098,ensemble
BTC,phase2_general,lstm,phase2_general_lstm,2026-06-09,2026-06-10,-0.0031600860854061,-0.0020334922719484616,0.002043282177623744,61643.78125,61449.2890625,61518.556462184904,ensemble
BTC,phase2_general,lstm,phase2_general_lstm,2026-06-10,2026-06-11,0.0337886685240648,-0.0018949423227240844,0.002089546270170234,61449.2890625,63561.0546875,61332.95646055029,ensemble
BTC,phase2_general,lstm,phase2_general_lstm,2026-06-11,2026-06-12,-0.0002809578486747,-0.0017652378766797399,0.0020671922850437206,63561.0546875,63543.19921875,63448.95327822036,ensemble
BTC,phase2_general,lstm,phase2_general_lstm,2026-06-12,2026-06-13,0.0137247224557035,-0.00158817063784224,0.0020426806846300175,63543.19921875,64421.32421875,63442.36187016938,ensemble
BTC,phase2_general,lstm,phase2_general_lstm,2026-06-13,2026-06-14,0.0198124847553173,-0.00136933407629838,0.0020303304999538343,64421.32421875,65710.3984375,64333.17027413177,ensemble
BTC,phase2_general,lstm,phase2_general_lstm,2026-06-14,2026-06-15,0.0087743291428838,-0.0011984351498540598,0.0020217567720110293,65710.3984375,66289.5,65631.6959556316,ensemble
BTC,phase2_general,lstm,phase2_general_lstm,2026-06-15,2026-06-16,-0.0104460520817153,-0.00104168929392472,0.0021260359998880526,66289.5,65600.640625,66220.48289098313,ensemble
BTC,phase2_general,lstm,phase2_general_lstm,2026-06-16,2026-06-17,-0.0181854515308644,-0.0008515804307535201,0.002270876464644274,65600.640625,64418.4453125,65544.80018288731,ensemble
BTC,phase2_general,lstm,phase2_general_lstm,2026-06-17,2026-06-18,-0.0239099264595433,-0.00064289508154614,0.002360484332418955,64418.4453125,62896.47265625,64377.04432052077,ensemble
BTC,phase2_general,lstm,phase2_general_lstm,2026-06-18,2026-06-19,0.0101927013006599,-0.00039802702376619996,0.0024470888042093407,62896.47265625,63540.8359375,62871.44314197522,ensemble
BTC,phase2_general,lstm,phase2_general_lstm,2026-06-19,2026-06-20,0.0109382377964082,-9.975009597837995e-05,0.0025013098916847236,63540.8359375,64239.67578125,63534.49804912443,ensemble
BTC,phase2_general,lstm,phase2_general_lstm,2026-06-20,2026-06-21,-0.0157229253051467,0.00020464126719162007,0.0025807438947641347,64239.67578125,63237.5390625,64252.823215113734,ensemble
BTC,phase2_general,lstm,phase2_general_lstm,2026-06-21,2026-06-22,0.0112363538248423,0.00052788821049036,0.00266426515702141,63237.5390625,63952.10546875,63270.930226457,ensemble
BTC,phase2_general,lstm,phase2_general_lstm,2026-06-22,2026-06-23,-0.0202831889602721,0.0007951382896863,0.0027282413101411013,63952.10546875,62668.01953125,64002.97645856994,ensemble
BTC,phase2_general,lstm,phase2_general_lstm,2026-06-23,2026-06-24,-0.0270571911625371,0.00103136753896252,0.0026851140053254993,62668.01953125,60995.1328125,62732.686634368794,ensemble
BTC,phase2_general,lstm,phase2_general_lstm,2026-06-24,2026-06-25,-0.0210990381164694,0.00116609095130112,0.0025949569699537053,60995.1328125,59721.67578125,61066.30017068801,ensemble
BTC,phase2_general,lstm,phase2_general_lstm,2026-06-25,2026-06-26,0.004923319948585,0.0012691953801549798,0.002496862591118307,59721.67578125,60016.4296875,59797.52237814037,ensemble
BTC,phase2_general,lstm,phase2_general_lstm,2026-06-26,2026-06-27,-0.0012726617424323,0.00129541483474892,0.002374592648015157,60016.4296875,59940.09765625,60094.22623937035,ensemble
BTC,phase2_general,lstm,phase2_general_lstm,2026-06-27,2026-06-28,-0.0068259994404737,0.0013684469973668202,0.002322248048826299,59940.09765625,59532.33984375,60022.17865184649,ensemble
BTC,phase2_general,lstm,phase2_general_lstm,2026-06-28,2026-06-29,0.0101285301835763,0.00147674840409308,0.002323611423183826,59532.33984375,60138.37890625,59620.31907721384,ensemble
BTC,phase2_general,lstm,phase2_general_lstm,2026-06-29,2026-06-30,-0.0266158302862621,0.0015619754558428799,0.002252417734255925,60138.37890625,58558.859375,60232.386978093025,ensemble
BTC,phase2_general,lstm,phase2_general_lstm,2026-06-30,2026-07-01,0.0243747988918137,0.00165641990024594,0.0021674887490093996,58558.859375,60003.7578125,58655.9378141373,ensemble
BTC,phase2_general,lstm,phase2_general_lstm,2026-07-01,2026-07-02,0.0243909440883905,0.0017696749651804002,0.0021700619338702637,60003.7578125,61485.30078125,60110.03897433605,ensemble
BTC,phase2_general,lstm,phase2_general_lstm,2026-07-02,2026-07-03,0.0170753597454698,0.00179169175680724,0.0021018287390131484,61485.30078125,62544.19921875,61595.562235597594,ensemble
BTC,phase2_general,lstm,phase2_general_lstm,2026-07-03,2026-07-04,0.0086619123839713,0.0018176734447478801,0.002072954442387092,62544.19921875,63088.3046875,62657.9875324619,ensemble
BTC,phase2_general,lstm,phase2_general_lstm,2026-07-04,2026-07-05,0.0072582750905089,0.0018645556643604802,0.0020223513870959975,63088.3046875,63547.8828125,63206.046076935956,ensemble
BTC,phase2_general,lstm,phase2_general_lstm,2026-07-05,2026-07-06,0.0070115176898403,0.0019470378872938,0.001989176193791471,63547.8828125,63995.015625,63671.73347983805,ensemble
BTC,phase2_general,lstm,phase2_general_lstm,2026-07-06,2026-07-07,-0.0109610318081771,0.0018535353126935199,0.001813299683793106,63995.015625,63297.39453125,64113.742644667596,ensemble
BTC,phase2_general,lstm,phase2_general_lstm,2026-07-07,2026-07-08,-0.0165639655193486,0.00183426140574734,0.0017888640794984118,63297.39453125,62257.57421875,63413.60504677214,ensemble
BTC,phase2_general,lstm,phase2_general_lstm,2026-07-08,2026-07-09,0.0149156823369863,0.0018276004702784,0.0018334601728479149,62257.57421875,63193.1484375,62371.46022803319,ensemble
BTC,phase2_general,lstm,phase2_general_lstm,2026-07-09,2026-07-10,0.0146718005231559,0.0018249679938889599,0.0018775260090508063,63193.1484375,64127.140625,63308.579207524985,ensemble
BTC,phase2_general,lstm,phase2_general_lstm,2026-07-10,2026-07-11,-0.0050827186063555,0.0017625571344979,0.001830330134201131,64127.140625,63802.02734375,64240.268041704374,ensemble
BTC,phase2_general,lstm,phase2_general_lstm,2026-07-11,2026-07-12,-0.0006868690961942,0.00179005115060132,0.0017918038359095614,63802.02734375,63758.21875,63916.33851710729,ensemble
BTC,phase2_general,lstm,phase2_general_lstm,2026-07-12,2026-07-13,-0.0241143387714378,0.0018040969378489014,0.0017187716190583872,63758.21875,62239.12109375,63873.348578668534,ensemble
BTC,phase2_general,lstm,phase2_general_lstm,2026-07-13,2026-07-14,0.0427281030442609,0.0018762166480882484,0.0018377624737212243,62239.12109375,64956.11328125,62356.0047841837,ensemble
BTC,phase2_general,lstm,phase2_general_lstm,2026-07-14,2026-07-15,-0.0037594109647903,0.002000938123092,0.0020939632607301513,64956.11328125,64712.375,65086.21656554462,ensemble
BTC,phase2_general,lstm,phase2_general_lstm,2026-07-15,2026-07-16,-0.0143672798551762,0.00218533384613688,0.002433403608812038,64712.375,63789.28125,64853.94777890188,ensemble
BTC,phase2_general,lstm,phase2_general_lstm,2026-07-16,2026-07-17,0.0017257545646935,0.00224203576799478,0.0026100518009951027,63789.28125,63899.4609375,63932.4595456307,ensemble
BTC,phase2_general,lstm,phase2_general_lstm,2026-07-17,2026-07-18,0.0139422316447508,0.00236060160677876,0.002947291725002189,63899.4609375,64796.6015625,64050.48028579062,ensemble
BTC,phase2_general,lstm,phase2_general_lstm,2026-07-18,2026-07-19,-0.0016340878484766,0.00253145134774962,0.003254748251516813,64796.6015625,64690.8046875,64960.83879843507,ensemble
BTC,phase2_general,lstm,phase2_general_lstm,2026-07-19,2026-07-20,0.0083008358863908,0.0026127046323381,0.0033590231335255297,64690.8046875,65230.02734375,64860.04364200498,ensemble
BTC,phase2_general,lstm,phase2_general_lstm,2026-07-20,2026-07-21,0.0193591073637143,0.0026801962405442804,0.003466933012573689,65230.02734375,66505.125,65405.09111564212,ensemble
BTC,phase2_general,lstm,phase2_general_lstm,2026-07-21,2026-07-22,-0.0060982099788692,0.0027278226800262597,0.003496951802429447,66505.125,66100.796875,66686.7868463195,ensemble
BTC,phase2_general,lstm,phase2_general_lstm,2026-07-22,2026-07-23,-0.016104346952909,0.00280133869964624,0.0036034464313921175,66100.796875,65044.8125,66286.22720067343,ensemble
BTC,phase2_general,lstm,phase2_general_lstm,2026-07-23,2026-07-24,-0.0146555536542276,0.0028523579356259997,0.0037492682503012984,65044.8125,64098.49609375,65230.60843939796,ensemble
BTC,phase2_general,lstm,phase2_general_lstm,2026-07-24,2026-07-25,0.003322421771433,0.00294066078495228,0.0039829843211689935,64098.49609375,64311.8125,64287.26544486975,ensemble
BTC,phase2_general,lstm,phase2_general_lstm,2026-07-25,2026-07-26,0.0158656859403964,0.0028950200648977997,0.003869219247559605,64311.8125,65340.30078125,64498.26625104809,ensemble
BTC,phase2_general,lstm,phase2_general_lstm,2026-07-26,2026-07-27,-0.0250336529885953,0.0028461235808208,0.0037719075366918014,65340.30078125,63724.8984375,65526.5322452493,ensemble
BTC,phase2_general,lstm,phase2_general_lstm,2026-07-27,2026-07-28,0.0022957554728576,0.0026573740877210597,0.003440545701661097,63724.8984375,63871.36328125,63894.46453183858,ensemble
BTC,phase2_general,lstm,phase2_general_lstm,2026-07-28,2026-07-29,0.0005760654802496,0.0026831550640053397,0.0034949637851720487,63871.36328125,63908.16796875,64042.97017408036,ensemble
BTC,phase2_general,lstm,phase2_general_lstm,2026-07-29,2026-07-30,0.0127051159419568,0.0030846643552649403,0.004334405807978628,63908.16796875,64725.30859375,64105.60757739938,ensemble
BTC,phase2_general,lstm,phase2_general_lstm,2026-07-30,2026-07-31,-0.0299783570286374,0.0032146558980456997,0.0045901037962001335,64725.30859375,62813.74609375,64933.71298350298,ensemble
BTC,phase2_general,lstm,phase2_general_lstm,2026-07-31,2026-08-01,-0.0008031049841085,0.003204372304026,0.004547085719010419,62813.74609375,62763.3203125,63015.34755260689,ensemble
BTC,phase2_general,lstm,phase2_general_lstm,2026-08-01,2026-08-02,0.0113855697670751,0.00312604041537264,0.004273009016141333,62763.3203125,63482.0,62959.82797382065,ensemble
BTC,phase2_general,lstm,phase2_general_lstm,2026-08-02,2026-08-03,-0.0003324575530272,0.00298830023966728,0.003937355956821009,63482.0,63460.8984375,63671.98700353766,ensemble
BTC,phase2_general,lstm,phase2_general_lstm,2026-08-03,2026-08-04,0.0093330253934836,0.0027625905815511402,0.003515359325786176,63460.8984375,64055.953125,63636.45730480281,ensemble
BTC,phase2_general,lstm,phase2_general_lstm,2026-08-04,2026-08-05,0.0084187413608024,0.00260782953118898,0.0032566933979580556,64055.953125,64597.5,64223.21813573079,ensemble
BTC,phase2_general,lstm,phase2_general_lstm,2026-08-05,2026-08-06,-0.0052054707838791,0.00256028848234562,0.0032143942603621222,64597.5,64262.11328125,64763.1001368397,ensemble
BTC,phase2_general,lstm,phase2_general_lstm,2026-08-06,2026-08-07,0.0095721203953674,0.0023661532672121397,0.002968376401353654,64262.11328125,64880.19140625,64414.34732406146,ensemble
BTC,phase2_general,lstm,phase2_general_lstm,2026-08-07,2026-08-08,0.0003774876433575,0.00213268925435834,0.0026525169129990684,64880.19140625,64904.6875,65018.70834757687,ensemble
BTC,phase2_general,lstm,phase2_general_lstm,2026-08-08,2026-08-09,-0.0009217877722439,0.0020440263440832203,0.002566754256404609,64904.6875,64844.88671875,65037.49007084326,ensemble
BTC,phase2_general,lstm,phase2_general_lstm,2026-08-09,2026-08-10,-0.0145130480455691,0.001933585106235047,0.002444520712893764,64844.88671875,63910.5859375,64970.391123546346,ensemble
BTC,phase2_general,lstm,phase2_general_lstm,2026-08-10,2026-08-11,-0.0056285102588139,0.0016429668175987802,0.002121566095219796,63910.5859375,63551.875,64015.675214947165,ensemble
BTC,phase2_general,lstm,phase2_general_lstm,2026-08-11,2026-08-12,-0.0023542560615523,0.0014577093184925199,0.0020626358787149586,63551.875,63402.43359375,63644.58271442844,ensemble
BTC,phase2_general,lstm,phase2_general_lstm,2026-08-12,2026-08-13,-4.127906065128786e-06,0.0013519184896722,0.0021861571539796344,63402.43359375,63402.171875,63488.206481928515,ensemble
BTC,phase2_general,lstm,phase2_general_lstm,2026-08-13,2026-08-14,-0.0067508670210942,0.0010914683449300328,0.001963639411393153,63402.171875,62975.59375,63471.411117948584,ensemble
BTC,phase2_general,lstm,phase2_general_lstm,2026-08-14,2026-08-15,0.0007734380660748,0.00080092101125044,0.0017203710008226825,62975.59375,63024.3203125,63026.052430241616,ensemble
BTC,phase2_general,lstm,phase2_general_lstm,2026-08-15,2026-08-16,-0.0032686473868631,0.0005449382704682801,0.0014932834515455913,63024.3203125,62818.65234375,63058.67403608776,ensemble
BTC,phase2_general,lstm,phase2_general_lstm,2026-08-16,2026-08-17,0.0265101376702319,0.00022829780355095998,0.0011840148537740481,62818.65234375,64506.25390625,62832.99534127722,ensemble
BTC,phase2_general,lstm,phase2_general_lstm,2026-08-17,2026-08-18,0.0027008473728006,-9.935285197571996e-05,0.0010702056303093848,64506.25390625,64680.7109375,64499.84534431387,ensemble
BTC,phase2_general,lstm,phase2_general_lstm,2026-08-18,2026-08-19,0.0684938460027011,-0.0004125365638174,0.001098304140326527,64680.7109375,69266.1875,64654.03328239701,ensemble
BTC,phase2_general,lstm,phase2_general_lstm,2026-08-19,2026-08-20,0.052951205389763,-0.0006190516985952599,0.0011172502168496888,69266.1875,73032.7578125,69223.32141850214,ensemble
BTC,phase2_general,lstm,phase2_general_lstm,2026-08-20,2026-08-21,0.0700888177551632,-0.000839631621056456,0.001145896489584749,73032.7578125,78335.1875,72971.46293582697,ensemble
BTC,phase2_general,lstm,phase2_general_lstm,2026-08-21,2026-08-22,-0.0161087603875064,-0.0010492604691535001,0.001224858931468574,78335.1875,77083.4140625,78253.03659080027,ensemble
BTC,phase2_general,lstm,phase2_general_lstm,2026-08-22,2026-08-23,0.0086781388253158,-0.00120692444033918,0.0013262652515409758,77083.4140625,77755.265625,76990.43632596097,ensemble
BTC,phase2_general,lstm,phase2_general_lstm,2026-08-23,2026-08-24,0.0154319126625293,-0.0012407960952259402,0.001357842797069872,77755.265625,78964.484375,77658.84702531055,ensemble
BTC,phase2_general,lstm,phase2_general_lstm,2026-08-24,2026-08-25,-0.0050721771868308,-0.00127598312683402,0.0013767486350699445,78964.484375,78564.9765625,78863.79128032507,ensemble
BTC,phase2_general,lstm,phase2_general_lstm,2026-08-25,2026-08-26,0.0058688952570538,-0.00124953832710158,0.0013237626404712182,78564.9765625,79027.421875,78466.86792113625,ensemble
BTC,phase2_general,lstm,phase2_general_lstm,2026-08-26,2026-08-27,0.0154457977224057,-0.0012656631770368795,0.0012888809268235635,79027.421875,80257.5390625,78927.46304760387,ensemble
BTC,phase2_general,lstm,phase2_general_lstm,2026-08-27,2026-08-28,-0.0307100273130926,-0.0012581922477693,0.0014348600417386234,80257.5390625,77830.2890625,80156.62314814997,ensemble
BTC,phase2_general,lstm,phase2_general_lstm,2026-08-28,2026-08-29,0.0053246386227652,-0.0012759110075421202,0.001775044202545091,77830.2890625,78245.8125,77731.04786489649,ensemble
BTC,phase2_general,lstm,phase2_general_lstm,2026-08-29,2026-08-30,-0.007417513856522,-0.0011677869835693756,0.0020844845223694634,78245.8125,77667.5703125,78154.49139082308,ensemble
BTC,phase2_general,lstm,phase2_general_lstm,2026-08-30,2026-08-31,0.0112801594802717,-0.00111535692121834,0.0023778546020590814,77667.5703125,78548.6328125,77580.99154248841,ensemble
BTC,phase2_general,xgb,phase2_general_xgb,2025-10-31,2025-11-01,0.004624825172493,0.00017146175669042004,0.0009460675335560833,109556.1640625,110064.015625,109574.95036536665,ensemble
BTC,phase2_general,xgb,phase2_general_xgb,2025-11-01,2025-11-02,0.0052161412333197,0.00071476867306042,0.0008015237279843021,110064.015625,110639.625,110142.71405763656,ensemble
BTC,phase2_general,xgb,phase2_general_xgb,2025-11-02,2025-11-03,-0.0376871829010099,-0.00867522796615954,0.004027515286783705,110639.625,106547.5234375,109683.95236364457,ensemble
BTC,phase2_general,xgb,phase2_general_xgb,2025-11-03,2025-11-04,-0.0476408575376077,-0.0034170268918386803,0.0022184854291300952,106547.5234375,101590.5234375,106184.0690050833,ensemble
BTC,phase2_general,xgb,phase2_general_xgb,2025-11-04,2025-11-05,0.0224000613217487,0.013640865124762,0.002287744955448051,101590.5234375,103891.8359375,102985.80082575354,ensemble
BTC,phase2_general,xgb,phase2_general_xgb,2025-11-05,2025-11-06,-0.0252511824918507,0.00152956249658012,0.0007032853554593093,103891.8359375,101301.2890625,104050.86658610366,ensemble
BTC,phase2_general,xgb,phase2_general_xgb,2025-11-06,2025-11-07,0.020238925968734,0.01767398808151478,0.0015627544608825233,101301.2890625,103372.40625,103107.60219686736,ensemble
BTC,phase2_general,xgb,phase2_general_xgb,2025-11-07,2025-11-08,-0.0106032122142002,-0.00825985027477138,0.0033403201292847703,103372.40625,102282.1171875,102522.08226070013,ensemble
BTC,phase2_general,xgb,phase2_general_xgb,2025-11-08,2025-11-09,0.02355183969968,0.00568665983155364,0.0015389401340901428,102282.1171875,104719.640625,102865.41773880203,ensemble
BTC,phase2_general,xgb,phase2_general_xgb,2025-11-09,2025-11-10,0.0121202693364623,-0.009945376683026499,0.0017627281493810564,104719.640625,105996.59375,103683.32616356628,ensemble
BTC,phase2_general,xgb,phase2_general_xgb,2025-11-10,2025-11-11,-0.0287025464768418,0.00140012784395362,0.0008014307237207393,105996.59375,102997.46875,106145.10647641381,ensemble
BTC,phase2_general,xgb,phase2_general_xgb,2025-11-11,2025-11-12,-0.0130391466426769,0.00138228363357482,0.00213477335206373,102997.46875,101663.1875,103139.9389097529,ensemble
BTC,phase2_general,xgb,phase2_general_xgb,2025-11-12,2025-11-13,-0.0195247429765854,-0.0024122414877637997,0.0027497521743457235,101663.1875,99697.4921875,101418.24688806119,ensemble
BTC,phase2_general,xgb,phase2_general_xgb,2025-11-13,2025-11-14,-0.0546228711365914,0.00460804797476152,0.002709066045612213,99697.4921875,94397.7890625,100157.96313576658,ensemble
BTC,phase2_general,xgb,phase2_general_xgb,2025-11-14,2025-11-15,0.0121231064987472,0.006265733856707779,0.0015943164365177888,94397.7890625,95549.1484375,94991.11736289471,ensemble
BTC,phase2_general,xgb,phase2_general_xgb,2025-11-15,2025-11-16,-0.0144639384619225,0.00116517266724256,0.0013746329947152871,95549.1484375,94177.078125,95660.5445789044,ensemble
BTC,phase2_general,xgb,phase2_general_xgb,2025-11-16,2025-11-17,-0.0223683827163435,0.00466600836953144,0.004132323713680674,94177.078125,92093.875,94617.53595057594,ensemble
BTC,phase2_general,xgb,phase2_general_xgb,2025-11-17,2025-11-18,0.0092411735633055,0.016254374012351,0.002947754259706096,92093.875,92948.875,93603.03528926928,ensemble
BTC,phase2_general,xgb,phase2_general_xgb,2025-11-18,2025-11-19,-0.0160823776998089,0.02095827199518676,0.0015137795689036573,92948.875,91465.9921875,94917.48002519929,ensemble
BTC,phase2_general,xgb,phase2_general_xgb,2025-11-19,2025-11-20,-0.0542991431316111,0.00494256713427598,0.002716662390067611,91465.9921875,86631.8984375,91919.18804727889,ensemble
BTC,phase2_general,xgb,phase2_general_xgb,2025-11-20,2025-11-21,-0.0179504904722895,0.009203324839472721,0.0031148220872597213,86631.8984375,85090.6875,87432.880133985,ensemble
BTC,phase2_general,xgb,phase2_general_xgb,2025-11-21,2025-11-22,-0.0052118723936807,0.0039917333720950205,0.0031292107073952772,85090.6875,84648.359375,85431.02565462267,ensemble
BTC,phase2_general,xgb,phase2_general_xgb,2025-11-22,2025-11-23,0.0251585865790003,0.01169106243178244,0.0034180199757557327,84648.359375,86805.0078125,85643.7961478532,ensemble
BTC,phase2_general,xgb,phase2_general_xgb,2025-11-23,2025-11-24,0.0167423578108394,0.006972588389180559,0.006366051517368756,86805.0078125,88270.5625,87412.37841398928,ensemble
BTC,phase2_general,xgb,phase2_general_xgb,2025-11-24,2025-11-25,-0.0105764769567544,0.0069907107390463005,0.0032009558487595363,88270.5625,87341.890625,88889.79839688957,ensemble
BTC,phase2_general,xgb,phase2_general_xgb,2025-11-25,2025-11-26,0.0357225879133364,0.01071813162416212,0.001502057331419316,87341.890625,90518.3671875,88283.06732283517,ensemble
BTC,phase2_general,xgb,phase2_general_xgb,2025-11-26,2025-11-27,0.0084378061084954,-0.017333392240107,0.0017407577497885421,90518.3671875,91285.375,88962.89655980434,ensemble
BTC,phase2_general,xgb,phase2_general_xgb,2025-11-27,2025-11-28,-0.0040186667744196,-0.00012930202065036,0.0026336571511586465,91285.375,90919.265625,91273.57237962446,ensemble
BTC,phase2_general,xgb,phase2_general_xgb,2025-11-28,2025-11-29,-0.0007427786269465,-0.00761432293802494,0.0014505523602203858,90919.265625,90851.7578125,90229.60595305548,ensemble
BTC,phase2_general,xgb,phase2_general_xgb,2025-11-29,2025-11-30,-0.0050477925731327,-0.00539202108047898,0.002311737727150684,90851.7578125,90394.3125,90363.2015556797,ensemble
BTC,phase2_general,xgb,phase2_general_xgb,2025-11-30,2025-12-01,-0.046101838054076,-0.00760062858462326,0.0031219209689170163,90394.3125,86321.5703125,89709.86332154424,ensemble
BTC,phase2_general,xgb,phase2_general_xgb,2025-12-01,2025-12-02,0.0566209938703037,-0.0032749786972999196,0.0037842776541308293,86321.5703125,91350.203125,86039.33142404509,ensemble
BTC,phase2_general,xgb,phase2_general_xgb,2025-12-02,2025-12-03,0.0235582620118316,0.00023651499068363997,0.0027724600490427894,91350.203125,93527.8046875,91371.81137267758,ensemble
BTC,phase2_general,xgb,phase2_general_xgb,2025-12-03,2025-12-04,-0.0149319728659321,0.0031341604888438603,0.0017230092798778307,93527.8046875,92141.625,93821.3956778731,ensemble
BTC,phase2_general,xgb,phase2_general_xgb,2025-12-04,2025-12-05,-0.0303430599756753,0.00234975318307986,0.0032309322916002515,92141.625,89387.7578125,92358.38964861349,ensemble
BTC,phase2_general,xgb,phase2_general_xgb,2025-12-05,2025-12-06,-0.0012916460625568,0.0036302537191658804,0.0011592922226146812,89387.7578125,89272.375,89712.84777524689,ensemble
BTC,phase2_general,xgb,phase2_general_xgb,2025-12-06,2025-12-07,0.0126145722260143,-0.00310106634860852,0.0017714437894129527,89272.375,90405.640625,88995.96424757973,ensemble
BTC,phase2_general,xgb,phase2_general_xgb,2025-12-07,2025-12-08,0.0025911959798138,-0.00948185864835974,0.0018279827073809807,90405.640625,90640.203125,89552.47829389262,ensemble
BTC,phase2_general,xgb,phase2_general_xgb,2025-12-08,2025-12-09,0.0223811926981977,-0.0002441761113005001,0.0022355179397394683,90640.203125,92691.7109375,90618.07365452743,ensemble
BTC,phase2_general,xgb,phase2_general_xgb,2025-12-09,2025-12-10,-0.0072628328466358,0.00360016433987762,0.001991520240301665,92691.7109375,92020.9453125,93026.0177484649,ensemble
BTC,phase2_general,xgb,phase2_general_xgb,2025-12-10,2025-12-11,0.0053149701081481,-0.0011285425513051198,0.002995979560585736,92020.9453125,92511.3359375,91917.1543373852,ensemble
BTC,phase2_general,xgb,phase2_general_xgb,2025-12-11,2025-12-12,-0.0245214214521475,-0.00578973516821856,0.0011982122814965114,92511.3359375,90270.4140625,91977.26735207615,ensemble
BTC,phase2_general,xgb,phase2_general_xgb,2025-12-12,2025-12-13,0.000313418755633,-0.00734499283134934,0.001692930101937537,90270.4140625,90298.7109375,89609.80756324327,ensemble
BTC,phase2_general,xgb,phase2_general_xgb,2025-12-13,2025-12-14,-0.0237976710179162,-0.00561066865921016,0.002931851890369596,90298.7109375,88175.1796875,89793.4934194597,ensemble
BTC,phase2_general,xgb,phase2_general_xgb,2025-12-14,2025-12-15,-0.0201089147130883,-0.00886832959949964,0.0037500255350888523,88175.1796875,86419.78125,87396.6702728754,ensemble
BTC,phase2_general,xgb,phase2_general_xgb,2025-12-15,2025-12-16,0.0163457369350781,0.003447463363409,0.0014375743442649194,86419.78125,87843.984375,86718.22442009757,ensemble
BTC,phase2_general,xgb,phase2_general_xgb,2025-12-16,2025-12-17,-0.0195448330408544,0.010507594794034899,0.0024097883714762217,87843.984375,86143.7578125,88771.87980514104,ensemble
BTC,phase2_general,xgb,phase2_general_xgb,2025-12-17,2025-12-18,-0.0079397284977681,0.00078159645199778,0.002751650100893035,86143.7578125,85462.5078125,86211.11378713445,ensemble
BTC,phase2_general,xgb,phase2_general_xgb,2025-12-18,2025-12-19,0.0304331549684077,0.0017242012429050802,0.0017411411414992343,85462.5078125,88103.3828125,85609.9894821942,ensemble
BTC,phase2_general,xgb,phase2_general_xgb,2025-12-19,2025-12-20,0.0027273551221506,0.00189075269736346,0.0018483216261160006,88103.3828125,88344.0,88270.12210290747,ensemble
BTC,phase2_general,xgb,phase2_general_xgb,2025-12-20,2025-12-21,0.0031390280669266,5.773856246373997e-05,0.0021020825660737824,88344.0,88621.75,88349.10100282317,ensemble
BTC,phase2_general,xgb,phase2_general_xgb,2025-12-21,2025-12-22,-0.001487584958889,-0.0017703816032735398,0.001565372074045251,88621.75,88490.015625,88464.99448363388,ensemble
BTC,phase2_general,xgb,phase2_general_xgb,2025-12-22,2025-12-23,-0.0122342749529535,-0.00017395576287530004,0.002051904150455277,88490.015625,87414.0,88474.62361562828,ensemble
BTC,phase2_general,xgb,phase2_general_xgb,2025-12-23,2025-12-24,0.0022620761040624,0.00940136732533568,0.002494341597608364,87414.0,87611.9609375,88239.68633206493,ensemble
BTC,phase2_general,xgb,phase2_general_xgb,2025-12-24,2025-12-25,-0.0043148578556266,-0.00774818016216154,0.000846249588482015,87611.9609375,87234.7421875,86935.75076191005,ensemble
BTC,phase2_general,xgb,phase2_general_xgb,2025-12-25,2025-12-26,0.000764168281323,-0.00395766922738398,0.0019656476426135492,87234.7421875,87301.4296875,86890.17821764213,ensemble
BTC,phase2_general,xgb,phase2_general_xgb,2025-12-26,2025-12-27,0.005719219565876,0.0007252327312017,0.0012296609586329701,87301.4296875,87802.15625,87364.76650598092,ensemble
BTC,phase2_general,xgb,phase2_general_xgb,2025-12-27,2025-12-28,0.0003835125589097,-0.00186385616543698,0.0010586167712652692,87802.15625,87835.8359375,87638.65807560713,ensemble
BTC,phase2_general,xgb,phase2_general_xgb,2025-12-28,2025-12-29,-0.0079748888825797,0.00205037405248728,0.0009410780157547062,87835.8359375,87138.140625,88016.11701504758,ensemble
BTC,phase2_general,xgb,phase2_general_xgb,2025-12-29,2025-12-30,0.0147180978087909,-0.01052074283361432,0.0020279083862898162,87138.140625,88430.1328125,86226.1882762372,ensemble
BTC,phase2_general,xgb,phase2_general_xgb,2025-12-30,2025-12-31,-0.0104730993492998,0.0101178308948874,0.0017675950218199931,88430.1328125,87508.828125,89329.39556505432,ensemble
BTC,phase2_general,xgb,phase2_general_xgb,2025-12-31,2026-01-01,0.01388073366055,-0.004509029518158027,0.003535619212226532,87508.828125,88731.984375,87115.13648651766,ensemble
BTC,phase2_general,xgb,phase2_general_xgb,2026-01-01,2026-01-02,0.0135745701301948,0.0018392539350315402,0.0019968057454468413,88731.984375,89944.6953125,88895.33520220139,ensemble
BTC,phase2_general,xgb,phase2_general_xgb,2026-01-02,2026-01-03,0.0072944096271482,-0.0006780644442187401,0.0018244718306398222,89944.6953125,90603.1875,89883.72768498867,ensemble
BTC,phase2_general,xgb,phase2_general_xgb,2026-01-03,2026-01-04,0.0089036899476068,0.00342581251170482,0.0015027680713015877,90603.1875,91413.4921875,90914.10930916341,ensemble
BTC,phase2_general,xgb,phase2_general_xgb,2026-01-04,2026-01-05,0.0266514983813646,-0.0007908194034825799,0.0037588193757776074,91413.4921875,93882.5546875,91341.22920138988,ensemble
BTC,phase2_general,xgb,phase2_general_xgb,2026-01-05,2026-01-06,-0.0016366097114998,-0.00451201617252078,0.004150263859408632,93882.5546875,93729.03125,93459.90929089268,ensemble
BTC,phase2_general,xgb,phase2_general_xgb,2026-01-06,2026-01-07,-0.0261689672501516,0.00649744113907212,0.0019205754187047745,93729.03125,91308.0546875,94340.0128726647,ensemble
BTC,phase2_general,xgb,phase2_general_xgb,2026-01-07,2026-01-08,-0.0030814668927555,-0.00759277436882252,0.0020221399003683875,91308.0546875,91027.125,90617.3985463616,ensemble
BTC,phase2_general,xgb,phase2_general_xgb,2026-01-08,2026-01-09,-0.0056629301495069,-0.0038995019393041398,0.00352162857350278,91027.125,90513.1015625,90672.85573529708,ensemble
BTC,phase2_general,xgb,phase2_general_xgb,2026-01-09,2026-01-10,-0.0013980466595052,-0.00392373753711576,0.0012105824390974695,90513.1015625,90386.6484375,90158.6477549092,ensemble
BTC,phase2_general,xgb,phase2_general_xgb,2026-01-10,2026-01-11,0.0048651109011003,-0.01388632524758572,0.0022569766576607335,90386.6484375,90827.4609375,89140.18447085863,ensemble
BTC,phase2_general,xgb,phase2_general_xgb,2026-01-11,2026-01-12,0.0040163809626806,-0.008490223158150881,0.0026936425169588837,90827.4609375,91192.9921875,90059.57987867545,ensemble
BTC,phase2_general,xgb,phase2_general_xgb,2026-01-12,2026-01-13,0.0442802850314782,0.00305098112439732,0.0028924721474353258,91192.9921875,95321.78125,91471.64515165526,ensemble
BTC,phase2_general,xgb,phase2_general_xgb,2026-01-13,2026-01-14,0.016723797821879,0.01290939189493652,0.0032950129366238244,95321.78125,96929.328125,96560.30457155165,ensemble
BTC,phase2_general,xgb,phase2_general_xgb,2026-01-14,2026-01-15,-0.0143200382747562,-0.0040007177158258595,0.0021637707533643472,96929.328125,95551.1875,96542.31592427239,ensemble
BTC,phase2_general,xgb,phase2_general_xgb,2026-01-15,2026-01-16,-0.0002728785518896,0.00410141991451376,0.0016298292520367968,95551.1875,95525.1171875,95943.88780720954,ensemble
BTC,phase2_general,xgb,phase2_general_xgb,2026-01-16,2026-01-17,-0.0044610720579804,0.00012023182353003993,0.0019346275298753165,95525.1171875,95099.921875,95536.60303700085,ensemble
BTC,phase2_general,xgb,phase2_general_xgb,2026-01-17,2026-01-18,-0.0155299936581246,-0.0022044078097678598,0.0022239498803175725,95099.921875,93634.4296875,94890.51375975282,ensemble
BTC,phase2_general,xgb,phase2_general_xgb,2026-01-18,2026-01-19,-0.0116102857616082,0.00386062480974936,0.003061359465484392,93634.4296875,92553.59375,93996.61577224275,ensemble
BTC,phase2_general,xgb,phase2_general_xgb,2026-01-19,2026-01-20,-0.0469242550548211,-0.00187559758778658,0.0024131542040713256,92553.59375,88310.90625,92380.16314667428,ensemble
BTC,phase2_general,xgb,phase2_general_xgb,2026-01-20,2026-01-21,0.0119993277601487,0.004278164131392216,0.0037932838855754213,88310.90625,89376.9609375,88689.52411874538,ensemble
BTC,phase2_general,xgb,phase2_general_xgb,2026-01-21,2026-01-22,0.0009560777691027,-0.00978395771235222,0.005511414835472344,89376.9609375,89462.453125,88506.7644556975,ensemble
BTC,phase2_general,xgb,phase2_general_xgb,2026-01-22,2026-01-23,0.0004629013309221,-0.01076522776857016,0.00400860360551749,89462.453125,89503.875,88504.53479596092,ensemble
BTC,phase2_general,xgb,phase2_general_xgb,2026-01-23,2026-01-24,-0.0044021176235583,-0.00660731848329302,0.001594512328563022,89503.875,89110.734375,88914.44381654407,ensemble
BTC,phase2_general,xgb,phase2_general_xgb,2026-01-24,2026-01-25,-0.0289008383617947,-0.00649510007351632,0.0019610216027348853,89110.734375,86572.21875,88533.82680195267,ensemble
BTC,phase2_general,xgb,phase2_general_xgb,2026-01-25,2026-01-26,0.0193889405513137,0.00604291297495362,0.002681438156844977,86572.21875,88267.140625,87096.9509928,ensemble
BTC,phase2_general,xgb,phase2_general_xgb,2026-01-26,2026-01-27,0.009420276564581,-0.00022168099312692833,0.002015559132879534,88267.140625,89102.5703125,88247.57564627787,ensemble
BTC,phase2_general,xgb,phase2_general_xgb,2026-01-27,2026-01-28,0.0009198645005418,0.0012653660320211002,0.002817060665590089,89102.5703125,89184.5703125,89215.38904177978,ensemble
BTC,phase2_general,xgb,phase2_general_xgb,2026-01-28,2026-01-29,-0.053227949504083,-0.009605702944099839,0.0026842236352057234,89184.5703125,84561.5859375,88331.991189357,ensemble
BTC,phase2_general,xgb,phase2_general_xgb,2026-01-29,2026-01-30,-0.00513284742955,0.01129881665110584,0.0022474215262468554,84561.5859375,84128.65625,85522.4498832795,ensemble
BTC,phase2_general,xgb,phase2_general_xgb,2026-01-30,2026-01-31,-0.0677069192719858,-0.00608129398897286,0.0022721076036143887,84128.65625,78621.1171875,83618.5976385509,ensemble
BTC,phase2_general,xgb,phase2_general_xgb,2026-01-31,2026-02-01,-0.0211668421472114,0.00809649014845486,0.004415320324430942,78621.1171875,76974.4453125,79260.25618811921,ensemble
BTC,phase2_general,xgb,phase2_general_xgb,2026-02-01,2026-02-02,0.0220269081578216,0.01104621803387994,0.003446352105717769,76974.4453125,78688.765625,77829.43532779194,ensemble
BTC,phase2_general,xgb,phase2_general_xgb,2026-02-02,2026-02-03,-0.0396004693749769,0.00554392810445274,0.0032042285413968097,78688.765625,75633.546875,79126.221977096,ensemble
BTC,phase2_general,xgb,phase2_general_xgb,2026-02-03,2026-02-04,-0.0351706159417589,0.014122241176664779,0.0034793382442287087,75633.546875,73019.703125,76709.23978461596,ensemble
BTC,phase2_general,xgb,phase2_general_xgb,2026-02-04,2026-02-05,-0.1523344080304475,0.0029194825910962598,0.0050169810547462945,73019.703125,62702.09765625,73233.19436742438,ensemble
BTC,phase2_general,xgb,phase2_general_xgb,2026-02-05,2026-02-06,0.118003181433477,0.01335572749376294,0.0045785356493456605,62702.09765625,70555.390625,63545.147023065256,ensemble
BTC,phase2_general,xgb,phase2_general_xgb,2026-02-06,2026-02-07,-0.0182134028127509,0.00323021570220586,0.0046620339161854854,70555.390625,69281.96875,70783.66825016383,ensemble
BTC,phase2_general,xgb,phase2_general_xgb,2026-02-07,2026-02-08,0.0140852358847471,0.00962593033909796,0.0029502056644962553,69281.96875,70264.7265625,69952.09226168352,ensemble
BTC,phase2_general,xgb,phase2_general_xgb,2026-02-08,2026-02-09,-0.0020507154219692,-0.00230505922809238,0.0046356957771715125,70264.7265625,70120.78125,70102.94873149999,ensemble
BTC,phase2_general,xgb,phase2_general_xgb,2026-02-09,2026-02-10,-0.0191032375898973,-0.00117144694086162,0.0022449447670999665,70120.78125,68793.9609375,70038.68656948316,ensemble
BTC,phase2_general,xgb,phase2_general_xgb,2026-02-10,2026-02-11,-0.0265432212123745,-0.01272798348218196,0.0035879497508468114,68793.9609375,66991.96875,67923.90133701164,ensemble
BTC,phase2_general,xgb,phase2_general_xgb,2026-02-11,2026-02-12,-0.011562368274835,-0.0067815462127327406,0.0038575894027258516,66991.96875,66221.84375,66539.19660089056,ensemble
BTC,phase2_general,xgb,phase2_general_xgb,2026-02-12,2026-02-13,0.0390337693571557,-0.00423847180791192,0.0016187437815451259,66221.84375,68857.84375,65941.75831860285,ensemble
BTC,phase2_general,xgb,phase2_general_xgb,2026-02-13,2026-02-14,0.0131259330678483,-0.011197807081043658,0.002054916079662426,68857.84375,69767.625,68091.0879036928,ensemble
BTC,phase2_general,xgb,phase2_general_xgb,2026-02-14,2026-02-15,-0.0141380400688788,0.0048185219522565,0.002596262138464728,69767.625,68788.1875,70104.61307281272,ensemble
BTC,phase2_general,xgb,phase2_general_xgb,2026-02-15,2026-02-16,0.00079878247825,-0.008575671166181539,0.00309604367630771,68788.1875,68843.15625,68200.80482399839,ensemble
BTC,phase2_general,xgb,phase2_general_xgb,2026-02-16,2026-02-17,-0.0197888733002862,-0.0010794064728543028,0.0017007029889268151,68843.15625,67494.21875,68768.88659231772,ensemble
BTC,phase2_general,xgb,phase2_general_xgb,2026-02-17,2026-02-18,-0.0159636322602148,0.0020624204655178,0.003713073812666436,67494.21875,66425.3203125,67633.56385275704,ensemble
BTC,phase2_general,xgb,phase2_general_xgb,2026-02-18,2026-02-19,0.0079801259947047,0.0012773005524650198,0.0025682152833640397,66425.3203125,66957.5234375,66510.21962025642,ensemble
BTC,phase2_general,xgb,phase2_general_xgb,2026-02-19,2026-02-20,0.0155289956566322,-0.00435713538900012,0.00202612735871338,66957.5234375,68005.421875,66666.41510233375,ensemble
BTC,phase2_general,xgb,phase2_general_xgb,2026-02-20,2026-02-21,-2.4354972344490844e-05,0.00025968562695196,0.0014012113141751161,68005.421875,68003.765625,68023.0841988423,ensemble
BTC,phase2_general,xgb,phase2_general_xgb,2026-02-21,2026-02-22,-0.005076923598302,0.00032241204753520006,0.0023630416763442868,68003.765625,67659.390625,68025.69439317482,ensemble
BTC,phase2_general,xgb,phase2_general_xgb,2026-02-22,2026-02-23,-0.0460126731356427,-0.01667503286153072,0.0036439082471925225,67659.390625,64616.73828125,66540.5225693466,ensemble
BTC,phase2_general,xgb,phase2_general_xgb,2026-02-23,2026-02-24,-0.0083405104387447,-0.0027306048199533797,0.002362880037651836,64616.73828125,64080.04296875,64440.5361828823,ensemble
BTC,phase2_general,xgb,phase2_general_xgb,2026-02-24,2026-02-25,0.0587881628108732,-0.0052532229572534,0.0024158683360857285,64080.04296875,67960.125,63744.298857370624,ensemble
BTC,phase2_general,xgb,phase2_general_xgb,2026-02-25,2026-02-26,-0.0074786108124004,0.0255613584071397,0.0015741992258167174,67960.125,67453.7734375,69719.67049531608,ensemble
BTC,phase2_general,xgb,phase2_general_xgb,2026-02-26,2026-02-27,-0.0235803453997585,-0.00979006616398688,0.003928256258044656,67453.7734375,65881.796875,66796.61857608681,ensemble
BTC,phase2_general,xgb,phase2_general_xgb,2026-02-27,2026-02-28,0.0167686372009838,-0.01269867736846204,0.0013595722432661838,65881.796875,66995.859375,65050.47470932086,ensemble
BTC,phase2_general,xgb,phase2_general_xgb,2026-02-28,2026-03-01,-0.0189521272552437,-0.00627976832911366,0.002718973641544508,66995.859375,65738.1015625,66576.4591455245,ensemble
BTC,phase2_general,xgb,phase2_general_xgb,2026-03-01,2026-03-02,0.0451739987422587,0.0012485875555284863,0.002996080971036929,65738.1015625,68775.8515625,65820.23260126148,ensemble
BTC,phase2_general,xgb,phase2_general_xgb,2026-03-02,2026-03-03,-0.0070359214012543,0.00738223744556304,0.0022065119864800513,68775.8515625,68293.6484375,69285.44990291604,ensemble
BTC,phase2_general,xgb,phase2_general_xgb,2026-03-03,2026-03-04,0.0626701105436228,-0.0046652863267809,0.0033997321616039806,68293.6484375,72710.578125,67975.78106093037,ensemble
BTC,phase2_general,xgb,phase2_general_xgb,2026-03-04,2026-03-05,-0.026047184090688,-0.0010697221558075398,0.0027928041132723558,72710.578125,70841.125,72632.83959534494,ensemble
BTC,phase2_general,xgb,phase2_general_xgb,2026-03-05,2026-03-06,-0.0389267622298537,-0.00499250479042524,0.002598159453704863,70841.125,68136.4921875,70488.33173788771,ensemble
BTC,phase2_general,xgb,phase2_general_xgb,2026-03-06,2026-03-07,-0.0127600028163738,-0.004777427483349981,0.0014194512613758899,68136.4921875,67272.59375,67811.75136761507,ensemble
BTC,phase2_general,xgb,phase2_general_xgb,2026-03-07,2026-03-08,-0.0195561512724631,0.0008250426966696801,0.002232817368504484,67272.59375,65969.78125,67328.1194145318,ensemble
BTC,phase2_general,xgb,phase2_general_xgb,2026-03-08,2026-03-09,0.0362108831336739,-0.00732991592958564,0.00229803348836001,65969.78125,68402.3828125,65487.996178675894,ensemble
BTC,phase2_general,xgb,phase2_general_xgb,2026-03-09,2026-03-10,0.0220430630536829,0.00259281036851458,0.002378243419579998,68402.3828125,69926.921875,68579.96734190514,ensemble
BTC,phase2_general,xgb,phase2_general_xgb,2026-03-10,2026-03-11,0.0039671408310243,-0.01087091062217946,0.0020789895115502443,69926.921875,70204.8828125,69170.8694917877,ensemble
BTC,phase2_general,xgb,phase2_general_xgb,2026-03-11,2026-03-12,0.0041020885103588,-0.0033100632834247995,0.004085427051882999,70204.8828125,70493.4609375,69972.88438414951,ensemble
BTC,phase2_general,xgb,phase2_general_xgb,2026-03-12,2026-03-13,0.0067128612385433,-0.013482250459492159,0.0015627998033179186,70493.4609375,70968.265625,69549.42858148857,ensemble
BTC,phase2_general,xgb,phase2_general_xgb,2026-03-13,2026-03-14,0.0034653905327112,-0.00090187854366374,0.002381528207155651,70968.265625,71214.625,70904.28972253508,ensemble
BTC,phase2_general,xgb,phase2_general_xgb,2026-03-14,2026-03-15,0.0218791978790222,-0.009873168915510119,0.0015141160600877141,71214.625,72789.9140625,70514.97056481654,ensemble
BTC,phase2_general,xgb,phase2_general_xgb,2026-03-15,2026-03-16,0.0280568061089276,-0.00867269691079848,0.0025278414190676676,72789.9140625,74861.0859375,72161.35877418888,ensemble
BTC,phase2_general,xgb,phase2_general_xgb,2026-03-16,2026-03-17,-0.012617278563279,-0.0028549778930027623,0.0021738232933394587,74861.0859375,73922.4765625,74647.66399453182,ensemble
BTC,phase2_general,xgb,phase2_general_xgb,2026-03-17,2026-03-18,-0.0368841742334174,0.004696094873361241,0.002514080825459117,73922.4765625,71245.578125,74270.43992070429,ensemble
BTC,phase2_general,xgb,phase2_general_xgb,2026-03-18,2026-03-19,-0.0188841610476273,-0.00973333902657026,0.0016598576573391658,71245.578125,69912.7890625,70555.48466393152,ensemble
BTC,phase2_general,xgb,phase2_general_xgb,2026-03-19,2026-03-20,0.0086844316474486,-0.01013946617022152,0.003549697108834389,69912.7890625,70522.5859375,69207.49241124927,ensemble
BTC,phase2_general,xgb,phase2_general_xgb,2026-03-20,2026-03-21,-0.0260161056310177,-0.00625388193875546,0.0016628592115142948,70522.5859375,68711.5234375,70082.92224641393,ensemble
BTC,phase2_general,xgb,phase2_general_xgb,2026-03-21,2026-03-22,-0.0126881200860849,-0.0013462168702971804,0.002148500724682696,68711.5234375,67845.2109375,68619.08506047643,ensemble
BTC,phase2_general,xgb,phase2_general_xgb,2026-03-22,2026-03-23,0.044251193034697,0.0020593618508428202,0.0028735809332094543,67845.2109375,70914.859375,67985.07274026841,ensemble
BTC,phase2_general,xgb,phase2_general_xgb,2026-03-23,2026-03-24,-0.0056139915316955,-0.01097464058548206,0.0022407265910190555,70914.859375,70517.859375,70140.84929107179,ensemble
BTC,phase2_general,xgb,phase2_general_xgb,2026-03-24,2026-03-25,0.0111689244808132,0.009735209029167819,0.003126616842684912,70517.859375,71309.8828125,71207.71798680162,ensemble
BTC,phase2_general,xgb,phase2_general_xgb,2026-03-25,2026-03-26,-0.0359529188074161,-0.00251651850994676,0.0028326975454991523,71309.8828125,68791.625,71130.65578111623,ensemble
BTC,phase2_general,xgb,phase2_general_xgb,2026-03-26,2026-03-27,-0.0363134696852071,0.01031433967873448,0.003228826640216147,68791.625,66338.375,69504.83701987374,ensemble
BTC,phase2_general,xgb,phase2_general_xgb,2026-03-27,2026-03-28,-0.0002816215791388,-0.00334250326268372,0.0009654100141041995,66338.375,66319.6953125,66117.00892962543,ensemble
BTC,phase2_general,xgb,phase2_general_xgb,2026-03-28,2026-03-29,-0.0055154098337006,-0.0047307228785939005,0.0032870129985747196,66319.6953125,65954.921875,66006.69615246388,ensemble
BTC,phase2_general,xgb,phase2_general_xgb,2026-03-29,2026-03-30,0.0111051817312093,-0.009790071379393282,0.0027057507726850082,65954.921875,66691.4453125,65312.368933743746,ensemble
BTC,phase2_general,xgb,phase2_general_xgb,2026-03-30,2026-03-31,0.0228562101625793,-0.00528187272138888,0.003823471194445897,66691.4453125,68233.3125,66340.11823598653,ensemble
BTC,phase2_general,xgb,phase2_general_xgb,2026-03-31,2026-04-01,-0.0022706442540199,0.00676965718157584,0.002591829669874569,68233.3125,68078.5546875,68696.79567503968,ensemble
BTC,phase2_general,xgb,phase2_general_xgb,2026-04-01,2026-04-02,-0.0176341492288758,0.0065928274765610405,0.0026443186784864932,68078.5546875,66888.5703125,68528.86764012798,ensemble
BTC,phase2_general,xgb,phase2_general_xgb,2026-04-02,2026-04-03,0.0006356502125007,0.00729653090238566,0.0016114467107127537,66888.5703125,66931.1015625,67378.40972377609,ensemble
BTC,phase2_general,xgb,phase2_general_xgb,2026-04-03,2026-04-04,0.0053555444955297,0.00252771200612186,0.001242619607064525,66931.1015625,67290.515625,67100.49811415703,ensemble
BTC,phase2_general,xgb,phase2_general_xgb,2026-04-04,2026-04-05,0.0248248287948484,0.00674449242651458,0.0020938619462897044,67290.515625,68981.8984375,67745.88990602632,ensemble
BTC,phase2_general,xgb,phase2_general_xgb,2026-04-05,2026-04-06,-0.0017711667933321,-0.0038084066414739797,0.0031829535438048936,68981.8984375,68859.828125,68719.68693828206,ensemble
BTC,phase2_general,xgb,phase2_general_xgb,2026-04-06,2026-04-07,0.0437692500886501,0.00259927194565532,0.0016081239781269487,68859.828125,71940.703125,69039.04636199267,ensemble
BTC,phase2_general,xgb,phase2_general_xgb,2026-04-07,2026-04-08,-0.0114263865929017,0.006285848654806541,0.0015664768435081633,71940.703125,71123.359375,72394.33573627783,ensemble
BTC,phase2_general,xgb,phase2_general_xgb,2026-04-08,2026-04-09,0.0090204739879136,0.0016353943341527732,0.00159834335504285,71123.359375,71767.828125,71239.76927604909,ensemble
BTC,phase2_general,xgb,phase2_general_xgb,2026-04-09,2026-04-10,0.0167360714535282,0.00899998508393758,0.0013676251226432715,71767.828125,72979.046875,72416.65283443875,ensemble
BTC,phase2_general,xgb,phase2_general_xgb,2026-04-10,2026-04-11,0.0010302658186926,0.0009640978183597,0.001368544382952629,72979.046875,73054.2734375,73049.43974223059,ensemble
BTC,phase2_general,xgb,phase2_general_xgb,2026-04-11,2026-04-12,-0.0320019564160111,-0.00432220483198758,0.0009672042685193351,73054.2734375,70753.40625,72739.19930183035,ensemble
BTC,phase2_general,xgb,phase2_general_xgb,2026-04-12,2026-04-13,0.0513922577822332,0.00330802413518538,0.00282346126320033,70753.40625,74484.640625,70987.84778085118,ensemble
BTC,phase2_general,xgb,phase2_general_xgb,2026-04-13,2026-04-14,-0.0040766706589971,-0.00586181813850996,0.0027801034719045865,74484.640625,74181.609375,74049.30239087342,ensemble
BTC,phase2_general,xgb,phase2_general_xgb,2026-04-14,2026-04-15,0.0083695046837294,0.00294737741351122,0.0012541104854525288,74181.609375,74805.078125,74400.57310082765,ensemble
BTC,phase2_general,xgb,phase2_general_xgb,2026-04-15,2026-04-16,0.0046287244870706,0.0017346658321912034,0.002353660778878213,74805.078125,75152.1328125,74934.95254989479,ensemble
BTC,phase2_general,xgb,phase2_general_xgb,2026-04-16,2026-04-17,0.025937296578403,0.007075242418795799,0.0005150992807323281,75152.1328125,77126.875,75685.73783691136,ensemble
BTC,phase2_general,xgb,phase2_general_xgb,2026-04-17,2026-04-18,-0.0183274450765037,-0.00346495411358768,0.0008400176195781598,77126.875,75726.2109375,76860.09637196279,ensemble
BTC,phase2_general,xgb,phase2_general_xgb,2026-04-18,2026-04-19,-0.0250023364949234,-0.0017492787854279802,0.002077171319178242,75726.2109375,73856.3515625,75593.86047588267,ensemble
BTC,phase2_general,xgb,phase2_general_xgb,2026-04-19,2026-04-20,0.026932597272259,-0.0070866285823285,0.0010020877861826598,73856.3515625,75872.5234375,73334.80920169737,ensemble
BTC,phase2_general,xgb,phase2_general_xgb,2026-04-20,2026-04-21,0.0063097475019448,-0.00621265694499012,0.0013765638314039246,75872.5234375,76352.7734375,75402.61468020988,ensemble
BTC,phase2_general,xgb,phase2_general_xgb,2026-04-21,2026-04-22,0.0239449523733436,0.00802228190004822,0.0009774516903558084,76352.7734375,78203.1015625,76967.76041107638,ensemble
BTC,phase2_general,xgb,phase2_general_xgb,2026-04-22,2026-04-23,0.0008417038623198,-0.01864002458751196,0.003556467375906277,78203.1015625,78268.953125,76758.89565892976,ensemble
BTC,phase2_general,xgb,phase2_general_xgb,2026-04-23,2026-04-24,-0.0104498554007011,-0.00104252012679352,0.0019392351980573373,78268.953125,77455.3125,78187.39868452339,ensemble
BTC,phase2_general,xgb,phase2_general_xgb,2026-04-24,2026-04-25,0.002021098580043,0.0027526723453774405,0.0015056983640900745,77455.3125,77612.015625,77668.81531355371,ensemble
BTC,phase2_general,xgb,phase2_general_xgb,2026-04-25,2026-04-26,0.0133812250281389,0.0016332383136613917,0.001718433597583786,77612.015625,78657.5390625,77738.8781126568,ensemble
BTC,phase2_general,xgb,phase2_general_xgb,2026-04-26,2026-04-27,-0.0165479947079337,0.0017521073343232003,0.0007781748867656252,78657.5390625,77366.625,78795.47631874283,ensemble
BTC,phase2_general,xgb,phase2_general_xgb,2026-04-27,2026-04-28,-0.0132186544907372,1.859566546046007e-05,0.0030962831307600877,77366.625,76350.671875,77368.06369725303,ensemble
BTC,phase2_general,xgb,phase2_general_xgb,2026-04-28,2026-04-29,-0.0075534590417408,-0.0013167978468118,0.0021199218660536583,76350.671875,75776.1328125,76250.19964000159,ensemble
BTC,phase2_general,xgb,phase2_general_xgb,2026-04-29,2026-04-30,0.0069461868751349,0.0019297277904115403,0.0015059356292348757,75776.1328125,76304.3203125,75922.50130208801,ensemble
BTC,phase2_general,xgb,phase2_general_xgb,2026-04-30,2026-05-01,0.0242715098940353,0.00214723325334484,0.0006956977570259467,76304.3203125,78179.0,76468.33951717506,ensemble
BTC,phase2_general,xgb,phase2_general_xgb,2026-05-01,2026-05-02,0.0060987365147835,0.00278051667846736,0.0006913288975070744,78179.0,78657.25,78396.68050529808,ensemble
BTC,phase2_general,xgb,phase2_general_xgb,2026-05-02,2026-05-03,-0.0015143369624661,0.00191288254573006,0.0011096581587341004,78657.25,78538.2265625,78807.85608056771,ensemble
BTC,phase2_general,xgb,phase2_general_xgb,2026-05-03,2026-05-04,0.0162876768649081,0.0020693454425781597,0.00042873389740768776,78538.2265625,79827.90625,78700.91755758374,ensemble
BTC,phase2_general,xgb,phase2_general_xgb,2026-05-04,2026-05-05,0.0136750438065225,0.00927889794111246,0.0037887547777724078,79827.90625,80927.0546875,80572.06840807616,ensemble
BTC,phase2_general,xgb,phase2_general_xgb,2026-05-05,2026-05-06,0.0061652480572739,-0.0028269263450056,0.001971144128029309,80927.0546875,81427.53125,80698.60292487293,ensemble
BTC,phase2_general,xgb,phase2_general_xgb,2026-05-06,2026-05-07,-0.0175619083509024,0.00010273726074955998,0.0009278224682152366,81427.53125,80009.9921875,81435.89732125647,ensemble
BTC,phase2_general,xgb,phase2_general_xgb,2026-05-07,2026-05-08,0.0022069548930199,-0.00069080083048902,0.001025978482695518,80009.9921875,80186.765625,79954.74030466993,ensemble
BTC,phase2_general,xgb,phase2_general_xgb,2026-05-08,2026-05-09,0.0059384470311886,0.0016822347184642602,0.0009140247228975363,80186.765625,80664.3671875,80321.77211055628,ensemble
BTC,phase2_general,xgb,phase2_general_xgb,2026-05-09,2026-05-10,0.018115146956791,0.00335898455232378,0.0017634491939833735,80664.3671875,82138.9296875,80935.77311978841,ensemble
BTC,phase2_general,xgb,phase2_general_xgb,2026-05-10,2026-05-11,-0.0050117852194884,0.00191532782046118,0.0010715089022816102,82138.9296875,81728.296875,82296.40342344633,ensemble
BTC,phase2_general,xgb,phase2_general_xgb,2026-05-11,2026-05-12,-0.0154227477056674,-0.00302130440250034,0.0017216428742487942,81728.296875,80477.4921875,81481.74345585876,ensemble
BTC,phase2_general,xgb,phase2_general_xgb,2026-05-12,2026-05-13,-0.0150280182312355,0.00025603185495129155,0.0022122220013150017,80477.4921875,79277.1171875,80498.09962707451,ensemble
BTC,phase2_general,xgb,phase2_general_xgb,2026-05-13,2026-05-14,0.0221321436988218,-0.00265604353626256,0.0020710481135124328,79277.1171875,81051.25,79066.8330982905,ensemble
BTC,phase2_general,xgb,phase2_general_xgb,2026-05-14,2026-05-15,-0.0248027751369673,0.0014656880637630401,0.0015699722869569456,81051.25,79065.6796875,81170.13295105682,ensemble
BTC,phase2_general,xgb,phase2_general_xgb,2026-05-15,2026-05-16,-0.0118863908425741,-0.0034665022511034802,0.0009002853683292932,79065.6796875,78131.4375,78792.07283425076,ensemble
BTC,phase2_general,xgb,phase2_general_xgb,2026-05-16,2026-05-17,-0.0090265767978541,0.00205567486118522,0.001380332549746524,78131.4375,77429.3515625,78292.21552899526,ensemble
BTC,phase2_general,xgb,phase2_general_xgb,2026-05-17,2026-05-18,-0.0061558536491211,0.00343223472591486,0.0015874341540348291,77429.3515625,76954.171875,77695.5638619503,ensemble
BTC,phase2_general,xgb,phase2_general_xgb,2026-05-18,2026-05-19,-0.0026448799997123,0.00026013314491136,0.0017373050858340467,76954.171875,76750.90625,76974.19280968535,ensemble
BTC,phase2_general,xgb,phase2_general_xgb,2026-05-19,2026-05-20,0.0091677347836148,0.00186396776989564,0.0015513731486998244,76750.90625,77457.7734375,76894.10087918777,ensemble
BTC,phase2_general,xgb,phase2_general_xgb,2026-05-20,2026-05-21,0.0010503232153248,-0.00590533642098304,0.0010421607710273996,77457.7734375,77539.171875,77001.70716468267,ensemble
BTC,phase2_general,xgb,phase2_general_xgb,2026-05-21,2026-05-22,-0.0268063407026221,0.00291698648943562,0.0017972071012552818,77539.171875,75488.2421875,77765.68279579772,ensemble
BTC,phase2_general,xgb,phase2_general_xgb,2026-05-22,2026-05-23,0.0155775030224184,0.00115007605636488,0.0007095266088212416,75488.2421875,76673.3671875,75575.10934972383,ensemble
BTC,phase2_general,xgb,phase2_general_xgb,2026-05-23,2026-05-24,0.004005847400396,0.00128377710789204,0.0008086726090679768,76673.3671875,76981.125,76771.86191018813,ensemble
BTC,phase2_general,xgb,phase2_general_xgb,2026-05-24,2026-05-25,0.0038740181286936,0.00088261500932274,0.002070167973887922,76981.125,77279.9296875,77049.09968968749,ensemble
BTC,phase2_general,xgb,phase2_general_xgb,2026-05-25,2026-05-26,-0.0189965414050318,-0.000699474186330902,0.0020673345655109697,77279.9296875,75825.734375,77225.89327230408,ensemble
BTC,phase2_general,xgb,phase2_general_xgb,2026-05-26,2026-05-27,-0.0197253107241087,-0.0007316066534258399,0.001712869915203544,75825.734375,74344.703125,75770.28005108002,ensemble
BTC,phase2_general,xgb,phase2_general_xgb,2026-05-27,2026-05-28,-0.0109298026618873,0.00070598679594696,0.0012248175163433082,74344.703125,73536.5546875,74397.20803546082,ensemble
BTC,phase2_general,xgb,phase2_general_xgb,2026-05-28,2026-05-29,-0.0022330998228095,-0.00112209200160576,0.0016139581077336258,73536.5546875,73372.5234375,73454.08618493601,ensemble
BTC,phase2_general,xgb,phase2_general_xgb,2026-05-29,2026-05-30,0.0051970396549028,0.00086430240189654,0.001236868306821789,73372.5234375,73754.8359375,73435.96689895885,ensemble
BTC,phase2_general,xgb,phase2_general_xgb,2026-05-30,2026-05-31,-0.0023775625144765,-0.0006614305559196399,0.0008780034089020161,73754.8359375,73579.6875,73706.06836532323,ensemble
BTC,phase2_general,xgb,phase2_general_xgb,2026-05-31,2026-06-01,-0.0311953863032946,0.0035412552300839997,0.001129560454544656,73579.6875,71319.7734375,73840.71386088704,ensemble
BTC,phase2_general,xgb,phase2_general_xgb,2026-06-01,2026-06-02,-0.0669138485252581,-0.00322143244557078,0.0011956580312242925,71319.7734375,66703.65625,71090.39127328098,ensemble
BTC,phase2_general,xgb,phase2_general_xgb,2026-06-02,2026-06-03,-0.0411522222901916,0.00993145704269404,0.0016909423824352887,66703.65625,64014.3671875,67369.4212828117,ensemble
BTC,phase2_general,xgb,phase2_general_xgb,2026-06-03,2026-06-04,-0.0033296811494371,0.0070554368663578795,0.003479641472791859,64014.3671875,63801.57421875,64467.61355912637,ensemble
BTC,phase2_general,xgb,phase2_general_xgb,2026-06-04,2026-06-05,-0.0461725426252123,6.0006522107899986e-05,0.0020895361351171825,63801.57421875,60922.66796875,63805.40284419397,ensemble
BTC,phase2_general,xgb,phase2_general_xgb,2026-06-05,2026-06-06,-0.0009073630482773,0.0054380336310714,0.002648767403370929,60922.66796875,60867.4140625,61254.86993011599,ensemble
BTC,phase2_general,xgb,phase2_general_xgb,2026-06-06,2026-06-07,0.0382314561194156,0.006100439652800519,0.003183593617858968,60867.4140625,63239.51953125,61239.86695693318,ensemble
BTC,phase2_general,xgb,phase2_general_xgb,2026-06-07,2026-06-08,-0.0023577871851843,0.00581318637123328,0.0051806615691266,63239.51953125,63090.58984375,63608.21324868325,ensemble
BTC,phase2_general,xgb,phase2_general_xgb,2026-06-08,2026-06-09,-0.0231992749169722,-0.00444575096480546,0.0022347398964381393,63090.58984375,61643.78125,62810.72735349976,ensemble
BTC,phase2_general,xgb,phase2_general_xgb,2026-06-09,2026-06-10,-0.0031600860854061,0.009167542029172141,0.0027511155368596762,61643.78125,61449.2890625,62211.50152909635,ensemble
BTC,phase2_general,xgb,phase2_general_xgb,2026-06-10,2026-06-11,0.0337886685240648,-0.00212734601227564,0.0031889213762759075,61449.2890625,63561.0546875,61318.70411139116,ensemble
BTC,phase2_general,xgb,phase2_general_xgb,2026-06-11,2026-06-12,-0.0002809578486747,0.0008802785538137,0.0018431109854694747,63561.0546875,63543.19921875,63617.03075445021,ensemble
BTC,phase2_general,xgb,phase2_general_xgb,2026-06-12,2026-06-13,0.0137247224557035,-0.0010690884790164825,0.0019116986905942778,63543.19921875,64421.32421875,63475.30221696348,ensemble
BTC,phase2_general,xgb,phase2_general_xgb,2026-06-13,2026-06-14,0.0198124847553173,0.00051588360220194,0.0027507254121456443,64421.32421875,65710.3984375,64454.56669743416,ensemble
BTC,phase2_general,xgb,phase2_general_xgb,2026-06-14,2026-06-15,0.0087743291428838,0.00545310806483026,0.002009715804585989,65710.3984375,66289.5,66069.7031144103,ensemble
BTC,phase2_general,xgb,phase2_general_xgb,2026-06-15,2026-06-16,-0.0104460520817153,0.00459458301775154,0.0011883944757404366,66289.5,65600.640625,66594.77337585801,ensemble
BTC,phase2_general,xgb,phase2_general_xgb,2026-06-16,2026-06-17,-0.0181854515308644,0.00378242605365806,0.0017849442424855495,65600.640625,64418.4453125,65849.2400553304,ensemble
BTC,phase2_general,xgb,phase2_general_xgb,2026-06-17,2026-06-18,-0.0239099264595433,-0.0034846080932765602,0.0018743080789956443,64418.4453125,62896.47265625,64194.36292300497,ensemble
BTC,phase2_general,xgb,phase2_general_xgb,2026-06-18,2026-06-19,0.0101927013006599,0.0038511428516357603,0.00288095205134545,62896.47265625,63540.8359375,63139.16297490511,ensemble
BTC,phase2_general,xgb,phase2_general_xgb,2026-06-19,2026-06-20,0.0109382377964082,0.0027052232995628997,0.0009651211067946763,63540.8359375,64239.67578125,63712.96080047589,ensemble
BTC,phase2_general,xgb,phase2_general_xgb,2026-06-20,2026-06-21,-0.0157229253051467,0.00527304331772024,0.002258268810625262,64239.67578125,63237.5390625,64579.30903784012,ensemble
BTC,phase2_general,xgb,phase2_general_xgb,2026-06-21,2026-06-22,0.0112363538248423,-0.00056756241247056,0.0010644924206790482,63237.5390625,63952.10546875,63201.65799560662,ensemble
BTC,phase2_general,xgb,phase2_general_xgb,2026-06-22,2026-06-23,-0.0202831889602721,0.013551895879208981,0.001994976376281373,63952.10546875,62668.01953125,64824.67688760663,ensemble
BTC,phase2_general,xgb,phase2_general_xgb,2026-06-23,2026-06-24,-0.0270571911625371,0.00030548651702700004,0.0006502354474622514,62668.01953125,60995.1328125,62687.16669071621,ensemble
BTC,phase2_general,xgb,phase2_general_xgb,2026-06-24,2026-06-25,-0.0210990381164694,-0.00152673003030936,0.002167205683274517,60995.1328125,59721.67578125,60902.080762286794,ensemble
BTC,phase2_general,xgb,phase2_general_xgb,2026-06-25,2026-06-26,0.004923319948585,0.0011426227400079,0.0023888125014426137,59721.67578125,60016.4296875,59789.95412683559,ensemble
BTC,phase2_general,xgb,phase2_general_xgb,2026-06-26,2026-06-27,-0.0012726617424323,-0.00068653200287372,0.0009505577141033868,60016.4296875,59940.09765625,59975.24062824278,ensemble
BTC,phase2_general,xgb,phase2_general_xgb,2026-06-27,2026-06-28,-0.0068259994404737,0.0007405559532344201,0.0010980985451350858,59940.09765625,59532.33984375,59984.50309273254,ensemble
BTC,phase2_general,xgb,phase2_general_xgb,2026-06-28,2026-06-29,0.0101285301835763,0.00827565565705296,0.0024478549950719057,59532.33984375,60138.37890625,60027.05320403684,ensemble
BTC,phase2_general,xgb,phase2_general_xgb,2026-06-29,2026-06-30,-0.0266158302862621,0.00102864733198656,0.002421947937550231,60138.37890625,58558.859375,60200.271916844526,ensemble
BTC,phase2_general,xgb,phase2_general_xgb,2026-06-30,2026-07-01,0.0243747988918137,-0.0009422159404493998,0.004026222442424462,58558.859375,60003.7578125,58503.71026950547,ensemble
BTC,phase2_general,xgb,phase2_general_xgb,2026-07-01,2026-07-02,0.0243909440883905,-0.0022969137669860873,0.0028302292080509654,60003.7578125,61485.30078125,59866.09251828901,ensemble
BTC,phase2_general,xgb,phase2_general_xgb,2026-07-02,2026-07-03,0.0170753597454698,0.01153478790074582,0.0012509258921340593,61485.30078125,62544.19921875,62198.62680792219,ensemble
BTC,phase2_general,xgb,phase2_general_xgb,2026-07-03,2026-07-04,0.0086619123839713,-0.00287782797822726,0.0016145587232318129,62544.19921875,63088.3046875,62364.466516306224,ensemble
BTC,phase2_general,xgb,phase2_general_xgb,2026-07-04,2026-07-05,0.0072582750905089,-0.0018565673643024551,0.0017529055569357017,63088.3046875,63547.8828125,62971.285660413545,ensemble
BTC,phase2_general,xgb,phase2_general_xgb,2026-07-05,2026-07-06,0.0070115176898403,-0.00310920912306752,0.0021339715686316723,63547.8828125,63995.015625,63350.606001863314,ensemble
BTC,phase2_general,xgb,phase2_general_xgb,2026-07-06,2026-07-07,-0.0109610318081771,0.00847484748810526,0.001627015581730584,63995.015625,63297.39453125,64539.66828666133,ensemble
BTC,phase2_general,xgb,phase2_general_xgb,2026-07-07,2026-07-08,-0.0165639655193486,0.00091414805501694,0.002003913634114205,63297.39453125,62257.57421875,63355.284177170615,ensemble
BTC,phase2_general,xgb,phase2_general_xgb,2026-07-08,2026-07-09,0.0149156823369863,-0.0046990327071398195,0.00182238406836068,62257.57421875,63193.1484375,61965.710117759045,ensemble
BTC,phase2_general,xgb,phase2_general_xgb,2026-07-09,2026-07-10,0.0146718005231559,0.00158974740188562,0.001336879965910093,63193.1484375,64127.140625,63293.68947729914,ensemble
BTC,phase2_general,xgb,phase2_general_xgb,2026-07-10,2026-07-11,-0.0050827186063555,-0.00028301704551269294,0.0008591577952818463,64127.140625,63802.02734375,64108.9941191295,ensemble
BTC,phase2_general,xgb,phase2_general_xgb,2026-07-11,2026-07-12,-0.0006868690961942,0.0006412810285837825,0.0014171022240454714,63802.02734375,63758.21875,63842.95549529167,ensemble
BTC,phase2_general,xgb,phase2_general_xgb,2026-07-12,2026-07-13,-0.0241143387714378,0.00421206196770068,0.0015218425400674229,63758.21875,62239.12109375,64027.33869538682,ensemble
BTC,phase2_general,xgb,phase2_general_xgb,2026-07-13,2026-07-14,0.0427281030442609,0.00967851169407364,0.0024197335416087265,62239.12109375,64956.11328125,62844.42766334504,ensemble
BTC,phase2_general,xgb,phase2_general_xgb,2026-07-14,2026-07-15,-0.0037594109647903,-0.001145603437908,0.002465121296470783,64956.11328125,64712.375,64881.74194272619,ensemble
BTC,phase2_general,xgb,phase2_general_xgb,2026-07-15,2026-07-16,-0.0143672798551762,-0.00393216218799346,0.0013496258824198964,64712.375,63789.28125,64458.41507895429,ensemble
BTC,phase2_general,xgb,phase2_general_xgb,2026-07-16,2026-07-17,0.0017257545646935,3.140234621240002e-05,0.0019116939271816083,63789.28125,63899.4609375,63791.28441454632,ensemble
BTC,phase2_general,xgb,phase2_general_xgb,2026-07-17,2026-07-18,0.0139422316447508,-0.001392563329136421,0.0012676786955470591,63899.4609375,64796.6015625,63810.53882065644,ensemble
BTC,phase2_general,xgb,phase2_general_xgb,2026-07-18,2026-07-19,-0.0016340878484766,0.00355275566689664,0.0005081000606731993,64796.6015625,64690.8046875,65027.21747431976,ensemble
BTC,phase2_general,xgb,phase2_general_xgb,2026-07-19,2026-07-20,0.0083008358863908,0.0037035883404314004,0.0013192712089172528,64690.8046875,65230.02734375,64930.8370135676,ensemble
BTC,phase2_general,xgb,phase2_general_xgb,2026-07-20,2026-07-21,0.0193591073637143,0.006285426672548,0.0017167321931704394,65230.02734375,66505.125,65641.3171092448,ensemble
BTC,phase2_general,xgb,phase2_general_xgb,2026-07-21,2026-07-22,-0.0060982099788692,0.00442131189629432,0.0018407967483830608,66505.125,66100.796875,66799.81588042346,ensemble
BTC,phase2_general,xgb,phase2_general_xgb,2026-07-22,2026-07-23,-0.016104346952909,0.006405189819633899,0.002428294148546819,66100.796875,65044.8125,66525.5438666124,ensemble
BTC,phase2_general,xgb,phase2_general_xgb,2026-07-23,2026-07-24,-0.0146555536542276,-0.00110351264011112,0.0012674573395337503,65044.8125,64098.49609375,64973.074316508595,ensemble
BTC,phase2_general,xgb,phase2_general_xgb,2026-07-24,2026-07-25,0.003322421771433,0.00075682211900126,0.001343104532435242,64098.49609375,64311.8125,64147.02561517969,ensemble
BTC,phase2_general,xgb,phase2_general_xgb,2026-07-25,2026-07-26,0.0158656859403964,-0.0010849457932636,0.002181250725234148,64311.8125,65340.30078125,64242.07550684031,ensemble
BTC,phase2_general,xgb,phase2_general_xgb,2026-07-26,2026-07-27,-0.0250336529885953,0.0039429100695997,0.000974416769041439,65340.30078125,63724.8984375,65598.44028714839,ensemble
BTC,phase2_general,xgb,phase2_general_xgb,2026-07-27,2026-07-28,0.0022957554728576,0.00283634164370592,0.0015504055644324436,63724.8984375,63871.36328125,63905.90059130809,ensemble
BTC,phase2_general,xgb,phase2_general_xgb,2026-07-28,2026-07-29,0.0005760654802496,0.00321054928936058,0.0004586212746916572,63871.36328125,63908.16796875,64076.7549748961,ensemble
BTC,phase2_general,xgb,phase2_general_xgb,2026-07-29,2026-07-30,0.0127051159419568,3.822269500227997e-05,0.0012750234144216735,63908.16796875,64725.30859375,63910.61075784711,ensemble
BTC,phase2_general,xgb,phase2_general_xgb,2026-07-30,2026-07-31,-0.0299783570286374,-5.0581421237440026e-05,0.0009100751671915865,64725.30859375,62813.74609375,64722.03477844911,ensemble
BTC,phase2_general,xgb,phase2_general_xgb,2026-07-31,2026-08-01,-0.0008031049841085,0.00084193260408936,0.0009379423394312794,62813.74609375,62763.3203125,62866.65330359852,ensemble
BTC,phase2_general,xgb,phase2_general_xgb,2026-08-01,2026-08-02,0.0113855697670751,0.0030427822843193597,0.0013791230522079633,62763.3203125,63482.0,62954.58627442219,ensemble
BTC,phase2_general,xgb,phase2_general_xgb,2026-08-02,2026-08-03,-0.0003324575530272,0.00717213172465556,0.0012739124018435665,63482.0,63460.8984375,63938.93791689075,ensemble
BTC,phase2_general,xgb,phase2_general_xgb,2026-08-03,2026-08-04,0.0093330253934836,0.00450321452226486,0.0021913751077446385,63460.8984375,64055.953125,63747.3209038161,ensemble
BTC,phase2_general,xgb,phase2_general_xgb,2026-08-04,2026-08-05,0.0084187413608024,-0.00024014672962948004,0.001151614734495085,64055.953125,64597.5,64040.57214426376,ensemble
BTC,phase2_general,xgb,phase2_general_xgb,2026-08-05,2026-08-06,-0.0052054707838791,-0.00667920457199212,0.0017472703966806902,64597.5,64262.11328125,64167.47778450459,ensemble
BTC,phase2_general,xgb,phase2_general_xgb,2026-08-06,2026-08-07,0.0095721203953674,0.00161721833283078,0.001652796968705003,64262.11328125,64880.19140625,64366.12322968367,ensemble
BTC,phase2_general,xgb,phase2_general_xgb,2026-08-07,2026-08-08,0.0003774876433575,0.00299163009040054,0.0004427944076533989,64880.19140625,64904.6875,65074.57956288245,ensemble
BTC,phase2_general,xgb,phase2_general_xgb,2026-08-08,2026-08-09,-0.0009217877722439,0.00250481853727246,0.0014388202542494628,64904.6875,64844.88671875,65067.465744280285,ensemble
BTC,phase2_general,xgb,phase2_general_xgb,2026-08-09,2026-08-10,-0.0145130480455691,-0.00044934514444318005,0.001380777111892275,64844.88671875,63910.5859375,64815.7555292304,ensemble
BTC,phase2_general,xgb,phase2_general_xgb,2026-08-10,2026-08-11,-0.0056285102588139,0.0021117128664627,0.0009694530307775286,63910.5859375,63551.875,64045.68934372211,ensemble
BTC,phase2_general,xgb,phase2_general_xgb,2026-08-11,2026-08-12,-0.0023542560615523,0.00823795562610028,0.0015002812634743788,63551.875,63402.43359375,64077.574899426545,ensemble
BTC,phase2_general,xgb,phase2_general_xgb,2026-08-12,2026-08-13,-4.127906065128786e-06,-0.00047746678028486,0.0004594751116573994,63402.43359375,63402.171875,63372.16826383956,ensemble
BTC,phase2_general,xgb,phase2_general_xgb,2026-08-13,2026-08-14,-0.0067508670210942,0.00555688403546806,0.00043870860515471096,63402.171875,62975.59375,63755.471104003285,ensemble
BTC,phase2_general,xgb,phase2_general_xgb,2026-08-14,2026-08-15,0.0007734380660748,0.0009276423126720441,0.0006960239396062459,62975.59375,63024.3203125,63034.039679695685,ensemble
BTC,phase2_general,xgb,phase2_general_xgb,2026-08-15,2026-08-16,-0.0032686473868631,0.00228407719259842,0.0014528156409537281,63024.3203125,62818.65234375,63168.43724955435,ensemble
BTC,phase2_general,xgb,phase2_general_xgb,2026-08-16,2026-08-17,0.0265101376702319,0.00103751899296182,0.0015289784043734493,62818.65234375,64506.25390625,62883.86171079779,ensemble
BTC,phase2_general,xgb,phase2_general_xgb,2026-08-17,2026-08-18,0.0027008473728006,0.00127904079854486,0.0015410894928337992,64506.25390625,64680.7109375,64588.812823614026,ensemble
BTC,phase2_general,xgb,phase2_general_xgb,2026-08-18,2026-08-19,0.0684938460027011,0.00135196043411266,0.0010473222178346696,64680.7109375,69266.1875,64768.21583779084,ensemble
BTC,phase2_general,xgb,phase2_general_xgb,2026-08-19,2026-08-20,0.052951205389763,0.00055903015891088,0.002378521256079632,69266.1875,73032.7578125,69304.92021317396,ensemble
BTC,phase2_general,xgb,phase2_general_xgb,2026-08-20,2026-08-21,0.0700888177551632,0.01003369912505144,0.0027256329834271335,73032.7578125,78335.1875,73769.23514792656,ensemble
BTC,phase2_general,xgb,phase2_general_xgb,2026-08-21,2026-08-22,-0.0161087603875064,0.00680996244773264,0.0013222713515300484,78335.1875,77083.4140625,78870.46773570344,ensemble
BTC,phase2_general,xgb,phase2_general_xgb,2026-08-22,2026-08-23,0.0086781388253158,-0.00043873699614778005,0.001074081747739897,77083.4140625,77755.265625,77049.60213477557,ensemble
BTC,phase2_general,xgb,phase2_general_xgb,2026-08-23,2026-08-24,0.0154319126625293,0.00868335729464882,0.0031013066358417303,77755.265625,78964.484375,78433.38228170415,ensemble
BTC,phase2_general,xgb,phase2_general_xgb,2026-08-24,2026-08-25,-0.0050721771868308,0.0008870298624969999,0.0016978257535180553,78964.484375,78564.9765625,79034.55930540053,ensemble
BTC,phase2_general,xgb,phase2_general_xgb,2026-08-25,2026-08-26,0.0058688952570538,0.009025382623076419,0.0031202058443934046,78564.9765625,79027.421875,79277.26503967332,ensemble
BTC,phase2_general,xgb,phase2_general_xgb,2026-08-26,2026-08-27,0.0154457977224057,-0.00113640209892758,0.0011034102129560423,79027.421875,80257.5390625,78937.6659559751,ensemble
BTC,phase2_general,xgb,phase2_general_xgb,2026-08-27,2026-08-28,-0.0307100273130926,0.00281199740711596,0.001283939830095268,80257.5390625,77830.2890625,80483.54066328054,ensemble
BTC,phase2_general,xgb,phase2_general_xgb,2026-08-28,2026-08-29,0.0053246386227652,0.005761797633022,0.002980427338243318,77830.2890625,78245.8125,78280.02583973923,ensemble
BTC,phase2_general,xgb,phase2_general_xgb,2026-08-29,2026-08-30,-0.007417513856522,0.00610805880278344,0.0015397912376658605,78245.8125,77667.5703125,78725.20511250901,ensemble
BTC,phase2_general,xgb,phase2_general_xgb,2026-08-30,2026-08-31,0.0112801594802717,0.00066768458345904,0.0014223588268099676,77667.5703125,78548.6328125,77719.44506789243,ensemble
BTC,phase3_crypto,lstm,phase3_crypto_lstm,2025-10-31,2025-11-01,0.004624825172493095,0.000407822595025209,0.0008011874909679634,109556.1640625,110064.015625,109600.85265351817,ensemble
BTC,phase3_crypto,lstm,phase3_crypto_lstm,2025-11-01,2025-11-02,0.005216141233319792,0.00039561569719808175,0.0007974788765174635,110064.015625,110639.625,110107.56729157135,ensemble
BTC,phase3_crypto,lstm,phase3_crypto_lstm,2025-11-02,2025-11-03,-0.03768718290100999,0.0004460578216821887,0.0008062889299717428,110639.625,106547.5234375,110688.98767860522,ensemble
BTC,phase3_crypto,lstm,phase3_crypto_lstm,2025-11-03,2025-11-04,-0.04764085753760775,0.0005928624639636837,0.0008589592464346766,106547.5234375,101590.5234375,106610.71019345152,ensemble
BTC,phase3_crypto,lstm,phase3_crypto_lstm,2025-11-04,2025-11-05,0.022400061321748738,0.0008122280138195493,0.0008857704744329847,101590.5234375,103891.8359375,101673.07162601194,ensemble
BTC,phase3_crypto,lstm,phase3_crypto_lstm,2025-11-05,2025-11-06,-0.025251182491850755,0.001090170683892211,0.000901390617112676,103891.8359375,101301.2890625,104005.15753005052,ensemble
BTC,phase3_crypto,lstm,phase3_crypto_lstm,2025-11-06,2025-11-07,0.02023892596873405,0.0014189464680384844,0.0008525728079535762,101301.2890625,103372.40625,101445.13219754261,ensemble
BTC,phase3_crypto,lstm,phase3_crypto_lstm,2025-11-07,2025-11-08,-0.010603212214200236,0.0017071955604478716,0.0008955581570105016,103372.40625,102282.1171875,103549.03388908478,ensemble
BTC,phase3_crypto,lstm,phase3_crypto_lstm,2025-11-08,2025-11-09,0.023551839699680072,0.0018796626362018287,0.0009430168820270099,102282.1171875,104719.640625,102474.55386288457,ensemble
BTC,phase3_crypto,lstm,phase3_crypto_lstm,2025-11-09,2025-11-10,0.01212026933646231,0.001859655696898699,0.0008966325828167372,104719.640625,105996.59375,104914.56429054232,ensemble
BTC,phase3_crypto,lstm,phase3_crypto_lstm,2025-11-10,2025-11-11,-0.028702546476841843,0.0017627588589675725,0.000872644636353574,105996.59375,102997.46875,106183.60496406507,ensemble
BTC,phase3_crypto,lstm,phase3_crypto_lstm,2025-11-11,2025-11-12,-0.013039146642676998,0.0016661228437442333,0.0008316318978132018,102997.46875,101663.1875,103169.21822366207,ensemble
BTC,phase3_crypto,lstm,phase3_crypto_lstm,2025-11-12,2025-11-13,-0.019524742976585432,0.001585880998754874,0.0008325845216884947,101663.1875,99697.4921875,101824.54112733765,ensemble
BTC,phase3_crypto,lstm,phase3_crypto_lstm,2025-11-13,2025-11-14,-0.05462287113659148,0.0015303951397072524,0.0008150426205247673,99697.4921875,94397.7890625,99850.18555577703,ensemble
BTC,phase3_crypto,lstm,phase3_crypto_lstm,2025-11-14,2025-11-15,0.01212310649874722,0.0015075964736752212,0.0007940297243164864,94397.7890625,95549.1484375,94540.21016621511,ensemble
BTC,phase3_crypto,lstm,phase3_crypto_lstm,2025-11-15,2025-11-16,-0.014463938461922525,0.0014806528575718402,0.000716904544320611,95549.1484375,94177.078125,95690.7283466552,ensemble
BTC,phase3_crypto,lstm,phase3_crypto_lstm,2025-11-16,2025-11-17,-0.02236838271634354,0.0014883829979225993,0.0006726675442492941,94177.078125,92093.875,94317.35405313259,ensemble
BTC,phase3_crypto,lstm,phase3_crypto_lstm,2025-11-17,2025-11-18,0.009241173563305538,0.0015351310721598566,0.0006616242511818831,92093.875,92948.875,92235.35974009293,ensemble
BTC,phase3_crypto,lstm,phase3_crypto_lstm,2025-11-18,2025-11-19,-0.016082377699808928,0.0015989355044439435,0.0006293215099444737,92948.875,91465.9921875,93097.61313599028,ensemble
BTC,phase3_crypto,lstm,phase3_crypto_lstm,2025-11-19,2025-11-20,-0.05429914313161118,0.0016070355894044041,0.0006115111484463857,91465.9921875,86631.8984375,91613.09946382027,ensemble
BTC,phase3_crypto,lstm,phase3_crypto_lstm,2025-11-20,2025-11-21,-0.017950490472289502,0.0016394645674154163,0.0005814448147372616,86631.8984375,85090.6875,86774.04485556517,ensemble
BTC,phase3_crypto,lstm,phase3_crypto_lstm,2025-11-21,2025-11-22,-0.00521187239368071,0.0017026904504746198,0.0005284460677315871,85090.6875,84648.359375,85235.69401660308,ensemble
BTC,phase3_crypto,lstm,phase3_crypto_lstm,2025-11-22,2025-11-23,0.025158586579000386,0.001752719096839428,0.0004601219672063635,84648.359375,86805.0078125,84796.85426789497,ensemble
BTC,phase3_crypto,lstm,phase3_crypto_lstm,2025-11-23,2025-11-24,0.016742357810839485,0.0018330231076106429,0.000434714389391658,86805.0078125,88270.5625,86964.26931809372,ensemble
BTC,phase3_crypto,lstm,phase3_crypto_lstm,2025-11-24,2025-11-25,-0.01057647695675446,0.00187607838306576,0.00045566624818874817,88270.5625,87341.890625,88436.32043298699,ensemble
BTC,phase3_crypto,lstm,phase3_crypto_lstm,2025-11-25,2025-11-26,0.0357225879133364,0.001930988719686866,0.0005613631032330746,87341.890625,90518.3671875,87510.70977203072,ensemble
BTC,phase3_crypto,lstm,phase3_crypto_lstm,2025-11-26,2025-11-27,0.008437806108495432,0.0019716339418664576,0.0006834764347657498,90518.3671875,91285.375,90697.01232614745,ensemble
BTC,phase3_crypto,lstm,phase3_crypto_lstm,2025-11-27,2025-11-28,-0.004018666774419681,0.002010446973145008,0.0008105157434696267,91285.375,90919.265625,91469.08401259758,ensemble
BTC,phase3_crypto,lstm,phase3_crypto_lstm,2025-11-28,2025-11-29,-0.00074277862694653,0.002039829734712839,0.0009561327752065104,90919.265625,90851.7578125,91104.91472838842,ensemble
BTC,phase3_crypto,lstm,phase3_crypto_lstm,2025-11-29,2025-11-30,-0.005047792573132774,0.0020232594222761692,0.0011270469003454753,90851.7578125,90394.3125,91035.76056740915,ensemble
BTC,phase3_crypto,lstm,phase3_crypto_lstm,2025-11-30,2025-12-01,-0.04610183805407602,0.001969422784168273,0.0012878978444054209,90394.3125,86321.5703125,90572.51253660524,ensemble
BTC,phase3_crypto,lstm,phase3_crypto_lstm,2025-12-01,2025-12-02,0.05662099387030378,0.0019269969896413385,0.0014041350112905984,86321.5703125,91350.203125,86488.07209132376,ensemble
BTC,phase3_crypto,lstm,phase3_crypto_lstm,2025-12-02,2025-12-03,0.023558262011831657,0.0019462164957076312,0.0014357689100499382,91350.203125,93527.8046875,91528.16351575957,ensemble
BTC,phase3_crypto,lstm,phase3_crypto_lstm,2025-12-03,2025-12-04,-0.014931972865932171,0.0019648549088742582,0.0014133634350122768,93527.8046875,92141.625,93711.75391124372,ensemble
BTC,phase3_crypto,lstm,phase3_crypto_lstm,2025-12-04,2025-12-05,-0.030343059975675362,0.0020061445771716534,0.0013791155138164282,92141.625,89387.7578125,92326.65996271117,ensemble
BTC,phase3_crypto,lstm,phase3_crypto_lstm,2025-12-05,2025-12-06,-0.0012916460625568118,0.002056415693368763,0.0013991455464686209,89387.7578125,89272.375,89571.76533359276,ensemble
BTC,phase3_crypto,lstm,phase3_crypto_lstm,2025-12-06,2025-12-07,0.012614572226014349,0.002103158656973392,0.0014537443330987204,89272.375,90405.640625,89460.32654498918,ensemble
BTC,phase3_crypto,lstm,phase3_crypto_lstm,2025-12-07,2025-12-08,0.002591195979813834,0.002171504183206707,0.001493090554148026,90405.640625,90640.203125,90602.17015692625,ensemble
BTC,phase3_crypto,lstm,phase3_crypto_lstm,2025-12-08,2025-12-09,0.022381192698197744,0.002321363030932844,0.0015526879003403859,90640.203125,92691.7109375,90850.8563483571,ensemble
BTC,phase3_crypto,lstm,phase3_crypto_lstm,2025-12-09,2025-12-10,-0.007262832846635849,0.0024283822858706117,0.0015150792009363345,92691.7109375,92020.9453125,92917.07537113833,ensemble
BTC,phase3_crypto,lstm,phase3_crypto_lstm,2025-12-10,2025-12-11,0.0053149701081481185,0.0024862676160410046,0.0014884517866332228,92020.9453125,92511.3359375,92250.0186596484,ensemble
BTC,phase3_crypto,lstm,phase3_crypto_lstm,2025-12-11,2025-12-12,-0.024521421452147512,0.0024585715727880597,0.0014196421384475575,92511.3359375,90270.4140625,92739.06150328915,ensemble
BTC,phase3_crypto,lstm,phase3_crypto_lstm,2025-12-12,2025-12-13,0.0003134187556330964,0.0024173207115381957,0.0013858541460950175,90270.4140625,90298.7109375,90488.89056154763,ensemble
BTC,phase3_crypto,lstm,phase3_crypto_lstm,2025-12-13,2025-12-14,-0.02379767101791624,0.002346894331276417,0.0013671905079277271,90298.7109375,88175.1796875,90510.8813436979,ensemble
BTC,phase3_crypto,lstm,phase3_crypto_lstm,2025-12-14,2025-12-15,-0.020108914713088392,0.00223805436398834,0.0012812633580736694,88175.1796875,86419.78125,88372.74152780074,ensemble
BTC,phase3_crypto,lstm,phase3_crypto_lstm,2025-12-15,2025-12-16,0.016345736935078115,0.002202286245301366,0.0011923610006446578,86419.78125,87843.984375,86610.31207026397,ensemble
BTC,phase3_crypto,lstm,phase3_crypto_lstm,2025-12-16,2025-12-17,-0.019544833040854463,0.002212111710105091,0.001154721638220484,87843.984375,86143.7578125,88038.52016962381,ensemble
BTC,phase3_crypto,lstm,phase3_crypto_lstm,2025-12-17,2025-12-18,-0.007939728497768105,0.0022104028263129293,0.0010918169442865342,86143.7578125,85462.5078125,86334.38081743897,ensemble
BTC,phase3_crypto,lstm,phase3_crypto_lstm,2025-12-18,2025-12-19,0.030433154968407768,0.0022601477801799776,0.0010563171194073915,85462.5078125,88103.3828125,85655.88415706082,ensemble
BTC,phase3_crypto,lstm,phase3_crypto_lstm,2025-12-19,2025-12-20,0.002727355122150639,0.0023161417338997126,0.0010187938392454683,88103.3828125,88344.0,88307.67923273305,ensemble
BTC,phase3_crypto,lstm,phase3_crypto_lstm,2025-12-20,2025-12-21,0.0031390280669266876,0.0024022382684051992,0.001044381479836144,88344.0,88621.75,88556.47844733272,ensemble
BTC,phase3_crypto,lstm,phase3_crypto_lstm,2025-12-21,2025-12-22,-0.0014875849588890807,0.002435555192641914,0.001014719253829454,88621.75,88490.015625,88837.8562258866,ensemble
BTC,phase3_crypto,lstm,phase3_crypto_lstm,2025-12-22,2025-12-23,-0.012234274952953525,0.002426358638331294,0.0010287649493138972,88490.015625,87414.0,88704.98482954684,ensemble
BTC,phase3_crypto,lstm,phase3_crypto_lstm,2025-12-23,2025-12-24,0.002262076104062497,0.002426142548210919,0.0011173922976108887,87414.0,87611.9609375,87626.33629962093,ensemble
BTC,phase3_crypto,lstm,phase3_crypto_lstm,2025-12-24,2025-12-25,-0.0043148578556266,0.002344396011903882,0.0011495370395637745,87611.9609375,87234.7421875,87817.599023686,ensemble
BTC,phase3_crypto,lstm,phase3_crypto_lstm,2025-12-25,2025-12-26,0.0007641682813230021,0.0022870514541864393,0.0012169249294613149,87234.7421875,87301.4296875,87434.48085071276,ensemble
BTC,phase3_crypto,lstm,phase3_crypto_lstm,2025-12-26,2025-12-27,0.00571921956587603,0.002200533275026828,0.001291918596042004,87301.4296875,87802.15625,87493.75091550846,ensemble
BTC,phase3_crypto,lstm,phase3_crypto_lstm,2025-12-27,2025-12-28,0.0003835125589097617,0.002097185072489083,0.0013643380568455815,87802.15625,87835.8359375,87986.48684154236,ensemble
BTC,phase3_crypto,lstm,phase3_crypto_lstm,2025-12-28,2025-12-29,-0.007974888882579774,0.00199559306493029,0.0014084691124434826,87835.8359375,87138.140625,88011.29553730044,ensemble
BTC,phase3_crypto,lstm,phase3_crypto_lstm,2025-12-29,2025-12-30,0.01471809780879094,0.0019089084584265948,0.0014459236950114286,87138.140625,88430.1328125,87304.63822246788,ensemble
BTC,phase3_crypto,lstm,phase3_crypto_lstm,2025-12-30,2025-12-31,-0.010473099349299821,0.0018196295481175185,0.0014513410143840654,88430.1328125,87508.828125,88591.18938231736,ensemble
BTC,phase3_crypto,lstm,phase3_crypto_lstm,2025-12-31,2026-01-01,0.013880733660550057,0.001690792595036328,0.0014659327787995052,87508.828125,88731.984375,87656.91255834732,ensemble
BTC,phase3_crypto,lstm,phase3_crypto_lstm,2026-01-01,2026-01-02,0.013574570130194884,0.001595163531601429,0.0014130817520967918,88731.984375,89944.6953125,88873.63935195097,ensemble
BTC,phase3_crypto,lstm,phase3_crypto_lstm,2026-01-02,2026-01-03,0.007294409627148249,0.001476647111121565,0.0013024335157961597,89944.6953125,90603.1875,90077.60999688471,ensemble
BTC,phase3_crypto,lstm,phase3_crypto_lstm,2026-01-03,2026-01-04,0.008903689947606831,0.0013447973062284291,0.0011285891778300126,90603.1875,91413.4921875,90725.1123862401,ensemble
BTC,phase3_crypto,lstm,phase3_crypto_lstm,2026-01-04,2026-01-05,0.02665149838136465,0.0012031282938551157,0.0010129311839049407,91413.4921875,93882.5546875,91523.54053425598,ensemble
BTC,phase3_crypto,lstm,phase3_crypto_lstm,2026-01-05,2026-01-06,-0.00163660971149983,0.0010776190407341345,0.0009323091102173682,93882.5546875,93729.03125,93983.77884676906,ensemble
BTC,phase3_crypto,lstm,phase3_crypto_lstm,2026-01-06,2026-01-07,-0.026168967250151644,0.0009333910609711892,0.0009066261820994631,93729.03125,91308.0546875,93816.5579318789,ensemble
BTC,phase3_crypto,lstm,phase3_crypto_lstm,2026-01-07,2026-01-08,-0.003081466892755565,0.0008299625653307885,0.0009190318159666191,91308.0546875,91027.125,91383.86841172838,ensemble
BTC,phase3_crypto,lstm,phase3_crypto_lstm,2026-01-08,2026-01-09,-0.005662930149506993,0.0007638588431291282,0.0009434789323838206,91027.125,90513.1015625,91096.68343742748,ensemble
BTC,phase3_crypto,lstm,phase3_crypto_lstm,2026-01-09,2026-01-10,-0.0013980466595052143,0.0007189371390268207,0.0009690780324072154,90513.1015625,90386.6484375,90578.19819016954,ensemble
BTC,phase3_crypto,lstm,phase3_crypto_lstm,2026-01-10,2026-01-11,0.004865110901100388,0.0007075249101035297,0.0009773790298472803,90386.6484375,90827.4609375,90450.62187154067,ensemble
BTC,phase3_crypto,lstm,phase3_crypto_lstm,2026-01-11,2026-01-12,0.004016380962680633,0.0006676764111034572,0.0009782472990763143,90827.4609375,91192.9921875,90888.12454022304,ensemble
BTC,phase3_crypto,lstm,phase3_crypto_lstm,2026-01-12,2026-01-13,0.044280285031478225,0.0006696214899420738,0.0009189448108945302,91192.9921875,95321.78125,91254.07742451207,ensemble
BTC,phase3_crypto,lstm,phase3_crypto_lstm,2026-01-13,2026-01-14,0.016723797821879046,0.0007025910657830536,0.0008727225021120303,95321.78125,96929.328125,95388.7770144376,ensemble
BTC,phase3_crypto,lstm,phase3_crypto_lstm,2026-01-14,2026-01-15,-0.014320038274756287,0.0007883314276114107,0.0008996908034740311,96929.328125,95551.1875,97005.77068769661,ensemble
BTC,phase3_crypto,lstm,phase3_crypto_lstm,2026-01-15,2026-01-16,-0.00027287855188963723,0.0008879982284270227,0.0009488952214931587,95551.1875,95525.1171875,95636.07446938525,ensemble
BTC,phase3_crypto,lstm,phase3_crypto_lstm,2026-01-16,2026-01-17,-0.004461072057980408,0.0010041395609732718,0.000972731433454458,95525.1171875,95099.921875,95621.08591166712,ensemble
BTC,phase3_crypto,lstm,phase3_crypto_lstm,2026-01-17,2026-01-18,-0.015529993658124637,0.0011143200506921857,0.0009827013805711981,95099.921875,93634.4296875,95205.95268992448,ensemble
BTC,phase3_crypto,lstm,phase3_crypto_lstm,2026-01-18,2026-01-19,-0.011610285761608208,0.001271233936859062,0.0009593418112347006,93634.4296875,92553.59375,93753.53664253879,ensemble
BTC,phase3_crypto,lstm,phase3_crypto_lstm,2026-01-19,2026-01-20,-0.046924255054821146,0.0014611016435083003,0.0008513993467570867,92553.59375,88310.90625,92688.92279861316,ensemble
BTC,phase3_crypto,lstm,phase3_crypto_lstm,2026-01-20,2026-01-21,0.011999327760148781,0.0016814233036711811,0.0007608997969734315,88310.90625,89376.9609375,88459.51917133864,ensemble
BTC,phase3_crypto,lstm,phase3_crypto_lstm,2026-01-21,2026-01-22,0.0009560777691027553,0.0018886192701756954,0.0007634531844983246,89376.9609375,89462.453125,89545.91948720143,ensemble
BTC,phase3_crypto,lstm,phase3_crypto_lstm,2026-01-22,2026-01-23,0.00046290133092210693,0.0021435533184558154,0.0008409114082754402,89462.453125,89503.875,89654.42634217978,ensemble
BTC,phase3_crypto,lstm,phase3_crypto_lstm,2026-01-23,2026-01-24,-0.004402117623558332,0.002353386615868658,0.0009068024125054659,89503.875,89110.734375,89714.76027144997,ensemble
BTC,phase3_crypto,lstm,phase3_crypto_lstm,2026-01-24,2026-01-25,-0.028900838361794738,0.0025369553128257393,0.0009367917194778316,89110.734375,86572.21875,89337.09133334104,ensemble
BTC,phase3_crypto,lstm,phase3_crypto_lstm,2026-01-25,2026-01-26,0.01938894055131375,0.002696977206505835,0.0008601499910909866,86572.21875,88267.140625,86806.01718349372,ensemble
BTC,phase3_crypto,lstm,phase3_crypto_lstm,2026-01-26,2026-01-27,0.00942027656458104,0.0027820311719551683,0.0007780115271691505,88267.140625,89102.5703125,88513.04445914229,ensemble
BTC,phase3_crypto,lstm,phase3_crypto_lstm,2026-01-27,2026-01-28,0.0009198645005418251,0.002809183392673731,0.0007825978280953725,89102.5703125,89184.5703125,89353.22767968422,ensemble
BTC,phase3_crypto,lstm,phase3_crypto_lstm,2026-01-28,2026-01-29,-0.053227949504083015,0.0027618173509836195,0.0008388887913633234,89184.5703125,84561.5859375,89431.222253253,ensemble
BTC,phase3_crypto,lstm,phase3_crypto_lstm,2026-01-29,2026-01-30,-0.005132847429550004,0.002707550022751093,0.000889195006493491,84561.5859375,84128.65625,84790.8508945403,ensemble
BTC,phase3_crypto,lstm,phase3_crypto_lstm,2026-01-30,2026-01-31,-0.06770691927198588,0.0027068262454122303,0.000937686378147169,84128.65625,78621.1171875,84356.6863844755,ensemble
BTC,phase3_crypto,lstm,phase3_crypto_lstm,2026-01-31,2026-02-01,-0.021166842147211495,0.002749895257875323,0.0009694989784022445,78621.1171875,76974.4453125,78837.61456094502,ensemble
BTC,phase3_crypto,lstm,phase3_crypto_lstm,2026-02-01,2026-02-02,0.022026908157821636,0.0027468934655189513,0.0009598192127118515,76974.4453125,78688.765625,77186.17658182743,ensemble
BTC,phase3_crypto,lstm,phase3_crypto_lstm,2026-02-02,2026-02-03,-0.03960046937497693,0.0027359949424862863,0.0009560900676331753,78688.765625,75633.546875,78904.35247756533,ensemble
BTC,phase3_crypto,lstm,phase3_crypto_lstm,2026-02-03,2026-02-04,-0.035170615941758965,0.0026514036348089577,0.000981066226657165,75633.546875,73019.703125,75834.34802090694,ensemble
BTC,phase3_crypto,lstm,phase3_crypto_lstm,2026-02-04,2026-02-05,-0.1523344080304475,0.0025516624795272947,0.0010640151730532215,73019.703125,62702.09765625,73206.26267901357,ensemble
BTC,phase3_crypto,lstm,phase3_crypto_lstm,2026-02-05,2026-02-06,0.118003181433477,0.0025600878754630683,0.001089962983674557,62702.09765625,70555.390625,62862.82618802335,ensemble
BTC,phase3_crypto,lstm,phase3_crypto_lstm,2026-02-06,2026-02-07,-0.018213402812750957,0.0024993218248710036,0.0010644793622939174,70555.390625,69281.96875,70731.9518023443,ensemble
BTC,phase3_crypto,lstm,phase3_crypto_lstm,2026-02-07,2026-02-08,0.01408523588474713,0.002427979419007897,0.0011053877523844269,69281.96875,70264.7265625,69450.38832112229,ensemble
BTC,phase3_crypto,lstm,phase3_crypto_lstm,2026-02-08,2026-02-09,-0.0020507154219692207,0.0023963345680385827,0.0011975108130781783,70264.7265625,70120.78125,70433.30626168454,ensemble
BTC,phase3_crypto,lstm,phase3_crypto_lstm,2026-02-09,2026-02-10,-0.01910323758989731,0.0023629557341337203,0.0012098678994682992,70120.78125,68793.9609375,70286.66946820762,ensemble
BTC,phase3_crypto,lstm,phase3_crypto_lstm,2026-02-10,2026-02-11,-0.026543221212374526,0.0006243962969165295,0.0012963223321703658,68793.9609375,66991.96875,68836.92904512724,ensemble
BTC,phase3_crypto,lstm,phase3_crypto_lstm,2026-02-11,2026-02-12,-0.01156236827483507,0.0009951688349246978,0.001383535694512194,66991.96875,66221.84375,67058.67025361418,ensemble
BTC,phase3_crypto,lstm,phase3_crypto_lstm,2026-02-12,2026-02-13,0.03903376935715579,0.001358957088086754,0.0015290071957397191,66221.84375,68857.84375,66311.89756972954,ensemble
BTC,phase3_crypto,lstm,phase3_crypto_lstm,2026-02-13,2026-02-14,0.013125933067848304,0.0017644154489971698,0.0017604441826009826,68857.84375,69767.625,68979.44483917032,ensemble
BTC,phase3_crypto,lstm,phase3_crypto_lstm,2026-02-14,2026-02-15,-0.014138040068878806,0.002165131564834155,0.0019655493543621677,69767.625,68788.1875,69918.84473332601,ensemble
BTC,phase3_crypto,lstm,phase3_crypto_lstm,2026-02-15,2026-02-16,0.0007987824782500607,0.0025886254210490734,0.002188006683905779,68788.1875,68843.15625,68966.48502401795,ensemble
BTC,phase3_crypto,lstm,phase3_crypto_lstm,2026-02-16,2026-02-17,-0.019788873300286218,0.0029587886878289283,0.0023419079642260235,68843.15625,67494.21875,69047.15024068204,ensemble
BTC,phase3_crypto,lstm,phase3_crypto_lstm,2026-02-17,2026-02-18,-0.015963632260214883,0.0032116938848048447,0.0024385490760319233,67494.21875,66425.3203125,67711.33799326033,ensemble
BTC,phase3_crypto,lstm,phase3_crypto_lstm,2026-02-18,2026-02-19,0.007980125994704771,0.0033467781264334916,0.002386924367446847,66425.3203125,66957.5234375,66648.00354940162,ensemble
BTC,phase3_crypto,lstm,phase3_crypto_lstm,2026-02-19,2026-02-20,0.015528995656632263,0.0034406428690999745,0.0023225776604843137,66957.5234375,68005.421875,67188.29714033668,ensemble
BTC,phase3_crypto,lstm,phase3_crypto_lstm,2026-02-20,2026-02-21,-2.4354972344490844e-05,0.003472910984419286,0.00229732103821311,68005.421875,68003.765625,68242.0092372622,ensemble
BTC,phase3_crypto,lstm,phase3_crypto_lstm,2026-02-21,2026-02-22,-0.005076923598302017,0.0034849713556468487,0.0023330541432760774,68003.765625,67659.390625,68241.1702341368,ensemble
BTC,phase3_crypto,lstm,phase3_crypto_lstm,2026-02-22,2026-02-23,-0.04601267313564273,0.0035021175630390645,0.0023893057714330494,67659.390625,64616.73828125,67896.75716537237,ensemble
BTC,phase3_crypto,lstm,phase3_crypto_lstm,2026-02-23,2026-02-24,-0.00834051043874472,0.003534574876539409,0.002483527101364848,64616.73828125,64080.04296875,64845.535092512604,ensemble
BTC,phase3_crypto,lstm,phase3_crypto_lstm,2026-02-24,2026-02-25,0.05878816281087323,0.0035776597913354637,0.0025834829570182973,64080.04296875,67960.125,64309.71015245904,ensemble
BTC,phase3_crypto,lstm,phase3_crypto_lstm,2026-02-25,2026-02-26,-0.007478610812400483,0.003493225178681314,0.0026608123216328937,67960.125,67453.7734375,68197.94014889869,ensemble
BTC,phase3_crypto,lstm,phase3_crypto_lstm,2026-02-26,2026-02-27,-0.023580345399758597,0.0033206779276952147,0.0027409689431569626,67453.7734375,65881.796875,67678.13800916362,ensemble
BTC,phase3_crypto,lstm,phase3_crypto_lstm,2026-02-27,2026-02-28,0.016768637200983844,0.0031424493063241243,0.002815686929442652,65881.796875,66995.859375,66089.1527138589,ensemble
BTC,phase3_crypto,lstm,phase3_crypto_lstm,2026-02-28,2026-03-01,-0.018952127255243773,0.0029681573738344013,0.0028648469539818435,66995.859375,65738.1015625,67195.0090365802,ensemble
BTC,phase3_crypto,lstm,phase3_crypto_lstm,2026-03-01,2026-03-02,0.04517399874225875,0.002830603811889887,0.002872496972014276,65738.1015625,68775.8515625,65924.44368931711,ensemble
BTC,phase3_crypto,lstm,phase3_crypto_lstm,2026-03-02,2026-03-03,-0.007035921401254354,0.0026920456788502634,0.0028638181879137633,68775.8515625,68293.6484375,68961.24873336831,ensemble
BTC,phase3_crypto,lstm,phase3_crypto_lstm,2026-03-03,2026-03-04,0.06267011054362281,0.0024839580233674496,0.0028024063064780646,68293.6484375,72710.578125,68463.49785556218,ensemble
BTC,phase3_crypto,lstm,phase3_crypto_lstm,2026-03-04,2026-03-05,-0.026047184090688055,0.0021930668415734546,0.002736871058436421,72710.578125,70841.125,72870.21226310452,ensemble
BTC,phase3_crypto,lstm,phase3_crypto_lstm,2026-03-05,2026-03-06,-0.03892676222985379,0.0018161511863581837,0.002552493152025646,70841.125,68136.4921875,70969.90009533675,ensemble
BTC,phase3_crypto,lstm,phase3_crypto_lstm,2026-03-06,2026-03-07,-0.012760002816373808,0.0014245440950617194,0.002332060122116641,68136.4921875,67272.59375,68233.62479351796,ensemble
BTC,phase3_crypto,lstm,phase3_crypto_lstm,2026-03-07,2026-03-08,-0.019556151272463178,0.0011770346900448203,0.0020909761218376025,67272.59375,65969.78125,67351.82254490603,ensemble
BTC,phase3_crypto,lstm,phase3_crypto_lstm,2026-03-08,2026-03-09,0.036210883133673905,0.0011179295950569212,0.0020092733776283,65969.78125,68402.3828125,66043.57205961866,ensemble
BTC,phase3_crypto,lstm,phase3_crypto_lstm,2026-03-09,2026-03-10,0.022043063053682945,0.0010601287242025137,0.0018369502777529506,68402.3828125,69926.921875,68474.93659470261,ensemble
BTC,phase3_crypto,lstm,phase3_crypto_lstm,2026-03-10,2026-03-11,0.003967140831024369,0.000963405764196068,0.0016800225819813216,69926.921875,70204.8828125,69994.32233639022,ensemble
BTC,phase3_crypto,lstm,phase3_crypto_lstm,2026-03-11,2026-03-12,0.004102088510358853,0.0009396447683684527,0.0016343274579906847,70204.8828125,70493.4609375,70270.88146613746,ensemble
BTC,phase3_crypto,lstm,phase3_crypto_lstm,2026-03-12,2026-03-13,0.006712861238543366,0.0008431274443864822,0.0015563068506955072,70493.4609375,70968.265625,70552.92097173721,ensemble
BTC,phase3_crypto,lstm,phase3_crypto_lstm,2026-03-13,2026-03-14,0.0034653905327112298,0.0007792559801600874,0.0014971720742034532,70968.265625,71214.625,71023.58962336858,ensemble
BTC,phase3_crypto,lstm,phase3_crypto_lstm,2026-03-14,2026-03-15,0.021879197879022205,0.0007042957469820977,0.0014172675483902352,71214.625,72789.9140625,71264.79882404188,ensemble
BTC,phase3_crypto,lstm,phase3_crypto_lstm,2026-03-15,2026-03-16,0.028056806108927662,0.0006643850239925087,0.0013551725237349501,72789.9140625,74861.0859375,72838.29065986474,ensemble
BTC,phase3_crypto,lstm,phase3_crypto_lstm,2026-03-16,2026-03-17,-0.012617278563279094,0.0005983512965030968,0.0012983392698454753,74861.0859375,73922.4765625,74905.89256904455,ensemble
BTC,phase3_crypto,lstm,phase3_crypto_lstm,2026-03-17,2026-03-18,-0.03688417423341742,0.0005420838773716241,0.0013082044449475847,73922.4765625,71245.578125,73962.55960842484,ensemble
BTC,phase3_crypto,lstm,phase3_crypto_lstm,2026-03-18,2026-03-19,-0.01888416104762736,0.0005099154470372014,0.0013945868873528524,71245.578125,69912.7890625,71281.91660980902,ensemble
BTC,phase3_crypto,lstm,phase3_crypto_lstm,2026-03-19,2026-03-20,0.008684431647448684,0.0005953123018116457,0.0014199849848045027,69912.7890625,70522.5859375,69954.4213967737,ensemble
BTC,phase3_crypto,lstm,phase3_crypto_lstm,2026-03-20,2026-03-21,-0.026016105631017767,0.0007025396611425094,0.0014031440769456062,70522.5859375,68711.5234375,70572.14825883714,ensemble
BTC,phase3_crypto,lstm,phase3_crypto_lstm,2026-03-21,2026-03-22,-0.012688120086084904,0.0008631215489003808,0.0013477833554894042,68711.5234375,67845.2109375,68770.85543571635,ensemble
BTC,phase3_crypto,lstm,phase3_crypto_lstm,2026-03-22,2026-03-23,0.04425119303469704,0.0010701634222641588,0.001253049266651018,67845.2109375,70914.859375,67917.85526433884,ensemble
BTC,phase3_crypto,lstm,phase3_crypto_lstm,2026-03-23,2026-03-24,-0.005613991531695598,0.001269702723948285,0.001170599101531841,70914.859375,70517.859375,71004.9573518359,ensemble
BTC,phase3_crypto,lstm,phase3_crypto_lstm,2026-03-24,2026-03-25,0.011168924480813245,0.001400855734846118,0.0010949467178482993,70517.859375,71309.8828125,70616.71394704563,ensemble
BTC,phase3_crypto,lstm,phase3_crypto_lstm,2026-03-25,2026-03-26,-0.03595291880741613,0.0014772628725040703,0.0010081103086608339,71309.8828125,68791.625,71415.30410312905,ensemble
BTC,phase3_crypto,lstm,phase3_crypto_lstm,2026-03-26,2026-03-27,-0.03631346968520713,0.0015196031192317605,0.0009873590261970477,68791.625,66338.375,68896.24043476608,ensemble
BTC,phase3_crypto,lstm,phase3_crypto_lstm,2026-03-27,2026-03-28,-0.0002816215791388498,0.0015363313490524889,0.0009395450699095457,66338.375,66319.6953125,66440.37105496417,ensemble
BTC,phase3_crypto,lstm,phase3_crypto_lstm,2026-03-28,2026-03-29,-0.005515409833700628,0.0015182256465777755,0.0008746019270332371,66319.6953125,65954.921875,66420.46004724364,ensemble
BTC,phase3_crypto,lstm,phase3_crypto_lstm,2026-03-29,2026-03-30,0.011105181731209317,0.0014710161252878607,0.0007944159456818965,65954.921875,66691.4453125,66052.01402316998,ensemble
BTC,phase3_crypto,lstm,phase3_crypto_lstm,2026-03-30,2026-03-31,0.022856210162579323,0.001426633435767144,0.0007509878280547974,66691.4453125,68233.3125,66786.65745852931,ensemble
BTC,phase3_crypto,lstm,phase3_crypto_lstm,2026-03-31,2026-04-01,-0.002270644254019965,0.0013650934328325094,0.0008065074067920996,68233.3125,68078.5546875,68326.52095144229,ensemble
BTC,phase3_crypto,lstm,phase3_crypto_lstm,2026-04-01,2026-04-02,-0.017634149228875802,0.001301952567882836,0.000903920913547286,68078.5546875,66888.5703125,68167.24746095677,ensemble
BTC,phase3_crypto,lstm,phase3_crypto_lstm,2026-04-02,2026-04-03,0.0006356502125007872,0.0012388643634039908,0.0010334244250905455,66888.5703125,66931.1015625,66971.48752956686,ensemble
BTC,phase3_crypto,lstm,phase3_crypto_lstm,2026-04-03,2026-04-04,0.005355544495529739,0.0011944060141104273,0.0011516495948467643,66931.1015625,67290.515625,67011.09223389719,ensemble
BTC,phase3_crypto,lstm,phase3_crypto_lstm,2026-04-04,2026-04-05,0.024824828794848448,0.0012161069345893339,0.0012194631957917004,67290.515625,68981.8984375,67372.39786637302,ensemble
BTC,phase3_crypto,lstm,phase3_crypto_lstm,2026-04-05,2026-04-06,-0.0017711667933321205,0.001279489873559214,0.001232810622510356,68981.8984375,68859.828125,69070.2165670371,ensemble
BTC,phase3_crypto,lstm,phase3_crypto_lstm,2026-04-06,2026-04-07,0.043769250088650125,0.00138214748876635,0.0011936749222010998,68859.828125,71940.703125,68955.06836638838,ensemble
BTC,phase3_crypto,lstm,phase3_crypto_lstm,2026-04-07,2026-04-08,-0.011426386592901714,0.001404756416377495,0.0010934035728620243,71940.703125,71123.359375,72041.83330431735,ensemble
BTC,phase3_crypto,lstm,phase3_crypto_lstm,2026-04-08,2026-04-09,0.00902047398791368,0.0013730071874306304,0.0010297048629874731,71123.359375,71767.828125,71221.07932836386,ensemble
BTC,phase3_crypto,lstm,phase3_crypto_lstm,2026-04-09,2026-04-10,0.01673607145352826,0.0013098623996484094,0.0009707504448017572,71767.828125,72979.046875,71861.89569890479,ensemble
BTC,phase3_crypto,lstm,phase3_crypto_lstm,2026-04-10,2026-04-11,0.0010302658186926742,0.001247446999695967,0.0008602817568103712,72979.046875,73054.2734375,73070.14117390699,ensemble
BTC,phase3_crypto,lstm,phase3_crypto_lstm,2026-04-11,2026-04-12,-0.03200195641601119,0.0012739687255816535,0.0007114746287855378,73054.2734375,70753.40625,73147.4016057208,ensemble
BTC,phase3_crypto,lstm,phase3_crypto_lstm,2026-04-12,2026-04-13,0.05139225778223328,0.001327250787289813,0.0005910906450630165,70753.40625,74484.640625,70847.3761111401,ensemble
BTC,phase3_crypto,lstm,phase3_crypto_lstm,2026-04-13,2026-04-14,-0.004076670658997154,0.0013914636918343603,0.00047092326846217165,74484.640625,74181.609375,74588.35543899387,ensemble
BTC,phase3_crypto,lstm,phase3_crypto_lstm,2026-04-14,2026-04-15,0.00836950468372944,0.0014452303992584347,0.0003889685836547573,74181.609375,74805.078125,74288.89640049588,ensemble
BTC,phase3_crypto,lstm,phase3_crypto_lstm,2026-04-15,2026-04-16,0.004628724487070657,0.0015026303706690669,0.00030266168853687787,74805.078125,75152.1328125,74917.56700070569,ensemble
BTC,phase3_crypto,lstm,phase3_crypto_lstm,2026-04-16,2026-04-17,0.025937296578403095,0.0015855249017477035,0.00024497893220374873,75152.1328125,77126.875,75271.38290250549,ensemble
BTC,phase3_crypto,lstm,phase3_crypto_lstm,2026-04-17,2026-04-18,-0.018327445076503752,0.0017744218232110143,0.00021602134441165016,77126.875,75726.2109375,77263.85210179523,ensemble
BTC,phase3_crypto,lstm,phase3_crypto_lstm,2026-04-18,2026-04-19,-0.025002336494923415,0.001974899345077574,0.00025256378812206986,75726.2109375,73856.3515625,75875.91035387022,ensemble
BTC,phase3_crypto,lstm,phase3_crypto_lstm,2026-04-19,2026-04-20,0.02693259727225901,0.0021072388859465717,0.000358205913866039,73856.3515625,75872.5234375,74012.14863165704,ensemble
BTC,phase3_crypto,lstm,phase3_crypto_lstm,2026-04-20,2026-04-21,0.006309747501944813,0.0021481684874743224,0.000469892923014329,75872.5234375,76352.7734375,76035.68558856485,ensemble
BTC,phase3_crypto,lstm,phase3_crypto_lstm,2026-04-21,2026-04-22,0.02394495237334366,0.0022896087262779473,0.0006157041203961335,76352.7734375,78203.1015625,76527.79169904916,ensemble
BTC,phase3_crypto,lstm,phase3_crypto_lstm,2026-04-22,2026-04-23,0.0008417038623198857,0.002359158149920404,0.0007666837019099335,78203.1015625,78268.953125,78387.81284279186,ensemble
BTC,phase3_crypto,lstm,phase3_crypto_lstm,2026-04-23,2026-04-24,-0.010449855400701123,0.0024230530252680182,0.0008917266425913715,78268.953125,77455.3125,78458.83290013426,ensemble
BTC,phase3_crypto,lstm,phase3_crypto_lstm,2026-04-24,2026-04-25,0.0020210985800430967,0.0024576167576014995,0.00099720799918487,77455.3125,77612.015625,77645.90207610512,ensemble
BTC,phase3_crypto,lstm,phase3_crypto_lstm,2026-04-25,2026-04-26,0.01338122502813899,0.002492813323624432,0.0011257668117505134,77612.015625,78657.5390625,77805.72923724688,ensemble
BTC,phase3_crypto,lstm,phase3_crypto_lstm,2026-04-26,2026-04-27,-0.016547994707933746,0.0024368887301534415,0.001280196815459973,78657.5390625,77366.625,78849.45247382564,ensemble
BTC,phase3_crypto,lstm,phase3_crypto_lstm,2026-04-27,2026-04-28,-0.013218654490737211,0.0024026996223255994,0.0013813157345908753,77366.625,76350.671875,77552.73725705802,ensemble
BTC,phase3_crypto,lstm,phase3_crypto_lstm,2026-04-28,2026-04-29,-0.0075534590417408835,0.002374950866214931,0.0015003929763718097,76350.671875,75776.1328125,76532.21646371286,ensemble
BTC,phase3_crypto,lstm,phase3_crypto_lstm,2026-04-29,2026-04-30,0.006946186875134918,0.002232704870402813,0.0014810220289845169,75776.1328125,76304.3203125,75945.50756484733,ensemble
BTC,phase3_crypto,lstm,phase3_crypto_lstm,2026-04-30,2026-05-01,0.02427150989403538,0.0022360745701007546,0.0015121120933928249,76304.3203125,78179.0,76475.13336693072,ensemble
BTC,phase3_crypto,lstm,phase3_crypto_lstm,2026-05-01,2026-05-02,0.006098736514783506,0.0022529267473146318,0.0014696170349303244,78179.0,78657.25,78355.33011501163,ensemble
BTC,phase3_crypto,lstm,phase3_crypto_lstm,2026-05-02,2026-05-03,-0.0015143369624661424,0.002227692096494138,0.0014265315091544213,78657.25,78538.2265625,78832.66945187534,ensemble
BTC,phase3_crypto,lstm,phase3_crypto_lstm,2026-05-03,2026-05-04,0.01628767686490818,0.0021964341634884478,0.0014560258788808575,78538.2265625,79827.90625,78710.92019212815,ensemble
BTC,phase3_crypto,lstm,phase3_crypto_lstm,2026-05-04,2026-05-05,0.013675043806522565,0.0020965707022696733,0.0014075688182225588,79827.90625,80927.0546875,79995.44666826329,ensemble
BTC,phase3_crypto,lstm,phase3_crypto_lstm,2026-05-05,2026-05-06,0.006165248057273942,0.0021643535583280027,0.0015702632145711871,80927.0546875,81427.53125,81102.39913151455,ensemble
BTC,phase3_crypto,lstm,phase3_crypto_lstm,2026-05-06,2026-05-07,-0.017561908350902416,0.0022676098858937623,0.0017239647732005797,81427.53125,80009.9921875,81612.38663558496,ensemble
BTC,phase3_crypto,lstm,phase3_crypto_lstm,2026-05-07,2026-05-08,0.0022069548930199264,0.0023695664713159204,0.001874020133299266,80009.9921875,80186.765625,80199.80598174447,ensemble
BTC,phase3_crypto,lstm,phase3_crypto_lstm,2026-05-08,2026-05-09,0.005938447031188693,0.002516795811243355,0.0020680099130995265,80186.765625,80664.3671875,80388.83351599041,ensemble
BTC,phase3_crypto,lstm,phase3_crypto_lstm,2026-05-09,2026-05-10,0.018115146956791082,0.0026861496502533556,0.0023062226319516006,80664.3671875,82138.9296875,80881.33502278691,ensemble
BTC,phase3_crypto,lstm,phase3_crypto_lstm,2026-05-10,2026-05-11,-0.005011785219488408,0.0028290610178373756,0.0025760593502377736,82138.9296875,81728.296875,82371.63474472257,ensemble
BTC,phase3_crypto,lstm,phase3_crypto_lstm,2026-05-11,2026-05-12,-0.015422747705667463,0.002961115870857611,0.0028310176873918747,81728.296875,80477.4921875,81970.66249121845,ensemble
BTC,phase3_crypto,lstm,phase3_crypto_lstm,2026-05-12,2026-05-13,-0.015028018231235505,0.003123216045787558,0.003065329860839108,80477.4921875,79277.1171875,80729.23369935546,ensemble
BTC,phase3_crypto,lstm,phase3_crypto_lstm,2026-05-13,2026-05-14,0.022132143698821827,0.003300711969495751,0.003279808504606923,79277.1171875,81051.25,79539.22044282264,ensemble
BTC,phase3_crypto,lstm,phase3_crypto_lstm,2026-05-14,2026-05-15,-0.02480277513696735,0.0033818728566984645,0.003489000866057107,81051.25,79065.6796875,81325.81903947884,ensemble
BTC,phase3_crypto,lstm,phase3_crypto_lstm,2026-05-15,2026-05-16,-0.011886390842574117,0.0033869853854412214,0.0036038873993114446,79065.6796875,78131.4375,79333.92800922625,ensemble
BTC,phase3_crypto,lstm,phase3_crypto_lstm,2026-05-16,2026-05-17,-0.009026576797854137,0.0032538950385060162,0.0035953087064787195,78131.4375,77429.3515625,78386.08306712763,ensemble
BTC,phase3_crypto,lstm,phase3_crypto_lstm,2026-05-17,2026-05-18,-0.006155853649121142,0.003065039974171668,0.0035620517317086443,77429.3515625,76954.171875,77667.03969594897,ensemble
BTC,phase3_crypto,lstm,phase3_crypto_lstm,2026-05-18,2026-05-19,-0.002644879999712329,0.002711207652464509,0.0032420577920795265,76954.171875,76750.90625,77163.09370192866,ensemble
BTC,phase3_crypto,lstm,phase3_crypto_lstm,2026-05-19,2026-05-20,0.009167734783614812,0.002341160469222814,0.002994930300039754,76750.90625,77457.7734375,76930.80293902969,ensemble
BTC,phase3_crypto,lstm,phase3_crypto_lstm,2026-05-20,2026-05-21,0.0010503232153248991,0.0019074687676038592,0.0027344074572499665,77457.7734375,77539.171875,77605.66272339664,ensemble
BTC,phase3_crypto,lstm,phase3_crypto_lstm,2026-05-21,2026-05-22,-0.026806340702622146,0.0015135625639231876,0.0024915399861043085,77539.171875,75488.2421875,77656.62112375887,ensemble
BTC,phase3_crypto,lstm,phase3_crypto_lstm,2026-05-22,2026-05-23,0.015577503022418466,-0.0017930456844624132,0.0041939284603576205,75488.2421875,76673.3671875,75353.0095959566,ensemble
BTC,phase3_crypto,lstm,phase3_crypto_lstm,2026-05-23,2026-05-24,0.004005847400396048,-0.0019812180325970985,0.004238618659058817,76673.3671875,76981.125,76521.61091058418,ensemble
BTC,phase3_crypto,lstm,phase3_crypto_lstm,2026-05-24,2026-05-25,0.003874018128693613,-0.00207944221328944,0.004151223196523514,76981.125,77279.9296875,76821.21352001192,ensemble
BTC,phase3_crypto,lstm,phase3_crypto_lstm,2026-05-25,2026-05-26,-0.018996541405031864,-0.0023292047437280415,0.004457872657305835,77279.9296875,75825.734375,77100.13837534904,ensemble
BTC,phase3_crypto,lstm,phase3_crypto_lstm,2026-05-26,2026-05-27,-0.019725310724108713,-0.002515796711668372,0.0047608079309641,75825.734375,74344.703125,75635.21200007008,ensemble
BTC,phase3_crypto,lstm,phase3_crypto_lstm,2026-05-27,2026-05-28,-0.010929802661887332,-0.0024537804070860147,0.004685909917090983,74344.703125,73536.5546875,74162.50118230021,ensemble
BTC,phase3_crypto,lstm,phase3_crypto_lstm,2026-05-28,2026-05-29,-0.0022330998228095003,-0.0024810368893668057,0.004702599474695101,73536.5546875,73372.5234375,73354.33392429346,ensemble
BTC,phase3_crypto,lstm,phase3_crypto_lstm,2026-05-29,2026-05-30,0.005197039654902875,-0.002551205432973802,0.004610717274212564,73372.5234375,73754.8359375,73185.573632154,ensemble
BTC,phase3_crypto,lstm,phase3_crypto_lstm,2026-05-30,2026-05-31,-0.002377562514476544,-0.002428242517635226,0.004071012371998839,73754.8359375,73579.6875,73575.95857569683,ensemble
BTC,phase3_crypto,lstm,phase3_crypto_lstm,2026-05-31,2026-06-01,-0.031195386303294676,-0.0019761406001634896,0.0029656257431369152,73579.6875,71319.7734375,73434.42726677783,ensemble
BTC,phase3_crypto,lstm,phase3_crypto_lstm,2026-06-01,2026-06-02,-0.06691384852525814,-0.0025555613217875363,0.0034885572681211427,71319.7734375,66703.65625,71137.74407569057,ensemble
BTC,phase3_crypto,lstm,phase3_crypto_lstm,2026-06-02,2026-06-03,-0.041152222290191665,-0.002643724379595369,0.0028732548491741876,66703.65625,64014.3671875,66527.54306769586,ensemble
BTC,phase3_crypto,lstm,phase3_crypto_lstm,2026-06-03,2026-06-04,-0.003329681149437111,-0.0014530694694258272,0.0016932434682828147,64014.3671875,63801.57421875,63921.417412529925,ensemble
BTC,phase3_crypto,lstm,phase3_crypto_lstm,2026-06-04,2026-06-05,-0.046172542625212365,0.00018093843245878816,0.005665037448042423,63801.57421875,60922.66796875,63813.119420031355,ensemble
BTC,phase3_crypto,lstm,phase3_crypto_lstm,2026-06-05,2026-06-06,-0.0009073630482773938,0.001031351089477539,0.0081370754854946,60922.66796875,60867.4140625,60985.53304114151,ensemble
BTC,phase3_crypto,lstm,phase3_crypto_lstm,2026-06-06,2026-06-07,0.0382314561194156,0.002134106121957302,0.01102433787034735,60867.4140625,63239.51953125,60997.45028967956,ensemble
BTC,phase3_crypto,lstm,phase3_crypto_lstm,2026-06-07,2026-06-08,-0.0023577871851843952,0.002897300012409687,0.013007231414783745,63239.51953125,63090.58984375,63423.00907574622,ensemble
BTC,phase3_crypto,lstm,phase3_crypto_lstm,2026-06-08,2026-06-09,-0.023199274916972237,0.003033521957695484,0.013398704157599717,63090.58984375,61643.78125,63282.26711498193,ensemble
BTC,phase3_crypto,lstm,phase3_crypto_lstm,2026-06-09,2026-06-10,-0.00316008608540611,0.0027668655849993227,0.012959175919343887,61643.78125,61449.2890625,61814.57748301793,ensemble
BTC,phase3_crypto,lstm,phase3_crypto_lstm,2026-06-10,2026-06-11,0.03378866852406486,0.0022678814828395845,0.011600567376818728,61449.2890625,63561.0546875,61588.80691247439,ensemble
BTC,phase3_crypto,lstm,phase3_crypto_lstm,2026-06-11,2026-06-12,-0.0002809578486747506,0.001883557206019759,0.010502090114165008,63561.0546875,63543.19921875,63680.88839146846,ensemble
BTC,phase3_crypto,lstm,phase3_crypto_lstm,2026-06-12,2026-06-13,0.01372472245570358,0.000990368507336825,0.008172606974605732,63543.19921875,64421.32421875,63606.16157493276,ensemble
BTC,phase3_crypto,lstm,phase3_crypto_lstm,2026-06-13,2026-06-14,0.019812484755317328,0.0012995308497920632,0.008324797599015771,64421.32421875,65710.3984375,64505.09613726358,ensemble
BTC,phase3_crypto,lstm,phase3_crypto_lstm,2026-06-14,2026-06-15,0.0087743291428838,-0.0004506416851654649,0.004130133082199505,65710.3984375,66289.5,65680.79326397889,ensemble
BTC,phase3_crypto,lstm,phase3_crypto_lstm,2026-06-15,2026-06-16,-0.010446052081715382,-0.0007098898757249116,0.0033449461066525406,66289.5,65600.640625,66242.4584542172,ensemble
BTC,phase3_crypto,lstm,phase3_crypto_lstm,2026-06-16,2026-06-17,-0.01818545153086442,-0.0026628194842487573,0.003887012094263282,65600.640625,64418.4453125,65426.19032886821,ensemble
BTC,phase3_crypto,lstm,phase3_crypto_lstm,2026-06-17,2026-06-18,-0.023909926459543353,-0.0015639931429177524,0.002901663913935026,64418.4453125,62896.47265625,64317.77405085606,ensemble
BTC,phase3_crypto,lstm,phase3_crypto_lstm,2026-06-18,2026-06-19,0.0101927013006599,-0.0019311961135827006,0.0032351150988693036,62896.47265625,63540.8359375,62775.124444010326,ensemble
BTC,phase3_crypto,lstm,phase3_crypto_lstm,2026-06-19,2026-06-20,0.01093823779640829,-0.0016529417946003378,0.003147178637334215,63540.8359375,64239.67578125,63435.8933899703,ensemble
BTC,phase3_crypto,lstm,phase3_crypto_lstm,2026-06-20,2026-06-21,-0.01572292530514671,-0.001637927338015288,0.0032985180534270933,64239.67578125,63237.5390625,64134.54198436715,ensemble
BTC,phase3_crypto,lstm,phase3_crypto_lstm,2026-06-21,2026-06-22,0.011236353824842346,-0.0014745737440534866,0.003269353302776323,63237.5390625,63952.10546875,63144.35936481164,ensemble
BTC,phase3_crypto,lstm,phase3_crypto_lstm,2026-06-22,2026-06-23,-0.02028318896027214,-0.0012302459217607975,0.0030472390435900888,63952.10546875,62668.01953125,63873.47702788545,ensemble
BTC,phase3_crypto,lstm,phase3_crypto_lstm,2026-06-23,2026-06-24,-0.027057191162537193,-0.0012046281131915747,0.002723350773132124,62668.01953125,60995.1328125,62592.57332455894,ensemble
BTC,phase3_crypto,lstm,phase3_crypto_lstm,2026-06-24,2026-06-25,-0.021099038116469408,-0.0013264804147183895,0.0025140957862345463,60995.1328125,59721.67578125,60914.27760171358,ensemble
BTC,phase3_crypto,lstm,phase3_crypto_lstm,2026-06-25,2026-06-26,0.004923319948585001,-0.0016181069891899823,0.0025192043292204588,59721.67578125,60016.4296875,59625.11786185224,ensemble
BTC,phase3_crypto,lstm,phase3_crypto_lstm,2026-06-26,2026-06-27,-0.0012726617424323222,-0.0017974088099435904,0.002334372522323849,60016.4296875,59940.09765625,59908.65251687244,ensemble
BTC,phase3_crypto,lstm,phase3_crypto_lstm,2026-06-27,2026-06-28,-0.006825999440473744,-0.001973374958470231,0.0020596731769641427,59940.09765625,59532.33984375,59821.93000141982,ensemble
BTC,phase3_crypto,lstm,phase3_crypto_lstm,2026-06-28,2026-06-29,0.010128530183576383,-0.0020231248810887335,0.001758556773302033,59532.33984375,60138.37890625,59412.02023761646,ensemble
BTC,phase3_crypto,lstm,phase3_crypto_lstm,2026-06-29,2026-06-30,-0.026615830286262104,-0.002016241941601038,0.0014758114982530524,60138.37890625,58558.859375,60017.24754050494,ensemble
BTC,phase3_crypto,lstm,phase3_crypto_lstm,2026-06-30,2026-07-01,0.024374798891813786,-0.00180725222453475,0.001306234096682743,58558.859375,60003.7578125,58453.12431986409,ensemble
BTC,phase3_crypto,lstm,phase3_crypto_lstm,2026-07-01,2026-07-02,0.024390944088390595,-0.0017199910478666424,0.0014494287849820325,60003.7578125,61485.30078125,59900.64059199378,ensemble
BTC,phase3_crypto,lstm,phase3_crypto_lstm,2026-07-02,2026-07-03,0.01707535974546987,-0.0018277057213708758,0.0015319542857300868,61485.30078125,62544.19921875,61373.02637877025,ensemble
BTC,phase3_crypto,lstm,phase3_crypto_lstm,2026-07-03,2026-07-04,0.00866191238397133,-0.0019398583805013913,0.001575708831823077,62544.19921875,63088.3046875,62422.98993217865,ensemble
BTC,phase3_crypto,lstm,phase3_crypto_lstm,2026-07-04,2026-07-05,0.007258275090508953,-0.0020129232201725245,0.001649204251571298,63088.3046875,63547.8828125,62961.4405008431,ensemble
BTC,phase3_crypto,lstm,phase3_crypto_lstm,2026-07-05,2026-07-06,0.007011517689840301,-0.0020090295234695076,0.0017475683980188116,63547.8828125,63995.015625,63420.34139990594,ensemble
BTC,phase3_crypto,lstm,phase3_crypto_lstm,2026-07-06,2026-07-07,-0.01096103180817717,-0.0020253154798410833,0.0018999931488351098,63995.015625,63297.39453125,63865.53669132552,ensemble
BTC,phase3_crypto,lstm,phase3_crypto_lstm,2026-07-07,2026-07-08,-0.016563965519348627,-0.0018766335444524885,0.001993724255015191,63297.39453125,62257.57421875,63178.7199066155,ensemble
BTC,phase3_crypto,lstm,phase3_crypto_lstm,2026-07-08,2026-07-09,0.014915682336986301,-0.0017913421150296926,0.0020851379879467478,62257.57421875,63193.1484375,62146.14943382329,ensemble
BTC,phase3_crypto,lstm,phase3_crypto_lstm,2026-07-09,2026-07-10,0.01467180052315595,-0.0016124313930049538,0.0021933048253696573,63193.1484375,64127.140625,63091.33592604022,ensemble
BTC,phase3_crypto,lstm,phase3_crypto_lstm,2026-07-10,2026-07-11,-0.005082718606355573,-0.00150495310081169,0.002382941356501247,64127.140625,63802.02734375,64030.704869716006,ensemble
BTC,phase3_crypto,lstm,phase3_crypto_lstm,2026-07-11,2026-07-12,-0.0006868690961942699,-0.0011698777801939287,0.0024116589929820535,63802.02734375,63758.21875,63727.43041278309,ensemble
BTC,phase3_crypto,lstm,phase3_crypto_lstm,2026-07-12,2026-07-13,-0.024114338771437895,-0.0008535170345567167,0.002398838767722283,63758.21875,62239.12109375,63703.823241252765,ensemble
BTC,phase3_crypto,lstm,phase3_crypto_lstm,2026-07-13,2026-07-14,0.04272810304426096,-0.0006521350587718189,0.0023663899416413187,62239.12109375,64956.11328125,62198.546012512095,ensemble
BTC,phase3_crypto,lstm,phase3_crypto_lstm,2026-07-14,2026-07-15,-0.0037594109647903352,-0.0004119199584238231,0.002396823196173401,64956.11328125,64712.375,64929.36207182461,ensemble
BTC,phase3_crypto,lstm,phase3_crypto_lstm,2026-07-15,2026-07-16,-0.014367279855176223,-9.507741779088975e-05,0.002393003468859838,64712.375,63789.28125,64706.22260696734,ensemble
BTC,phase3_crypto,lstm,phase3_crypto_lstm,2026-07-16,2026-07-17,0.0017257545646935989,0.0001282348639506381,0.002345327017683921,63789.28125,63899.4609375,63797.461784306244,ensemble
BTC,phase3_crypto,lstm,phase3_crypto_lstm,2026-07-17,2026-07-18,0.01394223164475083,0.0003962474409490824,0.002275842257242974,63899.4609375,64796.6015625,63924.78595252934,ensemble
BTC,phase3_crypto,lstm,phase3_crypto_lstm,2026-07-18,2026-07-19,-0.0016340878484766735,0.0006356016732752323,0.002298392132521433,64796.6015625,64690.8046875,64837.799482222064,ensemble
BTC,phase3_crypto,lstm,phase3_crypto_lstm,2026-07-19,2026-07-20,0.008300835886390828,0.0007495647529140115,0.0022485596798059314,64690.8046875,65230.02734375,64739.312812250486,ensemble
BTC,phase3_crypto,lstm,phase3_crypto_lstm,2026-07-20,2026-07-21,0.019359107363714313,0.0007364796241745353,0.002158826696776987,65230.02734375,66505.125,65278.085624573076,ensemble
BTC,phase3_crypto,lstm,phase3_crypto_lstm,2026-07-21,2026-07-22,-0.006098209978869257,0.0006111923372372985,0.002065458921892186,66505.125,66100.796875,66545.78484701474,ensemble
BTC,phase3_crypto,lstm,phase3_crypto_lstm,2026-07-22,2026-07-23,-0.016104346952909084,0.000274936284404248,0.002192542381527077,66100.796875,65044.8125,66118.97288099625,ensemble
BTC,phase3_crypto,lstm,phase3_crypto_lstm,2026-07-23,2026-07-24,-0.014655553654227636,-0.00022883133497089147,0.002805179617265584,65044.8125,64098.49609375,65029.92991158892,ensemble
BTC,phase3_crypto,lstm,phase3_crypto_lstm,2026-07-24,2026-07-25,0.0033224217714330475,-0.0005981380119919777,0.003447996973670066,64098.49609375,64311.8125,64060.16781066906,ensemble
BTC,phase3_crypto,lstm,phase3_crypto_lstm,2026-07-25,2026-07-26,0.015865685940396487,-0.0008622439112514257,0.00391417282690036,64311.8125,65340.30078125,64256.38393115743,ensemble
BTC,phase3_crypto,lstm,phase3_crypto_lstm,2026-07-26,2026-07-27,-0.02503365298859531,-0.0009275799617171288,0.004033511712563867,65340.30078125,63724.8984375,65279.720528410675,ensemble
BTC,phase3_crypto,lstm,phase3_crypto_lstm,2026-07-27,2026-07-28,0.0022957554728576246,-0.0009581531630828977,0.004052694842002546,63724.8984375,63871.36328125,63663.869466714685,ensemble
BTC,phase3_crypto,lstm,phase3_crypto_lstm,2026-07-28,2026-07-29,0.0005760654802496461,-0.0008353567682206631,0.0039145106147738026,63871.36328125,63908.16796875,63818.030184820476,ensemble
BTC,phase3_crypto,lstm,phase3_crypto_lstm,2026-07-29,2026-07-30,0.01270511594195683,-0.000491822138428688,0.003432136696959904,63908.16796875,64725.30859375,63876.744244991474,ensemble
BTC,phase3_crypto,lstm,phase3_crypto_lstm,2026-07-30,2026-07-31,-0.02997835702863742,-0.00021482495358213783,0.0028460051006408515,64725.30859375,62813.74609375,64711.405475757565,ensemble
BTC,phase3_crypto,lstm,phase3_crypto_lstm,2026-07-31,2026-08-01,-0.0008031049841085494,9.005047613754868e-05,0.0024500523696236232,62813.74609375,62763.3203125,62819.40275618248,ensemble
BTC,phase3_crypto,lstm,phase3_crypto_lstm,2026-08-01,2026-08-02,0.011385569767075112,0.0003891058440785855,0.0021964468939360614,62763.3203125,63482.0,62787.74663913241,ensemble
BTC,phase3_crypto,lstm,phase3_crypto_lstm,2026-08-02,2026-08-03,-0.0003324575530272348,0.00034543411456979813,0.0022426053484826272,63482.0,63460.8984375,63503.93263638344,ensemble
BTC,phase3_crypto,lstm,phase3_crypto_lstm,2026-08-03,2026-08-04,0.00933302539348361,0.00021824372233822942,0.002247160772889691,63460.8984375,64055.953125,63474.7498916394,ensemble
BTC,phase3_crypto,lstm,phase3_crypto_lstm,2026-08-04,2026-08-05,0.008418741360802475,0.00016808847431093454,0.0021663340336114906,64055.953125,64597.5,64066.72109739198,ensemble
BTC,phase3_crypto,lstm,phase3_crypto_lstm,2026-08-05,2026-08-06,-0.005205470783879128,0.000338573579210788,0.002054777401225049,64597.5,64262.11328125,64619.37470967348,ensemble
BTC,phase3_crypto,lstm,phase3_crypto_lstm,2026-08-06,2026-08-07,0.00957212039536744,0.000586148863658309,0.002087067525633325,64262.11328125,64880.19140625,64299.79148736618,ensemble
BTC,phase3_crypto,lstm,phase3_crypto_lstm,2026-08-07,2026-08-08,0.00037748764335751974,0.0008898416999727488,0.002271698876977571,64880.19140625,64904.6875,64937.95020034605,ensemble
BTC,phase3_crypto,lstm,phase3_crypto_lstm,2026-08-08,2026-08-09,-0.0009217877722439945,0.0012519947485998273,0.0025277167455447524,64904.6875,64844.88671875,64985.99871789719,ensemble
BTC,phase3_crypto,lstm,phase3_crypto_lstm,2026-08-09,2026-08-10,-0.014513048045569134,0.0014469581365119666,0.002671084318207798,64844.88671875,63910.5859375,64938.78247042746,ensemble
BTC,phase3_crypto,lstm,phase3_crypto_lstm,2026-08-10,2026-08-11,-0.00562851025881392,0.00130968876183033,0.00259120228141158,63910.5859375,63551.875,63994.343750024855,ensemble
BTC,phase3_crypto,lstm,phase3_crypto_lstm,2026-08-11,2026-08-12,-0.0023542560615523694,0.0020255176699720324,0.0036625358154452614,63551.875,63402.43359375,63680.73090167022,ensemble
BTC,phase3_crypto,lstm,phase3_crypto_lstm,2026-08-12,2026-08-13,-4.127906065128786e-06,0.002135506342165172,0.0040080690883646,63402.43359375,63402.171875,63537.97456559071,ensemble
BTC,phase3_crypto,lstm,phase3_crypto_lstm,2026-08-13,2026-08-14,-0.006750867021094253,0.0021394149633124472,0.004081701167467752,63402.171875,62975.59375,63537.9606326727,ensemble
BTC,phase3_crypto,lstm,phase3_crypto_lstm,2026-08-14,2026-08-15,0.0007734380660748331,0.002395853353664279,0.004706833749503272,62975.59375,63024.3203125,63126.65492543782,ensemble
BTC,phase3_crypto,lstm,phase3_crypto_lstm,2026-08-15,2026-08-16,-0.0032686473868631834,0.001927283004624769,0.003973263866228678,63024.3203125,62818.65234375,63145.90313853931,ensemble
BTC,phase3_crypto,lstm,phase3_crypto_lstm,2026-08-16,2026-08-17,0.026510137670231988,0.0014842698350548745,0.0033629748081359942,62818.65234375,64506.25390625,62911.961405284885,ensemble
BTC,phase3_crypto,lstm,phase3_crypto_lstm,2026-08-17,2026-08-18,0.002700847372800676,-0.00017675961717031897,0.002756518514190507,64506.25390625,64680.7109375,64494.85281316055,ensemble
BTC,phase3_crypto,lstm,phase3_crypto_lstm,2026-08-18,2026-08-19,0.0684938460027011,0.0006906075810547918,0.0026605635617625014,64680.7109375,69266.1875,64725.39535474413,ensemble
BTC,phase3_crypto,lstm,phase3_crypto_lstm,2026-08-19,2026-08-20,0.05295120538976306,0.001329107809579,0.0034952150637513136,69266.1875,73032.7578125,69358.31093817504,ensemble
BTC,phase3_crypto,lstm,phase3_crypto_lstm,2026-08-20,2026-08-21,0.07008881775516321,0.0012752770213410257,0.0035163738241297303,73032.7578125,78335.1875,73125.95422333336,ensemble
BTC,phase3_crypto,lstm,phase3_crypto_lstm,2026-08-21,2026-08-22,-0.016108760387506423,0.00034868213115260007,0.002630897536830495,78335.1875,77083.4140625,78362.50634264108,ensemble
BTC,phase3_crypto,lstm,phase3_crypto_lstm,2026-08-22,2026-08-23,0.008678138825315892,-0.0007872909540310502,0.0029907345755980784,77083.4140625,77755.265625,77022.75087082718,ensemble
BTC,phase3_crypto,lstm,phase3_crypto_lstm,2026-08-23,2026-08-24,0.0154319126625293,-0.001419346046168357,0.0033755060643492403,77755.265625,78964.484375,77644.98227979559,ensemble
BTC,phase3_crypto,lstm,phase3_crypto_lstm,2026-08-24,2026-08-25,-0.005072177186830813,-0.001542476553004235,0.00258804772691223,78964.484375,78564.9765625,78842.77739854103,ensemble
BTC,phase3_crypto,lstm,phase3_crypto_lstm,2026-08-25,2026-08-26,0.005868895257053803,-0.0014955842169001698,0.0016905473373390809,78564.9765625,79027.421875,78447.56384574047,ensemble
BTC,phase3_crypto,lstm,phase3_crypto_lstm,2026-08-26,2026-08-27,0.015445797722405792,-0.0012164583313278854,0.0020162064993099215,79027.421875,80257.5390625,78931.34675679321,ensemble
BTC,phase3_crypto,lstm,phase3_crypto_lstm,2026-08-27,2026-08-28,-0.030710027313092664,-0.0009738773922435939,0.0029463727483614107,80257.5390625,77830.2890625,80179.41610691462,ensemble
BTC,phase3_crypto,lstm,phase3_crypto_lstm,2026-08-28,2026-08-29,0.005324638622765287,-0.0006150538460587996,0.004024433961268204,77830.2890625,78245.8125,77782.43396211261,ensemble
BTC,phase3_crypto,lstm,phase3_crypto_lstm,2026-08-29,2026-08-30,-0.007417513856522034,-0.0003231441020034254,0.004732743971072582,78245.8125,77667.5703125,78220.53191204059,ensemble
BTC,phase3_crypto,lstm,phase3_crypto_lstm,2026-08-30,2026-08-31,0.01128015948027171,-6.0901687174919064e-05,0.005267139265933755,77667.5703125,78548.6328125,77662.84037046137,ensemble
BTC,phase3_crypto,xgb,phase3_crypto_xgb,2025-10-31,2025-11-01,0.004624825172493095,-0.0013802397646941245,0.0012336590286787046,109556.1640625,110064.015625,109405.05459603021,ensemble
BTC,phase3_crypto,xgb,phase3_crypto_xgb,2025-11-01,2025-11-02,0.005216141233319792,0.003067501956684282,0.0017553473826337348,110064.015625,110639.625,110402.15556560906,ensemble
BTC,phase3_crypto,xgb,phase3_crypto_xgb,2025-11-02,2025-11-03,-0.03768718290100999,-0.011953802779316902,0.001416491897877696,110639.625,106547.5234375,109324.93417560402,ensemble
BTC,phase3_crypto,xgb,phase3_crypto_xgb,2025-11-03,2025-11-04,-0.04764085753760775,-0.0015986846468877048,0.0023063904763072412,106547.5234375,101590.5234375,106377.32363177434,ensemble
BTC,phase3_crypto,xgb,phase3_crypto_xgb,2025-11-04,2025-11-05,0.022400061321748738,0.009582681581377983,0.0026343112121702556,101590.5234375,103891.8359375,102568.71242669267,ensemble
BTC,phase3_crypto,xgb,phase3_crypto_xgb,2025-11-05,2025-11-06,-0.025251182491850755,0.0036069117020815613,0.0015429183542806932,103891.8359375,101301.2890625,104267.24123618018,ensemble
BTC,phase3_crypto,xgb,phase3_crypto_xgb,2025-11-06,2025-11-07,0.02023892596873405,0.012918781675398349,0.0029230149213083905,101301.2890625,103372.40625,102618.46815473757,ensemble
BTC,phase3_crypto,xgb,phase3_crypto_xgb,2025-11-07,2025-11-08,-0.010603212214200236,-0.002560248383088037,0.004023348212748793,103372.40625,102282.1171875,103108.08572152759,ensemble
BTC,phase3_crypto,xgb,phase3_crypto_xgb,2025-11-08,2025-11-09,0.023551839699680072,0.008616556506603956,0.003171296465261751,102282.1171875,104719.640625,103167.24472924619,ensemble
BTC,phase3_crypto,xgb,phase3_crypto_xgb,2025-11-09,2025-11-10,0.01212026933646231,0.0010583201103145257,0.002921371754358526,104719.640625,105996.59375,104830.52619248164,ensemble
BTC,phase3_crypto,xgb,phase3_crypto_xgb,2025-11-10,2025-11-11,-0.028702546476841843,0.006169463600963354,0.0019050535609847373,105996.59375,102997.46875,106652.55726786924,ensemble
BTC,phase3_crypto,xgb,phase3_crypto_xgb,2025-11-11,2025-11-12,-0.013039146642676998,0.0055911591276526455,0.0031992203295502578,102997.46875,101663.1875,103574.95689718243,ensemble
BTC,phase3_crypto,xgb,phase3_crypto_xgb,2025-11-12,2025-11-13,-0.019524742976585432,-0.0022172024473547935,0.003771614990966861,101663.1875,99697.4921875,101438.02933472619,ensemble
BTC,phase3_crypto,xgb,phase3_crypto_xgb,2025-11-13,2025-11-14,-0.05462287113659148,0.0033038822235539555,0.0014132939832272094,99697.4921875,94397.7890625,100027.42569026908,ensemble
BTC,phase3_crypto,xgb,phase3_crypto_xgb,2025-11-14,2025-11-15,0.01212310649874722,-0.00015434145752806215,0.002779867138658799,94397.7890625,95549.1484375,94383.22069442917,ensemble
BTC,phase3_crypto,xgb,phase3_crypto_xgb,2025-11-15,2025-11-16,-0.014463938461922525,0.002852030342910439,0.0017127142653788024,95549.1484375,94177.078125,95822.04647985053,ensemble
BTC,phase3_crypto,xgb,phase3_crypto_xgb,2025-11-16,2025-11-17,-0.02236838271634354,0.003206426603719592,0.0025383560898661547,94177.078125,92093.875,94479.53465696194,ensemble
BTC,phase3_crypto,xgb,phase3_crypto_xgb,2025-11-17,2025-11-18,0.009241173563305538,0.016059901379048825,0.0016392807167403376,92093.875,92948.875,93584.83383041166,ensemble
BTC,phase3_crypto,xgb,phase3_crypto_xgb,2025-11-18,2025-11-19,-0.016082377699808928,0.019899557158350945,0.0015948614844211284,92948.875,91465.9921875,94817.04265746873,ensemble
BTC,phase3_crypto,xgb,phase3_crypto_xgb,2025-11-19,2025-11-20,-0.05429914313161118,0.009209956508129835,0.004853745974455118,91465.9921875,86631.8984375,92312.28115774774,ensemble
BTC,phase3_crypto,xgb,phase3_crypto_xgb,2025-11-20,2025-11-21,-0.017950490472289502,0.007992656202986836,0.002510647605393494,86631.8984375,85090.6875,87327.09193835575,ensemble
BTC,phase3_crypto,xgb,phase3_crypto_xgb,2025-11-21,2025-11-22,-0.00521187239368071,0.0015550526208244265,0.002531155925908131,85090.6875,84648.359375,85223.11093262219,ensemble
BTC,phase3_crypto,xgb,phase3_crypto_xgb,2025-11-22,2025-11-23,0.025158586579000386,0.009646683838218451,0.0026217035631331915,84648.359375,86805.0078125,85468.88665586685,ensemble
BTC,phase3_crypto,xgb,phase3_crypto_xgb,2025-11-23,2025-11-24,0.016742357810839485,0.012466263212263583,0.0017105635849628052,86805.0078125,88270.5625,87893.91508837756,ensemble
BTC,phase3_crypto,xgb,phase3_crypto_xgb,2025-11-24,2025-11-25,-0.01057647695675446,0.004364368808455765,0.003734913070866198,88270.5625,87341.890625,88656.64969028544,ensemble
BTC,phase3_crypto,xgb,phase3_crypto_xgb,2025-11-25,2025-11-26,0.0357225879133364,0.020492028817534445,0.005381315225589045,87341.890625,90518.3671875,89150.16751808481,ensemble
BTC,phase3_crypto,xgb,phase3_crypto_xgb,2025-11-26,2025-11-27,0.008437806108495432,-0.01619117222726345,0.0023244645621932182,90518.3671875,91285.375,89064.56981621547,ensemble
BTC,phase3_crypto,xgb,phase3_crypto_xgb,2025-11-27,2025-11-28,-0.004018666774419681,0.0029358942527323963,0.0022271222016774232,91285.375,90919.265625,91553.77300911976,ensemble
BTC,phase3_crypto,xgb,phase3_crypto_xgb,2025-11-28,2025-11-29,-0.00074277862694653,0.0005481902953761164,0.0009606668107391789,90919.265625,90851.7578125,90969.12034776746,ensemble
BTC,phase3_crypto,xgb,phase3_crypto_xgb,2025-11-29,2025-11-30,-0.005047792573132774,0.0037658330984413624,0.0027743683542420837,90851.7578125,90394.3125,91194.53538559543,ensemble
BTC,phase3_crypto,xgb,phase3_crypto_xgb,2025-11-30,2025-12-01,-0.04610183805407602,0.003282882575877011,0.003318753905818748,90394.3125,86321.5703125,90691.55405106352,ensemble
BTC,phase3_crypto,xgb,phase3_crypto_xgb,2025-12-01,2025-12-02,0.05662099387030378,-0.006210170919075608,0.0035934708871073547,86321.5703125,91350.203125,85787.15971494767,ensemble
BTC,phase3_crypto,xgb,phase3_crypto_xgb,2025-12-02,2025-12-03,0.023558262011831657,-0.0008176902872946811,0.0025380100970704943,91350.203125,93527.8046875,91275.53748200805,ensemble
BTC,phase3_crypto,xgb,phase3_crypto_xgb,2025-12-03,2025-12-04,-0.014931972865932171,0.006053034868091345,0.0021324024377534783,93527.8046875,92141.625,94095.64860614976,ensemble
BTC,phase3_crypto,xgb,phase3_crypto_xgb,2025-12-04,2025-12-05,-0.030343059975675362,0.003168142295908183,0.002372039986144296,92141.625,89387.7578125,92434.00568663102,ensemble
BTC,phase3_crypto,xgb,phase3_crypto_xgb,2025-12-05,2025-12-06,-0.0012916460625568118,0.010537713393568992,0.0007346072489044402,89387.7578125,89272.375,90334.68082442798,ensemble
BTC,phase3_crypto,xgb,phase3_crypto_xgb,2025-12-06,2025-12-07,0.012614572226014349,0.004513152729487047,0.004113103270006231,89272.375,90405.640625,89676.18540649913,ensemble
BTC,phase3_crypto,xgb,phase3_crypto_xgb,2025-12-07,2025-12-08,0.002591195979813834,-0.0004952618619427085,0.0019988207491853705,90405.640625,90640.203125,90360.87724480643,ensemble
BTC,phase3_crypto,xgb,phase3_crypto_xgb,2025-12-08,2025-12-09,0.022381192698197744,0.003935056529007852,0.002152707772181953,90640.203125,92691.7109375,90997.58013631318,ensemble
BTC,phase3_crypto,xgb,phase3_crypto_xgb,2025-12-09,2025-12-10,-0.007262832846635849,0.0025781934789847584,0.0029196781437098745,92691.7109375,92020.9453125,92930.99643179968,ensemble
BTC,phase3_crypto,xgb,phase3_crypto_xgb,2025-12-10,2025-12-11,0.0053149701081481185,0.004986100271344185,0.001381175948190635,92020.9453125,92511.3359375,92480.91675179821,ensemble
BTC,phase3_crypto,xgb,phase3_crypto_xgb,2025-12-11,2025-12-12,-0.024521421452147512,-0.0013466278585838154,0.0019789325550884696,92511.3359375,90270.4140625,92386.84143798565,ensemble
BTC,phase3_crypto,xgb,phase3_crypto_xgb,2025-12-12,2025-12-13,0.0003134187556330964,0.0032356956115108916,0.0024108883675857946,90270.4140625,90298.7109375,90562.97470847801,ensemble
BTC,phase3_crypto,xgb,phase3_crypto_xgb,2025-12-13,2025-12-14,-0.02379767101791624,-0.002259478741325438,0.002644817456390585,90298.7109375,88175.1796875,90094.91324474786,ensemble
BTC,phase3_crypto,xgb,phase3_crypto_xgb,2025-12-14,2025-12-15,-0.020108914713088392,0.0034844066249206662,0.002002713355609404,88175.1796875,86419.78125,88482.95376137503,ensemble
BTC,phase3_crypto,xgb,phase3_crypto_xgb,2025-12-15,2025-12-16,0.016345736935078115,0.005671471494133584,0.003635076218978998,86419.78125,87843.984375,86911.30107873603,ensemble
BTC,phase3_crypto,xgb,phase3_crypto_xgb,2025-12-16,2025-12-17,-0.019544833040854463,0.007235100492835045,0.0014210629649015994,87843.984375,86143.7578125,88481.84915503018,ensemble
BTC,phase3_crypto,xgb,phase3_crypto_xgb,2025-12-17,2025-12-18,-0.007939728497768105,-0.004234428587369621,0.0017380796441596907,86143.7578125,85462.5078125,85779.75942826307,ensemble
BTC,phase3_crypto,xgb,phase3_crypto_xgb,2025-12-18,2025-12-19,0.030433154968407768,0.004528737859800458,0.0012105238550784573,85462.5078125,88103.3828125,85850.42282693615,ensemble
BTC,phase3_crypto,xgb,phase3_crypto_xgb,2025-12-19,2025-12-20,0.002727355122150639,0.0013031950278673322,0.0020470467701701085,88103.3828125,88344.0,88218.27354917786,ensemble
BTC,phase3_crypto,xgb,phase3_crypto_xgb,2025-12-20,2025-12-21,0.0031390280669266876,0.009308854769915342,0.0016249252989291244,88344.0,88621.75,89170.22108551479,ensemble
BTC,phase3_crypto,xgb,phase3_crypto_xgb,2025-12-21,2025-12-22,-0.0014875849588890807,0.004358369061083067,0.0031145386038555567,88621.75,88490.015625,89008.8392194359,ensemble
BTC,phase3_crypto,xgb,phase3_crypto_xgb,2025-12-22,2025-12-23,-0.012234274952953525,0.0060645750723779205,0.0018706264236368246,88490.015625,87414.0,89028.30055279056,ensemble
BTC,phase3_crypto,xgb,phase3_crypto_xgb,2025-12-23,2025-12-24,0.002262076104062497,0.005021306313574314,0.0011976988742559292,87414.0,87611.9609375,87854.03632410945,ensemble
BTC,phase3_crypto,xgb,phase3_crypto_xgb,2025-12-24,2025-12-25,-0.0043148578556266,-0.005146072991192341,0.002755202690564597,87611.9609375,87234.7421875,87162.2614771515,ensemble
BTC,phase3_crypto,xgb,phase3_crypto_xgb,2025-12-25,2025-12-26,0.0007641682813230021,-0.0011552972195204348,0.0007458228830758477,87234.7421875,87301.4296875,87134.01832660651,ensemble
BTC,phase3_crypto,xgb,phase3_crypto_xgb,2025-12-26,2025-12-27,0.00571921956587603,0.0041753432713449,0.0004239993330734766,87301.4296875,87802.15625,87666.70516911792,ensemble
BTC,phase3_crypto,xgb,phase3_crypto_xgb,2025-12-27,2025-12-28,0.0003835125589097617,0.003353811823762953,0.0016399569192933673,87802.15625,87835.8359375,88097.122513972,ensemble
BTC,phase3_crypto,xgb,phase3_crypto_xgb,2025-12-28,2025-12-29,-0.007974888882579774,0.0026235880293825177,0.0019254688052645034,87835.8359375,87138.140625,88066.58354619134,ensemble
BTC,phase3_crypto,xgb,phase3_crypto_xgb,2025-12-29,2025-12-30,0.01471809780879094,-0.003841865755384788,0.0020727847962393204,87138.140625,88430.1328125,86804.00984033351,ensemble
BTC,phase3_crypto,xgb,phase3_crypto_xgb,2025-12-30,2025-12-31,-0.010473099349299821,0.01734344083815813,0.004445065873744324,88430.1328125,87508.828125,89977.19247936449,ensemble
BTC,phase3_crypto,xgb,phase3_crypto_xgb,2025-12-31,2026-01-01,0.013880733660550057,0.004864560347050429,0.0009998152623452133,87508.828125,88731.984375,87935.55718343452,ensemble
BTC,phase3_crypto,xgb,phase3_crypto_xgb,2026-01-01,2026-01-02,0.013574570130194884,0.005371565310633741,0.0036782339600191075,88731.984375,89944.6953125,89209.8964430279,ensemble
BTC,phase3_crypto,xgb,phase3_crypto_xgb,2026-01-02,2026-01-03,0.007294409627148249,-0.0010132535477168857,0.0022114866851603897,89944.6953125,90603.1875,89853.60468761914,ensemble
BTC,phase3_crypto,xgb,phase3_crypto_xgb,2026-01-03,2026-01-04,0.008903689947606831,0.007944776769727468,0.0017649793687414788,90603.1875,91413.4921875,91325.87659978992,ensemble
BTC,phase3_crypto,xgb,phase3_crypto_xgb,2026-01-04,2026-01-05,0.02665149838136465,0.009369026776403189,0.003663741433775036,91413.4921875,93882.5546875,92273.9722797348,ensemble
BTC,phase3_crypto,xgb,phase3_crypto_xgb,2026-01-05,2026-01-06,-0.00163660971149983,0.00039089796773623676,0.001514201416813771,93882.5546875,93729.03125,93919.26036095242,ensemble
BTC,phase3_crypto,xgb,phase3_crypto_xgb,2026-01-06,2026-01-07,-0.026168967250151644,0.012077148910611868,0.004458004296523174,93729.03125,91308.0546875,94867.87386119072,ensemble
BTC,phase3_crypto,xgb,phase3_crypto_xgb,2026-01-07,2026-01-08,-0.003081466892755565,7.884839433245361e-05,0.0030575153399273855,91308.0546875,91027.125,91315.25446484344,ensemble
BTC,phase3_crypto,xgb,phase3_crypto_xgb,2026-01-08,2026-01-09,-0.005662930149506993,-0.0013268666341900825,0.0035233625309180876,91027.125,90513.1015625,90906.42423964562,ensemble
BTC,phase3_crypto,xgb,phase3_crypto_xgb,2026-01-09,2026-01-10,-0.0013980466595052143,-0.0021088277571834624,0.0034627771318672083,90513.1015625,90386.6484375,90322.42614300843,ensemble
BTC,phase3_crypto,xgb,phase3_crypto_xgb,2026-01-10,2026-01-11,0.004865110901100388,-0.004833379434421659,0.0018967019739777454,90386.6484375,90827.4609375,89950.82955725264,ensemble
BTC,phase3_crypto,xgb,phase3_crypto_xgb,2026-01-11,2026-01-12,0.004016380962680633,-0.005345669016242028,0.0019264571912101685,90827.4609375,91192.9921875,90343.22283519141,ensemble
BTC,phase3_crypto,xgb,phase3_crypto_xgb,2026-01-12,2026-01-13,0.044280285031478225,-0.00019858869491145014,0.00112070449983311,91192.9921875,95321.78125,91174.88408828781,ensemble
BTC,phase3_crypto,xgb,phase3_crypto_xgb,2026-01-13,2026-01-14,0.016723797821879046,0.019935299083590506,0.002468249237781417,95321.78125,96929.328125,97241.11717205337,ensemble
BTC,phase3_crypto,xgb,phase3_crypto_xgb,2026-01-14,2026-01-15,-0.014320038274756287,-0.004444352863356471,0.0011348389163424882,96929.328125,95551.1875,96499.49585864972,ensemble
BTC,phase3_crypto,xgb,phase3_crypto_xgb,2026-01-15,2026-01-16,-0.00027287855188963723,-0.01804710291326046,0.0018725016178441128,95551.1875,95525.1171875,93842.23261141391,ensemble
BTC,phase3_crypto,xgb,phase3_crypto_xgb,2026-01-16,2026-01-17,-0.004461072057980408,0.0004759343733894639,0.0014107537745814327,95525.1171875,95099.921875,95570.5916948738,ensemble
BTC,phase3_crypto,xgb,phase3_crypto_xgb,2026-01-17,2026-01-18,-0.015529993658124637,0.008752080332487821,0.0034386545156990943,95099.921875,93634.4296875,95935.89695516726,ensemble
BTC,phase3_crypto,xgb,phase3_crypto_xgb,2026-01-18,2026-01-19,-0.011610285761608208,0.006141794566065073,0.0024461952144316586,93634.4296875,92553.59375,94211.28276217179,ensemble
BTC,phase3_crypto,xgb,phase3_crypto_xgb,2026-01-19,2026-01-20,-0.046924255054821146,0.007443489693105221,0.0022926945377882584,92553.59375,88310.90625,93245.08583553908,ensemble
BTC,phase3_crypto,xgb,phase3_crypto_xgb,2026-01-20,2026-01-21,0.011999327760148781,0.00033113772151409647,0.0024477243287549283,88310.90625,89376.9609375,88340.1541645571,ensemble
BTC,phase3_crypto,xgb,phase3_crypto_xgb,2026-01-21,2026-01-22,0.0009560777691027553,0.0011990870058070867,0.0014999847564389995,89376.9609375,89462.453125,89484.19596919659,ensemble
BTC,phase3_crypto,xgb,phase3_crypto_xgb,2026-01-22,2026-01-23,0.00046290133092210693,-0.005121213709935546,0.002248612911603242,89462.453125,89503.875,89005.46794169705,ensemble
BTC,phase3_crypto,xgb,phase3_crypto_xgb,2026-01-23,2026-01-24,-0.004402117623558332,-0.00046886653872206806,0.002643393773790261,89503.875,89110.734375,89461.91946446852,ensemble
BTC,phase3_crypto,xgb,phase3_crypto_xgb,2026-01-24,2026-01-25,-0.028900838361794738,0.0004347807611338794,0.0024922249253581,89110.734375,86572.21875,89149.48643163063,ensemble
BTC,phase3_crypto,xgb,phase3_crypto_xgb,2026-01-25,2026-01-26,0.01938894055131375,0.011061942577362061,0.0012431709704618763,86572.21875,88267.140625,87535.19202049325,ensemble
BTC,phase3_crypto,xgb,phase3_crypto_xgb,2026-01-26,2026-01-27,0.00942027656458104,0.0014877269393764436,0.00512974323954979,88267.140625,89102.5703125,88398.55575864804,ensemble
BTC,phase3_crypto,xgb,phase3_crypto_xgb,2026-01-27,2026-01-28,0.0009198645005418251,0.002284567663446069,0.002730816359172814,89102.5703125,89184.5703125,89306.36386480824,ensemble
BTC,phase3_crypto,xgb,phase3_crypto_xgb,2026-01-28,2026-01-29,-0.053227949504083015,-0.007054448500275612,0.002215417530083307,89184.5703125,84561.5859375,88557.63629105315,ensemble
BTC,phase3_crypto,xgb,phase3_crypto_xgb,2026-01-29,2026-01-30,-0.005132847429550004,0.007358019193634391,0.002528448208397675,84561.5859375,84128.65625,85186.0864356394,ensemble
BTC,phase3_crypto,xgb,phase3_crypto_xgb,2026-01-30,2026-01-31,-0.06770691927198588,0.0010715267271734774,0.001775994790902307,84128.65625,78621.1171875,84218.85066792791,ensemble
BTC,phase3_crypto,xgb,phase3_crypto_xgb,2026-01-31,2026-02-01,-0.021166842147211495,-0.0018814902519807219,0.0020712969945733024,78621.1171875,76974.4453125,78473.33139427342,ensemble
BTC,phase3_crypto,xgb,phase3_crypto_xgb,2026-02-01,2026-02-02,0.022026908157821636,0.009084978513419628,0.0013426892789624226,76974.4453125,78688.765625,77676.94274948725,ensemble
BTC,phase3_crypto,xgb,phase3_crypto_xgb,2026-02-02,2026-02-03,-0.03960046937497693,-0.000739108503330499,0.002768661389356444,78688.765625,75633.546875,78630.62757701945,ensemble
BTC,phase3_crypto,xgb,phase3_crypto_xgb,2026-02-03,2026-02-04,-0.035170615941758965,0.018226638808846472,0.004226741737012711,75633.546875,73019.703125,77024.73201663894,ensemble
BTC,phase3_crypto,xgb,phase3_crypto_xgb,2026-02-04,2026-02-05,-0.1523344080304475,0.006782349850982428,0.003512825881221877,73019.703125,62702.09765625,73516.63156396856,ensemble
BTC,phase3_crypto,xgb,phase3_crypto_xgb,2026-02-05,2026-02-06,0.118003181433477,0.013302117213606834,0.0028663072174834477,62702.09765625,70555.390625,63541.74044124552,ensemble
BTC,phase3_crypto,xgb,phase3_crypto_xgb,2026-02-06,2026-02-07,-0.018213402812750957,0.001750474004074931,0.0023681407030427017,70555.390625,69281.96875,70679.00416171341,ensemble
BTC,phase3_crypto,xgb,phase3_crypto_xgb,2026-02-07,2026-02-08,0.01408523588474713,0.011946922168135643,0.004320323675154259,69281.96875,70264.7265625,70114.63905817021,ensemble
BTC,phase3_crypto,xgb,phase3_crypto_xgb,2026-02-08,2026-02-09,-0.0020507154219692207,-0.004457936086691916,0.004763772945329887,70264.7265625,70120.78125,69952.18805826842,ensemble
BTC,phase3_crypto,xgb,phase3_crypto_xgb,2026-02-09,2026-02-10,-0.01910323758989731,0.008803778840228916,0.0044229858833625905,70120.78125,68793.9609375,70740.83450123318,ensemble
BTC,phase3_crypto,xgb,phase3_crypto_xgb,2026-02-10,2026-02-11,-0.026543221212374526,-0.002893440944899339,0.002356445357396727,68793.9609375,66991.96875,68595.19736815729,ensemble
BTC,phase3_crypto,xgb,phase3_crypto_xgb,2026-02-11,2026-02-12,-0.01156236827483507,-0.003691752260783687,0.003617231259508683,66991.96875,66221.84375,66745.10695458244,ensemble
BTC,phase3_crypto,xgb,phase3_crypto_xgb,2026-02-12,2026-02-13,0.03903376935715579,-0.003709891135804355,0.0035457340603360786,66221.84375,68857.84375,65976.62307114026,ensemble
BTC,phase3_crypto,xgb,phase3_crypto_xgb,2026-02-13,2026-02-14,0.013125933067848304,-0.0022934341803193094,0.002970249109933033,68857.84375,69767.625,68700.1037698323,ensemble
BTC,phase3_crypto,xgb,phase3_crypto_xgb,2026-02-14,2026-02-15,-0.014138040068878806,0.005448581930249929,0.0016413589678556048,69767.625,68788.1875,70148.79710161507,ensemble
BTC,phase3_crypto,xgb,phase3_crypto_xgb,2026-02-15,2026-02-16,0.0007987824782500607,-0.0083790791220963,0.0022653056759162934,68788.1875,68843.15625,68214.21387764045,ensemble
BTC,phase3_crypto,xgb,phase3_crypto_xgb,2026-02-16,2026-02-17,-0.019788873300286218,0.004126196951256133,0.003356753993101683,68843.15625,67494.21875,69127.80352293339,ensemble
BTC,phase3_crypto,xgb,phase3_crypto_xgb,2026-02-17,2026-02-18,-0.015963632260214883,-0.005726735782809555,0.004821140838937271,67494.21875,66425.3203125,67108.80183609555,ensemble
BTC,phase3_crypto,xgb,phase3_crypto_xgb,2026-02-18,2026-02-19,0.007980125994704771,0.0028825216344557703,0.002133061103839884,66425.3203125,66957.5234375,66617.0689624235,ensemble
BTC,phase3_crypto,xgb,phase3_crypto_xgb,2026-02-19,2026-02-20,0.015528995656632263,0.004701179871335626,0.0013855017605780085,66957.5234375,68005.421875,67273.04387697642,ensemble
BTC,phase3_crypto,xgb,phase3_crypto_xgb,2026-02-20,2026-02-21,-2.4354972344490844e-05,0.006004206743091345,0.0022076077015614473,68005.421875,68003.765625,68414.96875930745,ensemble
BTC,phase3_crypto,xgb,phase3_crypto_xgb,2026-02-21,2026-02-22,-0.005076923598302017,0.011445044539868832,0.003035211038488483,68003.765625,67659.390625,68786.54266592328,ensemble
BTC,phase3_crypto,xgb,phase3_crypto_xgb,2026-02-22,2026-02-23,-0.04601267313564273,-0.011782508715987206,0.002297350899018552,67659.390625,64616.73828125,66866.87136638052,ensemble
BTC,phase3_crypto,xgb,phase3_crypto_xgb,2026-02-23,2026-02-24,-0.00834051043874472,-0.0020703583722934127,0.00263674635298651,64616.73828125,64080.04296875,64483.09686670639,ensemble
BTC,phase3_crypto,xgb,phase3_crypto_xgb,2026-02-24,2026-02-25,0.05878816281087323,5.7390594156458975e-05,0.004072130365929688,64080.04296875,67960.125,64083.72066602115,ensemble
BTC,phase3_crypto,xgb,phase3_crypto_xgb,2026-02-25,2026-02-26,-0.007478610812400483,0.029148601368069647,0.004818091399879755,67960.125,67453.7734375,69970.22101665563,ensemble
BTC,phase3_crypto,xgb,phase3_crypto_xgb,2026-02-26,2026-02-27,-0.023580345399758597,-0.006420362275093794,0.005055221458845341,67453.7734375,65881.796875,67022.08306240181,ensemble
BTC,phase3_crypto,xgb,phase3_crypto_xgb,2026-02-27,2026-02-28,0.016768637200983844,-0.008084318414330483,0.0015752267954451526,65881.796875,66995.859375,65351.334553591296,ensemble
BTC,phase3_crypto,xgb,phase3_crypto_xgb,2026-02-28,2026-03-01,-0.018952127255243773,-0.003477307382854633,0.003043539527514996,66995.859375,65738.1015625,66763.29875529163,ensemble
BTC,phase3_crypto,xgb,phase3_crypto_xgb,2026-03-01,2026-03-02,0.04517399874225875,-0.001421009103069082,0.006297213584571974,65738.1015625,68775.8515625,65644.75346171958,ensemble
BTC,phase3_crypto,xgb,phase3_crypto_xgb,2026-03-02,2026-03-03,-0.007035921401254354,0.014511867985129356,0.002039185427000805,68775.8515625,68293.6484375,69781.19470116019,ensemble
BTC,phase3_crypto,xgb,phase3_crypto_xgb,2026-03-03,2026-03-04,0.06267011054362281,-0.005566100403666496,0.0018739093961217634,68293.6484375,72710.578125,67914.57509220138,ensemble
BTC,phase3_crypto,xgb,phase3_crypto_xgb,2026-03-04,2026-03-05,-0.026047184090688055,-0.0017648649460170417,0.0013278693424554214,72710.578125,70841.125,72582.36694544958,ensemble
BTC,phase3_crypto,xgb,phase3_crypto_xgb,2026-03-05,2026-03-06,-0.03892676222985379,-0.007409031223505736,0.003022037247860484,70841.125,68136.4921875,70318.20046716729,ensemble
BTC,phase3_crypto,xgb,phase3_crypto_xgb,2026-03-06,2026-03-07,-0.012760002816373808,0.014060989953577518,0.005701167215870168,68136.4921875,67272.59375,69101.32608297026,ensemble
BTC,phase3_crypto,xgb,phase3_crypto_xgb,2026-03-07,2026-03-08,-0.019556151272463178,-0.003975147427991032,0.0014636749652462526,67272.59375,65969.78125,67005.70608233522,ensemble
BTC,phase3_crypto,xgb,phase3_crypto_xgb,2026-03-08,2026-03-09,0.036210883133673905,-0.0021266264375299215,0.003197879209313296,65969.78125,68402.3828125,65829.63723891244,ensemble
BTC,phase3_crypto,xgb,phase3_crypto_xgb,2026-03-09,2026-03-10,0.022043063053682945,0.005599061748944223,0.0038580325688650544,68402.3828125,69926.921875,68786.44617152469,ensemble
BTC,phase3_crypto,xgb,phase3_crypto_xgb,2026-03-10,2026-03-11,0.003967140831024369,-0.00306173094204496,0.0030127778986072033,69926.921875,70204.8828125,69713.151874719,ensemble
BTC,phase3_crypto,xgb,phase3_crypto_xgb,2026-03-11,2026-03-12,0.004102088510358853,0.0012521377939265221,0.0033616344504915083,70204.8828125,70493.4609375,70292.8440578951,ensemble
BTC,phase3_crypto,xgb,phase3_crypto_xgb,2026-03-12,2026-03-13,0.006712861238543366,0.0022809562273323537,0.003027872504823914,70493.4609375,70968.265625,70654.43695604427,ensemble
BTC,phase3_crypto,xgb,phase3_crypto_xgb,2026-03-13,2026-03-14,0.0034653905327112298,-0.0013467595097608864,0.0016268661860389007,70968.265625,71214.625,70872.75276923816,ensemble
BTC,phase3_crypto,xgb,phase3_crypto_xgb,2026-03-14,2026-03-15,0.021879197879022205,-0.00425808122381568,0.0011251006979186777,71214.625,72789.9140625,70912.03203234251,ensemble
BTC,phase3_crypto,xgb,phase3_crypto_xgb,2026-03-15,2026-03-16,0.028056806108927662,-0.0029993890173500405,0.0026865526606189116,72789.9140625,74861.0859375,72571.91588778462,ensemble
BTC,phase3_crypto,xgb,phase3_crypto_xgb,2026-03-16,2026-03-17,-0.012617278563279094,-0.005038029607385397,0.0022145013894259505,74861.0859375,73922.4765625,74484.88202904601,ensemble
BTC,phase3_crypto,xgb,phase3_crypto_xgb,2026-03-17,2026-03-18,-0.03688417423341742,-0.0003347490215674043,0.0035924177252271276,73922.4765625,71245.578125,73897.7352270988,ensemble
BTC,phase3_crypto,xgb,phase3_crypto_xgb,2026-03-18,2026-03-19,-0.01888416104762736,-0.0059704436920583245,0.0026166623715842057,71245.578125,69912.7890625,70821.47770612841,ensemble
BTC,phase3_crypto,xgb,phase3_crypto_xgb,2026-03-19,2026-03-20,0.008684431647448684,-0.006208336714189499,0.004986399812263769,69912.7890625,70522.5859375,69480.09148330912,ensemble
BTC,phase3_crypto,xgb,phase3_crypto_xgb,2026-03-20,2026-03-21,-0.026016105631017767,-0.0022388803627109155,0.0013388823795632307,70522.5859375,68711.5234375,70364.87092312123,ensemble
BTC,phase3_crypto,xgb,phase3_crypto_xgb,2026-03-21,2026-03-22,-0.012688120086084904,0.002194047177908942,0.0038187113052648718,68711.5234375,67845.2109375,68862.44526585084,ensemble
BTC,phase3_crypto,xgb,phase3_crypto_xgb,2026-03-22,2026-03-23,0.04425119303469704,-0.005402680346742272,0.0028578152514973465,67845.2109375,70914.859375,67479.653334373,ensemble
BTC,phase3_crypto,xgb,phase3_crypto_xgb,2026-03-23,2026-03-24,-0.005613991531695598,-0.012683072127401829,0.0036767846751095843,70914.859375,70517.859375,70021.12075489108,ensemble
BTC,phase3_crypto,xgb,phase3_crypto_xgb,2026-03-24,2026-03-25,0.011168924480813245,0.005821464350447059,0.0028002083062088536,70517.859375,71309.8828125,70929.57380713547,ensemble
BTC,phase3_crypto,xgb,phase3_crypto_xgb,2026-03-25,2026-03-26,-0.03595291880741613,-0.0033080229186452925,0.0017670564837494744,71309.8828125,68791.625,71074.37782853373,ensemble
BTC,phase3_crypto,xgb,phase3_crypto_xgb,2026-03-26,2026-03-27,-0.03631346968520713,0.00539530050009489,0.0033860276208325505,68791.625,66338.375,69163.77952876072,ensemble
BTC,phase3_crypto,xgb,phase3_crypto_xgb,2026-03-27,2026-03-28,-0.0002816215791388498,-0.0029748336412012575,0.0031937145847168013,66338.375,66319.6953125,66141.32261469994,ensemble
BTC,phase3_crypto,xgb,phase3_crypto_xgb,2026-03-28,2026-03-29,-0.005515409833700628,-0.0047549869865179065,0.0018149909263373795,66319.6953125,65954.921875,66005.09457829517,ensemble
BTC,phase3_crypto,xgb,phase3_crypto_xgb,2026-03-29,2026-03-30,0.011105181731209317,-0.005968850757926703,0.0012479503451761416,65954.921875,66691.4453125,65562.41934938861,ensemble
BTC,phase3_crypto,xgb,phase3_crypto_xgb,2026-03-30,2026-03-31,0.022856210162579323,-0.00534243774600327,0.003965569369659007,66691.4453125,68233.3125,66336.10046676203,ensemble
BTC,phase3_crypto,xgb,phase3_crypto_xgb,2026-03-31,2026-04-01,-0.002270644254019965,0.001418135699350387,0.0050393629155617,68233.3125,68078.5546875,68330.14524109627,ensemble
BTC,phase3_crypto,xgb,phase3_crypto_xgb,2026-04-01,2026-04-02,-0.017634149228875802,-0.0028311665635555984,0.0006797606089911599,68078.5546875,66888.5703125,67886.08554443615,ensemble
BTC,phase3_crypto,xgb,phase3_crypto_xgb,2026-04-02,2026-04-03,0.0006356502125007872,0.0072287446819245815,0.00229023334465609,66888.5703125,66931.1015625,67373.84255083767,ensemble
BTC,phase3_crypto,xgb,phase3_crypto_xgb,2026-04-03,2026-04-04,0.005355544495529739,0.001261508755851537,0.0018095249306007725,66931.1015625,67290.515625,67015.58901278455,ensemble
BTC,phase3_crypto,xgb,phase3_crypto_xgb,2026-04-04,2026-04-05,0.024824828794848448,0.014120396040380002,0.002788389327361076,67290.515625,68981.8984375,68247.42442154512,ensemble
BTC,phase3_crypto,xgb,phase3_crypto_xgb,2026-04-05,2026-04-06,-0.0017711667933321205,-0.004191757366061211,0.0018632383143775012,68981.8984375,68859.828125,68693.34824530194,ensemble
BTC,phase3_crypto,xgb,phase3_crypto_xgb,2026-04-06,2026-04-07,0.043769250088650125,0.0019754467532038687,0.0019123713458235232,68859.828125,71940.703125,68995.99149636042,ensemble
BTC,phase3_crypto,xgb,phase3_crypto_xgb,2026-04-07,2026-04-08,-0.011426386592901714,-0.01259694080799818,0.005592337717890829,71940.703125,71123.359375,71040.15433439788,ensemble
BTC,phase3_crypto,xgb,phase3_crypto_xgb,2026-04-08,2026-04-09,0.00902047398791368,0.012775601260364056,0.0016053838164268926,71123.359375,71767.828125,72037.83208601891,ensemble
BTC,phase3_crypto,xgb,phase3_crypto_xgb,2026-04-09,2026-04-10,0.01673607145352826,0.016929304227232933,0.0035214839614034774,71767.828125,72979.046875,72993.1501812166,ensemble
BTC,phase3_crypto,xgb,phase3_crypto_xgb,2026-04-10,2026-04-11,0.0010302658186926742,0.004687003651633858,0.0010256762184846179,72979.046875,73054.2734375,73321.90279000394,ensemble
BTC,phase3_crypto,xgb,phase3_crypto_xgb,2026-04-11,2026-04-12,-0.03200195641601119,-0.00928648579865694,0.0017326428349329246,73054.2734375,70753.40625,72378.9962934141,ensemble
BTC,phase3_crypto,xgb,phase3_crypto_xgb,2026-04-12,2026-04-13,0.05139225778223328,0.00517139807343483,0.0028700983239417083,70753.40625,74484.640625,71120.2480035911,ensemble
BTC,phase3_crypto,xgb,phase3_crypto_xgb,2026-04-13,2026-04-14,-0.004076670658997154,-0.006687162723392248,0.0008847993361103488,74484.640625,74181.609375,73988.21141415212,ensemble
BTC,phase3_crypto,xgb,phase3_crypto_xgb,2026-04-14,2026-04-15,0.00836950468372944,0.0012781508965417742,0.002750909413857513,74181.609375,74805.078125,74276.48528547827,ensemble
BTC,phase3_crypto,xgb,phase3_crypto_xgb,2026-04-15,2026-04-16,0.004628724487070657,-0.017306721955537795,0.003028066639550435,74805.078125,75152.1328125,73521.58599383585,ensemble
BTC,phase3_crypto,xgb,phase3_crypto_xgb,2026-04-16,2026-04-17,0.025937296578403095,0.006712447479367256,0.0010445515869450571,75152.1328125,77126.875,75658.28441451967,ensemble
BTC,phase3_crypto,xgb,phase3_crypto_xgb,2026-04-17,2026-04-18,-0.018327445076503752,0.0006395299773430452,0.0018835384421194968,77126.875,75726.2109375,77176.21572437577,ensemble
BTC,phase3_crypto,xgb,phase3_crypto_xgb,2026-04-18,2026-04-19,-0.025002336494923415,4.938312340527773e-05,0.0022191087191406563,75726.2109375,73856.3515625,75729.95062665775,ensemble
BTC,phase3_crypto,xgb,phase3_crypto_xgb,2026-04-19,2026-04-20,0.02693259727225901,-0.010209133662283421,0.002089275613158552,73856.3515625,75872.5234375,73106.17802419765,ensemble
BTC,phase3_crypto,xgb,phase3_crypto_xgb,2026-04-20,2026-04-21,0.006309747501944813,-0.006426908820867538,0.0033979171499629187,75872.5234375,76352.7734375,75386.46125908077,ensemble
BTC,phase3_crypto,xgb,phase3_crypto_xgb,2026-04-21,2026-04-22,0.02394495237334366,0.0012752148788422347,0.0027245951560127325,76352.7734375,78203.1015625,76450.20173803465,ensemble
BTC,phase3_crypto,xgb,phase3_crypto_xgb,2026-04-22,2026-04-23,0.0008417038623198857,-0.023141898959875108,0.005126342003931567,78203.1015625,78268.953125,76414.11341918113,ensemble
BTC,phase3_crypto,xgb,phase3_crypto_xgb,2026-04-23,2026-04-24,-0.010449855400701123,0.005114512238651514,0.002013488813360998,78268.953125,77455.3125,78670.2860799728,ensemble
BTC,phase3_crypto,xgb,phase3_crypto_xgb,2026-04-24,2026-04-25,0.0020210985800430967,0.012352325022220612,0.0019160255336892838,77455.3125,77612.015625,78417.99916345398,ensemble
BTC,phase3_crypto,xgb,phase3_crypto_xgb,2026-04-25,2026-04-26,0.01338122502813899,-0.0014196481002727523,0.001496003598187382,77612.015625,78657.5390625,77501.91204711911,ensemble
BTC,phase3_crypto,xgb,phase3_crypto_xgb,2026-04-26,2026-04-27,-0.016547994707933746,0.006398446136154234,0.0029750899027624995,78657.5390625,77366.625,79162.438653259,ensemble
BTC,phase3_crypto,xgb,phase3_crypto_xgb,2026-04-27,2026-04-28,-0.013218654490737211,0.0016222365607973187,0.001010139131550492,77366.625,76350.671875,77492.23382372705,ensemble
BTC,phase3_crypto,xgb,phase3_crypto_xgb,2026-04-28,2026-04-29,-0.0075534590417408835,-0.0055805760435760025,0.0009722584664643318,76350.671875,75776.1328125,75925.77782410385,ensemble
BTC,phase3_crypto,xgb,phase3_crypto_xgb,2026-04-29,2026-04-30,0.006946186875134918,0.0026227928159642034,0.0019131194328506425,75776.1328125,76304.3203125,75975.13877088031,ensemble
BTC,phase3_crypto,xgb,phase3_crypto_xgb,2026-04-30,2026-05-01,0.02427150989403538,-0.0035838302224874496,0.001522445208676981,76304.3203125,78179.0,76031.3480186037,ensemble
BTC,phase3_crypto,xgb,phase3_crypto_xgb,2026-05-01,2026-05-02,0.006098736514783506,0.0009926620099577122,0.0019833912324744205,78179.0,78657.25,78256.64385395283,ensemble
BTC,phase3_crypto,xgb,phase3_crypto_xgb,2026-05-02,2026-05-03,-0.0015143369624661424,0.003275539935566485,0.0017341669240742777,78657.25,78538.2265625,78915.31738787718,ensemble
BTC,phase3_crypto,xgb,phase3_crypto_xgb,2026-05-03,2026-05-04,0.01628767686490818,0.006877309270203113,0.005177483699173348,78538.2265625,79827.90625,79080.21982751966,ensemble
BTC,phase3_crypto,xgb,phase3_crypto_xgb,2026-05-04,2026-05-05,0.013675043806522565,0.003595445642713457,0.0027738286803673973,79827.90625,80927.0546875,80115.43974346571,ensemble
BTC,phase3_crypto,xgb,phase3_crypto_xgb,2026-05-05,2026-05-06,0.006165248057273942,0.0071616014931350945,0.005212208551572886,80927.0546875,81427.53125,81508.70228133761,ensemble
BTC,phase3_crypto,xgb,phase3_crypto_xgb,2026-05-06,2026-05-07,-0.017561908350902416,-0.004951383313164115,0.002750173469838871,81427.53125,80009.9921875,81025.34883185856,ensemble
BTC,phase3_crypto,xgb,phase3_crypto_xgb,2026-05-07,2026-05-08,0.0022069548930199264,0.006199324503540993,0.0017336531349952155,80009.9921875,80186.765625,80507.54073157103,ensemble
BTC,phase3_crypto,xgb,phase3_crypto_xgb,2026-05-08,2026-05-09,0.005938447031188693,0.0003188884729752317,0.0009806069753160304,80186.765625,80664.3671875,80212.3403377668,ensemble
BTC,phase3_crypto,xgb,phase3_crypto_xgb,2026-05-09,2026-05-10,0.018115146956791082,-0.0006967775931116194,0.0018805890262176116,80664.3671875,82138.9296875,80608.18164056947,ensemble
BTC,phase3_crypto,xgb,phase3_crypto_xgb,2026-05-10,2026-05-11,-0.005011785219488408,-0.0018988040857948363,0.0062714721879155895,82138.9296875,81728.296875,81983.11193271745,ensemble
BTC,phase3_crypto,xgb,phase3_crypto_xgb,2026-05-11,2026-05-12,-0.015422747705667463,-0.005445036292076111,0.0014101014910921528,81728.296875,80477.4921875,81284.49269386967,ensemble
BTC,phase3_crypto,xgb,phase3_crypto_xgb,2026-05-12,2026-05-13,-0.015028018231235505,0.006489364337176085,0.0022126106982941996,80477.4921875,79277.1171875,81001.4381546908,ensemble
BTC,phase3_crypto,xgb,phase3_crypto_xgb,2026-05-13,2026-05-14,0.022132143698821827,-0.005244657740695402,0.0036066161846558423,79277.1171875,81051.25,78862.42425299695,ensemble
BTC,phase3_crypto,xgb,phase3_crypto_xgb,2026-05-14,2026-05-15,-0.02480277513696735,0.015272102691233158,0.0017148307246342984,81051.25,79065.6796875,82298.57339532861,ensemble
BTC,phase3_crypto,xgb,phase3_crypto_xgb,2026-05-15,2026-05-16,-0.011886390842574117,-0.0019847073665005153,0.0013195211553598829,79065.6796875,78131.4375,78908.91306997662,ensemble
BTC,phase3_crypto,xgb,phase3_crypto_xgb,2026-05-16,2026-05-17,-0.009026576797854137,0.0020779258600668983,0.0024238668642039547,78131.4375,77429.3515625,78293.9576283771,ensemble
BTC,phase3_crypto,xgb,phase3_crypto_xgb,2026-05-17,2026-05-18,-0.006155853649121142,0.011304388288408518,0.003761340390265577,77429.3515625,76954.171875,78309.609029654,ensemble
BTC,phase3_crypto,xgb,phase3_crypto_xgb,2026-05-18,2026-05-19,-0.002644879999712329,0.0042147058295086024,0.0019377371007941783,76954.171875,76750.90625,77279.19553021745,ensemble
BTC,phase3_crypto,xgb,phase3_crypto_xgb,2026-05-19,2026-05-20,0.009167734783614812,0.0023259898414835336,0.002419689212800626,76750.90625,77457.7734375,76929.6358593093,ensemble
BTC,phase3_crypto,xgb,phase3_crypto_xgb,2026-05-20,2026-05-21,0.0010503232153248991,-0.004753676569089293,0.0038680674616416535,77457.7734375,77539.171875,77090.4380234282,ensemble
BTC,phase3_crypto,xgb,phase3_crypto_xgb,2026-05-21,2026-05-22,-0.026806340702622146,0.012755993381142616,0.001282127446717382,77539.171875,75488.2421875,78534.59635471909,ensemble
BTC,phase3_crypto,xgb,phase3_crypto_xgb,2026-05-22,2026-05-23,0.015577503022418466,0.0033997139893472196,0.0013202840792978796,75488.2421875,76673.3671875,75745.31736392551,ensemble
BTC,phase3_crypto,xgb,phase3_crypto_xgb,2026-05-23,2026-05-24,0.004005847400396048,0.012900534272193908,0.003140313894252413,76673.3671875,76981.125,77668.90224906958,ensemble
BTC,phase3_crypto,xgb,phase3_crypto_xgb,2026-05-24,2026-05-25,0.003874018128693613,0.0026466356823220847,0.0011659621421011303,76981.125,77279.9296875,77185.1358443946,ensemble
BTC,phase3_crypto,xgb,phase3_crypto_xgb,2026-05-25,2026-05-26,-0.018996541405031864,-0.006117873964831233,0.0029710123204901235,77279.9296875,75825.734375,76808.58410423795,ensemble
BTC,phase3_crypto,xgb,phase3_crypto_xgb,2026-05-26,2026-05-27,-0.019725310724108713,-0.009653772041201592,0.001624083847804641,75825.734375,74344.703125,75097.25197956453,ensemble
BTC,phase3_crypto,xgb,phase3_crypto_xgb,2026-05-27,2026-05-28,-0.010929802661887332,0.004989412962459028,0.0034227663606714344,74344.703125,73536.5546875,74716.56646891858,ensemble
BTC,phase3_crypto,xgb,phase3_crypto_xgb,2026-05-28,2026-05-29,-0.0022330998228095003,-0.0018879604060202837,0.000835540801971693,73536.5546875,73372.5234375,73397.85155806252,ensemble
BTC,phase3_crypto,xgb,phase3_crypto_xgb,2026-05-29,2026-05-30,0.005197039654902875,0.004181251756381244,0.0022736773115354237,73372.5234375,73754.8359375,73679.9547058604,ensemble
BTC,phase3_crypto,xgb,phase3_crypto_xgb,2026-05-30,2026-05-31,-0.002377562514476544,0.0005819944082759321,0.0012793215130674656,73754.8359375,73579.6875,73797.77333304902,ensemble
BTC,phase3_crypto,xgb,phase3_crypto_xgb,2026-05-31,2026-06-01,-0.031195386303294676,-0.005913632002193481,0.003471460535138687,73579.6875,71319.7734375,73145.84835213947,ensemble
BTC,phase3_crypto,xgb,phase3_crypto_xgb,2026-06-01,2026-06-02,-0.06691384852525814,-0.004282715171575547,0.0018131905145797342,71319.7734375,66703.65625,71014.98429017972,ensemble
BTC,phase3_crypto,xgb,phase3_crypto_xgb,2026-06-02,2026-06-03,-0.041152222290191665,0.0017780885566025973,0.004255910357195225,66703.65625,64014.3671875,66822.36676548999,ensemble
BTC,phase3_crypto,xgb,phase3_crypto_xgb,2026-06-03,2026-06-04,-0.003329681149437111,0.007536779763177038,0.004268029431652217,64014.3671875,63801.57421875,64498.65205646877,ensemble
BTC,phase3_crypto,xgb,phase3_crypto_xgb,2026-06-04,2026-06-05,-0.046172542625212365,0.00635160505771637,0.003631941838915074,63801.57421875,60922.66796875,64208.10631919846,ensemble
BTC,phase3_crypto,xgb,phase3_crypto_xgb,2026-06-05,2026-06-06,-0.0009073630482773938,-0.0019905407796613874,0.003303781574205351,60922.66796875,60867.4140625,60801.5195292088,ensemble
BTC,phase3_crypto,xgb,phase3_crypto_xgb,2026-06-06,2026-06-07,0.0382314561194156,-0.009249953273683786,0.002173136206607251,60867.4140625,63239.51953125,60306.98927398493,ensemble
BTC,phase3_crypto,xgb,phase3_crypto_xgb,2026-06-07,2026-06-08,-0.0023577871851843952,0.0048207375104539095,0.004187376648791167,63239.51953125,63090.58984375,63545.11666515355,ensemble
BTC,phase3_crypto,xgb,phase3_crypto_xgb,2026-06-08,2026-06-09,-0.023199274916972237,-0.002320590242743492,0.003241555435125378,63090.58984375,61643.78125,62944.35218102213,ensemble
BTC,phase3_crypto,xgb,phase3_crypto_xgb,2026-06-09,2026-06-10,-0.00316008608540611,-0.0005216590012423694,0.0029877684848732887,61643.78125,61449.2890625,61611.63260268499,ensemble
BTC,phase3_crypto,xgb,phase3_crypto_xgb,2026-06-10,2026-06-11,0.03378866852406486,-0.0004768998711369932,0.0021001578148238096,61449.2890625,63561.0546875,61419.99089116698,ensemble
BTC,phase3_crypto,xgb,phase3_crypto_xgb,2026-06-11,2026-06-12,-0.0002809578486747506,-0.008572437893599271,0.0027405538480574834,63561.0546875,63543.19921875,63018.510280335926,ensemble
BTC,phase3_crypto,xgb,phase3_crypto_xgb,2026-06-12,2026-06-13,0.01372472245570358,-0.0035624401294626295,0.002641685697510281,63543.19921875,64421.32421875,63317.23311024266,ensemble
BTC,phase3_crypto,xgb,phase3_crypto_xgb,2026-06-13,2026-06-14,0.019812484755317328,0.0025833839783445,0.004458948044632466,64421.32421875,65710.3984375,64587.96439069771,ensemble
BTC,phase3_crypto,xgb,phase3_crypto_xgb,2026-06-14,2026-06-15,0.0087743291428838,-0.0021098405530210586,0.0016731562004530934,65710.3984375,66289.5,65571.90612384524,ensemble
BTC,phase3_crypto,xgb,phase3_crypto_xgb,2026-06-15,2026-06-16,-0.010446052081715382,0.004437344300094992,0.00296328080264526,66289.5,65600.640625,66584.30292229168,ensemble
BTC,phase3_crypto,xgb,phase3_crypto_xgb,2026-06-16,2026-06-17,-0.01818545153086442,0.008422177284955978,0.002714026580558981,65600.640625,64418.4453125,66155.47402330668,ensemble
BTC,phase3_crypto,xgb,phase3_crypto_xgb,2026-06-17,2026-06-18,-0.023909926459543353,0.00011640764787443914,0.0007163499669673454,64418.4453125,62896.47265625,64425.944548674306,ensemble
BTC,phase3_crypto,xgb,phase3_crypto_xgb,2026-06-18,2026-06-19,0.0101927013006599,0.0105675607919693,0.0026371301641519834,62896.47265625,63540.8359375,63564.65928786243,ensemble
BTC,phase3_crypto,xgb,phase3_crypto_xgb,2026-06-19,2026-06-20,0.01093823779640829,0.0035296956077218054,0.001481505253157957,63540.8359375,64239.67578125,63765.51203286782,ensemble
BTC,phase3_crypto,xgb,phase3_crypto_xgb,2026-06-20,2026-06-21,-0.01572292530514671,0.010195328947156667,0.002515011475208147,64239.67578125,63237.5390625,64897.97047057054,ensemble
BTC,phase3_crypto,xgb,phase3_crypto_xgb,2026-06-21,2026-06-22,0.011236353824842346,0.004122232086956501,0.003100796495788621,63237.5390625,63952.10546875,63498.756905508955,ensemble
BTC,phase3_crypto,xgb,phase3_crypto_xgb,2026-06-22,2026-06-23,-0.02028318896027214,0.0056369446218013765,0.0019173789841465633,63952.10546875,62668.01953125,64313.61790124734,ensemble
BTC,phase3_crypto,xgb,phase3_crypto_xgb,2026-06-23,2026-06-24,-0.027057191162537193,0.012884624674916268,0.0013267196735819587,62668.01953125,60995.1328125,63480.69772585486,ensemble
BTC,phase3_crypto,xgb,phase3_crypto_xgb,2026-06-24,2026-06-25,-0.021099038116469408,0.0035121737862937154,0.002421771162153877,60995.1328125,59721.67578125,61209.73495847175,ensemble
BTC,phase3_crypto,xgb,phase3_crypto_xgb,2026-06-25,2026-06-26,0.004923319948585001,0.005671544931828976,0.0030536224272325694,59721.67578125,60016.4296875,60061.352283605855,ensemble
BTC,phase3_crypto,xgb,phase3_crypto_xgb,2026-06-26,2026-06-27,-0.0012726617424323222,-0.007746055629104376,0.00179029536781986,60016.4296875,59940.09765625,59553.33497869278,ensemble
BTC,phase3_crypto,xgb,phase3_crypto_xgb,2026-06-27,2026-06-28,-0.006825999440473744,-0.00528343222104013,0.0029970831765778515,59940.09765625,59532.33984375,59624.24334512964,ensemble
BTC,phase3_crypto,xgb,phase3_crypto_xgb,2026-06-28,2026-06-29,0.010128530183576383,0.009872374963015318,0.0036823349917405874,59532.33984375,60138.37890625,60122.97611937344,ensemble
BTC,phase3_crypto,xgb,phase3_crypto_xgb,2026-06-29,2026-06-30,-0.026615830286262104,-0.010095386765897274,0.004729582619703281,60138.37890625,58558.859375,59534.31298165294,ensemble
BTC,phase3_crypto,xgb,phase3_crypto_xgb,2026-06-30,2026-07-01,0.024374798891813786,-0.007738990150392056,0.0037958424871561603,58558.859375,60003.7578125,58107.422026794695,ensemble
BTC,phase3_crypto,xgb,phase3_crypto_xgb,2026-07-01,2026-07-02,0.024390944088390595,0.01869760863482952,0.0014068779019799848,60003.7578125,61485.30078125,61136.238944380595,ensemble
BTC,phase3_crypto,xgb,phase3_crypto_xgb,2026-07-02,2026-07-03,0.01707535974546987,0.0018669042154215276,0.0029431545598141646,61485.30078125,62544.19921875,61600.19516349783,ensemble
BTC,phase3_crypto,xgb,phase3_crypto_xgb,2026-07-03,2026-07-04,0.00866191238397133,0.0013142227660864591,0.0021138948387652338,62544.19921875,63088.3046875,62626.45026551048,ensemble
BTC,phase3_crypto,xgb,phase3_crypto_xgb,2026-07-04,2026-07-05,0.007258275090508953,0.0014601490227505564,0.0018616568953833002,63088.3046875,63547.8828125,63180.49029992381,ensemble
BTC,phase3_crypto,xgb,phase3_crypto_xgb,2026-07-05,2026-07-06,0.007011517689840301,-0.000937422295100987,0.0044776505556188406,63547.8828125,63995.015625,63488.33952330886,ensemble
BTC,phase3_crypto,xgb,phase3_crypto_xgb,2026-07-06,2026-07-07,-0.01096103180817717,0.006596589414402843,0.002018707387123136,63995.015625,63297.39453125,64418.55990562944,ensemble
BTC,phase3_crypto,xgb,phase3_crypto_xgb,2026-07-07,2026-07-08,-0.016563965519348627,-0.013439393788576125,0.0033445546207422246,63297.39453125,62257.57421875,62452.40670070145,ensemble
BTC,phase3_crypto,xgb,phase3_crypto_xgb,2026-07-08,2026-07-09,0.014915682336986301,0.00045125336619094013,0.006311904277114496,62257.57421875,63193.1484375,62285.674498383145,ensemble
BTC,phase3_crypto,xgb,phase3_crypto_xgb,2026-07-09,2026-07-10,0.01467180052315595,0.009802100248634815,0.001842204805869215,63193.1484375,64127.140625,63815.61979285144,ensemble
BTC,phase3_crypto,xgb,phase3_crypto_xgb,2026-07-10,2026-07-11,-0.005082718606355573,0.007207687571644783,0.0017421257571181659,64127.140625,63802.02734375,64591.01875557279,ensemble
BTC,phase3_crypto,xgb,phase3_crypto_xgb,2026-07-11,2026-07-12,-0.0006868690961942699,-0.005637609865516424,0.0016767664393511396,63802.02734375,63758.21875,63443.34840091023,ensemble
BTC,phase3_crypto,xgb,phase3_crypto_xgb,2026-07-12,2026-07-13,-0.024114338771437895,0.013123982958495617,0.004148620439189477,63758.21875,62239.12109375,64600.49544949597,ensemble
BTC,phase3_crypto,xgb,phase3_crypto_xgb,2026-07-13,2026-07-14,0.04272810304426096,0.009067353699356318,0.0012199581566466496,62239.12109375,64956.11328125,62806.03152320429,ensemble
BTC,phase3_crypto,xgb,phase3_crypto_xgb,2026-07-14,2026-07-15,-0.0037594109647903352,0.010609724652022123,0.004504081665829525,64956.11328125,64712.375,65648.94865475578,ensemble
BTC,phase3_crypto,xgb,phase3_crypto_xgb,2026-07-15,2026-07-16,-0.014367279855176223,-0.009544914495199919,0.00342050991110937,64712.375,63789.28125,64097.63938044368,ensemble
BTC,phase3_crypto,xgb,phase3_crypto_xgb,2026-07-16,2026-07-17,0.0017257545646935989,-0.003117699106223881,0.0021672767167501927,63789.28125,63899.4609375,63590.71516035961,ensemble
BTC,phase3_crypto,xgb,phase3_crypto_xgb,2026-07-17,2026-07-18,0.01394223164475083,-0.0017929865163750947,0.0010613906206201373,63899.4609375,64796.6015625,63784.99271629006,ensemble
BTC,phase3_crypto,xgb,phase3_crypto_xgb,2026-07-18,2026-07-19,-0.0016340878484766735,-0.0006166505394503474,0.0017289503209481942,64796.6015625,64690.8046875,64756.657020369435,ensemble
BTC,phase3_crypto,xgb,phase3_crypto_xgb,2026-07-19,2026-07-20,0.008300835886390828,-0.006876849103718996,0.001860466351145619,64690.8046875,65230.02734375,64247.46193305513,ensemble
BTC,phase3_crypto,xgb,phase3_crypto_xgb,2026-07-20,2026-07-21,0.019359107363714313,0.009372710902243852,0.0029616141319490407,65230.02734375,66505.125,65844.2836588749,ensemble
BTC,phase3_crypto,xgb,phase3_crypto_xgb,2026-07-21,2026-07-22,-0.006098209978869257,0.00851877499371767,0.00307147235728798,66505.125,66100.796875,67074.08718545071,ensemble
BTC,phase3_crypto,xgb,phase3_crypto_xgb,2026-07-22,2026-07-23,-0.016104346952909084,0.008900873456150293,0.0021380222561238654,66100.796875,65044.8125,66691.77792537928,ensemble
BTC,phase3_crypto,xgb,phase3_crypto_xgb,2026-07-23,2026-07-24,-0.014655553654227636,-0.007959893299266696,0.0038452601286519143,65044.8125,64098.49609375,64529.1178927141,ensemble
BTC,phase3_crypto,xgb,phase3_crypto_xgb,2026-07-24,2026-07-25,0.0033224217714330475,-0.004891932150349021,0.000986774283033831,64098.49609375,64311.8125,63785.69632135227,ensemble
BTC,phase3_crypto,xgb,phase3_crypto_xgb,2026-07-25,2026-07-26,0.015865685940396487,0.005544485570862889,0.001836693809728754,64311.8125,65340.30078125,64669.37876092501,ensemble
BTC,phase3_crypto,xgb,phase3_crypto_xgb,2026-07-26,2026-07-27,-0.02503365298859531,0.006478927563875914,0.0013969603041775341,65340.30078125,63724.8984375,65765.01020215014,ensemble
BTC,phase3_crypto,xgb,phase3_crypto_xgb,2026-07-27,2026-07-28,0.0022957554728576246,-0.001736817485652864,0.002034624201644766,63724.8984375,63871.36328125,63614.31597819475,ensemble
BTC,phase3_crypto,xgb,phase3_crypto_xgb,2026-07-28,2026-07-29,0.0005760654802496461,0.016075126826763153,0.0018776584465760393,63871.36328125,63908.16796875,64906.400434810384,ensemble
BTC,phase3_crypto,xgb,phase3_crypto_xgb,2026-07-29,2026-07-30,0.01270511594195683,0.0021791257197037337,0.002772837541757123,63908.16796875,64725.30859375,64047.583748356374,ensemble
BTC,phase3_crypto,xgb,phase3_crypto_xgb,2026-07-30,2026-07-31,-0.02997835702863742,0.002565530606079847,0.002695690433625166,64725.30859375,62813.74609375,64891.576545497504,ensemble
BTC,phase3_crypto,xgb,phase3_crypto_xgb,2026-07-31,2026-08-01,-0.0008031049841085494,0.00343295072671026,0.0017551231098997882,62813.74609375,62763.3203125,63029.75314769674,ensemble
BTC,phase3_crypto,xgb,phase3_crypto_xgb,2026-08-01,2026-08-02,0.011385569767075112,0.007379655353724956,0.0036940822794814952,62763.3203125,63482.0,63228.20522068834,ensemble
BTC,phase3_crypto,xgb,phase3_crypto_xgb,2026-08-02,2026-08-03,-0.0003324575530272348,0.004633647901937365,0.0016811704274269008,63482.0,63460.8984375,63776.83579120626,ensemble
BTC,phase3_crypto,xgb,phase3_crypto_xgb,2026-08-03,2026-08-04,0.00933302539348361,-0.0054115891456604,0.0015249178398195069,63460.8984375,64055.953125,63118.40169002514,ensemble
BTC,phase3_crypto,xgb,phase3_crypto_xgb,2026-08-04,2026-08-05,0.008418741360802475,-0.008336936589330435,0.0017286038383792866,64055.953125,64597.5,63524.1426211175,ensemble
BTC,phase3_crypto,xgb,phase3_crypto_xgb,2026-08-05,2026-08-06,-0.005205470783879128,-0.0038474712182505755,0.0035797176815663212,64597.5,64262.11328125,64349.44048490416,ensemble
BTC,phase3_crypto,xgb,phase3_crypto_xgb,2026-08-06,2026-08-07,0.00957212039536744,0.002383931085933,0.0010487454126874123,64262.11328125,64880.19140625,64415.49248083038,ensemble
BTC,phase3_crypto,xgb,phase3_crypto_xgb,2026-08-07,2026-08-08,0.00037748764335751974,0.004198250325862319,0.0027005370922751847,64880.19140625,64904.6875,65153.14725855049,ensemble
BTC,phase3_crypto,xgb,phase3_crypto_xgb,2026-08-08,2026-08-09,-0.0009217877722439945,0.008402806520462037,0.0017937072646302906,64904.6875,64844.88671875,65452.36683055557,ensemble
BTC,phase3_crypto,xgb,phase3_crypto_xgb,2026-08-09,2026-08-10,-0.014513048045569134,3.5455450415611267e-06,0.0016991739301946837,64844.88671875,63910.5859375,64845.11662962415,ensemble
BTC,phase3_crypto,xgb,phase3_crypto_xgb,2026-08-10,2026-08-11,-0.00562851025881392,0.005199339077807963,0.002556317088993292,63910.5859375,63551.875,64243.744095039016,ensemble
BTC,phase3_crypto,xgb,phase3_crypto_xgb,2026-08-11,2026-08-12,-0.0023542560615523694,0.00623327475041151,0.0026801600908680653,63551.875,63402.43359375,63949.24848020032,ensemble
BTC,phase3_crypto,xgb,phase3_crypto_xgb,2026-08-12,2026-08-13,-4.127906065128786e-06,0.011871647275984287,0.0011608411112023266,63402.43359375,63402.171875,64159.610497608046,ensemble
BTC,phase3_crypto,xgb,phase3_crypto_xgb,2026-08-13,2026-08-14,-0.006750867021094253,0.0034969284664839507,0.002160529572182129,63402.171875,62975.59375,63624.27284393669,ensemble
BTC,phase3_crypto,xgb,phase3_crypto_xgb,2026-08-14,2026-08-15,0.0007734380660748331,0.0020790985436178744,0.0037676873200084763,62975.59375,63024.3203125,63106.66242037628,ensemble
BTC,phase3_crypto,xgb,phase3_crypto_xgb,2026-08-15,2026-08-16,-0.0032686473868631834,0.011869561113417148,0.0014416938419535147,63024.3203125,62818.65234375,63776.84858919806,ensemble
BTC,phase3_crypto,xgb,phase3_crypto_xgb,2026-08-16,2026-08-17,0.026510137670231988,0.00390862375497818,0.0011558198160484296,62818.65234375,64506.25390625,63064.66729729784,ensemble
BTC,phase3_crypto,xgb,phase3_crypto_xgb,2026-08-17,2026-08-18,0.002700847372800676,0.00023577368119731545,0.0026397244729887423,64506.25390625,64680.7109375,64521.46457626109,ensemble
BTC,phase3_crypto,xgb,phase3_crypto_xgb,2026-08-18,2026-08-19,0.0684938460027011,0.00842187600210309,0.0044359240644895525,64680.7109375,69266.1875,65227.74415437732,ensemble
BTC,phase3_crypto,xgb,phase3_crypto_xgb,2026-08-19,2026-08-20,0.05295120538976306,-0.00020456559723243118,0.0034825395039309627,69266.1875,73032.7578125,69252.0194701812,ensemble
BTC,phase3_crypto,xgb,phase3_crypto_xgb,2026-08-20,2026-08-21,0.07008881775516321,0.008221120201051235,0.002833526558878174,73032.7578125,78335.1875,73635.64369615834,ensemble
BTC,phase3_crypto,xgb,phase3_crypto_xgb,2026-08-21,2026-08-22,-0.016108760387506423,0.0019869711599312724,0.0025767653630746827,78335.1875,77083.4140625,78490.99199663062,ensemble
BTC,phase3_crypto,xgb,phase3_crypto_xgb,2026-08-22,2026-08-23,0.008678138825315892,-0.005368555709719658,0.002680463114755481,77083.4140625,77755.265625,76670.69630021752,ensemble
BTC,phase3_crypto,xgb,phase3_crypto_xgb,2026-08-23,2026-08-24,0.0154319126625293,0.004607032076455653,0.0022129036449881887,77755.265625,78964.484375,78114.31306432538,ensemble
BTC,phase3_crypto,xgb,phase3_crypto_xgb,2026-08-24,2026-08-25,-0.005072177186830813,0.009154124651104212,0.0039615638389407445,78964.484375,78564.9765625,79690.6537595563,ensemble
BTC,phase3_crypto,xgb,phase3_crypto_xgb,2026-08-25,2026-08-26,0.005868895257053803,0.00225261707091704,0.004298990631358173,78564.9765625,79027.421875,78742.1528501257,ensemble
BTC,phase3_crypto,xgb,phase3_crypto_xgb,2026-08-26,2026-08-27,0.015445797722405792,0.0005347229074686765,0.0018137910649045784,79027.421875,80257.5390625,79069.69094790838,ensemble
BTC,phase3_crypto,xgb,phase3_crypto_xgb,2026-08-27,2026-08-28,-0.030710027313092664,-0.00017157228430733084,0.00424595483557511,80257.5390625,77830.2890625,80243.77027439515,ensemble
BTC,phase3_crypto,xgb,phase3_crypto_xgb,2026-08-28,2026-08-29,0.005324638622765287,-0.0029098418192006646,0.0016450102052962604,77830.2890625,78245.8125,77604.14441472935,ensemble
BTC,phase3_crypto,xgb,phase3_crypto_xgb,2026-08-29,2026-08-30,-0.007417513856522034,0.005486731883138418,0.0021275740950080285,78245.8125,77667.5703125,78676.3062159915,ensemble
BTC,phase3_crypto,xgb,phase3_crypto_xgb,2026-08-30,2026-08-31,0.01128015948027171,0.006983766425400972,0.00120537436303495,77667.5703125,78548.6328125,78211.88093922779,ensemble
ETH,phase0,lstm,phase0_lstm,2025-10-31,2025-11-01,0.0070215866872251,-0.0025808196747675,0.003898656735532639,3847.080322265625,3874.18798828125,3837.164502654483,ensemble
ETH,phase0,lstm,phase0_lstm,2025-11-01,2025-11-02,0.0094731740475304,-0.00261064202059056,0.0034154746811169623,3874.18798828125,3911.063232421875,3864.0870610128272,ensemble
ETH,phase0,lstm,phase0_lstm,2025-11-02,2025-11-03,-0.0822344830552394,-0.0036262515466659803,0.0017785224954268094,3911.063232421875,3602.30810546875,3896.9064169263934,ensemble
ETH,phase0,lstm,phase0_lstm,2025-11-03,2025-11-04,-0.0899050101356721,-0.00379156977869564,0.002269387487442828,3602.30810546875,3292.574462890625,3588.6755636211255,ensemble
ETH,phase0,lstm,phase0_lstm,2025-11-04,2025-11-05,0.0394816688100728,-0.00290534701198336,0.0029167781228460195,3292.574462890625,3425.171142578125,3283.022274443415,ensemble
ETH,phase0,lstm,phase0_lstm,2025-11-05,2025-11-06,-0.0335213636698541,-0.00304444716311988,0.005153135505702558,3425.171142578125,3312.2578125,3414.7592472844717,ensemble
ETH,phase0,lstm,phase0_lstm,2025-11-06,2025-11-07,0.0364744811598151,-0.0045635596849024,0.008393488565022384,3312.2578125,3435.301025390625,3297.1765645420546,ensemble
ETH,phase0,lstm,phase0_lstm,2025-11-07,2025-11-08,-0.0102185497413461,-0.0054342168383299996,0.011143022273084054,3435.301025390625,3400.3759765625,3416.6834864013904,ensemble
ETH,phase0,lstm,phase0_lstm,2025-11-08,2025-11-09,0.0522087429098387,-0.00503233396448192,0.011826732616292484,3400.3759765625,3582.621337890625,3383.3071331253996,ensemble
ETH,phase0,lstm,phase0_lstm,2025-11-09,2025-11-10,-0.0039606305321747,-0.004110846016556,0.011601884604817245,3582.621337890625,3568.4599609375,3567.9239632545564,ensemble
ETH,phase0,lstm,phase0_lstm,2025-11-10,2025-11-11,-0.0438739864099317,-0.00267548596020786,0.00905794449998153,3568.4599609375,3415.2822265625,3558.9253569495704,ensemble
ETH,phase0,lstm,phase0_lstm,2025-11-11,2025-11-12,-0.000640851706814,-0.00250487166922538,0.0061428555889672665,3415.2822265625,3413.09423828125,3406.738088323113,ensemble
ETH,phase0,lstm,phase0_lstm,2025-11-12,2025-11-13,-0.0542839228098472,-0.0025634119287132997,0.004309709868548278,3413.09423828125,3232.757080078125,3404.3562760801074,ensemble
ETH,phase0,lstm,phase0_lstm,2025-11-13,2025-11-14,-0.0407128161836017,-0.00325012198300094,0.002830011826240883,3232.757080078125,3103.78564453125,3222.2672810236136,ensemble
ETH,phase0,lstm,phase0_lstm,2025-11-14,2025-11-15,0.0200458143866448,-0.0035961098328697997,0.002790500730429118,3103.78564453125,3166.63134765625,3092.644135507743,ensemble
ETH,phase0,lstm,phase0_lstm,2025-11-15,2025-11-16,-0.0235761973164414,-0.0041496041230857,0.0022439211308858307,3166.63134765625,3092.847412109375,3153.518306939984,ensemble
ETH,phase0,lstm,phase0_lstm,2025-11-16,2025-11-17,-0.0223335360686421,-0.004776118369772981,0.0014260286049896699,3092.847412109375,3024.538818359375,3078.1108266212104,ensemble
ETH,phase0,lstm,phase0_lstm,2025-11-17,2025-11-18,0.0320287321061959,-0.00447351871989664,0.0019445213769942783,3024.538818359375,3122.97900390625,3011.0387063523776,ensemble
ETH,phase0,lstm,phase0_lstm,2025-11-18,2025-11-19,-0.0325142190008236,-0.0047372781205921605,0.002246150081255392,3122.97900390625,3023.07080078125,3108.219571171208,ensemble
ETH,phase0,lstm,phase0_lstm,2025-11-19,2025-11-20,-0.0653684988267085,-0.0054001248441636,0.002597688906097932,3023.07080078125,2831.777587890625,3006.78984021864,ensemble
ETH,phase0,lstm,phase0_lstm,2025-11-20,2025-11-21,-0.0236111523857895,-0.00581923933932554,0.004030278102928003,2831.777587890625,2765.69921875,2815.346650497041,ensemble
ETH,phase0,lstm,phase0_lstm,2025-11-21,2025-11-22,0.0006897153274086,-0.00505181150510906,0.005136369904742358,2765.69921875,2767.607421875,2751.762659691077,ensemble
ETH,phase0,lstm,phase0_lstm,2025-11-22,2025-11-23,0.0122346182602878,-0.00440698452293868,0.0054100777827406285,2767.607421875,2801.676025390625,2755.4374549258123,ensemble
ETH,phase0,lstm,phase0_lstm,2025-11-23,2025-11-24,0.0525067184643922,-0.0037761477287858404,0.005458472198599402,2801.676025390625,2952.71337890625,2791.116432669278,ensemble
ETH,phase0,lstm,phase0_lstm,2025-11-24,2025-11-25,0.0017672851723719,-0.00428933314979074,0.00442673148981381,2952.71337890625,2957.936279296875,2940.0753313031696,ensemble
ETH,phase0,lstm,phase0_lstm,2025-11-25,2025-11-26,0.023348428095094,-0.00507634659297764,0.004040795057850178,2957.936279296875,3027.81201171875,2942.958817101022,ensemble
ETH,phase0,lstm,phase0_lstm,2025-11-26,2025-11-27,-0.0043922604267135,-0.00601507632527494,0.003728702572027075,3027.81201171875,3014.542236328125,3009.65415655965,ensemble
ETH,phase0,lstm,phase0_lstm,2025-11-27,2025-11-28,0.005874882913213,-0.006632758490741219,0.003472972488556616,3014.542236328125,3032.304443359375,2994.61366946051,ensemble
ETH,phase0,lstm,phase0_lstm,2025-11-28,2025-11-29,-0.013485997805236,-0.007500363420695021,0.003400904560035404,3032.304443359375,2991.685302734375,3009.6461370190214,ensemble
ETH,phase0,lstm,phase0_lstm,2025-11-29,2025-11-30,0.0001428009786007,-0.00713261403143402,0.0027491106910837145,2991.685302734375,2992.112548828125,2970.4226853311884,ensemble
ETH,phase0,lstm,phase0_lstm,2025-11-30,2025-12-01,-0.0662927736435053,-0.00659689977765078,0.0024000291622519264,2992.112548828125,2800.18896484375,2972.438846290415,ensemble
ETH,phase0,lstm,phase0_lstm,2025-12-01,2025-12-02,0.068238382808925,-0.0053554999176412595,0.0021439034602057268,2800.18896484375,2997.939697265625,2785.232638123731,ensemble
ETH,phase0,lstm,phase0_lstm,2025-12-02,2025-12-03,0.0625882304633783,-0.0036667510401457394,0.0033944377900548234,2997.939697265625,3191.57177734375,2986.9671278963606,ensemble
ETH,phase0,lstm,phase0_lstm,2025-12-03,2025-12-04,-0.0181024175452983,-0.00396403778577218,0.002143252929484954,3191.57177734375,3134.31640625,3178.945308655776,ensemble
ETH,phase0,lstm,phase0_lstm,2025-12-04,2025-12-05,-0.0356875080281464,-0.00414612828753882,0.001847509140062146,3134.31640625,3024.432861328125,3121.3480311868984,ensemble
ETH,phase0,lstm,phase0_lstm,2025-12-05,2025-12-06,0.0052022663489112,-0.0050660932436584994,0.0017030002471459887,3024.432861328125,3040.207763671875,3009.1495484749994,ensemble
ETH,phase0,lstm,phase0_lstm,2025-12-06,2025-12-07,0.0069143801565508,-0.00544144571758802,0.002267475632601212,3040.207763671875,3061.3017578125,3023.7095658878684,ensemble
ETH,phase0,lstm,phase0_lstm,2025-12-07,2025-12-08,0.0206574040037443,-0.0059978088829665994,0.003247065058538239,3061.3017578125,3125.197998046875,3042.9956082077197,ensemble
ETH,phase0,lstm,phase0_lstm,2025-12-08,2025-12-09,0.0608029264224186,-0.0063639038242399,0.0039636266358481645,3125.197998046875,3321.114990234375,3105.3726886459253,ensemble
ETH,phase0,lstm,phase0_lstm,2025-12-09,2025-12-10,0.0012864345975214,-0.007200484443455881,0.00451922548023643,3321.114990234375,3325.39013671875,3297.2872420270446,ensemble
ETH,phase0,lstm,phase0_lstm,2025-12-10,2025-12-11,-0.0269224534884862,-0.00754630432929838,0.00537964336502703,3325.39013671875,3237.056884765625,3300.390178020371,ensemble
ETH,phase0,lstm,phase0_lstm,2025-12-11,2025-12-12,-0.0483811252686677,-0.00601756246760482,0.00548839661352993,3237.056884765625,3084.172607421875,3217.6361839940278,ensemble
ETH,phase0,lstm,phase0_lstm,2025-12-12,2025-12-13,0.0104898229476874,-0.00521715450158804,0.005658235939793651,3084.172607421875,3116.6953125,3068.1239031064288,ensemble
ETH,phase0,lstm,phase0_lstm,2025-12-13,2025-12-14,-0.018163993601147,-0.0061757721821777,0.005320997566854328,3116.6953125,3060.5947265625,3097.506625755905,ensemble
ETH,phase0,lstm,phase0_lstm,2025-12-14,2025-12-15,-0.0320077701658808,-0.0056449042167514,0.004798381787666193,3060.5947265625,2964.18310546875,3043.3666336994443,ensemble
ETH,phase0,lstm,phase0_lstm,2025-12-15,2025-12-16,-7.412721688312701e-07,-0.0032183481729589,0.0030433540955349084,2964.18310546875,2964.180908203125,2954.6586668876917,ensemble
ETH,phase0,lstm,phase0_lstm,2025-12-16,2025-12-17,-0.0458281928487593,-0.00096934864996,0.005674494698029792,2964.180908203125,2831.403564453125,2961.308975618389,ensemble
ETH,phase0,lstm,phase0_lstm,2025-12-17,2025-12-18,-0.0015320294953636,0.0013178010354750202,0.006778022476827272,2831.403564453125,2827.069091796875,2835.1372505896106,ensemble
ETH,phase0,lstm,phase0_lstm,2025-12-18,2025-12-19,0.0520015780613912,0.0012290953658521402,0.004853654266670596,2827.069091796875,2977.970703125,2830.545965583573,ensemble
ETH,phase0,lstm,phase0_lstm,2025-12-19,2025-12-20,-0.0001303602133292,-0.00139940492808818,0.0014985786512941319,2977.970703125,2977.58251953125,2973.806230818498,ensemble
ETH,phase0,lstm,phase0_lstm,2025-12-20,2025-12-21,0.0080383309849244,-0.00388858249643814,0.004586945335826495,2977.58251953125,3001.61376953125,2966.0264272349227,ensemble
ETH,phase0,lstm,phase0_lstm,2025-12-21,2025-12-22,0.0014847515809792,-0.00454110473801844,0.005626975573490302,3001.61376953125,3006.07373046875,2988.0140293138275,ensemble
ETH,phase0,lstm,phase0_lstm,2025-12-22,2025-12-23,-0.0143063268401752,-0.004446367736090874,0.005162391058013058,3006.07373046875,2963.3740234375,2992.7372925469094,ensemble
ETH,phase0,lstm,phase0_lstm,2025-12-23,2025-12-24,-0.0060191597554604,-0.0037189050868618803,0.003945735456158786,2963.3740234375,2945.590576171875,2952.3739834375965,ensemble
ETH,phase0,lstm,phase0_lstm,2025-12-24,2025-12-25,-0.014365015056822,-0.0023696880030911,0.002281369969448332,2945.590576171875,2903.57958984375,2938.6187093585727,ensemble
ETH,phase0,lstm,phase0_lstm,2025-12-25,2025-12-26,0.0076050389079913,-0.0010993107163812601,0.0010985119809054174,2903.57958984375,2925.74560546875,2900.3894075068574,ensemble
ETH,phase0,lstm,phase0_lstm,2025-12-26,2025-12-27,0.0075770385642638,0.00019401178578844002,0.0010923262972826738,2925.74560546875,2947.998291015625,2926.313289665361,ensemble
ETH,phase0,lstm,phase0_lstm,2025-12-27,2025-12-28,0.000193273230984,0.00065479761688036,0.0013405537270184766,2947.998291015625,2948.568115234375,2949.929265400868,ensemble
ETH,phase0,lstm,phase0_lstm,2025-12-28,2025-12-29,-0.0047695250401753,0.00086495982250196,0.0017716920116787281,2948.568115234375,2934.538330078125,2951.119611499765,ensemble
ETH,phase0,lstm,phase0_lstm,2025-12-29,2025-12-30,0.0124887158133864,0.00192705454537642,0.0026125933976573566,2934.538330078125,2971.416748046875,2940.1987977689823,ensemble
ETH,phase0,lstm,phase0_lstm,2025-12-30,2025-12-31,-0.0014748454494985,0.0032016856363043,0.003791952708212611,2971.416748046875,2967.03759765625,2980.945536321045,ensemble
ETH,phase0,lstm,phase0_lstm,2025-12-31,2026-01-01,0.011179695896671,0.00363178922816586,0.00410858575714916,2967.03759765625,3000.394287109375,2977.832844007011,ensemble
ETH,phase0,lstm,phase0_lstm,2026-01-01,2026-01-02,0.040505791423565,0.00333999147114804,0.004501909509605177,3000.394287109375,3124.422607421875,3010.432332599912,ensemble
ETH,phase0,lstm,phase0_lstm,2026-01-02,2026-01-03,0.0004783333560596,0.00305916160577902,0.004762484525448412,3124.422607421875,3125.91748046875,3133.995355929554,ensemble
ETH,phase0,lstm,phase0_lstm,2026-01-03,2026-01-04,0.0047211981925699,0.0029221601755125095,0.005016417373050522,3125.91748046875,3140.71044921875,3135.06527118755,ensemble
ETH,phase0,lstm,phase0_lstm,2026-01-04,2026-01-05,0.0268343594600314,0.003038079404541317,0.005181988039108,3140.71044921875,3226.13037109375,3150.2666859027977,ensemble
ETH,phase0,lstm,phase0_lstm,2026-01-05,2026-01-06,0.0214100727655341,0.00409126385056876,0.005171431193058041,3226.13037109375,3295.94677734375,3239.3563587122158,ensemble
ETH,phase0,lstm,phase0_lstm,2026-01-06,2026-01-07,-0.0399579577460706,0.0049051458598114205,0.004963932613802144,3295.94677734375,3166.843994140625,3312.153592934727,ensemble
ETH,phase0,lstm,phase0_lstm,2026-01-07,2026-01-08,-0.0199206616781398,0.005506274336948959,0.004796977958531246,3166.843994140625,3104.382568359375,3184.3296020528323,ensemble
ETH,phase0,lstm,phase0_lstm,2026-01-08,2026-01-09,-0.0068964125191375,0.00561999094206836,0.004229926060540856,3104.382568359375,3083.047119140625,3121.8782871155945,ensemble
ETH,phase0,lstm,phase0_lstm,2026-01-09,2026-01-10,-0.0002112169513613,0.00496471787337208,0.003176700186785326,3083.047119140625,3082.39599609375,3098.391637361236,ensemble
ETH,phase0,lstm,phase0_lstm,2026-01-10,2026-01-11,0.0117684321917196,0.00352816088125104,0.001979048384295277,3082.39599609375,3118.88525390625,3093.29039235801,ensemble
ETH,phase0,lstm,phase0_lstm,2026-01-11,2026-01-12,-0.0085523492401958,0.002124552419263607,0.001543130844462121,3118.88525390625,3092.3251953125,3125.5185329973474,ensemble
ETH,phase0,lstm,phase0_lstm,2026-01-12,2026-01-13,0.0716724478508033,0.00142733327811582,0.0020213492323871303,3092.3251953125,3322.095458984375,3096.742125436325,ensemble
ETH,phase0,lstm,phase0_lstm,2026-01-13,2026-01-14,0.0097733550354151,0.0018615504668559602,0.0015219443804440982,3322.095458984375,3354.72265625,3328.285467055639,ensemble
ETH,phase0,lstm,phase0_lstm,2026-01-14,2026-01-15,-0.0112777965317109,0.00349638895131642,0.002329835755770844,3354.72265625,3317.101318359375,3366.4726006980222,ensemble
ETH,phase0,lstm,phase0_lstm,2026-01-15,2026-01-16,-0.0065388112427793,0.005394491041079101,0.0035244704115847854,3317.101318359375,3295.482177734375,3335.0437433178054,ensemble
ETH,phase0,lstm,phase0_lstm,2026-01-16,2026-01-17,0.0040525125455037,0.0055575669277459,0.0030640419777653526,3295.482177734375,3308.8642578125,3313.84802794574,ensemble
ETH,phase0,lstm,phase0_lstm,2026-01-17,2026-01-18,-0.0084086840180541,0.00471647796221072,0.002126997981473851,3308.8642578125,3281.15771484375,3324.507304207711,ensemble
ETH,phase0,lstm,phase0_lstm,2026-01-18,2026-01-19,-0.0292351847938204,0.0036990517051889798,0.0017590779099023884,3281.15771484375,3186.62109375,3293.3173626017046,ensemble
ETH,phase0,lstm,phase0_lstm,2026-01-19,2026-01-20,-0.082047329409018,0.0031437469820957,0.0018543561354262554,3186.62109375,2935.605712890625,3196.654787630284,ensemble
ETH,phase0,lstm,phase0_lstm,2026-01-20,2026-01-21,0.0146406740972174,0.0031088826915947427,0.001951957048803891,2935.605712890625,2978.901123046875,2944.746367930749,ensemble
ETH,phase0,lstm,phase0_lstm,2026-01-21,2026-01-22,-0.0098736240513318,0.004215209610993,0.0031106046813390814,2978.901123046875,2949.63330078125,2991.484317460452,ensemble
ETH,phase0,lstm,phase0_lstm,2026-01-22,2026-01-23,0.001227550418774,0.0046536247129551605,0.0035442448791925007,2949.63330078125,2953.25634765625,2963.391775763809,ensemble
ETH,phase0,lstm,phase0_lstm,2026-01-23,2026-01-24,-0.0015302026847261,0.0050632129306904606,0.0036380404243742236,2953.25634765625,2948.74072265625,2968.2472323783613,ensemble
ETH,phase0,lstm,phase0_lstm,2026-01-24,2026-01-25,-0.0460954469109645,0.00493348013842474,0.0038201737469604363,2948.74072265625,2815.90234375,2963.3242205642355,ensemble
ETH,phase0,lstm,phase0_lstm,2026-01-25,2026-01-26,0.0385097283715548,0.0050905212061479205,0.004460762923861938,2815.90234375,2926.45703125,2830.2733011436258,ensemble
ETH,phase0,lstm,phase0_lstm,2026-01-26,2026-01-27,0.0321961750433529,0.00539540923200542,0.004446702131693378,2926.45703125,3022.2109375,2942.2891364701954,ensemble
ETH,phase0,lstm,phase0_lstm,2026-01-27,2026-01-28,-0.0051763213071971,0.0051510101184248395,0.0036280380725175255,3022.2109375,3006.607421875,3037.818539567594,ensemble
ETH,phase0,lstm,phase0_lstm,2026-01-28,2026-01-29,-0.0647023664323781,0.00468467746395612,0.002856008709204325,3006.607421875,2818.232666015625,3020.725451294598,ensemble
ETH,phase0,lstm,phase0_lstm,2026-01-29,2026-01-30,-0.0419788679682719,0.00477029464673246,0.0027790749098412612,2818.232666015625,2702.375244140625,2831.7085827076976,ensemble
ETH,phase0,lstm,phase0_lstm,2026-01-30,2026-01-31,-0.1000484393792718,0.0052066121948882394,0.0034909838760628182,2702.375244140625,2445.091796875,2716.4821567851814,ensemble
ETH,phase0,lstm,phase0_lstm,2026-01-31,2026-02-01,-0.0751997822029002,0.00545053768437352,0.00488123730188339,2445.091796875,2267.96484375,2458.4552477681273,ensemble
ETH,phase0,lstm,phase0_lstm,2026-02-01,2026-02-02,0.0331281466529906,0.00592289933374556,0.00724901938953836,2267.96484375,2344.356689453125,2281.4376308064943,ensemble
ETH,phase0,lstm,phase0_lstm,2026-02-02,2026-02-03,-0.0511047370755369,0.006799092469736939,0.010156648756290054,2344.356689453125,2227.558837890625,2360.3504974435214,ensemble
ETH,phase0,lstm,phase0_lstm,2026-02-03,2026-02-04,-0.0384643510086561,0.006800078880041841,0.011739050700221213,2227.558837890625,2143.504150390625,2242.758032992139,ensemble
ETH,phase0,lstm,phase0_lstm,2026-02-04,2026-02-05,-0.1626810863573628,0.00626046329271048,0.012128149271262607,2143.504150390625,1821.68310546875,2156.9655728459443,ensemble
ETH,phase0,lstm,phase0_lstm,2026-02-05,2026-02-06,0.124587932433777,0.00609556058188898,0.013310669100985497,1821.68310546875,2063.386962890625,1832.8211971684073,ensemble
ETH,phase0,lstm,phase0_lstm,2026-02-06,2026-02-07,0.0130780728606268,0.00538513361825612,0.013122456515344704,2063.386962890625,2090.54931640625,2074.5285499342563,ensemble
ETH,phase0,lstm,phase0_lstm,2026-02-07,2026-02-08,-0.0008548665199209,0.004583022906444981,0.012568494248126725,2090.54931640625,2088.762939453125,2100.1523404413883,ensemble
ETH,phase0,lstm,phase0_lstm,2026-02-08,2026-02-09,0.0070627775205607,0.003584830136969721,0.011580448963503286,2088.762939453125,2103.567626953125,2096.264237193297,ensemble
ETH,phase0,lstm,phase0_lstm,2026-02-09,2026-02-10,-0.0407860866012557,0.00349641498178246,0.011831446079520197,2103.567626953125,2019.4974365234373,2110.935445288489,ensemble
ETH,phase0,lstm,phase0_lstm,2026-02-10,2026-02-11,-0.0398404875978916,-0.0040208330377935805,0.0026115963437466465,2019.4974365234373,1940.621337890625,2011.3936773600647,ensemble
ETH,phase0,lstm,phase0_lstm,2026-02-11,2026-02-12,0.003251056309532,-0.0044762081466614605,0.002355427270320466,1940.621337890625,1946.940673828125,1931.9541254435244,ensemble
ETH,phase0,lstm,phase0_lstm,2026-02-12,2026-02-13,0.0508619107271356,-0.004744220245629481,0.001960197943783945,1946.940673828125,2048.52734375,1937.7258343639564,ensemble
ETH,phase0,lstm,phase0_lstm,2026-02-13,2026-02-14,0.0181318719779937,-0.0049262837041169,0.0014274278470700192,2048.52734375,2086.009765625,2038.4605332200454,ensemble
ETH,phase0,lstm,phase0_lstm,2026-02-14,2026-02-15,-0.0592301606634175,-0.00529662640765304,0.0015554526369706404,2086.009765625,1966.04296875,2074.990160342159,ensemble
ETH,phase0,lstm,phase0_lstm,2026-02-15,2026-02-16,0.0160826230924268,-0.00516176419332618,0.0010511078218083114,1966.04296875,1997.917724609375,1955.9208649820346,ensemble
ETH,phase0,lstm,phase0_lstm,2026-02-16,2026-02-17,-0.002868787898831,-0.0050190526992081996,0.0009178423866882645,1997.917724609375,1992.1943359375,1987.9151928755416,ensemble
ETH,phase0,lstm,phase0_lstm,2026-02-17,2026-02-18,-0.0193714031392413,-0.0049368415027856395,0.0009808575944596555,1992.1943359375,1953.97412109375,1982.383425639081,ensemble
ETH,phase0,lstm,phase0_lstm,2026-02-18,2026-02-19,-0.0029589012528701,-0.0043145021889358206,0.0015507619367376572,1953.97412109375,1948.2010498046875,1945.5618558889596,ensemble
ETH,phase0,lstm,phase0_lstm,2026-02-19,2026-02-20,0.0106307366647911,-0.00322856181301174,0.003643157427609487,1948.2010498046875,1969.0223388671875,1941.921305018126,ensemble
ETH,phase0,lstm,phase0_lstm,2026-02-20,2026-02-21,0.0023916477643178,-0.00253531788475806,0.0051972112247009525,1969.0223388671875,1973.7371826171875,1964.0365642483948,ensemble
ETH,phase0,lstm,phase0_lstm,2026-02-21,2026-02-22,-0.0081043810251791,-0.00218148175626992,0.0058221671175212085,1973.7371826171875,1957.805908203125,1969.436203920564,ensemble
ETH,phase0,lstm,phase0_lstm,2026-02-22,2026-02-23,-0.0536686969675083,-0.00173784838989378,0.006443828005145394,1957.805908203125,1855.5028076171875,1954.4064930474597,ensemble
ETH,phase0,lstm,phase0_lstm,2026-02-23,2026-02-24,-0.0013662367634113,1.647095195952018e-05,0.00983588962443332,1855.5028076171875,1852.969482421875,1855.5333697664857,ensemble
ETH,phase0,lstm,phase0_lstm,2026-02-24,2026-02-25,0.1033052975560529,0.00111160064116124,0.01198085951073207,1852.969482421875,2054.6279296875,1855.030389727314,ensemble
ETH,phase0,lstm,phase0_lstm,2026-02-25,2026-02-26,-0.013640230652308,0.0005727604031562805,0.011173788783659442,2054.6279296875,2026.7926025390625,2055.805076288144,ensemble
ETH,phase0,lstm,phase0_lstm,2026-02-26,2026-02-27,-0.0485398835848207,-0.00106448926962908,0.008187169770640353,2026.7926025390625,1930.7618408203125,2024.6362514718026,ensemble
ETH,phase0,lstm,phase0_lstm,2026-02-27,2026-02-28,0.0176033024159378,-0.00305806454271076,0.004424583862440054,1930.7618408203125,1965.050537109375,1924.8664653082342,ensemble
ETH,phase0,lstm,phase0_lstm,2026-02-28,2026-03-01,-0.0133112143616734,-0.0057831573300063,0.0009205060309878262,1965.050537109375,1939.066650390625,1953.719137905491,ensemble
ETH,phase0,lstm,phase0_lstm,2026-03-01,2026-03-02,0.0444827788226515,-0.00842995597049588,0.004657024622270499,1939.066650390625,2027.2689208984373,1922.7891097750191,ensemble
ETH,phase0,lstm,phase0_lstm,2026-03-02,2026-03-03,-0.0221952153909645,-0.01070443568751212,0.00837591509535105,2027.2689208984373,1982.7689208984373,2005.6838850370987,ensemble
ETH,phase0,lstm,phase0_lstm,2026-03-03,2026-03-04,0.0699856488077349,-0.0124863496050238,0.011592070666226757,1982.7689208984373,2126.50537109375,1958.1652993358352,ensemble
ETH,phase0,lstm,phase0_lstm,2026-03-04,2026-03-05,-0.0261560660671297,-0.013039124291390123,0.012708418282712863,2126.50537109375,2071.60546875,2098.9575930071164,ensemble
ETH,phase0,lstm,phase0_lstm,2026-03-05,2026-03-06,-0.0458579463127646,-0.013181916438043062,0.01357296718093442,2071.60546875,1978.751220703125,2044.4769344312256,ensemble
ETH,phase0,lstm,phase0_lstm,2026-03-06,2026-03-07,-0.0047088687763537,-0.01383291631937024,0.014872651655787631,1978.751220703125,1969.4554443359373,1951.5677673286566,ensemble
ETH,phase0,lstm,phase0_lstm,2026-03-07,2026-03-08,-0.0168207764579134,-0.0120172949507832,0.01207865566180069,1969.4554443359373,1936.604736328125,1945.9295592432788,ensemble
ETH,phase0,lstm,phase0_lstm,2026-03-08,2026-03-09,0.02867374460359,-0.011171555239707181,0.011159769629162727,1936.604736328125,1992.938232421875,1915.0902484404487,ensemble
ETH,phase0,lstm,phase0_lstm,2026-03-09,2026-03-10,0.0219272344781229,-0.01065494148060674,0.010506372616859631,1992.938232421875,2037.1204833984373,1971.8163183865774,ensemble
ETH,phase0,lstm,phase0_lstm,2026-03-10,2026-03-11,0.0070696510693724,-0.0085863552987575,0.008468764467790752,2037.1204833984373,2051.5732421875,2019.7039225350156,ensemble
ETH,phase0,lstm,phase0_lstm,2026-03-11,2026-03-12,0.0104556138377322,-0.00853655529208478,0.008106178540083343,2051.5732421875,2073.13623046875,2034.1344134339404,ensemble
ETH,phase0,lstm,phase0_lstm,2026-03-12,2026-03-13,0.0093273103225432,-0.00815838673152024,0.00819965642584663,2073.13623046875,2092.5634765625,2056.2915893323193,ensemble
ETH,phase0,lstm,phase0_lstm,2026-03-13,2026-03-14,0.0021592233043722,-0.00845785872079428,0.008616493447672909,2092.5634765625,2097.086669921875,2074.939505901734,ensemble
ETH,phase0,lstm,phase0_lstm,2026-03-14,2026-03-15,0.0376174725748984,-0.007805751264095259,0.008220467701326003,2097.086669921875,2177.476318359375,2080.781054577351,ensemble
ETH,phase0,lstm,phase0_lstm,2026-03-15,2026-03-16,0.0767490852405507,-0.00814757435582574,0.008714126782470008,2177.476318359375,2351.176025390625,2159.807245931874,ensemble
ETH,phase0,lstm,phase0_lstm,2026-03-16,2026-03-17,-0.0141878287469072,-0.0082817312330007,0.009030064710036886,2351.176025390625,2318.053466796875,2331.784625481158,ensemble
ETH,phase0,lstm,phase0_lstm,2026-03-17,2026-03-18,-0.0506029181915626,-0.007708575902506659,0.008688678657131332,2318.053466796875,2203.671630859375,2300.253270926204,ensemble
ETH,phase0,lstm,phase0_lstm,2026-03-18,2026-03-19,-0.0305236071486406,-0.007489725167397361,0.008742110509627185,2203.671630859375,2137.423828125,2187.2283905270956,ensemble
ETH,phase0,lstm,phase0_lstm,2026-03-19,2026-03-20,0.0042359585854312,-0.0070289773284457,0.008164818164363352,2137.423828125,2146.4970703125,2122.4526023387775,ensemble
ETH,phase0,lstm,phase0_lstm,2026-03-20,2026-03-21,-0.0330619920061079,-0.00640321382088582,0.007413223650770851,2146.4970703125,2076.68994140625,2132.796501253516,ensemble
ETH,phase0,lstm,phase0_lstm,2026-03-21,2026-03-22,-0.0114495680945266,-0.005606329662259621,0.006393261536929481,2076.68994140625,2053.04833984375,2065.079908234601,ensemble
ETH,phase0,lstm,phase0_lstm,2026-03-22,2026-03-23,0.0471397983356827,-0.0042900388245470395,0.004881743060117458,2053.04833984375,2152.14599609375,2044.2595483648709,ensemble
ETH,phase0,lstm,phase0_lstm,2026-03-23,2026-03-24,0.0016520306586044,-0.00257447945186862,0.003776885888122345,2152.14599609375,2155.704345703125,2146.6124664848494,ensemble
ETH,phase0,lstm,phase0_lstm,2026-03-24,2026-03-25,0.0056974805873912,-0.0020316894719144,0.0037691881095376642,2155.704345703125,2168.021484375,2151.329069985214,ensemble
ETH,phase0,lstm,phase0_lstm,2026-03-25,2026-03-26,-0.051313706617151,-0.0016243930076598266,0.0030323078936045633,2168.021484375,2059.578369140625,2164.5026242149984,ensemble
ETH,phase0,lstm,phase0_lstm,2026-03-26,2026-03-27,-0.0337276698924535,-0.00235420158132908,0.003282447972645458,2059.578369140625,1991.27197265625,2054.7354093756385,ensemble
ETH,phase0,lstm,phase0_lstm,2026-03-27,2026-03-28,0.0007141663784116,-0.00450734453042966,0.005688140482684725,1991.27197265625,1992.694580078125,1982.3168209598912,ensemble
ETH,phase0,lstm,phase0_lstm,2026-03-28,2026-03-29,-0.005098999439741,-0.005916202929802219,0.0073899052622493555,1992.694580078125,1982.5596923828125,1980.940199500688,ensemble
ETH,phase0,lstm,phase0_lstm,2026-03-29,2026-03-30,0.0204472613935491,-0.00566071755019944,0.007136712918373578,1982.5596923828125,2023.514892578125,1971.3686863832982,ensemble
ETH,phase0,lstm,phase0_lstm,2026-03-30,2026-03-31,0.039340814763852,-0.0053186377997917166,0.006605989304730749,2023.514892578125,2104.708251953125,2012.7811196103246,ensemble
ETH,phase0,lstm,phase0_lstm,2026-03-31,2026-04-01,0.0160386363168273,-0.004617553696152721,0.005566653712471543,2104.708251953125,2138.737060546875,2095.012052174923,ensemble
ETH,phase0,lstm,phase0_lstm,2026-04-01,2026-04-02,-0.0390385754759657,-0.00388311570568474,0.0049526083537420745,2138.737060546875,2056.8525390625,2130.4482007928377,ensemble
ETH,phase0,lstm,phase0_lstm,2026-04-02,2026-04-03,-0.0016871461717564,-0.0029463735176249997,0.004242861976875741,2056.8525390625,2053.38525390625,2050.8012023385777,ensemble
ETH,phase0,lstm,phase0_lstm,2026-04-03,2026-04-04,0.005810685555501,-0.0022283600643277,0.003302290851234208,2053.38525390625,2065.3515625,2048.814666558229,ensemble
ETH,phase0,lstm,phase0_lstm,2026-04-04,2026-04-05,0.0209113576842589,-0.00116549037629736,0.002529197794552143,2065.3515625,2108.99560546875,2062.9458173389758,ensemble
ETH,phase0,lstm,phase0_lstm,2026-04-05,2026-04-06,-0.0005853459761497,0.00012754485942426003,0.002860200827443646,2108.99560546875,2107.761474609375,2109.2646141717496,ensemble
ETH,phase0,lstm,phase0_lstm,2026-04-06,2026-04-07,0.0616556049703287,0.0013448466954286999,0.003099009835385174,2107.761474609375,2241.806640625,2110.597997580013,ensemble
ETH,phase0,lstm,phase0_lstm,2026-04-07,2026-04-08,-0.0232273715270305,0.0029775731556583,0.004128846334605866,2241.806640625,2190.33544921875,2248.4917316329306,ensemble
ETH,phase0,lstm,phase0_lstm,2026-04-08,2026-04-09,-0.0005440857898826,0.00424094864283686,0.005249154697042042,2190.33544921875,2189.14404296875,2199.6442745424347,ensemble
ETH,phase0,lstm,phase0_lstm,2026-04-09,2026-04-10,0.0252611274355671,0.00472181807272132,0.005412152354442089,2189.14404296875,2245.148681640625,2199.5052254332427,ensemble
ETH,phase0,lstm,phase0_lstm,2026-04-10,2026-04-11,0.0177650010386669,0.00488315640250216,0.0050576567939642535,2245.148681640625,2285.39013671875,2256.138905452153,ensemble
ETH,phase0,lstm,phase0_lstm,2026-04-11,2026-04-12,-0.0416306075771206,0.00483064966974778,0.00426934418557377,2285.39013671875,2192.201171875,2296.456763807047,ensemble
ETH,phase0,lstm,phase0_lstm,2026-04-12,2026-04-13,0.0782853911386856,0.004312094868510011,0.0032508157462660574,2192.201171875,2370.71484375,2201.6745616976636,ensemble
ETH,phase0,lstm,phase0_lstm,2026-04-13,2026-04-14,-0.0201992437703363,0.004515556831029199,0.0033048003300932154,2370.71484375,2323.30859375,2381.4441475164795,ensemble
ETH,phase0,lstm,phase0_lstm,2026-04-14,2026-04-15,0.0154307484890148,0.00468820120440788,0.003205064263886531,2323.30859375,2359.43701171875,2334.226304111965,ensemble
ETH,phase0,lstm,phase0_lstm,2026-04-15,2026-04-16,-0.0045844617903412,0.0041082436917349,0.0026268404268145864,2359.43701171875,2348.64501953125,2369.1500921276747,ensemble
ETH,phase0,lstm,phase0_lstm,2026-04-16,2026-04-17,0.0303717508925751,0.00412872243905434,0.0025035757405503906,2348.64501953125,2421.07177734375,2358.361968414003,ensemble
ETH,phase0,lstm,phase0_lstm,2026-04-17,2026-04-18,-0.0293267723614628,0.00491142619866872,0.002695163472515358,2421.07177734375,2351.1005859375,2432.991941240869,ensemble
ETH,phase0,lstm,phase0_lstm,2026-04-18,2026-04-19,-0.0373454427406088,0.00496118350420142,0.0024685173429907473,2351.1005859375,2264.9169921875,2362.793809511024,ensemble
ETH,phase0,lstm,phase0_lstm,2026-04-19,2026-04-20,0.0219633235792397,0.0050373703474178196,0.00237555591173472,2264.9169921875,2315.21240234375,2276.3550024434453,ensemble
ETH,phase0,lstm,phase0_lstm,2026-04-20,2026-04-21,0.0054954065471357,0.005075034219771559,0.002415510342498819,2315.21240234375,2327.970458984375,2326.9920502868754,ensemble
ETH,phase0,lstm,phase0_lstm,2026-04-21,2026-04-22,0.0204586542200399,0.00507258009165522,0.0022856226759142076,2327.970458984375,2376.088134765625,2339.809276879119,ensemble
ETH,phase0,lstm,phase0_lstm,2026-04-22,2026-04-23,-0.0189376886242059,0.00510300565510984,0.002096649311855019,2376.088134765625,2331.513916015625,2388.2443161058577,ensemble
ETH,phase0,lstm,phase0_lstm,2026-04-23,2026-04-24,-0.0068100265350662,0.005163814593106461,0.002041718840074016,2331.513916015625,2315.690185546875,2343.5845600611665,ensemble
ETH,phase0,lstm,phase0_lstm,2026-04-24,2026-04-25,0.0013545812633985,0.0048580215778201204,0.0016378086802777707,2315.690185546875,2318.8291015625,2326.9672283158343,ensemble
ETH,phase0,lstm,phase0_lstm,2026-04-25,2026-04-26,0.021713243592728,0.0042646611575037,0.0009643790998326594,2318.8291015625,2369.72900390625,2328.7392386312235,ensemble
ETH,phase0,lstm,phase0_lstm,2026-04-26,2026-04-27,-0.0285352092391055,0.00372118018567556,0.0007358434642366197,2369.72900390625,2303.06396484375,2378.5636199255036,ensemble
ETH,phase0,lstm,phase0_lstm,2026-04-27,2026-04-28,-0.0059420254123551,0.0034494692459701797,0.0008574291380061292,2303.06396484375,2289.419677734375,2311.0220308229304,ensemble
ETH,phase0,lstm,phase0_lstm,2026-04-28,2026-04-29,-0.0158511839185899,0.0032521162182092196,0.0010588113857362457,2289.419677734375,2253.415771484375,2296.8772564822466,ensemble
ETH,phase0,lstm,phase0_lstm,2026-04-29,2026-04-30,0.0012574984349416,0.00325586739927526,0.0010955191630654798,2253.415771484375,2256.251220703125,2260.764551266189,ensemble
ETH,phase0,lstm,phase0_lstm,2026-04-30,2026-05-01,0.0170690082206223,0.00310315387323494,0.001178001154124298,2256.251220703125,2295.09375,2263.263590020975,ensemble
ETH,phase0,lstm,phase0_lstm,2026-05-01,2026-05-02,0.0091680063840355,0.00304601902607826,0.001292712134984254,2295.09375,2316.23193359375,2302.095307253932,ensemble
ETH,phase0,lstm,phase0_lstm,2026-05-02,2026-05-03,0.0023302997915724,0.002718211710453,0.0015536795530955536,2316.23193359375,2321.6357421875,2322.5365070606135,ensemble
ETH,phase0,lstm,phase0_lstm,2026-05-03,2026-05-04,0.0106089499454062,0.0023542590439319,0.0019349283144338575,2321.6357421875,2346.39697265625,2327.1079130566645,ensemble
ETH,phase0,lstm,phase0_lstm,2026-05-04,2026-05-05,0.0062816540296977,0.00228699393919666,0.0020495314213691508,2346.39697265625,2361.1826171875,2351.7693092206496,ensemble
ETH,phase0,lstm,phase0_lstm,2026-05-05,2026-05-06,-0.0044060551410634,0.00212317161494864,0.0023534318545879777,2361.1826171875,2350.802001953125,2366.2011388041133,ensemble
ETH,phase0,lstm,phase0_lstm,2026-05-06,2026-05-07,-0.0257211497884926,0.0018677230094908646,0.0028266596992910513,2350.802001953125,2291.107666015625,2355.196751753041,ensemble
ETH,phase0,lstm,phase0_lstm,2026-05-07,2026-05-08,0.0069005173801773,0.0023857157386373323,0.0024501667070280352,2291.107666015625,2306.97216796875,2296.580122901007,ensemble
ETH,phase0,lstm,phase0_lstm,2026-05-08,2026-05-09,0.0085267708032934,0.00294759652460922,0.0022712450669477515,2306.97216796875,2326.727294921875,2313.782222829782,ensemble
ETH,phase0,lstm,phase0_lstm,2026-05-09,2026-05-10,0.0180237894016022,0.0035889880498870597,0.0027719148417109283,2326.727294921875,2369.0439453125,2335.0928944173484,ensemble
ETH,phase0,lstm,phase0_lstm,2026-05-10,2026-05-11,-0.0126087284649131,0.00416191400727252,0.003603247658502372,2369.0439453125,2339.36083984375,2378.9242487170823,ensemble
ETH,phase0,lstm,phase0_lstm,2026-05-11,2026-05-12,-0.0280543858235066,0.00449274268466974,0.004051638884330597,2339.36083984375,2274.6435546875,2349.894631232384,ensemble
ETH,phase0,lstm,phase0_lstm,2026-05-12,2026-05-13,-0.0075315052922758,0.00449290007818486,0.003983018940090276,2274.6435546875,2257.576416015625,2284.8862934630038,ensemble
ETH,phase0,lstm,phase0_lstm,2026-05-13,2026-05-14,0.010293509698889,0.004209752287715659,0.003908204068686066,2257.576416015625,2280.934814453125,2267.1002859991895,ensemble
ETH,phase0,lstm,phase0_lstm,2026-05-14,2026-05-15,-0.025579807171991,0.00416613126872106,0.0038527826449382867,2280.934814453125,2223.328857421875,2290.457310516621,ensemble
ETH,phase0,lstm,phase0_lstm,2026-05-15,2026-05-16,-0.0197944707467758,0.00426346153544724,0.003686860333983942,2223.328857421875,2179.751953125,2232.8281700740336,ensemble
ETH,phase0,lstm,phase0_lstm,2026-05-16,2026-05-17,-0.024195229175847,0.00400217389978928,0.0033231620093761485,2179.751953125,2127.645263671875,2188.493179786773,ensemble
ETH,phase0,lstm,phase0_lstm,2026-05-17,2026-05-18,0.0004092183281597,0.0035445080429781,0.002955330307617967,2127.645263671875,2128.51611328125,2135.200100602074,ensemble
ETH,phase0,lstm,phase0_lstm,2026-05-18,2026-05-19,-0.0087542537236926,0.0033869091421365,0.0025277958506073656,2128.51611328125,2109.9638671875,2135.7374260265206,ensemble
ETH,phase0,lstm,phase0_lstm,2026-05-19,2026-05-20,0.0080339082480059,0.00307699773693454,0.0023276511565436427,2109.9638671875,2126.9833984375,2116.466219963929,ensemble
ETH,phase0,lstm,phase0_lstm,2026-05-20,2026-05-21,0.0020793039085529,0.00268883317476134,0.0025480706832142364,2126.9833984375,2131.41064453125,2132.7101977150146,ensemble
ETH,phase0,lstm,phase0_lstm,2026-05-21,2026-05-22,-0.0318296288802969,0.00241190674132662,0.0028402619206631605,2131.41064453125,2064.636962890625,2136.557612741874,ensemble
ETH,phase0,lstm,phase0_lstm,2026-05-22,2026-05-23,0.0245501473754652,0.000348424151889,0.0007362778529338497,2064.636962890625,2115.951416015625,2065.3564576107688,ensemble
ETH,phase0,lstm,phase0_lstm,2026-05-23,2026-05-24,-0.0085229526741993,0.0002214339270722,0.0007919372984609488,2115.951416015625,2097.993896484375,2116.4200113267025,ensemble
ETH,phase0,lstm,phase0_lstm,2026-05-24,2026-05-25,0.0063555962617687,5.144090973770001e-05,0.0008700915633960266,2097.993896484375,2111.370361328125,2098.101821974903,ensemble
ETH,phase0,lstm,phase0_lstm,2026-05-25,2026-05-26,-0.0193741083637812,-0.00012213289228384648,0.0009351318210442333,2111.370361328125,2070.858154296875,2111.1125093056407,ensemble
ETH,phase0,lstm,phase0_lstm,2026-05-26,2026-05-27,-0.0237779302438843,-0.00026384724187664,0.000992385904251895,2070.858154296875,2022.1982421875,2070.3118361599822,ensemble
ETH,phase0,lstm,phase0_lstm,2026-05-27,2026-05-28,-0.0072687232435778,-0.0003615626890678,0.0010942392495602788,2022.1982421875,2007.552734375,2021.467222915837,ensemble
ETH,phase0,lstm,phase0_lstm,2026-05-28,2026-05-29,0.0022021388879798,-0.00041901885415425997,0.001159895368551314,2007.552734375,2011.978515625,2006.711708143817,ensemble
ETH,phase0,lstm,phase0_lstm,2026-05-29,2026-05-30,0.0037107092790728,-0.0004265496332664,0.0012475756532068618,2011.978515625,2019.458251953125,2011.1204899353015,ensemble
ETH,phase0,lstm,phase0_lstm,2026-05-30,2026-05-31,-0.0075136791444324,-0.00048131464864125995,0.0013177952648078001,2019.458251953125,2004.341552734375,2018.4864909942928,ensemble
ETH,phase0,lstm,phase0_lstm,2026-05-31,2026-06-01,-0.0005591235515652,-0.0005564560764469,0.0014000956297248754,2004.341552734375,2003.22119140625,2003.2265349560614,ensemble
ETH,phase0,lstm,phase0_lstm,2026-06-01,2026-06-02,-0.0754085383512764,-0.000620495196926638,0.0015072248531034483,2003.22119140625,1857.71630859375,2001.9785878332434,ensemble
ETH,phase0,lstm,phase0_lstm,2026-06-02,2026-06-03,-0.0250644830015835,-0.00068791224621234,0.0016381484571707477,1857.71630859375,1811.7322998046875,1856.4388022515875,ensemble
ETH,phase0,lstm,phase0_lstm,2026-06-03,2026-06-04,-0.0235409089196176,-0.0007745154784061,0.0017490064581919295,1811.7322998046875,1769.58056640625,1810.3296283612515,ensemble
ETH,phase0,lstm,phase0_lstm,2026-06-04,2026-06-05,-0.1127730163581579,-0.0008718713419511601,0.0018635938174081691,1769.58056640625,1580.86083984375,1768.0383922095616,ensemble
ETH,phase0,lstm,phase0_lstm,2026-06-05,2026-06-06,-0.0076791271868011,-0.00117757297120986,0.0020353262136206395,1580.86083984375,1568.7677001953125,1579.000356489952,ensemble
ETH,phase0,lstm,phase0_lstm,2026-06-06,2026-06-07,0.0723034430725498,-0.0015750431455671399,0.0023116491855893454,1568.7677001953125,1686.396240234375,1566.2987682297198,ensemble
ETH,phase0,lstm,phase0_lstm,2026-06-07,2026-06-08,0.0022225802428663,-0.0019594579469412203,0.0026470408936684095,1686.396240234375,1690.1485595703125,1683.095053044728,ensemble
ETH,phase0,lstm,phase0_lstm,2026-06-08,2026-06-09,-0.0315195419215522,-0.0022787305526435,0.0029657986021595336,1690.1485595703125,1637.7066650390625,1686.3015512215122,ensemble
ETH,phase0,lstm,phase0_lstm,2026-06-09,2026-06-10,-0.0107857454824715,-0.00251316297799346,0.0032403019807518765,1637.7066650390625,1620.1376953125,1633.5960088177596,ensemble
ETH,phase0,lstm,phase0_lstm,2026-06-10,2026-06-11,0.0316772045187946,-0.00290336012840266,0.003462518376182948,1620.1376953125,1672.2806396484375,1615.4406739970734,ensemble
ETH,phase0,lstm,phase0_lstm,2026-06-11,2026-06-12,-0.0042864654394683,-0.00306979557499286,0.0037041513844859224,1672.2806396484375,1665.1278076171875,1667.1549513735126,ensemble
ETH,phase0,lstm,phase0_lstm,2026-06-12,2026-06-13,0.0090196413020536,-0.00303858905099328,0.003928184678146291,1665.1278076171875,1680.214599609375,1660.0758477944305,ensemble
ETH,phase0,lstm,phase0_lstm,2026-06-13,2026-06-14,0.0260813174474448,-0.0028766135685145597,0.0041094230422962326,1680.214599609375,1724.61328125,1675.388216641643,ensemble
ETH,phase0,lstm,phase0_lstm,2026-06-14,2026-06-15,0.0399805553119012,-0.00265464335680004,0.0042172528526949115,1724.61328125,1794.961181640625,1720.0411194743742,ensemble
ETH,phase0,lstm,phase0_lstm,2026-06-15,2026-06-16,-0.002545346375384,-0.00234541771933432,0.004187309565606122,1794.961181640625,1790.398193359375,1790.7561810487734,ensemble
ETH,phase0,lstm,phase0_lstm,2026-06-16,2026-06-17,-0.0240312789660825,-0.00205174363218242,0.0040380073226433276,1790.398193359375,1747.885498046875,1786.7285211676915,ensemble
ETH,phase0,lstm,phase0_lstm,2026-06-17,2026-06-18,-0.0221862751067949,-0.0019524420611559997,0.0038504883492116275,1747.885498046875,1709.533447265625,1744.4761822112569,ensemble
ETH,phase0,lstm,phase0_lstm,2026-06-18,2026-06-19,0.0008472258287815,-0.00180091070942578,0.0036228981409890362,1709.533447265625,1710.982421875,1706.457500756174,ensemble
ETH,phase0,lstm,phase0_lstm,2026-06-19,2026-06-20,0.0164158122645686,-0.0015662984456866799,0.0034335661027227746,1710.982421875,1739.3013916015625,1708.304610440418,ensemble
ETH,phase0,lstm,phase0_lstm,2026-06-20,2026-06-21,-0.0201644551603129,-0.00131789543665944,0.0032727119767961364,1739.3013916015625,1704.58056640625,1737.0106840226788,ensemble
ETH,phase0,lstm,phase0_lstm,2026-06-21,2026-06-22,0.012783452112487,-0.00106592835509214,0.0031246572031298405,1704.58056640625,1726.5108642578125,1702.7645736779941,ensemble
ETH,phase0,lstm,phase0_lstm,2026-06-22,2026-06-23,-0.0360151185751902,-0.00087454252061434,0.002959364769933459,1726.5108642578125,1665.436767578125,1725.0016171412976,ensemble
ETH,phase0,lstm,phase0_lstm,2026-06-23,2026-06-24,-0.027707605238555,-0.00094952292274682,0.002791269978334296,1665.436767578125,1619.9249267578125,1663.856147727071,ensemble
ETH,phase0,lstm,phase0_lstm,2026-06-24,2026-06-25,-0.0346111458341076,-0.0011851686896989,0.0026964146472296547,1619.9249267578125,1564.816650390625,1618.0061796990185,ensemble
ETH,phase0,lstm,phase0_lstm,2026-06-25,2026-06-26,0.0075121735497433,-0.0014570840234227882,0.002575173655892143,1564.816650390625,1576.6160888671875,1562.538241369553,ensemble
ETH,phase0,lstm,phase0_lstm,2026-06-26,2026-06-27,-0.0031940978117993,-0.0017062437545973398,0.002449156252345452,1576.6160888671875,1571.5882568359375,1573.928291183241,ensemble
ETH,phase0,lstm,phase0_lstm,2026-06-27,2026-06-28,-0.0007810761173124,-0.00186316892504688,0.0023810612394549436,1571.5882568359375,1570.3612060546875,1568.6628485440149,ensemble
ETH,phase0,lstm,phase0_lstm,2026-06-28,2026-06-29,0.0250563430147941,-0.00186051761265842,0.0023059267970271906,1570.3612060546875,1610.205810546875,1567.4422376106945,ensemble
ETH,phase0,lstm,phase0_lstm,2026-06-29,2026-06-30,-0.025551475094469,-0.0017283461638725802,0.002237850047232923,1610.205810546875,1569.5838623046875,1607.4252211138878,ensemble
ETH,phase0,lstm,phase0_lstm,2026-06-30,2026-07-01,0.0247779101060913,-0.0014484884100965801,0.0022057655274946592,1569.5838623046875,1608.960693359375,1567.311984063338,ensemble
ETH,phase0,lstm,phase0_lstm,2026-07-01,2026-07-02,0.0539624286481777,-0.00112201588926834,0.0021533578037849993,1608.960693359375,1698.16943359375,1607.1564262936613,ensemble
ETH,phase0,lstm,phase0_lstm,2026-07-02,2026-07-03,0.0337829584823897,-0.0008473511319607201,0.0021238767168391026,1698.16943359375,1756.5186767578125,1696.7310972759476,ensemble
ETH,phase0,lstm,phase0_lstm,2026-07-03,2026-07-04,0.0127361095972148,-0.0006363261025398601,0.0020947446144434054,1756.5186767578125,1779.032958984375,1755.4013136155622,ensemble
ETH,phase0,lstm,phase0_lstm,2026-07-04,2026-07-05,0.0022307583802167,-0.00050356019055468,0.0020699565783047795,1779.032958984375,1783.0059814453125,1778.1373343279324,ensemble
ETH,phase0,lstm,phase0_lstm,2026-07-05,2026-07-06,0.0081371345293737,-0.00037092582788315995,0.0020273427509433124,1783.0059814453125,1797.57373046875,1782.3447411186635,ensemble
ETH,phase0,lstm,phase0_lstm,2026-07-06,2026-07-07,-0.0162996101421938,-0.00024471598444506003,0.0019687145003996044,1797.57373046875,1768.511474609375,1797.1338892639674,ensemble
ETH,phase0,lstm,phase0_lstm,2026-07-07,2026-07-08,-0.0147154299263924,-0.00018274569883939995,0.0018851692730854925,1768.511474609375,1742.6776123046875,1768.1883162728393,ensemble
ETH,phase0,lstm,phase0_lstm,2026-07-08,2026-07-09,0.0010363767887721,-0.00017762866336852007,0.0017181300127800422,1742.6776123046875,1744.484619140625,1742.3680903005354,ensemble
ETH,phase0,lstm,phase0_lstm,2026-07-09,2026-07-10,0.0289319871755302,-7.054756861177996e-05,0.0015523894313705915,1744.484619140625,1795.6932373046875,1744.3615543332764,ensemble
ETH,phase0,lstm,phase0_lstm,2026-07-10,2026-07-11,-0.0042377668681416,8.822893141771999e-05,0.0013971634406243437,1795.6932373046875,1788.099609375,1795.8516763895218,ensemble
ETH,phase0,lstm,phase0_lstm,2026-07-11,2026-07-12,0.0098437240641505,0.00021734519978052004,0.001259038033946339,1788.099609375,1805.7880859375,1788.4882864788483,ensemble
ETH,phase0,lstm,phase0_lstm,2026-07-12,2026-07-13,-0.0180417009925125,0.00034691253094936,0.0012491686920213859,1805.7880859375,1773.500732421875,1806.4146451270842,ensemble
ETH,phase0,lstm,phase0_lstm,2026-07-13,2026-07-14,0.0633461757860125,0.00040244465344586,0.0011863635601164642,1773.500732421875,1889.4798583984373,1774.2146119483846,ensemble
ETH,phase0,lstm,phase0_lstm,2026-07-14,2026-07-15,0.0144305241755588,0.0005133623897563397,0.0011270284050428595,1889.4798583984373,1916.9437255859373,1890.450095314204,ensemble
ETH,phase0,lstm,phase0_lstm,2026-07-15,2026-07-16,-0.0284402326891384,0.0007018190721282399,0.001155169648828956,1916.9437255859373,1863.193359375,1918.289545458537,ensemble
ETH,phase0,lstm,phase0_lstm,2026-07-16,2026-07-17,-0.011989404987594,0.0008600351779023,0.0012045023720506994,1863.193359375,1840.9881591796875,1864.796460470152,ensemble
ETH,phase0,lstm,phase0_lstm,2026-07-17,2026-07-18,0.0110221726895365,0.00093365826760416,0.0012060710231730466,1840.9881591796875,1861.39208984375,1842.707815655889,ensemble
ETH,phase0,lstm,phase0_lstm,2026-07-18,2026-07-19,0.0054201709795738,0.00091199918242636,0.0010406855385958799,1861.39208984375,1871.508544921875,1863.0904522427054,ensemble
ETH,phase0,lstm,phase0_lstm,2026-07-19,2026-07-20,0.0170854918812539,0.00089474878623148,0.0009590614373668911,1871.508544921875,1903.7589111328125,1873.183824286189,ensemble
ETH,phase0,lstm,phase0_lstm,2026-07-20,2026-07-21,0.0128519310477648,0.000945086797582889,0.0008930341450714781,1903.7589111328125,1928.3837890625,1905.55897902172,ensemble
ETH,phase0,lstm,phase0_lstm,2026-07-21,2026-07-22,0.0026444810723667,0.0010930171345989643,0.0009038168582670717,1928.3837890625,1933.4901123046875,1930.4926979128252,ensemble
ETH,phase0,lstm,phase0_lstm,2026-07-22,2026-07-23,-0.0295985684211487,0.00130078177244281,0.0009971457007803977,1933.4901123046875,1877.1002197265625,1936.0067974742099,ensemble
ETH,phase0,lstm,phase0_lstm,2026-07-23,2026-07-24,-0.0090566354547485,0.0014502881560474,0.0009955298429587948,1877.1002197265625,1860.1767578125,1879.8245309836088,ensemble
ETH,phase0,lstm,phase0_lstm,2026-07-24,2026-07-25,0.0069886485747689,0.00152275887085118,0.0009929671938603097,1860.1767578125,1873.222412109375,1863.011516250821,ensemble
ETH,phase0,lstm,phase0_lstm,2026-07-25,2026-07-26,0.0419170428366946,0.00150795342924534,0.0010357703892007713,1873.222412109375,1953.4112548828125,1876.0492751226695,ensemble
ETH,phase0,lstm,phase0_lstm,2026-07-26,2026-07-27,-0.0326758126996198,0.0014945170834834635,0.0010879661427333374,1953.4112548828125,1890.613525390625,1956.332844012936,ensemble
ETH,phase0,lstm,phase0_lstm,2026-07-27,2026-07-28,0.015396962638548,0.001525987376226059,0.0011046848201564327,1890.613525390625,1919.948486328125,1893.5007801605777,ensemble
ETH,phase0,lstm,phase0_lstm,2026-07-28,2026-07-29,-0.0059707845121414,0.0015770206315209802,0.0011149855114820683,1919.948486328125,1908.51904296875,1922.9786734082886,ensemble
ETH,phase0,lstm,phase0_lstm,2026-07-29,2026-07-30,0.0046284096447549,0.00156046876218166,0.0010721596226741556,1908.51904296875,1917.3729248046875,1911.499552208303,ensemble
ETH,phase0,lstm,phase0_lstm,2026-07-30,2026-07-31,-0.0301935171908472,0.00155489272437986,0.0010855897087001171,1917.3729248046875,1860.345947265625,1920.3565530251713,ensemble
ETH,phase0,lstm,phase0_lstm,2026-07-31,2026-08-01,-0.0091411558801774,0.00159628445981066,0.0011219397598856231,1860.345947265625,1843.417724609375,1863.317960048939,ensemble
ETH,phase0,lstm,phase0_lstm,2026-08-01,2026-08-02,0.0209910449816346,0.00154758453718382,0.001132973119801469,1843.417724609375,1882.52197265625,1846.2727780239845,ensemble
ETH,phase0,lstm,phase0_lstm,2026-08-02,2026-08-03,-0.0129736864450064,0.0014753214025403998,0.0011560952026744614,1882.52197265625,1858.2564697265625,1885.3013473446179,ensemble
ETH,phase0,lstm,phase0_lstm,2026-08-03,2026-08-04,0.0054362176829138,0.0014112742734141333,0.0011993512936987645,1858.2564697265625,1868.3858642578125,1860.8808306866695,ensemble
ETH,phase0,lstm,phase0_lstm,2026-08-04,2026-08-05,0.0202078543669882,0.0013509054231689963,0.0012887554456731752,1868.3858642578125,1906.5260009765625,1870.9115824735197,ensemble
ETH,phase0,lstm,phase0_lstm,2026-08-05,2026-08-06,-0.0023465458558861,0.0013864994740288138,0.0014268036052695527,1906.5260009765625,1902.0574951171875,1909.1712316558496,ensemble
ETH,phase0,lstm,phase0_lstm,2026-08-06,2026-08-07,0.0058825505802162,0.00152929902251344,0.0015342129671390425,1902.0574951171875,1913.2794189453125,1904.9685351432167,ensemble
ETH,phase0,lstm,phase0_lstm,2026-08-07,2026-08-08,0.0011771484611133,0.00169806076446544,0.0016340106832796915,1913.2794189453125,1915.532958984375,1916.5310436048965,ensemble
ETH,phase0,lstm,phase0_lstm,2026-08-08,2026-08-09,-0.003582552655913,0.0017673146212473401,0.0017352713271877067,1915.532958984375,1908.6827392578125,1918.9213016421002,ensemble
ETH,phase0,lstm,phase0_lstm,2026-08-09,2026-08-10,-0.0197913520463313,0.00177646096562966,0.0018463274184715409,1908.6827392578125,1871.2786865234373,1912.0764531475077,ensemble
ETH,phase0,lstm,phase0_lstm,2026-08-10,2026-08-11,0.0053801271136948,0.00177566087222654,0.0019032234809153153,1871.2786865234373,1881.37353515625,1874.6043946592113,ensemble
ETH,phase0,lstm,phase0_lstm,2026-08-11,2026-08-12,-0.0017228455012013,0.0017703415738651001,0.0019422560039782206,1881.37353515625,1878.135009765625,1884.707158897195,ensemble
ETH,phase0,lstm,phase0_lstm,2026-08-12,2026-08-13,0.0031133074431306,0.0018067199853248402,0.001964851896876072,1878.135009765625,1883.9913330078125,1881.5313410088047,ensemble
ETH,phase0,lstm,phase0_lstm,2026-08-13,2026-08-14,-0.0017751010807604,0.00180078832781868,0.0019867394481882113,1883.9913330078125,1880.6500244140625,1887.3870591843868,ensemble
ETH,phase0,lstm,phase0_lstm,2026-08-14,2026-08-15,0.0001373371127861,0.0017923761974088601,0.002012899612069605,1880.6500244140625,1880.9083251953125,1884.023879458976,ensemble
ETH,phase0,lstm,phase0_lstm,2026-08-15,2026-08-16,-0.003710048377518,0.00176918596262108,0.0020279903675022473,1880.9083251953125,1873.9429931640625,1884.2389471773113,ensemble
ETH,phase0,lstm,phase0_lstm,2026-08-16,2026-08-17,0.0202107717270595,0.0017352183378534,0.0020461080030014494,1873.9429931640625,1912.2021484375,1877.1975162473507,ensemble
ETH,phase0,lstm,phase0_lstm,2026-08-17,2026-08-18,0.0022239875598747,0.00167149261396842,0.0019710067056984805,1912.2021484375,1916.4595947265625,1915.4010529328646,ensemble
ETH,phase0,lstm,phase0_lstm,2026-08-18,2026-08-19,0.1610984870542504,0.0015760945592773802,0.0018570450810948993,1916.4595947265625,2251.4580078125,1919.482497831695,ensemble
ETH,phase0,lstm,phase0_lstm,2026-08-19,2026-08-20,0.0327374500344778,0.0016420442203525201,0.0018133399172499183,2251.4580078125,2326.384765625,2255.158038397144,ensemble
ETH,phase0,lstm,phase0_lstm,2026-08-20,2026-08-21,0.0780693605915992,0.0017512468853965201,0.0017421517718132838,2326.384765625,2515.28173828125,2330.462409138154,ensemble
ETH,phase0,lstm,phase0_lstm,2026-08-21,2026-08-22,-0.0368621187101773,0.002073692372505275,0.0015046809098795198,2515.28173828125,2424.251220703125,2520.5030706841503,ensemble
ETH,phase0,lstm,phase0_lstm,2026-08-22,2026-08-23,0.0161886325230095,0.0023301769047974997,0.001327569582349923,2424.251220703125,2463.81591796875,2429.9067415320515,ensemble
ETH,phase0,lstm,phase0_lstm,2026-08-23,2026-08-24,0.0072853803568115,0.0024282174301333203,0.0011841083184008553,2463.81591796875,2481.831298828125,2469.805868233039,ensemble
ETH,phase0,lstm,phase0_lstm,2026-08-24,2026-08-25,-0.0157046670742771,0.0025351146701723002,0.0009415421313060065,2481.831298828125,2443.159423828125,2488.131007630862,ensemble
ETH,phase0,lstm,phase0_lstm,2026-08-25,2026-08-26,0.0254999480890524,0.00266999942250546,0.0009850604516455736,2443.159423828125,2506.260986328125,2449.6913743504297,ensemble
ETH,phase0,lstm,phase0_lstm,2026-08-26,2026-08-27,0.0016541530230063,0.0027814067201688197,0.0011923555390999942,2506.260986328125,2510.41015625,2513.2416209697344,ensemble
ETH,phase0,lstm,phase0_lstm,2026-08-27,2026-08-28,-0.0274093504142575,0.00288722265977408,0.0012637046811632096,2510.41015625,2442.535888671875,2517.668742874011,ensemble
ETH,phase0,lstm,phase0_lstm,2026-08-28,2026-08-29,0.0061835722465449,0.0032141645206137997,0.0012234649520903237,2442.535888671875,2457.686279296875,2450.399231134162,ensemble
ETH,phase0,lstm,phase0_lstm,2026-08-29,2026-08-30,-0.0163049615873888,0.0033844213001429395,0.0010465222576622889,2457.686279296875,2417.938720703125,2466.0182165294714,ensemble
ETH,phase0,lstm,phase0_lstm,2026-08-30,2026-08-31,0.0200145895501371,0.0035680931527167004,0.0009198513121183618,2417.938720703125,2466.8203125,2426.5815613568934,ensemble
ETH,phase0,xgb,phase0_xgb,2025-10-31,2025-11-01,0.0070215866872251,-0.0004756804035423792,0.001665938171794652,3847.080322265625,3874.18798828125,3845.2507767194493,ensemble
ETH,phase0,xgb,phase0_xgb,2025-11-01,2025-11-02,0.0094731740475304,-0.00118168267945292,0.0017958768291083172,3874.18798828125,3911.063232421875,3869.6126312810225,ensemble
ETH,phase0,xgb,phase0_xgb,2025-11-02,2025-11-03,-0.0822344830552394,-0.01446277014911172,0.0023354545233709467,3911.063232421875,3602.30810546875,3854.9055009148533,ensemble
ETH,phase0,xgb,phase0_xgb,2025-11-03,2025-11-04,-0.0899050101356721,0.0045486272370908205,0.0055953600970034476,3602.30810546875,3292.574462890625,3618.7309846957755,ensemble
ETH,phase0,xgb,phase0_xgb,2025-11-04,2025-11-05,0.0394816688100728,-0.00621526059694582,0.007535182786622976,3292.574462890625,3425.171142578125,3272.173718213625,ensemble
ETH,phase0,xgb,phase0_xgb,2025-11-05,2025-11-06,-0.0335213636698541,0.00605341116024645,0.005943526791874602,3425.171142578125,3312.2578125,3445.9679942390885,ensemble
ETH,phase0,xgb,phase0_xgb,2025-11-06,2025-11-07,0.0364744811598151,0.01192500926554196,0.001850916552931718,3312.2578125,3435.301025390625,3351.992967771485,ensemble
ETH,phase0,xgb,phase0_xgb,2025-11-07,2025-11-08,-0.0102185497413461,-0.00011785762071665016,0.0027349181824387722,3435.301025390625,3400.3759765625,3434.8961728432746,ensemble
ETH,phase0,xgb,phase0_xgb,2025-11-08,2025-11-09,0.0522087429098387,0.0048545440891756995,0.002250927719724926,3400.3759765625,3582.621337890625,3416.923384223359,ensemble
ETH,phase0,xgb,phase0_xgb,2025-11-09,2025-11-10,-0.0039606305321747,-0.00130114492494612,0.004192439225462915,3582.621337890625,3568.4599609375,3577.962859653708,ensemble
ETH,phase0,xgb,phase0_xgb,2025-11-10,2025-11-11,-0.0438739864099317,-0.0026456967461854003,0.0032286278785443423,3568.4599609375,3415.2822265625,3559.0313761178245,ensemble
ETH,phase0,xgb,phase0_xgb,2025-11-11,2025-11-12,-0.000640851706814,-0.011069031432270959,0.0023136341430158155,3415.2822265625,3413.09423828125,3377.686816493667,ensemble
ETH,phase0,xgb,phase0_xgb,2025-11-12,2025-11-13,-0.0542839228098472,0.0034292410826310196,0.0043972409039334005,3413.09423828125,3232.757080078125,3424.8186526942177,ensemble
ETH,phase0,xgb,phase0_xgb,2025-11-13,2025-11-14,-0.0407128161836017,0.010003207996487561,0.004498526525204065,3232.757080078125,3103.78564453125,3265.2573037925977,ensemble
ETH,phase0,xgb,phase0_xgb,2025-11-14,2025-11-15,0.0200458143866448,0.0189858933910727,0.0023821563946275722,3103.78564453125,3166.63134765625,3163.276746725667,ensemble
ETH,phase0,xgb,phase0_xgb,2025-11-15,2025-11-16,-0.0235761973164414,-0.006793630650645319,0.004162095037986919,3166.63134765625,3092.847412109375,3145.191334100899,ensemble
ETH,phase0,xgb,phase0_xgb,2025-11-16,2025-11-17,-0.0223335360686421,-0.00632593660266134,0.00446245827310036,3092.847412109375,3024.538818359375,3073.344009143714,ensemble
ETH,phase0,xgb,phase0_xgb,2025-11-17,2025-11-18,0.0320287321061959,0.01011709710583086,0.0039645140164346225,3024.538818359375,3122.97900390625,3055.2936839384247,ensemble
ETH,phase0,xgb,phase0_xgb,2025-11-18,2025-11-19,-0.0325142190008236,0.00995937092229718,0.0038337529914411177,3122.97900390625,3023.07080078125,3154.2373083397433,ensemble
ETH,phase0,xgb,phase0_xgb,2025-11-19,2025-11-20,-0.0653684988267085,0.00509443776390978,0.0036305230028764878,3023.07080078125,2831.777587890625,3038.510942859631,ensemble
ETH,phase0,xgb,phase0_xgb,2025-11-20,2025-11-21,-0.0236111523857895,0.00492329327389594,0.005255881482399346,2831.777587890625,2765.69921875,2845.7536353021387,ensemble
ETH,phase0,xgb,phase0_xgb,2025-11-21,2025-11-22,0.0006897153274086,0.01185951922088856,0.0029832267293973215,2765.69921875,2767.607421875,2798.694348255699,ensemble
ETH,phase0,xgb,phase0_xgb,2025-11-22,2025-11-23,0.0122346182602878,0.01108663547784084,0.0053491285933196155,2767.607421875,2801.676025390625,2798.461594959892,ensemble
ETH,phase0,xgb,phase0_xgb,2025-11-23,2025-11-24,0.0525067184643922,0.0006450262095313399,0.006045277831622583,2801.676025390625,2952.71337890625,2803.48376281395,ensemble
ETH,phase0,xgb,phase0_xgb,2025-11-24,2025-11-25,0.0017672851723719,0.00419511595391662,0.0024277377394824056,2952.71337890625,2957.936279296875,2965.126372678866,ensemble
ETH,phase0,xgb,phase0_xgb,2025-11-25,2025-11-26,0.023348428095094,0.00120047704549504,0.0034335072823860353,2957.936279296875,3027.81201171875,2961.489346163108,ensemble
ETH,phase0,xgb,phase0_xgb,2025-11-26,2025-11-27,-0.0043922604267135,-0.011261931248009161,0.0014718893773903226,3027.81201171875,3014.542236328125,2993.90429259035,ensemble
ETH,phase0,xgb,phase0_xgb,2025-11-27,2025-11-28,0.005874882913213,-0.00685272114351386,0.003195828004044684,3014.542236328125,3032.304443359375,2993.955038733483,ensemble
ETH,phase0,xgb,phase0_xgb,2025-11-28,2025-11-29,-0.013485997805236,-0.00260448860935864,0.0023261920334464677,3032.304443359375,2991.685302734375,3024.417116661358,ensemble
ETH,phase0,xgb,phase0_xgb,2025-11-29,2025-11-30,0.0001428009786007,-0.0035160137340426003,0.0032728070171823688,2991.685302734375,2992.112548828125,2981.184966602456,ensemble
ETH,phase0,xgb,phase0_xgb,2025-11-30,2025-12-01,-0.0662927736435053,0.00099617688683796,0.0073282922927406504,2992.112548828125,2800.18896484375,2995.0947073241523,ensemble
ETH,phase0,xgb,phase0_xgb,2025-12-01,2025-12-02,0.068238382808925,0.00497948988340792,0.004914112126057631,2800.18896484375,2997.939697265625,2814.1672509499526,ensemble
ETH,phase0,xgb,phase0_xgb,2025-12-02,2025-12-03,0.0625882304633783,0.00247517129173502,0.005298635616984065,2997.939697265625,3191.57177734375,3005.369302518359,ensemble
ETH,phase0,xgb,phase0_xgb,2025-12-03,2025-12-04,-0.0181024175452983,0.0009136448497883799,0.0034415887556513256,3191.57177734375,3134.31640625,3194.4890729439667,ensemble
ETH,phase0,xgb,phase0_xgb,2025-12-04,2025-12-05,-0.0356875080281464,-0.01161878854036326,0.004212046070319231,3134.31640625,3024.432861328125,3098.1101901989528,ensemble
ETH,phase0,xgb,phase0_xgb,2025-12-05,2025-12-06,0.0052022663489112,0.0073863823898136,0.0024557875488425912,3024.432861328125,3040.207763671875,3046.855186945537,ensemble
ETH,phase0,xgb,phase0_xgb,2025-12-06,2025-12-07,0.0069143801565508,-0.013282250892370881,0.004267938383992088,3040.207763671875,3061.3017578125,3000.0939519775375,ensemble
ETH,phase0,xgb,phase0_xgb,2025-12-07,2025-12-08,0.0206574040037443,-0.00470157565141556,0.0035945130689854425,3061.3017578125,3125.197998046875,3046.942597795425,ensemble
ETH,phase0,xgb,phase0_xgb,2025-12-08,2025-12-09,0.0608029264224186,0.00251075628912076,0.0034943469215205263,3125.197998046875,3321.114990234375,3133.0544672878,ensemble
ETH,phase0,xgb,phase0_xgb,2025-12-09,2025-12-10,0.0012864345975214,-0.00767463588854294,0.004020908137105832,3321.114990234375,3325.39013671875,3295.7241991051837,ensemble
ETH,phase0,xgb,phase0_xgb,2025-12-10,2025-12-11,-0.0269224534884862,0.00017180915456264007,0.0035572294039650197,3325.39013671875,3237.056884765625,3325.9615182696157,ensemble
ETH,phase0,xgb,phase0_xgb,2025-12-11,2025-12-12,-0.0483811252686677,-0.00809637457132336,0.002671881428013774,3237.056884765625,3084.172607421875,3210.9542705769236,ensemble
ETH,phase0,xgb,phase0_xgb,2025-12-12,2025-12-13,0.0104898229476874,-0.01175951110199092,0.007122987791506819,3084.172607421875,3116.6953125,3048.116661057288,ensemble
ETH,phase0,xgb,phase0_xgb,2025-12-13,2025-12-14,-0.018163993601147,0.00040997401811184,0.0021768046430214083,3116.6953125,3060.5947265625,3117.973338561335,ensemble
ETH,phase0,xgb,phase0_xgb,2025-12-14,2025-12-15,-0.0320077701658808,-0.0097738868556916,0.002800127060147688,3060.5947265625,2964.18310546875,3030.826532450961,ensemble
ETH,phase0,xgb,phase0_xgb,2025-12-15,2025-12-16,-7.412721688312701e-07,0.00310259233228858,0.0030854184773501095,2964.18310546875,2964.180908203125,2973.3940387399834,ensemble
ETH,phase0,xgb,phase0_xgb,2025-12-16,2025-12-17,-0.0458281928487593,0.030302352458238556,0.004618551407540896,2964.180908203125,2831.403564453125,3055.377317516507,ensemble
ETH,phase0,xgb,phase0_xgb,2025-12-17,2025-12-18,-0.0015320294953636,-0.00759107980411496,0.006431458481420732,2831.403564453125,2827.069091796875,2809.991527101243,ensemble
ETH,phase0,xgb,phase0_xgb,2025-12-18,2025-12-19,0.0520015780613912,-0.00925111998803908,0.004742801026327455,2827.069091796875,2977.970703125,2801.0361390639373,ensemble
ETH,phase0,xgb,phase0_xgb,2025-12-19,2025-12-20,-0.0001303602133292,-0.00807703579775984,0.0026481662695266098,2977.970703125,2977.58251953125,2954.0144053279078,ensemble
ETH,phase0,xgb,phase0_xgb,2025-12-20,2025-12-21,0.0080383309849244,-0.0105980210937559,0.0027908534525585946,2977.58251953125,3001.61376953125,2946.1926661483794,ensemble
ETH,phase0,xgb,phase0_xgb,2025-12-21,2025-12-22,0.0014847515809792,0.00410432276548814,0.0031473879281497747,3001.61376953125,3006.07373046875,3013.958677672863,ensemble
ETH,phase0,xgb,phase0_xgb,2025-12-22,2025-12-23,-0.0143063268401752,-0.0057065722532570005,0.001152550478221909,3006.07373046875,2963.3740234375,2988.968206900341,ensemble
ETH,phase0,xgb,phase0_xgb,2025-12-23,2025-12-24,-0.0060191597554604,-0.0048946013441309,0.003471019583684172,2963.3740234375,2945.590576171875,2948.9049280725103,ensemble
ETH,phase0,xgb,phase0_xgb,2025-12-24,2025-12-25,-0.014365015056822,-0.01345580872148272,0.002973999046256185,2945.590576171875,2903.57958984375,2906.2207432967803,ensemble
ETH,phase0,xgb,phase0_xgb,2025-12-25,2025-12-26,0.0076050389079913,-0.009195287711918321,0.002602233516861693,2903.57958984375,2925.74560546875,2877.002718373795,ensemble
ETH,phase0,xgb,phase0_xgb,2025-12-26,2025-12-27,0.0075770385642638,0.00722765554673966,0.004307869642052437,2925.74560546875,2947.998291015625,2946.9684903849547,ensemble
ETH,phase0,xgb,phase0_xgb,2025-12-27,2025-12-28,0.000193273230984,0.005239637941122,0.0014097225036671047,2947.998291015625,2948.568115234375,2963.485272367771,ensemble
ETH,phase0,xgb,phase0_xgb,2025-12-28,2025-12-29,-0.0047695250401753,0.009970725793391401,0.0016492301114009553,2948.568115234375,2934.538330078125,2978.1145342352484,ensemble
ETH,phase0,xgb,phase0_xgb,2025-12-29,2025-12-30,0.0124887158133864,-0.0068280234932899,0.0027321544869072954,2934.538330078125,2971.416748046875,2914.569484872564,ensemble
ETH,phase0,xgb,phase0_xgb,2025-12-30,2025-12-31,-0.0014748454494985,0.01946296431124206,0.003884716387684654,2971.416748046875,2967.03759765625,3029.8157919359696,ensemble
ETH,phase0,xgb,phase0_xgb,2025-12-31,2026-01-01,0.011179695896671,-0.00855660084635014,0.0019171283702220528,2967.03759765625,3000.394287109375,2941.758148551725,ensemble
ETH,phase0,xgb,phase0_xgb,2026-01-01,2026-01-02,0.040505791423565,-0.00070694646856284,0.0024101467817035215,3000.394287109375,3124.422607421875,2998.2739185456494,ensemble
ETH,phase0,xgb,phase0_xgb,2026-01-02,2026-01-03,0.0004783333560596,-0.007805307162925559,0.003220349605812301,3124.422607421875,3125.91748046875,3100.1304564429142,ensemble
ETH,phase0,xgb,phase0_xgb,2026-01-03,2026-01-04,0.0047211981925699,0.013898542337119502,0.002554751991843576,3125.91748046875,3140.71044921875,3169.6664964431325,ensemble
ETH,phase0,xgb,phase0_xgb,2026-01-04,2026-01-05,0.0268343594600314,0.007205292908474739,0.003365084188053545,3140.71044921875,3226.13037109375,3163.4219110558015,ensemble
ETH,phase0,xgb,phase0_xgb,2026-01-05,2026-01-06,0.0214100727655341,0.00150707749999126,0.002438159365105748,3226.13037109375,3295.94677734375,3230.9960651561382,ensemble
ETH,phase0,xgb,phase0_xgb,2026-01-06,2026-01-07,-0.0399579577460706,0.00185558244120326,0.0030616129878429646,3295.94677734375,3166.843994140625,3302.06835610148,ensemble
ETH,phase0,xgb,phase0_xgb,2026-01-07,2026-01-08,-0.0199206616781398,0.0003828756976873,0.002099072836302692,3166.843994140625,3104.382568359375,3168.056733893823,ensemble
ETH,phase0,xgb,phase0_xgb,2026-01-08,2026-01-09,-0.0068964125191375,0.006599036976695,0.0012479814171708573,3104.382568359375,3083.047119140625,3124.936246370361,ensemble
ETH,phase0,xgb,phase0_xgb,2026-01-09,2026-01-10,-0.0002112169513613,0.00960842175409194,0.002031197622868624,3083.047119140625,3082.39599609375,3112.813109238743,ensemble
ETH,phase0,xgb,phase0_xgb,2026-01-10,2026-01-11,0.0117684321917196,0.00013390254462138,0.0017670339511234574,3082.39599609375,3118.88525390625,3082.808764395904,ensemble
ETH,phase0,xgb,phase0_xgb,2026-01-11,2026-01-12,-0.0085523492401958,0.00197802005568516,0.0029480359049211236,3118.88525390625,3092.3251953125,3125.060576932811,ensemble
ETH,phase0,xgb,phase0_xgb,2026-01-12,2026-01-13,0.0716724478508033,0.00202875707764176,0.001960982531933563,3092.3251953125,3322.095458984375,3098.6051400260576,ensemble
ETH,phase0,xgb,phase0_xgb,2026-01-13,2026-01-14,0.0097733550354151,0.02352900058031076,0.002890739248992689,3322.095458984375,3354.72265625,3401.1878789091083,ensemble
ETH,phase0,xgb,phase0_xgb,2026-01-14,2026-01-15,-0.0112777965317109,0.0052226754836737594,0.0016974966583555534,3354.72265625,3317.101318359375,3372.289116051751,ensemble
ETH,phase0,xgb,phase0_xgb,2026-01-15,2026-01-16,-0.0065388112427793,0.00497521413490172,0.0025380656909811446,3317.101318359375,3295.482177734375,3333.645729593056,ensemble
ETH,phase0,xgb,phase0_xgb,2026-01-16,2026-01-17,0.0040525125455037,-0.00258637373335656,0.001865383234901774,3295.482177734375,3308.8642578125,3286.969841977095,ensemble
ETH,phase0,xgb,phase0_xgb,2026-01-17,2026-01-18,-0.0084086840180541,0.006618738360702961,0.0016907872791005617,3308.8642578125,3281.15771484375,3330.837401634993,ensemble
ETH,phase0,xgb,phase0_xgb,2026-01-18,2026-01-19,-0.0292351847938204,0.01067749261856074,0.0030215563752339298,3281.15771484375,3186.62109375,3316.3799601196324,ensemble
ETH,phase0,xgb,phase0_xgb,2026-01-19,2026-01-20,-0.082047329409018,-0.00091934823431072,0.0032818528480017184,3186.62109375,2935.605712890625,3183.6928255294006,ensemble
ETH,phase0,xgb,phase0_xgb,2026-01-20,2026-01-21,0.0146406740972174,-0.00225002458319062,0.0007993241869722604,2935.605712890625,2978.901123046875,2929.0079532142895,ensemble
ETH,phase0,xgb,phase0_xgb,2026-01-21,2026-01-22,-0.0098736240513318,-0.00859059421345588,0.004157842089337206,2978.901123046875,2949.63330078125,2953.4201971479724,ensemble
ETH,phase0,xgb,phase0_xgb,2026-01-22,2026-01-23,0.001227550418774,0.00268265323247758,0.0035834302428296777,2949.63330078125,2953.25634765625,2957.5567672948887,ensemble
ETH,phase0,xgb,phase0_xgb,2026-01-23,2026-01-24,-0.0015302026847261,-0.0054208100773393605,0.004605464490430265,2953.25634765625,2948.74072265625,2937.290618574759,ensemble
ETH,phase0,xgb,phase0_xgb,2026-01-24,2026-01-25,-0.0460954469109645,-0.00308115010848264,0.0015199882629307957,2948.74072265625,2815.90234375,2939.6691924086567,ensemble
ETH,phase0,xgb,phase0_xgb,2026-01-25,2026-01-26,0.0385097283715548,0.030387899652123417,0.004534077827588805,2815.90234375,2926.45703125,2902.785108264006,ensemble
ETH,phase0,xgb,phase0_xgb,2026-01-26,2026-01-27,0.0321961750433529,-0.00187436167616398,0.004991940750383263,2926.45703125,3022.2109375,2920.9769297941652,ensemble
ETH,phase0,xgb,phase0_xgb,2026-01-27,2026-01-28,-0.0051763213071971,-0.007098077097907621,0.0033064466141888038,3022.2109375,3006.607421875,3000.8350050159124,ensemble
ETH,phase0,xgb,phase0_xgb,2026-01-28,2026-01-29,-0.0647023664323781,-0.0200601644814014,0.002179893285151147,3006.607421875,2818.232666015625,2946.89530231487,ensemble
ETH,phase0,xgb,phase0_xgb,2026-01-29,2026-01-30,-0.0419788679682719,-0.003248435864225,0.004986525205795239,2818.232666015625,2702.375244140625,2809.0926713302333,ensemble
ETH,phase0,xgb,phase0_xgb,2026-01-30,2026-01-31,-0.1000484393792718,-0.00144394090166314,0.0031845060650829873,2702.375244140625,2445.091796875,2698.4759898178536,ensemble
ETH,phase0,xgb,phase0_xgb,2026-01-31,2026-02-01,-0.0751997822029002,0.01219559106975788,0.0021154726593310583,2445.091796875,2267.96484375,2475.0937102371477,ensemble
ETH,phase0,xgb,phase0_xgb,2026-02-01,2026-02-02,0.0331281466529906,0.0318182252347469,0.0070457763976538405,2267.96484375,2344.356689453125,2341.2877768695967,ensemble
ETH,phase0,xgb,phase0_xgb,2026-02-02,2026-02-03,-0.0511047370755369,-0.0236154973506927,0.006134937119169698,2344.356689453125,2227.558837890625,2289.6421387254777,ensemble
ETH,phase0,xgb,phase0_xgb,2026-02-03,2026-02-04,-0.0384643510086561,0.016242717485874837,0.0064521388825350716,2227.558837890625,2143.504150390625,2264.035888025406,ensemble
ETH,phase0,xgb,phase0_xgb,2026-02-04,2026-02-05,-0.1626810863573628,-0.00049475539708506,0.0033450985798478424,2143.504150390625,1821.68310546875,2142.443902446869,ensemble
ETH,phase0,xgb,phase0_xgb,2026-02-05,2026-02-06,0.124587932433777,0.01337054958567018,0.004310826365407637,1821.68310546875,2063.386962890625,1846.203570510851,ensemble
ETH,phase0,xgb,phase0_xgb,2026-02-06,2026-02-07,0.0130780728606268,-0.005931340670213081,0.007856619448744235,2063.386962890625,2090.54931640625,2051.1845360288476,ensemble
ETH,phase0,xgb,phase0_xgb,2026-02-07,2026-02-08,-0.0008548665199209,0.0237092604860663,0.005022200127638578,2090.54931640625,2088.762939453125,2140.7069452858573,ensemble
ETH,phase0,xgb,phase0_xgb,2026-02-08,2026-02-09,0.0070627775205607,0.0114336790516972,0.004674040199005338,2088.762939453125,2103.567626953125,2112.7822373216536,ensemble
ETH,phase0,xgb,phase0_xgb,2026-02-09,2026-02-10,-0.0407860866012557,0.00604779077693816,0.0073318457783833405,2103.567626953125,2019.4974365234373,2116.3281113222247,ensemble
ETH,phase0,xgb,phase0_xgb,2026-02-10,2026-02-11,-0.0398404875978916,-0.0001962368842214398,0.00693088034724683,2019.4974365234373,1940.621337890625,2019.1011755205845,ensemble
ETH,phase0,xgb,phase0_xgb,2026-02-11,2026-02-12,0.003251056309532,-0.0162154614925384,0.004585975850259247,1940.621337890625,1946.940673828125,1909.4070284881718,ensemble
ETH,phase0,xgb,phase0_xgb,2026-02-12,2026-02-13,0.0508619107271356,-0.01233535418286914,0.004831133320042638,1946.940673828125,2048.52734375,1923.0719880460056,ensemble
ETH,phase0,xgb,phase0_xgb,2026-02-13,2026-02-14,0.0181318719779937,0.0050082315690815,0.0025315084922053425,2048.52734375,2086.009765625,2058.8125769798025,ensemble
ETH,phase0,xgb,phase0_xgb,2026-02-14,2026-02-15,-0.0592301606634175,0.01195277962833638,0.0036195675441914378,2086.009765625,1966.04296875,2111.092989143864,ensemble
ETH,phase0,xgb,phase0_xgb,2026-02-15,2026-02-16,0.0160826230924268,-0.00900865355506536,0.002887410506595469,1966.04296875,1997.917724609375,1948.4111076780018,ensemble
ETH,phase0,xgb,phase0_xgb,2026-02-16,2026-02-17,-0.002868787898831,-0.00735427131876344,0.003191247876384618,1997.917724609375,1992.1943359375,1983.2783923816003,ensemble
ETH,phase0,xgb,phase0_xgb,2026-02-17,2026-02-18,-0.0193714031392413,-0.0044476843089796,0.0024363169074080515,1992.1943359375,1953.97412109375,1983.353359958449,ensemble
ETH,phase0,xgb,phase0_xgb,2026-02-18,2026-02-19,-0.0029589012528701,0.015979843586683203,0.004630598937280232,1953.97412109375,1948.2010498046875,1985.4491350478086,ensemble
ETH,phase0,xgb,phase0_xgb,2026-02-19,2026-02-20,0.0106307366647911,-0.0060850646346807,0.002632275522081532,1948.2010498046875,1969.0223388671875,1936.382116451235,ensemble
ETH,phase0,xgb,phase0_xgb,2026-02-20,2026-02-21,0.0023916477643178,-0.00044174492359162,0.003722397290609067,1969.0223388671875,1973.7371826171875,1968.152725332378,ensemble
ETH,phase0,xgb,phase0_xgb,2026-02-21,2026-02-22,-0.0081043810251791,-0.0003899922128766999,0.0027967976686140315,1973.7371826171875,1957.805908203125,1972.96759056291,ensemble
ETH,phase0,xgb,phase0_xgb,2026-02-22,2026-02-23,-0.0536686969675083,-0.00775096407160158,0.0032534946422128172,1957.805908203125,1855.5028076171875,1942.689683286192,ensemble
ETH,phase0,xgb,phase0_xgb,2026-02-23,2026-02-24,-0.0013662367634113,-0.0092376806773245,0.0031650334216476225,1855.5028076171875,1852.969482421875,1838.4411913946744,ensemble
ETH,phase0,xgb,phase0_xgb,2026-02-24,2026-02-25,0.1033052975560529,0.007086416613310541,0.0025168367989423573,1852.969482421875,2054.6279296875,1866.1470318034633,ensemble
ETH,phase0,xgb,phase0_xgb,2026-02-25,2026-02-26,-0.013640230652308,0.00917519135400648,0.003088522615476576,2054.6279296875,2026.7926025390625,2073.5662827514266,ensemble
ETH,phase0,xgb,phase0_xgb,2026-02-26,2026-02-27,-0.0485398835848207,0.0008105142507702199,0.005268607653814304,2026.7926025390625,1930.7618408203125,2028.4360127405027,ensemble
ETH,phase0,xgb,phase0_xgb,2026-02-27,2026-02-28,0.0176033024159378,-0.00950094563886518,0.004362962237171719,1930.7618408203125,1965.050537109375,1912.5046451772012,ensemble
ETH,phase0,xgb,phase0_xgb,2026-02-28,2026-03-01,-0.0133112143616734,-0.02091450989246362,0.0031426895489179156,1965.050537109375,1939.066650390625,1924.379260632816,ensemble
ETH,phase0,xgb,phase0_xgb,2026-03-01,2026-03-02,0.0444827788226515,-0.0017408827668987208,0.005138703009785232,1939.066650390625,2027.2689208984373,1935.6938993090182,ensemble
ETH,phase0,xgb,phase0_xgb,2026-03-02,2026-03-03,-0.0221952153909645,0.00687717704568052,0.005340431720381608,2027.2689208984373,1982.7689208984373,2041.2588586877223,ensemble
ETH,phase0,xgb,phase0_xgb,2026-03-03,2026-03-04,0.0699856488077349,-0.02530998326838012,0.004165748939764831,1982.7689208984373,2126.50537109375,1933.2148246735906,ensemble
ETH,phase0,xgb,phase0_xgb,2026-03-04,2026-03-05,-0.0261560660671297,0.0005132626421982399,0.00377573462503533,2126.50537109375,2071.60546875,2127.5971070088294,ensemble
ETH,phase0,xgb,phase0_xgb,2026-03-05,2026-03-06,-0.0458579463127646,-0.00621956947725264,0.005669509678782858,2071.60546875,1978.751220703125,2058.7609596713273,ensemble
ETH,phase0,xgb,phase0_xgb,2026-03-06,2026-03-07,-0.0047088687763537,0.01028391732834274,0.006358843263402043,1978.751220703125,1969.4554443359373,1999.205529612565,ensemble
ETH,phase0,xgb,phase0_xgb,2026-03-07,2026-03-08,-0.0168207764579134,-0.01391215324401852,0.0028322991882597385,1969.4554443359373,1936.604736328125,1942.2457896927476,ensemble
ETH,phase0,xgb,phase0_xgb,2026-03-08,2026-03-09,0.02867374460359,-0.019270831719040822,0.0074466625494124155,1936.604736328125,1992.938232421875,1899.642047110155,ensemble
ETH,phase0,xgb,phase0_xgb,2026-03-09,2026-03-10,0.0219272344781229,-0.00693083098158234,0.002732815897280289,1992.938232421875,2037.1204833984373,1979.1732707890749,ensemble
ETH,phase0,xgb,phase0_xgb,2026-03-10,2026-03-11,0.0070696510693724,-0.011446578055620141,0.0023131224526723075,2037.1204833984373,2051.5732421875,2013.9353730146101,ensemble
ETH,phase0,xgb,phase0_xgb,2026-03-11,2026-03-12,0.0104556138377322,-0.01226918939501042,0.004792664082400297,2051.5732421875,2073.13623046875,2026.555886685138,ensemble
ETH,phase0,xgb,phase0_xgb,2026-03-12,2026-03-13,0.0093273103225432,-0.00879026483744376,0.0006164320347501612,2073.13623046875,2092.5634765625,2054.992674118886,ensemble
ETH,phase0,xgb,phase0_xgb,2026-03-13,2026-03-14,0.0021592233043722,0.0017280041472986403,0.00707246525653873,2092.5634765625,2097.086669921875,2096.1825609243306,ensemble
ETH,phase0,xgb,phase0_xgb,2026-03-14,2026-03-15,0.0376174725748984,-0.0057011784054338596,0.0011001848934384117,2097.086669921875,2177.476318359375,2085.164821269773,ensemble
ETH,phase0,xgb,phase0_xgb,2026-03-15,2026-03-16,0.0767490852405507,-0.00041426219977435996,0.004983453417263688,2177.476318359375,2351.176025390625,2176.574459045784,ensemble
ETH,phase0,xgb,phase0_xgb,2026-03-16,2026-03-17,-0.0141878287469072,-0.00547942793928082,0.0024581158322102697,2351.176025390625,2318.053466796875,2338.3281574157927,ensemble
ETH,phase0,xgb,phase0_xgb,2026-03-17,2026-03-18,-0.0506029181915626,0.01210646899417038,0.0036946492811983345,2318.053466796875,2203.671630859375,2346.287471424306,ensemble
ETH,phase0,xgb,phase0_xgb,2026-03-18,2026-03-19,-0.0305236071486406,-0.026699552312493303,0.0011687116306312094,2203.671630859375,2137.423828125,2145.613102188802,ensemble
ETH,phase0,xgb,phase0_xgb,2026-03-19,2026-03-20,0.0042359585854312,-0.013937122561037501,0.005246491680964289,2137.423828125,2146.4970703125,2107.840919435079,ensemble
ETH,phase0,xgb,phase0_xgb,2026-03-20,2026-03-21,-0.0330619920061079,0.01109753381460898,0.002922443062785512,2146.4970703125,2076.68994140625,2170.450560634985,ensemble
ETH,phase0,xgb,phase0_xgb,2026-03-21,2026-03-22,-0.0114495680945266,0.00148262857692316,0.005457491933301025,2076.68994140625,2053.04833984375,2079.7711848641597,ensemble
ETH,phase0,xgb,phase0_xgb,2026-03-22,2026-03-23,0.0471397983356827,-0.00954653015360232,0.004136517584780415,2053.04833984375,2152.14599609375,2033.5421085168878,ensemble
ETH,phase0,xgb,phase0_xgb,2026-03-23,2026-03-24,0.0016520306586044,-0.00405394340632482,0.005623551955876676,2152.14599609375,2155.704345703125,2143.4389788256476,ensemble
ETH,phase0,xgb,phase0_xgb,2026-03-24,2026-03-25,0.0056974805873912,0.01374048544093962,0.005473020916870845,2155.704345703125,2168.021484375,2185.529204655025,ensemble
ETH,phase0,xgb,phase0_xgb,2026-03-25,2026-03-26,-0.051313706617151,-0.007793670473620259,0.005414097643005965,2168.021484375,2059.578369140625,2151.1903128438676,ensemble
ETH,phase0,xgb,phase0_xgb,2026-03-26,2026-03-27,-0.0337276698924535,-0.006903679994866199,0.002043997360813375,2059.578369140625,1991.27197265625,2045.4086669786348,ensemble
ETH,phase0,xgb,phase0_xgb,2026-03-27,2026-03-28,0.0007141663784116,-0.00458530923351642,0.0021831921544851487,1991.27197265625,1992.694580078125,1982.1622762421157,ensemble
ETH,phase0,xgb,phase0_xgb,2026-03-28,2026-03-29,-0.005098999439741,0.004478006856515939,0.001167152674070042,1992.694580078125,1982.5596923828125,2001.6378892258274,ensemble
ETH,phase0,xgb,phase0_xgb,2026-03-29,2026-03-30,0.0204472613935491,-0.01307533737272018,0.0018988096311034935,1982.5596923828125,2023.514892578125,1956.8057929211334,ensemble
ETH,phase0,xgb,phase0_xgb,2026-03-30,2026-03-31,0.039340814763852,-0.0064053772948682005,0.005328660817048864,2023.514892578125,2104.708251953125,2010.5949389922673,ensemble
ETH,phase0,xgb,phase0_xgb,2026-03-31,2026-04-01,0.0160386363168273,-0.0011376089969416998,0.002931494588437819,2104.708251953125,2138.737060546875,2102.315278302016,ensemble
ETH,phase0,xgb,phase0_xgb,2026-04-01,2026-04-02,-0.0390385754759657,-0.00139750046655532,0.003407768564503052,2138.737060546875,2056.8525390625,2135.750262019193,ensemble
ETH,phase0,xgb,phase0_xgb,2026-04-02,2026-04-03,-0.0016871461717564,0.0042038857005536195,0.0026646995071384822,2056.8525390625,2053.38525390625,2065.5175125576116,ensemble
ETH,phase0,xgb,phase0_xgb,2026-04-03,2026-04-04,0.005810685555501,0.00916170384734862,0.002456795494871793,2053.38525390625,2065.3515625,2072.2842025794885,ensemble
ETH,phase0,xgb,phase0_xgb,2026-04-04,2026-04-05,0.0209113576842589,0.014808974042534801,0.005190852446351865,2065.3515625,2108.99560546875,2096.1648939644397,ensemble
ETH,phase0,xgb,phase0_xgb,2026-04-05,2026-04-06,-0.0005853459761497,0.00619465359486632,0.0021358350970805103,2108.99560546875,2107.761474609375,2122.1006513801726,ensemble
ETH,phase0,xgb,phase0_xgb,2026-04-06,2026-04-07,0.0616556049703287,-0.00541611714288588,0.0029478259025476215,2107.761474609375,2241.806640625,2096.3764506962084,ensemble
ETH,phase0,xgb,phase0_xgb,2026-04-07,2026-04-08,-0.0232273715270305,0.01739806663244958,0.00359852075278815,2241.806640625,2190.33544921875,2281.151007460786,ensemble
ETH,phase0,xgb,phase0_xgb,2026-04-08,2026-04-09,-0.0005440857898826,-0.0065279316157102005,0.0026845660762817906,2190.33544921875,2189.14404296875,2176.0836571630784,ensemble
ETH,phase0,xgb,phase0_xgb,2026-04-09,2026-04-10,0.0252611274355671,0.013055895082652518,0.002504180319749379,2189.14404296875,2245.148681640625,2217.9126693498783,ensemble
ETH,phase0,xgb,phase0_xgb,2026-04-10,2026-04-11,0.0177650010386669,0.00656855311244722,0.002414166575323289,2245.148681640625,2285.39013671875,2259.94460069284,ensemble
ETH,phase0,xgb,phase0_xgb,2026-04-11,2026-04-12,-0.0416306075771206,0.01287989988923068,0.002760120898016137,2285.39013671875,2192.201171875,2315.0161131349037,ensemble
ETH,phase0,xgb,phase0_xgb,2026-04-12,2026-04-13,0.0782853911386856,0.024867593869566877,0.0040739988527183696,2192.201171875,2370.71484375,2247.3994195932437,ensemble
ETH,phase0,xgb,phase0_xgb,2026-04-13,2026-04-14,-0.0201992437703363,-0.014420379884541002,0.003037553105469829,2370.71484375,2323.30859375,2336.7735464703587,ensemble
ETH,phase0,xgb,phase0_xgb,2026-04-14,2026-04-15,0.0154307484890148,-0.00448710054624824,0.007243006882821414,2323.30859375,2359.43701171875,2312.907028376864,ensemble
ETH,phase0,xgb,phase0_xgb,2026-04-15,2026-04-16,-0.0045844617903412,0.0007414449006319,0.005998637688978623,2359.43701171875,2348.64501953125,2361.1870529588555,ensemble
ETH,phase0,xgb,phase0_xgb,2026-04-16,2026-04-17,0.0303717508925751,0.0060029807500540594,0.002771029020428492,2348.64501953125,2421.07177734375,2362.7862928018626,ensemble
ETH,phase0,xgb,phase0_xgb,2026-04-17,2026-04-18,-0.0293267723614628,-0.0015665003797039,0.0017409269727877233,2421.07177734375,2351.1005859375,2417.2821364971205,ensemble
ETH,phase0,xgb,phase0_xgb,2026-04-18,2026-04-19,-0.0373454427406088,0.01074376739561554,0.0029831574995373353,2351.1005859375,2264.9169921875,2376.4964430639793,ensemble
ETH,phase0,xgb,phase0_xgb,2026-04-19,2026-04-20,0.0219633235792397,-0.008603158313780961,0.00194584908004302,2264.9169921875,2315.21240234375,2245.5151310454685,ensemble
ETH,phase0,xgb,phase0_xgb,2026-04-20,2026-04-21,0.0054954065471357,-0.016351317428052358,0.001340484935006368,2315.21240234375,2327.970458984375,2277.6634534353284,ensemble
ETH,phase0,xgb,phase0_xgb,2026-04-21,2026-04-22,0.0204586542200399,0.00677446965128176,0.0017515976954161243,2327.970458984375,2376.088134765625,2343.7947643267225,ensemble
ETH,phase0,xgb,phase0_xgb,2026-04-22,2026-04-23,-0.0189376886242059,-0.02466377094388002,0.004789143249310872,2376.088134765625,2331.513916015625,2318.2016254125983,ensemble
ETH,phase0,xgb,phase0_xgb,2026-04-23,2026-04-24,-0.0068100265350662,0.0020602611417416,0.0010696855817585867,2331.513916015625,2315.690185546875,2336.322395198758,ensemble
ETH,phase0,xgb,phase0_xgb,2026-04-24,2026-04-25,0.0013545812633985,0.00518672731705006,0.0025396333139594534,2315.690185546875,2318.8291015625,2327.7322415240096,ensemble
ETH,phase0,xgb,phase0_xgb,2026-04-25,2026-04-26,0.021713243592728,0.006963116396218499,0.001135701620493604,2318.8291015625,2369.72900390625,2335.031723405249,ensemble
ETH,phase0,xgb,phase0_xgb,2026-04-26,2026-04-27,-0.0285352092391055,0.00401297950011208,0.0031137004470915813,2369.72900390625,2303.06396484375,2379.2577844325797,ensemble
ETH,phase0,xgb,phase0_xgb,2026-04-27,2026-04-28,-0.0059420254123551,0.00052017350681128,0.004147560693067379,2303.06396484375,2289.419677734375,2304.2622693388594,ensemble
ETH,phase0,xgb,phase0_xgb,2026-04-28,2026-04-29,-0.0158511839185899,0.00744466446340078,0.0027182128185119785,2289.419677734375,2253.415771484375,2306.527240069028,ensemble
ETH,phase0,xgb,phase0_xgb,2026-04-29,2026-04-30,0.0012574984349416,0.0045129472855478196,0.002480927752640005,2253.415771484375,2256.251220703125,2263.608299946331,ensemble
ETH,phase0,xgb,phase0_xgb,2026-04-30,2026-05-01,0.0170690082206223,-0.0069316326640546004,0.002399313130394243,2256.251220703125,2295.09375,2240.6657946708574,ensemble
ETH,phase0,xgb,phase0_xgb,2026-05-01,2026-05-02,0.0091680063840355,-0.0002033635333646,0.0011735355257873755,2295.09375,2316.23193359375,2294.6270590811628,ensemble
ETH,phase0,xgb,phase0_xgb,2026-05-02,2026-05-03,0.0023302997915724,-0.0005348095030058,0.002041248397140506,2316.23193359375,2321.6357421875,2314.993521931179,ensemble
ETH,phase0,xgb,phase0_xgb,2026-05-03,2026-05-04,0.0106089499454062,0.00664002690464254,0.002934442946545145,2321.6357421875,2346.39697265625,2337.1027598568303,ensemble
ETH,phase0,xgb,phase0_xgb,2026-05-04,2026-05-05,0.0062816540296977,0.017552926950156637,0.004984653661973237,2346.39697265625,2361.1826171875,2387.9467001774074,ensemble
ETH,phase0,xgb,phase0_xgb,2026-05-05,2026-05-06,-0.0044060551410634,0.00673373304307454,0.0014338355485027131,2361.1826171875,2350.802001953125,2377.13584269771,ensemble
ETH,phase0,xgb,phase0_xgb,2026-05-06,2026-05-07,-0.0257211497884926,0.00893174419179554,0.0014971326406492463,2350.802001953125,2291.107666015625,2371.8928127318486,ensemble
ETH,phase0,xgb,phase0_xgb,2026-05-07,2026-05-08,0.0069005173801773,0.0037874559755436596,0.0032792554579906047,2291.107666015625,2306.97216796875,2299.8015889683793,ensemble
ETH,phase0,xgb,phase0_xgb,2026-05-08,2026-05-09,0.0085267708032934,-0.00037623842363248,0.001085374674367898,2306.97216796875,2326.727294921875,2306.1043596585614,ensemble
ETH,phase0,xgb,phase0_xgb,2026-05-09,2026-05-10,0.0180237894016022,-0.00292618155945088,0.0015836165476061054,2326.727294921875,2369.0439453125,2319.9288200545143,ensemble
ETH,phase0,xgb,phase0_xgb,2026-05-10,2026-05-11,-0.0126087284649131,0.0102076943032443,0.002845547902576966,2369.0439453125,2339.36083984375,2393.3502663913146,ensemble
ETH,phase0,xgb,phase0_xgb,2026-05-11,2026-05-12,-0.0280543858235066,-0.0028656731883529,0.0015852538352617927,2339.36083984375,2274.6435546875,2332.666592550761,ensemble
ETH,phase0,xgb,phase0_xgb,2026-05-12,2026-05-13,-0.0075315052922758,0.00032179844565688004,0.003235480957829381,2274.6435546875,2257.576416015625,2275.375649234948,ensemble
ETH,phase0,xgb,phase0_xgb,2026-05-13,2026-05-14,0.010293509698889,-0.0013154350075637402,0.0029101930669758343,2257.576416015625,2280.934814453125,2254.60867333,ensemble
ETH,phase0,xgb,phase0_xgb,2026-05-14,2026-05-15,-0.025579807171991,-0.0029586385935544803,0.0026903058316777636,2280.934814453125,2223.328857421875,2274.196325973211,ensemble
ETH,phase0,xgb,phase0_xgb,2026-05-15,2026-05-16,-0.0197944707467758,-0.0036129179177805198,0.0022076062179349596,2223.328857421875,2179.751953125,2215.3106460474737,ensemble
ETH,phase0,xgb,phase0_xgb,2026-05-16,2026-05-17,-0.024195229175847,0.00672432808205482,0.0018762265005339636,2179.751953125,2127.645263671875,2194.458711513783,ensemble
ETH,phase0,xgb,phase0_xgb,2026-05-17,2026-05-18,0.0004092183281597,-0.0067232405766844,0.003257771533256504,2127.645263671875,2128.51611328125,2113.3885719888704,ensemble
ETH,phase0,xgb,phase0_xgb,2026-05-18,2026-05-19,-0.0087542537236926,-0.00041443829541092,0.0028478597322148303,2128.51611328125,2109.9638671875,2127.634157462264,ensemble
ETH,phase0,xgb,phase0_xgb,2026-05-19,2026-05-20,0.0080339082480059,0.007246487215161241,0.004261509405044948,2109.9638671875,2126.9833984375,2125.309226198779,ensemble
ETH,phase0,xgb,phase0_xgb,2026-05-20,2026-05-21,0.0020793039085529,-0.00551994238048788,0.0008280972527731745,2126.9833984375,2131.41064453125,2115.274917433662,ensemble
ETH,phase0,xgb,phase0_xgb,2026-05-21,2026-05-22,-0.0318296288802969,0.009097996167838521,0.0010988975675004285,2131.41064453125,2064.636962890625,2150.890690730952,ensemble
ETH,phase0,xgb,phase0_xgb,2026-05-22,2026-05-23,0.0245501473754652,-0.00557793034240598,0.0009035962279136846,2064.636962890625,2115.951416015625,2053.152620935298,ensemble
ETH,phase0,xgb,phase0_xgb,2026-05-23,2026-05-24,-0.0085229526741993,-0.0015999499359167402,0.000712434612629973,2115.951416015625,2097.993896484375,2112.568706487714,ensemble
ETH,phase0,xgb,phase0_xgb,2026-05-24,2026-05-25,0.0063555962617687,0.00542996372096234,0.0029820420590840864,2097.993896484375,2111.370361328125,2109.4169124433884,ensemble
ETH,phase0,xgb,phase0_xgb,2026-05-25,2026-05-26,-0.0193741083637812,0.0009547295980154999,0.002793575450159083,2111.370361328125,2070.858154296875,2113.387111676892,ensemble
ETH,phase0,xgb,phase0_xgb,2026-05-26,2026-05-27,-0.0237779302438843,-0.00395334772765632,0.002015396383450458,2070.858154296875,2022.1982421875,2062.6874932919195,ensemble
ETH,phase0,xgb,phase0_xgb,2026-05-27,2026-05-28,-0.0072687232435778,0.00010272165527566001,0.0020356219083982907,2022.1982421875,2007.552734375,2022.405976407452,ensemble
ETH,phase0,xgb,phase0_xgb,2026-05-28,2026-05-29,0.0022021388879798,0.00530772828496988,0.0013368033310016438,2007.552734375,2011.978515625,2018.2366072718523,ensemble
ETH,phase0,xgb,phase0_xgb,2026-05-29,2026-05-30,0.0037107092790728,0.00525156583171334,0.0022740524705035735,2011.978515625,2019.458251953125,2022.5723460034092,ensemble
ETH,phase0,xgb,phase0_xgb,2026-05-30,2026-05-31,-0.0075136791444324,-0.00524090533144764,0.002418161402159803,2019.458251953125,2004.341552734375,2008.9021483657216,ensemble
ETH,phase0,xgb,phase0_xgb,2026-05-31,2026-06-01,-0.0005591235515652,-0.007695844303816519,0.0020723594485614998,2004.341552734375,2003.22119140625,1988.9756548301305,ensemble
ETH,phase0,xgb,phase0_xgb,2026-06-01,2026-06-02,-0.0754085383512764,-0.0055649366695433595,0.002013876598061814,2003.22119140625,1857.71630859375,1992.1043532803758,ensemble
ETH,phase0,xgb,phase0_xgb,2026-06-02,2026-06-03,-0.0250644830015835,0.01492050178349012,0.005843174503874847,1857.71630859375,1811.7322998046875,1885.6421840538387,ensemble
ETH,phase0,xgb,phase0_xgb,2026-06-03,2026-06-04,-0.0235409089196176,0.0148351481184363,0.006168038146030473,1811.7322998046875,1769.58056640625,1838.8099708472341,ensemble
ETH,phase0,xgb,phase0_xgb,2026-06-04,2026-06-05,-0.1127730163581579,0.00571946548880076,0.006019644393109971,1769.58056640625,1580.86083984375,1779.7306201572592,ensemble
ETH,phase0,xgb,phase0_xgb,2026-06-05,2026-06-06,-0.0076791271868011,0.00816242143046106,0.007594461142162646,1580.86083984375,1568.7677001953125,1593.8172983433362,ensemble
ETH,phase0,xgb,phase0_xgb,2026-06-06,2026-06-07,0.0723034430725498,0.01201598551124328,0.004054947279558236,1568.7677001953125,1686.396240234375,1587.7316975358845,ensemble
ETH,phase0,xgb,phase0_xgb,2026-06-07,2026-06-08,0.0022225802428663,0.010071902791969439,0.007781224942559899,1686.396240234375,1690.1485595703125,1703.467283869215,ensemble
ETH,phase0,xgb,phase0_xgb,2026-06-08,2026-06-09,-0.0315195419215522,-0.01184201370924704,0.0029310178890490225,1690.1485595703125,1637.7066650390625,1670.2518382949509,ensemble
ETH,phase0,xgb,phase0_xgb,2026-06-09,2026-06-10,-0.0107857454824715,0.0029022334143518997,0.0012390796279848988,1637.7066650390625,1620.1376953125,1642.4665758903625,ensemble
ETH,phase0,xgb,phase0_xgb,2026-06-10,2026-06-11,0.0316772045187946,-0.00947406613267954,0.00714356554388024,1620.1376953125,1672.2806396484375,1604.86088466797,ensemble
ETH,phase0,xgb,phase0_xgb,2026-06-11,2026-06-12,-0.0042864654394683,-0.0074286723051045205,0.0044148885503924404,1672.2806396484375,1665.1278076171875,1659.9038432744608,ensemble
ETH,phase0,xgb,phase0_xgb,2026-06-12,2026-06-13,0.0090196413020536,0.00030739310896017984,0.003243806143726424,1665.1278076171875,1680.214599609375,1665.6397351082476,ensemble
ETH,phase0,xgb,phase0_xgb,2026-06-13,2026-06-14,0.0260813174474448,-0.00989975137636062,0.003907807157200081,1680.214599609375,1724.61328125,1663.6629565683331,ensemble
ETH,phase0,xgb,phase0_xgb,2026-06-14,2026-06-15,0.0399805553119012,-0.012249174155294858,0.0020357569284910715,1724.61328125,1794.961181640625,1703.6170485988155,ensemble
ETH,phase0,xgb,phase0_xgb,2026-06-15,2026-06-16,-0.002545346375384,-0.01098457458429034,0.005721594202754206,1794.961181640625,1790.398193359375,1775.3521920388193,ensemble
ETH,phase0,xgb,phase0_xgb,2026-06-16,2026-06-17,-0.0240312789660825,-0.00390706453472372,0.005496111856878694,1790.398193359375,1747.885498046875,1783.4166396467263,ensemble
ETH,phase0,xgb,phase0_xgb,2026-06-17,2026-06-18,-0.0221862751067949,-0.02029565609991546,0.0029642600450939657,1747.885498046875,1709.533447265625,1712.7685809328727,ensemble
ETH,phase0,xgb,phase0_xgb,2026-06-18,2026-06-19,0.0008472258287815,-0.01986163370311256,0.0022702078620515397,1709.533447265625,1710.982421875,1675.914290995491,ensemble
ETH,phase0,xgb,phase0_xgb,2026-06-19,2026-06-20,0.0164158122645686,-0.012844633311033199,0.0019014287811258423,1710.982421875,1739.3013916015625,1689.1460205698686,ensemble
ETH,phase0,xgb,phase0_xgb,2026-06-20,2026-06-21,-0.0201644551603129,-0.006968188192695341,0.002098964713897417,1739.3013916015625,1704.58056640625,1727.223740722996,ensemble
ETH,phase0,xgb,phase0_xgb,2026-06-21,2026-06-22,0.012783452112487,0.009480122197419361,0.0019417984267726428,1704.58056640625,1726.5108642578125,1720.8170387408798,ensemble
ETH,phase0,xgb,phase0_xgb,2026-06-22,2026-06-23,-0.0360151185751902,0.0142947962507605,0.0031940851797467506,1726.5108642578125,1665.436767578125,1751.3682274778726,ensemble
ETH,phase0,xgb,phase0_xgb,2026-06-23,2026-06-24,-0.027707605238555,-0.00619553220458326,0.0027411802882817793,1665.436767578125,1619.9249267578125,1655.1503981196986,ensemble
ETH,phase0,xgb,phase0_xgb,2026-06-24,2026-06-25,-0.0346111458341076,-0.014836288243532138,0.0014639672322359018,1619.9249267578125,1564.816650390625,1596.0686604261982,ensemble
ETH,phase0,xgb,phase0_xgb,2026-06-25,2026-06-26,0.0075121735497433,0.015218001604080161,0.003443226964310989,1564.816650390625,1576.6160888671875,1588.812151386149,ensemble
ETH,phase0,xgb,phase0_xgb,2026-06-26,2026-06-27,-0.0031940978117993,-0.00752325318753716,0.0016884729815994353,1576.6160888671875,1571.5882568359375,1564.7993128849716,ensemble
ETH,phase0,xgb,phase0_xgb,2026-06-27,2026-06-28,-0.0007810761173124,-0.0051796189101878,0.003511160989597184,1571.5882568359375,1570.3612060546875,1563.4690738706965,ensemble
ETH,phase0,xgb,phase0_xgb,2026-06-28,2026-06-29,0.0250563430147941,-0.00702459397725758,0.0029926428192609614,1570.3612060546875,1610.205810546875,1559.3687102962153,ensemble
ETH,phase0,xgb,phase0_xgb,2026-06-29,2026-06-30,-0.025551475094469,-0.02111013196408742,0.004980383582091897,1610.205810546875,1569.5838623046875,1576.5704261883786,ensemble
ETH,phase0,xgb,phase0_xgb,2026-06-30,2026-07-01,0.0247779101060913,-0.00973660694435236,0.003488539557905762,1569.5838623046875,1608.960693359375,1554.3755997556057,ensemble
ETH,phase0,xgb,phase0_xgb,2026-07-01,2026-07-02,0.0539624286481777,-0.00467517873039466,0.003474350925085684,1608.960693359375,1698.16943359375,1601.4560709425161,ensemble
ETH,phase0,xgb,phase0_xgb,2026-07-02,2026-07-03,0.0337829584823897,0.00512746365275232,0.004810073584772083,1698.16943359375,1756.5186767578125,1706.899097030832,ensemble
ETH,phase0,xgb,phase0_xgb,2026-07-03,2026-07-04,0.0127361095972148,-0.013484581187367378,0.004343047414298993,1756.5186767578125,1779.032958984375,1732.9917399968995,ensemble
ETH,phase0,xgb,phase0_xgb,2026-07-04,2026-07-05,0.0022307583802167,0.0017892796779051,0.0029078664977162903,1779.032958984375,1783.0059814453125,1782.2189960098467,ensemble
ETH,phase0,xgb,phase0_xgb,2026-07-05,2026-07-06,0.0081371345293737,-0.009742025868035801,0.00562228422041277,1783.0059814453125,1797.57373046875,1765.7202268966644,ensemble
ETH,phase0,xgb,phase0_xgb,2026-07-06,2026-07-07,-0.0162996101421938,-0.00036754541797562,0.0029706177361722343,1797.57373046875,1768.511474609375,1796.9131618825577,ensemble
ETH,phase0,xgb,phase0_xgb,2026-07-07,2026-07-08,-0.0147154299263924,0.00206796119455246,0.004390324823985697,1768.511474609375,1742.6776123046875,1772.1724718063797,ensemble
ETH,phase0,xgb,phase0_xgb,2026-07-08,2026-07-09,0.0010363767887721,-0.01438701469451184,0.003022955351102737,1742.6776123046875,1744.484619140625,1717.785177168091,ensemble
ETH,phase0,xgb,phase0_xgb,2026-07-09,2026-07-10,0.0289319871755302,-0.00012856671819463995,0.003910533016793008,1744.484619140625,1795.6932373046875,1744.260350895226,ensemble
ETH,phase0,xgb,phase0_xgb,2026-07-10,2026-07-11,-0.0042377668681416,-0.0031091406475752003,0.0015344673050690467,1795.6932373046875,1788.099609375,1790.1188447457762,ensemble
ETH,phase0,xgb,phase0_xgb,2026-07-11,2026-07-12,0.0098437240641505,-0.0045515617821365,0.0016359927345268202,1788.099609375,1805.7880859375,1779.9794572359542,ensemble
ETH,phase0,xgb,phase0_xgb,2026-07-12,2026-07-13,-0.0180417009925125,0.008992353733628961,0.00305825958704286,1805.7880859375,1773.500732421875,1822.0996007140511,ensemble
ETH,phase0,xgb,phase0_xgb,2026-07-13,2026-07-14,0.0633461757860125,0.00830610143020744,0.004400443571082368,1773.500732421875,1889.4798583984373,1788.2929572071444,ensemble
ETH,phase0,xgb,phase0_xgb,2026-07-14,2026-07-15,0.0144305241755588,0.00032896108459679995,0.0021669211245476582,1889.4798583984373,1916.9437255859373,1890.1015259885962,ensemble
ETH,phase0,xgb,phase0_xgb,2026-07-15,2026-07-16,-0.0284402326891384,-0.00472549407859326,0.0034363636607497683,1916.9437255859373,1863.193359375,1907.9065886470516,ensemble
ETH,phase0,xgb,phase0_xgb,2026-07-16,2026-07-17,-0.011989404987594,0.0008610043405496811,0.0020562651499463915,1863.193359375,1840.9881591796875,1864.798267762102,ensemble
ETH,phase0,xgb,phase0_xgb,2026-07-17,2026-07-18,0.0110221726895365,-0.008818547241389679,0.0009238155875713018,1840.9881591796875,1861.39208984375,1824.8246920247254,ensemble
ETH,phase0,xgb,phase0_xgb,2026-07-18,2026-07-19,0.0054201709795738,0.00230147420079444,0.002037531021696018,1861.39208984375,1871.508544921875,1865.6809691955723,ensemble
ETH,phase0,xgb,phase0_xgb,2026-07-19,2026-07-20,0.0170854918812539,0.01304741054773326,0.0019403567771507345,1871.508544921875,1903.7589111328125,1896.0868783814408,ensemble
ETH,phase0,xgb,phase0_xgb,2026-07-20,2026-07-21,0.0128519310477648,-0.008505775686353401,0.0020870674190229753,1903.7589111328125,1928.3837890625,1887.6346368174643,ensemble
ETH,phase0,xgb,phase0_xgb,2026-07-21,2026-07-22,0.0026444810723667,0.00249651062185874,0.0016506032054799638,1928.3837890625,1933.4901123046875,1933.2040340678018,ensemble
ETH,phase0,xgb,phase0_xgb,2026-07-22,2026-07-23,-0.0295985684211487,-0.0009648191975429401,0.0031532556736309615,1933.4901123046875,1877.1002197265625,1931.6255435565784,ensemble
ETH,phase0,xgb,phase0_xgb,2026-07-23,2026-07-24,-0.0090566354547485,0.008350038807839102,0.001980833873918262,1877.1002197265625,1860.1767578125,1892.83970059511,ensemble
ETH,phase0,xgb,phase0_xgb,2026-07-24,2026-07-25,0.0069886485747689,-0.00640094056725498,0.0013502368993664983,1860.1767578125,1873.222412109375,1848.3079033812983,ensemble
ETH,phase0,xgb,phase0_xgb,2026-07-25,2026-07-26,0.0419170428366946,0.00987091790884728,0.0035358617920769474,1873.222412109375,1953.4112548828125,1891.8043965078527,ensemble
ETH,phase0,xgb,phase0_xgb,2026-07-26,2026-07-27,-0.0326758126996198,-0.009432316944003061,0.004596852752442384,1953.4112548828125,1890.613525390625,1935.072684372334,ensemble
ETH,phase0,xgb,phase0_xgb,2026-07-27,2026-07-28,0.015396962638548,0.00478269550949332,0.002905115258512789,1890.613525390625,1919.948486328125,1899.6774118357932,ensemble
ETH,phase0,xgb,phase0_xgb,2026-07-28,2026-07-29,-0.0059707845121414,0.00517689161933954,0.002159904722537147,1919.948486328125,1908.51904296875,1929.9136235185292,ensemble
ETH,phase0,xgb,phase0_xgb,2026-07-29,2026-07-30,0.0046284096447549,-0.0072446139529346795,0.0030681988335520597,1908.51904296875,1917.3729248046875,1894.7425223218195,ensemble
ETH,phase0,xgb,phase0_xgb,2026-07-30,2026-07-31,-0.0301935171908472,0.00170762232737612,0.0011664635120662915,1917.3729248046875,1860.345947265625,1920.6498707177032,ensemble
ETH,phase0,xgb,phase0_xgb,2026-07-31,2026-08-01,-0.0091411558801774,0.0049302837112918,0.002793790009109247,1860.345947265625,1843.417724609375,1869.5406281543853,ensemble
ETH,phase0,xgb,phase0_xgb,2026-08-01,2026-08-02,0.0209910449816346,0.00166079464834176,0.0005429534051354835,1843.417724609375,1882.52197265625,1846.4818066022633,ensemble
ETH,phase0,xgb,phase0_xgb,2026-08-02,2026-08-03,-0.0129736864450064,0.010813472885638439,0.0024549057481665516,1882.52197265625,1858.2564697265625,1902.989033531998,ensemble
ETH,phase0,xgb,phase0_xgb,2026-08-03,2026-08-04,0.0054362176829138,0.0064316113945096,0.002094204234604083,1858.2564697265625,1868.3858642578125,1870.2465697115497,ensemble
ETH,phase0,xgb,phase0_xgb,2026-08-04,2026-08-05,0.0202078543669882,-0.006578158261254359,0.005151983124079339,1868.3858642578125,1906.5260009765625,1856.1356624072523,ensemble
ETH,phase0,xgb,phase0_xgb,2026-08-05,2026-08-06,-0.0023465458558861,-0.01793929710984226,0.001175104681171045,1906.5260009765625,1902.0574951171875,1872.6292158925812,ensemble
ETH,phase0,xgb,phase0_xgb,2026-08-06,2026-08-07,0.0058825505802162,0.00266757031204172,0.002518626883401695,1902.0574951171875,1913.2794189453125,1907.1381406998264,ensemble
ETH,phase0,xgb,phase0_xgb,2026-08-07,2026-08-08,0.0011771484611133,0.0085214830935001,0.0014258938924187779,1913.2794189453125,1915.532958984375,1929.6530619461953,ensemble
ETH,phase0,xgb,phase0_xgb,2026-08-08,2026-08-09,-0.003582552655913,2.2822269238519967e-05,0.0022425331054630794,1915.532958984375,1908.6827392578125,1915.5766762921626,ensemble
ETH,phase0,xgb,phase0_xgb,2026-08-09,2026-08-10,-0.0197913520463313,-0.00625924766063686,0.001399623963884329,1908.6827392578125,1871.2786865234373,1896.7731327585595,ensemble
ETH,phase0,xgb,phase0_xgb,2026-08-10,2026-08-11,0.0053801271136948,0.01600933056324716,0.005651806879302499,1871.2786865234373,1881.37353515625,1901.4776935406162,ensemble
ETH,phase0,xgb,phase0_xgb,2026-08-11,2026-08-12,-0.0017228455012013,0.010805512964725459,0.0012009368385786177,1881.37353515625,1878.135009765625,1901.8129717063737,ensemble
ETH,phase0,xgb,phase0_xgb,2026-08-12,2026-08-13,0.0031133074431306,0.0032611111644655,0.0029497583464563734,1878.135009765625,1883.9913330078125,1884.2698145175884,ensemble
ETH,phase0,xgb,phase0_xgb,2026-08-13,2026-08-14,-0.0017751010807604,0.00387831623665982,0.001796217791912145,1883.9913330078125,1880.6500244140625,1891.3122343933553,ensemble
ETH,phase0,xgb,phase0_xgb,2026-08-14,2026-08-15,0.0001373371127861,0.0003308446430310133,0.0016779132616784498,1880.6500244140625,1880.9083251953125,1881.2723303376704,ensemble
ETH,phase0,xgb,phase0_xgb,2026-08-15,2026-08-16,-0.003710048377518,0.007988349162042099,0.0007484635061682539,1880.9083251953125,1873.9429931640625,1895.993851643163,ensemble
ETH,phase0,xgb,phase0_xgb,2026-08-16,2026-08-17,0.0202107717270595,0.00195254166610536,0.0054005196978088,1873.9429931640625,1912.2021484375,1877.605519392063,ensemble
ETH,phase0,xgb,phase0_xgb,2026-08-17,2026-08-18,0.0022239875598747,0.00998219326138494,0.004116442514107786,1912.2021484375,1916.4595947265625,1931.3857075413393,ensemble
ETH,phase0,xgb,phase0_xgb,2026-08-18,2026-08-19,0.1610984870542504,0.0019186681369319201,0.0025953601602612944,1916.4595947265625,2251.4580078125,1920.140174463109,ensemble
ETH,phase0,xgb,phase0_xgb,2026-08-19,2026-08-20,0.0327374500344778,-0.00190230171428994,0.0058982134530361505,2251.4580078125,2326.384765625,2247.1791265365305,ensemble
ETH,phase0,xgb,phase0_xgb,2026-08-20,2026-08-21,0.0780693605915992,0.010977051779627739,0.002377788290112026,2326.384765625,2515.28173828125,2352.062285554217,ensemble
ETH,phase0,xgb,phase0_xgb,2026-08-21,2026-08-22,-0.0368621187101773,0.00556840999051924,0.002328940666406398,2515.28173828125,2424.251220703125,2529.3269266334355,ensemble
ETH,phase0,xgb,phase0_xgb,2026-08-22,2026-08-23,0.0161886325230095,0.00285454795230176,0.0020506048886214947,2424.251220703125,2463.81591796875,2431.1812484034945,ensemble
ETH,phase0,xgb,phase0_xgb,2026-08-23,2026-08-24,0.0072853803568115,-0.006638337392359921,0.0011466673746828116,2463.81591796875,2481.831298828125,2447.514443838995,ensemble
ETH,phase0,xgb,phase0_xgb,2026-08-24,2026-08-25,-0.0157046670742771,0.00194950202712788,0.004270579053382243,2481.831298828125,2443.159423828125,2486.6743532144924,ensemble
ETH,phase0,xgb,phase0_xgb,2026-08-25,2026-08-26,0.0254999480890524,-0.011108033824711979,0.005810987786684232,2443.159423828125,2506.260986328125,2416.170898540343,ensemble
ETH,phase0,xgb,phase0_xgb,2026-08-26,2026-08-27,0.0016541530230063,-0.011814063135534462,0.0039941734799839364,2506.260986328125,2510.41015625,2476.8260761022757,ensemble
ETH,phase0,xgb,phase0_xgb,2026-08-27,2026-08-28,-0.0274093504142575,-0.0055141022428869795,0.004074338903837268,2510.41015625,2442.535888671875,2496.605592841549,ensemble
ETH,phase0,xgb,phase0_xgb,2026-08-28,2026-08-29,0.0061835722465449,-0.00535847698338324,0.002667940416972593,2442.535888671875,2457.686279296875,2429.482620383672,ensemble
ETH,phase0,xgb,phase0_xgb,2026-08-29,2026-08-30,-0.0163049615873888,0.0030199458124116198,0.0053141664293887975,2457.686279296875,2417.938720703125,2465.119577113215,ensemble
ETH,phase0,xgb,phase0_xgb,2026-08-30,2026-08-31,0.0200145895501371,-0.013112548924982481,0.0023236377278700515,2417.938720703125,2466.8203125,2386.4403442466273,ensemble
ETH,phase2_general,lstm,phase2_general_lstm,2025-10-31,2025-11-01,0.0070215866872251,0.00047364223282782004,0.0008947624045017343,3847.080322265625,3874.18798828125,3848.9028935686288,ensemble
ETH,phase2_general,lstm,phase2_general_lstm,2025-11-01,2025-11-02,0.0094731740475304,0.00015064688632264,0.0007465661906912381,3874.18798828125,3911.063232421875,3874.77166660227,ensemble
ETH,phase2_general,lstm,phase2_general_lstm,2025-11-02,2025-11-03,-0.0822344830552394,-0.0004202975775114999,0.0015219913655813357,3911.063232421875,3602.30810546875,3909.4197674161674,ensemble
ETH,phase2_general,lstm,phase2_general_lstm,2025-11-03,2025-11-04,-0.0899050101356721,-0.00022385715274141998,0.0019975722128064426,3602.30810546875,3292.574462890625,3601.5017932857045,ensemble
ETH,phase2_general,lstm,phase2_general_lstm,2025-11-04,2025-11-05,0.0394816688100728,0.00108898431062698,0.00251131305785173,3292.574462890625,3425.171142578125,3296.1619778414997,ensemble
ETH,phase2_general,lstm,phase2_general_lstm,2025-11-05,2025-11-06,-0.0335213636698541,0.00222339939791704,0.0032445156578000734,3425.171142578125,3312.2578125,3432.795138487482,ensemble
ETH,phase2_general,lstm,phase2_general_lstm,2025-11-06,2025-11-07,0.0364744811598151,0.00291641164803874,0.003972871193537188,3312.2578125,3435.301025390625,3321.931819602361,ensemble
ETH,phase2_general,lstm,phase2_general_lstm,2025-11-07,2025-11-08,-0.0102185497413461,0.002947415984294789,0.0045974484907368735,3435.301025390625,3400.3759765625,3445.441222892949,ensemble
ETH,phase2_general,lstm,phase2_general_lstm,2025-11-08,2025-11-09,0.0522087429098387,0.0025922626024112204,0.004595550646072326,3400.3759765625,3582.621337890625,3409.202078885681,ensemble
ETH,phase2_general,lstm,phase2_general_lstm,2025-11-09,2025-11-10,-0.0039606305321747,0.0029282463074196204,0.005251020511305858,3582.621337890625,3568.4599609375,3593.1275104174315,ensemble
ETH,phase2_general,lstm,phase2_general_lstm,2025-11-10,2025-11-11,-0.0438739864099317,0.0023887602812465115,0.0051199194540533025,3568.4599609375,3415.2822265625,3576.994345598733,ensemble
ETH,phase2_general,lstm,phase2_general_lstm,2025-11-11,2025-11-12,-0.000640851706814,0.0016911582148168402,0.005117329614352681,3415.2822265625,3413.09423828125,3421.0628957912622,ensemble
ETH,phase2_general,lstm,phase2_general_lstm,2025-11-12,2025-11-13,-0.0542839228098472,0.0007875179639086002,0.004456697654755308,3413.09423828125,3232.757080078125,3415.78316995844,ensemble
ETH,phase2_general,lstm,phase2_general_lstm,2025-11-13,2025-11-14,-0.0407128161836017,0.00026041129312941993,0.0039025566940589767,3232.757080078125,3103.78564453125,3233.599036152398,ensemble
ETH,phase2_general,lstm,phase2_general_lstm,2025-11-14,2025-11-15,0.0200458143866448,-0.00061671993462366,0.0024680119148407552,3103.78564453125,3166.63134765625,3101.87206818246,ensemble
ETH,phase2_general,lstm,phase2_general_lstm,2025-11-15,2025-11-16,-0.0235761973164414,-0.00149969498452262,0.001582649644498297,3166.63134765625,3092.847412109375,3161.8859257384674,ensemble
ETH,phase2_general,lstm,phase2_general_lstm,2025-11-16,2025-11-17,-0.0223335360686421,-0.00259490845783146,0.0019004691408646475,3092.847412109375,3024.538818359375,3084.832160121089,ensemble
ETH,phase2_general,lstm,phase2_general_lstm,2025-11-17,2025-11-18,0.0320287321061959,-0.00288679514778774,0.002423837546852425,3024.538818359375,3122.97900390625,3015.820184883436,ensemble
ETH,phase2_general,lstm,phase2_general_lstm,2025-11-18,2025-11-19,-0.0325142190008236,-0.0034313622629269596,0.0031500526625254715,3122.97900390625,3023.07080078125,3112.281295956465,ensemble
ETH,phase2_general,lstm,phase2_general_lstm,2025-11-19,2025-11-20,-0.0653684988267085,-0.00398652248550204,0.003897974712433451,3023.07080078125,2831.777587890625,3011.0432510362657,ensemble
ETH,phase2_general,lstm,phase2_general_lstm,2025-11-20,2025-11-21,-0.0236111523857895,-0.00445452013518658,0.004500755185930943,2831.777587890625,2765.69921875,2819.191431063491,ensemble
ETH,phase2_general,lstm,phase2_general_lstm,2025-11-21,2025-11-22,0.0006897153274086,-0.00406103963032362,0.0042294535037251,2765.69921875,2767.607421875,2754.4903797914285,ensemble
ETH,phase2_general,lstm,phase2_general_lstm,2025-11-22,2025-11-23,0.0122346182602878,-0.00379766514524814,0.004037300540638317,2767.607421875,2801.676025390625,2757.116907970794,ensemble
ETH,phase2_general,lstm,phase2_general_lstm,2025-11-23,2025-11-24,0.0525067184643922,-0.0037296489346772205,0.003993635012363544,2801.676025390625,2952.71337890625,2791.24621923505,ensemble
ETH,phase2_general,lstm,phase2_general_lstm,2025-11-24,2025-11-25,0.0017672851723719,-0.00354731278493998,0.003909418755751005,2952.71337890625,2957.936279296875,2942.257736667669,ensemble
ETH,phase2_general,lstm,phase2_general_lstm,2025-11-25,2025-11-26,0.023348428095094,-0.00369484794791786,0.003907356417790606,2957.936279296875,3027.81201171875,2947.0273203881284,ensemble
ETH,phase2_general,lstm,phase2_general_lstm,2025-11-26,2025-11-27,-0.0043922604267135,-0.0038701076060533206,0.004006778784441672,3027.81201171875,3014.542236328125,3016.116699079134,ensemble
ETH,phase2_general,lstm,phase2_general_lstm,2025-11-27,2025-11-28,0.005874882913213,-0.0041813405347056395,0.0043937441416562785,3014.542236328125,3032.304443359375,3001.9637245288864,ensemble
ETH,phase2_general,lstm,phase2_general_lstm,2025-11-28,2025-11-29,-0.013485997805236,-0.00456459101988,0.004950756276652768,3032.304443359375,2991.685302734375,3018.494755493911,ensemble
ETH,phase2_general,lstm,phase2_general_lstm,2025-11-29,2025-11-30,0.0001428009786007,-0.00483779695932752,0.005275089075149203,2991.685302734375,2992.112548828125,2977.247089405466,ensemble
ETH,phase2_general,lstm,phase2_general_lstm,2025-11-30,2025-12-01,-0.0662927736435053,-0.00501021104282694,0.005593955551765957,2992.112548828125,2800.18896484375,2977.1589251805126,ensemble
ETH,phase2_general,lstm,phase2_general_lstm,2025-12-01,2025-12-02,0.068238382808925,-0.0046521419018972394,0.005423991627341531,2800.18896484375,2997.939697265625,2787.192342931719,ensemble
ETH,phase2_general,lstm,phase2_general_lstm,2025-12-02,2025-12-03,0.0625882304633783,-0.004135648787632786,0.005114538171761943,2997.939697265625,3191.57177734375,2985.5668740518645,ensemble
ETH,phase2_general,lstm,phase2_general_lstm,2025-12-03,2025-12-04,-0.0181024175452983,-0.0036250322329578533,0.0043315588348105845,3191.57177734375,3134.31640625,3180.023171457918,ensemble
ETH,phase2_general,lstm,phase2_general_lstm,2025-12-04,2025-12-05,-0.0356875080281464,-0.0027368324343114802,0.0031414681795119566,3134.31640625,3024.432861328125,3125.750035158127,ensemble
ETH,phase2_general,lstm,phase2_general_lstm,2025-12-05,2025-12-06,0.0052022663489112,-0.00282279754756014,0.002803313706090401,3024.432861328125,3040.207763671875,3015.907537956307,ensemble
ETH,phase2_general,lstm,phase2_general_lstm,2025-12-06,2025-12-07,0.0069143801565508,-0.0032645769882946804,0.0019748736381921257,3040.207763671875,3061.3017578125,3030.298954202873,ensemble
ETH,phase2_general,lstm,phase2_general_lstm,2025-12-07,2025-12-08,0.0206574040037443,-0.0034415657399221805,0.0011506462948971828,3061.3017578125,3125.197998046875,3050.7841953856673,ensemble
ETH,phase2_general,lstm,phase2_general_lstm,2025-12-08,2025-12-09,0.0608029264224186,-0.00424468941055234,0.0017027326846910586,3125.197998046875,3321.114990234375,3111.9606173587476,ensemble
ETH,phase2_general,lstm,phase2_general_lstm,2025-12-09,2025-12-10,0.0012864345975214,-0.00438617570325728,0.0015860303923443666,3321.114990234375,3325.39013671875,3306.5798963970237,ensemble
ETH,phase2_general,lstm,phase2_general_lstm,2025-12-10,2025-12-11,-0.0269224534884862,-0.00503522506915028,0.0024863767496864694,3325.39013671875,3237.056884765625,3308.6881333983774,ensemble
ETH,phase2_general,lstm,phase2_general_lstm,2025-12-11,2025-12-12,-0.0483811252686677,-0.00426837392151352,0.0016912005475638123,3237.056884765625,3084.172607421875,3223.2693616611855,ensemble
ETH,phase2_general,lstm,phase2_general_lstm,2025-12-12,2025-12-13,0.0104898229476874,-0.00432418223936106,0.0019283234689459559,3084.172607421875,3116.6953125,3070.8648762733455,ensemble
ETH,phase2_general,lstm,phase2_general_lstm,2025-12-13,2025-12-14,-0.018163993601147,-0.004041936062276321,0.0017717446084571382,3116.6953125,3060.5947265625,3104.1232541653226,ensemble
ETH,phase2_general,lstm,phase2_general_lstm,2025-12-14,2025-12-15,-0.0320077701658808,-0.0039097183616831396,0.001758915796770722,3060.5947265625,2964.18310546875,3048.6520246757213,ensemble
ETH,phase2_general,lstm,phase2_general_lstm,2025-12-15,2025-12-16,-7.412721688312701e-07,-0.0036885249661281197,0.0017840601592246854,2964.18310546875,2964.180908203125,2953.269781487213,ensemble
ETH,phase2_general,lstm,phase2_general_lstm,2025-12-16,2025-12-17,-0.0458281928487593,-0.0026371506392023998,0.0011195354614617235,2964.180908203125,2831.403564453125,2956.3742148638553,ensemble
ETH,phase2_general,lstm,phase2_general_lstm,2025-12-17,2025-12-18,-0.0015320294953636,-0.00123079337645318,0.001653339245488859,2831.403564453125,2827.069091796875,2827.9208353995073,ensemble
ETH,phase2_general,lstm,phase2_general_lstm,2025-12-18,2025-12-19,0.0520015780613912,0.0003624538774602399,0.0026776850756559506,2827.069091796875,2977.970703125,2828.093959673493,ensemble
ETH,phase2_general,lstm,phase2_general_lstm,2025-12-19,2025-12-20,-0.0001303602133292,0.00191548258299006,0.0042120883089418575,2977.970703125,2977.58251953125,2983.6804208261146,ensemble
ETH,phase2_general,lstm,phase2_general_lstm,2025-12-20,2025-12-21,0.0080383309849244,0.00280300948870718,0.005008764244311723,2977.58251953125,3001.61376953125,2985.9404197514777,ensemble
ETH,phase2_general,lstm,phase2_general_lstm,2025-12-21,2025-12-22,0.0014847515809792,0.0026790095813339202,0.004824463880409054,3001.61376953125,3006.07373046875,3009.6659026342463,ensemble
ETH,phase2_general,lstm,phase2_general_lstm,2025-12-22,2025-12-23,-0.0143063268401752,0.00249083557864652,0.004087468693357096,3006.07373046875,2963.3740234375,3013.570698850329,ensemble
ETH,phase2_general,lstm,phase2_general_lstm,2025-12-23,2025-12-24,-0.0060191597554604,0.0029307770164450396,0.004565218652619255,2963.3740234375,2945.590576171875,2972.071751241165,ensemble
ETH,phase2_general,lstm,phase2_general_lstm,2025-12-24,2025-12-25,-0.014365015056822,0.0029982802720041673,0.004922646313789751,2945.590576171875,2903.57958984375,2954.4355354932172,ensemble
ETH,phase2_general,lstm,phase2_general_lstm,2025-12-25,2025-12-26,0.0076050389079913,0.0027316204650560403,0.004711440891912645,2903.57958984375,2925.74560546875,2911.521910036842,ensemble
ETH,phase2_general,lstm,phase2_general_lstm,2025-12-26,2025-12-27,0.0075770385642638,0.002710484436101996,0.004811070543174952,2925.74560546875,2947.998291015625,2933.68655043858,ensemble
ETH,phase2_general,lstm,phase2_general_lstm,2025-12-27,2025-12-28,0.000193273230984,0.0018420181146211714,0.0038522247237066974,2947.998291015625,2948.568115234375,2953.4335616662092,ensemble
ETH,phase2_general,lstm,phase2_general_lstm,2025-12-28,2025-12-29,-0.0047695250401753,0.0013250393705675288,0.0037038995554560927,2948.568115234375,2934.538330078125,2952.4776736612685,ensemble
ETH,phase2_general,lstm,phase2_general_lstm,2025-12-29,2025-12-30,0.0124887158133864,0.0014053396356757599,0.003627905905177689,2934.538330078125,2971.416748046875,2938.6652522902573,ensemble
ETH,phase2_general,lstm,phase2_general_lstm,2025-12-30,2025-12-31,-0.0014748454494985,0.00223202824417966,0.004744925182303538,2971.416748046875,2967.03759765625,2978.0564413887287,ensemble
ETH,phase2_general,lstm,phase2_general_lstm,2025-12-31,2026-01-01,0.011179695896671,0.0033767353743314405,0.00700087918283955,2967.03759765625,3000.394287109375,2977.073433113527,ensemble
ETH,phase2_general,lstm,phase2_general_lstm,2026-01-01,2026-01-02,0.040505791423565,0.00342972385114988,0.00762647866517361,3000.394287109375,3124.422607421875,3010.702477978163,ensemble
ETH,phase2_general,lstm,phase2_general_lstm,2026-01-02,2026-01-03,0.0004783333560596,0.00300962950277608,0.007450216872571022,3124.422607421875,3125.91748046875,3133.840126393228,ensemble
ETH,phase2_general,lstm,phase2_general_lstm,2026-01-03,2026-01-04,0.0047211981925699,0.002973977627698341,0.007851706118920037,3125.91748046875,3140.71044921875,3135.227726491313,ensemble
ETH,phase2_general,lstm,phase2_general_lstm,2026-01-04,2026-01-05,0.0268343594600314,0.0025651964941062,0.007273353602728083,3140.71044921875,3226.13037109375,3148.777330796763,ensemble
ETH,phase2_general,lstm,phase2_general_lstm,2026-01-05,2026-01-06,0.0214100727655341,0.00297673175809902,0.00710675152761739,3226.13037109375,3295.94677734375,3235.7480032789695,ensemble
ETH,phase2_general,lstm,phase2_general_lstm,2026-01-06,2026-01-07,-0.0399579577460706,0.00430609649047254,0.008326938676040969,3295.94677734375,3166.843994140625,3310.1700435950347,ensemble
ETH,phase2_general,lstm,phase2_general_lstm,2026-01-07,2026-01-08,-0.0199206616781398,0.005871596978977321,0.010167040074298285,3166.843994140625,3104.382568359375,3185.4931222733435,ensemble
ETH,phase2_general,lstm,phase2_general_lstm,2026-01-08,2026-01-09,-0.0068964125191375,0.006932771881110961,0.011094140520019693,3104.382568359375,3083.047119140625,3125.9793207153266,ensemble
ETH,phase2_general,lstm,phase2_general_lstm,2026-01-09,2026-01-10,-0.0002112169513613,0.008139130475319663,0.011723918794218666,3083.047119140625,3082.39599609375,3108.2428384366044,ensemble
ETH,phase2_general,lstm,phase2_general_lstm,2026-01-10,2026-01-11,0.0117684321917196,0.0085804254398681,0.011860293670900288,3082.39599609375,3118.88525390625,3108.958059048489,ensemble
ETH,phase2_general,lstm,phase2_general_lstm,2026-01-11,2026-01-12,-0.0085523492401958,0.00827420849818734,0.01137856780178095,3118.88525390625,3092.3251953125,3144.7986192317526,ensemble
ETH,phase2_general,lstm,phase2_general_lstm,2026-01-12,2026-01-13,0.0716724478508033,0.00881717656739054,0.01094702226962399,3092.3251953125,3322.095458984375,3119.7113293307143,ensemble
ETH,phase2_general,lstm,phase2_general_lstm,2026-01-13,2026-01-14,0.0097733550354151,0.010453775711357539,0.011722608916793586,3322.095458984375,3354.72265625,3357.0060556553526,ensemble
ETH,phase2_general,lstm,phase2_general_lstm,2026-01-14,2026-01-15,-0.0112777965317109,0.012993022278533278,0.013761950701688182,3354.72265625,3317.101318359375,3398.595042703655,ensemble
ETH,phase2_general,lstm,phase2_general_lstm,2026-01-15,2026-01-16,-0.0065388112427793,0.014203490177169398,0.01428592066265813,3317.101318359375,3295.482177734375,3364.5519187017335,ensemble
ETH,phase2_general,lstm,phase2_general_lstm,2026-01-16,2026-01-17,0.0040525125455037,0.01418010555207724,0.01420553586618247,3295.482177734375,3308.8642578125,3342.5453546666367,ensemble
ETH,phase2_general,lstm,phase2_general_lstm,2026-01-17,2026-01-18,-0.0084086840180541,0.01342806325992566,0.014035513829895768,3308.8642578125,3281.15771484375,3353.5955515723745,ensemble
ETH,phase2_general,lstm,phase2_general_lstm,2026-01-18,2026-01-19,-0.0292351847938204,0.011651530128438,0.01351759374132672,3281.15771484375,3186.62109375,3319.6118123149085,ensemble
ETH,phase2_general,lstm,phase2_general_lstm,2026-01-19,2026-01-20,-0.082047329409018,0.010270973504520919,0.012376826205233544,3186.62109375,2935.605712890625,3219.5194544569968,ensemble
ETH,phase2_general,lstm,phase2_general_lstm,2026-01-20,2026-01-21,0.0146406740972174,0.009857351216487582,0.011935957398310519,2935.605712890625,2978.901123046875,2964.686101767349,ensemble
ETH,phase2_general,lstm,phase2_general_lstm,2026-01-21,2026-01-22,-0.0098736240513318,0.00970616019330916,0.011180092903853618,2978.901123046875,2949.63330078125,3007.955590102664,ensemble
ETH,phase2_general,lstm,phase2_general_lstm,2026-01-22,2026-01-23,0.001227550418774,0.00982444673718416,0.010413968931251641,2949.63330078125,2953.25634765625,2978.7546322925728,ensemble
ETH,phase2_general,lstm,phase2_general_lstm,2026-01-23,2026-01-24,-0.0015302026847261,0.009789579041534999,0.009515785530027365,2953.25634765625,2948.74072265625,2982.3094609489044,ensemble
ETH,phase2_general,lstm,phase2_general_lstm,2026-01-24,2026-01-25,-0.0460954469109645,0.00918505213339808,0.008670019592301468,2948.74072265625,2815.90234375,2975.949827151882,ensemble
ETH,phase2_general,lstm,phase2_general_lstm,2026-01-25,2026-01-26,0.0385097283715548,0.00887545100995334,0.008313039077158234,2815.90234375,2926.45703125,2841.0059853294047,ensemble
ETH,phase2_general,lstm,phase2_general_lstm,2026-01-26,2026-01-27,0.0321961750433529,0.00859897920163342,0.007622575095022806,2926.45703125,3022.2109375,2951.7300798768897,ensemble
ETH,phase2_general,lstm,phase2_general_lstm,2026-01-27,2026-01-28,-0.0051763213071971,0.008969562966376481,0.008247463724628564,3022.2109375,3006.607421875,3049.4407861625073,ensemble
ETH,phase2_general,lstm,phase2_general_lstm,2026-01-28,2026-01-29,-0.0647023664323781,0.00863151374214788,0.008390979683243366,3006.607421875,2818.232666015625,3032.671318776559,ensemble
ETH,phase2_general,lstm,phase2_general_lstm,2026-01-29,2026-01-30,-0.0419788679682719,0.008410370894125621,0.008240881501919135,2818.232666015625,2702.375244140625,2842.0350009317835,ensemble
ETH,phase2_general,lstm,phase2_general_lstm,2026-01-30,2026-01-31,-0.1000484393792718,0.00840764982276592,0.008233761454802134,2702.375244140625,2445.091796875,2725.1916506563894,ensemble
ETH,phase2_general,lstm,phase2_general_lstm,2026-01-31,2026-02-01,-0.0751997822029002,0.0088167127803899,0.00866817786661256,2445.091796875,2267.96484375,2466.744782783513,ensemble
ETH,phase2_general,lstm,phase2_general_lstm,2026-02-01,2026-02-02,0.0331281466529906,0.008657067618332761,0.00849009713565221,2267.96484375,2344.356689453125,2287.6840006417383,ensemble
ETH,phase2_general,lstm,phase2_general_lstm,2026-02-02,2026-02-03,-0.0511047370755369,0.00833072608802462,0.007852423810326496,2344.356689453125,2227.558837890625,2363.9684596053044,ensemble
ETH,phase2_general,lstm,phase2_general_lstm,2026-02-03,2026-02-04,-0.0384643510086561,0.00802879961811409,0.007887481593158972,2227.558837890625,2143.504150390625,2245.515449998565,ensemble
ETH,phase2_general,lstm,phase2_general_lstm,2026-02-04,2026-02-05,-0.1626810863573628,0.007157628471031739,0.007330707303616748,2143.504150390625,1821.68310546875,2158.901595584973,ensemble
ETH,phase2_general,lstm,phase2_general_lstm,2026-02-05,2026-02-06,0.124587932433777,0.006764345359988461,0.006524115533340013,1821.68310546875,2063.386962890625,1834.0473700632324,ensemble
ETH,phase2_general,lstm,phase2_general_lstm,2026-02-06,2026-02-07,0.0130780728606268,0.006131170922890281,0.005661383855144107,2063.386962890625,2090.54931640625,2076.0768030775275,ensemble
ETH,phase2_general,lstm,phase2_general_lstm,2026-02-07,2026-02-08,-0.0008548665199209,0.005140869971364701,0.004962354871208773,2090.54931640625,2088.762939453125,2101.3242310978794,ensemble
ETH,phase2_general,lstm,phase2_general_lstm,2026-02-08,2026-02-09,0.0070627775205607,0.00376354568288658,0.004302224830808486,2088.762939453125,2103.567626953125,2096.6389056793773,ensemble
ETH,phase2_general,lstm,phase2_general_lstm,2026-02-09,2026-02-10,-0.0407860866012557,0.00216356806922702,0.003801701413968904,2103.567626953125,2019.4974365234373,2108.123765683114,ensemble
ETH,phase2_general,lstm,phase2_general_lstm,2026-02-10,2026-02-11,-0.0398404875978916,-0.00539130708202716,0.0017051094253406776,2019.4974365234373,1940.621337890625,2008.6390025688102,ensemble
ETH,phase2_general,lstm,phase2_general_lstm,2026-02-11,2026-02-12,0.003251056309532,-0.00511607821099454,0.001575245331119798,1940.621337890625,1946.940673828125,1930.718321252207,ensemble
ETH,phase2_general,lstm,phase2_general_lstm,2026-02-12,2026-02-13,0.0508619107271356,-0.00495828967541454,0.0015611766235070978,1946.940673828125,2048.52734375,1937.3110708951879,ensemble
ETH,phase2_general,lstm,phase2_general_lstm,2026-02-13,2026-02-14,0.0181318719779937,-0.00486290631815788,0.0015310792085139096,2048.52734375,2086.009765625,2038.589729614043,ensemble
ETH,phase2_general,lstm,phase2_general_lstm,2026-02-14,2026-02-15,-0.0592301606634175,-0.00461900988593692,0.001422375782278269,2086.009765625,1966.04296875,2076.396684445372,ensemble
ETH,phase2_general,lstm,phase2_general_lstm,2026-02-15,2026-02-16,0.0160826230924268,-0.00438511925749474,0.001360857513025858,1966.04296875,1997.917724609375,1957.4405110530379,ensemble
ETH,phase2_general,lstm,phase2_general_lstm,2026-02-16,2026-02-17,-0.002868787898831,-0.0041337104979902,0.0013125326823378335,1997.917724609375,1992.1943359375,1989.6759574128005,ensemble
ETH,phase2_general,lstm,phase2_general_lstm,2026-02-17,2026-02-18,-0.0193714031392413,-0.0038194045424460796,0.0013413643432871433,1992.1943359375,1953.97412109375,1984.5998522763457,ensemble
ETH,phase2_general,lstm,phase2_general_lstm,2026-02-18,2026-02-19,-0.0029589012528701,-0.00348016133066262,0.0015126220321532518,1953.97412109375,1948.2010498046875,1947.1857950027975,ensemble
ETH,phase2_general,lstm,phase2_general_lstm,2026-02-19,2026-02-20,0.0106307366647911,-0.00319610673468554,0.0017734300657387735,1948.2010498046875,1969.0223388671875,1941.9843312489388,ensemble
ETH,phase2_general,lstm,phase2_general_lstm,2026-02-20,2026-02-21,0.0023916477643178,-0.0028264557360671,0.0019457219362456098,1969.0223388671875,1973.7371826171875,1963.4648420922056,ensemble
ETH,phase2_general,lstm,phase2_general_lstm,2026-02-21,2026-02-22,-0.0081043810251791,-0.00239885750925166,0.0022124300790020562,1973.7371826171875,1957.805908203125,1969.0081427695304,ensemble
ETH,phase2_general,lstm,phase2_general_lstm,2026-02-22,2026-02-23,-0.0536686969675083,-0.00206844070926306,0.002489905503663275,1957.805908203125,1855.5028076171875,1953.76048805996,ensemble
ETH,phase2_general,lstm,phase2_general_lstm,2026-02-23,2026-02-24,-0.0013662367634113,-0.0018362625734880198,0.0026996242708238463,1855.5028076171875,1852.969482421875,1852.0987435907452,ensemble
ETH,phase2_general,lstm,phase2_general_lstm,2026-02-24,2026-02-25,0.1033052975560529,-0.00183330316795032,0.0026444178179719892,1852.969482421875,2054.6279296875,1849.575539613274,ensemble
ETH,phase2_general,lstm,phase2_general_lstm,2026-02-25,2026-02-26,-0.013640230652308,-0.0020632091909646598,0.0022526067597983196,2054.6279296875,2026.7926025390625,2050.393172556094,ensemble
ETH,phase2_general,lstm,phase2_general_lstm,2026-02-26,2026-02-27,-0.0485398835848207,-0.00251912823878222,0.0016193047485242185,2026.7926025390625,1930.7618408203125,2021.6932776831686,ensemble
ETH,phase2_general,lstm,phase2_general_lstm,2026-02-27,2026-02-28,0.0176033024159378,-0.00307566812261934,0.0014747442956599553,1930.7618408203125,1965.050537109375,1924.8325810658416,ensemble
ETH,phase2_general,lstm,phase2_general_lstm,2026-02-28,2026-03-01,-0.0133112143616734,-0.0036798032699152396,0.0020190330982989397,1965.050537109375,1939.066650390625,1957.832825740874,ensemble
ETH,phase2_general,lstm,phase2_general_lstm,2026-03-01,2026-03-02,0.0444827788226515,-0.00399730205535882,0.0024112237999606738,1939.066650390625,2027.2689208984373,1931.3310862768803,ensemble
ETH,phase2_general,lstm,phase2_general_lstm,2026-03-02,2026-03-03,-0.0221952153909645,-0.004340935102663901,0.002779838915370309,2027.2689208984373,1982.7689208984373,2018.4877511104098,ensemble
ETH,phase2_general,lstm,phase2_general_lstm,2026-03-03,2026-03-04,0.0699856488077349,-0.0046128106536343205,0.0030378368506361873,1982.7689208984373,2126.50537109375,1973.6438455989905,ensemble
ETH,phase2_general,lstm,phase2_general_lstm,2026-03-04,2026-03-05,-0.0261560660671297,-0.00474561227019872,0.0031262221024524937,2126.50537109375,2071.60546875,2116.437708617674,ensemble
ETH,phase2_general,lstm,phase2_general_lstm,2026-03-05,2026-03-06,-0.0458579463127646,-0.004852117644622881,0.0032670129004675266,2071.60546875,1978.751220703125,2061.5781418600563,ensemble
ETH,phase2_general,lstm,phase2_general_lstm,2026-03-06,2026-03-07,-0.0047088687763537,-0.00504979090765114,0.0034703237131006822,1978.751220703125,1969.4554443359373,1968.7841278281883,ensemble
ETH,phase2_general,lstm,phase2_general_lstm,2026-03-07,2026-03-08,-0.0168207764579134,-0.00509102012729268,0.0035229746906606046,1969.4554443359373,1936.604736328125,1959.4543864235939,ensemble
ETH,phase2_general,lstm,phase2_general_lstm,2026-03-08,2026-03-09,0.02867374460359,-0.004959423455875319,0.0033812116020928325,1936.604736328125,1992.938232421875,1927.0240703009977,ensemble
ETH,phase2_general,lstm,phase2_general_lstm,2026-03-09,2026-03-10,0.0219272344781229,-0.00455499461386344,0.003180655218216513,1992.938232421875,2037.1204833984373,1983.88105286931,ensemble
ETH,phase2_general,lstm,phase2_general_lstm,2026-03-10,2026-03-11,0.0070696510693724,-0.00398354444769204,0.0030347286530041625,2037.1204833984373,2051.5732421875,2029.0216651185688,ensemble
ETH,phase2_general,lstm,phase2_general_lstm,2026-03-11,2026-03-12,0.0104556138377322,-0.00340826420579102,0.0029581311920409367,2051.5732421875,2073.13623046875,2044.5928408238299,ensemble
ETH,phase2_general,lstm,phase2_general_lstm,2026-03-12,2026-03-13,0.0093273103225432,-0.0029548551792686144,0.002998080649904879,2073.13623046875,2092.5634765625,2067.019454684673,ensemble
ETH,phase2_general,lstm,phase2_general_lstm,2026-03-13,2026-03-14,0.0021592233043722,-0.00257606108498292,0.003019463712823176,2092.5634765625,2097.086669921875,2087.179842484982,ensemble
ETH,phase2_general,lstm,phase2_general_lstm,2026-03-14,2026-03-15,0.0376174725748984,-0.00212323559098876,0.003095940822729737,2097.086669921875,2177.476318359375,2092.6387844922033,ensemble
ETH,phase2_general,lstm,phase2_general_lstm,2026-03-15,2026-03-16,0.0767490852405507,-0.0017535601160489002,0.0032043824262835896,2177.476318359375,2351.176025390625,2173.661328618368,ensemble
ETH,phase2_general,lstm,phase2_general_lstm,2026-03-16,2026-03-17,-0.0141878287469072,-0.00147593684960156,0.0031357622002560724,2351.176025390625,2318.053466796875,2347.7083976840945,ensemble
ETH,phase2_general,lstm,phase2_general_lstm,2026-03-17,2026-03-18,-0.0506029181915626,-0.0012318859109655,0.002851599748677991,2318.053466796875,2203.671630859375,2315.199647541029,ensemble
ETH,phase2_general,lstm,phase2_general_lstm,2026-03-18,2026-03-19,-0.0305236071486406,-0.0009726094896904999,0.002732197102338529,2203.671630859375,2137.423828125,2201.52936088397,ensemble
ETH,phase2_general,lstm,phase2_general_lstm,2026-03-19,2026-03-20,0.0042359585854312,-0.00066966689191756,0.0026206979492637175,2137.423828125,2146.4970703125,2135.992945314205,ensemble
ETH,phase2_general,lstm,phase2_general_lstm,2026-03-20,2026-03-21,-0.0330619920061079,-0.0003964553470723201,0.0025865864583494934,2146.4970703125,2076.68994140625,2145.6462487390245,ensemble
ETH,phase2_general,lstm,phase2_general_lstm,2026-03-21,2026-03-22,-0.0114495680945266,-1.1757644824660074e-05,0.0027251433413279145,2076.68994140625,2053.04833984375,2076.6655245670504,ensemble
ETH,phase2_general,lstm,phase2_general_lstm,2026-03-22,2026-03-23,0.0471397983356827,0.00035248519561718004,0.0030001436955865487,2053.04833984375,2152.14599609375,2053.7721365457483,ensemble
ETH,phase2_general,lstm,phase2_general_lstm,2026-03-23,2026-03-24,0.0016520306586044,0.0006447877385653599,0.0031226525673855358,2152.14599609375,2155.704345703125,2153.534120918474,ensemble
ETH,phase2_general,lstm,phase2_general_lstm,2026-03-24,2026-03-25,0.0056974805873912,0.0008078753540757801,0.003013328347922513,2155.704345703125,2168.021484375,2157.446589777959,ensemble
ETH,phase2_general,lstm,phase2_general_lstm,2026-03-25,2026-03-26,-0.051313706617151,0.0009476665640249802,0.002643428568254467,2168.021484375,2059.578369140625,2170.0770196730314,ensemble
ETH,phase2_general,lstm,phase2_general_lstm,2026-03-26,2026-03-27,-0.0337276698924535,0.0009340413089375801,0.0024016594366051865,2059.578369140625,1991.27197265625,2061.502999118423,ensemble
ETH,phase2_general,lstm,phase2_general_lstm,2026-03-27,2026-03-28,0.0007141663784116,0.0008237236295826601,0.002225225922994132,1991.27197265625,1992.694580078125,1992.912906178127,ensemble
ETH,phase2_general,lstm,phase2_general_lstm,2026-03-28,2026-03-29,-0.005098999439741,0.0007865240884712,0.0021634169622756893,1992.694580078125,1982.5596923828125,1994.26249888845,ensemble
ETH,phase2_general,lstm,phase2_general_lstm,2026-03-29,2026-03-30,0.0204472613935491,0.000757937475918841,0.0020504851465305567,1982.5596923828125,2023.514892578125,1984.062918275572,ensemble
ETH,phase2_general,lstm,phase2_general_lstm,2026-03-30,2026-03-31,0.039340814763852,0.00065128278802148,0.001941142669567203,2023.514892578125,2104.708251953125,2024.8332022485665,ensemble
ETH,phase2_general,lstm,phase2_general_lstm,2026-03-31,2026-04-01,0.0160386363168273,0.0006790499552152801,0.0017228911580103947,2104.708251953125,2138.737060546875,2106.137939357002,ensemble
ETH,phase2_general,lstm,phase2_general_lstm,2026-04-01,2026-04-02,-0.0390385754759657,0.00078065338311712,0.0013988006748261212,2138.737060546875,2056.8525390625,2140.4073247326583,ensemble
ETH,phase2_general,lstm,phase2_general_lstm,2026-04-02,2026-04-03,-0.0016871461717564,0.00088558661518616,0.0011259538320123432,2056.8525390625,2053.38525390625,2058.6748669359936,ensemble
ETH,phase2_general,lstm,phase2_general_lstm,2026-04-03,2026-04-04,0.005810685555501,0.0009398874128237001,0.0008905167149130819,2053.38525390625,2065.3515625,2055.316112112595,ensemble
ETH,phase2_general,lstm,phase2_general_lstm,2026-04-04,2026-04-05,0.0209113576842589,0.00107367599994172,0.0007449163968366454,2065.3515625,2108.99560546875,2067.5702717784097,ensemble
ETH,phase2_general,lstm,phase2_general_lstm,2026-04-05,2026-04-06,-0.0005853459761497,0.00122411346528672,0.0006546321871411946,2108.99560546875,2107.761474609375,2111.5788361487935,ensemble
ETH,phase2_general,lstm,phase2_general_lstm,2026-04-06,2026-04-07,0.0616556049703287,0.00130837736651296,0.0005933998772335014,2107.761474609375,2241.806640625,2110.521026890973,ensemble
ETH,phase2_general,lstm,phase2_general_lstm,2026-04-07,2026-04-08,-0.0232273715270305,0.0014489131397567201,0.0006350256833207973,2241.806640625,2190.33544921875,2245.0571780279047,ensemble
ETH,phase2_general,lstm,phase2_general_lstm,2026-04-08,2026-04-09,-0.0005440857898826,0.0016693749930709,0.000752892689732626,2190.33544921875,2189.14404296875,2193.9949941706545,ensemble
ETH,phase2_general,lstm,phase2_general_lstm,2026-04-09,2026-04-10,0.0252611274355671,0.00202469776850188,0.0010153568477146125,2189.14404296875,2245.148681640625,2193.580888147043,ensemble
ETH,phase2_general,lstm,phase2_general_lstm,2026-04-10,2026-04-11,0.0177650010386669,0.00226979923900214,0.0012921741286048534,2245.148681640625,2285.39013671875,2250.250506278121,ensemble
ETH,phase2_general,lstm,phase2_general_lstm,2026-04-11,2026-04-12,-0.0416306075771206,0.0025277906097471202,0.001602626186206907,2285.39013671875,2192.201171875,2291.174432109738,ensemble
ETH,phase2_general,lstm,phase2_general_lstm,2026-04-12,2026-04-13,0.0782853911386856,0.00265348788816476,0.0018423520900476714,2192.201171875,2370.71484375,2198.0258756057483,ensemble
ETH,phase2_general,lstm,phase2_general_lstm,2026-04-13,2026-04-14,-0.0201992437703363,0.00266517079435282,0.001961982526615616,2370.71484375,2323.30859375,2377.0416309525367,ensemble
ETH,phase2_general,lstm,phase2_general_lstm,2026-04-14,2026-04-15,0.0154307484890148,0.0028262631036340803,0.0020483806469716414,2323.30859375,2359.43701171875,2329.884162874065,ensemble
ETH,phase2_general,lstm,phase2_general_lstm,2026-04-15,2026-04-16,-0.0045844617903412,0.0029706857167183997,0.002044041287727997,2359.43701171875,2348.64501953125,2366.456578850577,ensemble
ETH,phase2_general,lstm,phase2_general_lstm,2026-04-16,2026-04-17,0.0303717508925751,0.00302573766093696,0.0020520386233166934,2348.64501953125,2421.07177734375,2355.7621650968654,ensemble
ETH,phase2_general,lstm,phase2_general_lstm,2026-04-17,2026-04-18,-0.0293267723614628,0.0032374434638767794,0.0021584044738711637,2421.07177734375,2351.1005859375,2428.9225617231446,ensemble
ETH,phase2_general,lstm,phase2_general_lstm,2026-04-18,2026-04-19,-0.0373454427406088,0.00327385215787212,0.002175315978662639,2351.1005859375,2264.9169921875,2358.810355100174,ensemble
ETH,phase2_general,lstm,phase2_general_lstm,2026-04-19,2026-04-20,0.0219633235792397,0.003299636777956,0.0023088585381858184,2264.9169921875,2315.21240234375,2272.402738924743,ensemble
ETH,phase2_general,lstm,phase2_general_lstm,2026-04-20,2026-04-21,0.0054954065471357,0.0031472599483094595,0.0022976785603968266,2315.21240234375,2327.970458984375,2322.5104560214127,ensemble
ETH,phase2_general,lstm,phase2_general_lstm,2026-04-21,2026-04-22,0.0204586542200399,0.003017064898449425,0.0022220561165532753,2327.970458984375,2376.088134765625,2335.0047029902707,ensemble
ETH,phase2_general,lstm,phase2_general_lstm,2026-04-22,2026-04-23,-0.0189376886242059,0.0028841647392254927,0.0020975269466845664,2376.088134765625,2331.513916015625,2382.951056522297,ensemble
ETH,phase2_general,lstm,phase2_general_lstm,2026-04-23,2026-04-24,-0.0068100265350662,0.002765849373099589,0.0020005207474570693,2331.513916015625,2315.690185546875,2337.9714584968806,ensemble
ETH,phase2_general,lstm,phase2_general_lstm,2026-04-24,2026-04-25,0.0013545812633985,0.0025854887782770348,0.0019357140373887061,2315.690185546875,2318.8291015625,2321.6851231179253,ensemble
ETH,phase2_general,lstm,phase2_general_lstm,2026-04-25,2026-04-26,0.021713243592728,0.0024957055342383202,0.001984471837297065,2318.8291015625,2369.72900390625,2324.623443662518,ensemble
ETH,phase2_general,lstm,phase2_general_lstm,2026-04-26,2026-04-27,-0.0285352092391055,0.00236225858679968,0.0020252121456209933,2369.72900390625,2303.06396484375,2375.3335336621562,ensemble
ETH,phase2_general,lstm,phase2_general_lstm,2026-04-27,2026-04-28,-0.0059420254123551,0.00214395058574152,0.0019340780996643279,2303.06396484375,2289.419677734375,2308.006917009406,ensemble
ETH,phase2_general,lstm,phase2_general_lstm,2026-04-28,2026-04-29,-0.0158511839185899,0.00198445509886368,0.0018558781711094413,2289.419677734375,2253.415771484375,2293.96743920907,ensemble
ETH,phase2_general,lstm,phase2_general_lstm,2026-04-29,2026-04-30,0.0012574984349416,0.00187865271000188,0.001699693926275211,2253.415771484375,2256.251220703125,2257.6531361522866,ensemble
ETH,phase2_general,lstm,phase2_general_lstm,2026-04-30,2026-05-01,0.0170690082206223,0.00167340199695896,0.0014271183036635021,2256.251220703125,2295.09375,2260.029996825445,ensemble
ETH,phase2_general,lstm,phase2_general_lstm,2026-05-01,2026-05-02,0.0091680063840355,0.00160612094914538,0.001356934343527033,2295.09375,2316.23193359375,2298.782909977636,ensemble
ETH,phase2_general,lstm,phase2_general_lstm,2026-05-02,2026-05-03,0.0023302997915724,0.00160034037544388,0.0013005887497180432,2316.23193359375,2321.6357421875,2319.9416606972604,ensemble
ETH,phase2_general,lstm,phase2_general_lstm,2026-05-03,2026-05-04,0.0106089499454062,0.0015825158858205999,0.0012256408582530824,2321.6357421875,2346.39697265625,2325.312676266534,ensemble
ETH,phase2_general,lstm,phase2_general_lstm,2026-05-04,2026-05-05,0.0062816540296977,0.00156966050271872,0.0011935890961197204,2346.39697265625,2361.1826171875,2350.082911387353,ensemble
ETH,phase2_general,lstm,phase2_general_lstm,2026-05-05,2026-05-06,-0.0044060551410634,0.0017211728911206224,0.0011111763797230357,2361.1826171875,2350.802001953125,2365.250120132948,ensemble
ETH,phase2_general,lstm,phase2_general_lstm,2026-05-06,2026-05-07,-0.0257211497884926,0.00197993830079208,0.0009403904032296718,2350.802001953125,2291.107666015625,2355.461055671804,ensemble
ETH,phase2_general,lstm,phase2_general_lstm,2026-05-07,2026-05-08,0.0069005173801773,0.00225554965436452,0.0008278965082010912,2291.107666015625,2306.97216796875,2296.2812055140653,ensemble
ETH,phase2_general,lstm,phase2_general_lstm,2026-05-08,2026-05-09,0.0085267708032934,0.00234053314197806,0.0005659997617816891,2306.97216796875,2326.727294921875,2312.3780366250558,ensemble
ETH,phase2_general,lstm,phase2_general_lstm,2026-05-09,2026-05-10,0.0180237894016022,0.00250166598707432,0.0005137377689595707,2326.727294921875,2369.0439453125,2332.555276248654,ensemble
ETH,phase2_general,lstm,phase2_general_lstm,2026-05-10,2026-05-11,-0.0126087284649131,0.00264007039368148,0.0004914529691061097,2369.0439453125,2339.36083984375,2375.306651448804,ensemble
ETH,phase2_general,lstm,phase2_general_lstm,2026-05-11,2026-05-12,-0.0280543858235066,0.00273080295883114,0.0004926954159011847,2339.36083984375,2274.6435546875,2345.757903932346,ensemble
ETH,phase2_general,lstm,phase2_general_lstm,2026-05-12,2026-05-13,-0.0075315052922758,0.00284237032756206,0.0005225744007881833,2274.6435546875,2257.576416015625,2281.118131246226,ensemble
ETH,phase2_general,lstm,phase2_general_lstm,2026-05-13,2026-05-14,0.010293509698889,0.0029347403906285403,0.0005631439003836956,2257.576416015625,2280.934814453125,2264.2115481415594,ensemble
ETH,phase2_general,lstm,phase2_general_lstm,2026-05-14,2026-05-15,-0.025579807171991,0.0029915532097220003,0.0006157429496537124,2280.934814453125,2223.328857421875,2287.7685689921373,ensemble
ETH,phase2_general,lstm,phase2_general_lstm,2026-05-15,2026-05-16,-0.0197944707467758,0.00304892407730216,0.0006463813989188491,2223.328857421875,2179.751953125,2230.117962781168,ensemble
ETH,phase2_general,lstm,phase2_general_lstm,2026-05-16,2026-05-17,-0.024195229175847,0.0030731829814612402,0.0007293520397256098,2179.751953125,2127.645263671875,2186.461033566769,ensemble
ETH,phase2_general,lstm,phase2_general_lstm,2026-05-17,2026-05-18,0.0004092183281597,0.0030541290994733203,0.0007647684707978405,2127.645263671875,2128.51611328125,2134.153300118004,ensemble
ETH,phase2_general,lstm,phase2_general_lstm,2026-05-18,2026-05-19,-0.0087542537236926,0.0030419377610086803,0.000773971742017915,2128.51611328125,2109.9638671875,2135.000784804313,ensemble
ETH,phase2_general,lstm,phase2_general_lstm,2026-05-19,2026-05-20,0.0080339082480059,0.00301055465824898,0.0007521340072813296,2109.9638671875,2126.9833984375,2116.3256001040004,ensemble
ETH,phase2_general,lstm,phase2_general_lstm,2026-05-20,2026-05-21,0.0020793039085529,0.00304097859188908,0.0006735276719615299,2126.9833984375,2131.41064453125,2133.461354087576,ensemble
ETH,phase2_general,lstm,phase2_general_lstm,2026-05-21,2026-05-22,-0.0318296288802969,0.00309395357035094,0.0006466515541591329,2131.41064453125,2064.636962890625,2138.0153421500227,ensemble
ETH,phase2_general,lstm,phase2_general_lstm,2026-05-22,2026-05-23,0.0245501473754652,0.00064643287914802,0.0017762605688107223,2064.636962890625,2115.951416015625,2065.972043580477,ensemble
ETH,phase2_general,lstm,phase2_general_lstm,2026-05-23,2026-05-24,-0.0085229526741993,0.00071012952830642,0.0017912331588451802,2115.951416015625,2097.993896484375,2117.454549243077,ensemble
ETH,phase2_general,lstm,phase2_general_lstm,2026-05-24,2026-05-25,0.0063555962617687,0.0006669928319752201,0.0018124994591931242,2097.993896484375,2111.370361328125,2099.3937101558045,ensemble
ETH,phase2_general,lstm,phase2_general_lstm,2026-05-25,2026-05-26,-0.0193741083637812,0.00051393948961048,0.0018075670375916504,2111.370361328125,2070.858154296875,2112.4557568239175,ensemble
ETH,phase2_general,lstm,phase2_general_lstm,2026-05-26,2026-05-27,-0.0237779302438843,0.00039324804674832,0.0017282074215799544,2070.858154296875,2022.1982421875,2071.672675365058,ensemble
ETH,phase2_general,lstm,phase2_general_lstm,2026-05-27,2026-05-28,-0.0072687232435778,0.00027654982404783996,0.0016657157231858117,2022.1982421875,2007.552734375,2022.7575580913594,ensemble
ETH,phase2_general,lstm,phase2_general_lstm,2026-05-28,2026-05-29,0.0022021388879798,0.00014227586798370005,0.0015662532149556068,2007.552734375,2011.978515625,2007.838381002635,ensemble
ETH,phase2_general,lstm,phase2_general_lstm,2026-05-29,2026-05-30,0.0037107092790728,8.285767398774003e-05,0.001480402698228385,2011.978515625,2019.458251953125,2012.1452303916215,ensemble
ETH,phase2_general,lstm,phase2_general_lstm,2026-05-30,2026-05-31,-0.0075136791444324,-0.00015176009037532,0.001470311065596539,2019.458251953125,2004.341552734375,2019.1518020403207,ensemble
ETH,phase2_general,lstm,phase2_general_lstm,2026-05-31,2026-06-01,-0.0005591235515652,-0.00031206404091788,0.0014723577351043455,2004.341552734375,2003.22119140625,2003.7161673952623,ensemble
ETH,phase2_general,lstm,phase2_general_lstm,2026-06-01,2026-06-02,-0.0754085383512764,-0.0004923790467728534,0.001490979758401078,2003.22119140625,1857.71630859375,2002.2350900532947,ensemble
ETH,phase2_general,lstm,phase2_general_lstm,2026-06-02,2026-06-03,-0.0250644830015835,-0.00062166169591367,0.0014199096655107318,1857.71630859375,1811.7322998046875,1856.5617964180033,ensemble
ETH,phase2_general,lstm,phase2_general_lstm,2026-06-03,2026-06-04,-0.0235409089196176,-0.0006540570320794371,0.0012877509702764675,1811.7322998046875,1769.58056640625,1810.5477109903065,ensemble
ETH,phase2_general,lstm,phase2_general_lstm,2026-06-04,2026-06-05,-0.1127730163581579,-0.0008373679360374399,0.001258122405140136,1769.58056640625,1580.86083984375,1768.0993966083026,ensemble
ETH,phase2_general,lstm,phase2_general_lstm,2026-06-05,2026-06-06,-0.0076791271868011,-0.00109328768448902,0.0013482651854554379,1580.86083984375,1568.7677001953125,1579.1334485965058,ensemble
ETH,phase2_general,lstm,phase2_general_lstm,2026-06-06,2026-06-07,0.0723034430725498,-0.0013121235533617198,0.0015823550385904567,1568.7677001953125,1686.396240234375,1566.7106330044214,ensemble
ETH,phase2_general,lstm,phase2_general_lstm,2026-06-07,2026-06-08,0.0022225802428663,-0.0015364697901531798,0.001884543935909504,1686.396240234375,1690.1485595703125,1683.807132908972,ensemble
ETH,phase2_general,lstm,phase2_general_lstm,2026-06-08,2026-06-09,-0.0315195419215522,-0.0017662760103121199,0.002207105762016734,1690.1485595703125,1637.7066650390625,1687.1659255685402,ensemble
ETH,phase2_general,lstm,phase2_general_lstm,2026-06-09,2026-06-10,-0.0107857454824715,-0.0019298170693218398,0.002400033952850132,1637.7066650390625,1620.1376953125,1634.549238370174,ensemble
ETH,phase2_general,lstm,phase2_general_lstm,2026-06-10,2026-06-11,0.0316772045187946,-0.0021198931615799403,0.0025834157420406684,1620.1376953125,1672.2806396484375,1616.7068143268089,ensemble
ETH,phase2_general,lstm,phase2_general_lstm,2026-06-11,2026-06-12,-0.0042864654394683,-0.00222222395241256,0.002645988462536362,1672.2806396484375,1665.1278076171875,1668.5685835933914,ensemble
ETH,phase2_general,lstm,phase2_general_lstm,2026-06-12,2026-06-13,0.0090196413020536,-0.00223887371830638,0.002624910528439689,1665.1278076171875,1680.214599609375,1661.403966891155,ensemble
ETH,phase2_general,lstm,phase2_general_lstm,2026-06-13,2026-06-14,0.0260813174474448,-0.00218207770958542,0.0026020240416691435,1680.214599609375,1724.61328125,1676.552238016229,ensemble
ETH,phase2_general,lstm,phase2_general_lstm,2026-06-14,2026-06-15,0.0399805553119012,-0.00210319221951064,0.0025303657692760614,1724.61328125,1794.961181640625,1720.9898996848124,ensemble
ETH,phase2_general,lstm,phase2_general_lstm,2026-06-15,2026-06-16,-0.002545346375384,-0.0020938895177096,0.002398102497906554,1794.961181640625,1790.398193359375,1791.2066633826716,ensemble
ETH,phase2_general,lstm,phase2_general_lstm,2026-06-16,2026-06-17,-0.0240312789660825,-0.00208363377023486,0.0022085714160198955,1790.398193359375,1747.885498046875,1786.671543057014,ensemble
ETH,phase2_general,lstm,phase2_general_lstm,2026-06-17,2026-06-18,-0.0221862751067949,-0.00203485863748936,0.001958668311670476,1747.885498046875,1709.533447265625,1744.3324143813313,ensemble
ETH,phase2_general,lstm,phase2_general_lstm,2026-06-18,2026-06-19,0.0008472258287815,-0.00197375689167524,0.0018058733107069274,1709.533447265625,1710.982421875,1706.1625715814225,ensemble
ETH,phase2_general,lstm,phase2_general_lstm,2026-06-19,2026-06-20,0.0164158122645686,-0.0018534545321016998,0.0017083782161680687,1710.982421875,1739.3013916015625,1707.8141307995568,ensemble
ETH,phase2_general,lstm,phase2_general_lstm,2026-06-20,2026-06-21,-0.0201644551603129,-0.00171072103548792,0.0016161467563758222,1739.3013916015625,1704.58056640625,1736.3284757637628,ensemble
ETH,phase2_general,lstm,phase2_general_lstm,2026-06-21,2026-06-22,0.012783452112487,-0.0015992203727364402,0.0015423147705815993,1704.58056640625,1726.5108642578125,1701.8567450133298,ensemble
ETH,phase2_general,lstm,phase2_general_lstm,2026-06-22,2026-06-23,-0.0360151185751902,-0.00149433780461546,0.0014842944870684233,1726.5108642578125,1665.436767578125,1723.9328005320613,ensemble
ETH,phase2_general,lstm,phase2_general_lstm,2026-06-23,2026-06-24,-0.027707605238555,-0.00146593375829976,0.0014853156330445984,1665.436767578125,1619.9249267578125,1662.9971362041026,ensemble
ETH,phase2_general,lstm,phase2_general_lstm,2026-06-24,2026-06-25,-0.0346111458341076,-0.00142188196768982,0.0014753680808382204,1619.9249267578125,1564.816650390625,1617.6232214798483,ensemble
ETH,phase2_general,lstm,phase2_general_lstm,2026-06-25,2026-06-26,0.0075121735497433,-0.0013454088300931953,0.001515530195285861,1564.816650390625,1576.6160888671875,1562.7127478735852,ensemble
ETH,phase2_general,lstm,phase2_general_lstm,2026-06-26,2026-06-27,-0.0031940978117993,-0.00124168280162846,0.0016136950069608861,1576.6160888671875,1571.5882568359375,1574.659646676547,ensemble
ETH,phase2_general,lstm,phase2_general_lstm,2026-06-27,2026-06-28,-0.0007810761173124,-0.00109353241277858,0.0017116395205765721,1571.5882568359375,1570.3612060546875,1569.8706134580639,ensemble
ETH,phase2_general,lstm,phase2_general_lstm,2026-06-28,2026-06-29,0.0250563430147941,-0.0008840294089168199,0.0017699435765889992,1570.3612060546875,1610.205810546875,1568.9735740100516,ensemble
ETH,phase2_general,lstm,phase2_general_lstm,2026-06-29,2026-06-30,-0.025551475094469,-0.00064251735457218,0.0017893639059408629,1610.205810546875,1569.5838623046875,1609.1715576674585,ensemble
ETH,phase2_general,lstm,phase2_general_lstm,2026-06-30,2026-07-01,0.0247779101060913,-0.00030771477613598003,0.0016965166524100415,1569.5838623046875,1608.960693359375,1569.1009524609294,ensemble
ETH,phase2_general,lstm,phase2_general_lstm,2026-07-01,2026-07-02,0.0539624286481777,0.00012197516043671995,0.0015508330152758172,1608.960693359375,1698.16943359375,1609.1569585675804,ensemble
ETH,phase2_general,lstm,phase2_general_lstm,2026-07-02,2026-07-03,0.0337829584823897,0.0005213017342612001,0.0014002214045615764,1698.16943359375,1756.5186767578125,1699.0549230480929,ensemble
ETH,phase2_general,lstm,phase2_general_lstm,2026-07-03,2026-07-04,0.0127361095972148,0.0008287015167297602,0.0012742217332323686,1756.5186767578125,1779.032958984375,1757.9749097573151,ensemble
ETH,phase2_general,lstm,phase2_general_lstm,2026-07-04,2026-07-05,0.0022307583802167,0.00104440994909964,0.0011194556062566958,1779.032958984375,1783.0059814453125,1780.8919693219775,ensemble
ETH,phase2_general,lstm,phase2_general_lstm,2026-07-05,2026-07-06,0.0081371345293737,0.0012865173630415999,0.0008567773599961356,1783.0059814453125,1797.57373046875,1785.3013257824305,ensemble
ETH,phase2_general,lstm,phase2_general_lstm,2026-07-06,2026-07-07,-0.0162996101421938,0.00136854554293672,0.0006390581688646252,1797.57373046875,1768.511474609375,1800.0354761069732,ensemble
ETH,phase2_general,lstm,phase2_general_lstm,2026-07-07,2026-07-08,-0.0147154299263924,0.0013450318248942202,0.0007145176429625308,1768.511474609375,1742.6776123046875,1770.8917792593159,ensemble
ETH,phase2_general,lstm,phase2_general_lstm,2026-07-08,2026-07-09,0.0010363767887721,0.00125518584391098,0.0008898412915550368,1742.6776123046875,1744.484619140625,1744.866369935586,ensemble
ETH,phase2_general,lstm,phase2_general_lstm,2026-07-09,2026-07-10,0.0289319871755302,0.00123107946128582,0.0011125088076583147,1744.484619140625,1795.6932373046875,1746.6335408010368,ensemble
ETH,phase2_general,lstm,phase2_general_lstm,2026-07-10,2026-07-11,-0.0042377668681416,0.0012867105135228002,0.0012877548165180388,1795.6932373046875,1788.099609375,1798.0052618063191,ensemble
ETH,phase2_general,lstm,phase2_general_lstm,2026-07-11,2026-07-12,0.0098437240641505,0.00132687520235774,0.0013850891672188414,1788.099609375,1805.7880859375,1790.4737691645726,ensemble
ETH,phase2_general,lstm,phase2_general_lstm,2026-07-12,2026-07-13,-0.0180417009925125,0.0014072111167479,0.0014906474839584045,1805.7880859375,1773.500732421875,1808.3309997952147,ensemble
ETH,phase2_general,lstm,phase2_general_lstm,2026-07-13,2026-07-14,0.0633461757860125,0.0015598103484534814,0.0016297273211038233,1773.500732421875,1889.4798583984373,1776.2692158105042,ensemble
ETH,phase2_general,lstm,phase2_general_lstm,2026-07-14,2026-07-15,0.0144305241755588,0.0017770965459930834,0.0017528898761285123,1889.4798583984373,1916.9437255859373,1892.8406318535065,ensemble
ETH,phase2_general,lstm,phase2_general_lstm,2026-07-15,2026-07-16,-0.0284402326891384,0.00203131522212057,0.0018760575041304817,1916.9437255859373,1863.193359375,1920.8416001213097,ensemble
ETH,phase2_general,lstm,phase2_general_lstm,2026-07-16,2026-07-17,-0.011989404987594,0.0022214310592971282,0.0019990723052666546,1863.193359375,1840.9881591796875,1867.336915581265,ensemble
ETH,phase2_general,lstm,phase2_general_lstm,2026-07-17,2026-07-18,0.0110221726895365,0.0023166939674410603,0.0021125457977122526,1840.9881591796875,1861.39208984375,1845.2581095165224,ensemble
ETH,phase2_general,lstm,phase2_general_lstm,2026-07-18,2026-07-19,0.0054201709795738,0.0021987950487527596,0.0021487049909695057,1861.39208984375,1871.508544921875,1865.4894124902833,ensemble
ETH,phase2_general,lstm,phase2_general_lstm,2026-07-19,2026-07-20,0.0170854918812539,0.0020725342677905796,0.002121762615016764,1871.508544921875,1903.7589111328125,1875.391332729238,ensemble
ETH,phase2_general,lstm,phase2_general_lstm,2026-07-20,2026-07-21,0.0128519310477648,0.0021010754629969403,0.002000507496995146,1903.7589111328125,1928.3837890625,1907.7630573020574,ensemble
ETH,phase2_general,lstm,phase2_general_lstm,2026-07-21,2026-07-22,0.0026444810723667,0.00221940141054798,0.0019178126999091776,1928.3837890625,1933.4901123046875,1932.6683996406632,ensemble
ETH,phase2_general,lstm,phase2_general_lstm,2026-07-22,2026-07-23,-0.0295985684211487,0.00240581547841428,0.001926230537588689,1933.4901123046875,1877.1002197265625,1938.1473327043807,ensemble
ETH,phase2_general,lstm,phase2_general_lstm,2026-07-23,2026-07-24,-0.0090566354547485,0.002498098095384132,0.0019497862999290272,1877.1002197265625,1860.1767578125,1881.7952621069053,ensemble
ETH,phase2_general,lstm,phase2_general_lstm,2026-07-24,2026-07-25,0.0069886485747689,0.0024905970756662625,0.0019464866796476109,1860.1767578125,1873.222412109375,1864.8154828053184,ensemble
ETH,phase2_general,lstm,phase2_general_lstm,2026-07-25,2026-07-26,0.0419170428366946,0.0024165257986168798,0.001903056705129069,1873.222412109375,1953.4112548828125,1877.7545762350505,ensemble
ETH,phase2_general,lstm,phase2_general_lstm,2026-07-26,2026-07-27,-0.0326758126996198,0.00235238349414424,0.0018450803953079073,1953.4112548828125,1890.613525390625,1958.0118363204704,ensemble
ETH,phase2_general,lstm,phase2_general_lstm,2026-07-27,2026-07-28,0.015396962638548,0.0023430300003383,0.0017792858547646029,1890.613525390625,1919.948486328125,1895.048483190333,ensemble
ETH,phase2_general,lstm,phase2_general_lstm,2026-07-28,2026-07-29,-0.0059707845121414,0.00240959436050612,0.0017206747542116544,1919.948486328125,1908.51904296875,1924.5803616024016,ensemble
ETH,phase2_general,lstm,phase2_general_lstm,2026-07-29,2026-07-30,0.0046284096447549,0.00241874272469426,0.0016786183656953028,1908.51904296875,1917.3729248046875,1913.1408467427468,ensemble
ETH,phase2_general,lstm,phase2_general_lstm,2026-07-30,2026-07-31,-0.0301935171908472,0.00244483662536362,0.0016556427914201006,1917.3729248046875,1860.345947265625,1922.0663233142257,ensemble
ETH,phase2_general,lstm,phase2_general_lstm,2026-07-31,2026-08-01,-0.0091411558801774,0.0025113633368163803,0.0016542655813265418,1860.345947265625,1843.417724609375,1865.0238233360194,ensemble
ETH,phase2_general,lstm,phase2_general_lstm,2026-08-01,2026-08-02,0.0209910449816346,0.00251362231792878,0.0016451154359146101,1843.417724609375,1882.52197265625,1848.05720905624,ensemble
ETH,phase2_general,lstm,phase2_general_lstm,2026-08-02,2026-08-03,-0.0129736864450064,0.00248957566218446,0.0016248999283605657,1882.52197265625,1858.2564697265625,1887.2144923105843,ensemble
ETH,phase2_general,lstm,phase2_general_lstm,2026-08-03,2026-08-04,0.0054362176829138,0.00247778515913518,0.0016519414772683926,1858.2564697265625,1868.3858642578125,1862.8665390512,ensemble
ETH,phase2_general,lstm,phase2_general_lstm,2026-08-04,2026-08-05,0.0202078543669882,0.00260167280794114,0.0017347202251208108,1868.3858642578125,1906.5260009765625,1873.253121715865,ensemble
ETH,phase2_general,lstm,phase2_general_lstm,2026-08-05,2026-08-06,-0.0023465458558861,0.00280100389500144,0.001833331695349353,1906.5260009765625,1902.0574951171875,1911.8736736609103,ensemble
ETH,phase2_general,lstm,phase2_general_lstm,2026-08-06,2026-08-07,0.0058825505802162,0.00301280658459286,0.0019158150491841144,1902.0574951171875,1913.2794189453125,1907.7966676299122,ensemble
ETH,phase2_general,lstm,phase2_general_lstm,2026-08-07,2026-08-08,0.0011771484611133,0.0032232065568677604,0.0019996881377319646,1913.2794189453125,1915.532958984375,1919.456262988054,ensemble
ETH,phase2_general,lstm,phase2_general_lstm,2026-08-08,2026-08-09,-0.003582552655913,0.0033135103527456,0.0020871692171200375,1915.532958984375,1908.6827392578125,1921.8906245534172,ensemble
ETH,phase2_general,lstm,phase2_general_lstm,2026-08-09,2026-08-10,-0.0197913520463313,0.00338191703194748,0.0021618546165154727,1908.6827392578125,1871.2786865234373,1915.148673385902,ensemble
ETH,phase2_general,lstm,phase2_general_lstm,2026-08-10,2026-08-11,0.0053801271136948,0.00345680064638142,0.0022083828400580436,1871.2786865234373,1881.37353515625,1877.7585171854373,ensemble
ETH,phase2_general,lstm,phase2_general_lstm,2026-08-11,2026-08-12,-0.0017228455012013,0.0035117637075017596,0.002249258376271261,1881.37353515625,1878.135009765625,1887.9920890540204,ensemble
ETH,phase2_general,lstm,phase2_general_lstm,2026-08-12,2026-08-13,0.0031133074431306,0.0036259936983696604,0.0023045322189912897,1878.135009765625,1883.9913330078125,1884.9574771124742,ensemble
ETH,phase2_general,lstm,phase2_general_lstm,2026-08-13,2026-08-14,-0.0017751010807604,0.0036257549538276598,0.002287723239343817,1883.9913330078125,1880.6500244140625,1890.8346224648803,ensemble
ETH,phase2_general,lstm,phase2_general_lstm,2026-08-14,2026-08-15,0.0001373371127861,0.00356312162475656,0.002291028709185344,1880.6500244140625,1880.9083251953125,1887.3629615882626,ensemble
ETH,phase2_general,lstm,phase2_general_lstm,2026-08-15,2026-08-16,-0.003710048377518,0.00352725712000388,0.002367542172282744,1880.9083251953125,1873.9429931640625,1887.5544869474054,ensemble
ETH,phase2_general,lstm,phase2_general_lstm,2026-08-16,2026-08-17,0.0202107717270595,0.00346393964719022,0.002452212387694415,1873.9429931640625,1912.2021484375,1880.445474193708,ensemble
ETH,phase2_general,lstm,phase2_general_lstm,2026-08-17,2026-08-18,0.0022239875598747,0.0033825901977251596,0.002451944754059992,1912.2021484375,1916.4595947265625,1918.6812966546765,ensemble
ETH,phase2_general,lstm,phase2_general_lstm,2026-08-18,2026-08-19,0.1610984870542504,0.00328830598737108,0.0024362203905118653,1916.4595947265625,2251.4580078125,1922.7718729497296,ensemble
ETH,phase2_general,lstm,phase2_general_lstm,2026-08-19,2026-08-20,0.0327374500344778,0.00335308671928936,0.0024589654119115734,2251.4580078125,2326.384765625,2259.0200127015287,ensemble
ETH,phase2_general,lstm,phase2_general_lstm,2026-08-20,2026-08-21,0.0780693605915992,0.003352655947674,0.0023839277154301666,2326.384765625,2515.28173828125,2334.197422603443,ensemble
ETH,phase2_general,lstm,phase2_general_lstm,2026-08-21,2026-08-22,-0.0368621187101773,0.0032253758516162002,0.0022755751301804378,2515.28173828125,2424.251220703125,2523.407564637519,ensemble
ETH,phase2_general,lstm,phase2_general_lstm,2026-08-22,2026-08-23,0.0161886325230095,0.0030258277081883804,0.0022928826819469924,2424.251220703125,2463.81591796875,2431.597696197757,ensemble
ETH,phase2_general,lstm,phase2_general_lstm,2026-08-23,2026-08-24,0.0072853803568115,0.00263878697878678,0.002346113141821501,2463.81591796875,2481.831298828125,2470.325988898839,ensemble
ETH,phase2_general,lstm,phase2_general_lstm,2026-08-24,2026-08-25,-0.0157046670742771,0.0020686184172518398,0.0023582732180866947,2481.831298828125,2443.159423828125,2486.970574528918,ensemble
ETH,phase2_general,lstm,phase2_general_lstm,2026-08-25,2026-08-26,0.0254999480890524,0.0014825941296294199,0.00238717988478209,2443.159423828125,2506.260986328125,2446.784324111595,ensemble
ETH,phase2_general,lstm,phase2_general_lstm,2026-08-26,2026-08-27,0.0016541530230063,0.00109423537505786,0.0023160819927835145,2506.260986328125,2510.41015625,2509.0049267430386,ensemble
ETH,phase2_general,lstm,phase2_general_lstm,2026-08-27,2026-08-28,-0.0274093504142575,0.0008551598381017799,0.002133125463288224,2510.41015625,2442.535888671875,2512.5578763839035,ensemble
ETH,phase2_general,lstm,phase2_general_lstm,2026-08-28,2026-08-29,0.0061835722465449,0.0006625409987464009,0.0020068081674339804,2442.535888671875,2457.686279296875,2444.154705045922,ensemble
ETH,phase2_general,lstm,phase2_general_lstm,2026-08-29,2026-08-30,-0.0163049615873888,0.00032343885977751996,0.0017680472011321802,2457.686279296875,2417.938720703125,2458.481319111196,ensemble
ETH,phase2_general,lstm,phase2_general_lstm,2026-08-30,2026-08-31,0.0200145895501371,5.834110197610002e-05,0.0015680286564919005,2417.938720703125,2466.8203125,2418.079790027631,ensemble
ETH,phase2_general,xgb,phase2_general_xgb,2025-10-31,2025-11-01,0.0070215866872251,0.00637083356268698,0.003137231547837141,3847.080322265625,3874.18798828125,3871.667668484761,ensemble
ETH,phase2_general,xgb,phase2_general_xgb,2025-11-01,2025-11-02,0.0094731740475304,0.00523874939826778,0.003124091679626751,3874.18798828125,3911.063232421875,3894.537143797405,ensemble
ETH,phase2_general,xgb,phase2_general_xgb,2025-11-02,2025-11-03,-0.0822344830552394,-0.017516947910189578,0.00335901396814678,3911.063232421875,3602.30810546875,3843.149895255613,ensemble
ETH,phase2_general,xgb,phase2_general_xgb,2025-11-03,2025-11-04,-0.0899050101356721,0.00044148802990092,0.0028418861549887797,3602.30810546875,3292.574462890625,3603.898832494962,ensemble
ETH,phase2_general,xgb,phase2_general_xgb,2025-11-04,2025-11-05,0.0394816688100728,-0.0043673897744156195,0.004048471626115491,3292.574462890625,3425.171142578125,3278.225862622144,ensemble
ETH,phase2_general,xgb,phase2_general_xgb,2025-11-05,2025-11-06,-0.0335213636698541,0.006105566781479841,0.006482167109726999,3425.171142578125,3312.2578125,3446.1477255275363,ensemble
ETH,phase2_general,xgb,phase2_general_xgb,2025-11-06,2025-11-07,0.0364744811598151,0.0055144711164757,0.0031312147825784988,3312.2578125,3435.301025390625,3330.573617110753,ensemble
ETH,phase2_general,xgb,phase2_general_xgb,2025-11-07,2025-11-08,-0.0102185497413461,0.00142541714012622,0.0048356533544675895,3435.301025390625,3400.3759765625,3440.2012539589095,ensemble
ETH,phase2_general,xgb,phase2_general_xgb,2025-11-08,2025-11-09,0.0522087429098387,0.0070877232123166215,0.006092197379933484,3400.3759765625,3582.621337890625,3424.562512786841,ensemble
ETH,phase2_general,xgb,phase2_general_xgb,2025-11-09,2025-11-10,-0.0039606305321747,-0.00213110410259102,0.0038197295379779213,3582.621337890625,3568.4599609375,3574.9945285082945,ensemble
ETH,phase2_general,xgb,phase2_general_xgb,2025-11-10,2025-11-11,-0.0438739864099317,-0.00777590554207558,0.0018746048176596743,3568.4599609375,3415.2822265625,3540.8195572071163,ensemble
ETH,phase2_general,xgb,phase2_general_xgb,2025-11-11,2025-11-12,-0.000640851706814,-0.0112620841711759,0.0018061551092216283,3415.2822265625,3413.09423828125,3377.0348077406425,ensemble
ETH,phase2_general,xgb,phase2_general_xgb,2025-11-12,2025-11-13,-0.0542839228098472,-0.0005449462831165811,0.001127613018882531,3413.09423828125,3232.757080078125,3411.2347919573695,ensemble
ETH,phase2_general,xgb,phase2_general_xgb,2025-11-13,2025-11-14,-0.0407128161836017,0.0094026769511401,0.0019951199460927207,3232.757080078125,3103.78564453125,3263.2970040799532,ensemble
ETH,phase2_general,xgb,phase2_general_xgb,2025-11-14,2025-11-15,0.0200458143866448,0.016404271498322458,0.003126667517529031,3103.78564453125,3166.63134765625,3155.12089441667,ensemble
ETH,phase2_general,xgb,phase2_general_xgb,2025-11-15,2025-11-16,-0.0235761973164414,-0.0052086904761380805,0.004010097730197382,3166.63134765625,3092.847412109375,3150.1802267066305,ensemble
ETH,phase2_general,xgb,phase2_general_xgb,2025-11-16,2025-11-17,-0.0223335360686421,-0.00805351361632342,0.0034913418192763996,3092.847412109375,3024.538818359375,3068.039154270483,ensemble
ETH,phase2_general,xgb,phase2_general_xgb,2025-11-17,2025-11-18,0.0320287321061959,0.01202555075287812,0.0014055765341567802,3024.538818359375,3122.97900390625,3061.1301378417475,ensemble
ETH,phase2_general,xgb,phase2_general_xgb,2025-11-18,2025-11-19,-0.0325142190008236,0.00686803938588122,0.005853942628278813,3122.97900390625,3023.07080078125,3144.5015710241887,ensemble
ETH,phase2_general,xgb,phase2_general_xgb,2025-11-19,2025-11-20,-0.0653684988267085,0.00537655713851562,0.003243262658033812,3023.07080078125,2831.777587890625,3039.3682865975165,ensemble
ETH,phase2_general,xgb,phase2_general_xgb,2025-11-20,2025-11-21,-0.0236111523857895,0.00089959636097774,0.0017819106907377388,2831.777587890625,2765.69921875,2834.326190888905,ensemble
ETH,phase2_general,xgb,phase2_general_xgb,2025-11-21,2025-11-22,0.0006897153274086,0.00140204078634266,0.0017503772658754788,2765.69921875,2767.607421875,2769.5795614211497,ensemble
ETH,phase2_general,xgb,phase2_general_xgb,2025-11-22,2025-11-23,0.0122346182602878,0.01370138619095084,0.0018369957732303445,2767.607421875,2801.676025390625,2805.788449185153,ensemble
ETH,phase2_general,xgb,phase2_general_xgb,2025-11-23,2025-11-24,0.0525067184643922,0.015092414431273899,0.008255247660507637,2801.676025390625,2952.71337890625,2844.280776639708,ensemble
ETH,phase2_general,xgb,phase2_general_xgb,2025-11-24,2025-11-25,0.0017672851723719,0.00118969499599186,0.004824326192803066,2952.71337890625,2957.936279296875,2956.2282976637844,ensemble
ETH,phase2_general,xgb,phase2_general_xgb,2025-11-25,2025-11-26,0.023348428095094,-0.00199567179661244,0.002240053284098071,2957.936279296875,3027.81201171875,2952.0390956668593,ensemble
ETH,phase2_general,xgb,phase2_general_xgb,2025-11-26,2025-11-27,-0.0043922604267135,-0.01423133257776496,0.0040332324800509915,3027.81201171875,3014.542236328125,2985.0273752903568,ensemble
ETH,phase2_general,xgb,phase2_general_xgb,2025-11-27,2025-11-28,0.005874882913213,-0.00713894776999946,0.003312159065325047,3014.542236328125,3032.304443359375,2993.0982117121007,ensemble
ETH,phase2_general,xgb,phase2_general_xgb,2025-11-28,2025-11-29,-0.013485997805236,-0.008881890401244121,0.002222055431884778,3032.304443359375,2991.685302734375,3005.491100487225,ensemble
ETH,phase2_general,xgb,phase2_general_xgb,2025-11-29,2025-11-30,0.0001428009786007,0.00224002080503848,0.0016569055211229878,2991.685302734375,2992.112548828125,2998.394251341571,ensemble
ETH,phase2_general,xgb,phase2_general_xgb,2025-11-30,2025-12-01,-0.0662927736435053,-0.0007252084356878285,0.00203898537574933,2992.112548828125,2800.18896484375,2989.94343019382,ensemble
ETH,phase2_general,xgb,phase2_general_xgb,2025-12-01,2025-12-02,0.068238382808925,0.0037496442935662,0.0033331907299143947,2800.18896484375,2997.939697265625,2810.7083871374643,ensemble
ETH,phase2_general,xgb,phase2_general_xgb,2025-12-02,2025-12-03,0.0625882304633783,0.00442567169666288,0.00392536097380554,2997.939697265625,3191.57177734375,3011.2369971699954,ensemble
ETH,phase2_general,xgb,phase2_general_xgb,2025-12-03,2025-12-04,-0.0181024175452983,0.00468194484710688,0.0019341941538372491,3191.57177734375,3134.31640625,3206.5495756334244,ensemble
ETH,phase2_general,xgb,phase2_general_xgb,2025-12-04,2025-12-05,-0.0356875080281464,-0.00620950437150892,0.00362250604988893,3134.31640625,3024.432861328125,3114.9141563440353,ensemble
ETH,phase2_general,xgb,phase2_general_xgb,2025-12-05,2025-12-06,0.0052022663489112,0.00415459601208564,0.0023265656773893877,3024.432861328125,3040.207763671875,3037.0242960835544,ensemble
ETH,phase2_general,xgb,phase2_general_xgb,2025-12-06,2025-12-07,0.0069143801565508,-0.01494437754154202,0.005270621286587038,3040.207763671875,3061.3017578125,2995.111557702147,ensemble
ETH,phase2_general,xgb,phase2_general_xgb,2025-12-07,2025-12-08,0.0206574040037443,-0.00474283713847394,0.0025160877456760398,3061.3017578125,3125.197998046875,3046.8168790065483,ensemble
ETH,phase2_general,xgb,phase2_general_xgb,2025-12-08,2025-12-09,0.0608029264224186,-0.00565444496460254,0.004113306349617938,3125.197998046875,3321.114990234375,3107.5766045137384,ensemble
ETH,phase2_general,xgb,phase2_general_xgb,2025-12-09,2025-12-10,0.0012864345975214,-0.00872823428362604,0.0032895218130222547,3321.114990234375,3325.39013671875,3292.2536579776965,ensemble
ETH,phase2_general,xgb,phase2_general_xgb,2025-12-10,2025-12-11,-0.0269224534884862,-0.00962670966982838,0.004281822451170915,3325.39013671875,3237.056884765625,3293.5311659047684,ensemble
ETH,phase2_general,xgb,phase2_general_xgb,2025-12-11,2025-12-12,-0.0483811252686677,-0.0012178558303275963,0.0074702175539197195,3237.056884765625,3084.172607421875,3233.1170157485963,ensemble
ETH,phase2_general,xgb,phase2_general_xgb,2025-12-12,2025-12-13,0.0104898229476874,-0.0047721988521516,0.002390606883729014,3084.172607421875,3116.6953125,3069.489385937408,ensemble
ETH,phase2_general,xgb,phase2_general_xgb,2025-12-13,2025-12-14,-0.018163993601147,-0.005693447589874201,0.0012905595017182647,3116.6953125,3060.5947265625,3099.0009897316077,ensemble
ETH,phase2_general,xgb,phase2_general_xgb,2025-12-14,2025-12-15,-0.0320077701658808,-0.01396088395267718,0.004256568445083445,3060.5947265625,2964.18310546875,3018.1630001449253,ensemble
ETH,phase2_general,xgb,phase2_general_xgb,2025-12-15,2025-12-16,-7.412721688312701e-07,-0.00584944561123846,0.006026101058744196,2964.18310546875,2964.180908203125,2946.894890143645,ensemble
ETH,phase2_general,xgb,phase2_general_xgb,2025-12-16,2025-12-17,-0.0458281928487593,0.018778357468545382,0.006374584744780701,2964.180908203125,2831.403564453125,3020.369268338221,ensemble
ETH,phase2_general,xgb,phase2_general_xgb,2025-12-17,2025-12-18,-0.0015320294953636,-0.01453856583684678,0.0027891133309144657,2831.403564453125,2827.069091796875,2790.536809157791,ensemble
ETH,phase2_general,xgb,phase2_general_xgb,2025-12-18,2025-12-19,0.0520015780613912,-0.015180567838251561,0.004067292496999868,2827.069091796875,2977.970703125,2784.476684080075,ensemble
ETH,phase2_general,xgb,phase2_general_xgb,2025-12-19,2025-12-20,-0.0001303602133292,-0.0074825416551902195,0.0039715658643100895,2977.970703125,2977.58251953125,2955.771071701139,ensemble
ETH,phase2_general,xgb,phase2_general_xgb,2025-12-20,2025-12-21,0.0080383309849244,-0.0073240130208431994,0.0031680578917616916,2977.58251953125,3001.61376953125,2955.8543322777728,ensemble
ETH,phase2_general,xgb,phase2_general_xgb,2025-12-21,2025-12-22,0.0014847515809792,0.00588295222260056,0.005987866461942664,3001.61376953125,3006.07373046875,3019.324163550622,ensemble
ETH,phase2_general,xgb,phase2_general_xgb,2025-12-22,2025-12-23,-0.0143063268401752,-0.007804052531719161,0.004238575641162918,3006.07373046875,2963.3740234375,2982.7054753074535,ensemble
ETH,phase2_general,xgb,phase2_general_xgb,2025-12-23,2025-12-24,-0.0060191597554604,-0.006736419143635386,0.003864625885672404,2963.3740234375,2945.590576171875,2943.4785811920547,ensemble
ETH,phase2_general,xgb,phase2_general_xgb,2025-12-24,2025-12-25,-0.014365015056822,-0.01362058194354172,0.004750298215410404,2945.590576171875,2903.57958984375,2905.741915390984,ensemble
ETH,phase2_general,xgb,phase2_general_xgb,2025-12-25,2025-12-26,0.0076050389079913,-0.0068490238394587595,0.003091704878614051,2903.57958984375,2925.74560546875,2883.7608509938214,ensemble
ETH,phase2_general,xgb,phase2_general_xgb,2025-12-26,2025-12-27,0.0075770385642638,0.00701551921665664,0.002646562980450915,2925.74560546875,2947.998291015625,2946.3433976093224,ensemble
ETH,phase2_general,xgb,phase2_general_xgb,2025-12-27,2025-12-28,0.000193273230984,0.0029035029932856,0.002952457943851389,2947.998291015625,2948.568115234375,2956.570251211797,ensemble
ETH,phase2_general,xgb,phase2_general_xgb,2025-12-28,2025-12-29,-0.0047695250401753,0.0036289426207076194,0.0032412615304477834,2948.568115234375,2934.538330078125,2959.28773842245,ensemble
ETH,phase2_general,xgb,phase2_general_xgb,2025-12-29,2025-12-30,0.0124887158133864,-0.0036705847131088,0.002263506812284783,2934.538330078125,2971.416748046875,2923.7866031775798,ensemble
ETH,phase2_general,xgb,phase2_general_xgb,2025-12-30,2025-12-31,-0.0014748454494985,0.0175163458101451,0.007482328114393179,2971.416748046875,2967.03759765625,3023.9236332136693,ensemble
ETH,phase2_general,xgb,phase2_general_xgb,2025-12-31,2026-01-01,0.011179695896671,-0.0025746656116098,0.003679618444547826,2967.03759765625,3000.394287109375,2959.408293653032,ensemble
ETH,phase2_general,xgb,phase2_general_xgb,2026-01-01,2026-01-02,0.040505791423565,0.0008790661668172002,0.003106951547467852,3000.394287109375,3124.422607421875,3003.0329918423886,ensemble
ETH,phase2_general,xgb,phase2_general_xgb,2026-01-02,2026-01-03,0.0004783333560596,-0.00908891903236506,0.0014321551778471555,3124.422607421875,3125.91748046875,3096.1536450793833,ensemble
ETH,phase2_general,xgb,phase2_general_xgb,2026-01-03,2026-01-04,0.0047211981925699,0.0098869558423757,0.0026022244035209343,3125.91748046875,3140.71044921875,3156.976575508932,ensemble
ETH,phase2_general,xgb,phase2_general_xgb,2026-01-04,2026-01-05,0.0268343594600314,-0.00063545421289746,0.0016581435258365541,3140.71044921875,3226.13037109375,3138.7153055106774,ensemble
ETH,phase2_general,xgb,phase2_general_xgb,2026-01-05,2026-01-06,0.0214100727655341,-0.006987642683088741,0.002312782036004228,3226.13037109375,3295.94677734375,3203.6659030555998,ensemble
ETH,phase2_general,xgb,phase2_general_xgb,2026-01-06,2026-01-07,-0.0399579577460706,-0.00316244529676618,0.001670868943885872,3295.94677734375,3166.843994140625,3285.5399900803063,ensemble
ETH,phase2_general,xgb,phase2_general_xgb,2026-01-07,2026-01-08,-0.0199206616781398,0.00336033704807046,0.0035050957373340443,3166.843994140625,3104.382568359375,3177.503557171352,ensemble
ETH,phase2_general,xgb,phase2_general_xgb,2026-01-08,2026-01-09,-0.0068964125191375,0.00842112982645626,0.004353255134701174,3104.382568359375,3083.047119140625,3130.6353609420225,ensemble
ETH,phase2_general,xgb,phase2_general_xgb,2026-01-09,2026-01-10,-0.0002112169513613,0.0063100189901888,0.0020713503375595133,3083.047119140625,3082.39599609375,3102.562712138011,ensemble
ETH,phase2_general,xgb,phase2_general_xgb,2026-01-10,2026-01-11,0.0117684321917196,-0.00291255696211008,0.002916625297080971,3082.39599609375,3118.88525390625,3073.431403455907,ensemble
ETH,phase2_general,xgb,phase2_general_xgb,2026-01-11,2026-01-12,-0.0085523492401958,0.00047310712980103977,0.004600061519038722,3118.88525390625,3092.3251953125,3120.361169862556,ensemble
ETH,phase2_general,xgb,phase2_general_xgb,2026-01-12,2026-01-13,0.0716724478508033,6.606694369106008e-05,0.0020343396976995934,3092.3251953125,3322.095458984375,3092.5295025359555,ensemble
ETH,phase2_general,xgb,phase2_general_xgb,2026-01-13,2026-01-14,0.0097733550354151,0.03023428805172438,0.0036305219031382155,3322.095458984375,3354.72265625,3424.0704527643834,ensemble
ETH,phase2_general,xgb,phase2_general_xgb,2026-01-14,2026-01-15,-0.0112777965317109,0.00399527230765668,0.0029401948857732526,3354.72265625,3317.101318359375,3368.1524968493595,ensemble
ETH,phase2_general,xgb,phase2_general_xgb,2026-01-15,2026-01-16,-0.0065388112427793,0.00156813318026248,0.0033038627971800766,3317.101318359375,3295.482177734375,3322.3070555768554,ensemble
ETH,phase2_general,xgb,phase2_general_xgb,2026-01-16,2026-01-17,0.0040525125455037,0.00029816001479048,0.001991697670679409,3295.482177734375,3308.8642578125,3296.4649052469745,ensemble
ETH,phase2_general,xgb,phase2_general_xgb,2026-01-17,2026-01-18,-0.0084086840180541,0.00606479467824096,0.0022542700385202994,3308.8642578125,3281.15771484375,3328.9928162444294,ensemble
ETH,phase2_general,xgb,phase2_general_xgb,2026-01-18,2026-01-19,-0.0292351847938204,0.014236885216087038,0.007255779486917732,3281.15771484375,3186.62109375,3328.20529141374,ensemble
ETH,phase2_general,xgb,phase2_general_xgb,2026-01-19,2026-01-20,-0.082047329409018,-0.00470680356957012,0.0028530684009895045,3186.62109375,2935.605712890625,3171.6575370972123,ensemble
ETH,phase2_general,xgb,phase2_general_xgb,2026-01-20,2026-01-21,0.0146406740972174,5.08540071677957e-05,0.0031561679008093955,2935.605712890625,2978.901123046875,2935.7550040005835,ensemble
ETH,phase2_general,xgb,phase2_general_xgb,2026-01-21,2026-01-22,-0.0098736240513318,-0.01597546376287932,0.004429540981231798,2978.901123046875,2949.63330078125,2931.6899106901424,ensemble
ETH,phase2_general,xgb,phase2_general_xgb,2026-01-22,2026-01-23,0.001227550418774,0.00670103211887174,0.0041284011053969415,2949.63330078125,2953.25634765625,2969.465261360226,ensemble
ETH,phase2_general,xgb,phase2_general_xgb,2026-01-23,2026-01-24,-0.0015302026847261,-0.00015176267188509997,0.002350724028432418,2953.25634765625,2948.74072265625,2952.808187590013,ensemble
ETH,phase2_general,xgb,phase2_general_xgb,2026-01-24,2026-01-25,-0.0460954469109645,-0.00487031345255668,0.003989372237954807,2948.74072265625,2815.90234375,2934.4143463366568,ensemble
ETH,phase2_general,xgb,phase2_general_xgb,2026-01-25,2026-01-26,0.0385097283715548,0.025395684689283337,0.00931354234928147,2815.90234375,2926.45703125,2888.329892805387,ensemble
ETH,phase2_general,xgb,phase2_general_xgb,2026-01-26,2026-01-27,0.0321961750433529,0.0007472830791812213,0.00476195551516928,2926.45703125,3022.2109375,2928.6447403886073,ensemble
ETH,phase2_general,xgb,phase2_general_xgb,2026-01-27,2026-01-28,-0.0051763213071971,-0.00445990315638476,0.0015308652111338662,3022.2109375,3006.607421875,3008.7621817667855,ensemble
ETH,phase2_general,xgb,phase2_general_xgb,2026-01-28,2026-01-29,-0.0647023664323781,-0.01453126277774568,0.002729513249682419,3006.607421875,2818.232666015625,2963.2335213559836,ensemble
ETH,phase2_general,xgb,phase2_general_xgb,2026-01-29,2026-01-30,-0.0419788679682719,-0.009787854552268941,0.002695541005319061,2818.232666015625,2702.375244140625,2790.7827715197154,ensemble
ETH,phase2_general,xgb,phase2_general_xgb,2026-01-30,2026-01-31,-0.1000484393792718,-0.0018962177215143799,0.002690103417213521,2702.375244140625,2445.091796875,2697.2558076295936,ensemble
ETH,phase2_general,xgb,phase2_general_xgb,2026-01-31,2026-02-01,-0.0751997822029002,0.01526767443865534,0.00602569471477604,2445.091796875,2267.96484375,2482.7090960215305,ensemble
ETH,phase2_general,xgb,phase2_general_xgb,2026-02-01,2026-02-02,0.0331281466529906,0.0235124766826629,0.006793415946441445,2267.96484375,2344.356689453125,2321.9221635927493,ensemble
ETH,phase2_general,xgb,phase2_general_xgb,2026-02-02,2026-02-03,-0.0511047370755369,-0.0145291863009333,0.0041928604052121395,2344.356689453125,2227.558837890625,2310.5413439420586,ensemble
ETH,phase2_general,xgb,phase2_general_xgb,2026-02-03,2026-02-04,-0.0384643510086561,0.01628189962357278,0.007733418894328032,2227.558837890625,2143.504150390625,2264.124599529266,ensemble
ETH,phase2_general,xgb,phase2_general_xgb,2026-02-04,2026-02-05,-0.1626810863573628,0.0015510661993175599,0.004794218797126798,2143.504150390625,1821.68310546875,2146.8314469879674,ensemble
ETH,phase2_general,xgb,phase2_general_xgb,2026-02-05,2026-02-06,0.124587932433777,0.00262449975998602,0.0030015950685241097,1821.68310546875,2063.386962890625,1826.4703917097168,ensemble
ETH,phase2_general,xgb,phase2_general_xgb,2026-02-06,2026-02-07,0.0130780728606268,-0.0011927611194550805,0.007298462878815977,2063.386962890625,2090.54931640625,2060.927302332248,ensemble
ETH,phase2_general,xgb,phase2_general_xgb,2026-02-07,2026-02-08,-0.0008548665199209,0.01847912855446334,0.004762621263739839,2090.54931640625,2088.762939453125,2129.5399933064923,ensemble
ETH,phase2_general,xgb,phase2_general_xgb,2026-02-08,2026-02-09,0.0070627775205607,0.01688992939889424,0.003495075121241982,2088.762939453125,2103.567626953125,2124.34161288354,ensemble
ETH,phase2_general,xgb,phase2_general_xgb,2026-02-09,2026-02-10,-0.0407860866012557,0.00357328937388958,0.008781838565683191,2103.567626953125,2019.4974365234373,2111.097728405251,ensemble
ETH,phase2_general,xgb,phase2_general_xgb,2026-02-10,2026-02-11,-0.0398404875978916,-0.00869588702917094,0.00337885410106273,2019.4974365234373,1940.621337890625,2002.0122497475957,ensemble
ETH,phase2_general,xgb,phase2_general_xgb,2026-02-11,2026-02-12,0.003251056309532,-0.017477357573807178,0.0034835068395288587,1940.621337890625,1946.940673828125,1906.9990748545342,ensemble
ETH,phase2_general,xgb,phase2_general_xgb,2026-02-12,2026-02-13,0.0508619107271356,-0.00890279924497006,0.005277867699605476,1946.940673828125,2048.52734375,1929.6843805021917,ensemble
ETH,phase2_general,xgb,phase2_general_xgb,2026-02-13,2026-02-14,0.0181318719779937,0.00142051875591276,0.0050959198311254636,2048.52734375,2086.009765625,2051.439383077361,ensemble
ETH,phase2_general,xgb,phase2_general_xgb,2026-02-14,2026-02-15,-0.0592301606634175,0.00705563367810096,0.007783786972102738,2086.009765625,1966.04296875,2100.7799315463026,ensemble
ETH,phase2_general,xgb,phase2_general_xgb,2026-02-15,2026-02-16,0.0160826230924268,-0.02147198263555762,0.005866873467323554,1966.04296875,1997.917724609375,1924.278119932708,ensemble
ETH,phase2_general,xgb,phase2_general_xgb,2026-02-16,2026-02-17,-0.002868787898831,-0.01992098093032834,0.003873544340275208,1997.917724609375,1992.1943359375,1958.5110566454748,ensemble
ETH,phase2_general,xgb,phase2_general_xgb,2026-02-17,2026-02-18,-0.0193714031392413,-0.0075772309210151,0.002742199224332485,1992.1943359375,1953.97412109375,1977.1560655891767,ensemble
ETH,phase2_general,xgb,phase2_general_xgb,2026-02-18,2026-02-19,-0.0029589012528701,0.01823430489748712,0.0046652342234938665,1953.97412109375,1948.2010498046875,1989.9303027189167,ensemble
ETH,phase2_general,xgb,phase2_general_xgb,2026-02-19,2026-02-20,0.0106307366647911,-0.011757990717887839,0.005694361551371963,1948.2010498046875,1969.0223388671875,1925.4282634115482,ensemble
ETH,phase2_general,xgb,phase2_general_xgb,2026-02-20,2026-02-21,0.0023916477643178,-0.015439339540898739,0.0032535098552046358,1969.0223388671875,1973.7371826171875,1938.8554123708766,ensemble
ETH,phase2_general,xgb,phase2_general_xgb,2026-02-21,2026-02-22,-0.0081043810251791,-0.00166871122783048,0.0018109013725413998,1973.7371826171875,1957.805908203125,1970.4463317233267,ensemble
ETH,phase2_general,xgb,phase2_general_xgb,2026-02-22,2026-02-23,-0.0536686969675083,-0.01207824312150472,0.004641806548118212,1957.805908203125,1855.5028076171875,1934.3012854779256,ensemble
ETH,phase2_general,xgb,phase2_general_xgb,2026-02-23,2026-02-24,-0.0013662367634113,-0.00940078133717176,0.0027336669777322164,1855.5028076171875,1852.969482421875,1838.141364874884,ensemble
ETH,phase2_general,xgb,phase2_general_xgb,2026-02-24,2026-02-25,0.1033052975560529,-0.00489507103338832,0.002617582714258426,1852.969482421875,2054.6279296875,1843.9212291715492,ensemble
ETH,phase2_general,xgb,phase2_general_xgb,2026-02-25,2026-02-26,-0.013640230652308,0.00070831266930322,0.0009932293563181171,2054.6279296875,2026.7926025390625,2056.083764212954,ensemble
ETH,phase2_general,xgb,phase2_general_xgb,2026-02-26,2026-02-27,-0.0485398835848207,-0.0024839831981807803,0.0036171827474036286,2026.7926025390625,1930.7618408203125,2021.7643314240825,ensemble
ETH,phase2_general,xgb,phase2_general_xgb,2026-02-27,2026-02-28,0.0176033024159378,-0.01749917734414334,0.0028102283801689806,1930.7618408203125,1965.050537109375,1897.2690002177048,ensemble
ETH,phase2_general,xgb,phase2_general_xgb,2026-02-28,2026-03-01,-0.0133112143616734,-0.013822363130748219,0.0037776653292164284,1965.050537109375,1939.066650390625,1938.075752128912,ensemble
ETH,phase2_general,xgb,phase2_general_xgb,2026-03-01,2026-03-02,0.0444827788226515,-0.003981918687350078,0.004305576252315461,1939.066650390625,2027.2689208984373,1931.3607968822512,ensemble
ETH,phase2_general,xgb,phase2_general_xgb,2026-03-02,2026-03-03,-0.0221952153909645,0.01077661011368034,0.0026417256415270938,2027.2689208984373,1982.7689208984373,2049.234150434077,ensemble
ETH,phase2_general,xgb,phase2_general_xgb,2026-03-03,2026-03-04,0.0699856488077349,-0.02053097970783706,0.0019094429844910608,1982.7689208984373,2126.50537109375,1942.475776639406,ensemble
ETH,phase2_general,xgb,phase2_general_xgb,2026-03-04,2026-03-05,-0.0261560660671297,-0.007324401708319719,0.003337899272459504,2126.50537109375,2071.60546875,2110.986892682262,ensemble
ETH,phase2_general,xgb,phase2_general_xgb,2026-03-05,2026-03-06,-0.0458579463127646,-0.012778737209737259,0.005054208461221321,2071.60546875,1978.751220703125,2045.3013912547033,ensemble
ETH,phase2_general,xgb,phase2_general_xgb,2026-03-06,2026-03-07,-0.0047088687763537,0.0008223748416639797,0.003239323651219021,1978.751220703125,1969.4554443359373,1980.3791652235036,ensemble
ETH,phase2_general,xgb,phase2_general_xgb,2026-03-07,2026-03-08,-0.0168207764579134,-0.00898106711392754,0.006194196688955005,1969.4554443359373,1936.604736328125,1951.8468232747196,ensemble
ETH,phase2_general,xgb,phase2_general_xgb,2026-03-08,2026-03-09,0.02867374460359,-0.01570267453789706,0.006120649010970079,1936.604736328125,1992.938232421875,1906.432375797795,ensemble
ETH,phase2_general,xgb,phase2_general_xgb,2026-03-09,2026-03-10,0.0219272344781229,-0.00257266359403728,0.0044694779128514805,1992.938232421875,2037.1204833984373,1987.8176623624938,ensemble
ETH,phase2_general,xgb,phase2_general_xgb,2026-03-10,2026-03-11,0.0070696510693724,-0.017111111804842878,0.005883799163235722,2037.1204833984373,2051.5732421875,2002.5596177180664,ensemble
ETH,phase2_general,xgb,phase2_general_xgb,2026-03-11,2026-03-12,0.0104556138377322,-0.0186740485951304,0.0041381321985375676,2051.5732421875,2073.13623046875,2013.6175598803586,ensemble
ETH,phase2_general,xgb,phase2_general_xgb,2026-03-12,2026-03-13,0.0093273103225432,-0.0031355393584817206,0.0009279330853849328,2073.13623046875,2092.5634765625,2066.6460107098105,ensemble
ETH,phase2_general,xgb,phase2_general_xgb,2026-03-13,2026-03-14,0.0021592233043722,-0.0047809575218707,0.0021806037569815306,2092.5634765625,2097.086669921875,2082.5828968440387,ensemble
ETH,phase2_general,xgb,phase2_general_xgb,2026-03-14,2026-03-15,0.0376174725748984,-0.01215588971972462,0.003432095161827997,2097.086669921875,2177.476318359375,2071.749028419528,ensemble
ETH,phase2_general,xgb,phase2_general_xgb,2026-03-15,2026-03-16,0.0767490852405507,-0.0043045589700341,0.004600386349156933,2177.476318359375,2351.176025390625,2168.1233877037967,ensemble
ETH,phase2_general,xgb,phase2_general_xgb,2026-03-16,2026-03-17,-0.0141878287469072,-0.004514722502790359,0.0026828768962017125,2351.176025390625,2318.053466796875,2340.585043741772,ensemble
ETH,phase2_general,xgb,phase2_general_xgb,2026-03-17,2026-03-18,-0.0506029181915626,0.00326845532981678,0.00561699438753235,2318.053466796875,2203.671630859375,2325.642316156951,ensemble
ETH,phase2_general,xgb,phase2_general_xgb,2026-03-18,2026-03-19,-0.0305236071486406,-0.02079004123806948,0.0006340350131552081,2203.671630859375,2137.423828125,2158.3301653814087,ensemble
ETH,phase2_general,xgb,phase2_general_xgb,2026-03-19,2026-03-20,0.0042359585854312,-0.0177834136411547,0.0025972835043843426,2137.423828125,2146.4970703125,2099.7491213894778,ensemble
ETH,phase2_general,xgb,phase2_general_xgb,2026-03-20,2026-03-21,-0.0330619920061079,-0.0054277586750685804,0.002677921269256803,2146.4970703125,2076.68994140625,2134.8779635971764,ensemble
ETH,phase2_general,xgb,phase2_general_xgb,2026-03-21,2026-03-22,-0.0114495680945266,-0.00281783500686286,0.0035484019209090765,2076.68994140625,2053.04833984375,2070.8464087130137,ensemble
ETH,phase2_general,xgb,phase2_general_xgb,2026-03-22,2026-03-23,0.0471397983356827,-0.01048827543854706,0.002345036000981329,2053.04833984375,2152.14599609375,2031.6279312996107,ensemble
ETH,phase2_general,xgb,phase2_general_xgb,2026-03-23,2026-03-24,0.0016520306586044,0.0039844941580668,0.0045551437434509364,2152.14599609375,2155.704345703125,2160.7383158987514,ensemble
ETH,phase2_general,xgb,phase2_general_xgb,2026-03-24,2026-03-25,0.0056974805873912,0.013622129335999458,0.005638040980213717,2155.704345703125,2168.021484375,2185.270549238154,ensemble
ETH,phase2_general,xgb,phase2_general_xgb,2026-03-25,2026-03-26,-0.051313706617151,-0.00605225611943748,0.004399255579641324,2168.021484375,2059.578369140625,2154.9396901954965,ensemble
ETH,phase2_general,xgb,phase2_general_xgb,2026-03-26,2026-03-27,-0.0337276698924535,-0.0015679494244977801,0.006267350209563278,2059.578369140625,1991.27197265625,2056.351584800426,ensemble
ETH,phase2_general,xgb,phase2_general_xgb,2026-03-27,2026-03-28,0.0007141663784116,-0.0061561458744108,0.0018116211748730995,1991.27197265625,1992.694580078125,1979.0510673506076,ensemble
ETH,phase2_general,xgb,phase2_general_xgb,2026-03-28,2026-03-29,-0.005098999439741,-0.0008039657928747802,0.0028804694758655792,1992.694580078125,1982.5596923828125,1991.093165627572,ensemble
ETH,phase2_general,xgb,phase2_general_xgb,2026-03-29,2026-03-30,0.0204472613935491,-0.01320824474096292,0.00292646734304356,1982.5596923828125,2023.514892578125,1956.5457362951379,ensemble
ETH,phase2_general,xgb,phase2_general_xgb,2026-03-30,2026-03-31,0.039340814763852,0.00841771438717838,0.0036920946943922784,2023.514892578125,2104.708251953125,2040.6201556079131,ensemble
ETH,phase2_general,xgb,phase2_general_xgb,2026-03-31,2026-04-01,0.0160386363168273,0.0025350289186462397,0.0020870758024436015,2104.708251953125,2138.737060546875,2110.0505167740976,ensemble
ETH,phase2_general,xgb,phase2_general_xgb,2026-04-01,2026-04-02,-0.0390385754759657,0.00032834110897966,0.002137174989336145,2138.737060546875,2056.8525390625,2139.439411144128,ensemble
ETH,phase2_general,xgb,phase2_general_xgb,2026-04-02,2026-04-03,-0.0016871461717564,0.0017844677204265798,0.0031934702685458166,2056.8525390625,2053.38525390625,2060.526202816482,ensemble
ETH,phase2_general,xgb,phase2_general_xgb,2026-04-03,2026-04-04,0.005810685555501,0.0083221449051052,0.002900067554283353,2053.38525390625,2065.3515625,2070.5451279763106,ensemble
ETH,phase2_general,xgb,phase2_general_xgb,2026-04-04,2026-04-05,0.0209113576842589,0.00881629213690754,0.0020816776483310135,2065.3515625,2108.99560546875,2083.6408084441464,ensemble
ETH,phase2_general,xgb,phase2_general_xgb,2026-04-05,2026-04-06,-0.0005853459761497,0.007000228017568539,0.004287597906471065,2108.99560546875,2107.761474609375,2123.810850141028,ensemble
ETH,phase2_general,xgb,phase2_general_xgb,2026-04-06,2026-04-07,0.0616556049703287,-0.00660299304872744,0.002450497040795958,2107.761474609375,2241.806640625,2093.88978796925,ensemble
ETH,phase2_general,xgb,phase2_general_xgb,2026-04-07,2026-04-08,-0.0232273715270305,0.01543788742274042,0.0066785624640901715,2241.806640625,2190.33544921875,2276.6839222558515,ensemble
ETH,phase2_general,xgb,phase2_general_xgb,2026-04-08,2026-04-09,-0.0005440857898826,-0.015917626395821522,0.0028086153076570023,2190.33544921875,2189.14404296875,2155.746524959082,ensemble
ETH,phase2_general,xgb,phase2_general_xgb,2026-04-09,2026-04-10,0.0252611274355671,0.01294484790414566,0.004060157640899892,2189.14404296875,2245.148681640625,2217.6663900803346,ensemble
ETH,phase2_general,xgb,phase2_general_xgb,2026-04-10,2026-04-11,0.0177650010386669,0.007396831177175001,0.0021110239034221006,2245.148681640625,2285.39013671875,2261.8172386585097,ensemble
ETH,phase2_general,xgb,phase2_general_xgb,2026-04-11,2026-04-12,-0.0416306075771206,0.00565528348088262,0.002841936917823238,2285.39013671875,2192.201171875,2298.3512807342895,ensemble
ETH,phase2_general,xgb,phase2_general_xgb,2026-04-12,2026-04-13,0.0782853911386856,0.02104429118335242,0.004879031414412416,2192.201171875,2370.71484375,2238.8233362833357,ensemble
ETH,phase2_general,xgb,phase2_general_xgb,2026-04-13,2026-04-14,-0.0201992437703363,-0.0115652208216488,0.004124072042440253,2370.71484375,2323.30859375,2343.4549403217384,ensemble
ETH,phase2_general,xgb,phase2_general_xgb,2026-04-14,2026-04-15,0.0154307484890148,0.0022752957534975804,0.0016346225468488935,2323.30859375,2359.43701171875,2328.60082634145,ensemble
ETH,phase2_general,xgb,phase2_general_xgb,2026-04-15,2026-04-16,-0.0045844617903412,-0.00318886670283974,0.003999648207523982,2359.43701171875,2348.64501953125,2351.9250652582696,ensemble
ETH,phase2_general,xgb,phase2_general_xgb,2026-04-16,2026-04-17,0.0303717508925751,0.0051406341837718595,0.0051132906952714,2348.64501953125,2421.07177734375,2360.7496304360175,ensemble
ETH,phase2_general,xgb,phase2_general_xgb,2026-04-17,2026-04-18,-0.0293267723614628,-0.00123421673197296,0.0017483670530226104,2421.07177734375,2351.1005859375,2418.0854932868015,ensemble
ETH,phase2_general,xgb,phase2_general_xgb,2026-04-18,2026-04-19,-0.0373454427406088,0.00786093287169928,0.0014200051993273068,2351.1005859375,2264.9169921875,2369.655262805203,ensemble
ETH,phase2_general,xgb,phase2_general_xgb,2026-04-19,2026-04-20,0.0219633235792397,-0.0028224562527611598,0.0022013406450530145,2264.9169921875,2315.21240234375,2258.533376037369,ensemble
ETH,phase2_general,xgb,phase2_general_xgb,2026-04-20,2026-04-21,0.0054954065471357,-0.009447608515620159,0.003440978779969691,2315.21240234375,2327.970458984375,2293.4421821238934,ensemble
ETH,phase2_general,xgb,phase2_general_xgb,2026-04-21,2026-04-22,0.0204586542200399,0.00321719092316922,0.002861418551412362,2327.970458984375,2376.088134765625,2335.4720449612673,ensemble
ETH,phase2_general,xgb,phase2_general_xgb,2026-04-22,2026-04-23,-0.0189376886242059,-0.01583979520946738,0.00390391755245362,2376.088134765625,2331.513916015625,2338.747896887933,ensemble
ETH,phase2_general,xgb,phase2_general_xgb,2026-04-23,2026-04-24,-0.0068100265350662,-0.00035104623748335615,0.0019997320349781082,2331.513916015625,2315.690185546875,2330.695590471223,ensemble
ETH,phase2_general,xgb,phase2_general_xgb,2026-04-24,2026-04-25,0.0013545812633985,0.0038626652443781,0.0018816635358375612,2315.690185546875,2318.8291015625,2324.6522190681067,ensemble
ETH,phase2_general,xgb,phase2_general_xgb,2026-04-25,2026-04-26,0.021713243592728,0.0068278196267783,0.0017725383167926996,2318.8291015625,2369.72900390625,2334.715822527198,ensemble
ETH,phase2_general,xgb,phase2_general_xgb,2026-04-26,2026-04-27,-0.0285352092391055,-0.00254418659023938,0.0029873534511623205,2369.72900390625,2303.06396484375,2363.7076341440816,ensemble
ETH,phase2_general,xgb,phase2_general_xgb,2026-04-27,2026-04-28,-0.0059420254123551,0.00271523508708918,0.001594367659328767,2303.06396484375,2289.419677734375,2309.3258222892987,ensemble
ETH,phase2_general,xgb,phase2_general_xgb,2026-04-28,2026-04-29,-0.0158511839185899,0.0015924006467685,0.0035505612326730824,2289.419677734375,2253.415771484375,2293.0682553376046,ensemble
ETH,phase2_general,xgb,phase2_general_xgb,2026-04-29,2026-04-30,0.0012574984349416,0.00545073719695206,0.001151519859372563,2253.415771484375,2256.251220703125,2265.7320846496796,ensemble
ETH,phase2_general,xgb,phase2_general_xgb,2026-04-30,2026-05-01,0.0170690082206223,-0.00233625062101054,0.0021805911454638905,2256.251220703125,2295.09375,2250.986204980461,ensemble
ETH,phase2_general,xgb,phase2_general_xgb,2026-05-01,2026-05-02,0.0091680063840355,-0.0035836796276270803,0.0019333743995735891,2295.09375,2316.23193359375,2286.883589364094,ensemble
ETH,phase2_general,xgb,phase2_general_xgb,2026-05-02,2026-05-03,0.0023302997915724,0.0012283393996767402,0.002555581456496853,2316.23193359375,2321.6357421875,2319.0788006381003,ensemble
ETH,phase2_general,xgb,phase2_general_xgb,2026-05-03,2026-05-04,0.0106089499454062,0.00506885445211076,0.003117027934987411,2321.6357421875,2346.39697265625,2333.433651537557,ensemble
ETH,phase2_general,xgb,phase2_general_xgb,2026-05-04,2026-05-05,0.0062816540296977,0.01129833664745086,0.0028902388493375663,2346.39697265625,2361.1826171875,2373.0576827930154,ensemble
ETH,phase2_general,xgb,phase2_general_xgb,2026-05-05,2026-05-06,-0.0044060551410634,0.00278277311008424,0.0043813764978559286,2361.1826171875,2350.802001953125,2367.7624034627065,ensemble
ETH,phase2_general,xgb,phase2_general_xgb,2026-05-06,2026-05-07,-0.0257211497884926,0.0030530537944287004,0.0056472343281537525,2350.802001953125,2291.107666015625,2357.990094157796,ensemble
ETH,phase2_general,xgb,phase2_general_xgb,2026-05-07,2026-05-08,0.0069005173801773,-0.00027289302088319997,0.0026640149105499186,2291.107666015625,2306.97216796875,2290.4825240258,ensemble
ETH,phase2_general,xgb,phase2_general_xgb,2026-05-08,2026-05-09,0.0085267708032934,5.7576055405639955e-05,0.001490329562526097,2306.97216796875,2326.727294921875,2307.1049981499946,ensemble
ETH,phase2_general,xgb,phase2_general_xgb,2026-05-09,2026-05-10,0.0180237894016022,-0.0004492954503802979,0.0015888240269077622,2326.727294921875,2369.0439453125,2325.682141742857,ensemble
ETH,phase2_general,xgb,phase2_general_xgb,2026-05-10,2026-05-11,-0.0126087284649131,0.00565247968770558,0.0021192891631736086,2369.0439453125,2339.36083984375,2382.472835602466,ensemble
ETH,phase2_general,xgb,phase2_general_xgb,2026-05-11,2026-05-12,-0.0280543858235066,-0.00322487440425896,0.0012918520930314383,2339.36083984375,2274.6435546875,2331.828846343149,ensemble
ETH,phase2_general,xgb,phase2_general_xgb,2026-05-12,2026-05-13,-0.0075315052922758,-0.0009594364673830399,0.0033513955613446713,2274.6435546875,2257.576416015625,2272.4622253016446,ensemble
ETH,phase2_general,xgb,phase2_general_xgb,2026-05-13,2026-05-14,0.010293509698889,-0.00814915429800744,0.0036161534051185862,2257.576416015625,2280.934814453125,2239.2538356274717,ensemble
ETH,phase2_general,xgb,phase2_general_xgb,2026-05-14,2026-05-15,-0.025579807171991,-0.0008613230500486799,0.0024641382964702557,2280.934814453125,2223.328857421875,2278.971038565903,ensemble
ETH,phase2_general,xgb,phase2_general_xgb,2026-05-15,2026-05-16,-0.0197944707467758,-0.0006395204574800799,0.0021743633125193766,2223.328857421875,2179.751953125,2221.907447692593,ensemble
ETH,phase2_general,xgb,phase2_general_xgb,2026-05-16,2026-05-17,-0.024195229175847,0.00425796573981636,0.0013304873267894072,2179.751953125,2127.645263671875,2189.053050086192,ensemble
ETH,phase2_general,xgb,phase2_general_xgb,2026-05-17,2026-05-18,0.0004092183281597,-0.005947328079491799,0.0017417982160867602,2127.645263671875,2128.51611328125,2115.029012930313,ensemble
ETH,phase2_general,xgb,phase2_general_xgb,2026-05-18,2026-05-19,-0.0087542537236926,-0.003984897211193999,0.0013310239268430326,2128.51611328125,2109.9638671875,2120.05107271737,ensemble
ETH,phase2_general,xgb,phase2_general_xgb,2026-05-19,2026-05-20,0.0080339082480059,0.00354501524707298,0.002195197307567048,2109.9638671875,2126.9833984375,2117.4569950464474,ensemble
ETH,phase2_general,xgb,phase2_general_xgb,2026-05-20,2026-05-21,0.0020793039085529,-0.00284175566630436,0.002201483727452067,2126.9833984375,2131.41064453125,2120.947611490604,ensemble
ETH,phase2_general,xgb,phase2_general_xgb,2026-05-21,2026-05-22,-0.0318296288802969,0.00618637432344252,0.002742087601259779,2131.41064453125,2064.636962890625,2144.6372187016323,ensemble
ETH,phase2_general,xgb,phase2_general_xgb,2026-05-22,2026-05-23,0.0245501473754652,-0.0038109488901681803,0.0027429194707365083,2064.636962890625,2115.951416015625,2056.783710624414,ensemble
ETH,phase2_general,xgb,phase2_general_xgb,2026-05-23,2026-05-24,-0.0085229526741993,-0.0017289034964050602,0.0014290360107005748,2115.951416015625,2097.993896484375,2112.296300795455,ensemble
ETH,phase2_general,xgb,phase2_general_xgb,2026-05-24,2026-05-25,0.0063555962617687,0.004741665674373461,0.001282074521017451,2097.993896484375,2111.370361328125,2107.965504461052,ensemble
ETH,phase2_general,xgb,phase2_general_xgb,2026-05-25,2026-05-26,-0.0193741083637812,0.006346368882805061,0.002364059998802826,2111.370361328125,2070.858154296875,2124.812505776223,ensemble
ETH,phase2_general,xgb,phase2_general_xgb,2026-05-26,2026-05-27,-0.0237779302438843,-2.440382668285998e-05,0.001005868225671479,2070.858154296875,2022.1982421875,2070.8076180500343,ensemble
ETH,phase2_general,xgb,phase2_general_xgb,2026-05-27,2026-05-28,-0.0072687232435778,-0.00185173560166728,0.001829489817574958,2022.1982421875,2007.552734375,2018.4571305526135,ensemble
ETH,phase2_general,xgb,phase2_general_xgb,2026-05-28,2026-05-29,0.0022021388879798,0.00018773895790216285,0.0005835090021153624,2007.552734375,2011.978515625,2007.9296656145173,ensemble
ETH,phase2_general,xgb,phase2_general_xgb,2026-05-29,2026-05-30,0.0037107092790728,0.0033558853901922195,0.0016707734505674759,2011.978515625,2019.458251953125,2018.7418270325898,ensemble
ETH,phase2_general,xgb,phase2_general_xgb,2026-05-30,2026-05-31,-0.0075136791444324,-0.00668947864323848,0.0016924650668011683,2019.458251953125,2004.341552734375,2005.994213014863,ensemble
ETH,phase2_general,xgb,phase2_general_xgb,2026-05-31,2026-06-01,-0.0005591235515652,-0.0069158936385065,0.002932296791133883,2004.341552734375,2003.22119140625,1990.5275628425723,ensemble
ETH,phase2_general,xgb,phase2_general_xgb,2026-06-01,2026-06-02,-0.0754085383512764,-0.006066618487238841,0.0024691083627085032,2003.22119140625,1857.71630859375,1991.1052013965054,ensemble
ETH,phase2_general,xgb,phase2_general_xgb,2026-06-02,2026-06-03,-0.0250644830015835,0.0067171707749366,0.002437515192468542,1857.71630859375,1811.7322998046875,1870.2369107234856,ensemble
ETH,phase2_general,xgb,phase2_general_xgb,2026-06-03,2026-06-04,-0.0235409089196176,0.010774778807535721,0.003987578729060331,1811.7322998046875,1769.58056640625,1831.3588606395906,ensemble
ETH,phase2_general,xgb,phase2_general_xgb,2026-06-04,2026-06-05,-0.1127730163581579,0.00036707152612506014,0.004490726242031571,1769.58056640625,1580.86083984375,1770.2302482779253,ensemble
ETH,phase2_general,xgb,phase2_general_xgb,2026-06-05,2026-06-06,-0.0076791271868011,0.0007996841566636999,0.004036647311951178,1580.86083984375,1568.7677001953125,1582.1255348221343,ensemble
ETH,phase2_general,xgb,phase2_general_xgb,2026-06-06,2026-06-07,0.0723034430725498,0.0041621247772127,0.002877671860549812,1568.7677001953125,1686.396240234375,1575.3107140845623,ensemble
ETH,phase2_general,xgb,phase2_general_xgb,2026-06-07,2026-06-08,0.0022225802428663,0.01291276142001146,0.007593895302368622,1686.396240234375,1690.1485595703125,1708.313474011466,ensemble
ETH,phase2_general,xgb,phase2_general_xgb,2026-06-08,2026-06-09,-0.0315195419215522,-0.00935499221086496,0.003257650039927499,1690.1485595703125,1637.7066650390625,1674.4109602936387,ensemble
ETH,phase2_general,xgb,phase2_general_xgb,2026-06-09,2026-06-10,-0.0107857454824715,-0.0029416435863822525,0.004721944918642887,1637.7066650390625,1620.1376953125,1632.8961945451695,ensemble
ETH,phase2_general,xgb,phase2_general_xgb,2026-06-10,2026-06-11,0.0316772045187946,-0.00305580066051332,0.007574053619490607,1620.1376953125,1672.2806396484375,1615.1944341300812,ensemble
ETH,phase2_general,xgb,phase2_general_xgb,2026-06-11,2026-06-12,-0.0042864654394683,-0.00550724237691608,0.003651569850216181,1672.2806396484375,1665.1278076171875,1663.0962982539309,ensemble
ETH,phase2_general,xgb,phase2_general_xgb,2026-06-12,2026-06-13,0.0090196413020536,-0.00034581780273583543,0.0019882487380208968,1665.1278076171875,1680.214599609375,1664.5520763322845,ensemble
ETH,phase2_general,xgb,phase2_general_xgb,2026-06-13,2026-06-14,0.0260813174474448,-0.009723292477428879,0.0020026349987860553,1680.214599609375,1724.61328125,1663.9565506047209,ensemble
ETH,phase2_general,xgb,phase2_general_xgb,2026-06-14,2026-06-15,0.0399805553119012,-0.00783848259598012,0.0018564889205017706,1724.61328125,1794.961181640625,1711.1477735792464,ensemble
ETH,phase2_general,xgb,phase2_general_xgb,2026-06-15,2026-06-16,-0.002545346375384,-0.011335956212133121,0.003622769606439536,1794.961181640625,1790.398193359375,1774.7284754832733,ensemble
ETH,phase2_general,xgb,phase2_general_xgb,2026-06-16,2026-06-17,-0.0240312789660825,-0.00493189501576122,0.004806486681389606,1790.398193359375,1747.885498046875,1781.5898761353747,ensemble
ETH,phase2_general,xgb,phase2_general_xgb,2026-06-17,2026-06-18,-0.0221862751067949,-0.01544153355062002,0.0018961601614020974,1747.885498046875,1709.533447265625,1721.1027807724433,ensemble
ETH,phase2_general,xgb,phase2_general_xgb,2026-06-18,2026-06-19,0.0008472258287815,-0.01351670306175944,0.003795852744557504,1709.533447265625,1710.982421875,1686.5816569940637,ensemble
ETH,phase2_general,xgb,phase2_general_xgb,2026-06-19,2026-06-20,0.0164158122645686,-0.0050481772050260994,0.0016250323914160647,1710.982421875,1739.3013916015625,1702.3668441927962,ensemble
ETH,phase2_general,xgb,phase2_general_xgb,2026-06-20,2026-06-21,-0.0201644551603129,0.00075994270155206,0.0026288451492842576,1739.3013916015625,1704.58056640625,1740.6236633616606,ensemble
ETH,phase2_general,xgb,phase2_general_xgb,2026-06-21,2026-06-22,0.012783452112487,0.0043081909883767,0.003069057684033831,1704.58056640625,1726.5108642578125,1711.9400667248763,ensemble
ETH,phase2_general,xgb,phase2_general_xgb,2026-06-22,2026-06-23,-0.0360151185751902,0.00500214726198458,0.002729667530853747,1726.5108642578125,1665.436767578125,1735.1687618368064,ensemble
ETH,phase2_general,xgb,phase2_general_xgb,2026-06-23,2026-06-24,-0.027707605238555,-0.00699744774028654,0.0019079393776851444,1665.436767578125,1619.9249267578125,1653.8236393468567,ensemble
ETH,phase2_general,xgb,phase2_general_xgb,2026-06-24,2026-06-25,-0.0346111458341076,-0.0111043274402618,0.0014004687715062775,1619.9249267578125,1564.816650390625,1602.0362545938458,ensemble
ETH,phase2_general,xgb,phase2_general_xgb,2026-06-25,2026-06-26,0.0075121735497433,0.006730771707952899,0.005209760220353168,1564.816650390625,1576.6160888671875,1575.3845993582963,ensemble
ETH,phase2_general,xgb,phase2_general_xgb,2026-06-26,2026-06-27,-0.0031940978117993,-0.0093539727851748,0.0010196607003504215,1576.6160888671875,1571.5882568359375,1561.9372247562826,ensemble
ETH,phase2_general,xgb,phase2_general_xgb,2026-06-27,2026-06-28,-0.0007810761173124,-0.0044878540909848805,0.004643501971037331,1571.5882568359375,1570.3612060546875,1564.5510009483114,ensemble
ETH,phase2_general,xgb,phase2_general_xgb,2026-06-28,2026-06-29,0.0250563430147941,-0.00396962193772194,0.003941684844036415,1570.3612060546875,1610.205810546875,1564.1398222015575,ensemble
ETH,phase2_general,xgb,phase2_general_xgb,2026-06-29,2026-06-30,-0.025551475094469,-0.01943289935588832,0.003873472190985765,1610.205810546875,1569.5838623046875,1579.2169202889993,ensemble
ETH,phase2_general,xgb,phase2_general_xgb,2026-06-30,2026-07-01,0.0247779101060913,-0.0006093536794651002,0.0029362663752325042,1569.5838623046875,1608.960693359375,1568.6277219463714,ensemble
ETH,phase2_general,xgb,phase2_general_xgb,2026-07-01,2026-07-02,0.0539624286481777,-0.0053810825105756,0.0027860239210735238,1608.960693359375,1698.16943359375,1600.3259959572727,ensemble
ETH,phase2_general,xgb,phase2_general_xgb,2026-07-02,2026-07-03,0.0337829584823897,0.00783247814397324,0.0055979593355312,1698.16943359375,1756.5186767578125,1711.5225342364922,ensemble
ETH,phase2_general,xgb,phase2_general_xgb,2026-07-03,2026-07-04,0.0127361095972148,-0.011002392694354,0.0016298930419369644,1756.5186767578125,1779.032958984375,1737.2986952784713,ensemble
ETH,phase2_general,xgb,phase2_general_xgb,2026-07-04,2026-07-05,0.0022307583802167,-0.00294071963289746,0.0016588351538548403,1779.032958984375,1783.0059814453125,1773.8090066885115,ensemble
ETH,phase2_general,xgb,phase2_general_xgb,2026-07-05,2026-07-06,0.0081371345293737,-0.00602297740988428,0.003759174708885829,1783.0059814453125,1797.57373046875,1772.2992522580453,ensemble
ETH,phase2_general,xgb,phase2_general_xgb,2026-07-06,2026-07-07,-0.0162996101421938,-0.00242965308134444,0.0034827114991688806,1797.57373046875,1768.511474609375,1793.2115513524448,ensemble
ETH,phase2_general,xgb,phase2_general_xgb,2026-07-07,2026-07-08,-0.0147154299263924,0.00259458140353668,0.0018343717198544632,1768.511474609375,1742.6776123046875,1773.1059794242528,ensemble
ETH,phase2_general,xgb,phase2_general_xgb,2026-07-08,2026-07-09,0.0010363767887721,-0.01018320014700288,0.0029400226544889973,1742.6776123046875,1744.484619140625,1725.021627175362,ensemble
ETH,phase2_general,xgb,phase2_general_xgb,2026-07-09,2026-07-10,0.0289319871755302,-0.00275372206233438,0.0030745037518041998,1744.484619140625,1795.6932373046875,1739.68740149097,ensemble
ETH,phase2_general,xgb,phase2_general_xgb,2026-07-10,2026-07-11,-0.0042377668681416,-0.00291003307793286,0.0007790119136435318,1795.6932373046875,1788.099609375,1790.4753064442582,ensemble
ETH,phase2_general,xgb,phase2_general_xgb,2026-07-11,2026-07-12,0.0098437240641505,-0.00542685771360986,0.0020623494459077155,1788.099609375,1805.7880859375,1778.4221301194018,ensemble
ETH,phase2_general,xgb,phase2_general_xgb,2026-07-12,2026-07-13,-0.0180417009925125,0.00796978389844294,0.0032076635881986585,1805.7880859375,1773.500732421875,1820.2373289394006,ensemble
ETH,phase2_general,xgb,phase2_general_xgb,2026-07-13,2026-07-14,0.0633461757860125,0.00634423783048982,0.002064442174926312,1773.500732421875,1889.4798583984373,1784.7880095875307,ensemble
ETH,phase2_general,xgb,phase2_general_xgb,2026-07-14,2026-07-15,0.0144305241755588,-0.0019439132302067799,0.0026777236433556317,1889.4798583984373,1916.9437255859373,1885.8104411733318,ensemble
ETH,phase2_general,xgb,phase2_general_xgb,2026-07-15,2026-07-16,-0.0284402326891384,-0.00035490393056536,0.0026595158176563748,1916.9437255859373,1863.193359375,1916.2635154348222,ensemble
ETH,phase2_general,xgb,phase2_general_xgb,2026-07-16,2026-07-17,-0.011989404987594,0.0014324883290100202,0.001313741463013969,1863.193359375,1840.9881591796875,1865.8642746877686,ensemble
ETH,phase2_general,xgb,phase2_general_xgb,2026-07-17,2026-07-18,0.0110221726895365,-0.006631037127226539,0.0017038523601454294,1840.9881591796875,1861.39208984375,1828.8208837564716,ensemble
ETH,phase2_general,xgb,phase2_general_xgb,2026-07-18,2026-07-19,0.0054201709795738,0.00047244180459524003,0.0011113562761150759,1861.39208984375,1871.508544921875,1862.2716970469814,ensemble
ETH,phase2_general,xgb,phase2_general_xgb,2026-07-19,2026-07-20,0.0170854918812539,0.00639528646133834,0.0029057618225530294,1871.508544921875,1903.7589111328125,1883.5157319576808,ensemble
ETH,phase2_general,xgb,phase2_general_xgb,2026-07-20,2026-07-21,0.0128519310477648,-0.00527146402746432,0.0022931101398363327,1903.7589111328125,1928.3837890625,1893.7497192415299,ensemble
ETH,phase2_general,xgb,phase2_general_xgb,2026-07-21,2026-07-22,0.0026444810723667,0.0016272237982775065,0.0020647944132897783,1928.3837890625,1933.4901123046875,1931.5242554841657,ensemble
ETH,phase2_general,xgb,phase2_general_xgb,2026-07-22,2026-07-23,-0.0295985684211487,0.0023659715079702402,0.0022667092417736076,1933.4901123046875,1877.1002197265625,1938.070110757765,ensemble
ETH,phase2_general,xgb,phase2_general_xgb,2026-07-23,2026-07-24,-0.0090566354547485,0.001593299332307634,0.0022867421960752143,1877.1002197265625,1860.1767578125,1880.0933861251344,ensemble
ETH,phase2_general,xgb,phase2_general_xgb,2026-07-24,2026-07-25,0.0069886485747689,-0.00628610858693712,0.0018955883386851397,1860.1767578125,1873.222412109375,1848.520160424796,ensemble
ETH,phase2_general,xgb,phase2_general_xgb,2026-07-25,2026-07-26,0.0419170428366946,0.00363804069347676,0.0014605843613268534,1873.222412109375,1953.4112548828125,1880.0496828869161,ensemble
ETH,phase2_general,xgb,phase2_general_xgb,2026-07-26,2026-07-27,-0.0326758126996198,-0.00247265647631134,0.0029176306164535345,1953.4112548828125,1890.613525390625,1948.5871065812128,ensemble
ETH,phase2_general,xgb,phase2_general_xgb,2026-07-27,2026-07-28,0.015396962638548,0.00828025778755542,0.0007382730618471331,1890.613525390625,1919.948486328125,1906.333284771897,ensemble
ETH,phase2_general,xgb,phase2_general_xgb,2026-07-28,2026-07-29,-0.0059707845121414,0.0040410914225503195,0.0020724469251226702,1919.948486328125,1908.51904296875,1927.7228716088891,ensemble
ETH,phase2_general,xgb,phase2_general_xgb,2026-07-29,2026-07-30,0.0046284096447549,-0.00734569421038026,0.0013680759947758262,1908.51904296875,1917.3729248046875,1894.551010939043,ensemble
ETH,phase2_general,xgb,phase2_general_xgb,2026-07-30,2026-07-31,-0.0301935171908472,0.00202363654971116,0.0014928968662162008,1917.3729248046875,1860.345947265625,1921.2569193059176,ensemble
ETH,phase2_general,xgb,phase2_general_xgb,2026-07-31,2026-08-01,-0.0091411558801774,0.00622830945067104,0.0019461557554098568,1860.345947265625,1843.417724609375,1871.968915659441,ensemble
ETH,phase2_general,xgb,phase2_general_xgb,2026-08-01,2026-08-02,0.0209910449816346,0.0037685352843254403,0.0016123884652851652,1843.417724609375,1882.52197265625,1850.3778157857228,ensemble
ETH,phase2_general,xgb,phase2_general_xgb,2026-08-02,2026-08-03,-0.0129736864450064,0.00986064178869122,0.002550853811952179,1882.52197265625,1858.2564697265625,1901.1766699789935,ensemble
ETH,phase2_general,xgb,phase2_general_xgb,2026-08-03,2026-08-04,0.0054362176829138,0.007054895907640401,0.0013351339005111835,1858.2564697265625,1868.3858642578125,1871.4126287897193,ensemble
ETH,phase2_general,xgb,phase2_general_xgb,2026-08-04,2026-08-05,0.0202078543669882,-0.00351431488525118,0.0015694569857072744,1868.3858642578125,1906.5260009765625,1861.8312921647641,ensemble
ETH,phase2_general,xgb,phase2_general_xgb,2026-08-05,2026-08-06,-0.0023465458558861,-0.014811873994767622,0.002069850425848793,1906.5260009765625,1902.0574951171875,1878.4948872254834,ensemble
ETH,phase2_general,xgb,phase2_general_xgb,2026-08-06,2026-08-07,0.0058825505802162,0.00299330390989778,0.001589659624520826,1902.0574951171875,1913.2794189453125,1907.759460854936,ensemble
ETH,phase2_general,xgb,phase2_general_xgb,2026-08-07,2026-08-08,0.0011771484611133,0.00836923262104388,0.0010908932212973605,1913.2794189453125,1915.532958984375,1929.3592937195804,ensemble
ETH,phase2_general,xgb,phase2_general_xgb,2026-08-08,2026-08-09,-0.003582552655913,0.0021650029695592403,0.001026747010441769,1915.532958984375,1908.6827392578125,1919.6845860496885,ensemble
ETH,phase2_general,xgb,phase2_general_xgb,2026-08-09,2026-08-10,-0.0197913520463313,-0.0030970375286415,0.0028587928101057197,1908.6827392578125,1871.2786865234373,1902.7806214418304,ensemble
ETH,phase2_general,xgb,phase2_general_xgb,2026-08-10,2026-08-11,0.0053801271136948,0.013579024095088179,0.007146861914272786,1871.2786865234373,1881.37353515625,1896.8621308906013,ensemble
ETH,phase2_general,xgb,phase2_general_xgb,2026-08-11,2026-08-12,-0.0017228455012013,0.009950216114520979,0.0021725666170865107,1881.37353515625,1878.135009765625,1900.1870524829083,ensemble
ETH,phase2_general,xgb,phase2_general_xgb,2026-08-12,2026-08-13,0.0031133074431306,-0.0017949966597370602,0.0030017038279735683,1878.135009765625,1883.9913330078125,1874.766787574723,ensemble
ETH,phase2_general,xgb,phase2_general_xgb,2026-08-13,2026-08-14,-0.0017751010807604,0.00234622389543798,0.0023213831362598122,1883.9913330078125,1880.6500244140625,1888.4167880161667,ensemble
ETH,phase2_general,xgb,phase2_general_xgb,2026-08-14,2026-08-15,0.0001373371127861,0.00013608327135444003,0.001914389500645847,1880.6500244140625,1880.9083251953125,1880.9059668360037,ensemble
ETH,phase2_general,xgb,phase2_general_xgb,2026-08-15,2026-08-16,-0.003710048377518,0.00559296696446828,0.001633979383160981,1880.9083251953125,1873.9429931640625,1891.4576568533519,ensemble
ETH,phase2_general,xgb,phase2_general_xgb,2026-08-16,2026-08-17,0.0202107717270595,6.896082704770517e-05,0.0036384180715228736,1873.9429931640625,1912.2021484375,1874.0722262786715,ensemble
ETH,phase2_general,xgb,phase2_general_xgb,2026-08-17,2026-08-18,0.0022239875598747,0.0017568469978868802,0.0020731572461552294,1912.2021484375,1916.4595947265625,1915.5645477870967,ensemble
ETH,phase2_general,xgb,phase2_general_xgb,2026-08-18,2026-08-19,0.1610984870542504,-0.0019455985398963004,0.003150807204474076,1916.4595947265625,2251.4580078125,1912.7345586247407,ensemble
ETH,phase2_general,xgb,phase2_general_xgb,2026-08-19,2026-08-20,0.0327374500344778,0.00498879181686786,0.0025823006951506827,2251.4580078125,2326.384765625,2262.718126939457,ensemble
ETH,phase2_general,xgb,phase2_general_xgb,2026-08-20,2026-08-21,0.0780693605915992,0.00417190288426348,0.0028231187696059206,2326.384765625,2515.28173828125,2336.1104902217003,ensemble
ETH,phase2_general,xgb,phase2_general_xgb,2026-08-21,2026-08-22,-0.0368621187101773,0.0052663303213193405,0.0035814347440917826,2515.28173828125,2424.251220703125,2528.5629837837505,ensemble
ETH,phase2_general,xgb,phase2_general_xgb,2026-08-22,2026-08-23,0.0161886325230095,-0.00245774490758776,0.0030083748650784623,2424.251220703125,2463.81591796875,2418.3003454729014,ensemble
ETH,phase2_general,xgb,phase2_general_xgb,2026-08-23,2026-08-24,0.0072853803568115,-0.008032730268314438,0.003993883638639137,2463.81591796875,2481.831298828125,2444.1040254188665,ensemble
ETH,phase2_general,xgb,phase2_general_xgb,2026-08-24,2026-08-25,-0.0157046670742771,0.008373163267970041,0.0034173637313855533,2481.831298828125,2443.159423828125,2502.699321255161,ensemble
ETH,phase2_general,xgb,phase2_general_xgb,2026-08-25,2026-08-26,0.0254999480890524,0.00050810829270632,0.00407690807128068,2443.159423828125,2506.260986328125,2444.401128825364,ensemble
ETH,phase2_general,xgb,phase2_general_xgb,2026-08-26,2026-08-27,0.0016541530230063,-0.00694463092368094,0.004529028430886484,2506.260986328125,2510.41015625,2488.916224971091,ensemble
ETH,phase2_general,xgb,phase2_general_xgb,2026-08-27,2026-08-28,-0.0274093504142575,-0.00105556545313446,0.004183985196540888,2510.41015625,2442.535888671875,2507.7616520965257,ensemble
ETH,phase2_general,xgb,phase2_general_xgb,2026-08-28,2026-08-29,0.0061835722465449,0.003802561154589,0.0017921789961839938,2442.535888671875,2457.686279296875,2451.841462053957,ensemble
ETH,phase2_general,xgb,phase2_general_xgb,2026-08-29,2026-08-30,-0.0163049615873888,0.0007547936627815659,0.0013726857768868316,2457.686279296875,2417.938720703125,2459.542025590261,ensemble
ETH,phase2_general,xgb,phase2_general_xgb,2026-08-30,2026-08-31,0.0200145895501371,-0.00558829163201148,0.0026659825606486806,2417.938720703125,2466.8203125,2404.46425866139,ensemble
ETH,phase3_crypto,lstm,phase3_crypto_lstm,2025-10-31,2025-11-01,0.007021586687225155,0.0004989487875718624,0.0015186728398137233,3847.080322265625,3874.18798828125,3849.0002972728803,ensemble
ETH,phase3_crypto,lstm,phase3_crypto_lstm,2025-11-01,2025-11-02,0.009473174047530416,-0.000182541023241356,0.00213059403037189,3874.18798828125,3911.063232421875,3873.4808545840574,ensemble
ETH,phase3_crypto,lstm,phase3_crypto_lstm,2025-11-02,2025-11-03,-0.08223448305523949,-0.0008421008125878871,0.0029207976680160844,3911.063232421875,3602.30810546875,3907.771109240119,ensemble
ETH,phase3_crypto,lstm,phase3_crypto_lstm,2025-11-03,2025-11-04,-0.08990501013567212,-0.0014493934693746268,0.0038838668808557665,3602.30810546875,3292.574462890625,3597.090725557557,ensemble
ETH,phase3_crypto,lstm,phase3_crypto_lstm,2025-11-04,2025-11-05,0.039481668810072805,-0.0016441319196019322,0.003326916470209628,3292.574462890625,3425.171142578125,3287.1654838744957,ensemble
ETH,phase3_crypto,lstm,phase3_crypto_lstm,2025-11-05,2025-11-06,-0.03352136366985419,-0.002235856105107814,0.0031858683062064323,3425.171142578125,3312.2578125,3417.5215076961226,ensemble
ETH,phase3_crypto,lstm,phase3_crypto_lstm,2025-11-06,2025-11-07,0.03647448115981518,-0.002849352383054793,0.002944896456775307,3312.2578125,3435.301025390625,3302.833455841425,ensemble
ETH,phase3_crypto,lstm,phase3_crypto_lstm,2025-11-07,2025-11-08,-0.010218549741346181,-0.004199855355545878,0.003474461340920961,3435.301025390625,3400.3759765625,3420.9035128791193,ensemble
ETH,phase3_crypto,lstm,phase3_crypto_lstm,2025-11-08,2025-11-09,0.05220874290983875,-0.004928732558619231,0.003957215324154954,3400.3759765625,3582.621337890625,3383.6576666584265,ensemble
ETH,phase3_crypto,lstm,phase3_crypto_lstm,2025-11-09,2025-11-10,-0.003960630532174714,-0.002990801859414205,0.002002749052090008,3582.621337890625,3568.4599609375,3571.9224344568734,ensemble
ETH,phase3_crypto,lstm,phase3_crypto_lstm,2025-11-10,2025-11-11,-0.04387398640993172,-0.0027108419373689683,0.0021054329327495408,3568.4599609375,3415.2822265625,3558.7995298903143,ensemble
ETH,phase3_crypto,lstm,phase3_crypto_lstm,2025-11-11,2025-11-12,-0.0006408517068140884,-0.0015916894451947882,0.0015569728590527755,3415.2822265625,3413.09423828125,3409.850481862239,ensemble
ETH,phase3_crypto,lstm,phase3_crypto_lstm,2025-11-12,2025-11-13,-0.054283922809847215,-0.0009255609336833003,0.0016938778262850559,3413.09423828125,3232.757080078125,3409.936673076231,ensemble
ETH,phase3_crypto,lstm,phase3_crypto_lstm,2025-11-13,2025-11-14,-0.04071281618360177,-0.00014550664054695516,0.0020839660237642332,3232.757080078125,3103.78564453125,3232.2867266763,ensemble
ETH,phase3_crypto,lstm,phase3_crypto_lstm,2025-11-14,2025-11-15,0.020045814386644864,0.00011536922247614711,0.0028267613294316925,3103.78564453125,3166.63134765625,3104.143746524369,ensemble
ETH,phase3_crypto,lstm,phase3_crypto_lstm,2025-11-15,2025-11-16,-0.023576197316441422,0.00028362053562887014,0.00323013238964583,3166.63134765625,3092.847412109375,3167.5295967101288,ensemble
ETH,phase3_crypto,lstm,phase3_crypto_lstm,2025-11-16,2025-11-17,-0.022333536068642135,0.0003612572676502168,0.003805094756656854,3092.847412109375,3024.538818359375,3093.9649275578677,ensemble
ETH,phase3_crypto,lstm,phase3_crypto_lstm,2025-11-17,2025-11-18,0.032028732106195945,0.00044343386543914675,0.00473036830175513,3024.538818359375,3122.97900390625,3025.8802987056965,ensemble
ETH,phase3_crypto,lstm,phase3_crypto_lstm,2025-11-18,2025-11-19,-0.03251421900082368,0.0002970485249534249,0.005593136915230438,3122.97900390625,3023.07080078125,3123.906818008904,ensemble
ETH,phase3_crypto,lstm,phase3_crypto_lstm,2025-11-19,2025-11-20,-0.06536849882670856,-4.041257780045271e-05,0.006154182913069179,3023.07080078125,2831.777587890625,3022.9486331658877,ensemble
ETH,phase3_crypto,lstm,phase3_crypto_lstm,2025-11-20,2025-11-21,-0.02361115238578957,-0.0007502097403630614,0.006124771723712524,2831.777587890625,2765.69921875,2829.653957445371,ensemble
ETH,phase3_crypto,lstm,phase3_crypto_lstm,2025-11-21,2025-11-22,0.0006897153274086759,-0.0013800176326185464,0.0058141125968481575,2765.69921875,2767.607421875,2761.885137416662,ensemble
ETH,phase3_crypto,lstm,phase3_crypto_lstm,2025-11-22,2025-11-23,0.012234618260287876,-0.0021069275913760065,0.005403186715030923,2767.607421875,2801.676025390625,2761.7824120275764,ensemble
ETH,phase3_crypto,lstm,phase3_crypto_lstm,2025-11-23,2025-11-24,0.05250671846439223,-0.0026822515996173025,0.004920246106513604,2801.676025390625,2952.71337890625,2794.1712946772736,ensemble
ETH,phase3_crypto,lstm,phase3_crypto_lstm,2025-11-24,2025-11-25,0.0017672851723719149,-0.0030982263502664863,0.0041975072614003775,2952.71337890625,2957.936279296875,2943.5793614441873,ensemble
ETH,phase3_crypto,lstm,phase3_crypto_lstm,2025-11-25,2025-11-26,0.023348428095094007,-0.003126393957063556,0.003629732787906136,2957.936279296875,3027.81201171875,2948.7030460709116,ensemble
ETH,phase3_crypto,lstm,phase3_crypto_lstm,2025-11-26,2025-11-27,-0.004392260426713515,-0.0029468573164194824,0.003135585322728155,3027.81201171875,3014.542236328125,3018.90261554633,ensemble
ETH,phase3_crypto,lstm,phase3_crypto_lstm,2025-11-27,2025-11-28,0.005874882913213043,-0.002661149494815618,0.0025991198322514084,3014.542236328125,3032.304443359375,3006.530753383636,ensemble
ETH,phase3_crypto,lstm,phase3_crypto_lstm,2025-11-28,2025-11-29,-0.013485997805236051,-0.0024458967207465323,0.0022997872538436078,3032.304443359375,2991.685302734375,3024.8968027199935,ensemble
ETH,phase3_crypto,lstm,phase3_crypto_lstm,2025-11-29,2025-11-30,0.00014280097860070945,-0.002388709201477468,0.0023165077299374124,2991.685302734375,2992.112548828125,2984.547564907774,ensemble
ETH,phase3_crypto,lstm,phase3_crypto_lstm,2025-11-30,2025-12-01,-0.0662927736435053,-0.002501128055155277,0.0026377539682046884,2992.112548828125,2800.18896484375,2984.6382431822217,ensemble
ETH,phase3_crypto,lstm,phase3_crypto_lstm,2025-12-01,2025-12-02,0.06823838280892502,-0.002591687417589128,0.0028988717820581933,2800.18896484375,2997.939697265625,2792.9411464334535,ensemble
ETH,phase3_crypto,lstm,phase3_crypto_lstm,2025-12-02,2025-12-03,0.06258823046337834,-0.002601437293924391,0.00296276387794675,2997.939697265625,3191.57177734375,2990.1508805838694,ensemble
ETH,phase3_crypto,lstm,phase3_crypto_lstm,2025-12-03,2025-12-04,-0.01810241754529839,-0.002629275107756257,0.0030412334761440044,3191.57177734375,3134.31640625,3183.1912792603894,ensemble
ETH,phase3_crypto,lstm,phase3_crypto_lstm,2025-12-04,2025-12-05,-0.03568750802814642,-0.002119519584812224,0.0026805458002922755,3134.31640625,3024.432861328125,3127.6801965145614,ensemble
ETH,phase3_crypto,lstm,phase3_crypto_lstm,2025-12-05,2025-12-06,0.005202266348911221,-0.0024510596878826616,0.002903481377809787,3024.432861328125,3040.207763671875,3017.028873377954,ensemble
ETH,phase3_crypto,lstm,phase3_crypto_lstm,2025-12-06,2025-12-07,0.006914380156550823,-0.0028375300113111734,0.003108686505882699,3040.207763671875,3061.3017578125,3031.593310566437,ensemble
ETH,phase3_crypto,lstm,phase3_crypto_lstm,2025-12-07,2025-12-08,0.020657404003744346,-0.0035197834949940443,0.0035981822378705866,3061.3017578125,3125.197998046875,3050.545579226827,ensemble
ETH,phase3_crypto,lstm,phase3_crypto_lstm,2025-12-08,2025-12-09,0.06080292642241868,-0.004144856473430991,0.0038681417085435657,3125.197998046875,3321.114990234375,3112.2713090357574,ensemble
ETH,phase3_crypto,lstm,phase3_crypto_lstm,2025-12-09,2025-12-10,0.001286434597521452,-0.003976456448435783,0.0036546965405847955,3321.114990234375,3325.39013671875,3307.9349434236565,ensemble
ETH,phase3_crypto,lstm,phase3_crypto_lstm,2025-12-10,2025-12-11,-0.02692245348848621,-0.0035168396309018133,0.003295679251574936,3325.39013671875,3237.056884765625,3313.7158132918635,ensemble
ETH,phase3_crypto,lstm,phase3_crypto_lstm,2025-12-11,2025-12-12,-0.048381125268667786,-0.002349524665623903,0.0025740098104771124,3237.056884765625,3084.172607421875,3229.4602674852904,ensemble
ETH,phase3_crypto,lstm,phase3_crypto_lstm,2025-12-12,2025-12-13,0.010489822947687412,-0.001703687128610909,0.002235522522033254,3084.172607421875,3116.6953125,3078.9226156897294,ensemble
ETH,phase3_crypto,lstm,phase3_crypto_lstm,2025-12-13,2025-12-14,-0.01816399360114702,-0.0008515745052136481,0.00225936567087606,3116.6953125,3060.5947265625,3114.042343991852,ensemble
ETH,phase3_crypto,lstm,phase3_crypto_lstm,2025-12-14,2025-12-15,-0.03200777016588088,-0.0008149055298417807,0.0023863362313597427,3060.5947265625,2964.18310546875,3058.101646945368,ensemble
ETH,phase3_crypto,lstm,phase3_crypto_lstm,2025-12-15,2025-12-16,-7.412721688312701e-07,-0.0007883863989263773,0.002952317604098701,2964.18310546875,2964.180908203125,2961.8471047810517,ensemble
ETH,phase3_crypto,lstm,phase3_crypto_lstm,2025-12-16,2025-12-17,-0.045828192848759323,-0.0007184105459600687,0.003294107082437913,2964.180908203125,2831.403564453125,2962.0521741226007,ensemble
ETH,phase3_crypto,lstm,phase3_crypto_lstm,2025-12-17,2025-12-18,-0.0015320294953636582,-0.00039206468500196934,0.003724676658990515,2831.403564453125,2827.069091796875,2830.2936886922766,ensemble
ETH,phase3_crypto,lstm,phase3_crypto_lstm,2025-12-18,2025-12-19,0.05200157806139122,-0.00014038451481610537,0.0038719937144260953,2827.069091796875,2977.970703125,2826.672242930441,ensemble
ETH,phase3_crypto,lstm,phase3_crypto_lstm,2025-12-19,2025-12-20,-0.0001303602133292682,0.0004064491506142076,0.0035256152437335877,2977.970703125,2977.58251953125,2979.1813428029072,ensemble
ETH,phase3_crypto,lstm,phase3_crypto_lstm,2025-12-20,2025-12-21,0.008038330984924418,0.0007936641573905945,0.002725385563975664,2977.58251953125,3001.61376953125,2979.946658094597,ensemble
ETH,phase3_crypto,lstm,phase3_crypto_lstm,2025-12-21,2025-12-22,0.0014847515809792915,0.000558093492873013,0.0019509262306775257,3001.61376953125,3006.07373046875,3003.289418184956,ensemble
ETH,phase3_crypto,lstm,phase3_crypto_lstm,2025-12-22,2025-12-23,-0.014306326840175283,0.0004751929664053023,0.0018048514373867435,3006.07373046875,2963.3740234375,3007.502535014013,ensemble
ETH,phase3_crypto,lstm,phase3_crypto_lstm,2025-12-23,2025-12-24,-0.0060191597554604985,0.0009541180705127772,0.0015967093078496637,2963.3740234375,2945.590576171875,2966.202781412906,ensemble
ETH,phase3_crypto,lstm,phase3_crypto_lstm,2025-12-24,2025-12-25,-0.014365015056822026,0.0013131380430422724,0.0013476288338832134,2945.590576171875,2903.57958984375,2949.4610839159855,ensemble
ETH,phase3_crypto,lstm,phase3_crypto_lstm,2025-12-25,2025-12-26,0.007605038907991378,0.001599480604636483,0.0012990440257385904,2903.57958984375,2925.74560546875,2908.22752523206,ensemble
ETH,phase3_crypto,lstm,phase3_crypto_lstm,2025-12-26,2025-12-27,0.0075770385642638756,0.002004901703912765,0.0014895563113016261,2925.74560546875,2947.998291015625,2931.6173219587226,ensemble
ETH,phase3_crypto,lstm,phase3_crypto_lstm,2025-12-27,2025-12-28,0.00019327323098403297,0.002394475438632071,0.001857986935603628,2947.998291015625,2948.568115234375,2955.065658458734,ensemble
ETH,phase3_crypto,lstm,phase3_crypto_lstm,2025-12-28,2025-12-29,-0.00476952504017534,0.0028565615299157797,0.002349488117879137,2948.568115234375,2934.538330078125,2957.002923018775,ensemble
ETH,phase3_crypto,lstm,phase3_crypto_lstm,2025-12-29,2025-12-30,0.012488715813386491,0.0035699527128599585,0.003201597277054889,2934.538330078125,2971.416748046875,2945.0332151261955,ensemble
ETH,phase3_crypto,lstm,phase3_crypto_lstm,2025-12-30,2025-12-31,-0.0014748454494985343,0.0043884605634957555,0.004067062332285378,2971.416748046875,2967.03759765625,2984.4853478071673,ensemble
ETH,phase3_crypto,lstm,phase3_crypto_lstm,2025-12-31,2026-01-01,0.01117969589667102,0.005393357202410698,0.0045369370903564615,2967.03759765625,3000.394287109375,2983.0831219807474,ensemble
ETH,phase3_crypto,lstm,phase3_crypto_lstm,2026-01-01,2026-01-02,0.04050579142356504,0.005546982865780592,0.004702735499316017,3000.394287109375,3124.422607421875,3017.0836678721553,ensemble
ETH,phase3_crypto,lstm,phase3_crypto_lstm,2026-01-02,2026-01-03,0.0004783333560596635,0.005359483137726784,0.004752252148130701,3124.422607421875,3125.91748046875,3141.212851024909,ensemble
ETH,phase3_crypto,lstm,phase3_crypto_lstm,2026-01-03,2026-01-04,0.004721198192569982,0.005102555453777313,0.0044285638311424595,3125.91748046875,3140.71044921875,3141.908410364981,ensemble
ETH,phase3_crypto,lstm,phase3_crypto_lstm,2026-01-04,2026-01-05,0.02683435946003148,0.004407146060839295,0.003630168871677428,3140.71044921875,3226.13037109375,3154.58256466965,ensemble
ETH,phase3_crypto,lstm,phase3_crypto_lstm,2026-01-05,2026-01-06,0.021410072765534124,0.004064298025332392,0.0029968467568615327,3226.13037109375,3295.94677734375,3239.2690079725157,ensemble
ETH,phase3_crypto,lstm,phase3_crypto_lstm,2026-01-06,2026-01-07,-0.039957957746070624,0.004578760894946754,0.0028407496590497606,3295.94677734375,3166.843994140625,3311.0727321986124,ensemble
ETH,phase3_crypto,lstm,phase3_crypto_lstm,2026-01-07,2026-01-08,-0.01992066167813984,0.0052252189256250855,0.0030065571535737813,3166.843994140625,3104.382568359375,3183.434754743467,ensemble
ETH,phase3_crypto,lstm,phase3_crypto_lstm,2026-01-08,2026-01-09,-0.006896412519137501,0.0055293036624789235,0.0028047385461324997,3104.382568359375,3083.047119140625,3121.5951853035876,ensemble
ETH,phase3_crypto,lstm,phase3_crypto_lstm,2026-01-09,2026-01-10,-0.00021121695136130524,0.005616657342761755,0.0025575166913790926,3083.047119140625,3082.39599609375,3100.4122597514347,ensemble
ETH,phase3_crypto,lstm,phase3_crypto_lstm,2026-01-10,2026-01-11,0.011768432191719677,0.005236508324742317,0.0022509767222898508,3082.39599609375,3118.88525390625,3098.5793234714542,ensemble
ETH,phase3_crypto,lstm,phase3_crypto_lstm,2026-01-11,2026-01-12,-0.008552349240195838,0.004974892875179648,0.00228011340981487,3118.88525390625,3092.3251953125,3134.440033534436,ensemble
ETH,phase3_crypto,lstm,phase3_crypto_lstm,2026-01-12,2026-01-13,0.07167244785080332,0.004977966798469425,0.002591476892009175,3092.3251953125,3322.095458984375,3107.757065265974,ensemble
ETH,phase3_crypto,lstm,phase3_crypto_lstm,2026-01-13,2026-01-14,0.009773355035415114,0.005832838406786322,0.0033969898498024255,3322.095458984375,3354.72265625,3341.5293271767114,ensemble
ETH,phase3_crypto,lstm,phase3_crypto_lstm,2026-01-14,2026-01-15,-0.01127779653171091,0.006881868094205856,0.004193229896912155,3354.72265625,3317.101318359375,3377.889037623249,ensemble
ETH,phase3_crypto,lstm,phase3_crypto_lstm,2026-01-15,2026-01-16,-0.006538811242779367,0.007465629000216722,0.004779115488416482,3317.101318359375,3295.482177734375,3341.9582369734067,ensemble
ETH,phase3_crypto,lstm,phase3_crypto_lstm,2026-01-16,2026-01-17,0.004052512545503773,0.007562720682471991,0.005062178983180267,3295.482177734375,3308.8642578125,3320.499469114095,ensemble
ETH,phase3_crypto,lstm,phase3_crypto_lstm,2026-01-17,2026-01-18,-0.008408684018054191,0.006806944846175611,0.004786752795326824,3308.8642578125,3281.15771484375,3331.464345831667,ensemble
ETH,phase3_crypto,lstm,phase3_crypto_lstm,2026-01-18,2026-01-19,-0.029235184793820444,0.005765887844609097,0.004356832864710264,3281.15771484375,3186.62109375,3300.1311490097064,ensemble
ETH,phase3_crypto,lstm,phase3_crypto_lstm,2026-01-19,2026-01-20,-0.08204732940901807,0.004925157560501247,0.004078832798499964,3186.62109375,2935.605712890625,3202.3544174676435,ensemble
ETH,phase3_crypto,lstm,phase3_crypto_lstm,2026-01-20,2026-01-21,0.014640674097217414,0.004367537912912667,0.003997046441948911,2935.605712890625,2978.901123046875,2948.455121853826,ensemble
ETH,phase3_crypto,lstm,phase3_crypto_lstm,2026-01-21,2026-01-22,-0.009873624051331843,0.004051048494875431,0.0038125882495239796,2978.901123046875,2949.63330078125,2990.993272362408,ensemble
ETH,phase3_crypto,lstm,phase3_crypto_lstm,2026-01-22,2026-01-23,0.0012275504187740749,0.003812680742703378,0.0034534505690485733,2949.63330078125,2953.25634765625,2960.9007768605406,ensemble
ETH,phase3_crypto,lstm,phase3_crypto_lstm,2026-01-23,2026-01-24,-0.0015302026847261398,0.0035889375023543833,0.003132378582659306,2953.25634765625,2948.74072265625,2963.8744425587483,ensemble
ETH,phase3_crypto,lstm,phase3_crypto_lstm,2026-01-24,2026-01-25,-0.046095446910964524,0.0034818490967154503,0.0029815758498085766,2948.74072265625,2815.90234375,2959.0256878356204,ensemble
ETH,phase3_crypto,lstm,phase3_crypto_lstm,2026-01-25,2026-01-26,0.0385097283715548,0.0034813103964552285,0.002856498889002124,2815.90234375,2926.45703125,2825.722457368595,ensemble
ETH,phase3_crypto,lstm,phase3_crypto_lstm,2026-01-26,2026-01-27,0.03219617504335294,0.003441865567583591,0.002542388751668256,2926.45703125,3022.2109375,2936.5468568918955,ensemble
ETH,phase3_crypto,lstm,phase3_crypto_lstm,2026-01-27,2026-01-28,-0.005176321307197195,0.0035692353470949457,0.0020663063311762847,3022.2109375,3006.607421875,3033.0171931672153,ensemble
ETH,phase3_crypto,lstm,phase3_crypto_lstm,2026-01-28,2026-01-29,-0.06470236643237812,0.0036882928339764475,0.0018378488122886185,3006.607421875,2818.232666015625,3017.717145847077,ensemble
ETH,phase3_crypto,lstm,phase3_crypto_lstm,2026-01-29,2026-01-30,-0.04197886796827195,0.0036574652418494224,0.0017824493138051036,2818.232666015625,2702.375244140625,2828.559126859361,ensemble
ETH,phase3_crypto,lstm,phase3_crypto_lstm,2026-01-30,2026-01-31,-0.10004843937927187,0.0036959165474399923,0.0018244451156046594,2702.375244140625,2445.091796875,2712.381477233811,ensemble
ETH,phase3_crypto,lstm,phase3_crypto_lstm,2026-01-31,2026-02-01,-0.07519978220290023,0.004183842777274549,0.0016499775741509693,2445.091796875,2267.96484375,2455.343106509313,ensemble
ETH,phase3_crypto,lstm,phase3_crypto_lstm,2026-02-01,2026-02-02,0.03312814665299069,0.004540023463778198,0.0021303390283292562,2267.96484375,2344.356689453125,2278.2848662014953,ensemble
ETH,phase3_crypto,lstm,phase3_crypto_lstm,2026-02-02,2026-02-03,-0.05110473707553693,0.0052048366516828535,0.0036289554408194275,2344.356689453125,2227.558837890625,2356.590492931245,ensemble
ETH,phase3_crypto,lstm,phase3_crypto_lstm,2026-02-03,2026-02-04,-0.03846435100865618,0.005632347567006946,0.004826837836064029,2227.558837890625,2143.504150390625,2240.1406227228426,ensemble
ETH,phase3_crypto,lstm,phase3_crypto_lstm,2026-02-04,2026-02-05,-0.16268108635736284,0.00560360566014424,0.005436406193339113,2143.504150390625,1821.68310546875,2155.549218768656,ensemble
ETH,phase3_crypto,lstm,phase3_crypto_lstm,2026-02-05,2026-02-06,0.12458793243377704,0.005271064941189252,0.005565988230399314,1821.68310546875,2063.386962890625,1831.3106668795497,ensemble
ETH,phase3_crypto,lstm,phase3_crypto_lstm,2026-02-06,2026-02-07,0.013078072860626821,0.00457312457729131,0.005097440679424793,2063.386962890625,2090.54931640625,2072.8446977400945,ensemble
ETH,phase3_crypto,lstm,phase3_crypto_lstm,2026-02-07,2026-02-08,-0.00085486651992098,0.0037518142024055125,0.004450456738055287,2090.54931640625,2088.762939453125,2098.4074008411626,ensemble
ETH,phase3_crypto,lstm,phase3_crypto_lstm,2026-02-08,2026-02-09,0.007062777520560773,0.0030068769585341213,0.003880181650532253,2088.762939453125,2103.567626953125,2095.0530446545736,ensemble
ETH,phase3_crypto,lstm,phase3_crypto_lstm,2026-02-09,2026-02-10,-0.04078608660125574,0.0022778494050726293,0.003370385404206395,2103.567626953125,2019.4974365234373,2108.3646986499925,ensemble
ETH,phase3_crypto,lstm,phase3_crypto_lstm,2026-02-10,2026-02-11,-0.03984048759789168,-0.0042677615536376836,0.0018016897889222873,2019.4974365234373,1940.621337890625,2010.8970682205381,ensemble
ETH,phase3_crypto,lstm,phase3_crypto_lstm,2026-02-11,2026-02-12,0.003251056309532056,-0.004223515000194311,0.0016760825543387784,1940.621337890625,1946.940673828125,1932.4423786968403,ensemble
ETH,phase3_crypto,lstm,phase3_crypto_lstm,2026-02-12,2026-02-13,0.05086191072713562,-0.004205640405416489,0.001378047703710872,1946.940673828125,2048.52734375,1938.7697355210305,ensemble
ETH,phase3_crypto,lstm,phase3_crypto_lstm,2026-02-13,2026-02-14,0.018131871977993777,-0.004228896833956242,0.0010597809823729841,2048.52734375,2086.009765625,2039.8826246475624,ensemble
ETH,phase3_crypto,lstm,phase3_crypto_lstm,2026-02-14,2026-02-15,-0.05923016066341757,-0.004162394441664219,0.0007422579440682617,2086.009765625,1966.04296875,2077.345015734806,ensemble
ETH,phase3_crypto,lstm,phase3_crypto_lstm,2026-02-15,2026-02-16,0.016082623092426845,-0.004069376504048705,0.0005404092384609302,1966.04296875,1997.917724609375,1958.0586562920091,ensemble
ETH,phase3_crypto,lstm,phase3_crypto_lstm,2026-02-16,2026-02-17,-0.002868787898831094,-0.003969736956059932,0.0005265969204644017,1997.917724609375,1992.1943359375,1990.0022383768226,ensemble
ETH,phase3_crypto,lstm,phase3_crypto_lstm,2026-02-17,2026-02-18,-0.019371403139241388,-0.003914797399193049,0.0006835881923188427,1992.1943359375,1953.97412109375,1984.410544656378,ensemble
ETH,phase3_crypto,lstm,phase3_crypto_lstm,2026-02-18,2026-02-19,-0.002958901252870125,-0.003835687460377812,0.0009514133991058543,1953.97412109375,1948.2010498046875,1946.4936426196832,ensemble
ETH,phase3_crypto,lstm,phase3_crypto_lstm,2026-02-19,2026-02-20,0.010630736664791151,-0.0037400111788883804,0.0012878659786148762,1948.2010498046875,1969.0223388671875,1940.9283645391258,ensemble
ETH,phase3_crypto,lstm,phase3_crypto_lstm,2026-02-20,2026-02-21,0.0023916477643178046,-0.0035360806505195796,0.0016298390624168277,1969.0223388671875,1973.7371826171875,1962.072012773247,ensemble
ETH,phase3_crypto,lstm,phase3_crypto_lstm,2026-02-21,2026-02-22,-0.008104381025179103,-0.0032715085850213653,0.001937724622548401,1973.7371826171875,1957.805908203125,1967.2906351969518,ensemble
ETH,phase3_crypto,lstm,phase3_crypto_lstm,2026-02-22,2026-02-23,-0.053668696967508325,-0.0029348320327699184,0.0023057579650579444,1957.805908203125,1855.5028076171875,1952.0684999926234,ensemble
ETH,phase3_crypto,lstm,phase3_crypto_lstm,2026-02-23,2026-02-24,-0.001366236763411363,-0.0026051561580970883,0.002558427727398737,1855.5028076171875,1852.969482421875,1850.6752240863748,ensemble
ETH,phase3_crypto,lstm,phase3_crypto_lstm,2026-02-24,2026-02-25,0.10330529755605292,-0.002283902233466506,0.0027745340813367407,1852.969482421875,2054.6279296875,1848.742310343786,ensemble
ETH,phase3_crypto,lstm,phase3_crypto_lstm,2026-02-25,2026-02-26,-0.013640230652308093,-0.0020638472866266965,0.002957721325273408,2054.6279296875,2026.7926025390625,2050.3918642095227,ensemble
ETH,phase3_crypto,lstm,phase3_crypto_lstm,2026-02-26,2026-02-27,-0.04853988358482078,-0.0020235962234437465,0.0031022954499231223,2026.7926025390625,1930.7618408203125,2022.695339683852,ensemble
ETH,phase3_crypto,lstm,phase3_crypto_lstm,2026-02-27,2026-02-28,0.017603302415937827,-0.002104984922334552,0.003153715473049426,1930.7618408203125,1965.050537109375,1926.7018908226555,ensemble
ETH,phase3_crypto,lstm,phase3_crypto_lstm,2026-02-28,2026-03-01,-0.013311214361673498,-0.002250342117622495,0.0030960838085213353,1965.050537109375,1939.066650390625,1960.6334729392458,ensemble
ETH,phase3_crypto,lstm,phase3_crypto_lstm,2026-03-01,2026-03-02,0.04448277882265156,-0.002348150219768286,0.003102654353725799,1939.066650390625,2027.2689208984373,1934.5187722495707,ensemble
ETH,phase3_crypto,lstm,phase3_crypto_lstm,2026-03-02,2026-03-03,-0.02219521539096451,-0.0024570546578615905,0.0031591683441066173,2027.2689208984373,1982.7689208984373,2022.2939247751906,ensemble
ETH,phase3_crypto,lstm,phase3_crypto_lstm,2026-03-03,2026-03-04,0.06998564880773499,-0.0026230514515191315,0.003196547155547448,1982.7689208984373,2126.50537109375,1977.574831162875,ensemble
ETH,phase3_crypto,lstm,phase3_crypto_lstm,2026-03-04,2026-03-05,-0.026156066067129717,-0.0027163655031472445,0.0032355328391213837,2126.50537109375,2071.60546875,2120.7368435230933,ensemble
ETH,phase3_crypto,lstm,phase3_crypto_lstm,2026-03-05,2026-03-06,-0.04585794631276462,-0.002877630526199937,0.0032176089713288904,2071.60546875,1978.751220703125,2065.652722624635,ensemble
ETH,phase3_crypto,lstm,phase3_crypto_lstm,2026-03-06,2026-03-07,-0.004708868776353749,-0.0032243676949292423,0.0031267475797284628,1978.751220703125,1969.4554443359373,1972.3812742343805,ensemble
ETH,phase3_crypto,lstm,phase3_crypto_lstm,2026-03-07,2026-03-08,-0.016820776457913442,-0.0034666535910218956,0.0030605890262340326,1969.4554443359373,1936.604736328125,1962.6398450340137,ensemble
ETH,phase3_crypto,lstm,phase3_crypto_lstm,2026-03-08,2026-03-09,0.028673744603590037,-0.0034591427771374582,0.003052463504769779,1936.604736328125,1992.938232421875,1929.9173170795668,ensemble
ETH,phase3_crypto,lstm,phase3_crypto_lstm,2026-03-09,2026-03-10,0.021927234478122906,-0.003347437200136483,0.0029221029529348987,1992.938232421875,2037.1204833984373,1986.2781501676754,ensemble
ETH,phase3_crypto,lstm,phase3_crypto_lstm,2026-03-10,2026-03-11,0.007069651069372434,-0.0031610569451004265,0.002740912419753473,2037.1204833984373,2051.5732421875,2030.691196570876,ensemble
ETH,phase3_crypto,lstm,phase3_crypto_lstm,2026-03-11,2026-03-12,0.010455613837732266,-0.002930114301852882,0.002592296753423853,2051.5732421875,2073.13623046875,2045.5706964564204,ensemble
ETH,phase3_crypto,lstm,phase3_crypto_lstm,2026-03-12,2026-03-13,0.00932731032254328,-0.002840873482637107,0.002458825400497483,2073.13623046875,2092.5634765625,2067.255070496778,ensemble
ETH,phase3_crypto,lstm,phase3_crypto_lstm,2026-03-13,2026-03-14,0.0021592233043722896,-0.002860263385809958,0.0023719955003999936,2092.5634765625,2097.086669921875,2086.5867454552704,ensemble
ETH,phase3_crypto,lstm,phase3_crypto_lstm,2026-03-14,2026-03-15,0.03761747257489843,-0.002868892904371023,0.002383691971242748,2097.086669921875,2177.476318359375,2091.0789746923438,ensemble
ETH,phase3_crypto,lstm,phase3_crypto_lstm,2026-03-15,2026-03-16,0.0767490852405507,-0.00279588857665658,0.0024129824879541083,2177.476318359375,2351.176025390625,2171.3968399273535,ensemble
ETH,phase3_crypto,lstm,phase3_crypto_lstm,2026-03-16,2026-03-17,-0.014187828746907258,-0.0025822076248005034,0.0023940936242870183,2351.176025390625,2318.053466796875,2345.1126325693226,ensemble
ETH,phase3_crypto,lstm,phase3_crypto_lstm,2026-03-17,2026-03-18,-0.05060291819156262,-0.0022278186166658997,0.002254569210041757,2318.053466796875,2203.671630859375,2312.8950123131103,ensemble
ETH,phase3_crypto,lstm,phase3_crypto_lstm,2026-03-18,2026-03-19,-0.030523607148640667,-0.0019469959661364555,0.0021102862696895292,2203.671630859375,2137.423828125,2199.3852652057813,ensemble
ETH,phase3_crypto,lstm,phase3_crypto_lstm,2026-03-19,2026-03-20,0.004235958585431247,-0.001682105171494186,0.0019862915776855576,2137.423828125,2146.4970703125,2133.8314786518886,ensemble
ETH,phase3_crypto,lstm,phase3_crypto_lstm,2026-03-20,2026-03-21,-0.033061992006107994,-0.0015467596473172306,0.0018637185779400724,2146.4970703125,2076.68994140625,2143.179521647684,ensemble
ETH,phase3_crypto,lstm,phase3_crypto_lstm,2026-03-21,2026-03-22,-0.011449568094526609,-0.0014836929738521575,0.001639189481172419,2076.68994140625,2053.04833984375,2073.6110557566262,ensemble
ETH,phase3_crypto,lstm,phase3_crypto_lstm,2026-03-22,2026-03-23,0.04713979833568274,-0.001407937760814093,0.001467716247814145,2053.04833984375,2152.14599609375,2050.159809473956,ensemble
ETH,phase3_crypto,lstm,phase3_crypto_lstm,2026-03-23,2026-03-24,0.0016520306586044232,-0.0012391059484798462,0.0014168430193151431,2152.14599609375,2155.704345703125,2149.4809106905755,ensemble
ETH,phase3_crypto,lstm,phase3_crypto_lstm,2026-03-24,2026-03-25,0.005697480587391201,-0.001107596472138539,0.0013844254080445904,2155.704345703125,2168.021484375,2153.318016963454,ensemble
ETH,phase3_crypto,lstm,phase3_crypto_lstm,2026-03-25,2026-03-26,-0.05131370661715102,-0.000880848869564943,0.001415970477040328,2168.021484375,2059.578369140625,2166.1126259326193,ensemble
ETH,phase3_crypto,lstm,phase3_crypto_lstm,2026-03-26,2026-03-27,-0.033727669892453536,-0.0007675990811549128,0.0014065475795967852,2059.578369140625,1991.27197265625,2057.998045282072,ensemble
ETH,phase3_crypto,lstm,phase3_crypto_lstm,2026-03-27,2026-03-28,0.0007141663784116856,-0.0008145819185301662,0.0014083393792384134,1991.27197265625,1992.694580078125,1989.650578981089,ensemble
ETH,phase3_crypto,lstm,phase3_crypto_lstm,2026-03-28,2026-03-29,-0.005098999439741094,-0.0008908383431844413,0.0014316989614719612,1992.694580078125,1982.5596923828125,1990.920201799383,ensemble
ETH,phase3_crypto,lstm,phase3_crypto_lstm,2026-03-29,2026-03-30,0.02044726139354914,-0.000955192546825856,0.0014573441878712734,1982.5596923828125,2023.514892578125,1980.6668702897052,ensemble
ETH,phase3_crypto,lstm,phase3_crypto_lstm,2026-03-30,2026-03-31,0.039340814763852025,-0.001070659066317603,0.0014496730952114633,2023.514892578125,2104.708251953125,2021.3495573872801,ensemble
ETH,phase3_crypto,lstm,phase3_crypto_lstm,2026-03-31,2026-04-01,0.016038636316827372,-0.0009035150520503521,0.0014550021241986854,2104.708251953125,2138.737060546875,2102.8074751868267,ensemble
ETH,phase3_crypto,lstm,phase3_crypto_lstm,2026-04-01,2026-04-02,-0.03903857547596571,-0.0007269453461049124,0.0014297255039706891,2138.737060546875,2056.8525390625,2137.182880564563,ensemble
ETH,phase3_crypto,lstm,phase3_crypto_lstm,2026-04-02,2026-04-03,-0.0016871461717564678,-0.0006488109080237337,0.0012951774247825178,2056.8525390625,2053.38525390625,2055.5184635271385,ensemble
ETH,phase3_crypto,lstm,phase3_crypto_lstm,2026-04-03,2026-04-04,0.00581068555550107,-0.0006105182845203671,0.0011420631278072088,2053.38525390625,2065.3515625,2052.132007267497,ensemble
ETH,phase3_crypto,lstm,phase3_crypto_lstm,2026-04-04,2026-04-05,0.020911357684258978,-0.00048242356060654854,0.0010144075561658767,2065.3515625,2108.99560546875,2064.355428543879,ensemble
ETH,phase3_crypto,lstm,phase3_crypto_lstm,2026-04-05,2026-04-06,-0.0005853459761497797,-0.00019036441153730266,0.0009676705811215852,2108.99560546875,2107.761474609375,2108.594165972489,ensemble
ETH,phase3_crypto,lstm,phase3_crypto_lstm,2026-04-06,2026-04-07,0.06165560497032879,0.00016251054184976966,0.0010090643641037416,2107.761474609375,2241.806640625,2108.1040359028607,ensemble
ETH,phase3_crypto,lstm,phase3_crypto_lstm,2026-04-07,2026-04-08,-0.02322737152703056,0.0004590872958942782,0.0009726605305610694,2241.806640625,2190.33544921875,2242.8360618525858,ensemble
ETH,phase3_crypto,lstm,phase3_crypto_lstm,2026-04-08,2026-04-09,-0.0005440857898826656,0.0006898137740790844,0.0009716665316543905,2190.33544921875,2189.14404296875,2191.846894029265,ensemble
ETH,phase3_crypto,lstm,phase3_crypto_lstm,2026-04-09,2026-04-10,0.025261127435567108,0.000888273747113999,0.0010001563141624988,2189.14404296875,2245.148681640625,2191.089466056982,ensemble
ETH,phase3_crypto,lstm,phase3_crypto_lstm,2026-04-10,2026-04-11,0.017765001038666954,0.001021913254953688,0.001039832143759176,2245.148681640625,2285.39013671875,2247.4442015490768,ensemble
ETH,phase3_crypto,lstm,phase3_crypto_lstm,2026-04-11,2026-04-12,-0.04163060757712065,0.001084091309166979,0.0010317110948221807,2285.39013671875,2192.201171875,2287.869051746362,ensemble
ETH,phase3_crypto,lstm,phase3_crypto_lstm,2026-04-12,2026-04-13,0.07828539113868566,0.0011828357710328419,0.0009950169950120851,2192.201171875,2370.71484375,2194.795719998056,ensemble
ETH,phase3_crypto,lstm,phase3_crypto_lstm,2026-04-13,2026-04-14,-0.02019924377033633,0.0012396036458085292,0.0009302629333814459,2370.71484375,2323.30859375,2373.6554127069408,ensemble
ETH,phase3_crypto,lstm,phase3_crypto_lstm,2026-04-14,2026-04-15,0.015430748489014857,0.0013652549474500119,0.0009212556539914153,2323.30859375,2359.43701171875,2326.482668519693,ensemble
ETH,phase3_crypto,lstm,phase3_crypto_lstm,2026-04-15,2026-04-16,-0.004584461790341291,0.0014386159949935974,0.0009445864455452073,2359.43701171875,2348.64501953125,2362.833778278507,ensemble
ETH,phase3_crypto,lstm,phase3_crypto_lstm,2026-04-16,2026-04-17,0.03037175089257519,0.0015052464674226939,0.000977453436215562,2348.64501953125,2421.07177734375,2352.1829712267604,ensemble
ETH,phase3_crypto,lstm,phase3_crypto_lstm,2026-04-17,2026-04-18,-0.029326772361462847,0.0015652617556042969,0.0009690613915573009,2421.07177734375,2351.1005859375,2424.8643558190884,ensemble
ETH,phase3_crypto,lstm,phase3_crypto_lstm,2026-04-18,2026-04-19,-0.0373454427406088,0.00156149473041296,0.0010181049122699546,2351.1005859375,2264.9169921875,2354.7746849096684,ensemble
ETH,phase3_crypto,lstm,phase3_crypto_lstm,2026-04-19,2026-04-20,0.021963323579239753,0.0015270986361429096,0.0010488118147141295,2264.9169921875,2315.21240234375,2268.3783861095426,ensemble
ETH,phase3_crypto,lstm,phase3_crypto_lstm,2026-04-20,2026-04-21,0.0054954065471357755,0.00142471942526754,0.0010838049257504503,2315.21240234375,2327.970458984375,2318.5132812818106,ensemble
ETH,phase3_crypto,lstm,phase3_crypto_lstm,2026-04-21,2026-04-22,0.02045865422003999,0.0012968979310244322,0.001163659672948683,2327.970458984375,2376.088134765625,2330.991557660986,ensemble
ETH,phase3_crypto,lstm,phase3_crypto_lstm,2026-04-22,2026-04-23,-0.0189376886242059,0.001213436443504179,0.00122907333898175,2376.088134765625,2331.513916015625,2378.9731167184536,ensemble
ETH,phase3_crypto,lstm,phase3_crypto_lstm,2026-04-23,2026-04-24,-0.006810026535066284,0.0011779482767451555,0.0013013059190109808,2331.513916015625,2315.690185546875,2334.261937010747,ensemble
ETH,phase3_crypto,lstm,phase3_crypto_lstm,2026-04-24,2026-04-25,0.001354581263398566,0.0011584501655306668,0.001354982823612292,2315.690185546875,2318.8291015625,2318.374351661799,ensemble
ETH,phase3_crypto,lstm,phase3_crypto_lstm,2026-04-25,2026-04-26,0.02171324359272805,0.0012693496013525874,0.0014040176628689336,2318.8291015625,2369.72900390625,2321.774375253702,ensemble
ETH,phase3_crypto,lstm,phase3_crypto_lstm,2026-04-26,2026-04-27,-0.02853520923910551,0.0014459569298196583,0.0014422887723231945,2369.72900390625,2303.06396484375,2373.1580084802613,ensemble
ETH,phase3_crypto,lstm,phase3_crypto_lstm,2026-04-27,2026-04-28,-0.005942025412355139,0.0016014564491342754,0.0014040937080543798,2303.06396484375,2289.419677734375,2306.755176351362,ensemble
ETH,phase3_crypto,lstm,phase3_crypto_lstm,2026-04-28,2026-04-29,-0.01585118391858995,0.001665306295035407,0.0013309352748189613,2289.419677734375,2253.415771484375,2293.2354390595247,ensemble
ETH,phase3_crypto,lstm,phase3_crypto_lstm,2026-04-29,2026-04-30,0.0012574984349416124,0.0016710695635993034,0.0012515432152158785,2253.415771484375,2256.251220703125,2257.1845340494306,ensemble
ETH,phase3_crypto,lstm,phase3_crypto_lstm,2026-04-30,2026-05-01,0.017069008220622378,0.001631335768615827,0.001217314244410217,2256.251220703125,2295.09375,2259.9349278871455,ensemble
ETH,phase3_crypto,lstm,phase3_crypto_lstm,2026-05-01,2026-05-02,0.00916800638403556,0.0015416784095577895,0.001237219735485098,2295.09375,2316.23193359375,2298.6347753420937,ensemble
ETH,phase3_crypto,lstm,phase3_crypto_lstm,2026-05-02,2026-05-03,0.0023302997915724253,0.0014688044553622603,0.0012675017847172572,2316.23193359375,2321.6357421875,2319.6365251049697,ensemble
ETH,phase3_crypto,lstm,phase3_crypto_lstm,2026-05-03,2026-05-04,0.010608949945406291,0.0014813400339335203,0.0012671506674738714,2321.6357421875,2346.39697265625,2325.0774226768003,ensemble
ETH,phase3_crypto,lstm,phase3_crypto_lstm,2026-05-04,2026-05-05,0.00628165402969772,0.0015645888750441372,0.0012291975782966168,2346.39697265625,2361.1826171875,2350.0709926720456,ensemble
ETH,phase3_crypto,lstm,phase3_crypto_lstm,2026-05-05,2026-05-06,-0.004406055141063485,0.0017649842375249136,0.001167363731214563,2361.1826171875,2350.802001953125,2365.3537471952973,ensemble
ETH,phase3_crypto,lstm,phase3_crypto_lstm,2026-05-06,2026-05-07,-0.02572114978849261,0.0019930732727516443,0.001108461104363186,2350.802001953125,2291.107666015625,2355.4919947899143,ensemble
ETH,phase3_crypto,lstm,phase3_crypto_lstm,2026-05-07,2026-05-08,0.006900517380177334,0.002203439443837851,0.0010935602122313943,2291.107666015625,2306.97216796875,2296.161548934709,ensemble
ETH,phase3_crypto,lstm,phase3_crypto_lstm,2026-05-08,2026-05-09,0.008526770803293412,0.0022861067904159428,0.0010655888142248639,2306.97216796875,2326.727294921875,2312.252185749923,ensemble
ETH,phase3_crypto,lstm,phase3_crypto_lstm,2026-05-09,2026-05-10,0.018023789401602215,0.0023843985982239246,0.001084889187249538,2326.727294921875,2369.0439453125,2332.281759619663,ensemble
ETH,phase3_crypto,lstm,phase3_crypto_lstm,2026-05-10,2026-05-11,-0.012608728464913158,0.002500014309771359,0.0010796698125082936,2369.0439453125,2339.36083984375,2374.973998596688,ensemble
ETH,phase3_crypto,lstm,phase3_crypto_lstm,2026-05-11,2026-05-12,-0.028054385823506677,0.0025707404362037777,0.0010714299240637093,2339.36083984375,2274.6435546875,2345.3824660523383,ensemble
ETH,phase3_crypto,lstm,phase3_crypto_lstm,2026-05-12,2026-05-13,-0.007531505292275851,0.002632659929804504,0.0010484453343615437,2274.6435546875,2257.576416015625,2280.6398072121046,ensemble
ETH,phase3_crypto,lstm,phase3_crypto_lstm,2026-05-13,2026-05-14,0.01029350969888902,0.0026894041802734137,0.0010358827483365875,2257.576416015625,2280.934814453125,2263.6561231966075,ensemble
ETH,phase3_crypto,lstm,phase3_crypto_lstm,2026-05-14,2026-05-15,-0.025579807171991084,0.0027465173974633218,0.0010808909946299836,2280.934814453125,2223.328857421875,2287.2080524386934,ensemble
ETH,phase3_crypto,lstm,phase3_crypto_lstm,2026-05-15,2026-05-16,-0.019794470746775893,0.0027460302226245403,0.0011706034320116642,2223.328857421875,2179.751953125,2229.442576045445,ensemble
ETH,phase3_crypto,lstm,phase3_crypto_lstm,2026-05-16,2026-05-17,-0.024195229175847065,0.002718984102830291,0.0012704882639333695,2179.751953125,2127.645263671875,2185.6867286575693,ensemble
ETH,phase3_crypto,lstm,phase3_crypto_lstm,2026-05-17,2026-05-18,0.0004092183281597835,0.002614603564143181,0.001241780714104494,2127.645263671875,2128.51611328125,2133.2154913568397,ensemble
ETH,phase3_crypto,lstm,phase3_crypto_lstm,2026-05-18,2026-05-19,-0.00875425372369268,0.0025164672173559667,0.0011514667243912732,2128.51611328125,2109.9638671875,2133.8791994870535,ensemble
ETH,phase3_crypto,lstm,phase3_crypto_lstm,2026-05-19,2026-05-20,0.008033908248005973,0.002357302501332015,0.0010736287544699944,2109.9638671875,2126.9833984375,2114.9435573013625,ensemble
ETH,phase3_crypto,lstm,phase3_crypto_lstm,2026-05-20,2026-05-21,0.002079303908552925,0.0021675101132132115,0.001043186244010079,2126.9833984375,2131.41064453125,2131.5986564665645,ensemble
ETH,phase3_crypto,lstm,phase3_crypto_lstm,2026-05-21,2026-05-22,-0.031829628880296966,0.0019497205561492593,0.0010112271524767018,2131.41064453125,2064.636962890625,2135.5703534957956,ensemble
ETH,phase3_crypto,lstm,phase3_crypto_lstm,2026-05-22,2026-05-23,0.024550147375465296,0.0017868652823381126,0.0010356936429614196,2064.636962890625,2115.951416015625,2068.3294890411526,ensemble
ETH,phase3_crypto,lstm,phase3_crypto_lstm,2026-05-23,2026-05-24,-0.008522952674199372,0.0016769837122410536,0.0007524554435413522,2115.951416015625,2097.993896484375,2119.5028090580295,ensemble
ETH,phase3_crypto,lstm,phase3_crypto_lstm,2026-05-24,2026-05-25,0.006355596261768782,0.0014490596426185221,0.0006377529570535255,2097.993896484375,2111.370361328125,2101.0362184909013,ensemble
ETH,phase3_crypto,lstm,phase3_crypto_lstm,2026-05-25,2026-05-26,-0.019374108363781214,0.001223581749945879,0.0007026311990738479,2111.370361328125,2070.858154296875,2113.9553767359475,ensemble
ETH,phase3_crypto,lstm,phase3_crypto_lstm,2026-05-26,2026-05-27,-0.023777930243884346,0.0011188377335201948,0.0008940983185002309,2070.858154296875,2022.1982421875,2073.1764051721157,ensemble
ETH,phase3_crypto,lstm,phase3_crypto_lstm,2026-05-27,2026-05-28,-0.0072687232435778805,0.0010664408968295903,0.0010555843942057295,2022.1982421875,2007.552734375,2024.3559474225228,ensemble
ETH,phase3_crypto,lstm,phase3_crypto_lstm,2026-05-28,2026-05-29,0.00220213888797984,0.0010218609881121666,0.0011752383178100473,2007.552734375,2011.978515625,2009.6052226961071,ensemble
ETH,phase3_crypto,lstm,phase3_crypto_lstm,2026-05-29,2026-05-30,0.0037107092790728668,0.001085228839656338,0.0012497559683783835,2011.978515625,2019.458251953125,2014.1631579389384,ensemble
ETH,phase3_crypto,lstm,phase3_crypto_lstm,2026-05-30,2026-05-31,-0.007513679144432405,0.0011590205715037883,0.001318731178227856,2019.458251953125,2004.341552734375,2021.800202532714,ensemble
ETH,phase3_crypto,lstm,phase3_crypto_lstm,2026-05-31,2026-06-01,-0.0005591235515652776,0.0011233677505515516,0.0013846442072666981,2004.341552734375,2003.22119140625,2006.594430564038,ensemble
ETH,phase3_crypto,lstm,phase3_crypto_lstm,2026-06-01,2026-06-02,-0.07540853835127649,0.001014172111172229,0.0014106058535310482,2003.22119140625,1857.71630859375,2005.2538330210805,ensemble
ETH,phase3_crypto,lstm,phase3_crypto_lstm,2026-06-02,2026-06-03,-0.02506448300158351,0.0009141871880274266,0.0013911206335081516,1857.71630859375,1811.7322998046875,1859.4153855609215,ensemble
ETH,phase3_crypto,lstm,phase3_crypto_lstm,2026-06-03,2026-06-04,-0.023540908919617697,0.0007505625100748148,0.001433727633574276,1811.7322998046875,1769.58056640625,1813.092628589245,ensemble
ETH,phase3_crypto,lstm,phase3_crypto_lstm,2026-06-04,2026-06-05,-0.11277301635815795,0.0005268772183626425,0.001495162940480525,1769.58056640625,1580.86083984375,1770.513163753321,ensemble
ETH,phase3_crypto,lstm,phase3_crypto_lstm,2026-06-05,2026-06-06,-0.00767912718680117,0.0001896760193631053,0.0016774779393476042,1580.86083984375,1568.7677001953125,1581.1607196741259,ensemble
ETH,phase3_crypto,lstm,phase3_crypto_lstm,2026-06-06,2026-06-07,0.07230344307254986,-0.00016479549231007695,0.001911715634904596,1568.7677001953125,1686.396240234375,1568.5091956506155,ensemble
ETH,phase3_crypto,lstm,phase3_crypto_lstm,2026-06-07,2026-06-08,0.002222580242866329,-0.0005517191486433149,0.00221138842844355,1686.396240234375,1690.1485595703125,1685.4660797537065,ensemble
ETH,phase3_crypto,lstm,phase3_crypto_lstm,2026-06-08,2026-06-09,-0.031519541921552284,-0.0005624310346320271,0.0023054943478195244,1690.1485595703125,1637.7066650390625,1689.1982348383838,ensemble
ETH,phase3_crypto,lstm,phase3_crypto_lstm,2026-06-09,2026-06-10,-0.010785745482471555,-0.0005084179574623704,0.002349435387932505,1637.7066650390625,1620.1376953125,1636.8742371900653,ensemble
ETH,phase3_crypto,lstm,phase3_crypto_lstm,2026-06-10,2026-06-11,0.03167720451879468,-0.0005196785321459174,0.0024673336838366114,1620.1376953125,1672.2806396484375,1619.2959632671063,ensemble
ETH,phase3_crypto,lstm,phase3_crypto_lstm,2026-06-11,2026-06-12,-0.004286465439468386,-0.00042390485759824514,0.002433949818349717,1672.2806396484375,1665.1278076171875,1671.571901991304,ensemble
ETH,phase3_crypto,lstm,phase3_crypto_lstm,2026-06-12,2026-06-13,0.009019641302053691,-0.0003268277971073985,0.002485834474612919,1665.1278076171875,1680.214599609375,1664.5836864857206,ensemble
ETH,phase3_crypto,lstm,phase3_crypto_lstm,2026-06-13,2026-06-14,0.02608131744744488,-8.630899246782064e-05,0.002581755902138162,1680.214599609375,1724.61328125,1680.0695882381356,ensemble
ETH,phase3_crypto,lstm,phase3_crypto_lstm,2026-06-14,2026-06-15,0.03998055531190125,0.0001816591015085578,0.002695298638110962,1724.61328125,1794.961181640625,1724.9266014069892,ensemble
ETH,phase3_crypto,lstm,phase3_crypto_lstm,2026-06-15,2026-06-16,-0.002545346375384009,0.0004668516921810806,0.00277939775150617,1794.961181640625,1790.398193359375,1795.7993579424624,ensemble
ETH,phase3_crypto,lstm,phase3_crypto_lstm,2026-06-16,2026-06-17,-0.024031278966082516,0.000787661736831069,0.0028411489721957553,1790.398193359375,1747.885498046875,1791.8089770472018,ensemble
ETH,phase3_crypto,lstm,phase3_crypto_lstm,2026-06-17,2026-06-18,-0.022186275106794908,0.0008606426592450589,0.0028977377530871595,1747.885498046875,1709.533447265625,1749.3904503901695,ensemble
ETH,phase3_crypto,lstm,phase3_crypto_lstm,2026-06-18,2026-06-19,0.0008472258287815989,0.0007572626287583262,0.0028130971745728693,1709.533447265625,1710.982421875,1710.8285033447498,ensemble
ETH,phase3_crypto,lstm,phase3_crypto_lstm,2026-06-19,2026-06-20,0.016415812264568657,0.0005795659468276426,0.002711996491860842,1710.982421875,1739.3013916015625,1711.974336434525,ensemble
ETH,phase3_crypto,lstm,phase3_crypto_lstm,2026-06-20,2026-06-21,-0.020164455160312907,0.0004022140405140817,0.0026095213422049537,1739.3013916015625,1704.58056640625,1740.0011037495424,ensemble
ETH,phase3_crypto,lstm,phase3_crypto_lstm,2026-06-21,2026-06-22,0.012783452112487081,0.00035026122350245714,0.0024998253209113997,1704.58056640625,1726.5108642578125,1705.1777194546717,ensemble
ETH,phase3_crypto,lstm,phase3_crypto_lstm,2026-06-22,2026-06-23,-0.036015118575190234,0.00025836569257080554,0.0023915977058084057,1726.5108642578125,1665.436767578125,1726.9569930626947,ensemble
ETH,phase3_crypto,lstm,phase3_crypto_lstm,2026-06-23,2026-06-24,-0.027707605238555068,-2.452484332025051e-05,0.002293914762110257,1665.436767578125,1619.9249267578125,1665.3959235031898,ensemble
ETH,phase3_crypto,lstm,phase3_crypto_lstm,2026-06-24,2026-06-25,-0.03461114583410765,-0.00036010964540764687,0.0021325372597307446,1619.9249267578125,1564.816650390625,1619.3416811893312,ensemble
ETH,phase3_crypto,lstm,phase3_crypto_lstm,2026-06-25,2026-06-26,0.00751217354974333,-0.0006858007225673645,0.0020660570762442623,1564.816650390625,1576.6160888671875,1563.743865901337,ensemble
ETH,phase3_crypto,lstm,phase3_crypto_lstm,2026-06-26,2026-06-27,-0.003194097811799365,-0.0011130302533274516,0.0020006292801793483,1576.6160888671875,1571.5882568359375,1574.86224368483,ensemble
ETH,phase3_crypto,lstm,phase3_crypto_lstm,2026-06-27,2026-06-28,-0.0007810761173124416,-0.0014255469497584273,0.001963554574589329,1571.5882568359375,1570.3612060546875,1569.3494801099293,ensemble
ETH,phase3_crypto,lstm,phase3_crypto_lstm,2026-06-28,2026-06-29,0.025056343014794192,-0.001500008295988664,0.0019889886922895275,1570.3612060546875,1610.205810546875,1568.0074170107935,ensemble
ETH,phase3_crypto,lstm,phase3_crypto_lstm,2026-06-29,2026-06-30,-0.025551475094469023,-0.0014724724111147224,0.0019761945939991473,1610.205810546875,1569.5838623046875,1607.8365716621518,ensemble
ETH,phase3_crypto,lstm,phase3_crypto_lstm,2026-06-30,2026-07-01,0.024777910106091337,-0.0012555662084196228,0.0020182952540932875,1569.5838623046875,1608.960693359375,1567.6143825107674,ensemble
ETH,phase3_crypto,lstm,phase3_crypto_lstm,2026-07-01,2026-07-02,0.053962428648177775,-0.000784525426570326,0.002041893403164834,1608.960693359375,1698.16943359375,1607.6989177973044,ensemble
ETH,phase3_crypto,lstm,phase3_crypto_lstm,2026-07-02,2026-07-03,0.0337829584823897,-0.00022139590291772037,0.0020468251829739233,1698.16943359375,1756.5186767578125,1697.7935074544814,ensemble
ETH,phase3_crypto,lstm,phase3_crypto_lstm,2026-07-03,2026-07-04,0.012736109597214896,0.0003397592809051275,0.0020373272998100585,1756.5186767578125,1779.032958984375,1757.1155716748763,ensemble
ETH,phase3_crypto,lstm,phase3_crypto_lstm,2026-07-04,2026-07-05,0.002230758380216772,0.0008092975767794997,0.0020517080559571107,1779.032958984375,1783.0059814453125,1780.4733088042867,ensemble
ETH,phase3_crypto,lstm,phase3_crypto_lstm,2026-07-05,2026-07-06,0.008137134529373787,0.001149195048492402,0.002075628209836163,1783.0059814453125,1797.57373046875,1785.0561809045223,ensemble
ETH,phase3_crypto,lstm,phase3_crypto_lstm,2026-07-06,2026-07-07,-0.016299610142193822,0.001343017746694386,0.0018620624823357573,1797.57373046875,1768.511474609375,1799.9895257546184,ensemble
ETH,phase3_crypto,lstm,phase3_crypto_lstm,2026-07-07,2026-07-08,-0.014715429926392411,0.0014306374825537205,0.0015918595831334033,1768.511474609375,1742.6776123046875,1771.043384103747,ensemble
ETH,phase3_crypto,lstm,phase3_crypto_lstm,2026-07-08,2026-07-09,0.0010363767887721133,0.0013890855596400797,0.0013173072840810434,1742.6776123046875,1744.484619140625,1745.100022689175,ensemble
ETH,phase3_crypto,lstm,phase3_crypto_lstm,2026-07-09,2026-07-10,0.028931987175530218,0.0014169609232340008,0.0011512584858978845,1744.484619140625,1795.6932373046875,1746.958237773728,ensemble
ETH,phase3_crypto,lstm,phase3_crypto_lstm,2026-07-10,2026-07-11,-0.004237766868141637,0.0013572170450061095,0.0009611409248163209,1795.6932373046875,1788.099609375,1798.1320373901187,ensemble
ETH,phase3_crypto,lstm,phase3_crypto_lstm,2026-07-11,2026-07-12,0.00984372406415057,0.0012435600336175412,0.0008197224190237122,1788.099609375,1805.7880859375,1790.3246017544097,ensemble
ETH,phase3_crypto,lstm,phase3_crypto_lstm,2026-07-12,2026-07-13,-0.018041700992512517,0.0011434386600740255,0.0006838480152683894,1805.7880859375,1773.500732421875,1807.8540747875245,ensemble
ETH,phase3_crypto,lstm,phase3_crypto_lstm,2026-07-13,2026-07-14,0.06334617578601259,0.0010346524766646325,0.0006022075577545572,1773.500732421875,1889.4798583984373,1775.3366389458788,ensemble
ETH,phase3_crypto,lstm,phase3_crypto_lstm,2026-07-14,2026-07-15,0.014430524175558828,0.0009044953796546907,0.00045271323537590956,1889.4798583984373,1916.9437255859373,1891.1896573363617,ensemble
ETH,phase3_crypto,lstm,phase3_crypto_lstm,2026-07-15,2026-07-16,-0.028440232689138405,0.0008786348334979266,0.0004063186927922037,1916.9437255859373,1863.193359375,1918.6287592733352,ensemble
ETH,phase3_crypto,lstm,phase3_crypto_lstm,2026-07-16,2026-07-17,-0.011989404987594009,0.0008414555166382342,0.0003922209807068403,1863.193359375,1840.9881591796875,1864.7618135054552,ensemble
ETH,phase3_crypto,lstm,phase3_crypto_lstm,2026-07-17,2026-07-18,0.011022172689536534,0.0007811697025317699,0.00041450581524125576,1840.9881591796875,1861.39208984375,1842.4268452081665,ensemble
ETH,phase3_crypto,lstm,phase3_crypto_lstm,2026-07-18,2026-07-19,0.005420170979573819,0.0007989856996573508,0.000530303122058877,1861.39208984375,1871.508544921875,1862.879909799275,ensemble
ETH,phase3_crypto,lstm,phase3_crypto_lstm,2026-07-19,2026-07-20,0.01708549188125397,0.0007608626299770549,0.0007183681938856967,1871.508544921875,1903.7589111328125,1872.933047692129,ensemble
ETH,phase3_crypto,lstm,phase3_crypto_lstm,2026-07-20,2026-07-21,0.012851931047764876,0.0007952218198624905,0.0009888287662621338,1903.7589111328125,1928.3837890625,1905.2734238656767,ensemble
ETH,phase3_crypto,lstm,phase3_crypto_lstm,2026-07-21,2026-07-22,0.0026444810723667356,0.0009920623677317053,0.0013438933996455437,1928.3837890625,1933.4901123046875,1930.2978153098982,ensemble
ETH,phase3_crypto,lstm,phase3_crypto_lstm,2026-07-22,2026-07-23,-0.029598568421148785,0.0011477627725980711,0.001521442113892763,1933.4901123046875,1877.1002197265625,1935.7105743148318,ensemble
ETH,phase3_crypto,lstm,phase3_crypto_lstm,2026-07-23,2026-07-24,-0.009056635454748527,0.0011814163299277425,0.0015606641198923393,1877.1002197265625,1860.1767578125,1879.3191670712822,ensemble
ETH,phase3_crypto,lstm,phase3_crypto_lstm,2026-07-24,2026-07-25,0.006988648574768904,0.0011677253671223298,0.001501581501939749,1860.1767578125,1873.222412109375,1862.3502021459976,ensemble
ETH,phase3_crypto,lstm,phase3_crypto_lstm,2026-07-25,2026-07-26,0.041917042836694604,0.0012108744558645412,0.0015633328572270053,1873.222412109375,1953.4112548828125,1875.4920231080307,ensemble
ETH,phase3_crypto,lstm,phase3_crypto_lstm,2026-07-26,2026-07-27,-0.032675812699619874,0.0012223142490256577,0.0016150042480492888,1953.4112548828125,1890.613525390625,1955.8003971377148,ensemble
ETH,phase3_crypto,lstm,phase3_crypto_lstm,2026-07-27,2026-07-28,0.015396962638548027,0.001248880265484331,0.0016507380680231734,1890.613525390625,1919.948486328125,1892.976150322887,ensemble
ETH,phase3_crypto,lstm,phase3_crypto_lstm,2026-07-28,2026-07-29,-0.005970784512141466,0.0013770405254035722,0.0017114585250816423,1919.948486328125,1908.51904296875,1922.5941543784784,ensemble
ETH,phase3_crypto,lstm,phase3_crypto_lstm,2026-07-29,2026-07-30,0.004628409644754907,0.001548347836796893,0.0017308109529508527,1908.51904296875,1917.3729248046875,1911.4763832052724,ensemble
ETH,phase3_crypto,lstm,phase3_crypto_lstm,2026-07-30,2026-07-31,-0.03019351719084729,0.0017148839659057557,0.0017469299504224542,1917.3729248046875,1860.345947265625,1920.6638178334454,ensemble
ETH,phase3_crypto,lstm,phase3_crypto_lstm,2026-07-31,2026-08-01,-0.009141155880177469,0.001874533068621531,0.0018138091320884261,1860.345947265625,1843.417724609375,1863.8364978169554,ensemble
ETH,phase3_crypto,lstm,phase3_crypto_lstm,2026-08-01,2026-08-02,0.020991044981634618,0.001969365472905338,0.0018466691917695276,1843.417724609375,1882.52197265625,1847.0516649321742,ensemble
ETH,phase3_crypto,lstm,phase3_crypto_lstm,2026-08-02,2026-08-03,-0.012973686445006478,0.001962377745076083,0.0018462525159675092,1882.52197265625,1858.2564697265625,1886.2198189789938,ensemble
ETH,phase3_crypto,lstm,phase3_crypto_lstm,2026-08-03,2026-08-04,0.005436217682913836,0.0020071642735274508,0.0019177010648630645,1858.2564697265625,1868.3858642578125,1861.9900414160468,ensemble
ETH,phase3_crypto,lstm,phase3_crypto_lstm,2026-08-04,2026-08-05,0.02020785436698823,0.002089744921977399,0.002037577076366221,1868.3858642578125,1906.5260009765625,1872.2943966253824,ensemble
ETH,phase3_crypto,lstm,phase3_crypto_lstm,2026-08-05,2026-08-06,-0.002346545855886157,0.002172385493759066,0.002080303562406243,1906.5260009765625,1902.0574951171875,1910.672212358702,ensemble
ETH,phase3_crypto,lstm,phase3_crypto_lstm,2026-08-06,2026-08-07,0.005882550580216205,0.002277515921741724,0.0021310838915733483,1902.0574951171875,1913.2794189453125,1906.3943981545897,ensemble
ETH,phase3_crypto,lstm,phase3_crypto_lstm,2026-08-07,2026-08-08,0.001177148461113393,0.0023499344126321374,0.0021654902768946972,1913.2794189453125,1915.532958984375,1917.7807869812473,ensemble
ETH,phase3_crypto,lstm,phase3_crypto_lstm,2026-08-08,2026-08-09,-0.0035825526559130822,0.002353639737702906,0.0021724998589651846,1915.532958984375,1908.6827392578125,1920.0467433028691,ensemble
ETH,phase3_crypto,lstm,phase3_crypto_lstm,2026-08-09,2026-08-10,-0.019791352046331357,0.002344393084058538,0.0022811784464260073,1908.6827392578125,1871.2786865234373,1913.1626912036854,ensemble
ETH,phase3_crypto,lstm,phase3_crypto_lstm,2026-08-10,2026-08-11,0.005380127113694831,0.0023306536546442657,0.0023858017983549775,1871.2786865234373,1881.37353515625,1875.6450753265526,ensemble
ETH,phase3_crypto,lstm,phase3_crypto_lstm,2026-08-11,2026-08-12,-0.0017228455012013328,0.0023495181107136887,0.002396016821917599,1881.37353515625,1878.135009765625,1885.799053231726,ensemble
ETH,phase3_crypto,lstm,phase3_crypto_lstm,2026-08-12,2026-08-13,0.0031133074431306308,0.0024119445064570756,0.0023784698869780793,1878.135009765625,1883.9913330078125,1882.6704345825726,ensemble
ETH,phase3_crypto,lstm,phase3_crypto_lstm,2026-08-13,2026-08-14,-0.001775101080760423,0.002508378017228097,0.002344776840707168,1883.9913330078125,1880.6500244140625,1888.7230274103201,ensemble
ETH,phase3_crypto,lstm,phase3_crypto_lstm,2026-08-14,2026-08-15,0.00013733711278611884,0.0025228015147149563,0.0022362630238088508,1880.6500244140625,1880.9083251953125,1885.4005209046188,ensemble
ETH,phase3_crypto,lstm,phase3_crypto_lstm,2026-08-15,2026-08-16,-0.003710048377518096,0.0025862670241622253,0.0023296515363669212,1880.9083251953125,1873.9429931640625,1885.7791522869918,ensemble
ETH,phase3_crypto,lstm,phase3_crypto_lstm,2026-08-16,2026-08-17,0.020210771727059512,0.002689028985332698,0.0024818087023322894,1873.9429931640625,1912.2021484375,1878.9888613919984,ensemble
ETH,phase3_crypto,lstm,phase3_crypto_lstm,2026-08-17,2026-08-18,0.0022239875598747453,0.002826789696700871,0.0025740389456589212,1912.2021484375,1916.4595947265625,1917.615188927739,ensemble
ETH,phase3_crypto,lstm,phase3_crypto_lstm,2026-08-18,2026-08-19,0.16109848705425042,0.0029196934192441404,0.0025686703364049372,1916.4595947265625,2251.4580078125,1922.063245684201,ensemble
ETH,phase3_crypto,lstm,phase3_crypto_lstm,2026-08-19,2026-08-20,0.032737450034477825,0.0030300624552182854,0.002480351666604352,2251.4580078125,2326.384765625,2258.2904122700697,ensemble
ETH,phase3_crypto,lstm,phase3_crypto_lstm,2026-08-20,2026-08-21,0.07806936059159927,0.003062355797737837,0.0023194031206818207,2326.384765625,2515.28173828125,2333.5199030884473,ensemble
ETH,phase3_crypto,lstm,phase3_crypto_lstm,2026-08-21,2026-08-22,-0.036862118710177375,0.00295961347874254,0.0021237855623551377,2515.28173828125,2424.251220703125,2522.737026961202,ensemble
ETH,phase3_crypto,lstm,phase3_crypto_lstm,2026-08-22,2026-08-23,0.01618863252300956,0.002761884534265846,0.002002317860835636,2424.251220703125,2463.81591796875,2430.9559772765097,ensemble
ETH,phase3_crypto,lstm,phase3_crypto_lstm,2026-08-23,2026-08-24,0.007285380356811502,0.0024979899520985783,0.001976410208488409,2463.81591796875,2481.831298828125,2469.9781988291297,ensemble
ETH,phase3_crypto,lstm,phase3_crypto_lstm,2026-08-24,2026-08-25,-0.01570466707427711,0.0022186021553352473,0.002007887267957528,2481.831298828125,2443.159423828125,2487.34360764594,ensemble
ETH,phase3_crypto,lstm,phase3_crypto_lstm,2026-08-25,2026-08-26,0.02549994808905242,0.0018344099633395671,0.0022359810949065446,2443.159423828125,2506.260986328125,2447.6452930208584,ensemble
ETH,phase3_crypto,lstm,phase3_crypto_lstm,2026-08-26,2026-08-27,0.0016541530230063984,0.0014449499081820249,0.002533505538482058,2506.260986328125,2510.41015625,2509.8850255572293,ensemble
ETH,phase3_crypto,lstm,phase3_crypto_lstm,2026-08-27,2026-08-28,-0.02740935041425752,0.0010817621485330164,0.0028075309528975715,2510.41015625,2442.535888671875,2513.127292316831,ensemble
ETH,phase3_crypto,lstm,phase3_crypto_lstm,2026-08-28,2026-08-29,0.006183572246544925,0.0008886203810106963,0.0029863087819460153,2442.535888671875,2457.686279296875,2444.7073404991843,ensemble
ETH,phase3_crypto,lstm,phase3_crypto_lstm,2026-08-29,2026-08-30,-0.016304961587388887,0.000713607098441571,0.0031682712050717598,2457.686279296875,2417.938720703125,2459.4407275904496,ensemble
ETH,phase3_crypto,lstm,phase3_crypto_lstm,2026-08-30,2026-08-31,0.020014589550137154,0.0007187851006165147,0.003291413950170309,2417.938720703125,2466.8203125,2419.6773237959155,ensemble
ETH,phase3_crypto,xgb,phase3_crypto_xgb,2025-10-31,2025-11-01,0.007021586687225155,0.005032001598738134,0.0023623403466753574,3847.080322265625,3874.18798828125,3866.4876244344373,ensemble
ETH,phase3_crypto,xgb,phase3_crypto_xgb,2025-11-01,2025-11-02,0.009473174047530416,0.0020715380320325493,0.0029929239446571873,3874.18798828125,3911.063232421875,3882.2218343781346,ensemble
ETH,phase3_crypto,xgb,phase3_crypto_xgb,2025-11-02,2025-11-03,-0.08223448305523949,-0.014471066184341908,0.003826620847592657,3911.063232421875,3602.30810546875,3854.8735206156634,ensemble
ETH,phase3_crypto,xgb,phase3_crypto_xgb,2025-11-03,2025-11-04,-0.08990501013567212,-0.00012212441070005297,0.006649719666829445,3602.30810546875,3292.574462890625,3601.868202576197,ensemble
ETH,phase3_crypto,xgb,phase3_crypto_xgb,2025-11-04,2025-11-05,0.039481668810072805,-0.002802861644886434,0.00755673001407283,3292.574462890625,3425.171142578125,3283.35875342819,ensemble
ETH,phase3_crypto,xgb,phase3_crypto_xgb,2025-11-05,2025-11-06,-0.03352136366985419,0.0007156148552894592,0.008826275702417126,3425.171142578125,3312.2578125,3427.6231231618885,ensemble
ETH,phase3_crypto,xgb,phase3_crypto_xgb,2025-11-06,2025-11-07,0.03647448115981518,0.013121900148689747,0.002749853954503711,3312.2578125,3435.301025390625,3356.007339498215,ensemble
ETH,phase3_crypto,xgb,phase3_crypto_xgb,2025-11-07,2025-11-08,-0.010218549741346181,0.002611239207908511,0.0014849900212158353,3435.301025390625,3400.3759765625,3444.283140240562,ensemble
ETH,phase3_crypto,xgb,phase3_crypto_xgb,2025-11-08,2025-11-09,0.05220874290983875,0.0030260374303907158,0.007788616523169842,3400.3759765625,3582.621337890625,3410.6812257161346,ensemble
ETH,phase3_crypto,xgb,phase3_crypto_xgb,2025-11-09,2025-11-10,-0.003960630532174714,-0.007191405666526407,0.005368566436804343,3582.621337890625,3568.4599609375,3556.9496728160416,ensemble
ETH,phase3_crypto,xgb,phase3_crypto_xgb,2025-11-10,2025-11-11,-0.04387398640993172,-0.0038492133491672574,0.0035222326794540934,3568.4599609375,3415.2822265625,3554.7505992758433,ensemble
ETH,phase3_crypto,xgb,phase3_crypto_xgb,2025-11-11,2025-11-12,-0.0006408517068140884,-0.008216648222878575,0.0058252578043746315,3415.2822265625,3413.09423828125,3387.3350273113297,ensemble
ETH,phase3_crypto,xgb,phase3_crypto_xgb,2025-11-12,2025-11-13,-0.054283922809847215,-0.0021723418030887842,0.004023226233301721,3413.09423828125,3232.757080078125,3405.687878474652,ensemble
ETH,phase3_crypto,xgb,phase3_crypto_xgb,2025-11-13,2025-11-14,-0.04071281618360177,0.008186005428433419,0.0038973007137717798,3232.757080078125,3103.78564453125,3259.3290578780047,ensemble
ETH,phase3_crypto,xgb,phase3_crypto_xgb,2025-11-14,2025-11-15,0.020045814386644864,0.011924111749976873,0.004991982247455217,3103.78564453125,3166.63134765625,3141.0170660771505,ensemble
ETH,phase3_crypto,xgb,phase3_crypto_xgb,2025-11-15,2025-11-16,-0.023576197316441422,-0.0038543606613529848,0.0035778383874409767,3166.63134765625,3092.847412109375,3154.4495000591382,ensemble
ETH,phase3_crypto,xgb,phase3_crypto_xgb,2025-11-16,2025-11-17,-0.022333536068642135,0.003868319495813921,0.0027759760582021335,3092.847412109375,3024.538818359375,3104.834704441485,ensemble
ETH,phase3_crypto,xgb,phase3_crypto_xgb,2025-11-17,2025-11-18,0.032028732106195945,0.014731601998209953,0.0036905880918429402,3024.538818359375,3122.97900390625,3069.4249308691797,ensemble
ETH,phase3_crypto,xgb,phase3_crypto_xgb,2025-11-18,2025-11-19,-0.03251421900082368,-0.004358373407740146,0.003989143167667981,3122.97900390625,3023.07080078125,3109.3975133651347,ensemble
ETH,phase3_crypto,xgb,phase3_crypto_xgb,2025-11-19,2025-11-20,-0.06536849882670856,0.0020142506109550595,0.002327323423521592,3023.07080078125,2831.777587890625,3029.166159718072,ensemble
ETH,phase3_crypto,xgb,phase3_crypto_xgb,2025-11-20,2025-11-21,-0.02361115238578957,0.0039054000517353415,0.003679609630062854,2831.777587890625,2765.69921875,2842.8584357168206,ensemble
ETH,phase3_crypto,xgb,phase3_crypto_xgb,2025-11-21,2025-11-22,0.0006897153274086759,0.01227559894323349,0.0017622855971768433,2765.69921875,2767.607421875,2799.859070514903,ensemble
ETH,phase3_crypto,xgb,phase3_crypto_xgb,2025-11-22,2025-11-23,0.012234618260287876,0.007190728140994906,0.00438669932511517,2767.607421875,2801.676025390625,2787.580258003607,ensemble
ETH,phase3_crypto,xgb,phase3_crypto_xgb,2025-11-23,2025-11-24,0.05250671846439223,-0.007388125918805599,0.0011106423577716216,2801.676025390625,2952.71337890625,2781.0531660791626,ensemble
ETH,phase3_crypto,xgb,phase3_crypto_xgb,2025-11-24,2025-11-25,0.0017672851723719149,-0.0009446635434869677,0.004334272556879799,2952.71337890625,2957.936279296875,2949.9253752928494,ensemble
ETH,phase3_crypto,xgb,phase3_crypto_xgb,2025-11-25,2025-11-26,0.023348428095094007,-0.00463142195949331,0.00583194597088318,2957.936279296875,3027.81201171875,2944.268503308303,ensemble
ETH,phase3_crypto,xgb,phase3_crypto_xgb,2025-11-26,2025-11-27,-0.004392260426713515,-0.006582357082515955,0.0064924664065947055,3027.81201171875,3014.542236328125,3007.947321843701,ensemble
ETH,phase3_crypto,xgb,phase3_crypto_xgb,2025-11-27,2025-11-28,0.005874882913213043,-0.0038001594599336385,0.0022599510270127476,3014.542236328125,3032.304443359375,3003.1082344067236,ensemble
ETH,phase3_crypto,xgb,phase3_crypto_xgb,2025-11-28,2025-11-29,-0.013485997805236051,0.0039006944978609683,0.001520805921526915,3032.304443359375,2991.685302734375,3044.1556355307416,ensemble
ETH,phase3_crypto,xgb,phase3_crypto_xgb,2025-11-29,2025-11-30,0.00014280097860070945,0.0026246545370668174,0.002431712183255055,2991.685302734375,2992.112548828125,2999.5477567368785,ensemble
ETH,phase3_crypto,xgb,phase3_crypto_xgb,2025-11-30,2025-12-01,-0.0662927736435053,-0.007010074518620968,0.003010328790485747,2992.112548828125,2800.18896484375,2971.210963322631,ensemble
ETH,phase3_crypto,xgb,phase3_crypto_xgb,2025-12-01,2025-12-02,0.06823838280892502,0.007767315302044153,0.002156522108334936,2800.18896484375,2997.939697265625,2822.0236039264296,ensemble
ETH,phase3_crypto,xgb,phase3_crypto_xgb,2025-12-02,2025-12-03,0.06258823046337834,0.00048819027142599225,0.0058122666518225395,2997.939697265625,3191.57177734375,2999.4036195673903,ensemble
ETH,phase3_crypto,xgb,phase3_crypto_xgb,2025-12-03,2025-12-04,-0.01810241754529839,0.012926278516010825,0.01167939250521208,3191.57177734375,3134.31640625,3233.0947133935347,ensemble
ETH,phase3_crypto,xgb,phase3_crypto_xgb,2025-12-04,2025-12-05,-0.03568750802814642,-0.016168672405183316,0.0019458142920491628,3134.31640625,3024.432861328125,3084.0461677297076,ensemble
ETH,phase3_crypto,xgb,phase3_crypto_xgb,2025-12-05,2025-12-06,0.005202266348911221,0.004480571718886495,0.004836572291157995,3024.432861328125,3040.207763671875,3038.0144535999216,ensemble
ETH,phase3_crypto,xgb,phase3_crypto_xgb,2025-12-06,2025-12-07,0.006914380156550823,-0.013645481877028942,0.0017030396255403534,3040.207763671875,3061.3017578125,2999.0044227846543,ensemble
ETH,phase3_crypto,xgb,phase3_crypto_xgb,2025-12-07,2025-12-08,0.020657404003744346,-0.007444341946393251,0.00450861040928969,3061.3017578125,3125.197998046875,3038.5969965841505,ensemble
ETH,phase3_crypto,xgb,phase3_crypto_xgb,2025-12-08,2025-12-09,0.06080292642241868,0.0015971525077475234,0.0018307116096669522,3125.197998046875,3321.114990234375,3130.193404017353,ensemble
ETH,phase3_crypto,xgb,phase3_crypto_xgb,2025-12-09,2025-12-10,0.001286434597521452,-0.006663277689949609,0.00767272811538729,3321.114990234375,3325.39013671875,3299.0590428707906,ensemble
ETH,phase3_crypto,xgb,phase3_crypto_xgb,2025-12-10,2025-12-11,-0.02692245348848621,-0.0019217539844248676,0.003470739200458896,3325.39013671875,3237.056884765625,3319.005691605048,ensemble
ETH,phase3_crypto,xgb,phase3_crypto_xgb,2025-12-11,2025-12-12,-0.048381125268667786,-0.01334019862115383,0.005351913445281069,3237.056884765625,3084.172607421875,3194.160661198443,ensemble
ETH,phase3_crypto,xgb,phase3_crypto_xgb,2025-12-12,2025-12-13,0.010489822947687412,-0.011230563558638097,0.0030038638225093426,3084.172607421875,3116.6953125,3049.7293813616275,ensemble
ETH,phase3_crypto,xgb,phase3_crypto_xgb,2025-12-13,2025-12-14,-0.01816399360114702,0.0026012871880084277,0.0025766914863103686,3116.6953125,3060.5947265625,3124.813286098035,ensemble
ETH,phase3_crypto,xgb,phase3_crypto_xgb,2025-12-14,2025-12-15,-0.03200777016588088,-0.00026998831890523434,0.00797027312574037,3060.5947265625,2964.18310546875,3059.768513276412,ensemble
ETH,phase3_crypto,xgb,phase3_crypto_xgb,2025-12-15,2025-12-16,-7.412721688312701e-07,-0.0028872941998997702,0.003892514012237684,2964.18310546875,2964.180908203125,2955.636980306736,ensemble
ETH,phase3_crypto,xgb,phase3_crypto_xgb,2025-12-16,2025-12-17,-0.045828192848759323,0.0075878739356994625,0.0033109137697518547,2964.180908203125,2831.403564453125,2986.7582880875116,ensemble
ETH,phase3_crypto,xgb,phase3_crypto_xgb,2025-12-17,2025-12-18,-0.0015320294953636582,-0.016310510225594044,0.0021488356862243646,2831.403564453125,2827.069091796875,2785.5965113763014,ensemble
ETH,phase3_crypto,xgb,phase3_crypto_xgb,2025-12-18,2025-12-19,0.05200157806139122,-0.01427690889686346,0.0018845541607595336,2827.069091796875,2977.970703125,2786.994038576374,ensemble
ETH,phase3_crypto,xgb,phase3_crypto_xgb,2025-12-19,2025-12-20,-0.0001303602133292682,-0.008743180148303508,0.0041019547829426704,2977.970703125,2977.58251953125,2952.0472605942928,ensemble
ETH,phase3_crypto,xgb,phase3_crypto_xgb,2025-12-20,2025-12-21,0.008038330984924418,-0.004593014577403664,0.0020317611093965864,2977.58251953125,3001.61376953125,2963.937798801393,ensemble
ETH,phase3_crypto,xgb,phase3_crypto_xgb,2025-12-21,2025-12-22,0.0014847515809792915,0.009137153439223767,0.00397815892009731,3001.61376953125,3006.07373046875,3029.1656563309452,ensemble
ETH,phase3_crypto,xgb,phase3_crypto_xgb,2025-12-22,2025-12-23,-0.014306326840175283,-0.004982757801190019,0.002037086035432252,3006.07373046875,2963.3740234375,2991.13244844543,ensemble
ETH,phase3_crypto,xgb,phase3_crypto_xgb,2025-12-23,2025-12-24,-0.0060191597554604985,-0.011286087054759263,0.0042494435308443185,2963.3740234375,2945.590576171875,2930.1171492311255,ensemble
ETH,phase3_crypto,xgb,phase3_crypto_xgb,2025-12-24,2025-12-25,-0.014365015056822026,-0.008173390850424766,0.003228366974036918,2945.590576171875,2903.57958984375,2921.613234681618,ensemble
ETH,phase3_crypto,xgb,phase3_crypto_xgb,2025-12-25,2025-12-26,0.007605038907991378,-0.0062208797931816665,0.0038239695103709673,2903.57958984375,2925.74560546875,2885.572837237867,ensemble
ETH,phase3_crypto,xgb,phase3_crypto_xgb,2025-12-26,2025-12-27,0.0075770385642638756,0.006391325173899532,0.004703071503720523,2925.74560546875,2947.998291015625,2944.5048814677225,ensemble
ETH,phase3_crypto,xgb,phase3_crypto_xgb,2025-12-27,2025-12-28,0.00019327323098403297,0.00802307710982859,0.005004963176690931,2947.998291015625,2948.568115234375,2971.745443860205,ensemble
ETH,phase3_crypto,xgb,phase3_crypto_xgb,2025-12-28,2025-12-29,-0.00476952504017534,0.002121146535500884,0.002533881628108925,2948.568115234375,2934.538330078125,2954.82909816033,ensemble
ETH,phase3_crypto,xgb,phase3_crypto_xgb,2025-12-29,2025-12-30,0.012488715813386491,0.0020387289463542403,0.0035884040063381374,2934.538330078125,2971.416748046875,2940.527161043023,ensemble
ETH,phase3_crypto,xgb,phase3_crypto_xgb,2025-12-30,2025-12-31,-0.0014748454494985343,0.01822758335620165,0.002376957475766522,2971.416748046875,2967.03759765625,3026.075126258639,ensemble
ETH,phase3_crypto,xgb,phase3_crypto_xgb,2025-12-31,2026-01-01,0.01117969589667102,-0.016794715821743012,0.0011556420572289131,2967.03759765625,3000.394287109375,2917.623156609806,ensemble
ETH,phase3_crypto,xgb,phase3_crypto_xgb,2026-01-01,2026-01-02,0.04050579142356504,-0.00709711576346308,0.004126273548148257,3000.394287109375,3124.422607421875,2979.175526581634,ensemble
ETH,phase3_crypto,xgb,phase3_crypto_xgb,2026-01-02,2026-01-03,0.0004783333560596635,-0.006995913712307811,0.0025822484288303307,3124.422607421875,3125.91748046875,3102.640697479705,ensemble
ETH,phase3_crypto,xgb,phase3_crypto_xgb,2026-01-03,2026-01-04,0.004721198192569982,0.008706680126488208,0.0026035825412905563,3125.91748046875,3140.71044921875,3153.2526707706975,ensemble
ETH,phase3_crypto,xgb,phase3_crypto_xgb,2026-01-04,2026-01-05,0.02683435946003148,0.008954133372753859,0.001840200701830836,3140.71044921875,3226.13037109375,3168.959071693476,ensemble
ETH,phase3_crypto,xgb,phase3_crypto_xgb,2026-01-05,2026-01-06,0.021410072765534124,0.0010297434171661734,0.002279570762939836,3226.13037109375,3295.94677734375,3229.4541686419216,ensemble
ETH,phase3_crypto,xgb,phase3_crypto_xgb,2026-01-06,2026-01-07,-0.039957957746070624,0.006848795869154855,0.004647809577444985,3295.94677734375,3166.843994140625,3318.5975206380094,ensemble
ETH,phase3_crypto,xgb,phase3_crypto_xgb,2026-01-07,2026-01-08,-0.01992066167813984,-0.005554183665663004,0.004561600617824755,3166.843994140625,3104.382568359375,3149.303517563007,ensemble
ETH,phase3_crypto,xgb,phase3_crypto_xgb,2026-01-08,2026-01-09,-0.006896412519137501,0.00634210454300046,0.0032336723962026167,3104.382568359375,3083.047119140625,3124.1334520318082,ensemble
ETH,phase3_crypto,xgb,phase3_crypto_xgb,2026-01-09,2026-01-10,-0.00021121695136130524,0.00831788582727313,0.00216363772769073,3083.047119140625,3082.39599609375,3108.7985031416865,ensemble
ETH,phase3_crypto,xgb,phase3_crypto_xgb,2026-01-10,2026-01-11,0.011768432191719677,-0.0010778337695228402,0.0023302818350852167,3082.39599609375,3118.88525390625,3079.075475404245,ensemble
ETH,phase3_crypto,xgb,phase3_crypto_xgb,2026-01-11,2026-01-12,-0.008552349240195838,0.010342741291970015,0.004205020249075647,3118.88525390625,3092.3251953125,3151.310470972989,ensemble
ETH,phase3_crypto,xgb,phase3_crypto_xgb,2026-01-12,2026-01-13,0.07167244785080332,-0.005568275647237897,0.0032029868528949804,3092.3251953125,3322.095458984375,3075.154127220964,ensemble
ETH,phase3_crypto,xgb,phase3_crypto_xgb,2026-01-13,2026-01-14,0.009773355035415114,0.02065175399184227,0.0029042666711386047,3322.095458984375,3354.72265625,3391.4158876435326,ensemble
ETH,phase3_crypto,xgb,phase3_crypto_xgb,2026-01-14,2026-01-15,-0.01127779653171091,0.0036019077175296842,0.00342654726404794,3354.72265625,3317.101318359375,3366.827845475504,ensemble
ETH,phase3_crypto,xgb,phase3_crypto_xgb,2026-01-15,2026-01-16,-0.006538811242779367,0.0017077978671295568,0.002249742546601517,3317.101318359375,3295.482177734375,3322.7710969557916,ensemble
ETH,phase3_crypto,xgb,phase3_crypto_xgb,2026-01-16,2026-01-17,0.004052512545503773,0.0015862955944612623,0.0022765517377455486,3295.482177734375,3308.8642578125,3300.713935054264,ensemble
ETH,phase3_crypto,xgb,phase3_crypto_xgb,2026-01-17,2026-01-18,-0.008408684018054191,0.006929661892354488,0.004426636998034404,3308.8642578125,3281.15771484375,3331.873198381713,ensemble
ETH,phase3_crypto,xgb,phase3_crypto_xgb,2026-01-18,2026-01-19,-0.029235184793820444,0.011332781240344047,0.004081908917018077,3281.15771484375,3186.62109375,3318.5538583606103,ensemble
ETH,phase3_crypto,xgb,phase3_crypto_xgb,2026-01-19,2026-01-20,-0.08204732940901807,0.0010499250143766402,0.002083211655729519,3186.62109375,2935.605712890625,3189.968563936505,ensemble
ETH,phase3_crypto,xgb,phase3_crypto_xgb,2026-01-20,2026-01-21,0.014640674097217414,-0.007699935743585229,0.0031351927154491767,2935.605712890625,2978.901123046875,2913.088539179851,ensemble
ETH,phase3_crypto,xgb,phase3_crypto_xgb,2026-01-21,2026-01-22,-0.009873624051331843,-0.007976071070879697,0.0012380093244623333,2978.901123046875,2949.63330078125,2955.2356999859926,ensemble
ETH,phase3_crypto,xgb,phase3_crypto_xgb,2026-01-22,2026-01-23,0.0012275504187740749,-0.0039981851587072015,0.004382407344953546,2949.63330078125,2953.25634765625,2937.8636649646674,ensemble
ETH,phase3_crypto,xgb,phase3_crypto_xgb,2026-01-23,2026-01-24,-0.0015302026847261398,-0.0026268995832651855,0.003271283995087594,2953.25634765625,2948.74072265625,2945.508620493275,ensemble
ETH,phase3_crypto,xgb,phase3_crypto_xgb,2026-01-24,2026-01-25,-0.046095446910964524,0.001930706447456032,0.0012948728137865512,2948.74072265625,2815.90234375,2954.4393748233947,ensemble
ETH,phase3_crypto,xgb,phase3_crypto_xgb,2026-01-25,2026-01-26,0.0385097283715548,0.025308861583471298,0.0025145883790191528,2815.90234375,2926.45703125,2888.079129919647,ensemble
ETH,phase3_crypto,xgb,phase3_crypto_xgb,2026-01-26,2026-01-27,0.03219617504335294,-0.0019675894640386105,0.00474007580768584,2926.45703125,3022.2109375,2920.7046262698923,ensemble
ETH,phase3_crypto,xgb,phase3_crypto_xgb,2026-01-27,2026-01-28,-0.005176321307197195,-0.0019413075409829617,0.0033380622046774696,3022.2109375,3006.607421875,3016.3495877985715,ensemble
ETH,phase3_crypto,xgb,phase3_crypto_xgb,2026-01-28,2026-01-29,-0.06470236643237812,-0.008093637228012086,0.0032387130698524657,3006.607421875,2818.232666015625,2982.371243834779,ensemble
ETH,phase3_crypto,xgb,phase3_crypto_xgb,2026-01-29,2026-01-30,-0.04197886796827195,-0.006288867210969329,0.003098672321280877,2818.232666015625,2702.375244140625,2800.5647887067053,ensemble
ETH,phase3_crypto,xgb,phase3_crypto_xgb,2026-01-30,2026-01-31,-0.10004843937927187,0.0031395690399222075,0.0025041613293736984,2702.375244140625,2445.091796875,2710.872870253294,ensemble
ETH,phase3_crypto,xgb,phase3_crypto_xgb,2026-01-31,2026-02-01,-0.07519978220290023,0.021135631203651428,0.003567277212773078,2445.091796875,2267.96484375,2497.3203528430445,ensemble
ETH,phase3_crypto,xgb,phase3_crypto_xgb,2026-02-01,2026-02-02,0.03312814665299069,0.027762096747756003,0.0032976381523155025,2267.96484375,2344.356689453125,2331.810446450097,ensemble
ETH,phase3_crypto,xgb,phase3_crypto_xgb,2026-02-02,2026-02-03,-0.05110473707553693,-0.017524604499340058,0.005900378814596551,2344.356689453125,2227.558837890625,2303.6306617110936,ensemble
ETH,phase3_crypto,xgb,phase3_crypto_xgb,2026-02-03,2026-02-04,-0.03846435100865618,0.010437489487230778,0.005400247945412094,2227.558837890625,2143.504150390625,2250.9307195481865,ensemble
ETH,phase3_crypto,xgb,phase3_crypto_xgb,2026-02-04,2026-02-05,-0.16268108635736284,-0.008523624017834663,0.003663086928809137,2143.504150390625,1821.68310546875,2125.3113712817767,ensemble
ETH,phase3_crypto,xgb,phase3_crypto_xgb,2026-02-05,2026-02-06,0.12458793243377704,0.010728164855390788,0.00539993724133839,1821.68310546875,2063.386962890625,1841.331629992499,ensemble
ETH,phase3_crypto,xgb,phase3_crypto_xgb,2026-02-06,2026-02-07,0.013078072860626821,0.004407565202564001,0.007996081573913608,2063.386962890625,2090.54931640625,2072.501547274702,ensemble
ETH,phase3_crypto,xgb,phase3_crypto_xgb,2026-02-07,2026-02-08,-0.00085486651992098,0.00744619459437672,0.005293304111807142,2090.54931640625,2088.762939453125,2106.1740536485586,ensemble
ETH,phase3_crypto,xgb,phase3_crypto_xgb,2026-02-08,2026-02-09,0.007062777520560773,0.008344958990346641,0.004648594332278972,2088.762939453125,2103.567626953125,2106.2665122454564,ensemble
ETH,phase3_crypto,xgb,phase3_crypto_xgb,2026-02-09,2026-02-10,-0.04078608660125574,0.007358306366950273,0.005441410144620995,2103.567626953125,2019.4974365234373,2119.1034104448736,ensemble
ETH,phase3_crypto,xgb,phase3_crypto_xgb,2026-02-10,2026-02-11,-0.03984048759789168,0.003679912688676268,0.002545835402302683,2019.4974365234373,1940.621337890625,2026.9427013252275,ensemble
ETH,phase3_crypto,xgb,phase3_crypto_xgb,2026-02-11,2026-02-12,0.003251056309532056,-0.0201918913051486,0.006242477273850847,1940.621337890625,1946.940673828125,1901.8294812327654,ensemble
ETH,phase3_crypto,xgb,phase3_crypto_xgb,2026-02-12,2026-02-13,0.05086191072713562,-0.004809377435594797,0.0030261251260778194,1946.940673828125,2048.52734375,1937.599581706845,ensemble
ETH,phase3_crypto,xgb,phase3_crypto_xgb,2026-02-13,2026-02-14,0.018131871977993777,0.010639682412147522,0.006002202828105364,2048.52734375,2086.009765625,2070.43938597685,ensemble
ETH,phase3_crypto,xgb,phase3_crypto_xgb,2026-02-14,2026-02-15,-0.05923016066341757,0.014290702529251575,0.003277863251971641,2086.009765625,1966.04296875,2116.0343357821434,ensemble
ETH,phase3_crypto,xgb,phase3_crypto_xgb,2026-02-15,2026-02-16,0.016082623092426845,-0.013964033871889114,0.0031974228002999506,1966.04296875,1997.917724609375,1938.7798725509654,ensemble
ETH,phase3_crypto,xgb,phase3_crypto_xgb,2026-02-16,2026-02-17,-0.002868787898831094,-0.009386975783854723,0.003277241024955401,1997.917724609375,1992.1943359375,1979.2510681046115,ensemble
ETH,phase3_crypto,xgb,phase3_crypto_xgb,2026-02-17,2026-02-18,-0.019371403139241388,-0.010741514340043067,0.0037014660744760105,1992.1943359375,1953.97412109375,1970.9096713268318,ensemble
ETH,phase3_crypto,xgb,phase3_crypto_xgb,2026-02-18,2026-02-19,-0.002958901252870125,0.02316137235611677,0.009303756776659854,1953.97412109375,1948.2010498046875,1999.7590170441645,ensemble
ETH,phase3_crypto,xgb,phase3_crypto_xgb,2026-02-19,2026-02-20,0.010630736664791151,-0.005462482641451061,0.0023008908833846687,1948.2010498046875,1969.0223388671875,1937.5880484457696,ensemble
ETH,phase3_crypto,xgb,phase3_crypto_xgb,2026-02-20,2026-02-21,0.0023916477643178046,-0.0003522612154483795,0.004166935831466318,1969.0223388671875,1973.7371826171875,1968.328850816496,ensemble
ETH,phase3_crypto,xgb,phase3_crypto_xgb,2026-02-21,2026-02-22,-0.008104381025179103,0.005231490265578032,0.0022983574452101327,1973.7371826171875,1957.805908203125,1984.0898257393767,ensemble
ETH,phase3_crypto,xgb,phase3_crypto_xgb,2026-02-22,2026-02-23,-0.053668696967508325,-0.008919042721390723,0.0053347804345887815,1957.805908203125,1855.5028076171875,1940.4217937385206,ensemble
ETH,phase3_crypto,xgb,phase3_crypto_xgb,2026-02-23,2026-02-24,-0.001366236763411363,0.0026184989605098964,0.006981731167683662,1855.5028076171875,1852.969482421875,1860.367806507672,ensemble
ETH,phase3_crypto,xgb,phase3_crypto_xgb,2026-02-24,2026-02-25,0.10330529755605292,-0.014008188247680664,0.004281142741220625,1852.969482421875,2054.6279296875,1827.1936946344504,ensemble
ETH,phase3_crypto,xgb,phase3_crypto_xgb,2026-02-25,2026-02-26,-0.013640230652308093,0.018804326467216016,0.006060841031005095,2054.6279296875,2026.7926025390625,2093.6293727353823,ensemble
ETH,phase3_crypto,xgb,phase3_crypto_xgb,2026-02-26,2026-02-27,-0.04853988358482078,0.006938979570986703,0.008972551293313098,2026.7926025390625,1930.7618408203125,2040.9053825218807,ensemble
ETH,phase3_crypto,xgb,phase3_crypto_xgb,2026-02-27,2026-02-28,0.017603302415937827,0.0007258012075908483,0.003513775144035761,1930.7618408203125,1965.050537109375,1932.1636987695063,ensemble
ETH,phase3_crypto,xgb,phase3_crypto_xgb,2026-02-28,2026-03-01,-0.013311214361673498,-0.010469626681879163,0.008444513007752046,1965.050537109375,1939.066650390625,1944.5845143288805,ensemble
ETH,phase3_crypto,xgb,phase3_crypto_xgb,2026-03-01,2026-03-02,0.04448277882265156,0.0050100910943001505,0.0061602960191042035,1939.066650390625,2027.2689208984373,1948.8059279086447,ensemble
ETH,phase3_crypto,xgb,phase3_crypto_xgb,2026-03-02,2026-03-03,-0.02219521539096451,-0.005072123164427467,0.0041057646246335,2027.2689208984373,1982.7689208984373,2017.012396410585,ensemble
ETH,phase3_crypto,xgb,phase3_crypto_xgb,2026-03-03,2026-03-04,0.06998564880773499,-0.016891153529286385,0.003902278650442486,1982.7689208984373,2126.50537109375,1949.5589337327247,ensemble
ETH,phase3_crypto,xgb,phase3_crypto_xgb,2026-03-04,2026-03-05,-0.026156066067129717,0.015004245005548,0.005448466286599901,2126.50537109375,2071.60546875,2158.652547645355,ensemble
ETH,phase3_crypto,xgb,phase3_crypto_xgb,2026-03-05,2026-03-06,-0.04585794631276462,-0.0037195141427218913,0.0048015700859769875,2071.60546875,1978.751220703125,2063.914415268946,ensemble
ETH,phase3_crypto,xgb,phase3_crypto_xgb,2026-03-06,2026-03-07,-0.004708868776353749,0.013020564429461956,0.002548003984459995,1978.751220703125,1969.4554443359373,2004.6841427258494,ensemble
ETH,phase3_crypto,xgb,phase3_crypto_xgb,2026-03-07,2026-03-08,-0.016820776457913442,-0.016564447060227395,0.00404470584475116,1969.4554443359373,1936.604736328125,1937.1012086812552,ensemble
ETH,phase3_crypto,xgb,phase3_crypto_xgb,2026-03-08,2026-03-09,0.028673744603590037,-0.012631937116384506,0.003724179083985274,1936.604736328125,1992.938232421875,1912.2955265267367,ensemble
ETH,phase3_crypto,xgb,phase3_crypto_xgb,2026-03-09,2026-03-10,0.021927234478122906,-0.009123255964368582,0.004736800819171687,1992.938232421875,2037.1204833984373,1974.8388350637235,ensemble
ETH,phase3_crypto,xgb,phase3_crypto_xgb,2026-03-10,2026-03-11,0.007069651069372434,-0.0023706899024546146,0.002969308500795137,2037.1204833984373,2051.5732421875,2032.296822399722,ensemble
ETH,phase3_crypto,xgb,phase3_crypto_xgb,2026-03-11,2026-03-12,0.010455613837732266,0.0032716022804379465,0.0033697348625647654,2051.5732421875,2073.13623046875,2058.296165253844,ensemble
ETH,phase3_crypto,xgb,phase3_crypto_xgb,2026-03-12,2026-03-13,0.00932731032254328,0.0019526159740053117,0.002627987623494146,2073.13623046875,2092.5634765625,2077.1882240949703,ensemble
ETH,phase3_crypto,xgb,phase3_crypto_xgb,2026-03-13,2026-03-14,0.0021592233043722896,0.0022919385402929036,0.001883556917637197,2092.5634765625,2097.086669921875,2097.3650037431803,ensemble
ETH,phase3_crypto,xgb,phase3_crypto_xgb,2026-03-14,2026-03-15,0.03761747257489843,-0.004536296078003943,0.0021618011332939172,2097.086669921875,2177.476318359375,2087.5952082024155,ensemble
ETH,phase3_crypto,xgb,phase3_crypto_xgb,2026-03-15,2026-03-16,0.0767490852405507,-0.010931923054158688,0.0050346143729767655,2177.476318359375,2351.176025390625,2153.8019537314913,ensemble
ETH,phase3_crypto,xgb,phase3_crypto_xgb,2026-03-16,2026-03-17,-0.014187828746907258,-0.01151103200390935,0.006435031561075663,2351.176025390625,2318.053466796875,2324.2667368874986,ensemble
ETH,phase3_crypto,xgb,phase3_crypto_xgb,2026-03-17,2026-03-18,-0.05060291819156262,0.014043367188423871,0.005146557205206172,2318.053466796875,2203.671630859375,2350.83639537006,ensemble
ETH,phase3_crypto,xgb,phase3_crypto_xgb,2026-03-18,2026-03-19,-0.030523607148640667,-0.023395683988928793,0.0028499513576056377,2203.671630859375,2137.423828125,2152.713648527953,ensemble
ETH,phase3_crypto,xgb,phase3_crypto_xgb,2026-03-19,2026-03-20,0.004235958585431247,-0.00048608547949697823,0.00391121256221685,2137.423828125,2146.4970703125,2136.38510991199,ensemble
ETH,phase3_crypto,xgb,phase3_crypto_xgb,2026-03-20,2026-03-21,-0.033061992006107994,0.005364531418308616,0.0036779773631499153,2146.4970703125,2076.68994140625,2158.0429627477083,ensemble
ETH,phase3_crypto,xgb,phase3_crypto_xgb,2026-03-21,2026-03-22,-0.011449568094526609,-0.0035157624166458844,0.0034063844185838786,2076.68994140625,2053.04833984375,2069.4016124830146,ensemble
ETH,phase3_crypto,xgb,phase3_crypto_xgb,2026-03-22,2026-03-23,0.04713979833568274,-0.01813466418534517,0.0074549054389962946,2053.04833984375,2152.14599609375,2016.152555119344,ensemble
ETH,phase3_crypto,xgb,phase3_crypto_xgb,2026-03-23,2026-03-24,0.0016520306586044232,-0.004289198422338813,0.004743363791941591,2152.14599609375,2155.704345703125,2142.93478336394,ensemble
ETH,phase3_crypto,xgb,phase3_crypto_xgb,2026-03-24,2026-03-25,0.005697480587391201,0.007347716949880123,0.002071935443260398,2155.704345703125,2168.021484375,2171.6021859525417,ensemble
ETH,phase3_crypto,xgb,phase3_crypto_xgb,2026-03-25,2026-03-26,-0.05131370661715102,-0.009526411723345517,0.003923823246077157,2168.021484375,2059.578369140625,2147.4660841469367,ensemble
ETH,phase3_crypto,xgb,phase3_crypto_xgb,2026-03-26,2026-03-27,-0.033727669892453536,-0.010650752112269402,0.003909981604889047,2059.578369140625,1991.27197265625,2037.7587146063138,ensemble
ETH,phase3_crypto,xgb,phase3_crypto_xgb,2026-03-27,2026-03-28,0.0007141663784116856,-0.005342469993047416,0.0033329808351846815,1991.27197265625,1992.694580078125,1980.6620287834485,ensemble
ETH,phase3_crypto,xgb,phase3_crypto_xgb,2026-03-28,2026-03-29,-0.005098999439741094,0.001485094241797924,0.004654072797224085,1992.694580078125,1982.5596923828125,1995.6561178617085,ensemble
ETH,phase3_crypto,xgb,phase3_crypto_xgb,2026-03-29,2026-03-30,0.02044726139354914,-0.008613590709865093,0.004652329940792218,1982.5596923828125,2023.514892578125,1965.5560708831922,ensemble
ETH,phase3_crypto,xgb,phase3_crypto_xgb,2026-03-30,2026-03-31,0.039340814763852025,-0.009362233243882656,0.0039571118290837775,2023.514892578125,2104.708251953125,2004.6586800422028,ensemble
ETH,phase3_crypto,xgb,phase3_crypto_xgb,2026-03-31,2026-04-01,0.016038636316827372,0.0021945607848465444,0.00232072502702404,2104.708251953125,2138.737060546875,2109.3322340955488,ensemble
ETH,phase3_crypto,xgb,phase3_crypto_xgb,2026-04-01,2026-04-02,-0.03903857547596571,-0.0017331471724901348,0.002178970825617546,2138.737060546875,2056.8525390625,2135.0335247710236,ensemble
ETH,phase3_crypto,xgb,phase3_crypto_xgb,2026-04-02,2026-04-03,-0.0016871461717564678,0.005427785543724894,0.0016924064371664684,2056.8525390625,2053.38525390625,2068.047046749793,ensemble
ETH,phase3_crypto,xgb,phase3_crypto_xgb,2026-04-03,2026-04-04,0.00581068555550107,0.007278712000697851,0.0020349505049953877,2053.38525390625,2065.3515625,2068.3857798230933,ensemble
ETH,phase3_crypto,xgb,phase3_crypto_xgb,2026-04-04,2026-04-05,0.020911357684258978,0.008820440387353301,0.0032880610221851917,2065.3515625,2108.99560546875,2083.649451925987,ensemble
ETH,phase3_crypto,xgb,phase3_crypto_xgb,2026-04-05,2026-04-06,-0.0005853459761497797,0.006354007171466947,0.003406912980125133,2108.99560546875,2107.761474609375,2122.4388426541555,ensemble
ETH,phase3_crypto,xgb,phase3_crypto_xgb,2026-04-06,2026-04-07,0.06165560497032879,-0.00484959059394896,0.0020157867813217763,2107.761474609375,2241.806640625,2097.564440094087,ensemble
ETH,phase3_crypto,xgb,phase3_crypto_xgb,2026-04-07,2026-04-08,-0.02322737152703056,0.015195431374013423,0.005821912993836267,2241.806640625,2190.33544921875,2276.1319933798127,ensemble
ETH,phase3_crypto,xgb,phase3_crypto_xgb,2026-04-08,2026-04-09,-0.0005440857898826656,-0.006485753878951073,0.0021273622113561676,2190.33544921875,2189.14404296875,2176.1754413823473,ensemble
ETH,phase3_crypto,xgb,phase3_crypto_xgb,2026-04-09,2026-04-10,0.025261127435567108,0.010823475942015649,0.0025563999924530776,2189.14404296875,2245.148681640625,2212.966881244601,ensemble
ETH,phase3_crypto,xgb,phase3_crypto_xgb,2026-04-10,2026-04-11,0.017765001038666954,0.007285214308649301,0.0014917577322581372,2245.148681640625,2285.39013671875,2261.5647957898564,ensemble
ETH,phase3_crypto,xgb,phase3_crypto_xgb,2026-04-11,2026-04-12,-0.04163060757712065,-0.0006756364076863974,0.0022195549010189976,2285.39013671875,2192.201171875,2283.8465654418096,ensemble
ETH,phase3_crypto,xgb,phase3_crypto_xgb,2026-04-12,2026-04-13,0.07828539113868566,0.02379011958837509,0.0033442838973610934,2192.201171875,2370.71484375,2244.9792086107564,ensemble
ETH,phase3_crypto,xgb,phase3_crypto_xgb,2026-04-13,2026-04-14,-0.02019924377033633,-0.007116425409913063,0.004232745451933237,2370.71484375,2323.30859375,2353.9037169092026,ensemble
ETH,phase3_crypto,xgb,phase3_crypto_xgb,2026-04-14,2026-04-15,0.015430748489014857,-0.0024198834900744258,0.008801350357438207,2323.30859375,2359.43701171875,2317.6932546150765,ensemble
ETH,phase3_crypto,xgb,phase3_crypto_xgb,2026-04-15,2026-04-16,-0.004584461790341291,0.001164264211547561,0.0010271863392550243,2359.43701171875,2348.64501953125,2362.1856195332693,ensemble
ETH,phase3_crypto,xgb,phase3_crypto_xgb,2026-04-16,2026-04-17,0.03037175089257519,-0.0009388574573677034,0.0021930864912333356,2348.64501953125,2421.07177734375,2346.44101142657,ensemble
ETH,phase3_crypto,xgb,phase3_crypto_xgb,2026-04-17,2026-04-18,-0.029326772361462847,-0.0024600568838650362,0.0027879499158925893,2421.07177734375,2351.1005859375,2415.123123065562,ensemble
ETH,phase3_crypto,xgb,phase3_crypto_xgb,2026-04-18,2026-04-19,-0.0373454427406088,0.01180733609944582,0.0020336522255260895,2351.1005859375,2264.9169921875,2379.025354902942,ensemble
ETH,phase3_crypto,xgb,phase3_crypto_xgb,2026-04-19,2026-04-20,0.021963323579239753,-0.01793680340051651,0.0028084012362410253,2264.9169921875,2315.21240234375,2224.653797365425,ensemble
ETH,phase3_crypto,xgb,phase3_crypto_xgb,2026-04-20,2026-04-21,0.0054954065471357755,-0.008960632607340813,0.005287759961457216,2315.21240234375,2327.970458984375,2294.5593051975543,ensemble
ETH,phase3_crypto,xgb,phase3_crypto_xgb,2026-04-21,2026-04-22,0.02045865422003999,-0.0001567831262946129,0.003784237802012308,2327.970458984375,2376.088134765625,2327.60550110826,ensemble
ETH,phase3_crypto,xgb,phase3_crypto_xgb,2026-04-22,2026-04-23,-0.0189376886242059,-0.014998722076416015,0.0031429320994740798,2376.088134765625,2331.513916015625,2340.7157823607786,ensemble
ETH,phase3_crypto,xgb,phase3_crypto_xgb,2026-04-23,2026-04-24,-0.006810026535066284,0.0017037671525031329,0.0029948982746813776,2331.513916015625,2315.690185546875,2335.489658749535,ensemble
ETH,phase3_crypto,xgb,phase3_crypto_xgb,2026-04-24,2026-04-25,0.001354581263398566,0.0024992413469590246,0.0050115916496024,2315.690185546875,2318.8291015625,2321.484892374545,ensemble
ETH,phase3_crypto,xgb,phase3_crypto_xgb,2026-04-25,2026-04-26,0.02171324359272805,0.006608411949127912,0.002403314110849913,2318.8291015625,2369.72900390625,2334.2036241427877,ensemble
ETH,phase3_crypto,xgb,phase3_crypto_xgb,2026-04-26,2026-04-27,-0.02853520923910551,0.0011214351397939026,0.0031192222820368384,2369.72900390625,2303.06396484375,2372.3879919456654,ensemble
ETH,phase3_crypto,xgb,phase3_crypto_xgb,2026-04-27,2026-04-28,-0.005942025412355139,0.005940567562356591,0.0035636859044710714,2303.06396484375,2289.419677734375,2316.7861904764245,ensemble
ETH,phase3_crypto,xgb,phase3_crypto_xgb,2026-04-28,2026-04-29,-0.01585118391858995,0.0034408703912049534,0.001343031357424392,2289.419677734375,2253.415771484375,2297.310842568571,ensemble
ETH,phase3_crypto,xgb,phase3_crypto_xgb,2026-04-29,2026-04-30,0.0012574984349416124,-0.0003279740223661065,0.0026702915085384214,2253.415771484375,2256.251220703125,2252.6768308330306,ensemble
ETH,phase3_crypto,xgb,phase3_crypto_xgb,2026-04-30,2026-05-01,0.017069008220622378,-0.0008624421432614326,0.0032969230781575935,2256.251220703125,2295.09375,2254.306173430536,ensemble
ETH,phase3_crypto,xgb,phase3_crypto_xgb,2026-05-01,2026-05-02,0.00916800638403556,-0.003113638237118721,0.003573103667639056,2295.09375,2316.23193359375,2287.9587719767387,ensemble
ETH,phase3_crypto,xgb,phase3_crypto_xgb,2026-05-02,2026-05-03,0.0023302997915724253,0.0012803902674932033,0.0010060160505962605,2316.23193359375,2321.6357421875,2319.199513843795,ensemble
ETH,phase3_crypto,xgb,phase3_crypto_xgb,2026-05-03,2026-05-04,0.010608949945406291,0.004193473922350676,0.00320153815070698,2321.6357421875,2346.39697265625,2331.391902935382,ensemble
ETH,phase3_crypto,xgb,phase3_crypto_xgb,2026-05-04,2026-05-05,0.00628165402969772,0.008134881919249892,0.005863013323287895,2346.39697265625,2361.1826171875,2365.562483857994,ensemble
ETH,phase3_crypto,xgb,phase3_crypto_xgb,2026-05-05,2026-05-06,-0.004406055141063485,-0.001936890627257526,0.0030195370686635237,2361.1826171875,2350.802001953125,2356.613690890664,ensemble
ETH,phase3_crypto,xgb,phase3_crypto_xgb,2026-05-06,2026-05-07,-0.02572114978849261,0.007685230113565922,0.003220917177517845,2350.802001953125,2291.107666015625,2368.9380569036866,ensemble
ETH,phase3_crypto,xgb,phase3_crypto_xgb,2026-05-07,2026-05-08,0.006900517380177334,0.005781464790925383,0.0028088593403544724,2291.107666015625,2306.97216796875,2304.3919887382353,ensemble
ETH,phase3_crypto,xgb,phase3_crypto_xgb,2026-05-08,2026-05-09,0.008526770803293412,0.0008461899240501225,0.003064623045547514,2306.97216796875,2326.727294921875,2308.925130744528,ensemble
ETH,phase3_crypto,xgb,phase3_crypto_xgb,2026-05-09,2026-05-10,0.018023789401602215,-0.00017984257210628128,0.0006906343667933559,2326.727294921875,2369.0439453125,2326.308887925389,ensemble
ETH,phase3_crypto,xgb,phase3_crypto_xgb,2026-05-10,2026-05-11,-0.012608728464913158,-0.001513747882563621,0.0034136135125953696,2369.0439453125,2339.36083984375,2365.4605229398617,ensemble
ETH,phase3_crypto,xgb,phase3_crypto_xgb,2026-05-11,2026-05-12,-0.028054385823506677,0.0010564118623733521,0.004234644359168125,2339.36083984375,2274.6435546875,2341.833474215517,ensemble
ETH,phase3_crypto,xgb,phase3_crypto_xgb,2026-05-12,2026-05-13,-0.007531505292275851,0.008593642432242633,0.004374122375137618,2274.6435546875,2257.576416015625,2294.2752611724486,ensemble
ETH,phase3_crypto,xgb,phase3_crypto_xgb,2026-05-13,2026-05-14,0.01029350969888902,0.004573026206344366,0.0038029074483784094,2257.576416015625,2280.934814453125,2267.924014014402,ensemble
ETH,phase3_crypto,xgb,phase3_crypto_xgb,2026-05-14,2026-05-15,-0.025579807171991084,-0.001269322686130181,0.0033935584379297936,2280.934814453125,2223.328857421875,2278.041408868713,ensemble
ETH,phase3_crypto,xgb,phase3_crypto_xgb,2026-05-15,2026-05-16,-0.019794470746775893,-0.003209955873899162,0.003527966202053674,2223.328857421875,2179.751953125,2216.2035120367073,ensemble
ETH,phase3_crypto,xgb,phase3_crypto_xgb,2026-05-16,2026-05-17,-0.024195229175847065,0.00407775360145024,0.002702510023934243,2179.751953125,2127.645263671875,2188.658591699201,ensemble
ETH,phase3_crypto,xgb,phase3_crypto_xgb,2026-05-17,2026-05-18,0.0004092183281597835,-0.005303622037172317,0.0036199172343365483,2127.645263671875,2128.51611328125,2116.3909081686884,ensemble
ETH,phase3_crypto,xgb,phase3_crypto_xgb,2026-05-18,2026-05-19,-0.00875425372369268,-0.018125643208622932,0.004498202901529195,2128.51611328125,2109.9638671875,2090.2829368569537,ensemble
ETH,phase3_crypto,xgb,phase3_crypto_xgb,2026-05-19,2026-05-20,0.008033908248005973,0.0010238990653306246,0.006156166560369127,2109.9638671875,2126.9833984375,2112.1253636072393,ensemble
ETH,phase3_crypto,xgb,phase3_crypto_xgb,2026-05-20,2026-05-21,0.002079303908552925,-0.006088563380762935,0.0031099398386284557,2126.9833984375,2131.41064453125,2114.0724695951994,ensemble
ETH,phase3_crypto,xgb,phase3_crypto_xgb,2026-05-21,2026-05-22,-0.031829628880296966,0.009381868131458759,0.005194921044272389,2131.41064453125,2064.636962890625,2151.5013549659893,ensemble
ETH,phase3_crypto,xgb,phase3_crypto_xgb,2026-05-22,2026-05-23,0.024550147375465296,-0.006528392620384693,0.004809654872168072,2064.636962890625,2115.951416015625,2051.2021039114306,ensemble
ETH,phase3_crypto,xgb,phase3_crypto_xgb,2026-05-23,2026-05-24,-0.008522952674199372,-0.005046793771907687,0.001982090017630953,2115.951416015625,2097.993896484375,2105.299547089192,ensemble
ETH,phase3_crypto,xgb,phase3_crypto_xgb,2026-05-24,2026-05-25,0.006355596261768782,0.008033400122076272,0.0016395627538831003,2097.993896484375,2111.370361328125,2114.915800114633,ensemble
ETH,phase3_crypto,xgb,phase3_crypto_xgb,2026-05-25,2026-05-26,-0.019374108363781214,0.0014702069718623533,0.0012531362935296873,2111.370361328125,2070.858154296875,2114.476795744753,ensemble
ETH,phase3_crypto,xgb,phase3_crypto_xgb,2026-05-26,2026-05-27,-0.023777930243884346,-0.009180267062038183,0.0018195311416999782,2070.858154296875,2022.1982421875,2051.9341201419074,ensemble
ETH,phase3_crypto,xgb,phase3_crypto_xgb,2026-05-27,2026-05-28,-0.0072687232435778805,-0.013461604341864586,0.0030793578874164732,2022.1982421875,2007.552734375,1995.158616253742,ensemble
ETH,phase3_crypto,xgb,phase3_crypto_xgb,2026-05-28,2026-05-29,0.00220213888797984,-0.0020859077521890868,0.001750350081409465,2007.552734375,2011.978515625,2003.3695289704942,ensemble
ETH,phase3_crypto,xgb,phase3_crypto_xgb,2026-05-29,2026-05-30,0.0037107092790728668,0.005911183822900057,0.0017856477982080106,2011.978515625,2019.458251953125,2023.9069112145326,ensemble
ETH,phase3_crypto,xgb,phase3_crypto_xgb,2026-05-30,2026-05-31,-0.007513679144432405,-0.006817087577655911,0.0026628911726466857,2019.458251953125,2004.341552734375,2005.738246563043,ensemble
ETH,phase3_crypto,xgb,phase3_crypto_xgb,2026-05-31,2026-06-01,-0.0005591235515652776,-0.005244495254009962,0.0014822688154801414,2004.341552734375,2003.22119140625,1993.8573092866595,ensemble
ETH,phase3_crypto,xgb,phase3_crypto_xgb,2026-06-01,2026-06-02,-0.07540853835127649,-0.010846063215285539,0.003072901920849046,2003.22119140625,1857.71630859375,1981.6115294509311,ensemble
ETH,phase3_crypto,xgb,phase3_crypto_xgb,2026-06-02,2026-06-03,-0.02506448300158351,0.011586226522922516,0.0033370445261492496,1857.71630859375,1811.7322998046875,1879.36540404054,ensemble
ETH,phase3_crypto,xgb,phase3_crypto_xgb,2026-06-03,2026-06-04,-0.023540908919617697,0.008920859824866057,0.0028166525812295677,1811.7322998046875,1769.58056640625,1827.9668149442657,ensemble
ETH,phase3_crypto,xgb,phase3_crypto_xgb,2026-06-04,2026-06-05,-0.11277301635815795,-0.006591935548931361,0.0015759432824696672,1769.58056640625,1580.86083984375,1757.953968357798,ensemble
ETH,phase3_crypto,xgb,phase3_crypto_xgb,2026-06-05,2026-06-06,-0.00767912718680117,-0.0010095856501720845,0.008952233167600701,1580.86083984375,1568.7677001953125,1579.265630810494,ensemble
ETH,phase3_crypto,xgb,phase3_crypto_xgb,2026-06-06,2026-06-07,0.07230344307254986,-0.004430325329303741,0.001690008589199443,1568.7677001953125,1686.396240234375,1561.8329219221184,ensemble
ETH,phase3_crypto,xgb,phase3_crypto_xgb,2026-06-07,2026-06-08,0.002222580242866329,-0.0012982509098947049,0.0038153409563040294,1686.396240234375,1690.1485595703125,1684.2082953390802,ensemble
ETH,phase3_crypto,xgb,phase3_crypto_xgb,2026-06-08,2026-06-09,-0.031519541921552284,-0.0038846951094456015,0.0069340191329558135,1690.1485595703125,1637.7066650390625,1683.5955841233806,ensemble
ETH,phase3_crypto,xgb,phase3_crypto_xgb,2026-06-09,2026-06-10,-0.010785745482471555,-0.0019287042785435915,0.0028254921813078613,1637.7066650390625,1620.1376953125,1634.551057282505,ensemble
ETH,phase3_crypto,xgb,phase3_crypto_xgb,2026-06-10,2026-06-11,0.03167720451879468,-0.01502290777862072,0.0018329771521131215,1620.1376953125,1672.2806396484375,1595.980426668274,ensemble
ETH,phase3_crypto,xgb,phase3_crypto_xgb,2026-06-11,2026-06-12,-0.004286465439468386,-0.012246937118470668,0.005650146002926867,1672.2806396484375,1665.1278076171875,1651.9252239788932,ensemble
ETH,phase3_crypto,xgb,phase3_crypto_xgb,2026-06-12,2026-06-13,0.009019641302053691,0.0013721827534027397,0.0042037555035862656,1665.1278076171875,1680.214599609375,1667.4142356167881,ensemble
ETH,phase3_crypto,xgb,phase3_crypto_xgb,2026-06-13,2026-06-14,0.02608131744744488,-0.012799695320427417,0.0038586183544553477,1680.214599609375,1724.61328125,1658.84541592753,ensemble
ETH,phase3_crypto,xgb,phase3_crypto_xgb,2026-06-14,2026-06-15,0.03998055531190125,-0.015074905566871166,0.004562104817558211,1724.61328125,1794.961181640625,1698.809879474364,ensemble
ETH,phase3_crypto,xgb,phase3_crypto_xgb,2026-06-15,2026-06-16,-0.002545346375384009,-0.009303812682628632,0.0014532373976018666,1794.961181640625,1790.398193359375,1778.3386454207114,ensemble
ETH,phase3_crypto,xgb,phase3_crypto_xgb,2026-06-16,2026-06-17,-0.024031278966082516,-0.008221970300655811,0.005279265758087789,1790.398193359375,1747.885498046875,1775.7379432447024,ensemble
ETH,phase3_crypto,xgb,phase3_crypto_xgb,2026-06-17,2026-06-18,-0.022186275106794908,-0.006918497639708221,0.006154669737363222,1747.885498046875,1709.533447265625,1735.8344918521393,ensemble
ETH,phase3_crypto,xgb,phase3_crypto_xgb,2026-06-18,2026-06-19,0.0008472258287815989,-0.0059898301726207135,0.004193373336962838,1709.533447265625,1710.982421875,1699.3242384793725,ensemble
ETH,phase3_crypto,xgb,phase3_crypto_xgb,2026-06-19,2026-06-20,0.016415812264568657,-0.010540695674717427,0.004210679288037712,1710.982421875,1739.3013916015625,1693.0421942069834,ensemble
ETH,phase3_crypto,xgb,phase3_crypto_xgb,2026-06-20,2026-06-21,-0.020164455160312907,-0.011007386073470116,0.004903921423983454,1739.3013916015625,1704.58056640625,1720.2612132291956,ensemble
ETH,phase3_crypto,xgb,phase3_crypto_xgb,2026-06-21,2026-06-22,0.012783452112487081,-0.006224855454638601,0.006106261588463615,1704.58056640625,1726.5108642578125,1694.0027555976967,ensemble
ETH,phase3_crypto,xgb,phase3_crypto_xgb,2026-06-22,2026-06-23,-0.036015118575190234,0.0038050989620387553,0.005996170187071113,1726.5108642578125,1665.436767578125,1733.0929237074588,ensemble
ETH,phase3_crypto,xgb,phase3_crypto_xgb,2026-06-23,2026-06-24,-0.027707605238555068,-0.0016782135004177689,0.004914854582753635,1665.436767578125,1619.9249267578125,1662.6441530677962,ensemble
ETH,phase3_crypto,xgb,phase3_crypto_xgb,2026-06-24,2026-06-25,-0.03461114583410765,-0.004677560634445399,0.004937019551809312,1619.9249267578125,1564.816650390625,1612.3653237238377,ensemble
ETH,phase3_crypto,xgb,phase3_crypto_xgb,2026-06-25,2026-06-26,0.00751217354974333,0.00638925600796938,0.00256434224369638,1564.816650390625,1576.6160888671875,1574.846672644541,ensemble
ETH,phase3_crypto,xgb,phase3_crypto_xgb,2026-06-26,2026-06-27,-0.003194097811799365,-0.009974998049438,0.002881946287004302,1576.6160888671875,1571.5882568359375,1560.9675234141976,ensemble
ETH,phase3_crypto,xgb,phase3_crypto_xgb,2026-06-27,2026-06-28,-0.0007810761173124416,-0.021193819865584374,0.003922047059108184,1571.5882568359375,1570.3612060546875,1538.6307794754696,ensemble
ETH,phase3_crypto,xgb,phase3_crypto_xgb,2026-06-28,2026-06-29,0.025056343014794192,-0.009402087889611721,0.0019455891927984694,1570.3612060546875,1610.205810546875,1555.6657243379107,ensemble
ETH,phase3_crypto,xgb,phase3_crypto_xgb,2026-06-29,2026-06-30,-0.025551475094469023,-0.02327716164290905,0.004541744085863016,1610.205810546875,1569.5838623046875,1573.1576504128102,ensemble
ETH,phase3_crypto,xgb,phase3_crypto_xgb,2026-06-30,2026-07-01,0.024777910106091337,-0.013129765540361405,0.0022671985975357845,1569.5838623046875,1608.960693359375,1549.1102948869568,ensemble
ETH,phase3_crypto,xgb,phase3_crypto_xgb,2026-07-01,2026-07-02,0.053962428648177775,-0.007448374200612307,0.004400194537559947,1608.960693359375,1698.16943359375,1597.0210726217738,ensemble
ETH,phase3_crypto,xgb,phase3_crypto_xgb,2026-07-02,2026-07-03,0.0337829584823897,0.011316432617604733,0.002236848872639539,1698.16943359375,1756.5186767578125,1717.4958000775646,ensemble
ETH,phase3_crypto,xgb,phase3_crypto_xgb,2026-07-03,2026-07-04,0.012736109597214896,-0.00920847523957491,0.0013180612595596365,1756.5186767578125,1779.032958984375,1740.4180628395075,ensemble
ETH,phase3_crypto,xgb,phase3_crypto_xgb,2026-07-04,2026-07-05,0.002230758380216772,0.006797934416681528,0.002906423827376928,1779.032958984375,1783.0059814453125,1791.1679079266314,ensemble
ETH,phase3_crypto,xgb,phase3_crypto_xgb,2026-07-05,2026-07-06,0.008137134529373787,-0.007711266679689288,0.004012224084438748,1783.0059814453125,1797.57373046875,1769.309622837327,ensemble
ETH,phase3_crypto,xgb,phase3_crypto_xgb,2026-07-06,2026-07-07,-0.016299610142193822,-0.00480796747142449,0.002979997725009928,1797.57373046875,1768.511474609375,1788.9517980396045,ensemble
ETH,phase3_crypto,xgb,phase3_crypto_xgb,2026-07-07,2026-07-08,-0.014715429926392411,-0.0008780958400166128,0.0016757229711502008,1768.511474609375,1742.6776123046875,1766.9592336484022,ensemble
ETH,phase3_crypto,xgb,phase3_crypto_xgb,2026-07-08,2026-07-09,0.0010363767887721133,-0.013235749118030072,0.002735127824131988,1742.6776123046875,1744.484619140625,1719.7639429342537,ensemble
ETH,phase3_crypto,xgb,phase3_crypto_xgb,2026-07-09,2026-07-10,0.028931987175530218,-0.005317422281950712,0.0034044261931032807,1744.484619140625,1795.6932373046875,1735.2330767340748,ensemble
ETH,phase3_crypto,xgb,phase3_crypto_xgb,2026-07-10,2026-07-11,-0.004237766868141637,-0.001262245001271367,0.0020026699308700784,1795.6932373046875,1788.099609375,1793.4280623956874,ensemble
ETH,phase3_crypto,xgb,phase3_crypto_xgb,2026-07-11,2026-07-12,0.00984372406415057,-0.004868170712143183,0.0008295943853105814,1788.099609375,1805.7880859375,1779.4159890488017,ensemble
ETH,phase3_crypto,xgb,phase3_crypto_xgb,2026-07-12,2026-07-13,-0.018041700992512517,0.009368120692670345,0.0010740548916053044,1805.7880859375,1773.500732421875,1822.7844141971639,ensemble
ETH,phase3_crypto,xgb,phase3_crypto_xgb,2026-07-13,2026-07-14,0.06334617578601259,0.010794230969622731,0.006127270055736024,1773.500732421875,1889.4798583984373,1792.7480018047781,ensemble
ETH,phase3_crypto,xgb,phase3_crypto_xgb,2026-07-14,2026-07-15,0.014430524175558828,0.005262309708632529,0.0036713114823844714,1889.4798583984373,1916.9437255859373,1899.4490941991417,ensemble
ETH,phase3_crypto,xgb,phase3_crypto_xgb,2026-07-15,2026-07-16,-0.028440232689138405,0.006639076955616474,0.0019951156003683752,1916.9437255859373,1863.193359375,1929.7128030414121,ensemble
ETH,phase3_crypto,xgb,phase3_crypto_xgb,2026-07-16,2026-07-17,-0.011989404987594009,-0.007686247304081917,0.0017407982993068107,1863.193359375,1840.9881591796875,1848.927290939184,ensemble
ETH,phase3_crypto,xgb,phase3_crypto_xgb,2026-07-17,2026-07-18,0.011022172689536534,-0.011467186361551284,0.002342747453895282,1840.9881591796875,1861.39208984375,1819.9977851470298,ensemble
ETH,phase3_crypto,xgb,phase3_crypto_xgb,2026-07-18,2026-07-19,0.005420170979573819,0.0024759843538049607,0.00349127113138683,1861.39208984375,1871.508544921875,1866.0065778771593,ensemble
ETH,phase3_crypto,xgb,phase3_crypto_xgb,2026-07-19,2026-07-20,0.01708549188125397,0.011908428184688092,0.0033793857620829345,1871.508544921875,1903.7589111328125,1893.9284982799325,ensemble
ETH,phase3_crypto,xgb,phase3_crypto_xgb,2026-07-20,2026-07-21,0.012851931047764876,0.001396950799971819,0.0027228811299654996,1903.7589111328125,1928.3837890625,1906.4202270976157,ensemble
ETH,phase3_crypto,xgb,phase3_crypto_xgb,2026-07-21,2026-07-22,0.0026444810723667356,0.0031043653492815793,0.0030651035457067485,1928.3837890625,1933.4901123046875,1934.379498498595,ensemble
ETH,phase3_crypto,xgb,phase3_crypto_xgb,2026-07-22,2026-07-23,-0.029598568421148785,0.0018241513636894525,0.0058700961306457616,1933.4901123046875,1877.1002197265625,1937.020309758075,ensemble
ETH,phase3_crypto,xgb,phase3_crypto_xgb,2026-07-23,2026-07-24,-0.009056635454748527,-0.0007647865568287671,0.0027780198183556806,1877.1002197265625,1860.1767578125,1875.6651875293076,ensemble
ETH,phase3_crypto,xgb,phase3_crypto_xgb,2026-07-24,2026-07-25,0.006988648574768904,-0.005503561394289136,0.0021282159560671375,1860.1767578125,1873.222412109375,1849.9672808330467,ensemble
ETH,phase3_crypto,xgb,phase3_crypto_xgb,2026-07-25,2026-07-26,0.041917042836694604,-0.0010188573971390725,0.0030077371191058614,1873.222412109375,1953.4112548828125,1871.3148375365593,ensemble
ETH,phase3_crypto,xgb,phase3_crypto_xgb,2026-07-26,2026-07-27,-0.032675812699619874,-0.0005126728676259518,0.0045013615511030735,1953.4112548828125,1890.613525390625,1952.4100506001832,ensemble
ETH,phase3_crypto,xgb,phase3_crypto_xgb,2026-07-27,2026-07-28,0.015396962638548027,0.0065905382623896005,0.0037313787060710515,1890.613525390625,1919.948486328125,1903.1148361026862,ensemble
ETH,phase3_crypto,xgb,phase3_crypto_xgb,2026-07-28,2026-07-29,-0.005970784512141466,0.0002623591921292245,0.003752277759236149,1919.948486328125,1908.51904296875,1920.4522685449856,ensemble
ETH,phase3_crypto,xgb,phase3_crypto_xgb,2026-07-29,2026-07-30,0.004628409644754907,-0.009595175785943866,0.007046130484392119,1908.51904296875,1917.3729248046875,1890.2940431263821,ensemble
ETH,phase3_crypto,xgb,phase3_crypto_xgb,2026-07-30,2026-07-31,-0.03019351719084729,0.010636489000171423,0.0038280222703179767,1917.3729248046875,1860.345947265625,1937.875887296423,ensemble
ETH,phase3_crypto,xgb,phase3_crypto_xgb,2026-07-31,2026-08-01,-0.009141155880177469,-0.0013553323755331804,0.002223136656886597,1860.345947265625,1843.417724609375,1857.8262680607106,ensemble
ETH,phase3_crypto,xgb,phase3_crypto_xgb,2026-08-01,2026-08-02,0.020991044981634618,0.021101273596286774,0.0035965859687437708,1843.417724609375,1882.52197265625,1882.7294918824166,ensemble
ETH,phase3_crypto,xgb,phase3_crypto_xgb,2026-08-02,2026-08-03,-0.012973686445006478,0.0016750180686358363,0.002853957116987702,1882.52197265625,1858.2564697265625,1885.6778733325089,ensemble
ETH,phase3_crypto,xgb,phase3_crypto_xgb,2026-08-03,2026-08-04,0.005436217682913836,0.01202002577483654,0.0020834709416849826,1858.2564697265625,1868.3858642578125,1880.7275412655167,ensemble
ETH,phase3_crypto,xgb,phase3_crypto_xgb,2026-08-04,2026-08-05,0.02020785436698823,0.00023787959944456815,0.0042376970412898235,1868.3858642578125,1906.5260009765625,1868.8303680059007,ensemble
ETH,phase3_crypto,xgb,phase3_crypto_xgb,2026-08-05,2026-08-06,-0.002346545855886157,0.004181346634868533,0.003361642424447486,1906.5260009765625,1902.0574951171875,1914.5145368347323,ensemble
ETH,phase3_crypto,xgb,phase3_crypto_xgb,2026-08-06,2026-08-07,0.005882550580216205,0.00786515949293971,0.0021162651731700924,1902.0574951171875,1913.2794189453125,1917.0764665602992,ensemble
ETH,phase3_crypto,xgb,phase3_crypto_xgb,2026-08-07,2026-08-08,0.001177148461113393,0.0022112637641839685,0.0013635545410184784,1913.2794189453125,1915.532958984375,1917.5148655141124,ensemble
ETH,phase3_crypto,xgb,phase3_crypto_xgb,2026-08-08,2026-08-09,-0.0035825526559130822,0.005037187377456576,0.004229886729734626,1915.532958984375,1908.6827392578125,1925.206199936625,ensemble
ETH,phase3_crypto,xgb,phase3_crypto_xgb,2026-08-09,2026-08-10,-0.019791352046331357,-0.013804149255156517,0.0047602387594915824,1908.6827392578125,1871.2786865234373,1882.51601802139,ensemble
ETH,phase3_crypto,xgb,phase3_crypto_xgb,2026-08-10,2026-08-11,0.005380127113694831,0.018116594478487968,0.0033141138423396777,1871.2786865234373,1881.37353515625,1905.4888336509473,ensemble
ETH,phase3_crypto,xgb,phase3_crypto_xgb,2026-08-11,2026-08-12,-0.0017228455012013328,0.016532525420188904,0.002891659616412174,1881.37353515625,1878.135009765625,1912.7359263771725,ensemble
ETH,phase3_crypto,xgb,phase3_crypto_xgb,2026-08-12,2026-08-13,0.0031133074431306308,-0.0027402075938880444,0.006568451604356683,1878.135009765625,1883.9913330078125,1872.9955747248705,ensemble
ETH,phase3_crypto,xgb,phase3_crypto_xgb,2026-08-13,2026-08-14,-0.001775101080760423,-0.018664400838315488,0.0033098853119825243,1883.9913330078125,1880.6500244140625,1849.1538849647072,ensemble
ETH,phase3_crypto,xgb,phase3_crypto_xgb,2026-08-14,2026-08-15,0.00013733711278611884,0.01212968397885561,0.0031580818706292047,1880.6500244140625,1880.9083251953125,1903.600625261398,ensemble
ETH,phase3_crypto,xgb,phase3_crypto_xgb,2026-08-15,2026-08-16,-0.003710048377518096,0.010452846623957157,0.002740338183873492,1880.9083251953125,1873.9429931640625,1900.6722863055504,ensemble
ETH,phase3_crypto,xgb,phase3_crypto_xgb,2026-08-16,2026-08-17,0.020210771727059512,0.015767682157456876,0.003928305186367058,1873.9429931640625,1912.2021484375,1903.724909528485,ensemble
ETH,phase3_crypto,xgb,phase3_crypto_xgb,2026-08-17,2026-08-18,0.0022239875598747453,-0.0016338143148459494,0.0038795933554386826,1912.2021484375,1916.4595947265625,1909.0805159728009,ensemble
ETH,phase3_crypto,xgb,phase3_crypto_xgb,2026-08-18,2026-08-19,0.16109848705425042,0.002206249465234578,0.002495325266982153,1916.4595947265625,2251.4580078125,1920.6924503333162,ensemble
ETH,phase3_crypto,xgb,phase3_crypto_xgb,2026-08-19,2026-08-20,0.032737450034477825,-0.005952510191127658,0.0056725604609599075,2251.4580078125,2326.384765625,2238.0959893057516,ensemble
ETH,phase3_crypto,xgb,phase3_crypto_xgb,2026-08-20,2026-08-21,0.07806936059159927,0.01446034461259842,0.005092629665929803,2326.384765625,2515.28173828125,2360.269493011251,ensemble
ETH,phase3_crypto,xgb,phase3_crypto_xgb,2026-08-21,2026-08-22,-0.036862118710177375,0.012623568531125784,0.0049713543679451265,2515.28173828125,2424.251220703125,2547.234826356894,ensemble
ETH,phase3_crypto,xgb,phase3_crypto_xgb,2026-08-22,2026-08-23,0.01618863252300956,0.010488097555935383,0.0017875249452321432,2424.251220703125,2463.81591796875,2449.810805418779,ensemble
ETH,phase3_crypto,xgb,phase3_crypto_xgb,2026-08-23,2026-08-24,0.007285380356811502,0.008183236746117473,0.0030228993108952725,2463.81591796875,2481.831298828125,2484.0606275757236,ensemble
ETH,phase3_crypto,xgb,phase3_crypto_xgb,2026-08-24,2026-08-25,-0.01570466707427711,0.003340271592605859,0.0029222767459494508,2481.831298828125,2443.159423828125,2490.1351502519597,ensemble
ETH,phase3_crypto,xgb,phase3_crypto_xgb,2026-08-25,2026-08-26,0.02549994808905242,-0.008107702992856503,0.0043908491943511815,2443.159423828125,2506.260986328125,2423.43109663401,ensemble
ETH,phase3_crypto,xgb,phase3_crypto_xgb,2026-08-26,2026-08-27,0.0016541530230063984,-0.00962610673159361,0.004608473612735055,2506.260986328125,2510.41015625,2482.251196376014,ensemble
ETH,phase3_crypto,xgb,phase3_crypto_xgb,2026-08-27,2026-08-28,-0.02740935041425752,0.018480381555855276,0.005236935027299841,2510.41015625,2442.535888671875,2557.2348300782814,ensemble
ETH,phase3_crypto,xgb,phase3_crypto_xgb,2026-08-28,2026-08-29,0.006183572246544925,-0.004671173030510544,0.004497743515508018,2442.535888671875,2457.686279296875,2431.152987351252,ensemble
ETH,phase3_crypto,xgb,phase3_crypto_xgb,2026-08-29,2026-08-30,-0.016304961587388887,0.005892393761314452,0.004503131499774805,2457.686279296875,2417.938720703125,2472.2106843287816,ensemble
ETH,phase3_crypto,xgb,phase3_crypto_xgb,2026-08-30,2026-08-31,0.020014589550137154,-0.0013352435664273799,0.002118432410786921,2417.938720703125,2466.8203125,2414.7123380649737,ensemble
