asset,phase,model,method,query_date,target_date,actual_return,predicted_return,prediction_std,previous_close,actual_close,predicted_close,seed
BTC,benchmark,arima,arima,2025-10-31,2025-11-01,0.004624825172493095,-0.0005966666596372398,0.0,109556.1640625,110064.015625,109490.81504977348,benchmark
BTC,benchmark,arima,arima,2025-11-01,2025-11-02,0.005216141233319792,-3.013272054983138e-05,0.0,110064.015625,110639.625,110060.69914674209,benchmark
BTC,benchmark,arima,arima,2025-11-02,2025-11-03,-0.03768718290100999,-0.00021255794355248044,0.0,110639.625,106547.5234375,110616.11016805528,benchmark
BTC,benchmark,arima,arima,2025-11-03,2025-11-04,-0.04764085753760775,0.001655280831742996,0.0,106547.5234375,101590.5234375,106724.03555897847,benchmark
BTC,benchmark,arima,arima,2025-11-04,2025-11-05,0.022400061321748738,0.0015579910214041336,0.0,101590.5234375,103891.8359375,101748.92392210085,benchmark
BTC,benchmark,arima,arima,2025-11-05,2025-11-06,-0.025251182491850755,-0.0013815519745019695,0.0,103891.8359375,101301.2890625,103748.40306922112,benchmark
BTC,benchmark,arima,arima,2025-11-06,2025-11-07,0.02023892596873405,0.0014532968228295673,0.0,101301.2890625,103372.40625,101448.61693367604,benchmark
BTC,benchmark,arima,arima,2025-11-07,2025-11-08,-0.010603212214200236,-0.0012609340068119668,0.0,103372.40625,102282.1171875,103242.14261177847,benchmark
BTC,benchmark,arima,arima,2025-11-08,2025-11-09,0.023551839699680072,0.000799377833966595,0.0,102282.1171875,104719.640625,102363.91193288846,benchmark
BTC,benchmark,arima,arima,2025-11-09,2025-11-10,0.01212026933646231,-0.001219596575971883,0.0,104719.640625,105996.59375,104592.00275902977,benchmark
BTC,benchmark,arima,arima,2025-11-10,2025-11-11,-0.028702546476841843,-0.00017455415971799788,0.0,105996.59375,102997.46875,105978.09321836435,benchmark
BTC,benchmark,arima,arima,2025-11-11,2025-11-12,-0.013039146642676998,0.0012641810399265166,0.0,102997.46875,101663.1875,103127.75853474003,benchmark
BTC,benchmark,arima,arima,2025-11-12,2025-11-13,-0.019524742976585432,0.0002010877012362756,0.0,101663.1875,99697.4921875,101683.63277225224,benchmark
BTC,benchmark,arima,arima,2025-11-13,2025-11-14,-0.05462287113659148,0.0007711056137710602,0.0,99697.4921875,94397.7890625,99774.39913128196,benchmark
BTC,benchmark,arima,arima,2025-11-14,2025-11-15,0.01212310649874722,0.0020993320794225057,0.0,94397.7890625,95549.1484375,94596.16952968636,benchmark
BTC,benchmark,arima,arima,2025-11-15,2025-11-16,-0.014463938461922525,-0.0010966552332278274,0.0,95549.1484375,94177.078125,95444.42139905879,benchmark
BTC,benchmark,arima,arima,2025-11-16,2025-11-17,-0.02236838271634354,0.0009172623702991501,0.0,94177.078125,92093.875,94263.50284592138,benchmark
BTC,benchmark,arima,arima,2025-11-17,2025-11-18,0.009241173563305538,0.0006925978734752475,0.0,92093.875,92948.875,92157.6811154244,benchmark
BTC,benchmark,arima,arima,2025-11-18,2025-11-19,-0.016082377699808928,-0.0005838081644188604,0.0,92948.875,91465.9921875,92894.62652479362,benchmark
BTC,benchmark,arima,arima,2025-11-19,2025-11-20,-0.05429914313161118,0.000843344836154683,0.0,91465.9921875,86631.8984375,91543.16209554301,benchmark
BTC,benchmark,arima,arima,2025-11-20,2025-11-21,-0.017950490472289502,0.002065552966652319,0.0,86631.8984375,85090.6875,86811.02614752323,benchmark
BTC,benchmark,arima,arima,2025-11-21,2025-11-22,-0.00521187239368071,0.00018648981877205165,0.0,85090.6875,84648.359375,85106.55752664428,benchmark
BTC,benchmark,arima,arima,2025-11-22,2025-11-23,0.025158586579000386,0.000168941959020146,0.0,84648.359375,86805.0078125,84662.6612427194,benchmark
BTC,benchmark,arima,arima,2025-11-23,2025-11-24,0.016742357810839485,-0.0011125182630074993,0.0,86805.0078125,88270.5625,86708.48935521636,benchmark
BTC,benchmark,arima,arima,2025-11-24,2025-11-25,-0.01057647695675446,-0.0004000676160639087,0.0,88270.5625,87341.890625,88235.25536958268,benchmark
BTC,benchmark,arima,arima,2025-11-25,2025-11-26,0.0357225879133364,0.0005591013164794054,0.0,87341.890625,90518.3671875,87390.73724486453,benchmark
BTC,benchmark,arima,arima,2025-11-26,2025-11-27,0.008437806108495432,-0.001668338714835873,0.0,90518.3671875,91285.375,90367.47779342448,benchmark
BTC,benchmark,arima,arima,2025-11-27,2025-11-28,-0.004018666774419681,0.00010607406271139147,0.0,91285.375,90919.265625,91295.05852416868,benchmark
BTC,benchmark,arima,arima,2025-11-28,2025-11-29,-0.00074277862694653,0.0001407430390696759,0.0,90919.265625,90851.7578125,90932.06277928813,benchmark
BTC,benchmark,arima,arima,2025-11-29,2025-11-30,-0.005047792573132774,-7.637429920974046e-06,0.0,90851.7578125,90394.3125,90851.0639412162,benchmark
BTC,benchmark,arima,arima,2025-11-30,2025-12-01,-0.04610183805407602,0.00021591991749735128,0.0,90394.3125,86321.5703125,90413.83253980408,benchmark
BTC,benchmark,arima,arima,2025-12-01,2025-12-02,0.05662099387030378,0.0018926530320021902,0.0,86321.5703125,91350.203125,86485.10179964564,benchmark
BTC,benchmark,arima,arima,2025-12-02,2025-12-03,0.023558262011831657,-0.002923940308857594,0.0,91350.203125,93527.8046875,91083.49069948624,benchmark
BTC,benchmark,arima,arima,2025-12-03,2025-12-04,-0.014931972865932171,-0.00018555041524809333,0.0,93527.8046875,92141.625,93510.45217443578,benchmark
BTC,benchmark,arima,arima,2025-12-04,2025-12-05,-0.030343059975675362,0.0006839857557043054,0.0,92141.625,89387.7578125,92204.67011753072,benchmark
BTC,benchmark,arima,arima,2025-12-05,2025-12-06,-0.0012916460625568118,0.0010951668041525378,0.0,89387.7578125,89272.375,89485.7059425343,benchmark
BTC,benchmark,arima,arima,2025-12-06,2025-12-07,0.012614572226014349,-0.0002495241524992993,0.0,89272.375,90405.640625,89250.1021652072,benchmark
BTC,benchmark,arima,arima,2025-12-07,2025-12-08,0.002591195979813834,-0.00046497127488557633,0.0,90405.640625,90640.203125,90363.61437027954,benchmark
BTC,benchmark,arima,arima,2025-12-08,2025-12-09,0.022381192698197744,1.9416966702996696e-05,0.0,90640.203125,92691.7109375,90641.96309989266,benchmark
BTC,benchmark,arima,arima,2025-12-09,2025-12-10,-0.007262832846635849,-0.0009533450259120897,0.0,92691.7109375,92020.9453125,92603.38586475847,benchmark
BTC,benchmark,arima,arima,2025-12-10,2025-12-11,0.0053149701081481185,0.0005724501114861655,0.0,92020.9453125,92511.3359375,92073.63779337255,benchmark
BTC,benchmark,arima,arima,2025-12-11,2025-12-12,-0.024521421452147512,-0.00038413815955517594,0.0,92511.3359375,90270.4140625,92475.80562788577,benchmark
BTC,benchmark,arima,arima,2025-12-12,2025-12-13,0.0003134187556330964,0.0011453116285837055,0.0,90270.4140625,90298.7109375,90373.86104565127,benchmark
BTC,benchmark,arima,arima,2025-12-13,2025-12-14,-0.02379767101791624,-0.0003314363311369416,0.0,90298.7109375,88175.1796875,90268.78762315116,benchmark
BTC,benchmark,arima,arima,2025-12-14,2025-12-15,-0.020108914713088392,0.0011000170282469222,0.0,88175.1796875,86419.78125,88272.2272538268,benchmark
BTC,benchmark,arima,arima,2025-12-15,2025-12-16,0.016345736935078115,0.0005461302607534758,0.0,86419.78125,87843.984375,86466.99059772164,benchmark
BTC,benchmark,arima,arima,2025-12-16,2025-12-17,-0.019544833040854463,-0.0008440326424471829,0.0,87843.984375,86143.7578125,87769.87246557997,benchmark
BTC,benchmark,arima,arima,2025-12-17,2025-12-18,-0.007939728497768105,0.0010622854533984287,0.0,86143.7578125,85462.5078125,86235.31569501878,benchmark
BTC,benchmark,arima,arima,2025-12-18,2025-12-19,0.030433154968407768,4.118836137734314e-05,0.0,85462.5078125,88103.3828125,85466.02794564975,benchmark
BTC,benchmark,arima,arima,2025-12-19,2025-12-20,0.002727355122150639,-0.0013004323117985842,0.0,88103.3828125,88344.0,87988.88479131092,benchmark
BTC,benchmark,arima,arima,2025-12-20,2025-12-21,0.0031390280669266876,0.0002457366498090513,0.0,88344.0,88621.75,88365.71202620176,benchmark
BTC,benchmark,arima,arima,2025-12-21,2025-12-22,-0.0014875849588890807,-0.00020121727510436394,0.0,88621.75,88490.015625,88603.91956690575,benchmark
BTC,benchmark,arima,arima,2025-12-22,2025-12-23,-0.012234274952953525,0.00011890347327172228,0.0,88490.015625,87414.0,88500.53802076998,benchmark
BTC,benchmark,arima,arima,2025-12-23,2025-12-24,0.002262076104062497,0.0004851495942840068,0.0,87414.0,87611.9609375,87456.4191556208,benchmark
BTC,benchmark,arima,arima,2025-12-24,2025-12-25,-0.0043148578556266,-0.00023058179950899915,0.0,87611.9609375,87234.7421875,87591.76154278441,benchmark
BTC,benchmark,arima,arima,2025-12-25,2025-12-26,0.0007641682813230021,0.0002468093811233065,0.0,87234.7421875,87301.4296875,87256.27519739686,benchmark
BTC,benchmark,arima,arima,2025-12-26,2025-12-27,0.00571921956587603,-0.00010092854659542514,0.0,87301.4296875,87802.15625,87292.61892572211,benchmark
BTC,benchmark,arima,arima,2025-12-27,2025-12-28,0.0003835125589097617,-0.000214199021450657,0.0,87802.15625,87835.8359375,87783.35112814124,benchmark
BTC,benchmark,arima,arima,2025-12-28,2025-12-29,-0.007974888882579774,4.325976001024018e-05,0.0,87835.8359375,87138.140625,87839.63577687244,benchmark
BTC,benchmark,arima,arima,2025-12-29,2025-12-30,0.01471809780879094,0.0003257575450594809,0.0,87138.140625,88430.1328125,87166.53115573479,benchmark
BTC,benchmark,arima,arima,2025-12-30,2025-12-31,-0.010473099349299821,-0.0007138759214196828,0.0,88430.1328125,87508.828125,88367.02719742675,benchmark
BTC,benchmark,arima,arima,2025-12-31,2026-01-01,0.013880733660550057,0.0006418970728809975,0.0,87508.828125,88731.984375,87565.01781769498,benchmark
BTC,benchmark,arima,arima,2026-01-01,2026-01-02,0.013574570130194884,-0.0007662314209502526,0.0,88731.984375,89944.6953125,88664.02118162089,benchmark
BTC,benchmark,arima,arima,2026-01-02,2026-01-03,0.007294409627148249,-0.00036209324206455326,0.0,89944.6953125,90603.1875,89912.13284184884,benchmark
BTC,benchmark,arima,arima,2026-01-03,2026-01-04,0.008903689947606831,-0.00020836571496875332,0.0,90603.1875,91413.4921875,90584.3108687478,benchmark
BTC,benchmark,arima,arima,2026-01-04,2026-01-05,0.02665149838136465,-0.00031923116982013637,0.0,91413.4921875,93882.5546875,91384.31480886378,benchmark
BTC,benchmark,arima,arima,2026-01-05,2026-01-06,-0.00163660971149983,-0.0010401383291846408,0.0,93882.5546875,93729.03125,93784.9546115171,benchmark
BTC,benchmark,arima,arima,2026-01-06,2026-01-07,-0.026168967250151644,0.00035826323972941985,0.0,93729.03125,91308.0546875,93762.61693229075,benchmark
BTC,benchmark,arima,arima,2026-01-07,2026-01-08,-0.003081466892755565,0.0010088579127877847,0.0,91308.0546875,91027.125,91400.21802301095,benchmark
BTC,benchmark,arima,arima,2026-01-08,2026-01-09,-0.005662930149506993,-0.0001497404812629776,0.0,91027.125,90513.1015625,91013.49557495832,benchmark
BTC,benchmark,arima,arima,2026-01-09,2026-01-10,-0.0013980466595052143,0.0002814494302371506,0.0,90513.1015625,90386.6484375,90538.58000864265,benchmark
BTC,benchmark,arima,arima,2026-01-10,2026-01-11,0.004865110901100388,-1.8971173574163782e-05,0.0,90386.6484375,90827.4609375,90384.93371296892,benchmark
BTC,benchmark,arima,arima,2026-01-11,2026-01-12,0.004016380962680633,-0.0002007907406007443,0.0,90827.4609375,91192.9921875,90809.22545517074,benchmark
BTC,benchmark,arima,arima,2026-01-12,2026-01-13,0.044280285031478225,-0.00011433442952794035,0.0,91192.9921875,95321.78125,91182.56628479248,benchmark
BTC,benchmark,arima,arima,2026-01-13,2026-01-14,0.016723797821879046,-0.001843721419184879,0.0,95321.78125,96929.328125,95146.19635474958,benchmark
BTC,benchmark,arima,arima,2026-01-14,2026-01-15,-0.014320038274756287,-0.00019615712437136713,0.0,96929.328125,95551.1875,96910.31661141063,benchmark
BTC,benchmark,arima,arima,2026-01-15,2026-01-16,-0.00027287855188963723,0.0006610138722124657,0.0,95551.1875,95525.1171875,95614.36904008056,benchmark
BTC,benchmark,arima,arima,2026-01-16,2026-01-17,-0.004461072057980408,-0.00017206845503993758,0.0,95525.1171875,95099.921875,95508.68174221943,benchmark
BTC,benchmark,arima,arima,2026-01-17,2026-01-18,-0.015529993658124637,0.00023674755641302832,0.0,95099.921875,93634.4296875,95122.43921447636,benchmark
BTC,benchmark,arima,arima,2026-01-18,2026-01-19,-0.011610285761608208,0.0005920026577807807,0.0,93634.4296875,92553.59375,93689.8779298688,benchmark
BTC,benchmark,arima,arima,2026-01-19,2026-01-20,-0.046924255054821146,0.000327296190028175,0.0,92553.59375,88310.90625,92583.89114644854,benchmark
BTC,benchmark,arima,arima,2026-01-20,2026-01-21,0.011999327760148781,0.0018965466031509882,0.0,88310.90625,89376.9609375,88478.55092198629,benchmark
BTC,benchmark,arima,arima,2026-01-21,2026-01-22,0.0009560777691027553,-0.0010350798710300787,0.0,89376.9609375,89462.453125,89284.49650659082,benchmark
BTC,benchmark,arima,arima,2026-01-22,2026-01-23,0.00046290133092210693,0.00024704524910935125,0.0,89462.453125,89503.875,89484.55712925039,benchmark
BTC,benchmark,arima,arima,2026-01-23,2026-01-24,-0.004402117623558332,-8.823396597225312e-05,0.0,89503.875,89110.734375,89495.97806653287,benchmark
BTC,benchmark,arima,arima,2026-01-24,2026-01-25,-0.028900838361794738,0.00021096177305967635,0.0,89110.734375,86572.21875,89129.53531659266,benchmark
BTC,benchmark,arima,arima,2026-01-25,2026-01-26,0.01938894055131375,0.0011654853580683397,0.0,86572.21875,88267.140625,86673.17622416955,benchmark
BTC,benchmark,arima,arima,2026-01-26,2026-01-27,0.00942027656458104,-0.001144980529033497,0.0,88267.140625,89102.5703125,88166.13430380123,benchmark
BTC,benchmark,arima,arima,2026-01-27,2026-01-28,0.0009198645005418251,-8.092443222940419e-05,0.0,89102.5703125,89184.5703125,89095.36002933525,benchmark
BTC,benchmark,arima,arima,2026-01-28,2026-01-29,-0.053227949504083015,-1.648030208941905e-05,0.0,89184.5703125,84561.5859375,89183.10053595075,benchmark
BTC,benchmark,arima,arima,2026-01-29,2026-01-30,-0.005132847429550004,0.0022590376637695586,0.0,84561.5859375,84128.65625,84752.82967711588,benchmark
BTC,benchmark,arima,arima,2026-01-30,2026-01-31,-0.06770691927198588,-0.0004101480072889322,0.0,84128.65625,78621.1171875,84094.1581244355,benchmark
BTC,benchmark,arima,arima,2026-01-31,2026-02-01,-0.021166842147211495,0.0029816504481290293,0.0,78621.1171875,76974.4453125,78855.88770467289,benchmark
BTC,benchmark,arima,arima,2026-02-01,2026-02-02,0.022026908157821636,6.823071583797469e-05,0.0,76974.4453125,78688.765625,76979.69751318356,benchmark
BTC,benchmark,arima,arima,2026-02-02,2026-02-03,-0.03960046937497693,-0.0009518995751203454,0.0,78688.765625,75633.546875,78613.89746157455,benchmark
BTC,benchmark,arima,arima,2026-02-03,2026-02-04,-0.035170615941758965,0.001941702923439063,0.0,75633.546875,73019.703125,75780.54742358948,benchmark
BTC,benchmark,arima,arima,2026-02-04,2026-02-05,-0.1523344080304475,0.0009502497976496341,0.0,73019.703125,62702.09765625,73089.12306103535,benchmark
BTC,benchmark,arima,arima,2026-02-05,2026-02-06,0.118003181433477,0.00618812004482313,0.0,62702.09765625,70555.390625,63091.308764139525,benchmark
BTC,benchmark,arima,arima,2026-02-06,2026-02-07,-0.018213402812750957,-0.006717029130030066,0.0,70555.390625,69281.96875,70083.05612909184,benchmark
BTC,benchmark,arima,arima,2026-02-07,2026-02-08,0.01408523588474713,0.0026373804856578333,0.0,69281.96875,70264.7265625,69464.93282928059,benchmark
BTC,benchmark,arima,arima,2026-02-08,2026-02-09,-0.0020507154219692207,-0.0013292278588584255,0.0,70264.7265625,70120.78125,70171.39077646408,benchmark
BTC,benchmark,arima,arima,2026-02-09,2026-02-10,-0.01910323758989731,0.00045611015639448387,0.0,70120.78125,68793.9609375,70152.77134545158,benchmark
BTC,benchmark,arima,arima,2026-02-10,2026-02-11,-0.026543221212374526,0.000682408939183283,0.0,68793.9609375,66991.96875,68840.9225731031,benchmark
BTC,benchmark,arima,arima,2026-02-11,2026-02-12,-0.01156236827483507,0.0009346633984313466,0.0,66991.96875,66221.84375,67054.61296224516,benchmark
BTC,benchmark,arima,arima,2026-02-12,2026-02-13,0.03903376935715579,0.00023007730451196596,0.0,66221.84375,68857.84375,66237.08164618965,benchmark
BTC,benchmark,arima,arima,2026-02-13,2026-02-14,0.013125933067848304,-0.0017171820272931203,0.0,68857.84375,69767.625,68739.70376123714,benchmark
BTC,benchmark,arima,arima,2026-02-14,2026-02-15,-0.014138040068878806,-7.892223431069535e-05,0.0,69767.625,68788.1875,69762.1190004282,benchmark
BTC,benchmark,arima,arima,2026-02-15,2026-02-16,0.0007987824782500607,0.0006207381381394639,0.0,68788.1875,68843.15625,68830.90020676628,benchmark
BTC,benchmark,arima,arima,2026-02-16,2026-02-17,-0.019788873300286218,-0.00020627006415695057,0.0,68843.15625,67494.21875,68828.95743218942,benchmark
BTC,benchmark,arima,arima,2026-02-17,2026-02-18,-0.015963632260214883,0.0008954546450819917,0.0,67494.21875,66425.3203125,67554.68382952377,benchmark
BTC,benchmark,arima,arima,2026-02-18,2026-02-19,0.007980125994704771,0.00042738397594638006,0.0,66425.3203125,66957.5234375,66453.71549738996,benchmark
BTC,benchmark,arima,arima,2026-02-19,2026-02-20,0.015528995656632263,-0.0004567217138048184,0.0,66957.5234375,68005.421875,66926.9494650735,benchmark
BTC,benchmark,arima,arima,2026-02-20,2026-02-21,-2.4354972344490844e-05,-0.0005308527248780275,0.0,68005.421875,68003.765625,67969.33059191672,benchmark
BTC,benchmark,arima,arima,2026-02-21,2026-02-22,-0.005076923598302017,0.00014849964214048704,0.0,68003.765625,67659.390625,68013.86490971105,benchmark
BTC,benchmark,arima,arima,2026-02-22,2026-02-23,-0.04601267313564273,0.0001737796998982691,0.0,67659.390625,64616.73828125,67671.14947529325,benchmark
BTC,benchmark,arima,arima,2026-02-23,2026-02-24,-0.00834051043874472,0.0019005827996776883,0.0,64616.73828125,64080.04296875,64739.6645213444,benchmark
BTC,benchmark,arima,arima,2026-02-24,2026-02-25,0.05878816281087323,-0.0001747111860010758,0.0,64080.04296875,67960.125,64068.84844637654,benchmark
BTC,benchmark,arima,arima,2026-02-25,2026-02-26,-0.007478610812400483,-0.002441427435915796,0.0,67960.125,67453.7734375,67794.40766201862,benchmark
BTC,benchmark,arima,arima,2026-02-26,2026-02-27,-0.023580345399758597,0.000994970804186685,0.0,67453.7734375,65881.796875,67520.92137228034,benchmark
BTC,benchmark,arima,arima,2026-02-27,2026-02-28,0.016768637200983844,0.0007223433251012951,0.0,65881.796875,66995.859375,65929.40334325562,benchmark
BTC,benchmark,arima,arima,2026-02-28,2026-03-01,-0.018952127255243773,-0.0009108955630453535,0.0,66995.859375,65738.1015625,66934.86092977715,benchmark
BTC,benchmark,arima,arima,2026-03-01,2026-03-02,0.04517399874225875,0.001055755681607473,0.0,65738.1015625,68775.8515625,65807.54158612249,benchmark
BTC,benchmark,arima,arima,2026-03-02,2026-03-03,-0.007035921401254354,-0.002206619363080973,0.0,68775.8515625,68293.6484375,68624.25675426114,benchmark
BTC,benchmark,arima,arima,2026-03-03,2026-03-04,0.06267011054362281,0.0009109923333128764,0.0,68293.6484375,72710.578125,68355.89177493745,benchmark
BTC,benchmark,arima,arima,2026-03-04,2026-03-05,-0.026047184090688055,-0.0029074493038610642,0.0,72710.578125,70841.125,72499.48282838735,benchmark
BTC,benchmark,arima,arima,2026-03-05,2026-03-06,-0.03892676222985379,0.0019108975609627389,0.0,70841.125,68136.4921875,70976.62455463086,benchmark
BTC,benchmark,arima,arima,2026-03-06,2026-03-07,-0.012760002816373808,0.0011178982158515007,0.0,68136.4921875,67272.59375,68212.70444138526,benchmark
BTC,benchmark,arima,arima,2026-03-07,2026-03-08,-0.019556151272463178,0.00022990121671500512,0.0,67272.59375,65969.78125,67288.06157912295,benchmark
BTC,benchmark,arima,arima,2026-03-08,2026-03-09,0.036210883133673905,0.0007644316631832638,0.0,65969.78125,68402.3828125,66020.22991942424,benchmark
BTC,benchmark,arima,arima,2026-03-09,2026-03-10,0.022043063053682945,-0.0017460600538345902,0.0,68402.3828125,69926.921875,68283.05235367482,benchmark
BTC,benchmark,arima,arima,2026-03-10,2026-03-11,0.003967140831024369,-0.00044858338918297644,0.0,69926.921875,70204.8828125,69895.56085393262,benchmark
BTC,benchmark,arima,arima,2026-03-11,2026-03-12,0.004102088510358853,-4.341338013176218e-05,0.0,70204.8828125,70493.4609375,70201.83504739273,benchmark
BTC,benchmark,arima,arima,2026-03-12,2026-03-13,0.006712861238543366,-0.00016168315829337464,0.0,70493.4609375,70968.265625,70482.06425344736,benchmark
BTC,benchmark,arima,arima,2026-03-13,2026-03-14,0.0034653905327112298,-0.00023940721136660398,0.0,70968.265625,71214.625,70951.27734407083,benchmark
BTC,benchmark,arima,arima,2026-03-14,2026-03-15,0.021879197879022205,-8.026988400602767e-05,0.0,71214.625,72789.9140625,71208.90883973255,benchmark
BTC,benchmark,arima,arima,2026-03-15,2026-03-16,0.028056806108927662,-0.0009043906500161387,0.0,72789.9140625,74861.0859375,72724.11330408673,benchmark
BTC,benchmark,arima,arima,2026-03-16,2026-03-17,-0.012617278563279094,-0.0009371056439245531,0.0,74861.0859375,73922.4765625,74790.96605135959,benchmark
BTC,benchmark,arima,arima,2026-03-17,2026-03-18,-0.03688417423341742,0.0007947254110255001,0.0,73922.4765625,71245.578125,73981.24798354776,benchmark
BTC,benchmark,arima,arima,2026-03-18,2026-03-19,-0.01888416104762736,0.0013414515422167771,0.0,71245.578125,69912.7890625,71341.21474725768,benchmark
BTC,benchmark,arima,arima,2026-03-19,2026-03-20,0.008684431647448684,0.0004271868189507288,0.0,69912.7890625,70522.5859375,69942.66126451478,benchmark
BTC,benchmark,arima,arima,2026-03-20,2026-03-21,-0.026016105631017767,-0.00048649767454592976,0.0,70522.5859375,68711.5234375,70488.2852077276,benchmark
BTC,benchmark,arima,arima,2026-03-21,2026-03-22,-0.012688120086084904,0.0012370536226811195,0.0,68711.5234375,67845.2109375,68796.5758728536,benchmark
BTC,benchmark,arima,arima,2026-03-22,2026-03-23,0.04425119303469704,0.00019375589289987762,0.0,67845.2109375,70914.859375,67858.35762050671,benchmark
BTC,benchmark,arima,arima,2026-03-23,2026-03-24,-0.005613991531695598,-0.0019280751027298034,0.0,70914.859375,70517.859375,70778.26192761063,benchmark
BTC,benchmark,arima,arima,2026-03-24,2026-03-25,0.011168924480813245,0.0007733886393024346,0.0,70517.859375,71309.8828125,70572.41818116955,benchmark
BTC,benchmark,arima,arima,2026-03-25,2026-03-26,-0.03595291880741613,-0.0006879009316470793,0.0,71309.8828125,68791.625,71260.84554600203,benchmark
BTC,benchmark,arima,arima,2026-03-26,2026-03-27,-0.03631346968520713,0.0017138741903298983,0.0,68791.625,66338.375,68909.62628138925,benchmark
BTC,benchmark,arima,arima,2026-03-27,2026-03-28,-0.0002816215791388498,0.001061944769783281,0.0,66338.375,66319.6953125,66408.8601093898,benchmark
BTC,benchmark,arima,arima,2026-03-28,2026-03-29,-0.005515409833700628,-0.000283074638221707,0.0,66319.6953125,65954.921875,66300.9245456318,benchmark
BTC,benchmark,arima,arima,2026-03-29,2026-03-30,0.011105181731209317,0.00031224076253655243,0.0,65954.921875,66691.4453125,65975.5189055482,benchmark
BTC,benchmark,arima,arima,2026-03-30,2026-03-31,0.022856210162579323,-0.0005570966676108446,0.0,66691.4453125,68233.3125,66654.30207770506,benchmark
BTC,benchmark,arima,arima,2026-03-31,2026-04-01,-0.002270644254019965,-0.0008133118466644154,0.0,68233.3125,68078.5546875,68177.84009984451,benchmark
BTC,benchmark,arima,arima,2026-04-01,2026-04-02,-0.017634149228875802,0.00032210644775719255,0.0,68078.5546875,66888.5703125,68100.48676096034,benchmark
BTC,benchmark,arima,arima,2026-04-02,2026-04-03,0.0006356502125007872,0.0006574115100611263,0.0,66888.5703125,66931.1015625,66932.558085965,benchmark
BTC,benchmark,arima,arima,2026-04-03,2026-04-04,0.005355544495529739,-0.00020954829817458915,0.0,66931.1015625,67290.515625,66917.07773345869,benchmark
BTC,benchmark,arima,arima,2026-04-04,2026-04-05,0.024824828794848448,-0.00016862163897671972,0.0,67290.515625,68981.8984375,67279.16994455822,benchmark
BTC,benchmark,arima,arima,2026-04-05,2026-04-06,-0.0017711667933321205,-0.0010046086262855743,0.0,68981.8984375,68859.828125,68912.63342521197,benchmark
BTC,benchmark,arima,arima,2026-04-06,2026-04-07,0.043769250088650125,0.0003540924145479815,0.0,68859.828125,71940.703125,68884.21518518784,benchmark
BTC,benchmark,arima,arima,2026-04-07,2026-04-08,-0.011426386592901714,-0.0019522031438454594,0.0,71940.703125,71123.359375,71800.3972555286,benchmark
BTC,benchmark,arima,arima,2026-04-08,2026-04-09,0.00902047398791368,0.0010262741524984728,0.0,71123.359375,71767.828125,71196.38890811673,benchmark
BTC,benchmark,arima,arima,2026-04-09,2026-04-10,0.01673607145352826,-0.0006671539900024053,0.0,71767.828125,72979.046875,71719.96390029219,benchmark
BTC,benchmark,arima,arima,2026-04-10,2026-04-11,0.0010302658186926742,-0.0005235212087769418,0.0,72979.046875,73054.2734375,72940.85079526591,benchmark
BTC,benchmark,arima,arima,2026-04-11,2026-04-12,-0.03200195641601119,0.00010179472561763379,0.0,73054.2734375,70753.40625,73061.71035573287,benchmark
BTC,benchmark,arima,arima,2026-04-12,2026-04-13,0.05139225778223328,0.001327158645417107,0.0,70753.40625,74484.640625,70847.3695831305,benchmark
BTC,benchmark,arima,arima,2026-04-13,2026-04-14,-0.004076670658997154,-0.0025453868383256,0.0,74484.640625,74181.609375,74295.2894892738,benchmark
BTC,benchmark,arima,arima,2026-04-14,2026-04-15,0.00836950468372944,0.0008797616605587353,0.0,74181.609375,74805.078125,74246.90022682962,benchmark
BTC,benchmark,arima,arima,2026-04-15,2026-04-16,0.004628724487070657,-0.0005988819119685271,0.0,74805.078125,75152.1328125,74760.29212888761,benchmark
BTC,benchmark,arima,arima,2026-04-16,2026-04-17,0.025937296578403095,-2.9682489831629527e-05,0.0,75152.1328125,77126.875,75149.90214318804,benchmark
BTC,benchmark,arima,arima,2026-04-17,2026-04-18,-0.018327445076503752,-0.0010903235485410397,0.0,77126.875,75726.2109375,77042.82757972922,benchmark
BTC,benchmark,arima,arima,2026-04-18,2026-04-19,-0.025002336494923415,0.0010791415382249946,0.0,75726.2109375,73856.3515625,75807.97434646574,benchmark
BTC,benchmark,arima,arima,2026-04-19,2026-04-20,0.02693259727225901,0.0007591892965919276,0.0,73856.3515625,75872.5234375,73912.443803712,benchmark
BTC,benchmark,arima,arima,2026-04-20,2026-04-21,0.006309747501944813,-0.001351623746027656,0.0,75872.5234375,76352.7734375,75770.04160719042,benchmark
BTC,benchmark,arima,arima,2026-04-21,2026-04-22,0.02394495237334366,0.00010822582324557066,0.0,76352.7734375,78203.1015625,76361.03722643197,benchmark
BTC,benchmark,arima,arima,2026-04-22,2026-04-23,0.0008417038623198857,-0.0010442483977437566,0.0,78203.1015625,78268.953125,78121.48072262738,benchmark
BTC,benchmark,arima,arima,2026-04-23,2026-04-24,-0.010449855400701123,0.000254436502292922,0.0,78268.953125,77455.3125,78288.87013737128,benchmark
BTC,benchmark,arima,arima,2026-04-24,2026-04-25,0.0020210985800430967,0.0003719204868600657,0.0,77455.3125,77612.015625,77484.12507519627,benchmark
BTC,benchmark,arima,arima,2026-04-25,2026-04-26,0.01338122502813899,-0.00018892079313106942,0.0,77612.015625,78657.5390625,77597.3544863922,benchmark
BTC,benchmark,arima,arima,2026-04-26,2026-04-27,-0.016547994707933746,-0.0005142780004255142,0.0,78657.5390625,77366.625,78617.09762055583,benchmark
BTC,benchmark,arima,arima,2026-04-27,2026-04-28,-0.013218654490737211,0.0008437508411448707,0.0,77366.625,76350.671875,77431.93070191641,benchmark
BTC,benchmark,arima,arima,2026-04-28,2026-04-29,-0.0075534590417408835,0.0003254840171004582,0.0,76350.671875,75776.1328125,76375.5268431182,benchmark
BTC,benchmark,arima,arima,2026-04-29,2026-04-30,0.006946186875134918,0.0002295075528444654,0.0,75776.1328125,76304.3203125,75793.52600316377,benchmark
BTC,benchmark,arima,arima,2026-04-30,2026-05-01,0.02427150989403538,-0.00035796039355224813,0.0,76304.3203125,78179.0,76277.01127603953,benchmark
BTC,benchmark,arima,arima,2026-05-01,2026-05-02,0.006098736514783506,-0.0009285756019530291,0.0,78179.0,78657.25,78106.43858260968,benchmark
BTC,benchmark,arima,arima,2026-05-02,2026-05-03,-0.0015143369624661424,-3.5739418296283805e-07,0.0,78657.25,78538.2265625,78657.22188836143,benchmark
BTC,benchmark,arima,arima,2026-05-03,2026-05-04,0.01628767686490818,6.42387318403084e-05,0.0,78538.2265625,79827.90625,78543.27192062733,benchmark
BTC,benchmark,arima,arima,2026-05-04,2026-05-05,0.013675043806522565,-0.0007077065898514548,0.0,79827.90625,80927.0546875,79771.43150082602,benchmark
BTC,benchmark,arima,arima,2026-05-05,2026-05-06,0.006165248057273942,-0.0003826066751647858,0.0,80927.0546875,81427.53125,80896.09737878926,benchmark
BTC,benchmark,arima,arima,2026-05-06,2026-05-07,-0.017561908350902416,-0.00015484177101397355,0.0,81427.53125,80009.9921875,81414.92384295377,benchmark
BTC,benchmark,arima,arima,2026-05-07,2026-05-08,0.0022069548930199264,0.0007868454656295805,0.0,80009.9921875,80186.765625,80072.97246167998,benchmark
BTC,benchmark,arima,arima,2026-05-08,2026-05-09,0.005938447031188693,-0.00031205667586691436,0.0,80186.765625,80664.3671875,80161.74671333277,benchmark
BTC,benchmark,arima,arima,2026-05-09,2026-05-10,0.018115146956791082,-0.0001648340757044026,0.0,80664.3671875,82138.9296875,80651.07204686858,benchmark
BTC,benchmark,arima,arima,2026-05-10,2026-05-11,-0.005011785219488408,-0.0007214735128484246,0.0,82138.9296875,81728.296875,82079.68999785988,benchmark
BTC,benchmark,arima,arima,2026-05-11,2026-05-12,-0.015422747705667463,0.0004126947384213071,0.0,81728.296875,80477.4921875,81762.03267391499,benchmark
BTC,benchmark,arima,arima,2026-05-12,2026-05-13,-0.015028018231235505,0.0005385830753880739,0.0,80477.4921875,79277.1171875,80520.84767696027,benchmark
BTC,benchmark,arima,arima,2026-05-13,2026-05-14,0.022132143698821827,0.0004868932675256522,0.0,79277.1171875,81051.25,79315.72608056976,benchmark
BTC,benchmark,arima,arima,2026-05-14,2026-05-15,-0.02480277513696735,-0.001072659058705512,0.0,81051.25,79065.6796875,80964.35625448138,benchmark
BTC,benchmark,arima,arima,2026-05-15,2026-05-16,-0.011886390842574117,0.0013484957902406957,0.0,79065.6796875,78131.4375,79172.37134416835,benchmark
BTC,benchmark,arima,arima,2026-05-16,2026-05-17,-0.009026576797854137,0.00012884075821324682,0.0,78131.4375,77429.3515625,78141.50466216427,benchmark
BTC,benchmark,arima,arima,2026-05-17,2026-05-18,-0.006155853649121142,0.00034652763291374714,0.0,77429.3515625,76954.171875,77456.18762186452,benchmark
BTC,benchmark,arima,arima,2026-05-18,2026-05-19,-0.002644879999712329,0.00016446644064913008,0.0,76954.171875,76750.90625,76966.82929457322,benchmark
BTC,benchmark,arima,arima,2026-05-19,2026-05-20,0.009167734783614812,6.633547036249336e-05,0.0,76750.90625,77457.7734375,76755.99772633772,benchmark
BTC,benchmark,arima,arima,2026-05-20,2026-05-21,0.0010503232153248991,-0.0004067252808224167,0.0,77457.7734375,77539.171875,77426.27580872193,benchmark
BTC,benchmark,arima,arima,2026-05-21,2026-05-22,-0.026806340702622146,6.849990461042132e-05,0.0,77539.171875,75488.2421875,77544.48348279725,benchmark
BTC,benchmark,arima,arima,2026-05-22,2026-05-23,0.015577503022418466,0.0011163484711560513,0.0,75488.2421875,76673.3671875,75572.56042676834,benchmark
BTC,benchmark,arima,arima,2026-05-23,2026-05-24,0.004005847400396048,-0.0009698978600331904,0.0,76673.3671875,76981.125,76599.03790447638,benchmark
BTC,benchmark,arima,arima,2026-05-24,2026-05-25,0.003874018128693613,9.976562583761494e-05,0.0,76981.125,77279.9296875,76988.80545322955,benchmark
BTC,benchmark,arima,arima,2026-05-25,2026-05-26,-0.018996541405031864,-0.00019179765532926596,0.0,77279.9296875,75825.734375,77265.10899951396,benchmark
BTC,benchmark,arima,arima,2026-05-26,2026-05-27,-0.019725310724108713,0.0008578752216884204,0.0,75825.734375,74344.703125,75890.81130363782,benchmark
BTC,benchmark,arima,arima,2026-05-27,2026-05-28,-0.010929802661887332,0.0005971485068427653,0.0,74344.703125,73536.5546875,74389.11121125435,benchmark
BTC,benchmark,arima,arima,2026-05-28,2026-05-29,-0.0022330998228095003,0.0002970449699686152,0.0,73536.5546875,73372.5234375,73558.4015957752,benchmark
BTC,benchmark,arima,arima,2026-05-29,2026-05-30,0.005197039654902875,1.2064983078310704e-05,0.0,73372.5234375,73754.8359375,73373.4086810939,benchmark
BTC,benchmark,arima,arima,2026-05-30,2026-05-31,-0.002377562514476544,-0.00022347119978093901,0.0,73754.8359375,73579.6875,73738.35569732152,benchmark
BTC,benchmark,arima,arima,2026-05-31,2026-06-01,-0.031195386303294676,0.0001627803238852891,0.0,73579.6875,71319.7734375,73591.66580025197,benchmark
BTC,benchmark,arima,arima,2026-06-01,2026-06-02,-0.06691384852525814,0.0012760550459415716,0.0,71319.7734375,66703.65625,71410.83948455774,benchmark
BTC,benchmark,arima,arima,2026-06-02,2026-06-03,-0.041152222290191665,0.0024796417596017126,0.0,66703.65625,64014.3671875,66869.26265898504,benchmark
BTC,benchmark,arima,arima,2026-06-03,2026-06-04,-0.003329681149437111,0.0010541630030587116,0.0,64014.3671875,63801.57421875,64081.884345846054,benchmark
BTC,benchmark,arima,arima,2026-06-04,2026-06-05,-0.046172542625212365,-0.00015181292989525875,0.0,63801.57421875,60922.66796875,63791.88905002145,benchmark
BTC,benchmark,arima,arima,2026-06-05,2026-06-06,-0.0009073630482773938,0.0019978019593226166,0.0,60922.66796875,60867.4140625,61044.50105285038,benchmark
BTC,benchmark,arima,arima,2026-06-06,2026-06-07,0.0382314561194156,-0.0005165476790232487,0.0,60867.4140625,63239.51953125,60835.981260007364,benchmark
BTC,benchmark,arima,arima,2026-06-07,2026-06-08,-0.0023577871851843952,-0.001475791715652942,0.0,63239.51953125,63090.58984375,63146.26000496835,benchmark
BTC,benchmark,arima,arima,2026-06-08,2026-06-09,-0.023199274916972237,0.0005098307893754476,0.0,63090.58984375,61643.78125,63122.76356985339,benchmark
BTC,benchmark,arima,arima,2026-06-09,2026-06-10,-0.00316008608540611,0.0008409725002041712,0.0,61643.78125,61449.2890625,61695.643779263715,benchmark
BTC,benchmark,arima,arima,2026-06-10,2026-06-11,0.03378866852406486,-9.977289685421126e-05,0.0,61449.2890625,63561.0546875,61443.15839476293,benchmark
BTC,benchmark,arima,arima,2026-06-11,2026-06-12,-0.0002809578486747506,-0.0014033961451146264,0.0,63561.0546875,63543.19921875,63471.9159115095,benchmark
BTC,benchmark,arima,arima,2026-06-12,2026-06-13,0.01372472245570358,0.0004017559755481977,0.0,63543.19921875,64421.32421875,63568.73320761443,benchmark
BTC,benchmark,arima,arima,2026-06-13,2026-06-14,0.019812484755317328,-0.0006929136640182933,0.0,64421.32421875,65710.3984375,64376.70126465738,benchmark
BTC,benchmark,arima,arima,2026-06-14,2026-06-15,0.0087743291428838,-0.0006466661982860288,0.0,65710.3984375,66289.5,65667.91948028775,benchmark
BTC,benchmark,arima,arima,2026-06-15,2026-06-16,-0.010446052081715382,-0.00019199455133726536,0.0,66289.5,65600.640625,66276.77399888966,benchmark
BTC,benchmark,arima,arima,2026-06-16,2026-06-17,-0.01818545153086442,0.0004957755942228549,0.0,65600.640625,64418.4453125,65633.17188502332,benchmark
BTC,benchmark,arima,arima,2026-06-17,2026-06-18,-0.023909926459543353,0.0006325174380956804,0.0,64418.4453125,62896.47265625,64459.20399142386,benchmark
BTC,benchmark,arima,arima,2026-06-18,2026-06-19,0.0101927013006599,0.0008369903039991671,0.0,62896.47265625,63540.8359375,62949.13843131598,benchmark
BTC,benchmark,arima,arima,2026-06-19,2026-06-20,0.01093823779640829,-0.0006642213949510554,0.0,63540.8359375,64239.67578125,63498.644768506994,benchmark
BTC,benchmark,arima,arima,2026-06-20,2026-06-21,-0.01572292530514671,-0.0002787697432899061,0.0,64239.67578125,63237.5390625,64221.77019920664,benchmark
BTC,benchmark,arima,arima,2026-06-21,2026-06-22,0.011236353824842346,0.0007433822320526765,0.0,63237.5390625,63952.10546875,63284.56620284241,benchmark
BTC,benchmark,arima,arima,2026-06-22,2026-06-23,-0.02028318896027214,-0.0006824212665445368,0.0,63952.10546875,62668.01953125,63908.47807975995,benchmark
BTC,benchmark,arima,arima,2026-06-23,2026-06-24,-0.027057191162537193,0.0010486635864553487,0.0,62668.01953125,60995.1328125,62733.771671279574,benchmark
BTC,benchmark,arima,arima,2026-06-24,2026-06-25,-0.021099038116469408,0.0008546888837671403,0.0,60995.1328125,59721.67578125,61047.28695908856,benchmark
BTC,benchmark,arima,arima,2026-06-25,2026-06-26,0.004923319948585001,0.0006562176131696771,0.0,59721.67578125,60016.4296875,59760.8790583193,benchmark
BTC,benchmark,arima,arima,2026-06-26,2026-06-27,-0.0012726617424323222,-0.0003908200636020204,0.0,60016.4296875,59940.09765625,59992.97864549972,benchmark
BTC,benchmark,arima,arima,2026-06-27,2026-06-28,-0.006825999440473744,0.00016247109831272837,0.0,59940.09765625,59532.33984375,59949.836980907145,benchmark
BTC,benchmark,arima,arima,2026-06-28,2026-06-29,0.010128530183576383,0.00024398027247291075,0.0,59532.33984375,60138.37890625,59546.86633226228,benchmark
BTC,benchmark,arima,arima,2026-06-29,2026-06-30,-0.026615830286262104,-0.0004967683751650877,0.0,60138.37890625,58558.859375,60108.51148068613,benchmark
BTC,benchmark,arima,arima,2026-06-30,2026-07-01,0.024374798891813786,0.0012653079911996382,0.0,58558.859375,60003.7578125,58633.00126399324,benchmark
BTC,benchmark,arima,arima,2026-07-01,2026-07-02,0.024390944088390595,-0.0013838857981570583,0.0,60003.7578125,61485.30078125,59920.77689552682,benchmark
BTC,benchmark,arima,arima,2026-07-02,2026-07-03,0.01707535974546987,-0.0006486375383699351,0.0,61485.30078125,62544.19921875,61445.43203868467,benchmark
BTC,benchmark,arima,arima,2026-07-03,2026-07-04,0.00866191238397133,-0.0005430354716365214,0.0,62544.19921875,63088.3046875,62510.2447201121,benchmark
BTC,benchmark,arima,arima,2026-07-04,2026-07-05,0.007258275090508953,-0.00021602123146119293,0.0,63088.3046875,63547.8828125,63074.677746137924,benchmark
BTC,benchmark,arima,arima,2026-07-05,2026-07-06,0.007011517689840301,-0.00024741327911221656,0.0,63547.8828125,63995.015625,63532.16216726111,benchmark
BTC,benchmark,arima,arima,2026-07-06,2026-07-07,-0.01096103180817717,-0.0002282413715013194,0.0,63995.015625,63297.39453125,63980.41098161982,benchmark
BTC,benchmark,arima,arima,2026-07-07,2026-07-08,-0.016563965519348627,0.0005276566368907932,0.0,63297.39453125,62257.57421875,63330.80263480096,benchmark
BTC,benchmark,arima,arima,2026-07-08,2026-07-09,0.014915682336986301,0.0005549833253993301,0.0,62257.57421875,63193.1484375,62292.13572396367,benchmark
BTC,benchmark,arima,arima,2026-07-09,2026-07-10,0.01467180052315595,-0.0007859222908433924,0.0,63193.1484375,64127.140625,63143.50304478018,benchmark
BTC,benchmark,arima,arima,2026-07-10,2026-07-11,-0.005082718606355573,-0.00040309620349451587,0.0,64127.140625,63802.02734375,64101.29642727204,benchmark
BTC,benchmark,arima,arima,2026-07-11,2026-07-12,-0.0006868690961942699,0.00032725556806738223,0.0,63802.02734375,63758.21875,63822.91032930251,benchmark
BTC,benchmark,arima,arima,2026-07-12,2026-07-13,-0.024114338771437895,-6.181766585201367e-05,0.0,63758.21875,62239.12109375,63754.27748755907,benchmark
BTC,benchmark,arima,arima,2026-07-13,2026-07-14,0.04272810304426096,0.0010385307841441968,0.0,62239.12109375,64956.11328125,62303.79191248944,benchmark
BTC,benchmark,arima,arima,2026-07-14,2026-07-15,-0.0037594109647903352,-0.0020982389372840825,0.0,64956.11328125,64712.375,64819.9627233011,benchmark
BTC,benchmark,arima,arima,2026-07-15,2026-07-16,-0.014367279855176223,0.0007421088548346986,0.0,64712.375,63789.28125,64760.416450292905,benchmark
BTC,benchmark,arima,arima,2026-07-16,2026-07-17,0.0017257545646935989,0.0004023694312489858,0.0,63789.28125,63899.4609375,63814.95327128828,benchmark
BTC,benchmark,arima,arima,2026-07-17,2026-07-18,0.01394223164475083,-0.0001848701108287502,0.0,63899.4609375,64796.6015625,63887.64892895189,benchmark
BTC,benchmark,arima,arima,2026-07-18,2026-07-19,-0.0016340878484766735,-0.0005391645855548971,0.0,64796.6015625,64690.8046875,64761.674946116604,benchmark
BTC,benchmark,arima,arima,2026-07-19,2026-07-20,0.008300835886390828,0.00021898855839373336,0.0,64690.8046875,65230.02734375,64704.97278482883,benchmark
BTC,benchmark,arima,arima,2026-07-20,2026-07-21,0.019359107363714313,-0.00041241416955831644,0.0,65230.02734375,66505.125,65203.13110276943,benchmark
BTC,benchmark,arima,arima,2026-07-21,2026-07-22,-0.006098209978869257,-0.0007053847691236553,0.0,66505.125,66100.796875,66458.22983926686,benchmark
BTC,benchmark,arima,arima,2026-07-22,2026-07-23,-0.016104346952909084,0.00045424068101170695,0.0,66100.796875,65044.8125,66130.82936646121,benchmark
BTC,benchmark,arima,arima,2026-07-23,2026-07-24,-0.014655553654227636,0.0005559108357752491,0.0,65044.8125,64098.49609375,65080.981668564615,benchmark
BTC,benchmark,arima,arima,2026-07-24,2026-07-25,0.0033224217714330475,0.00046630404168801834,0.0,64098.49609375,64311.8125,64128.39245139912,benchmark
BTC,benchmark,arima,arima,2026-07-25,2026-07-26,0.015865685940396487,-0.00027025734020371664,0.0,64311.8125,65340.30078125,64294.4341090347,benchmark
BTC,benchmark,arima,arima,2026-07-26,2026-07-27,-0.02503365298859531,-0.0005969119980668604,0.0,65340.30078125,63724.8984375,65301.310009943685,benchmark
BTC,benchmark,arima,arima,2026-07-27,2026-07-28,0.0022957554728576246,0.0012261145484626793,0.0,63724.8984375,63871.36328125,63803.08038278919,benchmark
BTC,benchmark,arima,arima,2026-07-28,2026-07-29,0.0005760654802496461,-0.0004378444457029257,0.0,63871.36328125,63908.16796875,63843.40368102233,benchmark
BTC,benchmark,arima,arima,2026-07-29,2026-07-30,0.01270511594195683,9.723173955657394e-05,0.0,63908.16796875,64725.30859375,63914.38217319753,benchmark
BTC,benchmark,arima,arima,2026-07-30,2026-07-31,-0.02997835702863742,-0.0005651331976059808,0.0,64725.30859375,62813.74609375,64688.740507031514,benchmark
BTC,benchmark,arima,arima,2026-07-31,2026-08-01,-0.0008031049841085494,0.0014267185497774323,0.0,62813.74609375,62763.3203125,62903.427590397965,benchmark
BTC,benchmark,arima,arima,2026-08-01,2026-08-02,0.011385569767075112,-0.00036231954482553045,0.0,62763.3203125,63482.0,62740.584053996776,benchmark
BTC,benchmark,arima,arima,2026-08-02,2026-08-03,-0.0003324575530272348,-0.00038158314695307125,0.0,63482.0,63460.8984375,63457.78095974779,benchmark
BTC,benchmark,arima,arima,2026-08-03,2026-08-04,0.00933302539348361,0.0001200829646173781,0.0,63460.8984375,64055.953125,63468.519467890466,benchmark
BTC,benchmark,arima,arima,2026-08-04,2026-08-05,0.008418741360802475,-0.00042865690360407126,0.0,64055.953125,64597.5,64028.50098267155,benchmark
BTC,benchmark,arima,arima,2026-08-05,2026-08-06,-0.005205470783879128,-0.00023749553371990497,0.0,64597.5,64262.11328125,64582.160203899155,benchmark
BTC,benchmark,arima,arima,2026-08-06,2026-08-07,0.00957212039536744,0.0002864517186793498,0.0,64262.11328125,64880.19140625,64280.52391079773,benchmark
BTC,benchmark,arima,arima,2026-08-07,2026-08-08,0.00037748764335751974,-0.0004850000901721169,0.0,64880.19140625,64904.6875,64848.73213705845,benchmark
BTC,benchmark,arima,arima,2026-08-08,2026-08-09,-0.0009217877722439945,0.00011874205524698436,0.0,64904.6875,64844.88671875,64912.39487357454,benchmark
BTC,benchmark,arima,arima,2026-08-09,2026-08-10,-0.014513048045569134,6.056225329434254e-06,0.0,64844.88671875,63910.5859375,64845.27943518462,benchmark
BTC,benchmark,arima,arima,2026-08-10,2026-08-11,-0.00562851025881392,0.0006130149599061852,0.0,63910.5859375,63551.875,63949.77609362479,benchmark
BTC,benchmark,arima,arima,2026-08-11,2026-08-12,-0.0023542560615523694,6.810213682389857e-05,0.0,63551.875,63402.43359375,63556.20316586366,benchmark
BTC,benchmark,arima,arima,2026-08-12,2026-08-13,-4.127906065128786e-06,8.079564581993761e-05,0.0,63402.43359375,63402.171875,63407.556441267865,benchmark
BTC,benchmark,arima,arima,2026-08-13,2026-08-14,-0.006750867021094253,-2.2269768349106517e-05,0.0,63402.171875,62975.59375,63400.759939041316,benchmark
BTC,benchmark,arima,arima,2026-08-14,2026-08-15,0.0007734380660748331,0.0002921180934421178,0.0,62975.59375,63024.3203125,62993.992747588854,benchmark
BTC,benchmark,arima,arima,2026-08-15,2026-08-16,-0.0032686473868631834,-0.00011390768826678477,0.0,63024.3203125,62818.65234375,63017.141766722154,benchmark
BTC,benchmark,arima,arima,2026-08-16,2026-08-17,0.026510137670231988,0.00017008588494340149,0.0,62818.65234375,64506.25390625,62829.337818523294,benchmark
BTC,benchmark,arima,arima,2026-08-17,2026-08-18,0.002700847372800676,-0.0011700807250828657,0.0,64506.25390625,64680.7109375,64430.82052208767,benchmark
BTC,benchmark,arima,arima,2026-08-18,2026-08-19,0.0684938460027011,0.00021064839593566036,0.0,64680.7109375,69266.1875,64694.33726063813,benchmark
BTC,benchmark,arima,arima,2026-08-19,2026-08-20,0.05295120538976306,-0.0029595606361954956,0.0,69266.1875,73032.7578125,69061.49307025387,benchmark
BTC,benchmark,arima,arima,2026-08-20,2026-08-21,0.07008881775516321,-0.001420587716681623,0.0,73032.7578125,78335.1875,72929.08203154206,benchmark
BTC,benchmark,arima,arima,2026-08-21,2026-08-22,-0.016108760387506423,-0.002573966553273594,0.0,78335.1875,77083.4140625,78133.81462213646,benchmark
BTC,benchmark,arima,arima,2026-08-22,2026-08-23,0.008678138825315892,0.0013973177918814418,0.0,77083.4140625,77755.265625,77191.19937605913,benchmark
BTC,benchmark,arima,arima,2026-08-23,2026-08-24,0.0154319126625293,-0.000755728419744237,0.0,77755.265625,78964.484375,77696.5259593954,benchmark
BTC,benchmark,arima,arima,2026-08-24,2026-08-25,-0.005072177186830813,-0.0004436783047938519,0.0,78964.484375,78564.9765625,78929.45731738095,benchmark
BTC,benchmark,arima,arima,2026-08-25,2026-08-26,0.005868895257053803,0.0003380825823520329,0.0,78564.9765625,79027.421875,78591.54250314654,benchmark
BTC,benchmark,arima,arima,2026-08-26,2026-08-27,0.015445797722405792,-0.000342493486640856,0.0,79027.421875,80257.5390625,79000.36013224165,benchmark
BTC,benchmark,arima,arima,2026-08-27,2026-08-28,-0.030710027313092664,-0.0005590608925254521,0.0,80257.5390625,77830.2890625,80212.68275095292,benchmark
BTC,benchmark,arima,arima,2026-08-28,2026-08-29,0.005324638622765287,0.0014560214490055446,0.0,77830.2890625,78245.8125,77943.69417285897,benchmark
BTC,benchmark,arima,arima,2026-08-29,2026-08-30,-0.007417513856522034,-0.0006299991331152961,0.0,78245.8125,77667.5703125,78196.53323053353,benchmark
BTC,benchmark,arima,arima,2026-08-30,2026-08-31,0.01128015948027171,0.0004891778092126066,0.0,77667.5703125,78548.6328125,77705.57285863566,benchmark
BTC,phase0,lstm,phase0_lstm,2025-10-31,2025-11-01,0.004624825172493,0.0015948151238262,0.0003877906539581225,109556.1640625,110064.015625,109731.02528845677,ensemble
BTC,phase0,lstm,phase0_lstm,2025-11-01,2025-11-02,0.0052161412333197,0.00148132196627552,0.00028750850697268927,110064.015625,110639.625,110227.17668623826,ensemble
BTC,phase0,lstm,phase0_lstm,2025-11-02,2025-11-03,-0.0376871829010099,0.00136210739146914,0.0002791404785772354,110639.625,106547.5234375,110790.4307344884,ensemble
BTC,phase0,lstm,phase0_lstm,2025-11-03,2025-11-04,-0.0476408575376077,0.0012629511067643,0.00030269681726386577,106547.5234375,101590.5234375,106682.17276000619,ensemble
BTC,phase0,lstm,phase0_lstm,2025-11-04,2025-11-05,0.0224000613217487,0.00123067795066156,0.00033623336100760404,101590.5234375,103891.8359375,101715.62561914932,ensemble
BTC,phase0,lstm,phase0_lstm,2025-11-05,2025-11-06,-0.0252511824918507,0.00126013666158536,0.00043191968099081437,103891.8359375,101301.2890625,104022.83637069342,ensemble
BTC,phase0,lstm,phase0_lstm,2025-11-06,2025-11-07,0.020238925968734,0.00126789719797664,0.0005369666807138007,101301.2890625,103372.40625,101429.81014159464,ensemble
BTC,phase0,lstm,phase0_lstm,2025-11-07,2025-11-08,-0.0106032122142002,0.00129801127477546,0.0006247028340690385,103372.40625,102282.1171875,103506.67191913808,ensemble
BTC,phase0,lstm,phase0_lstm,2025-11-08,2025-11-09,0.02355183969968,0.00121263031032864,0.0005746798109827031,102282.1171875,104719.640625,102406.22281492107,ensemble
BTC,phase0,lstm,phase0_lstm,2025-11-09,2025-11-10,0.0121202693364623,0.00105049224221142,0.0004998956454436006,104719.640625,105996.59375,104829.70559616119,ensemble
BTC,phase0,lstm,phase0_lstm,2025-11-10,2025-11-11,-0.0287025464768418,0.0008809049497357999,0.0003578396848944695,105996.59375,102997.46875,106090.00781250381,ensemble
BTC,phase0,lstm,phase0_lstm,2025-11-11,2025-11-12,-0.0130391466426769,0.00072729224921196,0.00017391904066079792,102997.46875,101663.1875,103072.4052577778,ensemble
BTC,phase0,lstm,phase0_lstm,2025-11-12,2025-11-13,-0.0195247429765854,0.00059625463327386,0.00015562698703535166,101663.1875,99697.4921875,101723.8227217998,ensemble
BTC,phase0,lstm,phase0_lstm,2025-11-13,2025-11-14,-0.0546228711365914,0.00054181049927134,0.00023363074060372833,99697.4921875,94397.7890625,99751.52397169042,ensemble
BTC,phase0,lstm,phase0_lstm,2025-11-14,2025-11-15,0.0121231064987472,0.0005377634544856201,0.00023475341614820087,94397.7890625,95549.1484375,94448.56639551537,ensemble
BTC,phase0,lstm,phase0_lstm,2025-11-15,2025-11-16,-0.0144639384619225,0.00049494888226032,0.0002759629260983466,95549.1484375,94177.078125,95596.45208719866,ensemble
BTC,phase0,lstm,phase0_lstm,2025-11-16,2025-11-17,-0.0223683827163435,0.00047555146011286,0.0003138506968780905,94177.078125,92093.875,94221.8748227348,ensemble
BTC,phase0,lstm,phase0_lstm,2025-11-17,2025-11-18,0.0092411735633055,0.0005111447964736181,0.00034895014125990704,92093.875,92948.875,92140.96033768085,ensemble
BTC,phase0,lstm,phase0_lstm,2025-11-18,2025-11-19,-0.0160823776998089,0.00060610711079782,0.00042742869217667333,92948.875,91465.9921875,93005.22905064836,ensemble
BTC,phase0,lstm,phase0_lstm,2025-11-19,2025-11-20,-0.0542991431316111,0.0006915288555319059,0.000567782786613523,91465.9921875,86631.8984375,91529.26543551439,ensemble
BTC,phase0,lstm,phase0_lstm,2025-11-20,2025-11-21,-0.0179504904722895,0.0008338794621522118,0.0006793564846580406,86631.8984375,85090.6875,86704.16912670819,ensemble
BTC,phase0,lstm,phase0_lstm,2025-11-21,2025-11-22,-0.0052118723936807,0.0009186971321468601,0.0007394819476725772,85090.6875,84648.359375,85168.89599003571,ensemble
BTC,phase0,lstm,phase0_lstm,2025-11-22,2025-11-23,0.0251585865790003,0.000843192582033184,0.0008190467660528272,84648.359375,86805.0078125,84719.76434354558,ensemble
BTC,phase0,lstm,phase0_lstm,2025-11-23,2025-11-24,0.0167423578108394,0.0007232123918583719,0.0008848529670623069,86805.0078125,88270.5625,86867.80897637806,ensemble
BTC,phase0,lstm,phase0_lstm,2025-11-24,2025-11-25,-0.0105764769567544,0.0005843425249622429,0.0009346383111154762,88270.5625,87341.890625,88322.15781657174,ensemble
BTC,phase0,lstm,phase0_lstm,2025-11-25,2025-11-26,0.0357225879133364,0.0004691421825554911,0.0009744797936467067,87341.890625,90518.3671875,87382.87600342956,ensemble
BTC,phase0,lstm,phase0_lstm,2025-11-26,2025-11-27,0.0084378061084954,0.00039621071409781937,0.0010263497714606505,90518.3671875,91285.375,90554.23864026001,ensemble
BTC,phase0,lstm,phase0_lstm,2025-11-27,2025-11-28,-0.0040186667744196,0.00036196308792565995,0.0011506132126162338,91285.375,90919.265625,91318.42291691966,ensemble
BTC,phase0,lstm,phase0_lstm,2025-11-28,2025-11-29,-0.0007427786269465,0.0005311284970957799,0.001465299564846584,90919.265625,90851.7578125,90967.56826422705,ensemble
BTC,phase0,lstm,phase0_lstm,2025-11-29,2025-11-30,-0.0050477925731327,0.00075431287987158,0.0018242890362020019,90851.7578125,90394.3125,90920.31431685342,ensemble
BTC,phase0,lstm,phase0_lstm,2025-11-30,2025-12-01,-0.046101838054076,0.0009252068470232,0.002091452635829811,90394.3125,86321.5703125,90477.98463790573,ensemble
BTC,phase0,lstm,phase0_lstm,2025-12-01,2025-12-02,0.0566209938703037,0.00105659028631636,0.0021503743189883713,86321.5703125,91350.203125,86412.82504613473,ensemble
BTC,phase0,lstm,phase0_lstm,2025-12-02,2025-12-03,0.0235582620118316,0.00115104353171772,0.0020671375661209077,91350.203125,93527.8046875,91455.4117236507,ensemble
BTC,phase0,lstm,phase0_lstm,2025-12-03,2025-12-04,-0.0149319728659321,0.0012073928548489,0.001958601961789371,93527.8046875,92141.625,93640.7976903548,ensemble
BTC,phase0,lstm,phase0_lstm,2025-12-04,2025-12-05,-0.0303430599756753,0.0012666854381677382,0.0017942282417879641,92141.625,89387.7578125,92258.41340610778,ensemble
BTC,phase0,lstm,phase0_lstm,2025-12-05,2025-12-06,-0.0012916460625568,0.0012877426888735293,0.0016662716726496866,89387.7578125,89272.375,89502.9403909424,ensemble
BTC,phase0,lstm,phase0_lstm,2025-12-06,2025-12-07,0.0126145722260143,0.00127508824371032,0.0015453247385159088,89272.375,90405.640625,89386.27775845231,ensemble
BTC,phase0,lstm,phase0_lstm,2025-12-07,2025-12-08,0.0025911959798138,0.0012751359317917,0.0014154159707547775,90405.640625,90640.203125,90520.99363555181,ensemble
BTC,phase0,lstm,phase0_lstm,2025-12-08,2025-12-09,0.0223811926981977,0.0012556555495393347,0.001248933960198929,90640.203125,92691.7109375,90754.08748386572,ensemble
BTC,phase0,lstm,phase0_lstm,2025-12-09,2025-12-10,-0.0072628328466358,0.00118895792693362,0.0010534587451201869,92691.7109375,92020.9453125,92801.98302342527,ensemble
BTC,phase0,lstm,phase0_lstm,2025-12-10,2025-12-11,0.0053149701081481,0.0010950944692012443,0.0009780019366506067,92020.9453125,92511.3359375,92121.77213813571,ensemble
BTC,phase0,lstm,phase0_lstm,2025-12-11,2025-12-12,-0.0245214214521475,0.0010286594817443568,0.0009140982297007868,92511.3359375,90270.4140625,92606.54756215557,ensemble
BTC,phase0,lstm,phase0_lstm,2025-12-12,2025-12-13,0.000313418755633,0.0009216522383212076,0.0008864175989713165,90270.4140625,90298.7109375,90353.65034323507,ensemble
BTC,phase0,lstm,phase0_lstm,2025-12-13,2025-12-14,-0.0237976710179162,0.0007826037995983,0.0009303024632122019,90298.7109375,88175.1796875,90369.40671156097,ensemble
BTC,phase0,lstm,phase0_lstm,2025-12-14,2025-12-15,-0.0201089147130883,0.00070045989705248,0.0009532852541285428,88175.1796875,86419.78125,88236.9645011524,ensemble
BTC,phase0,lstm,phase0_lstm,2025-12-15,2025-12-16,0.0163457369350781,0.0006341448839521,0.0009218380120143306,86419.78125,87843.984375,86474.6012922395,ensemble
BTC,phase0,lstm,phase0_lstm,2025-12-16,2025-12-17,-0.0195448330408544,0.0006151456997031399,0.0009031732434332397,87843.984375,86143.7578125,87898.03784790926,ensemble
BTC,phase0,lstm,phase0_lstm,2025-12-17,2025-12-18,-0.0079397284977681,0.00052225503022784,0.0009368399549116423,86143.7578125,85462.5078125,86188.75857325431,ensemble
BTC,phase0,lstm,phase0_lstm,2025-12-18,2025-12-19,0.0304331549684077,0.00041239779093302,0.0009645124226994603,85462.5078125,88103.3828125,85497.75963031575,ensemble
BTC,phase0,lstm,phase0_lstm,2025-12-19,2025-12-20,0.0027273551221506,0.00034557745675554,0.0009072467952545628,88103.3828125,88344.0,88133.83461688939,ensemble
BTC,phase0,lstm,phase0_lstm,2025-12-20,2025-12-21,0.0031390280669266,0.00031075159204192,0.0008389284920538074,88344.0,88621.75,88371.45730462695,ensemble
BTC,phase0,lstm,phase0_lstm,2025-12-21,2025-12-22,-0.001487584958889,0.00027002330170940007,0.000737825662892193,88621.75,88490.015625,88645.68316864947,ensemble
BTC,phase0,lstm,phase0_lstm,2025-12-22,2025-12-23,-0.0122342749529535,0.00024000846897250004,0.000661576254318656,88490.015625,87414.0,88511.25652706575,ensemble
BTC,phase0,lstm,phase0_lstm,2025-12-23,2025-12-24,0.0022620761040624,0.0002675359704880847,0.0006370922020821432,87414.0,87611.9609375,87437.38951795343,ensemble
BTC,phase0,lstm,phase0_lstm,2025-12-24,2025-12-25,-0.0043148578556266,0.0003289258886070256,0.0005943823126239969,87611.9609375,87234.7421875,87640.78351959081,ensemble
BTC,phase0,lstm,phase0_lstm,2025-12-25,2025-12-26,0.000764168281323,0.00035053182145927236,0.0005602299987921792,87234.7421875,87301.4296875,87265.32610057773,ensemble
BTC,phase0,lstm,phase0_lstm,2025-12-26,2025-12-27,0.005719219565876,0.00041287645481130934,0.0004849180887104931,87301.4296875,87802.15625,87337.48183431849,ensemble
BTC,phase0,lstm,phase0_lstm,2025-12-27,2025-12-28,0.0003835125589097,0.0004334333108999461,0.00044849421809110135,87802.15625,87835.8359375,87840.22087793052,ensemble
BTC,phase0,lstm,phase0_lstm,2025-12-28,2025-12-29,-0.0079748888825797,0.000426455574051898,0.00047131017998046885,87835.8359375,87138.140625,87873.30200757645,ensemble
BTC,phase0,lstm,phase0_lstm,2025-12-29,2025-12-30,0.0147180978087909,0.0004444476006028264,0.00045561240418055105,87138.140625,88430.1328125,87176.87757015528,ensemble
BTC,phase0,lstm,phase0_lstm,2025-12-30,2025-12-31,-0.0104730993492998,0.0004635382720152519,0.0003814738695153904,88430.1328125,87508.828125,88471.13306531702,ensemble
BTC,phase0,lstm,phase0_lstm,2025-12-31,2026-01-01,0.01388073366055,0.0005069159455160204,0.0003587155784424318,87508.828125,88731.984375,87553.19899054947,ensemble
BTC,phase0,lstm,phase0_lstm,2026-01-01,2026-01-02,0.0135745701301948,0.00048196028510572,0.00038239247807459175,88731.984375,89944.6953125,88774.75997472947,ensemble
BTC,phase0,lstm,phase0_lstm,2026-01-02,2026-01-03,0.0072944096271482,0.00047800332249606,0.0004293885810967721,89944.6953125,90603.1875,89987.69945294246,ensemble
BTC,phase0,lstm,phase0_lstm,2026-01-03,2026-01-04,0.0089036899476068,0.00049612155416974,0.0005147331912373101,90603.1875,91413.4921875,90648.14884641954,ensemble
BTC,phase0,lstm,phase0_lstm,2026-01-04,2026-01-05,0.0266514983813646,0.00049856388941406,0.0006195095785223258,91413.4921875,93882.5546875,91459.0790167391,ensemble
BTC,phase0,lstm,phase0_lstm,2026-01-05,2026-01-06,-0.0016366097114998,0.0005724797665607,0.0007001492326035334,93882.5546875,93729.03125,93936.31593763732,ensemble
BTC,phase0,lstm,phase0_lstm,2026-01-06,2026-01-07,-0.0261689672501516,0.00063322099740614,0.0007614538865014656,93729.03125,91308.0546875,93788.40123583107,ensemble
BTC,phase0,lstm,phase0_lstm,2026-01-07,2026-01-08,-0.0030814668927555,0.00067863680887962,0.0007963183070939502,91308.0546875,91027.125,91370.04072498251,ensemble
BTC,phase0,lstm,phase0_lstm,2026-01-08,2026-01-09,-0.0056629301495069,0.00070730549050492,0.0008419011695805875,91027.125,90513.1015625,91091.53176023983,ensemble
BTC,phase0,lstm,phase0_lstm,2026-01-09,2026-01-10,-0.0013980466595052,0.0006749498599674201,0.0008693075326334013,90513.1015625,90386.6484375,90574.21398931678,ensemble
BTC,phase0,lstm,phase0_lstm,2026-01-10,2026-01-11,0.0048651109011003,0.0005035548994783,0.0008350348976542035,90386.6484375,90827.4609375,90432.17453865179,ensemble
BTC,phase0,lstm,phase0_lstm,2026-01-11,2026-01-12,0.0040163809626806,0.0003155116966808886,0.000812563075915603,90827.4609375,91192.9921875,90856.12258511037,ensemble
BTC,phase0,lstm,phase0_lstm,2026-01-12,2026-01-13,0.0442802850314782,0.00023385332078758582,0.0008062313434792742,91192.9921875,95321.78125,91214.32046530269,ensemble
BTC,phase0,lstm,phase0_lstm,2026-01-13,2026-01-14,0.016723797821879,0.0002498486588592766,0.0007730562386238125,95321.78125,96929.328125,95345.60024465341,ensemble
BTC,phase0,lstm,phase0_lstm,2026-01-14,2026-01-15,-0.0143200382747562,0.00040079612081170003,0.0006886037369553463,96929.328125,95551.1875,96968.18480998954,ensemble
BTC,phase0,lstm,phase0_lstm,2026-01-15,2026-01-16,-0.0002728785518896,0.0005271805566735199,0.0006261040974305641,95551.1875,95525.1171875,95601.57350831208,ensemble
BTC,phase0,lstm,phase0_lstm,2026-01-16,2026-01-17,-0.0044610720579804,0.000575076584937,0.0006007238918641972,95525.1171875,95099.921875,95580.06724439903,ensemble
BTC,phase0,lstm,phase0_lstm,2026-01-17,2026-01-18,-0.0155299936581246,0.00053911782160862,0.0006040660665066916,95099.921875,93634.4296875,95151.20576050258,ensemble
BTC,phase0,lstm,phase0_lstm,2026-01-18,2026-01-19,-0.0116102857616082,0.00044984167034273995,0.0006442433956643453,93634.4296875,92553.59375,93676.55983098883,ensemble
BTC,phase0,lstm,phase0_lstm,2026-01-19,2026-01-20,-0.0469242550548211,0.0003850961657008,0.0007248497646900801,92553.59375,88310.90625,92589.24264776132,ensemble
BTC,phase0,lstm,phase0_lstm,2026-01-20,2026-01-21,0.0119993277601487,0.0004603819994372,0.0006604759559386619,88310.90625,89376.9609375,88351.57236184616,ensemble
BTC,phase0,lstm,phase0_lstm,2026-01-21,2026-01-22,0.0009560777691027,0.00065319105633532,0.000570836293182436,89376.9609375,89462.453125,89435.36023990143,ensemble
BTC,phase0,lstm,phase0_lstm,2026-01-22,2026-01-23,0.0004629013309221,0.000841096063231761,0.0005163912573109528,89462.453125,89503.875,89537.73129577913,ensemble
BTC,phase0,lstm,phase0_lstm,2026-01-23,2026-01-24,-0.0044021176235583,0.000979646196356,0.00048377434466007557,89503.875,89110.734375,89591.60009346408,ensemble
BTC,phase0,lstm,phase0_lstm,2026-01-24,2026-01-25,-0.0289008383617947,0.0010123218176885998,0.0004838863263997212,89110.734375,86572.21875,89200.98879114768,ensemble
BTC,phase0,lstm,phase0_lstm,2026-01-25,2026-01-26,0.0193889405513137,0.00109067107550796,0.0005042047942758991,86572.21875,88267.140625,86666.69207522961,ensemble
BTC,phase0,lstm,phase0_lstm,2026-01-26,2026-01-27,0.009420276564581,0.0011508524883538,0.0004803944435450728,88267.140625,89102.5703125,88368.7815590708,ensemble
BTC,phase0,lstm,phase0_lstm,2026-01-27,2026-01-28,0.0009198645005418,0.00128096381667996,0.00043027953593245395,89102.5703125,89184.5703125,89216.78061505902,ensemble
BTC,phase0,lstm,phase0_lstm,2026-01-28,2026-01-29,-0.053227949504083,0.00146466870792208,0.00036955062695745417,89184.5703125,84561.5859375,89315.29187038458,ensemble
BTC,phase0,lstm,phase0_lstm,2026-01-29,2026-01-30,-0.00513284742955,0.0015953555703162598,0.000354243128940862,84561.5859375,84128.65625,84696.5994032666,ensemble
BTC,phase0,lstm,phase0_lstm,2026-01-30,2026-01-31,-0.0677069192719858,0.0017186279408633203,0.0004259410687711788,84128.65625,78621.1171875,84273.36642511468,ensemble
BTC,phase0,lstm,phase0_lstm,2026-01-31,2026-02-01,-0.0211668421472114,0.0017502558068371802,0.0005694166775544452,78621.1171875,76974.4453125,78758.84474846962,ensemble
BTC,phase0,lstm,phase0_lstm,2026-02-01,2026-02-02,0.0220269081578216,0.0017359884222969,0.0006805277090602444,76974.4453125,78688.765625,77108.18811276373,ensemble
BTC,phase0,lstm,phase0_lstm,2026-02-02,2026-02-03,-0.0396004693749769,0.00161419175565236,0.0006954768230201076,78688.765625,75633.546875,78815.8869532319,ensemble
BTC,phase0,lstm,phase0_lstm,2026-02-03,2026-02-04,-0.0351706159417589,0.00150196548784146,0.0007213027463320603,75633.546875,73019.703125,75747.23120572821,ensemble
BTC,phase0,lstm,phase0_lstm,2026-02-04,2026-02-05,-0.1523344080304475,0.0013532539131119199,0.000806646286843881,73019.703125,62702.09765625,73118.58421450878,ensemble
BTC,phase0,lstm,phase0_lstm,2026-02-05,2026-02-06,0.118003181433477,0.001233370994123056,0.0009663589899066757,62702.09765625,70555.390625,62779.48031572414,ensemble
BTC,phase0,lstm,phase0_lstm,2026-02-06,2026-02-07,-0.0182134028127509,0.0011545995788764785,0.0009322563751379398,70555.390625,69281.96875,70636.90089611032,ensemble
BTC,phase0,lstm,phase0_lstm,2026-02-07,2026-02-08,0.0140852358847471,0.0009037587966303801,0.0009101122347567994,69281.96875,70264.7265625,69344.6112412932,ensemble
BTC,phase0,lstm,phase0_lstm,2026-02-08,2026-02-09,-0.0020507154219692,0.0006237921588762976,0.0013178809233849063,70264.7265625,70120.78125,70308.57082140603,ensemble
BTC,phase0,lstm,phase0_lstm,2026-02-09,2026-02-10,-0.0191032375898973,0.0002877000544686,0.0017574902497146168,70120.78125,68793.9609375,70140.9579048582,ensemble
BTC,phase0,lstm,phase0_lstm,2026-02-10,2026-02-11,-0.0265432212123745,0.00020021755481139996,0.002067721374153617,68793.9609375,66991.96875,68807.73607511086,ensemble
BTC,phase0,lstm,phase0_lstm,2026-02-11,2026-02-12,-0.011562368274835,0.00026516939979045996,0.002263472637245697,66991.96875,66221.84375,67009.73532561622,ensemble
BTC,phase0,lstm,phase0_lstm,2026-02-12,2026-02-13,0.0390337693571557,0.0007150243123760399,0.002341344785145667,66221.84375,68857.84375,66269.21091060927,ensemble
BTC,phase0,lstm,phase0_lstm,2026-02-13,2026-02-14,0.0131259330678483,0.0012227697530761401,0.0024044391255492546,68857.84375,69767.625,68942.09253653634,ensemble
BTC,phase0,lstm,phase0_lstm,2026-02-14,2026-02-15,-0.0141380400688788,0.0017515357991214598,0.0023695493637880902,69767.625,68788.1875,69889.93257458614,ensemble
BTC,phase0,lstm,phase0_lstm,2026-02-15,2026-02-16,0.00079878247825,0.0021742284385254202,0.002413039550752918,68788.1875,68843.15625,68937.91144154083,ensemble
BTC,phase0,lstm,phase0_lstm,2026-02-16,2026-02-17,-0.0197888733002862,0.0023721442878013197,0.002345274680026741,68843.15625,67494.21875,69006.65599567785,ensemble
BTC,phase0,lstm,phase0_lstm,2026-02-17,2026-02-18,-0.0159636322602148,0.0025448613654589,0.0022214256671604965,67494.21875,66425.3203125,67666.20092226396,ensemble
BTC,phase0,lstm,phase0_lstm,2026-02-18,2026-02-19,0.0079801259947047,0.00270883931079874,0.002169187494846385,66425.3203125,66957.5234375,66605.49975980296,ensemble
BTC,phase0,lstm,phase0_lstm,2026-02-19,2026-02-20,0.0155289956566322,0.00280450681457292,0.002174290354452882,66957.5234375,68005.421875,67145.56983371443,ensemble
BTC,phase0,lstm,phase0_lstm,2026-02-20,2026-02-21,-2.4354972344490844e-05,0.00261462387861682,0.0024032508754433975,68005.421875,68003.765625,68183.46312893876,ensemble
BTC,phase0,lstm,phase0_lstm,2026-02-21,2026-02-22,-0.005076923598302,0.00244766881223764,0.0027019473382795993,68003.765625,67659.390625,68170.42019562906,ensemble
BTC,phase0,lstm,phase0_lstm,2026-02-22,2026-02-23,-0.0460126731356427,0.00222460268996654,0.0031447032237181343,67659.390625,64616.73828125,67810.07342993015,ensemble
BTC,phase0,lstm,phase0_lstm,2026-02-23,2026-02-24,-0.0083405104387447,0.0018462202744558196,0.0034453556903405323,64616.73828125,64080.04296875,64736.14520535932,ensemble
BTC,phase0,lstm,phase0_lstm,2026-02-24,2026-02-25,0.0587881628108732,0.0013954095309599802,0.003892394091253271,64080.04296875,67960.125,64169.523287778495,ensemble
BTC,phase0,lstm,phase0_lstm,2026-02-25,2026-02-26,-0.0074786108124004,0.00083541165804486,0.0043222947129538955,67960.125,67453.7734375,68016.9234024276,ensemble
BTC,phase0,lstm,phase0_lstm,2026-02-26,2026-02-27,-0.0235803453997585,0.00020282136974856014,0.004578938082354411,67453.7734375,65881.796875,67467.45589172345,ensemble
BTC,phase0,lstm,phase0_lstm,2026-02-27,2026-02-28,0.0167686372009838,-0.0004977320088073798,0.004834543721176789,65881.796875,66995.859375,65849.01355522817,ensemble
BTC,phase0,lstm,phase0_lstm,2026-02-28,2026-03-01,-0.0189521272552437,-0.00129800454014914,0.0051183573524973885,66995.859375,65738.1015625,66908.95485878986,ensemble
BTC,phase0,lstm,phase0_lstm,2026-03-01,2026-03-02,0.0451739987422587,-0.0019333544885739597,0.0051834548886000404,65738.1015625,68775.8515625,65611.12928953112,ensemble
BTC,phase0,lstm,phase0_lstm,2026-03-02,2026-03-03,-0.0070359214012543,-0.0024271131143905403,0.005133949843463528,68775.8515625,68293.6484375,68609.12720250565,ensemble
BTC,phase0,lstm,phase0_lstm,2026-03-03,2026-03-04,0.0626701105436228,-0.00297343481506688,0.0051229120865092445,68293.6484375,72710.578125,68090.88332939634,ensemble
BTC,phase0,lstm,phase0_lstm,2026-03-04,2026-03-05,-0.026047184090688,-0.0032980936615785647,0.005208967847746448,72710.578125,70841.125,72471.16684558256,ensemble
BTC,phase0,lstm,phase0_lstm,2026-03-05,2026-03-06,-0.0389267622298537,-0.00361200935803936,0.005100644978170249,70841.125,68136.4921875,70585.7077559978,ensemble
BTC,phase0,lstm,phase0_lstm,2026-03-06,2026-03-07,-0.0127600028163738,-0.003893763028645479,0.005009065891946876,68136.4921875,67272.59375,67871.70068554954,ensemble
BTC,phase0,lstm,phase0_lstm,2026-03-07,2026-03-08,-0.0195561512724631,-0.00399490597483236,0.004904162774541125,67272.59375,65969.78125,67004.38216003239,ensemble
BTC,phase0,lstm,phase0_lstm,2026-03-08,2026-03-09,0.0362108831336739,-0.0037435051325701227,0.0045878544665781534,65969.78125,68402.3828125,65723.28470370255,ensemble
BTC,phase0,lstm,phase0_lstm,2026-03-09,2026-03-10,0.0220430630536829,-0.0032580077677266395,0.004133939479511607,68402.3828125,69926.921875,68179.88995649872,ensemble
BTC,phase0,lstm,phase0_lstm,2026-03-10,2026-03-11,0.0039671408310243,-0.0029289726982824,0.003724860095651517,69926.921875,70204.8828125,69722.4074846947,ensemble
BTC,phase0,lstm,phase0_lstm,2026-03-11,2026-03-12,0.0041020885103588,-0.00257505475310606,0.0034070369150188034,70204.8828125,70493.4609375,70024.33395668396,ensemble
BTC,phase0,lstm,phase0_lstm,2026-03-12,2026-03-13,0.0067128612385433,-0.0025843470590189003,0.0032296546047301403,70493.4609375,70968.265625,70311.51657400138,ensemble
BTC,phase0,lstm,phase0_lstm,2026-03-13,2026-03-14,0.0034653905327112,-0.0024600687902420404,0.0030745856713450146,70968.265625,71214.625,70793.8933814363,ensemble
BTC,phase0,lstm,phase0_lstm,2026-03-14,2026-03-15,0.0218791978790222,-0.00244129701750352,0.0029146225902051638,71214.625,72789.9140625,71040.98099292534,ensemble
BTC,phase0,lstm,phase0_lstm,2026-03-15,2026-03-16,0.0280568061089276,-0.00229211911791932,0.0026243263070103583,72789.9140625,74861.0859375,72623.26197506666,ensemble
BTC,phase0,lstm,phase0_lstm,2026-03-16,2026-03-17,-0.012617278563279,-0.0021508590900339,0.0023077460559790364,74861.0859375,73922.4765625,74700.24332722413,ensemble
BTC,phase0,lstm,phase0_lstm,2026-03-17,2026-03-18,-0.0368841742334174,-0.0019839310145471,0.0020182297792772433,73922.4765625,71245.578125,73775.96485119517,ensemble
BTC,phase0,lstm,phase0_lstm,2026-03-18,2026-03-19,-0.0188841610476273,-0.00188402598723766,0.0018182910070612488,71245.578125,69912.7890625,71111.47596997613,ensemble
BTC,phase0,lstm,phase0_lstm,2026-03-19,2026-03-20,0.0086844316474486,-0.00176846015965564,0.001724646127766395,69912.7890625,70522.5859375,69789.26034039854,ensemble
BTC,phase0,lstm,phase0_lstm,2026-03-20,2026-03-21,-0.0260161056310177,-0.00171122302999718,0.0017349312659690479,70522.5859375,68711.5234375,70402.00926052562,ensemble
BTC,phase0,lstm,phase0_lstm,2026-03-21,2026-03-22,-0.0126881200860849,-0.0016090756980702,0.0017489510787012017,68711.5234375,67845.2109375,68601.0502986166,ensemble
BTC,phase0,lstm,phase0_lstm,2026-03-22,2026-03-23,0.044251193034697,-0.0014740904443897,0.0017384592844107197,67845.2109375,70914.859375,67745.27463602927,ensemble
BTC,phase0,lstm,phase0_lstm,2026-03-23,2026-03-24,-0.0056139915316955,-0.00130432092119004,0.0017553481529473981,70914.859375,70517.859375,70822.423936137,ensemble
BTC,phase0,lstm,phase0_lstm,2026-03-24,2026-03-25,0.0111689244808132,-0.00116014683153478,0.0017404062066864645,70517.859375,71309.8828125,70436.09574196013,ensemble
BTC,phase0,lstm,phase0_lstm,2026-03-25,2026-03-26,-0.0359529188074161,-0.00101172563736324,0.0016870797973429533,71309.8828125,68791.625,71237.77325955381,ensemble
BTC,phase0,lstm,phase0_lstm,2026-03-26,2026-03-27,-0.0363134696852071,-0.0007816382596502001,0.0016369696657954273,68791.625,66338.375,68737.87584289184,ensemble
BTC,phase0,lstm,phase0_lstm,2026-03-27,2026-03-28,-0.0002816215791388,-0.00040748444589554217,0.0015626834226106637,66338.375,66319.6953125,66311.34865080394,ensemble
BTC,phase0,lstm,phase0_lstm,2026-03-28,2026-03-29,-0.0055154098337006,4.834617720880026e-06,0.0015093511784932843,66319.6953125,65954.921875,66320.01594364927,ensemble
BTC,phase0,lstm,phase0_lstm,2026-03-29,2026-03-30,0.0111051817312093,0.00041039964416996,0.0015458382182087893,65954.921875,66691.4453125,65981.9953065521,ensemble
BTC,phase0,lstm,phase0_lstm,2026-03-30,2026-03-31,0.0228562101625793,0.00069004435208626,0.0015424685484801658,66691.4453125,68233.3125,66737.48124926272,ensemble
BTC,phase0,lstm,phase0_lstm,2026-03-31,2026-04-01,-0.0022706442540199,0.0009611615867469996,0.0014671873817431,68233.3125,68078.5546875,68298.92726705689,ensemble
BTC,phase0,lstm,phase0_lstm,2026-04-01,2026-04-02,-0.0176341492288758,0.0011765043949707999,0.0013334781427050465,68078.5546875,66888.5703125,68158.69654067022,ensemble
BTC,phase0,lstm,phase0_lstm,2026-04-02,2026-04-03,0.0006356502125007,0.00128167228249364,0.0010632118060896912,66888.5703125,66931.1015625,66974.35450095045,ensemble
BTC,phase0,lstm,phase0_lstm,2026-04-03,2026-04-04,0.0053555444955297,0.0013295082491822,0.0007292715487616064,66931.1015625,67290.515625,67020.14619382394,ensemble
BTC,phase0,lstm,phase0_lstm,2026-04-04,2026-04-05,0.0248248287948484,0.00122094809776168,0.0006031557016822607,67290.515625,68981.8984375,67372.7240279339,ensemble
BTC,phase0,lstm,phase0_lstm,2026-04-05,2026-04-06,-0.0017711667933321,0.00113393718784204,0.0006418284590938464,68981.8984375,68859.828125,69060.16394312365,ensemble
BTC,phase0,lstm,phase0_lstm,2026-04-06,2026-04-07,0.0437692500886501,0.0010826704499776799,0.0006076666219871248,68859.828125,71940.703125,68934.42099856515,ensemble
BTC,phase0,lstm,phase0_lstm,2026-04-07,2026-04-08,-0.0114263865929017,0.00112305938382626,0.0005891059042100154,71940.703125,71123.359375,72021.54219176323,ensemble
BTC,phase0,lstm,phase0_lstm,2026-04-08,2026-04-09,0.0090204739879136,0.00116012687794856,0.0004913162742369154,71123.359375,71767.828125,71205.91937663965,ensemble
BTC,phase0,lstm,phase0_lstm,2026-04-09,2026-04-10,0.0167360714535282,0.001334422128275,0.0002488289741450282,71767.828125,72979.046875,71863.66062923476,ensemble
BTC,phase0,lstm,phase0_lstm,2026-04-10,2026-04-11,0.0010302658186926,0.00150000327266748,0.00026483639253592766,72979.046875,73054.2734375,73088.59782700102,ensemble
BTC,phase0,lstm,phase0_lstm,2026-04-11,2026-04-12,-0.0320019564160111,0.0015504083363339,0.0004285716164265918,73054.2734375,70753.40625,73167.62524012625,ensemble
BTC,phase0,lstm,phase0_lstm,2026-04-12,2026-04-13,0.0513922577822332,0.0015739613911136402,0.0005153179480626357,70753.40625,74484.640625,70864.85706635965,ensemble
BTC,phase0,lstm,phase0_lstm,2026-04-13,2026-04-14,-0.0040766706589971,0.0015253117540850601,0.0004621357516452556,74484.640625,74181.609375,74598.33961400218,ensemble
BTC,phase0,lstm,phase0_lstm,2026-04-14,2026-04-15,0.0083695046837294,0.00156731570605184,0.0004421942200151917,74181.609375,74805.078125,74297.96653685822,ensemble
BTC,phase0,lstm,phase0_lstm,2026-04-15,2026-04-16,0.0046287244870706,0.0017313041025772199,0.00046423646615271054,74805.078125,75152.1328125,74934.7006392691,ensemble
BTC,phase0,lstm,phase0_lstm,2026-04-16,2026-04-17,0.025937296578403,0.00188716559205198,0.0004931003529606769,75152.1328125,77126.875,75294.09123911135,ensemble
BTC,phase0,lstm,phase0_lstm,2026-04-17,2026-04-18,-0.0183274450765037,0.00199369820766146,0.0006106612868767971,77126.875,75726.2109375,77280.79609757398,ensemble
BTC,phase0,lstm,phase0_lstm,2026-04-18,2026-04-19,-0.0250023364949234,0.00208061391022054,0.0006780399031044817,75726.2109375,73856.3515625,75883.93196673128,ensemble
BTC,phase0,lstm,phase0_lstm,2026-04-19,2026-04-20,0.026932597272259,0.00205659444909538,0.0006489616393554403,73856.3515625,75872.5234375,74008.4004229832,ensemble
BTC,phase0,lstm,phase0_lstm,2026-04-20,2026-04-21,0.0063097475019448,0.00198963403236114,0.0006037669315552043,75872.5234375,76352.7734375,76023.63226803945,ensemble
BTC,phase0,lstm,phase0_lstm,2026-04-21,2026-04-22,0.0239449523733436,0.00187949354294682,0.0005924778484863251,76352.7734375,78203.1015625,76496.41292462232,ensemble
BTC,phase0,lstm,phase0_lstm,2026-04-22,2026-04-23,0.0008417038623198,0.0017493816092609801,0.0006301702228387302,78203.1015625,78268.953125,78340.0283638545,ensemble
BTC,phase0,lstm,phase0_lstm,2026-04-23,2026-04-24,-0.0104498554007011,0.00155781185603698,0.0007102419222193213,78268.953125,77455.3125,78390.97644815054,ensemble
BTC,phase0,lstm,phase0_lstm,2026-04-24,2026-04-25,0.002021098580043,0.0013954795052995399,0.0007639895626629454,77455.3125,77612.015625,77563.47525307022,ensemble
BTC,phase0,lstm,phase0_lstm,2026-04-25,2026-04-26,0.0133812250281389,0.0012633091537281598,0.0007394097376381753,77612.015625,78657.5390625,77710.1255533154,ensemble
BTC,phase0,lstm,phase0_lstm,2026-04-26,2026-04-27,-0.0165479947079337,0.0012017660599667201,0.0007173107596298303,78657.5390625,77366.625,78752.1238463137,ensemble
BTC,phase0,lstm,phase0_lstm,2026-04-27,2026-04-28,-0.0132186544907372,0.00113663668162186,0.0007643772054243412,77366.625,76350.671875,77454.61273948145,ensemble
BTC,phase0,lstm,phase0_lstm,2026-04-28,2026-04-29,-0.0075534590417408,0.00113444291928312,0.0008213179688583139,76350.671875,75776.1328125,76437.3365028333,ensemble
BTC,phase0,lstm,phase0_lstm,2026-04-29,2026-04-30,0.0069461868751349,0.00115503264241848,0.0009580997126893299,75776.1328125,76304.3203125,75863.70728536599,ensemble
BTC,phase0,lstm,phase0_lstm,2026-04-30,2026-05-01,0.0242715098940353,0.0013715644483454001,0.0009596800900838431,76304.3203125,78179.0,76409.04840974548,ensemble
BTC,phase0,lstm,phase0_lstm,2026-05-01,2026-05-02,0.0060987365147835,0.0015560872794594198,0.0009302525108761011,78179.0,78657.25,78300.74804814857,ensemble
BTC,phase0,lstm,phase0_lstm,2026-05-02,2026-05-03,-0.0015143369624661,0.0016433845390564999,0.0008757879330132172,78657.25,78538.2265625,78786.62038206152,ensemble
BTC,phase0,lstm,phase0_lstm,2026-05-03,2026-05-04,0.0162876768649081,0.0016592360800131802,0.0007894527444102122,78538.2265625,79827.90625,78668.64819188771,ensemble
BTC,phase0,lstm,phase0_lstm,2026-05-04,2026-05-05,0.0136750438065225,0.00171563157346094,0.0007678894311681416,79827.90625,80927.0546875,79964.9790760183,ensemble
BTC,phase0,lstm,phase0_lstm,2026-05-05,2026-05-06,0.0061652480572739,0.0017839822452514601,0.0007497802434520178,80927.0546875,81427.53125,81071.55597176171,ensemble
BTC,phase0,lstm,phase0_lstm,2026-05-06,2026-05-07,-0.0175619083509024,0.00187505353242154,0.0007198015697335449,81427.53125,80009.9921875,81580.35546212079,ensemble
BTC,phase0,lstm,phase0_lstm,2026-05-07,2026-05-08,0.0022069548930199,0.0019244961440562601,0.0006775174944668678,80009.9921875,80186.765625,80164.1193699651,ensemble
BTC,phase0,lstm,phase0_lstm,2026-05-08,2026-05-09,0.0059384470311886,0.00197812207043166,0.0006305968820641274,80186.765625,80664.3671875,80345.54182341669,ensemble
BTC,phase0,lstm,phase0_lstm,2026-05-09,2026-05-10,0.018115146956791,0.00194998288061464,0.0006092544076640869,80664.3671875,82138.9296875,80821.81478275859,ensemble
BTC,phase0,lstm,phase0_lstm,2026-05-10,2026-05-11,-0.0050117852194884,0.00190186446998264,0.0005976635974183461,82138.9296875,81728.296875,82295.29544558247,ensemble
BTC,phase0,lstm,phase0_lstm,2026-05-11,2026-05-12,-0.0154227477056674,0.00185689423233266,0.0005985427687564225,81728.296875,80477.4921875,81880.19866721933,ensemble
BTC,phase0,lstm,phase0_lstm,2026-05-12,2026-05-13,-0.0150280182312355,0.00183880687691266,0.0006324932986467299,80477.4921875,79277.1171875,80625.61089268286,ensemble
BTC,phase0,lstm,phase0_lstm,2026-05-13,2026-05-14,0.0221321436988218,0.00184565472882236,0.0006330994530957399,79277.1171875,81051.25,79423.57048325973,ensemble
BTC,phase0,lstm,phase0_lstm,2026-05-14,2026-05-15,-0.0248027751369673,0.00186456069350238,0.0006038063160007587,81051.25,79065.6796875,81202.51595336058,ensemble
BTC,phase0,lstm,phase0_lstm,2026-05-15,2026-05-16,-0.0118863908425741,0.00184270523022854,0.000633635872132757,79065.6796875,78131.4375,79211.50874771341,ensemble
BTC,phase0,lstm,phase0_lstm,2026-05-16,2026-05-17,-0.0090265767978541,0.0017521220259368,0.0006427328161349212,78131.4375,77429.3515625,78268.45331172024,ensemble
BTC,phase0,lstm,phase0_lstm,2026-05-17,2026-05-18,-0.0061558536491211,0.00163587324786926,0.0006703174605333571,77429.3515625,76954.171875,77556.11982745744,ensemble
BTC,phase0,lstm,phase0_lstm,2026-05-18,2026-05-19,-0.0026448799997123,0.00146771461004386,0.0006806117617902817,76954.171875,76750.90625,77067.20156473767,ensemble
BTC,phase0,lstm,phase0_lstm,2026-05-19,2026-05-20,0.0091677347836148,0.0013475704647134602,0.0007480385519285503,76750.90625,77457.7734375,76854.40322347272,ensemble
BTC,phase0,lstm,phase0_lstm,2026-05-20,2026-05-21,0.0010503232153248,0.0012224415491800399,0.0007609111085532161,77457.7734375,77539.171875,77552.5189366757,ensemble
BTC,phase0,lstm,phase0_lstm,2026-05-21,2026-05-22,-0.0268063407026221,0.0010974187374813,0.0007382919060839147,77539.171875,75488.2421875,77624.31152348251,ensemble
BTC,phase0,lstm,phase0_lstm,2026-05-22,2026-05-23,0.0155775030224184,0.00100027321896042,0.0007073630384367534,75488.2421875,76673.3671875,75563.78883185014,ensemble
BTC,phase0,lstm,phase0_lstm,2026-05-23,2026-05-24,0.004005847400396,0.0008778045616053935,0.0006887000604113834,76673.3671875,76981.125,76740.70096759687,ensemble
BTC,phase0,lstm,phase0_lstm,2026-05-24,2026-05-25,0.0038740181286936,0.0007480791682609929,0.0007007473997271418,76981.125,77279.9296875,77038.73452151664,ensemble
BTC,phase0,lstm,phase0_lstm,2026-05-25,2026-05-26,-0.0189965414050318,0.0005783792721558562,0.0007093033116793629,77279.9296875,75825.734375,77324.63972541814,ensemble
BTC,phase0,lstm,phase0_lstm,2026-05-26,2026-05-27,-0.0197253107241087,0.0005091169052320355,0.0007080806869583933,75825.734375,74344.703125,75864.3483669059,ensemble
BTC,phase0,lstm,phase0_lstm,2026-05-27,2026-05-28,-0.0109298026618873,0.0005088459281978075,0.0006760635308438615,74344.703125,73536.5546875,74382.54275092155,ensemble
BTC,phase0,lstm,phase0_lstm,2026-05-28,2026-05-29,-0.0022330998228095,0.0005294538728776022,0.000648659546533351,73536.5546875,73372.5234375,73575.49920993173,ensemble
BTC,phase0,lstm,phase0_lstm,2026-05-29,2026-05-30,0.0051970396549028,0.0005803408472274488,0.0006256552250962969,73372.5234375,73754.8359375,73415.1168680733,ensemble
BTC,phase0,lstm,phase0_lstm,2026-05-30,2026-05-31,-0.0023775625144765,0.0005587325507803505,0.0006363069643502802,73754.8359375,73579.6875,73796.05667972862,ensemble
BTC,phase0,lstm,phase0_lstm,2026-05-31,2026-06-01,-0.0311953863032946,0.0004990894820366143,0.0006537333932066579,73579.6875,71319.7734375,73616.41951364116,ensemble
BTC,phase0,lstm,phase0_lstm,2026-06-01,2026-06-02,-0.0669138485252581,0.0004717365362011712,0.0006777921589520137,71319.7734375,66703.65625,71353.42551721777,ensemble
BTC,phase0,lstm,phase0_lstm,2026-06-02,2026-06-03,-0.0411522222901916,0.0005508966263732534,0.0006854227388459585,66703.65625,64014.3671875,66740.4131929032,ensemble
BTC,phase0,lstm,phase0_lstm,2026-06-03,2026-06-04,-0.0033296811494371,0.00069811726280018,0.0006959033764323681,64014.3671875,63801.57421875,64059.072325199355,ensemble
BTC,phase0,lstm,phase0_lstm,2026-06-04,2026-06-05,-0.0461725426252123,0.0008278134977444399,0.0007888250811998678,63801.57421875,60922.66796875,63854.41188991695,ensemble
BTC,phase0,lstm,phase0_lstm,2026-06-05,2026-06-06,-0.0009073630482773,0.00098356906382826,0.000842493540714288,60922.66796875,60867.4140625,60982.61909845511,ensemble
BTC,phase0,lstm,phase0_lstm,2026-06-06,2026-06-07,0.0382314561194156,0.00103212662652362,0.0008899977030495047,60867.4140625,63239.51953125,60930.26937298142,ensemble
BTC,phase0,lstm,phase0_lstm,2026-06-07,2026-06-08,-0.0023577871851843,0.0009715901764138293,0.0009302878774594598,63239.51953125,63090.58984375,63300.992285513974,ensemble
BTC,phase0,lstm,phase0_lstm,2026-06-08,2026-06-09,-0.0231992749169722,0.0008077231992501399,0.0009309049808965183,63090.58984375,61643.78125,63141.57016304277,ensemble
BTC,phase0,lstm,phase0_lstm,2026-06-09,2026-06-10,-0.0031600860854061,0.0006563499791809528,0.0008778095982248313,61643.78125,61449.2890625,61684.25442537101,ensemble
BTC,phase0,lstm,phase0_lstm,2026-06-10,2026-06-11,0.0337886685240648,0.0005594676699729192,0.0007693728148432956,61449.2890625,63561.0546875,61483.6775718059,ensemble
BTC,phase0,lstm,phase0_lstm,2026-06-11,2026-06-12,-0.0002809578486747,0.00046407910704144,0.0007104957735265245,63561.0546875,63543.19921875,63590.558890614586,ensemble
BTC,phase0,lstm,phase0_lstm,2026-06-12,2026-06-13,0.0137247224557035,0.00039254148141479995,0.0007314963782131829,63543.19921875,64421.32421875,63568.147456593935,ensemble
BTC,phase0,lstm,phase0_lstm,2026-06-13,2026-06-14,0.0198124847553173,0.00034127285089195547,0.0009430842179480725,64421.32421875,65710.3984375,64443.31321963546,ensemble
BTC,phase0,lstm,phase0_lstm,2026-06-14,2026-06-15,0.0087743291428838,0.00032226400217039993,0.0012352229088038152,65710.3984375,66289.5,65731.57794599797,ensemble
BTC,phase0,lstm,phase0_lstm,2026-06-15,2026-06-16,-0.0104460520817153,0.00044709095964205997,0.001516604524113909,66289.5,65600.640625,66319.14406247156,ensemble
BTC,phase0,lstm,phase0_lstm,2026-06-16,2026-06-17,-0.0181854515308644,0.0006695746327750401,0.001803715906127141,65600.640625,64418.4453125,65644.57985851276,ensemble
BTC,phase0,lstm,phase0_lstm,2026-06-17,2026-06-18,-0.0239099264595433,0.0008884196053259,0.0018985846131672026,64418.4453125,62896.47265625,64475.701352188364,ensemble
BTC,phase0,lstm,phase0_lstm,2026-06-18,2026-06-19,0.0101927013006599,0.0010491350723896,0.0019197411450591249,62896.47265625,63540.8359375,62962.494178334695,ensemble
BTC,phase0,lstm,phase0_lstm,2026-06-19,2026-06-20,0.0109382377964082,0.0012222987905261,0.0018657694204804972,63540.8359375,64239.67578125,63618.54930922015,ensemble
BTC,phase0,lstm,phase0_lstm,2026-06-20,2026-06-21,-0.0157229253051467,0.0013810462987748399,0.0017896242819716154,64239.67578125,63237.5390625,64328.45503774335,ensemble
BTC,phase0,lstm,phase0_lstm,2026-06-21,2026-06-22,0.0112363538248423,0.0014712176227476398,0.0017222081635286353,63237.5390625,63952.10546875,63330.64371619798,ensemble
BTC,phase0,lstm,phase0_lstm,2026-06-22,2026-06-23,-0.0202831889602721,0.00152337584295306,0.0015350475790861184,63952.10546875,62668.01953125,64049.60280501554,ensemble
BTC,phase0,lstm,phase0_lstm,2026-06-23,2026-06-24,-0.0270571911625371,0.0014063097201869599,0.0012384807062612697,62668.01953125,60995.1328125,62756.21217481267,ensemble
BTC,phase0,lstm,phase0_lstm,2026-06-24,2026-06-25,-0.0210990381164694,0.00116767890576734,0.0009472212572101685,60995.1328125,59721.67578125,61066.397141269095,ensemble
BTC,phase0,lstm,phase0_lstm,2026-06-25,2026-06-26,0.004923319948585,0.0009609186519809956,0.0008685201165382322,59721.67578125,60016.4296875,59779.09103471181,ensemble
BTC,phase0,lstm,phase0_lstm,2026-06-26,2026-06-27,-0.0012726617424323,0.0008674038166646,0.001022151504695142,60016.4296875,59940.09765625,60068.51075206518,ensemble
BTC,phase0,lstm,phase0_lstm,2026-06-27,2026-06-28,-0.0068259994404737,0.0008985693144495129,0.0009691586826848725,59940.09765625,59532.33984375,59993.98219457969,ensemble
BTC,phase0,lstm,phase0_lstm,2026-06-28,2026-06-29,0.0101285301835763,0.0008557563334761454,0.000911448134280275,59532.33984375,60138.37890625,59583.30682516617,ensemble
BTC,phase0,lstm,phase0_lstm,2026-06-29,2026-06-30,-0.0266158302862621,0.0008100379069219058,0.0007971540094095842,60138.37890625,58558.859375,60187.11300839516,ensemble
BTC,phase0,lstm,phase0_lstm,2026-06-30,2026-07-01,0.0243747988918137,0.0007933233020593599,0.0006286105896124195,58558.859375,60003.7578125,58605.333914914496,ensemble
BTC,phase0,lstm,phase0_lstm,2026-07-01,2026-07-02,0.0243909440883905,0.0007873639406170399,0.0005162405731132979,60003.7578125,61485.30078125,60051.02121200962,ensemble
BTC,phase0,lstm,phase0_lstm,2026-07-02,2026-07-03,0.0170753597454698,0.00078213999222492,0.00046878718538462624,61485.30078125,62544.19921875,61533.409705429265,ensemble
BTC,phase0,lstm,phase0_lstm,2026-07-03,2026-07-04,0.0086619123839713,0.0007918938488728188,0.0005200422946704913,62544.19921875,63088.3046875,62593.74720117598,ensemble
BTC,phase0,lstm,phase0_lstm,2026-07-04,2026-07-05,0.0072582750905089,0.00077864918275734,0.0006625449659038564,63088.3046875,63547.8828125,63137.447474398985,ensemble
BTC,phase0,lstm,phase0_lstm,2026-07-05,2026-07-06,0.0070115176898403,0.00063026427233122,0.0007940481091403621,63547.8828125,63995.015625,63587.947396930846,ensemble
BTC,phase0,lstm,phase0_lstm,2026-07-06,2026-07-07,-0.0109610318081771,0.00050553485925774,0.0009445863760316141,63995.015625,63297.39453125,64027.375515054235,ensemble
BTC,phase0,lstm,phase0_lstm,2026-07-07,2026-07-08,-0.0165639655193486,0.00043023102625736,0.000990762154067118,63297.39453125,62257.57421875,63324.632893232665,ensemble
BTC,phase0,lstm,phase0_lstm,2026-07-08,2026-07-09,0.0149156823369863,0.00035651639045682,0.0009916081386454208,62257.57421875,63193.1484375,62279.77402145069,ensemble
BTC,phase0,lstm,phase0_lstm,2026-07-09,2026-07-10,0.0146718005231559,0.00027801404357887996,0.0009712094557583301,63193.1484375,64127.140625,63210.71946260629,ensemble
BTC,phase0,lstm,phase0_lstm,2026-07-10,2026-07-11,-0.0050827186063555,0.00016292626387439998,0.0009444885969461624,64127.140625,63802.02734375,64137.58947160764,ensemble
BTC,phase0,lstm,phase0_lstm,2026-07-11,2026-07-12,-0.0006868690961942,7.528462446999666e-07,0.0009381915318878573,63802.02734375,63758.21875,63802.075376884764,ensemble
BTC,phase0,lstm,phase0_lstm,2026-07-12,2026-07-13,-0.0241143387714378,-0.00016545318940189998,0.0009325016121609101,63758.21875,62239.12109375,63747.670621992,ensemble
BTC,phase0,lstm,phase0_lstm,2026-07-13,2026-07-14,0.0427281030442609,-0.00027465801103969997,0.0008163665310546113,62239.12109375,64956.11328125,62222.02896789363,ensemble
BTC,phase0,lstm,phase0_lstm,2026-07-14,2026-07-15,-0.0037594109647903,-0.00029015578038524005,0.0006863090415345104,64956.11328125,64712.375,64937.26862358547,ensemble
BTC,phase0,lstm,phase0_lstm,2026-07-15,2026-07-16,-0.0143672798551762,-0.00020010131411254,0.000656229418967593,64712.375,63789.28125,64699.42726419583,ensemble
BTC,phase0,lstm,phase0_lstm,2026-07-16,2026-07-17,0.0017257545646935,-0.00014254483976402,0.0006712944607393269,63789.28125,63899.4609375,63780.189065162966,ensemble
BTC,phase0,lstm,phase0_lstm,2026-07-17,2026-07-18,0.0139422316447508,-2.3906488786460018e-05,0.0006604019396193047,63899.4609375,64796.6015625,63897.93334401341,ensemble
BTC,phase0,lstm,phase0_lstm,2026-07-18,2026-07-19,-0.0016340878484766,0.00010610465178616814,0.0006387709086049009,64796.6015625,64690.8046875,64803.47714810507,ensemble
BTC,phase0,lstm,phase0_lstm,2026-07-19,2026-07-20,0.0083008358863908,0.00020812566508538003,0.000610375769979188,64690.8046875,65230.02734375,64704.26990543061,ensemble
BTC,phase0,lstm,phase0_lstm,2026-07-20,2026-07-21,0.0193591073637143,0.0003366688986715982,0.0005598660089873208,65230.02734375,66505.125,65251.991962410655,ensemble
BTC,phase0,lstm,phase0_lstm,2026-07-21,2026-07-22,-0.0060982099788692,0.0005070534360129,0.0005317454678332357,66505.125,66100.796875,66538.8552029287,ensemble
BTC,phase0,lstm,phase0_lstm,2026-07-22,2026-07-23,-0.016104346952909,0.0006937038463547333,0.0005105588182347544,66100.796875,65044.8125,66146.66716039651,ensemble
BTC,phase0,lstm,phase0_lstm,2026-07-23,2026-07-24,-0.0146555536542276,0.00083946151135018,0.0004706000954371127,65044.8125,64098.49609375,65099.438041418645,ensemble
BTC,phase0,lstm,phase0_lstm,2026-07-24,2026-07-25,0.003322421771433,0.00096959394868458,0.0004563555888515594,64098.49609375,64311.8125,64160.67574731888,ensemble
BTC,phase0,lstm,phase0_lstm,2026-07-25,2026-07-26,0.0158656859403964,0.00100887272274118,0.00044262473307162903,64311.8125,65340.30078125,64376.72767344917,ensemble
BTC,phase0,lstm,phase0_lstm,2026-07-26,2026-07-27,-0.0250336529885953,0.00102331340312952,0.000422103325115013,65340.30078125,63724.8984375,65407.19860968842,ensemble
BTC,phase0,lstm,phase0_lstm,2026-07-27,2026-07-28,0.0022957554728576,0.0010380855528637199,0.00039115796654124726,63724.8984375,63871.36328125,63791.08468147386,ensemble
BTC,phase0,lstm,phase0_lstm,2026-07-28,2026-07-29,0.0005760654802496,0.00111846354557194,0.00038268448793343736,63871.36328125,63908.16796875,63942.841037867285,ensemble
BTC,phase0,lstm,phase0_lstm,2026-07-29,2026-07-30,0.0127051159419568,0.00126749137416476,0.00038137569275641813,63908.16796875,64725.30859375,63989.22237741959,ensemble
BTC,phase0,lstm,phase0_lstm,2026-07-30,2026-07-31,-0.0299783570286374,0.0014001025818288,0.0003991731549656683,64725.30859375,62813.74609375,64815.99413513795,ensemble
BTC,phase0,lstm,phase0_lstm,2026-07-31,2026-08-01,-0.0008031049841085,0.0014393612975253998,0.00042102579101890945,62813.74609375,62763.3203125,62904.2228675927,ensemble
BTC,phase0,lstm,phase0_lstm,2026-08-01,2026-08-02,0.0113855697670751,0.00134908901527518,0.00037361465925960066,62763.3203125,63482.0,62848.05076010278,ensemble
BTC,phase0,lstm,phase0_lstm,2026-08-02,2026-08-03,-0.0003324575530272,0.00120271808700632,0.00036181390374461354,63482.0,63460.8984375,63558.39688234622,ensemble
BTC,phase0,lstm,phase0_lstm,2026-08-03,2026-08-04,0.0093330253934836,0.00109700917964796,0.00034590991144871217,63460.8984375,64055.953125,63530.553824948925,ensemble
BTC,phase0,lstm,phase0_lstm,2026-08-04,2026-08-05,0.0084187413608024,0.00106946624582628,0.0003303500131946573,64055.953125,64597.5,64124.49545002995,ensemble
BTC,phase0,lstm,phase0_lstm,2026-08-05,2026-08-06,-0.0052054707838791,0.0011136879678815,0.0002904715052806404,64597.5,64262.11328125,64669.48153354924,ensemble
BTC,phase0,lstm,phase0_lstm,2026-08-06,2026-08-07,0.0095721203953674,0.0011041844380087402,0.0003153149030225773,64262.11328125,64880.19140625,64333.109696043524,ensemble
BTC,phase0,lstm,phase0_lstm,2026-08-07,2026-08-08,0.0003774876433575,0.00108377271099012,0.0003586909936336302,64880.19140625,64904.6875,64950.54490389412,ensemble
BTC,phase0,lstm,phase0_lstm,2026-08-08,2026-08-09,-0.0009217877722439,0.00102649462642144,0.0003936323960955503,64904.6875,64844.88671875,64971.346019401164,ensemble
BTC,phase0,lstm,phase0_lstm,2026-08-09,2026-08-10,-0.0145130480455691,0.00095288807642642,0.00042046135287817325,64844.88671875,63910.5859375,64906.70608691328,ensemble
BTC,phase0,lstm,phase0_lstm,2026-08-10,2026-08-11,-0.0056285102588139,0.0008926454058382201,0.0004337694627750446,63910.5859375,63551.875,63967.66089848254,ensemble
BTC,phase0,lstm,phase0_lstm,2026-08-11,2026-08-12,-0.0023542560615523,0.0008849851554259399,0.00041509081892515453,63551.875,63402.43359375,63608.14236019136,ensemble
BTC,phase0,lstm,phase0_lstm,2026-08-12,2026-08-13,-4.127906065128786e-06,0.0009217403305228401,0.00038751665844634527,63402.43359375,63402.171875,63460.9011156436,ensemble
BTC,phase0,lstm,phase0_lstm,2026-08-13,2026-08-14,-0.0067508670210942,0.0009162280824966199,0.0004184459650179362,63402.171875,62975.59375,63460.289345726866,ensemble
BTC,phase0,lstm,phase0_lstm,2026-08-14,2026-08-15,0.0007734380660748,0.00089580703934186,0.00046154790406734484,62975.59375,63024.3203125,63032.033005755045,ensemble
BTC,phase0,lstm,phase0_lstm,2026-08-15,2026-08-16,-0.0032686473868631,0.00084334440471134,0.0004837233206538846,63024.3203125,62818.65234375,63077.49393908496,ensemble
BTC,phase0,lstm,phase0_lstm,2026-08-16,2026-08-17,0.0265101376702319,0.0007253922133827253,0.0004964587852745878,62818.65234375,64506.25390625,62864.237036407045,ensemble
BTC,phase0,lstm,phase0_lstm,2026-08-17,2026-08-18,0.0027008473728006,0.0006546535136294122,0.000514639276457916,64506.25390625,64680.7109375,64548.496977799725,ensemble
BTC,phase0,lstm,phase0_lstm,2026-08-18,2026-08-19,0.0684938460027011,0.0006282026137341201,0.0005203469212805033,64680.7109375,69266.1875,64721.35629459221,ensemble
BTC,phase0,lstm,phase0_lstm,2026-08-19,2026-08-20,0.052951205389763,0.00071091401187,0.0005555457248060818,69266.1875,73032.7578125,69315.44731091282,ensemble
BTC,phase0,lstm,phase0_lstm,2026-08-20,2026-08-21,0.0700888177551632,0.0008117441873764401,0.0006457492687204509,73032.7578125,78335.1875,73092.06579734171,ensemble
BTC,phase0,lstm,phase0_lstm,2026-08-21,2026-08-22,-0.0161087603875064,0.00092240140947976,0.0007509383036530393,78335.1875,77083.4140625,78407.47732235338,ensemble
BTC,phase0,lstm,phase0_lstm,2026-08-22,2026-08-23,0.0086781388253158,0.0008998103730845801,0.0008107744779796954,77083.4140625,77755.265625,77152.80573305672,ensemble
BTC,phase0,lstm,phase0_lstm,2026-08-23,2026-08-24,0.0154319126625293,0.00084739213343708,0.0009062354217913806,77755.265625,78964.484375,77821.18275030621,ensemble
BTC,phase0,lstm,phase0_lstm,2026-08-24,2026-08-25,-0.0050721771868308,0.0007180853514000401,0.0009175006077838926,78964.484375,78564.9765625,79021.2079782674,ensemble
BTC,phase0,lstm,phase0_lstm,2026-08-25,2026-08-26,0.0058688952570538,0.0009301548547227532,0.0005992988195578564,78564.9765625,79027.421875,78638.08815414047,ensemble
BTC,phase0,lstm,phase0_lstm,2026-08-26,2026-08-27,0.0154457977224057,0.00130715380073522,0.0009741648996887604,79027.421875,80257.5390625,79130.79041443742,ensemble
BTC,phase0,lstm,phase0_lstm,2026-08-27,2026-08-28,-0.0307100273130926,0.0016656911873723999,0.0014253485643490728,80257.5390625,77830.2890625,80391.3347382406,ensemble
BTC,phase0,lstm,phase0_lstm,2026-08-28,2026-08-29,0.0053246386227652,0.00202876231196564,0.0014308689078861144,77830.2890625,78245.8125,77988.3484979795,ensemble
BTC,phase0,lstm,phase0_lstm,2026-08-29,2026-08-30,-0.007417513856522,0.00228928488213564,0.0012063484981727794,78245.8125,77667.5703125,78425.14464851421,ensemble
BTC,phase0,lstm,phase0_lstm,2026-08-30,2026-08-31,0.0112801594802717,0.0024617078714072203,0.0009621923172642855,77667.5703125,78548.6328125,77859.00070787448,ensemble
BTC,phase0,xgb,phase0_xgb,2025-10-31,2025-11-01,0.004624825172493,-0.00367151304380966,0.001722311168699634,109556.1640625,110064.015625,109154.66468323661,ensemble
BTC,phase0,xgb,phase0_xgb,2025-11-01,2025-11-02,0.0052161412333197,0.00126534611918028,0.0014992320033404673,110064.015625,110639.625,110203.37284900004,ensemble
BTC,phase0,xgb,phase0_xgb,2025-11-02,2025-11-03,-0.0376871829010099,-0.00964344432577488,0.002988731184068033,110639.625,106547.5234375,109577.80596121268,ensemble
BTC,phase0,xgb,phase0_xgb,2025-11-03,2025-11-04,-0.0476408575376077,-0.00119967507198452,0.0029722917436444743,106547.5234375,101590.5234375,106419.77767167693,ensemble
BTC,phase0,xgb,phase0_xgb,2025-11-04,2025-11-05,0.0224000613217487,0.00832907557487484,0.0033245946691446236,101590.5234375,103891.8359375,102440.21223385053,ensemble
BTC,phase0,xgb,phase0_xgb,2025-11-05,2025-11-06,-0.0252511824918507,0.00437509578187014,0.0023426452427699517,103891.8359375,101301.2890625,104347.36844322339,ensemble
BTC,phase0,xgb,phase0_xgb,2025-11-06,2025-11-07,0.020238925968734,0.01746011637151236,0.002650742832944767,101301.2890625,103372.40625,103085.55275563117,ensemble
BTC,phase0,xgb,phase0_xgb,2025-11-07,2025-11-08,-0.0106032122142002,-0.0044680492021143,0.0015336420119132633,103372.40625,102282.1171875,102911.56355332343,ensemble
BTC,phase0,xgb,phase0_xgb,2025-11-08,2025-11-09,0.02355183969968,0.009538002125918819,0.0009996478090114626,102282.1171875,104719.640625,103262.35154610935,ensemble
BTC,phase0,xgb,phase0_xgb,2025-11-09,2025-11-10,0.0121202693364623,-0.0010161945057916401,0.004150819453153153,104719.640625,105996.59375,104613.27915267316,ensemble
BTC,phase0,xgb,phase0_xgb,2025-11-10,2025-11-11,-0.0287025464768418,0.0025273448554799,0.004130165299934436,105996.59375,102997.46875,106264.82250642098,ensemble
BTC,phase0,xgb,phase0_xgb,2025-11-11,2025-11-12,-0.0130391466426769,0.00276090446859594,0.0036555186929537534,102997.46875,101663.1875,103282.2278371605,ensemble
BTC,phase0,xgb,phase0_xgb,2025-11-12,2025-11-13,-0.0195247429765854,-0.0016154522192663799,0.0007728495900323849,101663.1875,99697.4921875,101499.08806122404,ensemble
BTC,phase0,xgb,phase0_xgb,2025-11-13,2025-11-14,-0.0546228711365914,0.007693663146346739,0.001907925657598782,99697.4921875,94397.7890625,100467.48936019666,ensemble
BTC,phase0,xgb,phase0_xgb,2025-11-14,2025-11-15,0.0121231064987472,0.0029611053643747998,0.0038251549938460925,94397.7890625,95549.1484375,94677.72511761202,ensemble
BTC,phase0,xgb,phase0_xgb,2025-11-15,2025-11-16,-0.0144639384619225,0.0019427600782364399,0.0028672879112123634,95549.1484375,94177.078125,95734.95794179541,ensemble
BTC,phase0,xgb,phase0_xgb,2025-11-16,2025-11-17,-0.0223683827163435,0.00600607721135012,0.002542192175421568,94177.078125,92093.875,94744.4149567071,ensemble
BTC,phase0,xgb,phase0_xgb,2025-11-17,2025-11-18,0.0092411735633055,0.02468535602092738,0.002616487088655681,92093.875,92948.875,94395.53688474605,ensemble
BTC,phase0,xgb,phase0_xgb,2025-11-18,2025-11-19,-0.0160823776998089,0.02295240052044386,0.001714960881095318,92948.875,91465.9921875,95106.94652715589,ensemble
BTC,phase0,xgb,phase0_xgb,2025-11-19,2025-11-20,-0.0542991431316111,0.00947991646826262,0.0016538293234559676,91465.9921875,86631.8984375,92337.20514157631,ensemble
BTC,phase0,xgb,phase0_xgb,2025-11-20,2025-11-21,-0.0179504904722895,0.011394436098635139,0.0020354855283731127,86631.8984375,85090.6875,87624.66533669653,ensemble
BTC,phase0,xgb,phase0_xgb,2025-11-21,2025-11-22,-0.0052118723936807,0.007746445666998581,0.0006833104748445974,85090.6875,84648.359375,85752.39752892347,ensemble
BTC,phase0,xgb,phase0_xgb,2025-11-22,2025-11-23,0.0251585865790003,0.0158807577565312,0.0026323134880336476,84648.359375,86805.0078125,86003.37028722961,ensemble
BTC,phase0,xgb,phase0_xgb,2025-11-23,2025-11-24,0.0167423578108394,0.0172832021489739,0.003438947267487452,86805.0078125,88270.5625,88318.31604640563,ensemble
BTC,phase0,xgb,phase0_xgb,2025-11-24,2025-11-25,-0.0105764769567544,0.006526278844103161,0.0031883088904003194,88270.5625,87341.890625,88848.5247245258,ensemble
BTC,phase0,xgb,phase0_xgb,2025-11-25,2025-11-26,0.0357225879133364,0.00747170364484184,0.002398831715947657,87341.890625,90518.3671875,87996.9274205798,ensemble
BTC,phase0,xgb,phase0_xgb,2025-11-26,2025-11-27,0.0084378061084954,-0.015497494488954499,0.0019845565370836997,90518.3671875,91285.375,89126.37335896165,ensemble
BTC,phase0,xgb,phase0_xgb,2025-11-27,2025-11-28,-0.0040186667744196,0.00467863171361384,0.0015256927012019896,91285.375,90919.265625,91713.46631035946,ensemble
BTC,phase0,xgb,phase0_xgb,2025-11-28,2025-11-29,-0.0007427786269465,-0.00128705593233464,0.0026032868883326455,90919.265625,90851.7578125,90802.3227169887,ensemble
BTC,phase0,xgb,phase0_xgb,2025-11-29,2025-11-30,-0.0050477925731327,-0.00458435937762256,0.0017115506483374693,90851.7578125,90394.3125,90436.21393360553,ensemble
BTC,phase0,xgb,phase0_xgb,2025-11-30,2025-12-01,-0.046101838054076,-0.0086525798775255,0.0025585032296446845,90394.3125,86321.5703125,89615.54253397223,ensemble
BTC,phase0,xgb,phase0_xgb,2025-12-01,2025-12-02,0.0566209938703037,-0.002907909422356138,0.0025347850033264657,86321.5703125,91350.203125,86070.91961622027,ensemble
BTC,phase0,xgb,phase0_xgb,2025-12-02,2025-12-03,0.0235582620118316,-0.00135425595508418,0.0016504252150932668,91350.203125,93527.8046875,91226.57529917403,ensemble
BTC,phase0,xgb,phase0_xgb,2025-12-03,2025-12-04,-0.0149319728659321,0.00626466572284694,0.0016628468424975031,93527.8046875,92141.625,94115.56425600173,ensemble
BTC,phase0,xgb,phase0_xgb,2025-12-04,2025-12-05,-0.0303430599756753,0.00983713716268532,0.0020861278660918763,92141.625,89387.7578125,93052.50769709046,ensemble
BTC,phase0,xgb,phase0_xgb,2025-12-05,2025-12-06,-0.0012916460625568,0.00456639858894044,0.00109278996029454,89387.7578125,89272.375,89796.87132041366,ensemble
BTC,phase0,xgb,phase0_xgb,2025-12-06,2025-12-07,0.0126145722260143,8.550772909073998e-05,0.003141096731848135,89272.375,90405.640625,89280.00880442676,ensemble
BTC,phase0,xgb,phase0_xgb,2025-12-07,2025-12-08,0.0025911959798138,-0.00343294178019274,0.002349438964965195,90405.640625,90640.203125,90095.81543433055,ensemble
BTC,phase0,xgb,phase0_xgb,2025-12-08,2025-12-09,0.0223811926981977,0.004897244460880719,0.0013090437417976352,90640.203125,92691.7109375,91085.1790462987,ensemble
BTC,phase0,xgb,phase0_xgb,2025-12-09,2025-12-10,-0.0072628328466358,0.0046156971249728795,0.002356641663753563,92691.7109375,92020.9453125,93120.53670478161,ensemble
BTC,phase0,xgb,phase0_xgb,2025-12-10,2025-12-11,0.0053149701081481,0.006723105721175621,0.002277466123465193,92020.9453125,92511.3359375,92641.6962051697,ensemble
BTC,phase0,xgb,phase0_xgb,2025-12-11,2025-12-12,-0.0245214214521475,-0.0035087614320218202,0.0012090266516034155,92511.3359375,90270.4140625,92187.30453681856,ensemble
BTC,phase0,xgb,phase0_xgb,2025-12-12,2025-12-13,0.000313418755633,-0.0050372852943837195,0.0011567449457002873,90270.4140625,90298.7109375,89816.83958434143,ensemble
BTC,phase0,xgb,phase0_xgb,2025-12-13,2025-12-14,-0.0237976710179162,-0.00091606477944876,0.0014139908373709004,90298.7109375,88175.1796875,90216.02934540977,ensemble
BTC,phase0,xgb,phase0_xgb,2025-12-14,2025-12-15,-0.0201089147130883,-0.00487481134477998,0.0030857775920302226,88175.1796875,86419.78125,87746.38830891167,ensemble
BTC,phase0,xgb,phase0_xgb,2025-12-15,2025-12-16,0.0163457369350781,0.003991755918832459,0.002778658222135923,86419.78125,87843.984375,86765.43735172699,ensemble
BTC,phase0,xgb,phase0_xgb,2025-12-16,2025-12-17,-0.0195448330408544,0.01436129659414288,0.001720228211334632,87843.984375,86143.7578125,89114.64018209098,ensemble
BTC,phase0,xgb,phase0_xgb,2025-12-17,2025-12-18,-0.0079397284977681,0.00496639735065396,0.001969866582548049,86143.7578125,85462.5078125,86572.64607629651,ensemble
BTC,phase0,xgb,phase0_xgb,2025-12-18,2025-12-19,0.0304331549684077,0.0027838934678584,0.003343462322513406,85462.5078125,88103.3828125,85700.75780717694,ensemble
BTC,phase0,xgb,phase0_xgb,2025-12-19,2025-12-20,0.0027273551221506,0.0009201971153742848,0.001527733868229575,88103.3828125,88344.0,88184.49260399347,ensemble
BTC,phase0,xgb,phase0_xgb,2025-12-20,2025-12-21,0.0031390280669266,0.0044449666514992,0.0019960543707929802,88344.0,88621.75,88737.56016678069,ensemble
BTC,phase0,xgb,phase0_xgb,2025-12-21,2025-12-22,-0.001487584958889,0.00268377223983404,0.001130011611744346,88621.75,88490.015625,88859.9100331901,ensemble
BTC,phase0,xgb,phase0_xgb,2025-12-22,2025-12-23,-0.0122342749529535,0.00539881170261646,0.0025362963248500878,88490.015625,87414.0,88969.04849752296,ensemble
BTC,phase0,xgb,phase0_xgb,2025-12-23,2025-12-24,0.0022620761040624,0.00570933232083912,0.0015662639850856032,87414.0,87611.9609375,87914.5029848759,ensemble
BTC,phase0,xgb,phase0_xgb,2025-12-24,2025-12-25,-0.0043148578556266,-0.01017613690346476,0.0012290568448536006,87611.9609375,87234.7421875,86724.93055452425,ensemble
BTC,phase0,xgb,phase0_xgb,2025-12-25,2025-12-26,0.000764168281323,-0.00525990016758438,0.0026834399500461673,87234.7421875,87301.4296875,86777.10078161529,ensemble
BTC,phase0,xgb,phase0_xgb,2025-12-26,2025-12-27,0.005719219565876,0.0020550915243802,0.0011291338886091047,87301.4296875,87802.15625,87481.0265965507,ensemble
BTC,phase0,xgb,phase0_xgb,2025-12-27,2025-12-28,0.0003835125589097,0.00440354375168674,0.0011441148801608371,87802.15625,87835.8359375,88189.64943196658,ensemble
BTC,phase0,xgb,phase0_xgb,2025-12-28,2025-12-29,-0.0079748888825797,0.00411100443452592,0.0013291613043831332,87835.8359375,87138.140625,88197.67269520971,ensemble
BTC,phase0,xgb,phase0_xgb,2025-12-29,2025-12-30,0.0147180978087909,-0.012873814254999099,0.000950761497496872,87138.140625,88430.1328125,86023.53042453779,ensemble
BTC,phase0,xgb,phase0_xgb,2025-12-30,2025-12-31,-0.0104730993492998,0.01289166752248998,0.0020765713359310414,88430.1328125,87508.828125,89577.5246901264,ensemble
BTC,phase0,xgb,phase0_xgb,2025-12-31,2026-01-01,0.01388073366055,0.00199776355002538,0.002000917964983211,87508.828125,88731.984375,87683.82481493599,ensemble
BTC,phase0,xgb,phase0_xgb,2026-01-01,2026-01-02,0.0135745701301948,0.0050332796992733604,0.002485974898648916,88731.984375,89944.6953125,89179.7231225581,ensemble
BTC,phase0,xgb,phase0_xgb,2026-01-02,2026-01-03,0.0072944096271482,0.00125593886768908,0.001087152523219017,89944.6953125,90603.1875,90057.73131958437,ensemble
BTC,phase0,xgb,phase0_xgb,2026-01-03,2026-01-04,0.0089036899476068,0.0040638364385813,0.0018551471496107699,90603.1875,91413.4921875,90972.13319453859,ensemble
BTC,phase0,xgb,phase0_xgb,2026-01-04,2026-01-05,0.0266514983813646,0.0044263374060392,0.0017425590769438854,91413.4921875,93882.5546875,91819.01597784674,ensemble
BTC,phase0,xgb,phase0_xgb,2026-01-05,2026-01-06,-0.0016366097114998,0.0008334600104717199,0.0018630980303761028,93882.5546875,93729.03125,93960.83465959466,ensemble
BTC,phase0,xgb,phase0_xgb,2026-01-06,2026-01-07,-0.0261689672501516,0.00920309256762262,0.001995014979573833,93729.03125,91308.0546875,94595.60968527794,ensemble
BTC,phase0,xgb,phase0_xgb,2026-01-07,2026-01-08,-0.0030814668927555,-0.0074200195260345405,0.0021457186929089446,91308.0546875,91027.125,90633.05449308269,ensemble
BTC,phase0,xgb,phase0_xgb,2026-01-08,2026-01-09,-0.0056629301495069,0.00020893060327582756,0.0008172224452538006,91027.125,90513.1015625,91046.14533903699,ensemble
BTC,phase0,xgb,phase0_xgb,2026-01-09,2026-01-10,-0.0013980466595052,-0.0029710565228014602,0.001082229706580273,90513.1015625,90386.6484375,90244.58111394194,ensemble
BTC,phase0,xgb,phase0_xgb,2026-01-10,2026-01-11,0.0048651109011003,-0.01206482760608192,0.0013164183497331645,90386.6484375,90827.4609375,89302.70107350587,ensemble
BTC,phase0,xgb,phase0_xgb,2026-01-11,2026-01-12,0.0040163809626806,-0.00899445097893472,0.0031225918369412247,90827.4609375,91192.9921875,90014.18077967878,ensemble
BTC,phase0,xgb,phase0_xgb,2026-01-12,2026-01-13,0.0442802850314782,0.00352006731554864,0.0037858406073287094,91192.9921875,95321.78125,91514.56330264681,ensemble
BTC,phase0,xgb,phase0_xgb,2026-01-13,2026-01-14,0.016723797821879,0.017630172893404898,0.0015390480670603665,95321.78125,96929.328125,97017.22227822975,ensemble
BTC,phase0,xgb,phase0_xgb,2026-01-14,2026-01-15,-0.0143200382747562,-0.00728713907301422,0.0023224604084570665,96929.328125,95551.1875,96225.55798047922,ensemble
BTC,phase0,xgb,phase0_xgb,2026-01-15,2026-01-16,-0.0002728785518896,0.0013025805470533401,0.003137511758183294,95551.1875,95525.1171875,95675.73171491145,ensemble
BTC,phase0,xgb,phase0_xgb,2026-01-16,2026-01-17,-0.0044610720579804,0.0010794180387165,0.0014020409628232007,95525.1171875,95099.921875,95628.28439239661,ensemble
BTC,phase0,xgb,phase0_xgb,2026-01-17,2026-01-18,-0.0155299936581246,0.0044994646683334805,0.0014861238879795636,95099.921875,93634.4296875,95528.78471650567,ensemble
BTC,phase0,xgb,phase0_xgb,2026-01-18,2026-01-19,-0.0116102857616082,0.008781980630010299,0.0036423623110594626,93634.4296875,92553.59375,94460.3467209066,ensemble
BTC,phase0,xgb,phase0_xgb,2026-01-19,2026-01-20,-0.0469242550548211,0.0058349254541098195,0.0014993546142682995,92553.59375,88310.90625,93095.21569519158,ensemble
BTC,phase0,xgb,phase0_xgb,2026-01-20,2026-01-21,0.0119993277601487,-0.00220326501876112,0.0009859057325071602,88310.90625,89376.9609375,88116.54810935444,ensemble
BTC,phase0,xgb,phase0_xgb,2026-01-21,2026-01-22,0.0009560777691027,-0.00155439809896046,0.0032740776892031228,89376.9609375,89462.453125,89238.1414776309,ensemble
BTC,phase0,xgb,phase0_xgb,2026-01-22,2026-01-23,0.0004629013309221,-0.00544784399680788,0.0029425741693035945,89462.453125,89503.875,88976.40080753165,ensemble
BTC,phase0,xgb,phase0_xgb,2026-01-23,2026-01-24,-0.0044021176235583,-0.006300209928303921,0.0015013802861867135,89503.875,89110.734375,88941.75439634392,ensemble
BTC,phase0,xgb,phase0_xgb,2026-01-24,2026-01-25,-0.0289008383617947,-0.00287522124126552,0.0026228707478466043,89110.734375,86572.21875,88854.88928057894,ensemble
BTC,phase0,xgb,phase0_xgb,2026-01-25,2026-01-26,0.0193889405513137,0.00686005484312772,0.006089354680605492,86572.21875,88267.140625,87168.1506441928,ensemble
BTC,phase0,xgb,phase0_xgb,2026-01-26,2026-01-27,0.009420276564581,0.0023974108240508623,0.0023195826107321,88267.140625,89102.5703125,88479.00708734085,ensemble
BTC,phase0,xgb,phase0_xgb,2026-01-27,2026-01-28,0.0009198645005418,-0.00129505547229198,0.003770423975891784,89102.5703125,89184.5703125,88987.2522289964,ensemble
BTC,phase0,xgb,phase0_xgb,2026-01-28,2026-01-29,-0.053227949504083,-0.01203789655119176,0.0024260947531620104,89184.5703125,84561.5859375,88117.4117402466,ensemble
BTC,phase0,xgb,phase0_xgb,2026-01-29,2026-01-30,-0.00513284742955,0.010871338285505721,0.0021779634584154217,84561.5859375,84128.65625,85485.89869915812,ensemble
BTC,phase0,xgb,phase0_xgb,2026-01-30,2026-01-31,-0.0677069192719858,-0.00593756726011628,0.002514224945088857,84128.65625,78621.1171875,83630.6167297727,ensemble
BTC,phase0,xgb,phase0_xgb,2026-01-31,2026-02-01,-0.0211668421472114,0.0120320906862616,0.0022266699498582148,78621.1171875,76974.4453125,79572.80753019058,ensemble
BTC,phase0,xgb,phase0_xgb,2026-02-01,2026-02-02,0.0220269081578216,0.01036002491600808,0.0049479671427458865,76974.4453125,78688.765625,77776.04762413441,ensemble
BTC,phase0,xgb,phase0_xgb,2026-02-02,2026-02-03,-0.0396004693749769,0.011306067183613742,0.004703895434557604,78688.765625,75633.546875,79583.47438376745,ensemble
BTC,phase0,xgb,phase0_xgb,2026-02-03,2026-02-04,-0.0351706159417589,0.01877260413020844,0.004388754528135817,75633.546875,73019.703125,77066.79633099081,ensemble
BTC,phase0,xgb,phase0_xgb,2026-02-04,2026-02-05,-0.1523344080304475,0.00920314118266102,0.003142316002347826,73019.703125,62702.09765625,73694.81557453032,ensemble
BTC,phase0,xgb,phase0_xgb,2026-02-05,2026-02-06,0.118003181433477,0.01138383466750378,0.0042020348891819185,62702.09765625,70555.390625,63419.96626558805,ensemble
BTC,phase0,xgb,phase0_xgb,2026-02-06,2026-02-07,-0.0182134028127509,0.0023475673631765,0.007252852043039854,70555.390625,69281.96875,70721.21872749052,ensemble
BTC,phase0,xgb,phase0_xgb,2026-02-07,2026-02-08,0.0140852358847471,0.0213683899492025,0.004676435727304204,69281.96875,70264.7265625,70778.34349661185,ensemble
BTC,phase0,xgb,phase0_xgb,2026-02-08,2026-02-09,-0.0020507154219692,0.0023480576928704604,0.0022927048177875647,70264.7265625,70120.78125,70429.90604382707,ensemble
BTC,phase0,xgb,phase0_xgb,2026-02-09,2026-02-10,-0.0191032375898973,0.00530632920563216,0.002999766750629071,70120.78125,68793.9609375,70493.85414788747,ensemble
BTC,phase0,xgb,phase0_xgb,2026-02-10,2026-02-11,-0.0265432212123745,0.0059840327710844,0.004820112640983073,68793.9609375,66991.96875,69206.86042411861,ensemble
BTC,phase0,xgb,phase0_xgb,2026-02-11,2026-02-12,-0.011562368274835,-0.0037854739115573003,0.0022947924439561946,66991.96875,66221.84375,66738.85178610453,ensemble
BTC,phase0,xgb,phase0_xgb,2026-02-12,2026-02-13,0.0390337693571557,-0.0064748256700113,0.00374222928784529,66221.84375,68857.84375,65794.453986412,ensemble
BTC,phase0,xgb,phase0_xgb,2026-02-13,2026-02-14,0.0131259330678483,-0.0003784977074246999,0.003616126996784212,68857.84375,69767.625,68831.78614568526,ensemble
BTC,phase0,xgb,phase0_xgb,2026-02-14,2026-02-15,-0.0141380400688788,0.009781394992023639,0.0046178665410375195,69767.625,68788.1875,70453.39813911197,ensemble
BTC,phase0,xgb,phase0_xgb,2026-02-15,2026-02-16,0.00079878247825,0.006753732543438621,0.0020753427893694188,68788.1875,68843.15625,69254.33687274982,ensemble
BTC,phase0,xgb,phase0_xgb,2026-02-16,2026-02-17,-0.0197888733002862,0.0012538542086985923,0.002463186204034033,68843.15625,67494.21875,68929.52966972608,ensemble
BTC,phase0,xgb,phase0_xgb,2026-02-17,2026-02-18,-0.0159636322602148,-1.884935009003663e-05,0.0012818374008908315,67494.21875,66425.3203125,67492.94653983193,ensemble
BTC,phase0,xgb,phase0_xgb,2026-02-18,2026-02-19,0.0079801259947047,0.012660801503807278,0.0050386442060966425,66425.3203125,66957.5234375,67271.6645002579,ensemble
BTC,phase0,xgb,phase0_xgb,2026-02-19,2026-02-20,0.0155289956566322,0.0060683919116854,0.002760704016976764,66957.5234375,68005.421875,67365.08329692036,ensemble
BTC,phase0,xgb,phase0_xgb,2026-02-20,2026-02-21,-2.4354972344490844e-05,0.00436246879398818,0.0017340840810918191,68005.421875,68003.765625,68302.74145792561,ensemble
BTC,phase0,xgb,phase0_xgb,2026-02-21,2026-02-22,-0.005076923598302,-0.00125968772917984,0.0015742268716316629,68003.765625,67659.390625,67918.15604789159,ensemble
BTC,phase0,xgb,phase0_xgb,2026-02-22,2026-02-23,-0.0460126731356427,-0.011604938842356161,0.001843914678517043,67659.390625,64616.73828125,66878.74596253323,ensemble
BTC,phase0,xgb,phase0_xgb,2026-02-23,2026-02-24,-0.0083405104387447,-0.007144904974848,0.002651541766548582,64616.73828125,64080.04296875,64156.703236835885,ensemble
BTC,phase0,xgb,phase0_xgb,2026-02-24,2026-02-25,0.0587881628108732,0.0042161925695836005,0.00146860729828902,64080.04296875,67960.125,64350.78712345156,ensemble
BTC,phase0,xgb,phase0_xgb,2026-02-25,2026-02-26,-0.0074786108124004,0.03679669797420496,0.004134840323363119,67960.125,67453.7734375,70507.41165097173,ensemble
BTC,phase0,xgb,phase0_xgb,2026-02-26,2026-02-27,-0.0235803453997585,-0.0037189972819759998,0.001664141037207796,67453.7734375,65881.796875,67203.37893426462,ensemble
BTC,phase0,xgb,phase0_xgb,2026-02-27,2026-02-28,0.0167686372009838,-0.009874367527663661,0.0023946842737219325,65881.796875,66995.859375,65234.45709452346,ensemble
BTC,phase0,xgb,phase0_xgb,2026-02-28,2026-03-01,-0.0189521272552437,-0.007619924191385461,0.0038509489128625467,66995.859375,65738.1015625,66487.29607306332,ensemble
BTC,phase0,xgb,phase0_xgb,2026-03-01,2026-03-02,0.0451739987422587,0.00533952042460438,0.0020355718035039902,65738.1015625,68775.8515625,66090.05028096789,ensemble
BTC,phase0,xgb,phase0_xgb,2026-03-02,2026-03-03,-0.0070359214012543,0.01043038722127672,0.0019597704077775036,68775.8515625,68293.6484375,69496.96453186322,ensemble
BTC,phase0,xgb,phase0_xgb,2026-03-03,2026-03-04,0.0626701105436228,-0.00726292505860322,0.002812012285949557,68293.6484375,72710.578125,67799.4336817738,ensemble
BTC,phase0,xgb,phase0_xgb,2026-03-04,2026-03-05,-0.026047184090688,0.00026852109003810005,0.003608605374157371,72710.578125,70841.125,72730.10507027642,ensemble
BTC,phase0,xgb,phase0_xgb,2026-03-05,2026-03-06,-0.0389267622298537,-0.00297586551459972,0.005160410703030641,70841.125,68136.4921875,70630.62470472707,ensemble
BTC,phase0,xgb,phase0_xgb,2026-03-06,2026-03-07,-0.0127600028163738,0.0017459823749959198,0.0023477659745803534,68136.4921875,67272.59375,68255.56121791965,ensemble
BTC,phase0,xgb,phase0_xgb,2026-03-07,2026-03-08,-0.0195561512724631,-0.00889996495097868,0.003495978861000722,67272.59375,65969.78125,66676.52644702078,ensemble
BTC,phase0,xgb,phase0_xgb,2026-03-08,2026-03-09,0.0362108831336739,-0.0157137313857674,0.00549226476876934,65969.78125,68402.3828125,64941.252007709874,ensemble
BTC,phase0,xgb,phase0_xgb,2026-03-09,2026-03-10,0.0220430630536829,0.0008908017363864599,0.0012007991433901283,68402.3828125,69926.921875,68463.3429215367,ensemble
BTC,phase0,xgb,phase0_xgb,2026-03-10,2026-03-11,0.0039671408310243,-0.00046915444545448,0.004770556344829458,69926.921875,70204.8828125,69894.12304320587,ensemble
BTC,phase0,xgb,phase0_xgb,2026-03-11,2026-03-12,0.0041020885103588,-0.00206511750584464,0.003637496552186393,70204.8828125,70493.4609375,70060.05107875464,ensemble
BTC,phase0,xgb,phase0_xgb,2026-03-12,2026-03-13,0.0067128612385433,-0.007023443281650499,0.0016729368312986405,70493.4609375,70968.265625,70000.08872686539,ensemble
BTC,phase0,xgb,phase0_xgb,2026-03-13,2026-03-14,0.0034653905327112,0.001659297956211928,0.0019280121882399152,70968.265625,71214.625,71086.12087455422,ensemble
BTC,phase0,xgb,phase0_xgb,2026-03-14,2026-03-15,0.0218791978790222,-0.010409248061478079,0.0018598878967618889,71214.625,72789.9140625,70477.17909013398,ensemble
BTC,phase0,xgb,phase0_xgb,2026-03-15,2026-03-16,0.0280568061089276,-0.00232300177449358,0.0032455224303196296,72789.9140625,74861.0859375,72621.01921043922,ensemble
BTC,phase0,xgb,phase0_xgb,2026-03-16,2026-03-17,-0.012617278563279,-0.0061163889244198405,0.002154309711761266,74861.0859375,73922.4765625,74404.60385466977,ensemble
BTC,phase0,xgb,phase0_xgb,2026-03-17,2026-03-18,-0.0368841742334174,0.00891147190704936,0.0024439339182090783,73922.4765625,71245.578125,74584.17862631605,ensemble
BTC,phase0,xgb,phase0_xgb,2026-03-18,2026-03-19,-0.0188841610476273,-0.01006162781268352,0.0008722557212910452,71245.578125,69912.7890625,70532.32589110828,ensemble
BTC,phase0,xgb,phase0_xgb,2026-03-19,2026-03-20,0.0086844316474486,-0.01485893484205002,0.0031743229510981393,69912.7890625,70522.5859375,68881.63935043529,ensemble
BTC,phase0,xgb,phase0_xgb,2026-03-20,2026-03-21,-0.0260161056310177,0.00053369340021162,0.0015244128642131797,70522.5859375,68711.5234375,70560.23342139396,ensemble
BTC,phase0,xgb,phase0_xgb,2026-03-21,2026-03-22,-0.0126881200860849,0.00331817634578324,0.00206321661220743,68711.5234375,67845.2109375,68939.89907503204,ensemble
BTC,phase0,xgb,phase0_xgb,2026-03-22,2026-03-23,0.044251193034697,0.0017591591808013602,0.00288437000592145,67845.2109375,70914.859375,67964.66650306554,ensemble
BTC,phase0,xgb,phase0_xgb,2026-03-23,2026-03-24,-0.0056139915316955,-0.01788387428969142,0.0038554681258642456,70914.859375,70517.859375,69657.90009676456,ensemble
BTC,phase0,xgb,phase0_xgb,2026-03-24,2026-03-25,0.0111689244808132,0.0078620651736855,0.0010670966172154094,70517.859375,71309.8828125,71074.46053154652,ensemble
BTC,phase0,xgb,phase0_xgb,2026-03-25,2026-03-26,-0.0359529188074161,0.00106863365508616,0.001992385266085941,71309.8828125,68791.625,71386.12768487619,ensemble
BTC,phase0,xgb,phase0_xgb,2026-03-26,2026-03-27,-0.0363134696852071,0.00920459590852254,0.0008729466146465849,68791.625,66338.375,69427.74724285277,ensemble
BTC,phase0,xgb,phase0_xgb,2026-03-27,2026-03-28,-0.0002816215791388,-0.00305545371957118,0.0005497098534596938,66338.375,66319.6953125,66135.99051102744,ensemble
BTC,phase0,xgb,phase0_xgb,2026-03-28,2026-03-29,-0.0055154098337006,-0.00405743611045178,0.0019625714619918985,66319.6953125,65954.921875,66051.15255186544,ensemble
BTC,phase0,xgb,phase0_xgb,2026-03-29,2026-03-30,0.0111051817312093,-0.006758782453834961,0.004283881417187195,65954.921875,66691.4453125,65510.64996611444,ensemble
BTC,phase0,xgb,phase0_xgb,2026-03-30,2026-03-31,0.0228562101625793,-0.00631812736392018,0.0025499599494953865,66691.4453125,68233.3125,66271.40858697331,ensemble
BTC,phase0,xgb,phase0_xgb,2026-03-31,2026-04-01,-0.0022706442540199,0.008073233673348959,0.003150041480709146,68233.3125,68078.5546875,68786.40559694603,ensemble
BTC,phase0,xgb,phase0_xgb,2026-04-01,2026-04-02,-0.0176341492288758,0.00959282917901868,0.0020391296597823886,68078.5546875,66888.5703125,68734.7630485821,ensemble
BTC,phase0,xgb,phase0_xgb,2026-04-02,2026-04-03,0.0006356502125007,0.00855295937508342,0.0016899832229959803,66888.5703125,66931.1015625,67463.11908067847,ensemble
BTC,phase0,xgb,phase0_xgb,2026-04-03,2026-04-04,0.0053555444955297,-0.00011145641328767996,0.0016995925685616932,66931.1015625,67290.515625,66923.64207769388,ensemble
BTC,phase0,xgb,phase0_xgb,2026-04-04,2026-04-05,0.0248248287948484,0.00676178084686394,0.0020926225277296895,67290.515625,68981.8984375,67747.0611355723,ensemble
BTC,phase0,xgb,phase0_xgb,2026-04-05,2026-04-06,-0.0017711667933321,-0.00434482377022502,0.004844056886058108,68981.8984375,68859.828125,68682.83440617437,ensemble
BTC,phase0,xgb,phase0_xgb,2026-04-06,2026-04-07,0.0437692500886501,-0.0003038424474653,0.001851259167807751,68859.828125,71940.703125,68838.90876454624,ensemble
BTC,phase0,xgb,phase0_xgb,2026-04-07,2026-04-08,-0.0114263865929017,0.00066733445273712,0.0020721977007661613,71940.703125,71123.359375,71988.72765717965,ensemble
BTC,phase0,xgb,phase0_xgb,2026-04-08,2026-04-09,0.0090204739879136,0.0036777400411664996,0.00015746472728063004,71123.359375,71767.828125,71385.41419100622,ensemble
BTC,phase0,xgb,phase0_xgb,2026-04-09,2026-04-10,0.0167360714535282,0.01702413316816086,0.004304345245668084,71767.828125,72979.046875,73000.07237255012,ensemble
BTC,phase0,xgb,phase0_xgb,2026-04-10,2026-04-11,0.0010302658186926,0.00102334312396124,0.0019452355478273278,72979.046875,73054.2734375,73053.76770681667,ensemble
BTC,phase0,xgb,phase0_xgb,2026-04-11,2026-04-12,-0.0320019564160111,-0.00552869709208602,0.002009084898050486,73054.2734375,70753.40625,72651.49294002923,ensemble
BTC,phase0,xgb,phase0_xgb,2026-04-12,2026-04-13,0.0513922577822332,0.00459566731005904,0.0006533481043193322,70753.40625,74484.640625,71079.31367362372,ensemble
BTC,phase0,xgb,phase0_xgb,2026-04-13,2026-04-14,-0.0040766706589971,-0.01041106116026636,0.003117040773084281,74484.640625,74181.609375,73713.19920589513,ensemble
BTC,phase0,xgb,phase0_xgb,2026-04-14,2026-04-15,0.0083695046837294,-0.0010929843090707,0.0012118566904652968,74181.609375,74805.078125,74100.57433301334,ensemble
BTC,phase0,xgb,phase0_xgb,2026-04-15,2026-04-16,0.0046287244870706,0.007336558401584601,0.003012555017075562,74805.078125,75152.1328125,75355.90807675062,ensemble
BTC,phase0,xgb,phase0_xgb,2026-04-16,2026-04-17,0.025937296578403,0.0067297015339135595,0.001858181256271025,75152.1328125,77126.875,75659.58983794773,ensemble
BTC,phase0,xgb,phase0_xgb,2026-04-17,2026-04-18,-0.0183274450765037,-0.00891948118805882,0.0018944805412175383,77126.875,75726.2109375,76442.00218497642,ensemble
BTC,phase0,xgb,phase0_xgb,2026-04-18,2026-04-19,-0.0250023364949234,-4.939060891046008e-05,0.0029961529680558427,75726.2109375,73856.3515625,75722.47086619427,ensemble
BTC,phase0,xgb,phase0_xgb,2026-04-19,2026-04-20,0.026932597272259,-0.00930517259985206,0.001527891260089545,73856.3515625,75872.5234375,73172.29304075286,ensemble
BTC,phase0,xgb,phase0_xgb,2026-04-20,2026-04-21,0.0063097475019448,-0.00576430484652516,0.006155192482006754,75872.5234375,76352.7734375,75436.42918056615,ensemble
BTC,phase0,xgb,phase0_xgb,2026-04-21,2026-04-22,0.0239449523733436,0.00789785115048286,0.0008430095824650042,76352.7734375,78203.1015625,76958.18385077771,ensemble
BTC,phase0,xgb,phase0_xgb,2026-04-22,2026-04-23,0.0008417038623198,-0.0176129888743162,0.006097212112325576,78203.1015625,78268.953125,76837.77028267158,ensemble
BTC,phase0,xgb,phase0_xgb,2026-04-23,2026-04-24,-0.0104498554007011,0.0042234585853293,0.002756128393834083,78268.953125,77455.3125,78600.21785606284,ensemble
BTC,phase0,xgb,phase0_xgb,2026-04-24,2026-04-25,0.002021098580043,0.0068628460168838005,0.00127956096755727,77455.3125,77612.015625,77988.70458324156,ensemble
BTC,phase0,xgb,phase0_xgb,2026-04-25,2026-04-26,0.0133812250281389,0.00349472186062478,0.00158222137349778,77612.015625,78657.5390625,77883.72252614392,ensemble
BTC,phase0,xgb,phase0_xgb,2026-04-26,2026-04-27,-0.0165479947079337,0.00024714549072088,0.001424328527778292,78657.5390625,77366.625,78676.9813210248,ensemble
BTC,phase0,xgb,phase0_xgb,2026-04-27,2026-04-28,-0.0132186544907372,0.00217607058584686,0.0013625612127414338,77366.625,76350.671875,77535.16354636893,ensemble
BTC,phase0,xgb,phase0_xgb,2026-04-28,2026-04-29,-0.0075534590417408,-0.0035400609136558596,0.0024702913390403057,76350.671875,75776.1328125,76080.86369622819,ensemble
BTC,phase0,xgb,phase0_xgb,2026-04-29,2026-04-30,0.0069461868751349,0.00029488935251720006,0.001307129770351449,75776.1328125,76304.3203125,75798.48168230125,ensemble
BTC,phase0,xgb,phase0_xgb,2026-04-30,2026-05-01,0.0242715098940353,-0.0027085791924037,0.0028353651043945406,76304.3203125,78179.0,76097.92366522718,ensemble
BTC,phase0,xgb,phase0_xgb,2026-05-01,2026-05-02,0.0060987365147835,0.00387323880568142,0.001013792030635843,78179.0,78657.25,78482.39311428987,ensemble
BTC,phase0,xgb,phase0_xgb,2026-05-02,2026-05-03,-0.0015143369624661,0.0016190099035156599,0.0017749861708223856,78657.25,78538.2265625,78784.70001030849,ensemble
BTC,phase0,xgb,phase0_xgb,2026-05-03,2026-05-04,0.0162876768649081,0.00520400409586722,0.0018296267669076953,78538.2265625,79827.90625,78948.00513510866,ensemble
BTC,phase0,xgb,phase0_xgb,2026-05-04,2026-05-05,0.0136750438065225,0.00147249826113686,0.0009016873021350042,79827.90625,80927.0546875,79945.53928911126,ensemble
BTC,phase0,xgb,phase0_xgb,2026-05-05,2026-05-06,0.0061652480572739,-0.0057676768861710595,0.0018714482790920175,80927.0546875,81427.53125,80461.63706416552,ensemble
BTC,phase0,xgb,phase0_xgb,2026-05-06,2026-05-07,-0.0175619083509024,-0.0012945967726409,0.0023838843835339283,81427.53125,80009.9921875,81322.18363689298,ensemble
BTC,phase0,xgb,phase0_xgb,2026-05-07,2026-05-08,0.0022069548930199,-0.00293203408364202,0.001769227141942284,80009.9921875,80186.765625,79775.74374340141,ensemble
BTC,phase0,xgb,phase0_xgb,2026-05-08,2026-05-09,0.0059384470311886,0.00126645652344446,0.0007552684797396248,80186.765625,80664.3671875,80288.38301083818,ensemble
BTC,phase0,xgb,phase0_xgb,2026-05-09,2026-05-10,0.018115146956791,0.00127788332756604,0.0004861801759726002,80664.3671875,82138.9296875,80767.51272740417,ensemble
BTC,phase0,xgb,phase0_xgb,2026-05-10,2026-05-11,-0.0050117852194884,0.00526095193927174,0.0034985344096497163,82138.9296875,81728.296875,82572.19734978571,ensemble
BTC,phase0,xgb,phase0_xgb,2026-05-11,2026-05-12,-0.0154227477056674,0.0009380409632285541,0.0018083288170151156,81728.296875,80477.4921875,81804.99733378558,ensemble
BTC,phase0,xgb,phase0_xgb,2026-05-12,2026-05-13,-0.0150280182312355,-0.00129474895365998,0.001865354287829085,80477.4921875,79277.1171875,80373.36146481601,ensemble
BTC,phase0,xgb,phase0_xgb,2026-05-13,2026-05-14,0.0221321436988218,-0.0008716435559108397,0.001959820711997747,79277.1171875,81051.25,79208.04590631404,ensemble
BTC,phase0,xgb,phase0_xgb,2026-05-14,2026-05-15,-0.0248027751369673,0.00248461873270566,0.0010674695383113483,81051.25,79065.6796875,81252.8818394536,ensemble
BTC,phase0,xgb,phase0_xgb,2026-05-15,2026-05-16,-0.0118863908425741,-0.0004962495993822401,0.0011537685561051618,79065.6796875,78131.4375,79026.453109522,ensemble
BTC,phase0,xgb,phase0_xgb,2026-05-16,2026-05-17,-0.0090265767978541,-0.0021279932232572997,0.0006966235261927764,78131.4375,77429.3515625,77965.35110850928,ensemble
BTC,phase0,xgb,phase0_xgb,2026-05-17,2026-05-18,-0.0061558536491211,-0.0006668476969935,0.0021497219145378017,77429.3515625,76954.171875,77377.73518977324,ensemble
BTC,phase0,xgb,phase0_xgb,2026-05-18,2026-05-19,-0.0026448799997123,0.0006735345465130801,0.002378971628988621,76954.171875,76750.90625,77006.02062725894,ensemble
BTC,phase0,xgb,phase0_xgb,2026-05-19,2026-05-20,0.0091677347836148,0.006937381206080261,0.0026142720818138412,76750.90625,77457.7734375,77285.20772821468,ensemble
BTC,phase0,xgb,phase0_xgb,2026-05-20,2026-05-21,0.0010503232153248,-0.00758470296859738,0.0017299874236455343,77457.7734375,77539.171875,76872.50159568251,ensemble
BTC,phase0,xgb,phase0_xgb,2026-05-21,2026-05-22,-0.0268063407026221,-0.00376648716628546,0.0024274182430608104,77539.171875,75488.2421875,77247.6708912186,ensemble
BTC,phase0,xgb,phase0_xgb,2026-05-22,2026-05-23,0.0155775030224184,0.0023457147413864,0.001609889092804686,75488.2421875,76673.3671875,75665.52391489198,ensemble
BTC,phase0,xgb,phase0_xgb,2026-05-23,2026-05-24,0.004005847400396,-0.0034635425661689997,0.0019530167528375448,76673.3671875,76981.125,76408.26507779176,ensemble
BTC,phase0,xgb,phase0_xgb,2026-05-24,2026-05-25,0.0038740181286936,-0.0014163505809847,0.002520409880829588,76981.125,77279.9296875,76872.16991639348,ensemble
BTC,phase0,xgb,phase0_xgb,2026-05-25,2026-05-26,-0.0189965414050318,0.0004447959327080667,0.0012478613476858073,77279.9296875,75825.734375,77314.31113170138,ensemble
BTC,phase0,xgb,phase0_xgb,2026-05-26,2026-05-27,-0.0197253107241087,0.00166264710715036,0.0006368991698632076,75825.734375,74344.703125,75951.91067717128,ensemble
BTC,phase0,xgb,phase0_xgb,2026-05-27,2026-05-28,-0.0109298026618873,-7.109431317076e-05,0.002542889071145194,74344.703125,73536.5546875,74339.41782727298,ensemble
BTC,phase0,xgb,phase0_xgb,2026-05-28,2026-05-29,-0.0022330998228095,-0.00384243086446072,0.0016610929633767424,73536.5546875,73372.5234375,73254.53772242935,ensemble
BTC,phase0,xgb,phase0_xgb,2026-05-29,2026-05-30,0.0051970396549028,0.00222188215702768,0.0011083551532943903,73372.5234375,73754.8359375,73535.72978363352,ensemble
BTC,phase0,xgb,phase0_xgb,2026-05-30,2026-05-31,-0.0023775625144765,0.00218223648844282,0.0013943499795167574,73754.8359375,73579.6875,73915.96217551749,ensemble
BTC,phase0,xgb,phase0_xgb,2026-05-31,2026-06-01,-0.0311953863032946,0.004308649292215661,0.0025698629286099476,73579.6875,71319.7734375,73897.40053397375,ensemble
BTC,phase0,xgb,phase0_xgb,2026-06-01,2026-06-02,-0.0669138485252581,-0.00105827280785886,0.0021536463364365656,71319.7734375,66703.65625,71244.33758350526,ensemble
BTC,phase0,xgb,phase0_xgb,2026-06-02,2026-06-03,-0.0411522222901916,0.00829265192151064,0.0017999215269734927,66703.65625,64014.3671875,67259.10634723218,ensemble
BTC,phase0,xgb,phase0_xgb,2026-06-03,2026-06-04,-0.0033296811494371,0.00830167662352318,0.0031048212079600136,64014.3671875,63801.57421875,64548.00574575804,ensemble
BTC,phase0,xgb,phase0_xgb,2026-06-04,2026-06-05,-0.0461725426252123,0.00987715087831016,0.003214565588818782,63801.57421875,60922.66796875,64434.874445907044,ensemble
BTC,phase0,xgb,phase0_xgb,2026-06-05,2026-06-06,-0.0009073630482773,0.00638753077946598,0.0035932174905674383,60922.66796875,60867.4140625,61313.058875186965,ensemble
BTC,phase0,xgb,phase0_xgb,2026-06-06,2026-06-07,0.0382314561194156,0.014362663589417879,0.0028506493867057666,60867.4140625,63239.51953125,61747.940469877976,ensemble
BTC,phase0,xgb,phase0_xgb,2026-06-07,2026-06-08,-0.0023577871851843,0.0016939347609877201,0.003914800378659447,63239.51953125,63090.58984375,63346.73393311636,ensemble
BTC,phase0,xgb,phase0_xgb,2026-06-08,2026-06-09,-0.0231992749169722,-0.00410797018557782,0.0023735367993261867,63090.58984375,61643.78125,62831.94719355437,ensemble
BTC,phase0,xgb,phase0_xgb,2026-06-09,2026-06-10,-0.0031600860854061,0.0087392749264836,0.0013226472606167985,61643.78125,61449.2890625,62184.8640939583,ensemble
BTC,phase0,xgb,phase0_xgb,2026-06-10,2026-06-11,0.0337886685240648,0.0005949610378593,0.004704604657994011,61449.2890625,63561.0546875,61485.859873321344,ensemble
BTC,phase0,xgb,phase0_xgb,2026-06-11,2026-06-12,-0.0002809578486747,-0.0054943105205893005,0.0009605266265934924,63561.0546875,63543.19921875,63212.78813443006,ensemble
BTC,phase0,xgb,phase0_xgb,2026-06-12,2026-06-13,0.0137247224557035,-0.00134117475245146,0.00455877071831424,63543.19921875,64421.32421875,63458.03380788318,ensemble
BTC,phase0,xgb,phase0_xgb,2026-06-13,2026-06-14,0.0198124847553173,-0.0012923516856972,0.0027026806116462227,64421.32421875,65710.3984375,64338.12298600778,ensemble
BTC,phase0,xgb,phase0_xgb,2026-06-14,2026-06-15,0.0087743291428838,-0.00392145825608166,0.0025782509499529217,65710.3984375,66289.5,65453.22243508325,ensemble
BTC,phase0,xgb,phase0_xgb,2026-06-15,2026-06-16,-0.0104460520817153,0.00483279647305602,0.0017310446992098748,66289.5,65600.640625,66610.639036561,ensemble
BTC,phase0,xgb,phase0_xgb,2026-06-16,2026-06-17,-0.0181854515308644,2.3164623416940118e-05,0.0031688915331879314,65600.640625,64418.4453125,65602.16025673677,ensemble
BTC,phase0,xgb,phase0_xgb,2026-06-17,2026-06-18,-0.0239099264595433,-0.00544577919645228,0.004077482241152342,64418.4453125,62896.47265625,64068.59016471534,ensemble
BTC,phase0,xgb,phase0_xgb,2026-06-18,2026-06-19,0.0101927013006599,0.00686865579336878,0.0019426895838280957,62896.47265625,63540.8359375,63329.973958834875,ensemble
BTC,phase0,xgb,phase0_xgb,2026-06-19,2026-06-20,0.0109382377964082,0.0042518418980762,0.0022412889552294005,63540.8359375,64239.67578125,63811.576691544215,ensemble
BTC,phase0,xgb,phase0_xgb,2026-06-20,2026-06-21,-0.0157229253051467,0.0016315634478814602,0.0014983656231370276,64239.67578125,63237.5390625,64344.57243766407,ensemble
BTC,phase0,xgb,phase0_xgb,2026-06-21,2026-06-22,0.0112363538248423,0.004347567446529819,0.0010736601130845818,63237.5390625,63952.10546875,63513.06703295703,ensemble
BTC,phase0,xgb,phase0_xgb,2026-06-22,2026-06-23,-0.0202831889602721,0.01506545506417746,0.0009948580552446948,63952.10546875,62668.01953125,64922.867162373586,ensemble
BTC,phase0,xgb,phase0_xgb,2026-06-23,2026-06-24,-0.0270571911625371,-0.00425486280582838,0.0010055931779842596,62668.01953125,60995.1328125,62401.94216858725,ensemble
BTC,phase0,xgb,phase0_xgb,2026-06-24,2026-06-25,-0.0210990381164694,0.00554266236722466,0.002527461001836226,60995.1328125,59721.67578125,61334.14689210737,ensemble
BTC,phase0,xgb,phase0_xgb,2026-06-25,2026-06-26,0.004923319948585,0.00864646779373284,0.002420829593147898,59721.67578125,60016.4296875,60240.29621385217,ensemble
BTC,phase0,xgb,phase0_xgb,2026-06-26,2026-06-27,-0.0012726617424323,0.00387351647950704,0.0018882434995552218,60016.4296875,59940.09765625,60249.35514599979,ensemble
BTC,phase0,xgb,phase0_xgb,2026-06-27,2026-06-28,-0.0068259994404737,-0.00061542110051958,0.0024464604300242906,59940.09765625,59532.33984375,59903.22060400709,ensemble
BTC,phase0,xgb,phase0_xgb,2026-06-28,2026-06-29,0.0101285301835763,0.00909045990556476,0.003951609700755162,59532.33984375,60138.37890625,60075.98343358551,ensemble
BTC,phase0,xgb,phase0_xgb,2026-06-29,2026-06-30,-0.0266158302862621,-0.00770271988585586,0.002441071110527851,60138.37890625,58558.859375,59676.92930919375,ensemble
BTC,phase0,xgb,phase0_xgb,2026-06-30,2026-07-01,0.0243747988918137,0.0070203522220253405,0.0018087643585875989,58558.859375,60003.7578125,58971.40962316954,ensemble
BTC,phase0,xgb,phase0_xgb,2026-07-01,2026-07-02,0.0243909440883905,-0.0017480939975939602,0.0022526655215819283,60003.7578125,61485.30078125,59898.95723095641,ensemble
BTC,phase0,xgb,phase0_xgb,2026-07-02,2026-07-03,0.0170753597454698,0.01563365384936328,0.001971177019889601,61485.30078125,62544.19921875,62454.093846299555,ensemble
BTC,phase0,xgb,phase0_xgb,2026-07-03,2026-07-04,0.0086619123839713,-0.0030573366209864,0.0003339837091642009,62544.19921875,63088.3046875,62353.27256030147,ensemble
BTC,phase0,xgb,phase0_xgb,2026-07-04,2026-07-05,0.0072582750905089,0.0016220018093008,0.0015177306271378457,63088.3046875,63547.8828125,63190.71706592742,ensemble
BTC,phase0,xgb,phase0_xgb,2026-07-05,2026-07-06,0.0070115176898403,0.0013368392203119601,0.004668821083473467,63547.8828125,63995.015625,63632.892924376974,ensemble
BTC,phase0,xgb,phase0_xgb,2026-07-06,2026-07-07,-0.0109610318081771,-0.00348203338216986,0.0017358614216011175,63995.015625,63297.39453125,63772.57034999206,ensemble
BTC,phase0,xgb,phase0_xgb,2026-07-07,2026-07-08,-0.0165639655193486,-0.00494006616063412,0.001601287255208413,63297.39453125,62257.57421875,62985.47230703433,ensemble
BTC,phase0,xgb,phase0_xgb,2026-07-08,2026-07-09,0.0149156823369863,-0.00814723987132308,0.0023893186163209358,62257.57421875,63193.1484375,61752.407479389854,ensemble
BTC,phase0,xgb,phase0_xgb,2026-07-09,2026-07-10,0.0146718005231559,0.00424080155789848,0.0012805128045611529,63193.1484375,64127.140625,63461.707089328105,ensemble
BTC,phase0,xgb,phase0_xgb,2026-07-10,2026-07-11,-0.0050827186063555,-0.0025283782451879,0.0017255464778314711,64127.140625,63802.02734375,63965.207757752636,ensemble
BTC,phase0,xgb,phase0_xgb,2026-07-11,2026-07-12,-0.0006868690961942,-0.0002181148549425419,0.0016636150253435268,63802.02734375,63758.21875,63788.112691362236,ensemble
BTC,phase0,xgb,phase0_xgb,2026-07-12,2026-07-13,-0.0241143387714378,0.0030363627709448,0.0013928364800191743,63758.21875,62239.12109375,63952.10603886514,ensemble
BTC,phase0,xgb,phase0_xgb,2026-07-13,2026-07-14,0.0427281030442609,0.008623715303838179,0.001152173011665402,62239.12109375,64956.11328125,62778.174535821956,ensemble
BTC,phase0,xgb,phase0_xgb,2026-07-14,2026-07-15,-0.0037594109647903,0.0018420712520309632,0.0015380213334778166,64956.11328125,64712.375,65075.87734327136,ensemble
BTC,phase0,xgb,phase0_xgb,2026-07-15,2026-07-16,-0.0143672798551762,-0.00122501333244142,0.00194327257098138,64712.375,63789.28125,64633.15001359082,ensemble
BTC,phase0,xgb,phase0_xgb,2026-07-16,2026-07-17,0.0017257545646935,-0.0007366791316599236,0.0015432593231907903,63789.28125,63899.4609375,63742.306322528355,ensemble
BTC,phase0,xgb,phase0_xgb,2026-07-17,2026-07-18,0.0139422316447508,-0.0037626751232891593,0.001191085940306117,63899.4609375,64796.6015625,63659.47979411019,ensemble
BTC,phase0,xgb,phase0_xgb,2026-07-18,2026-07-19,-0.0016340878484766,0.0028787402057787,0.002435103721444891,64796.6015625,64690.8046875,64983.40289186032,ensemble
BTC,phase0,xgb,phase0_xgb,2026-07-19,2026-07-20,0.0083008358863908,0.00619979412294918,0.0038710489545852856,64690.8046875,65230.02734375,65093.12020624045,ensemble
BTC,phase0,xgb,phase0_xgb,2026-07-20,2026-07-21,0.0193591073637143,0.008662422839552101,0.0035183544695071814,65230.02734375,66505.125,65797.53185578491,ensemble
BTC,phase0,xgb,phase0_xgb,2026-07-21,2026-07-22,-0.0060982099788692,-0.0032920435070991003,0.0007055689358850402,66505.125,66100.796875,66286.54721624579,ensemble
BTC,phase0,xgb,phase0_xgb,2026-07-22,2026-07-23,-0.016104346952909,0.00590242715552444,0.0012612620731293441,66100.796875,65044.8125,66492.10571337854,ensemble
BTC,phase0,xgb,phase0_xgb,2026-07-23,2026-07-24,-0.0146555536542276,0.00134959699353198,0.0011274112224482053,65044.8125,64098.49609375,65132.65604675488,ensemble
BTC,phase0,xgb,phase0_xgb,2026-07-24,2026-07-25,0.003322421771433,-0.00052298522787166,0.0004700795251955329,64098.49609375,64311.8125,64064.982291539796,ensemble
BTC,phase0,xgb,phase0_xgb,2026-07-25,2026-07-26,0.0158656859403964,0.00179776647128158,0.000944455762581554,64311.8125,65340.30078125,64427.534109267086,ensemble
BTC,phase0,xgb,phase0_xgb,2026-07-26,2026-07-27,-0.0250336529885953,0.00196943296759852,0.0015491262709825182,65340.30078125,63724.8984375,65469.11092355751,ensemble
BTC,phase0,xgb,phase0_xgb,2026-07-27,2026-07-28,0.0022957554728576,0.00473623978905376,0.000987224852544755,63724.8984375,63871.36328125,64027.43070417993,ensemble
BTC,phase0,xgb,phase0_xgb,2026-07-28,2026-07-29,0.0005760654802496,0.0017538033571326598,0.0021413693121800233,63871.36328125,63908.16796875,63983.47937865384,ensemble
BTC,phase0,xgb,phase0_xgb,2026-07-29,2026-07-30,0.0127051159419568,0.0024648890073876205,0.0013710365712026535,63908.16796875,64725.30859375,64065.8888117895,ensemble
BTC,phase0,xgb,phase0_xgb,2026-07-30,2026-07-31,-0.0299783570286374,-0.0032453067833557196,0.001197227584418739,64725.30859375,62813.74609375,64515.5955862971,ensemble
BTC,phase0,xgb,phase0_xgb,2026-07-31,2026-08-01,-0.0008031049841085,0.0006933100172318199,0.0018095313885618503,62813.74609375,62763.3203125,62857.310593243565,ensemble
BTC,phase0,xgb,phase0_xgb,2026-08-01,2026-08-02,0.0113855697670751,0.00341925504617388,0.0003408031564489564,62763.3203125,63482.0,62978.29142327976,ensemble
BTC,phase0,xgb,phase0_xgb,2026-08-02,2026-08-03,-0.0003324575530272,0.007784618437290139,0.0009019271067045146,63482.0,63460.8984375,63978.11166225942,ensemble
BTC,phase0,xgb,phase0_xgb,2026-08-03,2026-08-04,0.0093330253934836,0.00651766937226052,0.0017390878656101032,63460.8984375,64055.953125,63875.86643469898,ensemble
BTC,phase0,xgb,phase0_xgb,2026-08-04,2026-08-05,0.0084187413608024,-0.00323368468089026,0.0031087538263158206,64055.953125,64597.5,63849.150917431136,ensemble
BTC,phase0,xgb,phase0_xgb,2026-08-05,2026-08-06,-0.0052054707838791,-0.01027088724076742,0.0018923275611526966,64597.5,64262.11328125,63937.42195772341,ensemble
BTC,phase0,xgb,phase0_xgb,2026-08-06,2026-08-07,0.0095721203953674,-0.0009317893476690799,0.0019058188636276296,64262.11328125,64880.19140625,64202.262417164995,ensemble
BTC,phase0,xgb,phase0_xgb,2026-08-07,2026-08-08,0.0003774876433575,0.00304665528237812,0.0016291682826305603,64880.19140625,64904.6875,65078.16040263305,ensemble
BTC,phase0,xgb,phase0_xgb,2026-08-08,2026-08-09,-0.0009217877722439,0.00670310994610184,0.0009986845915685846,64904.6875,64844.88671875,65341.212158237984,ensemble
BTC,phase0,xgb,phase0_xgb,2026-08-09,2026-08-10,-0.0145130480455691,0.0009252882620785399,0.0020311775101999434,64844.88671875,63910.5859375,64904.914698596454,ensemble
BTC,phase0,xgb,phase0_xgb,2026-08-10,2026-08-11,-0.0056285102588139,0.00607938133180138,0.002082063382902217,63910.5859375,63551.875,64300.30618926335,ensemble
BTC,phase0,xgb,phase0_xgb,2026-08-11,2026-08-12,-0.0023542560615523,0.011155388318002179,0.0016363084415622897,63551.875,63402.43359375,64264.78987200799,ensemble
BTC,phase0,xgb,phase0_xgb,2026-08-12,2026-08-13,-4.127906065128786e-06,-0.00199650478898542,0.001362065888046345,63402.43359375,63402.171875,63275.97660943926,ensemble
BTC,phase0,xgb,phase0_xgb,2026-08-13,2026-08-14,-0.0067508670210942,0.00570500679314132,0.0010285111273232968,63402.171875,62975.59375,63764.91543964321,ensemble
BTC,phase0,xgb,phase0_xgb,2026-08-14,2026-08-15,0.0007734380660748,0.0007048928295261801,0.0015384200787023365,62975.59375,63024.3203125,63020.00044361078,ensemble
BTC,phase0,xgb,phase0_xgb,2026-08-15,2026-08-16,-0.0032686473868631,0.00473039196804158,0.0017141230550198174,63024.3203125,62818.65234375,63323.15629952949,ensemble
BTC,phase0,xgb,phase0_xgb,2026-08-16,2026-08-17,0.0265101376702319,-0.0010338681895518402,0.0008514137052845568,62818.65234375,64506.25390625,62753.73969872268,ensemble
BTC,phase0,xgb,phase0_xgb,2026-08-17,2026-08-18,0.0027008473728006,-0.0027616163055426686,0.002236016929042429,64506.25390625,64680.7109375,64328.358136642564,ensemble
BTC,phase0,xgb,phase0_xgb,2026-08-18,2026-08-19,0.0684938460027011,-0.0014853182947262601,0.0039063003000001,64680.7109375,69266.1875,64584.71080725289,ensemble
BTC,phase0,xgb,phase0_xgb,2026-08-19,2026-08-20,0.052951205389763,-0.01066120602190488,0.0035482475833475253,69266.1875,73032.7578125,68531.648895778,ensemble
BTC,phase0,xgb,phase0_xgb,2026-08-20,2026-08-21,0.0700888177551632,0.01811308152973648,0.0010206687384624765,73032.7578125,78335.1875,74367.65920152761,ensemble
BTC,phase0,xgb,phase0_xgb,2026-08-21,2026-08-22,-0.0161087603875064,0.011511155404150441,0.0013915247181030413,78335.1875,77083.4140625,79242.12595709026,ensemble
BTC,phase0,xgb,phase0_xgb,2026-08-22,2026-08-23,0.0086781388253158,0.00297486740164458,0.003995558291649129,77083.4140625,77755.265625,77313.06842447261,ensemble
BTC,phase0,xgb,phase0_xgb,2026-08-23,2026-08-24,0.0154319126625293,0.011321956757456019,0.0034719170659057363,77755.265625,78964.484375,78640.60983708687,ensemble
BTC,phase0,xgb,phase0_xgb,2026-08-24,2026-08-25,-0.0050721771868308,0.0024507916532456797,0.003279399151232691,78964.484375,78564.9765625,79158.24721339821,ensemble
BTC,phase0,xgb,phase0_xgb,2026-08-25,2026-08-26,0.0058688952570538,0.01803005076944822,0.0017322365065072741,78564.9765625,79027.421875,79994.35423264655,ensemble
BTC,phase0,xgb,phase0_xgb,2026-08-26,2026-08-27,0.0154457977224057,0.00183548952627458,0.00460972297096508,79027.421875,80257.5390625,79172.60908417936,ensemble
BTC,phase0,xgb,phase0_xgb,2026-08-27,2026-08-28,-0.0307100273130926,0.00037739963736385993,0.0038169044217420804,80257.5390625,77830.2890625,80287.83394491715,ensemble
BTC,phase0,xgb,phase0_xgb,2026-08-28,2026-08-29,0.0053246386227652,-0.0013112929911585798,0.0028332490785574985,77830.2890625,78245.8125,77728.29763488902,ensemble
BTC,phase0,xgb,phase0_xgb,2026-08-29,2026-08-30,-0.007417513856522,0.006980272475630001,0.002077704549835355,78245.8125,77667.5703125,78793.9002668772,ensemble
BTC,phase0,xgb,phase0_xgb,2026-08-30,2026-08-31,0.0112801594802717,0.00066223854664714,0.002819725219000616,77667.5703125,78548.6328125,77719.02180608615,ensemble
BTC,phase1,lstm,phase1_lstm,2025-10-31,2025-11-01,0.004624825172493,0.0006261612987146,0.003742237178497802,109556.1640625,110064.015625,109624.78537423431,ensemble
BTC,phase1,lstm,phase1_lstm,2025-11-01,2025-11-02,0.0052161412333197,0.00060246648499742,0.003817291881724861,110064.015625,110639.625,110130.34548437061,ensemble
BTC,phase1,lstm,phase1_lstm,2025-11-02,2025-11-03,-0.0376871829010099,0.0006390829803422399,0.0038531211118845426,110639.625,106547.5234375,110710.35550021102,ensemble
BTC,phase1,lstm,phase1_lstm,2025-11-03,2025-11-04,-0.0476408575376077,0.0007421725371387,0.0039024459417629476,106547.5234375,101590.5234375,106626.62943481372,ensemble
BTC,phase1,lstm,phase1_lstm,2025-11-04,2025-11-05,0.0224000613217487,0.0008577918459196001,0.003931278024297926,101590.5234375,103891.8359375,101677.70434631806,ensemble
BTC,phase1,lstm,phase1_lstm,2025-11-05,2025-11-06,-0.0252511824918507,0.00097692163835746,0.003946928423200377,103891.8359375,101301.2890625,103993.37971215548,ensemble
BTC,phase1,lstm,phase1_lstm,2025-11-06,2025-11-07,0.020238925968734,0.0010973753480357073,0.003916097020622149,101301.2890625,103372.40625,101412.51561731921,ensemble
BTC,phase1,lstm,phase1_lstm,2025-11-07,2025-11-08,-0.0106032122142002,0.0011941782277062685,0.00392207012742833,103372.40625,102282.1171875,103495.92506394973,ensemble
BTC,phase1,lstm,phase1_lstm,2025-11-08,2025-11-09,0.02355183969968,0.0012933251404319865,0.0038850677840692785,102282.1171875,104719.640625,102414.48680109864,ensemble
BTC,phase1,lstm,phase1_lstm,2025-11-09,2025-11-10,0.0121202693364623,0.0013670231521246043,0.00384218732164522,104719.640625,105996.59375,104862.89269035295,ensemble
BTC,phase1,lstm,phase1_lstm,2025-11-10,2025-11-11,-0.0287025464768418,0.0014188123474014012,0.0037936442850319877,105996.59375,102997.46875,106147.08976355006,ensemble
BTC,phase1,lstm,phase1_lstm,2025-11-11,2025-11-12,-0.0130391466426769,0.0014540585994836878,0.0038206971565046114,102997.46875,101663.1875,103147.34204102856,ensemble
BTC,phase1,lstm,phase1_lstm,2025-11-12,2025-11-13,-0.0195247429765854,0.0014174420930430649,0.003913614912913629,101663.1875,99697.4921875,101807.39135744036,ensemble
BTC,phase1,lstm,phase1_lstm,2025-11-13,2025-11-14,-0.0546228711365914,0.00131330702715786,0.004033075173901063,99697.4921875,94397.7890625,99828.51162011904,ensemble
BTC,phase1,lstm,phase1_lstm,2025-11-14,2025-11-15,0.0121231064987472,0.0011743552720872802,0.004150264051166567,94397.7890625,95549.1484375,94508.71072172883,ensemble
BTC,phase1,lstm,phase1_lstm,2025-11-15,2025-11-16,-0.0144639384619225,0.00101404901070056,0.004292460778623138,95549.1484375,94177.078125,95646.08909993077,ensemble
BTC,phase1,lstm,phase1_lstm,2025-11-16,2025-11-17,-0.0223683827163435,0.00090082449023612,0.004397199368284017,94177.078125,92093.875,94261.95336650238,ensemble
BTC,phase1,lstm,phase1_lstm,2025-11-17,2025-11-18,0.0092411735633055,0.0008791668311460001,0.0044122971670905705,92093.875,92948.875,92174.8764819424,ensemble
BTC,phase1,lstm,phase1_lstm,2025-11-18,2025-11-19,-0.0160823776998089,0.000912858017545646,0.004402297506596271,92948.875,91465.9921875,93033.76286515492,ensemble
BTC,phase1,lstm,phase1_lstm,2025-11-19,2025-11-20,-0.0542991431316111,0.0009818456096581762,0.004359091115472552,91465.9921875,86631.8984375,91555.84177235446,ensemble
BTC,phase1,lstm,phase1_lstm,2025-11-20,2025-11-21,-0.0179504904722895,0.0010800660194945654,0.004275217523589646,86631.8984375,85090.6875,86725.51715530375,ensemble
BTC,phase1,lstm,phase1_lstm,2025-11-21,2025-11-22,-0.0052118723936807,0.00115631929074878,0.004220380444931097,85090.6875,84648.359375,85189.13641163771,ensemble
BTC,phase1,lstm,phase1_lstm,2025-11-22,2025-11-23,0.0251585865790003,0.00119312548486048,0.004243783249712063,84648.359375,86805.0078125,84749.41576431047,ensemble
BTC,phase1,lstm,phase1_lstm,2025-11-23,2025-11-24,0.0167423578108394,0.00124000728537794,0.004226409128814447,86805.0078125,88270.5625,86912.7134186621,ensemble
BTC,phase1,lstm,phase1_lstm,2025-11-24,2025-11-25,-0.0105764769567544,0.00132000349403824,0.0041273815612290765,88270.5625,87341.890625,88387.1568864899,ensemble
BTC,phase1,lstm,phase1_lstm,2025-11-25,2025-11-26,0.0357225879133364,0.00144277533399872,0.004007419081266359,87341.890625,90518.3671875,87467.99629962184,ensemble
BTC,phase1,lstm,phase1_lstm,2025-11-26,2025-11-27,0.0084378061084954,0.0015515082748606798,0.003905871981078295,90518.3671875,91285.375,90658.9161864919,ensemble
BTC,phase1,lstm,phase1_lstm,2025-11-27,2025-11-28,-0.0040186667744196,0.00162743409746324,0.003849179232607844,91285.375,90919.265625,91434.05688404276,ensemble
BTC,phase1,lstm,phase1_lstm,2025-11-28,2025-11-29,-0.0007427786269465,0.00167576084495524,0.0037950117518303615,90919.265625,90851.7578125,91071.7523003023,ensemble
BTC,phase1,lstm,phase1_lstm,2025-11-29,2025-11-30,-0.0050477925731327,0.0016904830292332799,0.0037653380361577374,90851.7578125,90394.3125,91005.47105546639,ensemble
BTC,phase1,lstm,phase1_lstm,2025-11-30,2025-12-01,-0.046101838054076,0.00169934738660232,0.0037479736853921106,90394.3125,86321.5703125,90548.05443218816,ensemble
BTC,phase1,lstm,phase1_lstm,2025-12-01,2025-12-02,0.0566209938703037,0.0017482801864389399,0.0036363343727423684,86321.5703125,91350.203125,86472.61660068354,ensemble
BTC,phase1,lstm,phase1_lstm,2025-12-02,2025-12-03,0.0235582620118316,0.0017794882878661201,0.0035901241240747206,91350.203125,93527.8046875,91512.90446118232,ensemble
BTC,phase1,lstm,phase1_lstm,2025-12-03,2025-12-04,-0.0149319728659321,0.00184192399319726,0.003533009915881691,93527.8046875,92141.625,93700.2345475832,ensemble
BTC,phase1,lstm,phase1_lstm,2025-12-04,2025-12-05,-0.0303430599756753,0.0019249930999649053,0.0034737491342873086,92141.625,89387.7578125,92319.16782187289,ensemble
BTC,phase1,lstm,phase1_lstm,2025-12-05,2025-12-06,-0.0012916460625568,0.0019871105119818604,0.003434223994044482,89387.7578125,89272.375,89565.55776126013,ensemble
BTC,phase1,lstm,phase1_lstm,2025-12-06,2025-12-07,0.0126145722260143,0.00204254296259022,0.00341161197181353,89272.375,90405.640625,89454.90400952293,ensemble
BTC,phase1,lstm,phase1_lstm,2025-12-07,2025-12-08,0.0025911959798138,0.00208857885154424,0.0033961780131509826,90405.640625,90640.203125,90594.65725342596,ensemble
BTC,phase1,lstm,phase1_lstm,2025-12-08,2025-12-09,0.0223811926981977,0.0021284875605487802,0.003366153962611738,90640.203125,92691.7109375,90833.33513646443,ensemble
BTC,phase1,lstm,phase1_lstm,2025-12-09,2025-12-10,-0.0072628328466358,0.00218741236894854,0.0032935580656988667,92691.7109375,92020.9453125,92894.68784867355,ensemble
BTC,phase1,lstm,phase1_lstm,2025-12-10,2025-12-11,0.0053149701081481,0.0022433144113164875,0.003260250687819695,92020.9453125,92511.3359375,92227.60894434545,ensemble
BTC,phase1,lstm,phase1_lstm,2025-12-11,2025-12-12,-0.0245214214521475,0.00230372921432713,0.0032169168596338405,92511.3359375,90270.4140625,92724.70267999024,ensemble
BTC,phase1,lstm,phase1_lstm,2025-12-12,2025-12-13,0.000313418755633,0.0023739130429930467,0.0031302272298148644,90270.4140625,90298.7109375,90484.96273502863,ensemble
BTC,phase1,lstm,phase1_lstm,2025-12-13,2025-12-14,-0.0237976710179162,0.002430410387751146,0.0030153777932967222,90298.7109375,88175.1796875,90518.44077123817,ensemble
BTC,phase1,lstm,phase1_lstm,2025-12-14,2025-12-15,-0.0201089147130883,0.00248516528663452,0.0029461012040236214,88175.1796875,86419.78125,88394.58209590678,ensemble
BTC,phase1,lstm,phase1_lstm,2025-12-15,2025-12-16,0.0163457369350781,0.00255560682562638,0.002793693406776979,86419.78125,87843.984375,86640.91868264141,ensemble
BTC,phase1,lstm,phase1_lstm,2025-12-16,2025-12-17,-0.0195448330408544,0.00258123596140644,0.0027424139667743216,87843.984375,86143.7578125,88071.02332094875,ensemble
BTC,phase1,lstm,phase1_lstm,2025-12-17,2025-12-18,-0.0079397284977681,0.00260322072426786,0.00273794036826071,86143.7578125,85462.5078125,86368.3011692574,ensemble
BTC,phase1,lstm,phase1_lstm,2025-12-18,2025-12-19,0.0304331549684077,0.00262691469979466,0.0027227584028931395,85462.5078125,88103.3828125,85687.30566367233,ensemble
BTC,phase1,lstm,phase1_lstm,2025-12-19,2025-12-20,0.0027273551221506,0.00264465322834434,0.002706016864606621,88103.3828125,88344.0,88336.6940860042,ensemble
BTC,phase1,lstm,phase1_lstm,2025-12-20,2025-12-21,0.0031390280669266,0.0026467009156476403,0.0027084670916720237,88344.0,88621.75,88578.12984485558,ensemble
BTC,phase1,lstm,phase1_lstm,2025-12-21,2025-12-22,-0.001487584958889,0.00263273027376266,0.0027384446178609976,88621.75,88490.015625,88855.37456442768,ensemble
BTC,phase1,lstm,phase1_lstm,2025-12-22,2025-12-23,-0.0122342749529535,0.0026230815914459,0.0027159147643653395,88490.015625,87414.0,88722.43685266898,ensemble
BTC,phase1,lstm,phase1_lstm,2025-12-23,2025-12-24,0.0022620761040624,0.00262025217525656,0.0026891337380525156,87414.0,87611.9609375,87643.34706600275,ensemble
BTC,phase1,lstm,phase1_lstm,2025-12-24,2025-12-25,-0.0043148578556266,0.00260955556295808,0.00269327972422866,87611.9609375,87234.7421875,87840.88778630023,ensemble
BTC,phase1,lstm,phase1_lstm,2025-12-25,2025-12-26,0.000764168281323,0.0025901183893438,0.0027013956121286946,87234.7421875,87301.4296875,87460.98336666654,ensemble
BTC,phase1,lstm,phase1_lstm,2025-12-26,2025-12-27,0.005719219565876,0.0025660395127488,0.00272397214881437,87301.4296875,87802.15625,87525.73627229739,ensemble
BTC,phase1,lstm,phase1_lstm,2025-12-27,2025-12-28,0.0003835125589097,0.0025064913177629397,0.002729045005445834,87802.15625,87835.8359375,88022.50763137052,ensemble
BTC,phase1,lstm,phase1_lstm,2025-12-28,2025-12-29,-0.0079748888825797,0.002426220193592563,0.0027761626852855813,87835.8359375,87138.140625,88049.20375035415,ensemble
BTC,phase1,lstm,phase1_lstm,2025-12-29,2025-12-30,0.0147180978087909,0.002377017595063044,0.002765681744402038,87138.140625,88430.1328125,87345.5158881485,ensemble
BTC,phase1,lstm,phase1_lstm,2025-12-30,2025-12-31,-0.0104730993492998,0.002349036288069287,0.0027170986898446448,88430.1328125,87508.828125,88638.10257206044,ensemble
BTC,phase1,lstm,phase1_lstm,2025-12-31,2026-01-01,0.01388073366055,0.0023468477382266005,0.0027146120813531134,87508.828125,88731.984375,87714.43919492698,ensemble
BTC,phase1,lstm,phase1_lstm,2026-01-01,2026-01-02,0.0135745701301948,0.0023519859030784306,0.0027104273057117845,88731.984375,89944.6953125,88940.92636939543,ensemble
BTC,phase1,lstm,phase1_lstm,2026-01-02,2026-01-03,0.0072944096271482,0.0023649848371860064,0.002720346857411339,89944.6953125,90603.1875,90157.6648887444,ensemble
BTC,phase1,lstm,phase1_lstm,2026-01-03,2026-01-04,0.0089036899476068,0.002359062604227753,0.002743422420160607,90603.1875,91413.4921875,90817.17840117998,ensemble
BTC,phase1,lstm,phase1_lstm,2026-01-04,2026-01-05,0.0266514983813646,0.002329276777527373,0.0027943459174794632,91413.4921875,93882.5546875,91626.66768799393,ensemble
BTC,phase1,lstm,phase1_lstm,2026-01-05,2026-01-06,-0.0016366097114998,0.0023280616811461718,0.0027863205709122403,93882.5546875,93729.03125,94101.37367881958,ensemble
BTC,phase1,lstm,phase1_lstm,2026-01-06,2026-01-07,-0.0261689672501516,0.0023512834763095656,0.0027594553181326284,93729.03125,91308.0546875,93949.67406768171,ensemble
BTC,phase1,lstm,phase1_lstm,2026-01-07,2026-01-08,-0.0030814668927555,0.002384041222103355,0.0027338411074329097,91308.0546875,91027.125,91525.99654174186,ensemble
BTC,phase1,lstm,phase1_lstm,2026-01-08,2026-01-09,-0.0056629301495069,0.00242614202143154,0.0027093568110426675,91027.125,90513.1015625,91248.23785018236,ensemble
BTC,phase1,lstm,phase1_lstm,2026-01-09,2026-01-10,-0.0013980466595052,0.0024716724612516604,0.002690625290372519,90513.1015625,90386.6484375,90737.09701066943,ensemble
BTC,phase1,lstm,phase1_lstm,2026-01-10,2026-01-11,0.0048651109011003,0.0024920354451751,0.002700882754332524,90386.6484375,90827.4609375,90612.17606388117,ensemble
BTC,phase1,lstm,phase1_lstm,2026-01-11,2026-01-12,0.0040163809626806,0.0024800953426165,0.002752394418762193,90827.4609375,91192.9921875,91053.00126550549,ensemble
BTC,phase1,lstm,phase1_lstm,2026-01-12,2026-01-13,0.0442802850314782,0.00248559619940346,0.0027646288530733918,91192.9921875,95321.78125,91419.94307958546,ensemble
BTC,phase1,lstm,phase1_lstm,2026-01-13,2026-01-14,0.016723797821879,0.0024974486645077997,0.0027442286908649703,95321.78125,96929.328125,95560.14002579253,ensemble
BTC,phase1,lstm,phase1_lstm,2026-01-14,2026-01-15,-0.0143200382747562,0.00251893332169852,0.002722975446521712,96929.328125,95551.1875,97173.79440733416,ensemble
BTC,phase1,lstm,phase1_lstm,2026-01-15,2026-01-16,-0.0002728785518896,0.0025559764180797797,0.0026973341147681646,95551.1875,95525.1171875,95795.72646675428,ensemble
BTC,phase1,lstm,phase1_lstm,2026-01-16,2026-01-17,-0.0044610720579804,0.0025927635782863395,0.002669832814205901,95525.1171875,95099.921875,95773.11258995133,ensemble
BTC,phase1,lstm,phase1_lstm,2026-01-17,2026-01-18,-0.0155299936581246,0.00261051533743734,0.002681222285383943,95099.921875,93634.4296875,95348.50600481484,ensemble
BTC,phase1,lstm,phase1_lstm,2026-01-18,2026-01-19,-0.0116102857616082,0.00260383691347668,0.002727049493066378,93634.4296875,92553.59375,93878.55616673097,ensemble
BTC,phase1,lstm,phase1_lstm,2026-01-19,2026-01-20,-0.0469242550548211,0.00257899559510404,0.00276496336275979,92553.59375,88310.90625,92792.59712244272,ensemble
BTC,phase1,lstm,phase1_lstm,2026-01-20,2026-01-21,0.0119993277601487,0.0025655063771409603,0.0027574355278626368,88310.90625,89376.9609375,88537.75931522268,ensemble
BTC,phase1,lstm,phase1_lstm,2026-01-21,2026-01-22,0.0009560777691027,0.00256723289785436,0.0027375522481512195,89376.9609375,89462.453125,89606.70719181803,ensemble
BTC,phase1,lstm,phase1_lstm,2026-01-22,2026-01-23,0.0004629013309221,0.00258903749636372,0.002702648676415708,89462.453125,89503.875,89694.3748681521,ensemble
BTC,phase1,lstm,phase1_lstm,2026-01-23,2026-01-24,-0.0044021176235583,0.0026243326719849803,0.0026775099768151607,89503.875,89110.734375,89739.07142527783,ensemble
BTC,phase1,lstm,phase1_lstm,2026-01-24,2026-01-25,-0.0289008383617947,0.00263852031785058,0.0026575754845746895,89110.734375,86572.21875,89346.16531626298,ensemble
BTC,phase1,lstm,phase1_lstm,2026-01-25,2026-01-26,0.0193889405513137,0.00264287890167904,0.0026844135686838254,86572.21875,88267.140625,86801.32125213744,ensemble
BTC,phase1,lstm,phase1_lstm,2026-01-26,2026-01-27,0.009420276564581,0.0026471829740330197,0.0026557481392565905,88267.140625,89102.5703125,88501.10943933041,ensemble
BTC,phase1,lstm,phase1_lstm,2026-01-27,2026-01-28,0.0009198645005418,0.00266561827156688,0.0025814773406451596,89102.5703125,89184.5703125,89340.40059351423,ensemble
BTC,phase1,lstm,phase1_lstm,2026-01-28,2026-01-29,-0.053227949504083,0.0026831640978343197,0.002558469748495916,89184.5703125,84561.5859375,89424.18847330812,ensemble
BTC,phase1,lstm,phase1_lstm,2026-01-29,2026-01-30,-0.00513284742955,0.002700712357182,0.0025431378360054745,84561.5859375,84128.65625,84790.2711250407,ensemble
BTC,phase1,lstm,phase1_lstm,2026-01-30,2026-01-31,-0.0677069192719858,0.0027131205482873602,0.002531241755216049,84128.65625,78621.1171875,84357.21735268018,ensemble
BTC,phase1,lstm,phase1_lstm,2026-01-31,2026-02-01,-0.0211668421472114,0.00270811833324838,0.0025423871134148527,78621.1171875,76974.4453125,78834.32103666087,ensemble
BTC,phase1,lstm,phase1_lstm,2026-02-01,2026-02-02,0.0220269081578216,0.00268842708901498,0.0025644313992108153,76974.4453125,78688.765625,77181.66391768736,ensemble
BTC,phase1,lstm,phase1_lstm,2026-02-02,2026-02-03,-0.0396004693749769,0.00268618050031358,0.00253550556957687,78688.765625,75633.546875,78900.42199915978,ensemble
BTC,phase1,lstm,phase1_lstm,2026-02-03,2026-02-04,-0.0351706159417589,0.0027038189000449402,0.002466640715571273,75633.546875,73019.703125,75838.32300254639,ensemble
BTC,phase1,lstm,phase1_lstm,2026-02-04,2026-02-05,-0.1523344080304475,0.00272226735833096,0.002439709414027072,73019.703125,62702.09765625,73218.75309001782,ensemble
BTC,phase1,lstm,phase1_lstm,2026-02-05,2026-02-06,0.118003181433477,0.0027320253546349203,0.002437768251152093,62702.09765625,70555.390625,62873.63559313605,ensemble
BTC,phase1,lstm,phase1_lstm,2026-02-06,2026-02-07,-0.0182134028127509,0.00272322022356088,0.0024474140480438677,70555.390625,69281.96875,70747.79034613518,ensemble
BTC,phase1,lstm,phase1_lstm,2026-02-07,2026-02-08,0.0140852358847471,0.00271936811041084,0.002454397030221407,69281.96875,70264.7265625,69470.62832760389,ensemble
BTC,phase1,lstm,phase1_lstm,2026-02-08,2026-02-09,-0.0020507154219692,0.00269103249884208,0.002498609713651336,70264.7265625,70120.78125,70454.06587005607,ensemble
BTC,phase1,lstm,phase1_lstm,2026-02-09,2026-02-10,-0.0191032375898973,0.00266532504465426,0.002492889617113695,70120.78125,68793.9609375,70307.92521337405,ensemble
BTC,phase1,lstm,phase1_lstm,2026-02-10,2026-02-11,-0.0265432212123745,0.0026588864275254,0.002456785388911538,68793.9609375,66991.96875,68977.11965774403,ensemble
BTC,phase1,lstm,phase1_lstm,2026-02-11,2026-02-12,-0.011562368274835,0.0026608278509229,0.002440853400449565,66991.96875,66221.84375,67170.46020845002,ensemble
BTC,phase1,lstm,phase1_lstm,2026-02-12,2026-02-13,0.0390337693571557,0.00267411773675116,0.002421827419931436,66221.84375,68857.84375,66399.1657412054,ensemble
BTC,phase1,lstm,phase1_lstm,2026-02-13,2026-02-14,0.0131259330678483,0.00269159589079206,0.0024115971690429655,68857.84375,69767.625,69043.43089003465,ensemble
BTC,phase1,lstm,phase1_lstm,2026-02-14,2026-02-15,-0.0141380400688788,0.00269557635183442,0.002427965480681344,69767.625,68788.1875,69955.9426583585,ensemble
BTC,phase1,lstm,phase1_lstm,2026-02-15,2026-02-16,0.00079878247825,0.00268728370429014,0.0024593900319429193,68788.1875,68843.15625,68973.28947468378,ensemble
BTC,phase1,lstm,phase1_lstm,2026-02-16,2026-02-17,-0.0197888733002862,0.00266723872628058,0.002467750779338903,68843.15625,67494.21875,69027.02248095069,ensemble
BTC,phase1,lstm,phase1_lstm,2026-02-17,2026-02-18,-0.0159636322602148,0.0026726012001745,0.0024285906887705527,67494.21875,66425.3203125,67674.84514367956,ensemble
BTC,phase1,lstm,phase1_lstm,2026-02-18,2026-02-19,0.0079801259947047,0.0026876767748035,0.0023899531760761213,66425.3203125,66957.5234375,66604.09023343143,ensemble
BTC,phase1,lstm,phase1_lstm,2026-02-19,2026-02-20,0.0155289956566322,0.0027027894102502202,0.0023786362612106386,66957.5234375,68005.421875,67138.74030798588,ensemble
BTC,phase1,lstm,phase1_lstm,2026-02-20,2026-02-21,-2.4354972344490844e-05,0.0027253692329395,0.002384964190398602,68005.421875,68003.765625,68191.01454885655,ensemble
BTC,phase1,lstm,phase1_lstm,2026-02-21,2026-02-22,-0.005076923598302,0.00271517580840734,0.0024028615962655487,68003.765625,67659.390625,68188.65869931813,ensemble
BTC,phase1,lstm,phase1_lstm,2026-02-22,2026-02-23,-0.0460126731356427,0.00267266561277204,0.0024512203976558844,67659.390625,64616.73828125,67840.4634174317,ensemble
BTC,phase1,lstm,phase1_lstm,2026-02-23,2026-02-24,-0.0083405104387447,0.00265017142519352,0.002450233036624185,64616.73828125,64080.04296875,64788.21083009663,ensemble
BTC,phase1,lstm,phase1_lstm,2026-02-24,2026-02-25,0.0587881628108732,0.00264046296360896,0.0024130067545823524,64080.04296875,67960.125,64249.46753011887,ensemble
BTC,phase1,lstm,phase1_lstm,2026-02-25,2026-02-26,-0.0074786108124004,0.0026510765310376596,0.0024030888041837004,67960.125,67453.7734375,68140.53152252166,ensemble
BTC,phase1,lstm,phase1_lstm,2026-02-26,2026-02-27,-0.0235803453997585,0.00268239237484518,0.002380121431403548,67453.7734375,65881.796875,67634.9538148184,ensemble
BTC,phase1,lstm,phase1_lstm,2026-02-27,2026-02-28,0.0167686372009838,0.00272154090926046,0.0023542717983923074,65881.796875,66995.859375,66061.34108801083,ensemble
BTC,phase1,lstm,phase1_lstm,2026-02-28,2026-03-01,-0.0189521272552437,0.0027521588024682795,0.002348146867450109,66995.859375,65738.1015625,67180.49657801696,ensemble
BTC,phase1,lstm,phase1_lstm,2026-03-01,2026-03-02,0.0451739987422587,0.00277215219102794,0.0023612713824103515,65738.1015625,68775.8515625,65920.59041134531,ensemble
BTC,phase1,lstm,phase1_lstm,2026-03-02,2026-03-03,-0.0070359214012543,0.00279616275220172,0.0023409112839108772,68775.8515625,68293.6484375,68968.4291505566,ensemble
BTC,phase1,lstm,phase1_lstm,2026-03-03,2026-03-04,0.0626701105436228,0.0028252522402908,0.002299782606283707,68293.6484375,72710.578125,68486.86803927804,ensemble
BTC,phase1,lstm,phase1_lstm,2026-03-04,2026-03-05,-0.026047184090688,0.00284731984720562,0.0023041937426424622,72710.578125,70841.125,72917.90341783818,ensemble
BTC,phase1,lstm,phase1_lstm,2026-03-05,2026-03-06,-0.0389267622298537,0.00286573233315714,0.0022987436740642187,70841.125,68136.4921875,71044.42786909838,ensemble
BTC,phase1,lstm,phase1_lstm,2026-03-06,2026-03-07,-0.0127600028163738,0.00287738571641962,0.002305733761393771,68136.4921875,67272.59375,68332.82949050082,ensemble
BTC,phase1,lstm,phase1_lstm,2026-03-07,2026-03-08,-0.0195561512724631,0.00286702935118222,0.0023184558393534098,67272.59375,65969.78125,67465.74300079208,ensemble
BTC,phase1,lstm,phase1_lstm,2026-03-08,2026-03-09,0.0362108831336739,0.00285185120883392,0.0023540084191398494,65969.78125,68402.3828125,66158.18577354641,ensemble
BTC,phase1,lstm,phase1_lstm,2026-03-09,2026-03-10,0.0220430630536829,0.0028465712210163003,0.0023514845590333878,68402.3828125,69926.921875,68597.37246115791,ensemble
BTC,phase1,lstm,phase1_lstm,2026-03-10,2026-03-11,0.0039671408310243,0.0028685942990704797,0.002303059385900566,69926.921875,70204.8828125,70127.80182823588,ensemble
BTC,phase1,lstm,phase1_lstm,2026-03-11,2026-03-12,0.0041020885103588,0.00287890668842006,0.002287697853506993,70204.8828125,70493.4609375,70407.28733125427,ensemble
BTC,phase1,lstm,phase1_lstm,2026-03-12,2026-03-13,0.0067128612385433,0.00289219525293442,0.002272233711674719,70493.4609375,70968.265625,70697.63690664658,ensemble
BTC,phase1,lstm,phase1_lstm,2026-03-13,2026-03-14,0.0034653905327112,0.0029102758853696,0.0022702332587187847,70968.265625,71214.625,71175.10368900176,ensemble
BTC,phase1,lstm,phase1_lstm,2026-03-14,2026-03-15,0.0218791978790222,0.00292142992257138,0.0022661838700490317,71214.625,72789.9140625,71422.97773216624,ensemble
BTC,phase1,lstm,phase1_lstm,2026-03-15,2026-03-16,0.0280568061089276,0.00293077512178566,0.0022737184518326118,72789.9140625,74861.0859375,73003.55784977622,ensemble
BTC,phase1,lstm,phase1_lstm,2026-03-16,2026-03-17,-0.012617278563279,0.00295235806261184,0.002262357102632122,74861.0859375,73922.4765625,75082.42924972296,ensemble
BTC,phase1,lstm,phase1_lstm,2026-03-17,2026-03-18,-0.0368841742334174,0.00297998386668036,0.002227048808134244,73922.4765625,71245.578125,74143.09290334789,ensemble
BTC,phase1,lstm,phase1_lstm,2026-03-18,2026-03-19,-0.0188841610476273,0.00299700417090202,0.002195848684844598,71245.578125,69912.7890625,71459.42170478673,ensemble
BTC,phase1,lstm,phase1_lstm,2026-03-19,2026-03-20,0.0086844316474486,0.00300596386659884,0.0021955213220812447,69912.7890625,70522.5859375,70123.2605566063,ensemble
BTC,phase1,lstm,phase1_lstm,2026-03-20,2026-03-21,-0.0260161056310177,0.0030139922630041402,0.0021896516579474716,70522.5859375,68711.5234375,70735.46110679016,ensemble
BTC,phase1,lstm,phase1_lstm,2026-03-21,2026-03-22,-0.0126881200860849,0.00300548991654064,0.002198011266082797,68711.5234375,67845.2109375,68918.34587403026,ensemble
BTC,phase1,lstm,phase1_lstm,2026-03-22,2026-03-23,0.044251193034697,0.0029788359708618,0.002227904939171437,67845.2109375,70914.859375,68047.61200241116,ensemble
BTC,phase1,lstm,phase1_lstm,2026-03-23,2026-03-24,-0.0056139915316955,0.002965533779934,0.002213618175140599,70914.859375,70517.859375,71125.47192093484,ensemble
BTC,phase1,lstm,phase1_lstm,2026-03-24,2026-03-25,0.0111689244808132,0.00297271494055162,0.002139097606950331,70517.859375,71309.8828125,70727.80076248448,ensemble
BTC,phase1,lstm,phase1_lstm,2026-03-25,2026-03-26,-0.0359529188074161,0.0029718186822719197,0.0021287860027565868,71309.8828125,68791.625,71522.11806061058,ensemble
BTC,phase1,lstm,phase1_lstm,2026-03-26,2026-03-27,-0.0363134696852071,0.00297584799118336,0.002110978543756512,68791.625,66338.375,68996.64331944565,ensemble
BTC,phase1,lstm,phase1_lstm,2026-03-27,2026-03-28,-0.0002816215791388,0.00298937511397518,0.002098152237753667,66338.375,66319.6953125,66536.98199482844,ensemble
BTC,phase1,lstm,phase1_lstm,2026-03-28,2026-03-29,-0.0055154098337006,0.0029836408910341,0.002101690161687526,66319.6953125,65954.921875,66517.86495382723,ensemble
BTC,phase1,lstm,phase1_lstm,2026-03-29,2026-03-30,0.0111051817312093,0.0029614016762934204,0.0021327385463309687,65954.921875,66691.4453125,66150.53038593094,ensemble
BTC,phase1,lstm,phase1_lstm,2026-03-30,2026-03-31,0.0228562101625793,0.00294932173565024,0.002137926279845014,66691.4453125,68233.3125,66888.4301848355,ensemble
BTC,phase1,lstm,phase1_lstm,2026-03-31,2026-04-01,-0.0022706442540199,0.00295202059205616,0.002124414089305013,68233.3125,68078.5546875,68435.0362433942,ensemble
BTC,phase1,lstm,phase1_lstm,2026-04-01,2026-04-02,-0.0176341492288758,0.00296666228678072,0.002119462346909373,68078.5546875,66888.5703125,68280.82064728069,ensemble
BTC,phase1,lstm,phase1_lstm,2026-04-02,2026-04-03,0.0006356502125007,0.0029785053455270404,0.002120116431696837,66888.5703125,66931.1015625,67088.0952723031,ensemble
BTC,phase1,lstm,phase1_lstm,2026-04-03,2026-04-04,0.0053555444955297,0.00298653549980366,0.0021190915568005952,66931.1015625,67290.515625,67131.29246317473,ensemble
BTC,phase1,lstm,phase1_lstm,2026-04-04,2026-04-05,0.0248248287948484,0.00298344248440112,0.002127693960786055,67290.515625,68981.8984375,67491.57278020927,ensemble
BTC,phase1,lstm,phase1_lstm,2026-04-05,2026-04-06,-0.0017711667933321,0.00294208617415276,0.00217202048149154,68981.8984375,68859.828125,69185.14796937014,ensemble
BTC,phase1,lstm,phase1_lstm,2026-04-06,2026-04-07,0.0437692500886501,0.0029112330754287,0.0021766976697129674,68859.828125,71940.703125,69060.58722067485,ensemble
BTC,phase1,lstm,phase1_lstm,2026-04-07,2026-04-08,-0.0114263865929017,0.00289176325313742,0.0021548354847592934,71940.703125,71123.359375,72149.03969153448,ensemble
BTC,phase1,lstm,phase1_lstm,2026-04-08,2026-04-09,0.0090204739879136,0.0028954184381290798,0.0021558227377439553,71123.359375,71767.828125,71329.58967855103,ensemble
BTC,phase1,lstm,phase1_lstm,2026-04-09,2026-04-10,0.0167360714535282,0.00290910066105422,0.002154154647783088,71767.828125,72979.046875,71976.91193671428,ensemble
BTC,phase1,lstm,phase1_lstm,2026-04-10,2026-04-11,0.0010302658186926,0.00292496616020792,0.0021515660536810064,72979.046875,73054.2734375,73192.82060556709,ensemble
BTC,phase1,lstm,phase1_lstm,2026-04-11,2026-04-12,-0.0320019564160111,0.00292369298404074,0.0021728743357968443,73054.2734375,70753.40625,73268.17424197576,ensemble
BTC,phase1,lstm,phase1_lstm,2026-04-12,2026-04-13,0.0513922577822332,0.0029014327388721802,0.0022136397115204297,70753.40625,74484.640625,70958.99059963904,ensemble
BTC,phase1,lstm,phase1_lstm,2026-04-13,2026-04-14,-0.0040766706589971,0.00288483048207124,0.002230533639062065,74484.640625,74181.609375,74699.82642476259,ensemble
BTC,phase1,lstm,phase1_lstm,2026-04-14,2026-04-15,0.0083695046837294,0.0028930844448040597,0.0022225975217283114,74181.609375,74805.078125,74396.53378249476,ensemble
BTC,phase1,lstm,phase1_lstm,2026-04-15,2026-04-16,0.0046287244870706,0.00290693780407306,0.002221219164766019,74805.078125,75152.1328125,75022.84820322307,ensemble
BTC,phase1,lstm,phase1_lstm,2026-04-16,2026-04-17,0.025937296578403,0.0029202951234765,0.0022227510351069527,75152.1328125,77126.875,75371.91998497755,ensemble
BTC,phase1,lstm,phase1_lstm,2026-04-17,2026-04-18,-0.0183274450765037,0.0029324533999897,0.002238294046068435,77126.875,75726.2109375,77353.37790912378,ensemble
BTC,phase1,lstm,phase1_lstm,2026-04-18,2026-04-19,-0.0250023364949234,0.00293029666645446,0.0022479130463078875,75726.2109375,73856.3515625,75948.43663557022,ensemble
BTC,phase1,lstm,phase1_lstm,2026-04-19,2026-04-20,0.026932597272259,0.00290539216366592,0.0022936073314123616,73856.3515625,75872.5234375,74071.24525162163,ensemble
BTC,phase1,lstm,phase1_lstm,2026-04-20,2026-04-21,0.0063097475019448,0.00289072078885508,0.002285104239850853,75872.5234375,76352.7734375,76092.16702950244,ensemble
BTC,phase1,lstm,phase1_lstm,2026-04-21,2026-04-22,0.0239449523733436,0.0028921513468958,0.002244759877905481,76352.7734375,78203.1015625,76573.91684999877,ensemble
BTC,phase1,lstm,phase1_lstm,2026-04-22,2026-04-23,0.0008417038623198,0.00290319113410074,0.002234980042814801,78203.1015625,78268.953125,78430.47000093451,ensemble
BTC,phase1,lstm,phase1_lstm,2026-04-23,2026-04-24,-0.0104498554007011,0.0029135291173588004,0.002228826747379729,78268.953125,77455.3125,78497.3245207233,ensemble
BTC,phase1,lstm,phase1_lstm,2026-04-24,2026-04-25,0.002021098580043,0.0029315482359379198,0.002228755554145411,77455.3125,77612.015625,77682.7096347042,ensemble
BTC,phase1,lstm,phase1_lstm,2026-04-25,2026-04-26,0.0133812250281389,0.00292781341704536,0.002242686354448823,77612.015625,78657.5390625,77839.58209919899,ensemble
BTC,phase1,lstm,phase1_lstm,2026-04-26,2026-04-27,-0.0165479947079337,0.00290459716925394,0.002284834226403685,78657.5390625,77366.625,78886.33965371635,ensemble
BTC,phase1,lstm,phase1_lstm,2026-04-27,2026-04-28,-0.0132186544907372,0.00289734070538538,0.002285013210959783,77366.625,76350.671875,77591.10751597998,ensemble
BTC,phase1,lstm,phase1_lstm,2026-04-28,2026-04-29,-0.0075534590417408,0.00289842660422432,0.0022545028623211943,76350.671875,75776.1328125,76572.28970997868,ensemble
BTC,phase1,lstm,phase1_lstm,2026-04-29,2026-04-30,0.0069461868751349,0.00290980752324678,0.0022451880582243194,75776.1328125,76304.3203125,75996.9478827136,ensemble
BTC,phase1,lstm,phase1_lstm,2026-04-30,2026-05-01,0.0242715098940353,0.0029312635422683803,0.0022373657318975272,76304.3203125,78179.0,76528.31652032142,ensemble
BTC,phase1,lstm,phase1_lstm,2026-05-01,2026-05-02,0.0060987365147835,0.00295284718740726,0.002234213390416707,78179.0,78657.25,78410.19180932027,ensemble
BTC,phase1,lstm,phase1_lstm,2026-05-02,2026-05-03,-0.0015143369624661,0.00295262831496068,0.0022451585186099633,78657.25,78538.2265625,78889.83882873163,ensemble
BTC,phase1,lstm,phase1_lstm,2026-05-03,2026-05-04,0.0162876768649081,0.0029296995082404203,0.002283969486541709,78538.2265625,79827.90625,78768.6573478993,ensemble
BTC,phase1,lstm,phase1_lstm,2026-05-04,2026-05-05,0.0136750438065225,0.0029189903812948,0.0022888311780592803,79827.90625,80927.0546875,80061.26355867888,ensemble
BTC,phase1,lstm,phase1_lstm,2026-05-05,2026-05-06,0.0061652480572739,0.00292432467686006,0.0022340367071560655,80927.0546875,81427.53125,81164.058039025,ensemble
BTC,phase1,lstm,phase1_lstm,2026-05-06,2026-05-07,-0.0175619083509024,0.00293690062826494,0.002213719539966871,81427.53125,80009.9921875,81667.02733363996,ensemble
BTC,phase1,lstm,phase1_lstm,2026-05-07,2026-05-08,0.0022069548930199,0.0029558410868048,0.0021988822299559415,80009.9921875,80186.765625,80246.8388779081,ensemble
BTC,phase1,lstm,phase1_lstm,2026-05-08,2026-05-09,0.0059384470311886,0.0029781132587231003,0.0021904191129742353,80186.765625,80664.3671875,80425.92684271546,ensemble
BTC,phase1,lstm,phase1_lstm,2026-05-09,2026-05-10,0.018115146956791,0.00298362888861444,0.002197904306487197,80664.3671875,82138.9296875,80905.3991198343,ensemble
BTC,phase1,lstm,phase1_lstm,2026-05-10,2026-05-11,-0.0050117852194884,0.0029588488861918,0.002244261339356057,82138.9296875,81728.296875,82382.3262774096,ensemble
BTC,phase1,lstm,phase1_lstm,2026-05-11,2026-05-12,-0.0154227477056674,0.00295372881228098,0.002223642914003447,81728.296875,80477.4921875,81970.05697136957,ensemble
BTC,phase1,lstm,phase1_lstm,2026-05-12,2026-05-13,-0.0150280182312355,0.00295117112109434,0.0021866360449063122,80477.4921875,79277.1171875,80715.34583912531,ensemble
BTC,phase1,lstm,phase1_lstm,2026-05-13,2026-05-14,0.0221321436988218,0.0029582106275483403,0.002176211493806591,79277.1171875,81051.25,79511.98281781134,ensemble
BTC,phase1,lstm,phase1_lstm,2026-05-14,2026-05-15,-0.0248027751369673,0.0029676438774913203,0.0021744860236498306,81051.25,79065.6796875,81292.1385046833,ensemble
BTC,phase1,lstm,phase1_lstm,2026-05-15,2026-05-16,-0.0118863908425741,0.00298141441307956,0.0021621696273993593,79065.6796875,78131.4375,79301.75899475247,ensemble
BTC,phase1,lstm,phase1_lstm,2026-05-16,2026-05-17,-0.0090265767978541,0.00298149466980244,0.002171365202521787,78131.4375,77429.3515625,78364.73357713541,ensemble
BTC,phase1,lstm,phase1_lstm,2026-05-17,2026-05-18,-0.0061558536491211,0.00296468677697696,0.0021903039700715606,77429.3515625,76954.171875,77659.24595126898,ensemble
BTC,phase1,lstm,phase1_lstm,2026-05-18,2026-05-19,-0.0026448799997123,0.0029631687793880202,0.002186423876006046,76954.171875,76750.90625,77182.53825150715,ensemble
BTC,phase1,lstm,phase1_lstm,2026-05-19,2026-05-20,0.0091677347836148,0.00296659795567388,0.0021337311004470437,76750.90625,77457.7734375,76978.93339677785,ensemble
BTC,phase1,lstm,phase1_lstm,2026-05-20,2026-05-21,0.0010503232153248,0.0029743725783191203,0.0021290236781797284,77457.7734375,77539.171875,77688.50468503345,ensemble
BTC,phase1,lstm,phase1_lstm,2026-05-21,2026-05-22,-0.0268063407026221,0.0029822147567756,0.0021289261101494227,77539.171875,75488.2421875,77770.75548198448,ensemble
BTC,phase1,lstm,phase1_lstm,2026-05-22,2026-05-23,0.0155775030224184,0.0029876784421503,0.002132828739876917,75488.2421875,76673.3671875,75714.1140295208,ensemble
BTC,phase1,lstm,phase1_lstm,2026-05-23,2026-05-24,0.004005847400396,0.0029602374066597997,0.0021690299316861677,76673.3671875,76981.125,76900.67483344968,ensemble
BTC,phase1,lstm,phase1_lstm,2026-05-24,2026-05-25,0.0038740181286936,0.00288295459467912,0.0022274868770286575,76981.125,77279.9296875,77203.37830718205,ensemble
BTC,phase1,lstm,phase1_lstm,2026-05-25,2026-05-26,-0.0189965414050318,0.00280419730697754,0.002265352692716123,77279.9296875,75825.734375,77496.9419886616,ensemble
BTC,phase1,lstm,phase1_lstm,2026-05-26,2026-05-27,-0.0197253107241087,0.00276224871631704,0.002245940366026257,75825.734375,74344.703125,76035.47345483376,ensemble
BTC,phase1,lstm,phase1_lstm,2026-05-27,2026-05-28,-0.0109298026618873,0.0027409055270254,0.0022463919694019215,74344.703125,73536.5546875,74548.75444765373,ensemble
BTC,phase1,lstm,phase1_lstm,2026-05-28,2026-05-29,-0.0022330998228095,0.00273786628968078,0.0022486921643405833,73536.5546875,73372.5234375,73738.16380510457,ensemble
BTC,phase1,lstm,phase1_lstm,2026-05-29,2026-05-30,0.0051970396549028,0.00274860044009978,0.0022470609667165956,73372.5234375,73754.8359375,73574.47259934859,ensemble
BTC,phase1,lstm,phase1_lstm,2026-05-30,2026-05-31,-0.0023775625144765,0.00275461471173908,0.0022588105756541103,73754.8359375,73579.6875,73958.28217298785,ensemble
BTC,phase1,lstm,phase1_lstm,2026-05-31,2026-06-01,-0.0311953863032946,0.00270961686037476,0.002326787388431222,73579.6875,71319.7734375,73779.33061786153,ensemble
BTC,phase1,lstm,phase1_lstm,2026-06-01,2026-06-02,-0.0669138485252581,0.00269585592905056,0.002324050439904544,71319.7734375,66703.65625,71512.30066781618,ensemble
BTC,phase1,lstm,phase1_lstm,2026-06-02,2026-06-03,-0.0411522222901916,0.0026934952882583995,0.0022910168321688073,66703.65625,64014.3671875,66883.56441594941,ensemble
BTC,phase1,lstm,phase1_lstm,2026-06-03,2026-06-04,-0.0033296811494371,0.0027028458425774602,0.002283817947162282,64014.3671875,63801.57421875,64187.62218902386,ensemble
BTC,phase1,lstm,phase1_lstm,2026-06-04,2026-06-05,-0.0461725426252123,0.00272347658174108,0.002285913663558379,63801.57421875,60922.66796875,63975.57314546353,ensemble
BTC,phase1,lstm,phase1_lstm,2026-06-05,2026-06-06,-0.0009073630482773,0.00274569888133552,0.002284119419566497,60922.66796875,60867.4140625,61090.173124165514,ensemble
BTC,phase1,lstm,phase1_lstm,2026-06-06,2026-06-07,0.0382314561194156,0.00274656708352264,0.0023039408150815617,60867.4140625,63239.51953125,61034.820289401854,ensemble
BTC,phase1,lstm,phase1_lstm,2026-06-07,2026-06-08,-0.0023577871851843,0.00271486365236338,0.002356607037259579,63239.51953125,63090.58984375,63411.43946821788,ensemble
BTC,phase1,lstm,phase1_lstm,2026-06-08,2026-06-09,-0.0231992749169722,0.00271367493551218,0.0023627026460576674,63090.58984375,61643.78125,63262.02970689808,ensemble
BTC,phase1,lstm,phase1_lstm,2026-06-09,2026-06-10,-0.0031600860854061,0.00272627219092096,0.0023293030646716136,61643.78125,61449.2890625,61812.06827044345,ensemble
BTC,phase1,lstm,phase1_lstm,2026-06-10,2026-06-11,0.0337886685240648,0.0027290058089419604,0.0023304096439687623,61449.2890625,63561.0546875,61617.21355855176,ensemble
BTC,phase1,lstm,phase1_lstm,2026-06-11,2026-06-12,-0.0002809578486747,0.00274073288310316,0.0023423077995341447,63561.0546875,63543.19921875,63735.49750154947,ensemble
BTC,phase1,lstm,phase1_lstm,2026-06-12,2026-06-13,0.0137247224557035,0.00276368102058764,0.0023436488594593225,63543.19921875,64421.32421875,63719.05524546862,ensemble
BTC,phase1,lstm,phase1_lstm,2026-06-13,2026-06-14,0.0198124847553173,0.0027602311689406203,0.0023727013687698095,64421.32421875,65710.3984375,64599.38760079805,ensemble
BTC,phase1,lstm,phase1_lstm,2026-06-14,2026-06-15,0.0087743291428838,0.0027134271105751203,0.0024414291437900863,65710.3984375,66289.5,65888.94093554828,ensemble
BTC,phase1,lstm,phase1_lstm,2026-06-15,2026-06-16,-0.0104460520817153,0.0026947329344692997,0.002462488389663213,66289.5,65600.640625,66468.37339863667,ensemble
BTC,phase1,lstm,phase1_lstm,2026-06-16,2026-06-17,-0.0181854515308644,0.0026945113553665002,0.0024401184739182786,65600.640625,64418.4453125,65777.64065328565,ensemble
BTC,phase1,lstm,phase1_lstm,2026-06-17,2026-06-18,-0.0239099264595433,0.0027221984462812,0.0024130928012974177,64418.4453125,62896.47265625,64594.04400304531,ensemble
BTC,phase1,lstm,phase1_lstm,2026-06-18,2026-06-19,0.0101927013006599,0.0027778834686614,0.002387905179585299,62896.47265625,63540.8359375,63071.43462735268,ensemble
BTC,phase1,lstm,phase1_lstm,2026-06-19,2026-06-20,0.0109382377964082,0.0028144462499767,0.002382698978184639,63540.8359375,64239.67578125,63719.920098084716,ensemble
BTC,phase1,lstm,phase1_lstm,2026-06-20,2026-06-21,-0.0157229253051467,0.0027980562183074,0.002428529646878792,64239.67578125,63237.5390625,64419.67371025864,ensemble
BTC,phase1,lstm,phase1_lstm,2026-06-21,2026-06-22,0.0112363538248423,0.0027331259974744003,0.002502293502655101,63237.5390625,63952.10546875,63410.61163135938,ensemble
BTC,phase1,lstm,phase1_lstm,2026-06-22,2026-06-23,-0.0202831889602721,0.00270243656123054,0.002507192525096195,63952.10546875,62668.01953125,64125.165713578965,ensemble
BTC,phase1,lstm,phase1_lstm,2026-06-23,2026-06-24,-0.0270571911625371,0.0026984614960383,0.002448407542829044,62668.01953125,60995.1328125,62837.35513904265,ensemble
BTC,phase1,lstm,phase1_lstm,2026-06-24,2026-06-25,-0.0210990381164694,0.00270555391907686,0.0024071421349580943,60995.1328125,59721.67578125,61160.381877450905,ensemble
BTC,phase1,lstm,phase1_lstm,2026-06-25,2026-06-26,0.004923319948585,0.0027339230757206,0.002377180042534686,59721.67578125,60016.4296875,59885.173642240086,ensemble
BTC,phase1,lstm,phase1_lstm,2026-06-26,2026-06-27,-0.0012726617424323,0.00278155158739534,0.002350286580236237,60016.4296875,59940.09765625,60183.600872620715,ensemble
BTC,phase1,lstm,phase1_lstm,2026-06-27,2026-06-28,-0.0068259994404737,0.0028301103971897995,0.00232363066084865,59940.09765625,59532.33984375,60109.97502229907,ensemble
BTC,phase1,lstm,phase1_lstm,2026-06-28,2026-06-29,0.0101285301835763,0.00286326914792874,0.002328063041472044,59532.33984375,60138.37890625,59703.04122110037,ensemble
BTC,phase1,lstm,phase1_lstm,2026-06-29,2026-06-30,-0.0266158302862621,0.00290728879626836,0.002316226262964434,60138.37890625,58558.859375,60313.47294260564,ensemble
BTC,phase1,lstm,phase1_lstm,2026-06-30,2026-07-01,0.0243747988918137,0.00293348884442818,0.002261737832071438,58558.859375,60003.7578125,58730.89334221305,ensemble
BTC,phase1,lstm,phase1_lstm,2026-07-01,2026-07-02,0.0243909440883905,0.0029451263835652995,0.0022650156624001746,60003.7578125,61485.30078125,60180.736947784,ensemble
BTC,phase1,lstm,phase1_lstm,2026-07-02,2026-07-03,0.0170753597454698,0.00295578262303018,0.0022663514299951786,61485.30078125,62544.19921875,61667.30681750038,ensemble
BTC,phase1,lstm,phase1_lstm,2026-07-03,2026-07-04,0.0086619123839713,0.00295917858602476,0.002277894209874357,62544.19921875,63088.3046875,62729.55278565351,ensemble
BTC,phase1,lstm,phase1_lstm,2026-07-04,2026-07-05,0.0072582750905089,0.00295188609743486,0.0022936170545257155,63088.3046875,63547.8828125,63274.80931179385,ensemble
BTC,phase1,lstm,phase1_lstm,2026-07-05,2026-07-06,0.0070115176898403,0.0029286737320944204,0.002328834573665308,63547.8828125,63995.015625,63734.26662308843,ensemble
BTC,phase1,lstm,phase1_lstm,2026-07-06,2026-07-07,-0.0109610318081771,0.00292122452519828,0.002323108077848954,63995.015625,63297.39453125,64182.232752631,ensemble
BTC,phase1,lstm,phase1_lstm,2026-07-07,2026-07-08,-0.0165639655193486,0.0029193853726610197,0.0022831642151310487,63297.39453125,62257.57421875,63482.45401751516,ensemble
BTC,phase1,lstm,phase1_lstm,2026-07-08,2026-07-09,0.0149156823369863,0.00292028338881204,0.0022767681502682,62257.57421875,63193.1484375,62439.64970518223,ensemble
BTC,phase1,lstm,phase1_lstm,2026-07-09,2026-07-10,0.0146718005231559,0.00292561594396824,0.0022733431052913843,63193.1484375,64127.140625,63378.29802635143,ensemble
BTC,phase1,lstm,phase1_lstm,2026-07-10,2026-07-11,-0.0050827186063555,0.00292911926517256,0.002279803506377051,64127.140625,63802.02734375,64315.25203390547,ensemble
BTC,phase1,lstm,phase1_lstm,2026-07-11,2026-07-12,-0.0006868690961942,0.00290493615902956,0.0023088078079833356,63802.02734375,63758.21875,63987.63762248028,ensemble
BTC,phase1,lstm,phase1_lstm,2026-07-12,2026-07-13,-0.0241143387714378,0.00285258099902416,0.002363475793391069,63758.21875,62239.12109375,63940.35388744794,ensemble
BTC,phase1,lstm,phase1_lstm,2026-07-13,2026-07-14,0.0427281030442609,0.00283124970155762,0.0023445141216146053,62239.12109375,64956.11328125,62415.58527597583,ensemble
BTC,phase1,lstm,phase1_lstm,2026-07-14,2026-07-15,-0.0037594109647903,0.00283250525826582,0.0022637563861483234,64956.11328125,64712.375,65140.36263411871,ensemble
BTC,phase1,lstm,phase1_lstm,2026-07-15,2026-07-16,-0.0143672798551762,0.00284862462431188,0.0022366108737764505,64712.375,63789.28125,64896.97907394481,ensemble
BTC,phase1,lstm,phase1_lstm,2026-07-16,2026-07-17,0.0017257545646935,0.0028690453735179602,0.002230772150723562,63789.28125,63899.4609375,63972.55838173453,ensemble
BTC,phase1,lstm,phase1_lstm,2026-07-17,2026-07-18,0.0139422316447508,0.0028827232890762,0.002232325247584302,63899.4609375,64796.6015625,64083.93116226343,ensemble
BTC,phase1,lstm,phase1_lstm,2026-07-18,2026-07-19,-0.0016340878484766,0.00288310984615232,0.002254707228292947,64796.6015625,64690.8046875,64983.6868465816,ensemble
BTC,phase1,lstm,phase1_lstm,2026-07-19,2026-07-20,0.0083008358863908,0.00288237398490304,0.002276902587946367,64690.8046875,65230.02734375,64877.53676655504,ensemble
BTC,phase1,lstm,phase1_lstm,2026-07-20,2026-07-21,0.0193591073637143,0.0028991225175559,0.002236748302897437,65230.02734375,66505.125,65419.41157624304,ensemble
BTC,phase1,lstm,phase1_lstm,2026-07-21,2026-07-22,-0.0060982099788692,0.00291507866932076,0.002157347607643341,66505.125,66100.796875,66699.27551581587,ensemble
BTC,phase1,lstm,phase1_lstm,2026-07-22,2026-07-23,-0.016104346952909,0.0029317322885617,0.0021431753882387387,66100.796875,65044.8125,66294.87106327368,ensemble
BTC,phase1,lstm,phase1_lstm,2026-07-23,2026-07-24,-0.0146555536542276,0.00294811808271328,0.002130048287006418,65044.8125,64098.49609375,65236.85523114879,ensemble
BTC,phase1,lstm,phase1_lstm,2026-07-24,2026-07-25,0.003322421771433,0.0029750684741884003,0.0021145201313498016,64098.49609375,64311.8125,64289.47745917595,ensemble
BTC,phase1,lstm,phase1_lstm,2026-07-25,2026-07-26,0.0158656859403964,0.0030025498359463804,0.002109949534884771,64311.8125,65340.30078125,64505.20210774996,ensemble
BTC,phase1,lstm,phase1_lstm,2026-07-26,2026-07-27,-0.0250336529885953,0.00302447745343666,0.0021154855210398383,65340.30078125,63724.8984375,65538.2201982992,ensemble
BTC,phase1,lstm,phase1_lstm,2026-07-27,2026-07-28,0.0022957554728576,0.0030527185532264003,0.0021097087319611094,63724.8984375,63871.36328125,63919.72984869019,ensemble
BTC,phase1,lstm,phase1_lstm,2026-07-28,2026-07-29,0.0005760654802496,0.0030765983043238203,0.002098594529040207,63871.36328125,63908.16796875,64068.172405283905,ensemble
BTC,phase1,lstm,phase1_lstm,2026-07-29,2026-07-30,0.0127051159419568,0.00309264210518446,0.002095006069488904,63908.16796875,64725.30859375,64106.11899794506,ensemble
BTC,phase1,lstm,phase1_lstm,2026-07-30,2026-07-31,-0.0299783570286374,0.00311177627881984,0.0020936454503353557,64725.30859375,62813.74609375,64927.03297146074,ensemble
BTC,phase1,lstm,phase1_lstm,2026-07-31,2026-08-01,-0.0008031049841085,0.00312276053009548,0.0021000767752209428,62813.74609375,62763.3203125,63010.20496815885,ensemble
BTC,phase1,lstm,phase1_lstm,2026-08-01,2026-08-02,0.0113855697670751,0.00311554819345468,0.0021077826411423075,62763.3203125,63482.0,62959.167388799135,ensemble
BTC,phase1,lstm,phase1_lstm,2026-08-02,2026-08-03,-0.0003324575530272,0.00307986786356194,0.002138825446787522,63482.0,63460.8984375,63677.817563037395,ensemble
BTC,phase1,lstm,phase1_lstm,2026-08-03,2026-08-04,0.0093330253934836,0.00305711552500722,0.0021444565401612377,63460.8984375,64055.953125,63655.20258913365,ensemble
BTC,phase1,lstm,phase1_lstm,2026-08-04,2026-08-05,0.0084187413608024,0.0030407984741031404,0.002120562003377519,64055.953125,64597.5,64251.030815176295,ensemble
BTC,phase1,lstm,phase1_lstm,2026-08-05,2026-08-06,-0.0052054707838791,0.00303150627296412,0.002118405174357083,64597.5,64262.11328125,64793.624853129644,ensemble
BTC,phase1,lstm,phase1_lstm,2026-08-06,2026-08-07,0.0095721203953674,0.00303321189712728,0.00211079103676521,64262.11328125,64880.19140625,64457.32980465782,ensemble
BTC,phase1,lstm,phase1_lstm,2026-08-07,2026-08-08,0.0003774876433575,0.0030392569606192002,0.002105939676425408,64880.19140625,64904.6875,65077.67893524395,ensemble
BTC,phase1,lstm,phase1_lstm,2026-08-08,2026-08-09,-0.0009217877722439,0.0030427838326431396,0.0021003430140444294,64904.6875,64844.88671875,65102.479199876,ensemble
BTC,phase1,lstm,phase1_lstm,2026-08-09,2026-08-10,-0.0145130480455691,0.0030249216011724997,0.0021251902466354854,64844.88671875,63910.5859375,65041.33438691481,ensemble
BTC,phase1,lstm,phase1_lstm,2026-08-10,2026-08-11,-0.0056285102588139,0.00301937018521126,0.0020948473019194057,63910.5859375,63551.875,64103.84727213116,ensemble
BTC,phase1,lstm,phase1_lstm,2026-08-11,2026-08-12,-0.0023542560615523,0.0030211999081074603,0.0020354644762076075,63551.875,63402.43359375,63744.16825082049,ensemble
BTC,phase1,lstm,phase1_lstm,2026-08-12,2026-08-13,-4.127906065128786e-06,0.00302228705259034,0.002028008001256564,63402.43359375,63402.171875,63594.34380569839,ensemble
BTC,phase1,lstm,phase1_lstm,2026-08-13,2026-08-14,-0.0067508670210942,0.0030282315332442002,0.00202497507577805,63402.171875,62975.59375,63594.45932967226,ensemble
BTC,phase1,lstm,phase1_lstm,2026-08-14,2026-08-15,0.0007734380660748,0.0030372762936166997,0.0020214581846611924,62975.59375,63024.3203125,63167.15879869749,ensemble
BTC,phase1,lstm,phase1_lstm,2026-08-15,2026-08-16,-0.0032686473868631,0.0030284342472441,0.0020286916175971444,63024.3203125,62818.65234375,63215.47462558152,ensemble
BTC,phase1,lstm,phase1_lstm,2026-08-16,2026-08-17,0.0265101376702319,0.0029992354568093398,0.002054943809182647,62818.65234375,64506.25390625,63007.34309575933,ensemble
BTC,phase1,lstm,phase1_lstm,2026-08-17,2026-08-18,0.0027008473728006,0.00298424032516772,0.0020518248189732415,64506.25390625,64680.7109375,64699.04359268372,ensemble
BTC,phase1,lstm,phase1_lstm,2026-08-18,2026-08-19,0.0684938460027011,0.0029839023365638402,0.0020253619749694314,64680.7109375,69266.1875,64874.00009656844,ensemble
BTC,phase1,lstm,phase1_lstm,2026-08-19,2026-08-20,0.052951205389763,0.00297684791730712,0.002029902719941312,69266.1875,73032.7578125,69472.68961620113,ensemble
BTC,phase1,lstm,phase1_lstm,2026-08-20,2026-08-21,0.0700888177551632,0.00297155791195102,0.002030397271773591,73032.7578125,78335.1875,73250.10164677286,ensemble
BTC,phase1,lstm,phase1_lstm,2026-08-21,2026-08-22,-0.0161087603875064,0.0029683925735298202,0.0020474632851727346,78335.1875,77083.4140625,78568.06255011035,ensemble
BTC,phase1,lstm,phase1_lstm,2026-08-22,2026-08-23,0.0086781388253158,0.00295194760547012,0.002069481753683093,77083.4140625,77755.265625,77311.29644500949,ensemble
BTC,phase1,lstm,phase1_lstm,2026-08-23,2026-08-24,0.0154319126625293,0.0029048845462966,0.0021216520558464853,77755.265625,78964.484375,77981.46407563721,ensemble
BTC,phase1,lstm,phase1_lstm,2026-08-24,2026-08-25,-0.0050721771868308,0.00287655674619596,0.0021453838045344415,78964.484375,78564.9765625,79191.95720764098,ensemble
BTC,phase1,lstm,phase1_lstm,2026-08-25,2026-08-26,0.0058688952570538,0.00286586058209648,0.0021609304836156004,78564.9765625,79027.421875,78790.45577363078,ensemble
BTC,phase1,lstm,phase1_lstm,2026-08-26,2026-08-27,0.0154457977224057,0.0028281567501835,0.002198327834025837,79027.421875,80257.5390625,79251.24015903714,ensemble
BTC,phase1,lstm,phase1_lstm,2026-08-27,2026-08-28,-0.0307100273130926,0.00274279326840766,0.0022719337726944434,80257.5390625,77830.2890625,80477.97106189071,ensemble
BTC,phase1,lstm,phase1_lstm,2026-08-28,2026-08-29,0.0053246386227652,0.0026356036039941926,0.002357226579714665,77830.2890625,78245.8125,78035.68941090278,ensemble
BTC,phase1,lstm,phase1_lstm,2026-08-29,2026-08-30,-0.007417513856522,0.00247684379282872,0.002456690043605204,78245.8125,77667.5703125,78439.85536273508,ensemble
BTC,phase1,lstm,phase1_lstm,2026-08-30,2026-08-31,0.0112801594802717,0.00229812889010642,0.0025844371073049377,77667.5703125,78548.6328125,77846.2656534756,ensemble
BTC,phase1,xgb,phase1_xgb,2025-10-31,2025-11-01,0.004624825172493,-0.00651471111923452,0.0012536488175932412,109556.1640625,110064.015625,108844.7571237425,ensemble
BTC,phase1,xgb,phase1_xgb,2025-11-01,2025-11-02,0.0052161412333197,-0.0026202254230156,0.0010905742922881867,110064.015625,110639.625,109776.00059004112,ensemble
BTC,phase1,xgb,phase1_xgb,2025-11-02,2025-11-03,-0.0376871829010099,-0.01707961279898878,0.0030451699729566804,110639.625,106547.5234375,108765.98907959992,ensemble
BTC,phase1,xgb,phase1_xgb,2025-11-03,2025-11-04,-0.0476408575376077,-0.01001423615962264,0.0012467797354136169,106547.5234375,101590.5234375,105485.85614150713,ensemble
BTC,phase1,xgb,phase1_xgb,2025-11-04,2025-11-05,0.0224000613217487,0.00560415340587492,0.0021092238752669053,101590.5234375,103891.8359375,102161.45060289989,ensemble
BTC,phase1,xgb,phase1_xgb,2025-11-05,2025-11-06,-0.0252511824918507,0.00437677619047458,0.002978103211087563,103891.8359375,101301.2890625,104347.5437895865,ensemble
BTC,phase1,xgb,phase1_xgb,2025-11-06,2025-11-07,0.020238925968734,0.01253962563350792,0.003953317722902664,101301.2890625,103372.40625,102579.56711777477,ensemble
BTC,phase1,xgb,phase1_xgb,2025-11-07,2025-11-08,-0.0106032122142002,-0.01146727679297324,0.0029824456074228124,103372.40625,102282.1171875,102193.77700430425,ensemble
BTC,phase1,xgb,phase1_xgb,2025-11-08,2025-11-09,0.02355183969968,0.0033812226844019398,0.0020958686350446734,102282.1171875,104719.640625,102628.54114056155,ensemble
BTC,phase1,xgb,phase1_xgb,2025-11-09,2025-11-10,0.0121202693364623,-0.007546673703473021,0.004703252806662627,104719.640625,105996.59375,103932.33019092324,ensemble
BTC,phase1,xgb,phase1_xgb,2025-11-10,2025-11-11,-0.0287025464768418,-0.00199231520527974,0.0031943418726895515,105996.59375,102997.46875,105785.62535212089,ensemble
BTC,phase1,xgb,phase1_xgb,2025-11-11,2025-11-12,-0.0130391466426769,-0.00169269915204492,0.0025398589606850496,102997.46875,101663.1875,102823.27249450378,ensemble
BTC,phase1,xgb,phase1_xgb,2025-11-12,2025-11-13,-0.0195247429765854,-0.00856932522729032,0.002967085657766128,101663.1875,99697.4921875,100795.7246765819,ensemble
BTC,phase1,xgb,phase1_xgb,2025-11-13,2025-11-14,-0.0546228711365914,0.0003438058367464801,0.0022895835065118992,99697.4921875,94397.7890625,99731.77466014246,ensemble
BTC,phase1,xgb,phase1_xgb,2025-11-14,2025-11-15,0.0121231064987472,-0.00244682822376488,0.003133250993781515,94397.7890625,95549.1484375,94167.09623591631,ensemble
BTC,phase1,xgb,phase1_xgb,2025-11-15,2025-11-16,-0.0144639384619225,-0.01008067429065696,0.004692162122466936,95549.1484375,94177.078125,94590.78717294076,ensemble
BTC,phase1,xgb,phase1_xgb,2025-11-16,2025-11-17,-0.0223683827163435,-0.00448826055799144,0.00534361625719865,94177.078125,92093.875,93755.33401649309,ensemble
BTC,phase1,xgb,phase1_xgb,2025-11-17,2025-11-18,0.0092411735633055,0.01195221953094,0.002927299793060364,92093.875,92948.875,93201.20555808832,ensemble
BTC,phase1,xgb,phase1_xgb,2025-11-18,2025-11-19,-0.0160823776998089,0.01572704855352634,0.002596762260122695,92948.875,91465.9921875,94422.24195853734,ensemble
BTC,phase1,xgb,phase1_xgb,2025-11-19,2025-11-20,-0.0542991431316111,0.00038263553506112386,0.0021239068482687804,91465.9921875,86631.8984375,91500.99702298045,ensemble
BTC,phase1,xgb,phase1_xgb,2025-11-20,2025-11-21,-0.0179504904722895,0.00352983081247654,0.0035544624080629983,86631.8984375,85090.6875,86938.23472150357,ensemble
BTC,phase1,xgb,phase1_xgb,2025-11-21,2025-11-22,-0.0052118723936807,0.0019669894667458296,0.0012229062732777459,85090.6875,84648.359375,85258.22470397096,ensemble
BTC,phase1,xgb,phase1_xgb,2025-11-22,2025-11-23,0.0251585865790003,0.00811544004827734,0.0024078240839328713,84648.359375,86805.0078125,85338.11310258969,ensemble
BTC,phase1,xgb,phase1_xgb,2025-11-23,2025-11-24,0.0167423578108394,0.00906433833297338,0.005231863027222246,86805.0078125,88270.5625,87595.4146178698,ensemble
BTC,phase1,xgb,phase1_xgb,2025-11-24,2025-11-25,-0.0105764769567544,-0.0012851051869802205,0.0050638198961505355,88270.5625,87341.890625,88157.19840027156,ensemble
BTC,phase1,xgb,phase1_xgb,2025-11-25,2025-11-26,0.0357225879133364,0.00141175124444998,0.0024420798907266385,87341.890625,90518.3671875,87465.28272676526,ensemble
BTC,phase1,xgb,phase1_xgb,2025-11-26,2025-11-27,0.0084378061084954,-0.016856924816966,0.004625394347756142,90518.3671875,91285.375,89005.29458171938,ensemble
BTC,phase1,xgb,phase1_xgb,2025-11-27,2025-11-28,-0.0040186667744196,0.00026111032348124,0.0039277695295835205,91285.375,90919.265625,91309.2136659208,ensemble
BTC,phase1,xgb,phase1_xgb,2025-11-28,2025-11-29,-0.0007427786269465,-0.0066990678897127206,0.0036141258569550995,90919.265625,90851.7578125,90312.22685924439,ensemble
BTC,phase1,xgb,phase1_xgb,2025-11-29,2025-11-30,-0.0050477925731327,-0.0039040663512423203,0.004246738067181998,90851.7578125,90394.3125,90497.75799089974,ensemble
BTC,phase1,xgb,phase1_xgb,2025-11-30,2025-12-01,-0.046101838054076,-0.01020922055467958,0.002240098640997358,90394.3125,86321.5703125,89476.15185390673,ensemble
BTC,phase1,xgb,phase1_xgb,2025-12-01,2025-12-02,0.0566209938703037,-0.010714015085250082,0.0028422125431884463,86321.5703125,91350.203125,85401.65649100431,ensemble
BTC,phase1,xgb,phase1_xgb,2025-12-02,2025-12-03,0.0235582620118316,-0.0048885589232668,0.002907098426189587,91350.203125,93527.8046875,90904.72204180877,ensemble
BTC,phase1,xgb,phase1_xgb,2025-12-03,2025-12-04,-0.0149319728659321,0.0034765705233439402,0.0015039727819153748,93527.8046875,92141.625,93853.52656585931,ensemble
BTC,phase1,xgb,phase1_xgb,2025-12-04,2025-12-05,-0.0303430599756753,0.00287081103306258,0.0014151632502577302,92141.625,89387.7578125,92406.52625244022,ensemble
BTC,phase1,xgb,phase1_xgb,2025-12-05,2025-12-06,-0.0012916460625568,-0.00011664849880618001,0.002123109665895504,89387.7578125,89272.375,89377.33147285978,ensemble
BTC,phase1,xgb,phase1_xgb,2025-12-06,2025-12-07,0.0126145722260143,-0.00629374841228122,0.0016842481603547494,89272.375,90405.640625,88712.28152412866,ensemble
BTC,phase1,xgb,phase1_xgb,2025-12-07,2025-12-08,0.0025911959798138,-0.01448696367442604,0.0025334112438833768,90405.640625,90640.203125,89105.37855861368,ensemble
BTC,phase1,xgb,phase1_xgb,2025-12-08,2025-12-09,0.0223811926981977,-0.0058161099441349,0.002774230206013941,90640.203125,92691.7109375,90114.5598196437,ensemble
BTC,phase1,xgb,phase1_xgb,2025-12-09,2025-12-10,-0.0072628328466358,0.00325891693355512,0.0023412959898969684,92691.7109375,92020.9453125,92994.27827700188,ensemble
BTC,phase1,xgb,phase1_xgb,2025-12-10,2025-12-11,0.0053149701081481,-0.00412913351319726,0.0013159571523222423,92020.9453125,92511.3359375,91641.76193144538,ensemble
BTC,phase1,xgb,phase1_xgb,2025-12-11,2025-12-12,-0.0245214214521475,-0.0063317846506833805,0.0028417891466535356,92511.3359375,90270.4140625,91927.42463174018,ensemble
BTC,phase1,xgb,phase1_xgb,2025-12-12,2025-12-13,0.000313418755633,-0.009277946967631541,0.0024202395357544463,90270.4140625,90298.7109375,89436.76321233834,ensemble
BTC,phase1,xgb,phase1_xgb,2025-12-13,2025-12-14,-0.0237976710179162,-0.007101347204297739,0.002636071567172495,90298.7109375,88175.1796875,89659.73990184843,ensemble
BTC,phase1,xgb,phase1_xgb,2025-12-14,2025-12-15,-0.0201089147130883,-0.011660346388816781,0.002448882197713175,88175.1796875,86419.78125,87152.99762949176,ensemble
BTC,phase1,xgb,phase1_xgb,2025-12-15,2025-12-16,0.0163457369350781,-0.00796975446137362,0.005434197868877733,86419.78125,87843.984375,85733.77409819956,ensemble
BTC,phase1,xgb,phase1_xgb,2025-12-16,2025-12-17,-0.0195448330408544,0.0032182517345063,0.0027378918973422588,87843.984375,86143.7578125,88127.14382488259,ensemble
BTC,phase1,xgb,phase1_xgb,2025-12-17,2025-12-18,-0.0079397284977681,-0.0014549105486366802,0.0019173081686895237,86143.7578125,85462.5078125,86018.51747939229,ensemble
BTC,phase1,xgb,phase1_xgb,2025-12-18,2025-12-19,0.0304331549684077,0.0015810189273906799,0.0010632063688375602,85462.5078125,88103.3828125,85597.73252317982,ensemble
BTC,phase1,xgb,phase1_xgb,2025-12-19,2025-12-20,0.0027273551221506,-0.0035883235512301,0.0014071942195437303,88103.3828125,88344.0,87787.80590365367,ensemble
BTC,phase1,xgb,phase1_xgb,2025-12-20,2025-12-21,0.0031390280669266,-0.0009388173159095497,0.002693178375139675,88344.0,88621.75,88261.10004308965,ensemble
BTC,phase1,xgb,phase1_xgb,2025-12-21,2025-12-22,-0.001487584958889,-0.00303793068742376,0.0024316220064204788,88621.75,88490.015625,88352.9317983779,ensemble
BTC,phase1,xgb,phase1_xgb,2025-12-22,2025-12-23,-0.0122342749529535,-0.00368779948912558,0.004512682065005704,88490.015625,87414.0,88164.28317772143,ensemble
BTC,phase1,xgb,phase1_xgb,2025-12-23,2025-12-24,0.0022620761040624,0.0020118499640374996,0.00206675990099912,87414.0,87611.9609375,87590.040877295,ensemble
BTC,phase1,xgb,phase1_xgb,2025-12-24,2025-12-25,-0.0043148578556266,-0.01262512244284148,0.003976977620672365,87611.9609375,87234.7421875,86512.80230921584,ensemble
BTC,phase1,xgb,phase1_xgb,2025-12-25,2025-12-26,0.000764168281323,-0.0098799253813922,0.0030879369112255003,87234.7421875,87301.4296875,86377.11307613099,ensemble
BTC,phase1,xgb,phase1_xgb,2025-12-26,2025-12-27,0.005719219565876,-0.00444544053170826,0.002639449988595836,87301.4296875,87802.15625,86914.19771953831,ensemble
BTC,phase1,xgb,phase1_xgb,2025-12-27,2025-12-28,0.0003835125589097,-0.0013406549347564202,0.004718408075191734,87802.15625,87835.8359375,87684.52272654214,ensemble
BTC,phase1,xgb,phase1_xgb,2025-12-28,2025-12-29,-0.0079748888825797,-0.00150370349001606,0.0034672668363101857,87835.8359375,87138.140625,87703.856138563,ensemble
BTC,phase1,xgb,phase1_xgb,2025-12-29,2025-12-30,0.0147180978087909,-0.01768310237675898,0.0019503892909936678,87138.140625,88430.1328125,85610.81171854967,ensemble
BTC,phase1,xgb,phase1_xgb,2025-12-30,2025-12-31,-0.0104730993492998,0.00295997618231918,0.0009704286300372944,88430.1328125,87508.828125,88692.27167041907,ensemble
BTC,phase1,xgb,phase1_xgb,2025-12-31,2026-01-01,0.01388073366055,-0.0067530078813433205,0.002642909731940169,87508.828125,88731.984375,86919.87117264289,ensemble
BTC,phase1,xgb,phase1_xgb,2026-01-01,2026-01-02,0.0135745701301948,-0.0013745646981987599,0.0028318676549393823,88731.984375,89944.6953125,88610.1003096347,ensemble
BTC,phase1,xgb,phase1_xgb,2026-01-02,2026-01-03,0.0072944096271482,-0.00437700327020132,0.0016737276887269438,89944.6953125,90603.1875,89551.86741862269,ensemble
BTC,phase1,xgb,phase1_xgb,2026-01-03,2026-01-04,0.0089036899476068,-0.0036541206340188425,0.002398828377905032,90603.1875,91413.4921875,90272.71668088814,ensemble
BTC,phase1,xgb,phase1_xgb,2026-01-04,2026-01-05,0.0266514983813646,-0.00203002956695852,0.003857775321957501,91413.4921875,93882.5546875,91228.10832656412,ensemble
BTC,phase1,xgb,phase1_xgb,2026-01-05,2026-01-06,-0.0016366097114998,-0.00607830602675672,0.0013099048213253473,93882.5546875,93729.03125,93313.63856427348,ensemble
BTC,phase1,xgb,phase1_xgb,2026-01-06,2026-01-07,-0.0261689672501516,-0.0013288097572512802,0.0029623923054469606,93729.03125,91308.0546875,93604.56591242919,ensemble
BTC,phase1,xgb,phase1_xgb,2026-01-07,2026-01-08,-0.0030814668927555,-0.013212361373007239,0.002516351534024208,91308.0546875,91027.125,90109.59435242233,ensemble
BTC,phase1,xgb,phase1_xgb,2026-01-08,2026-01-09,-0.0056629301495069,-0.00768456850200888,0.0021138897938021857,91027.125,90513.1015625,90330.30164489841,ensemble
BTC,phase1,xgb,phase1_xgb,2026-01-09,2026-01-10,-0.0013980466595052,-0.0090463026426732,0.0020021406117238095,90513.1015625,90386.6484375,89697.9851065008,ensemble
BTC,phase1,xgb,phase1_xgb,2026-01-10,2026-01-11,0.0048651109011003,-0.0150929015129804,0.001908476408422191,90386.6484375,90827.4609375,89032.69490020607,ensemble
BTC,phase1,xgb,phase1_xgb,2026-01-11,2026-01-12,0.0040163809626806,-0.01523797549307342,0.0030287525423200105,90827.4609375,91192.9921875,89453.92583806007,ensemble
BTC,phase1,xgb,phase1_xgb,2026-01-12,2026-01-13,0.0442802850314782,-0.00499535924755034,0.0018914554839110813,91192.9921875,95321.78125,90738.586335823,ensemble
BTC,phase1,xgb,phase1_xgb,2026-01-13,2026-01-14,0.016723797821879,0.009142338857054639,0.0020536443641440893,95321.78125,96929.328125,96197.24105198709,ensemble
BTC,phase1,xgb,phase1_xgb,2026-01-14,2026-01-15,-0.0143200382747562,-0.0065137252211570195,0.0018783912906977542,96929.328125,95551.1875,96300.00894691718,ensemble
BTC,phase1,xgb,phase1_xgb,2026-01-15,2026-01-16,-0.0002728785518896,-0.00203414859715846,0.002168435142101627,95551.1875,95525.1171875,95357.01973598408,ensemble
BTC,phase1,xgb,phase1_xgb,2026-01-16,2026-01-17,-0.0044610720579804,-0.0053555964492261,0.0014652944308502231,95525.1171875,95099.921875,95014.89071217181,ensemble
BTC,phase1,xgb,phase1_xgb,2026-01-17,2026-01-18,-0.0155299936581246,0.00026589072658681997,0.0010394564247463915,95099.921875,93634.4296875,95125.21142430502,ensemble
BTC,phase1,xgb,phase1_xgb,2026-01-18,2026-01-19,-0.0116102857616082,0.0018876041285693403,0.002267395787910231,93634.4296875,92553.59375,93811.34134060903,ensemble
BTC,phase1,xgb,phase1_xgb,2026-01-19,2026-01-20,-0.0469242550548211,-0.00424141017720098,0.0017137930381057756,92553.59375,88310.90625,92161.86731901643,ensemble
BTC,phase1,xgb,phase1_xgb,2026-01-20,2026-01-21,0.0119993277601487,-0.0029438797646434397,0.002521506784976395,88310.90625,89376.9609375,88051.3118549163,ensemble
BTC,phase1,xgb,phase1_xgb,2026-01-21,2026-01-22,0.0009560777691027,-0.00441456201951948,0.002263414432531533,89376.9609375,89462.453125,88983.2704252815,ensemble
BTC,phase1,xgb,phase1_xgb,2026-01-22,2026-01-23,0.0004629013309221,-0.013062722608447019,0.002769796220932533,89462.453125,89503.875,88301.42948999834,ensemble
BTC,phase1,xgb,phase1_xgb,2026-01-23,2026-01-24,-0.0044021176235583,-0.01103565432131288,0.0029555393709785674,89503.875,89110.734375,88521.57132616223,ensemble
BTC,phase1,xgb,phase1_xgb,2026-01-24,2026-01-25,-0.0289008383617947,-0.01141598150134082,0.0035531397200532383,89110.734375,86572.21875,88099.23250838005,ensemble
BTC,phase1,xgb,phase1_xgb,2026-01-25,2026-01-26,0.0193889405513137,-0.00230132282304108,0.00312789269141105,86572.21875,88267.140625,86373.21719838305,ensemble
BTC,phase1,xgb,phase1_xgb,2026-01-26,2026-01-27,0.009420276564581,-0.0040202646399847995,0.005000036018375924,88267.140625,89102.5703125,87912.99571579033,ensemble
BTC,phase1,xgb,phase1_xgb,2026-01-27,2026-01-28,0.0009198645005418,-0.00242849788628514,0.003038314806950328,89102.5703125,89184.5703125,88886.4474420178,ensemble
BTC,phase1,xgb,phase1_xgb,2026-01-28,2026-01-29,-0.053227949504083,-0.012243028730154,0.0047315922358053125,89184.5703125,84561.5859375,88099.33787740063,ensemble
BTC,phase1,xgb,phase1_xgb,2026-01-29,2026-01-30,-0.00513284742955,0.00815954403951756,0.002149223903220737,84561.5859375,84128.65625,85254.39257131665,ensemble
BTC,phase1,xgb,phase1_xgb,2026-01-30,2026-01-31,-0.0677069192719858,-0.01020359434187408,0.0012362423371347943,84128.65625,78621.1171875,83274.6061692049,ensemble
BTC,phase1,xgb,phase1_xgb,2026-01-31,2026-02-01,-0.0211668421472114,0.00346710159210484,0.0020942442925245843,78621.1171875,76974.4453125,78894.17767877226,ensemble
BTC,phase1,xgb,phase1_xgb,2026-02-01,2026-02-02,0.0220269081578216,0.00412644383031872,0.004091854792712822,76974.4453125,78688.765625,77292.73228246687,ensemble
BTC,phase1,xgb,phase1_xgb,2026-02-02,2026-02-03,-0.0396004693749769,0.007492181286215741,0.003224270984721979,78688.765625,75633.546875,79280.53015771686,ensemble
BTC,phase1,xgb,phase1_xgb,2026-02-03,2026-02-04,-0.0351706159417589,0.01150751374661918,0.0033759839217808243,75633.546875,73019.703125,76508.92802566278,ensemble
BTC,phase1,xgb,phase1_xgb,2026-02-04,2026-02-05,-0.1523344080304475,0.00365678787929932,0.0026175250399438008,73019.703125,62702.09765625,73287.2094992777,ensemble
BTC,phase1,xgb,phase1_xgb,2026-02-05,2026-02-06,0.118003181433477,0.00291831367649134,0.0030326924477606563,62702.09765625,70555.390625,62885.34930823,ensemble
BTC,phase1,xgb,phase1_xgb,2026-02-06,2026-02-07,-0.0182134028127509,-0.0064993168925866,0.00408421499402794,70555.390625,69281.96875,70098.31572908914,ensemble
BTC,phase1,xgb,phase1_xgb,2026-02-07,2026-02-08,0.0140852358847471,0.01049675550311798,0.002080917261868675,69281.96875,70264.7265625,70013.0348352129,ensemble
BTC,phase1,xgb,phase1_xgb,2026-02-08,2026-02-09,-0.0020507154219692,-0.00379928664769972,0.0017063541756304032,70264.7265625,70120.78125,69998.27720431819,ensemble
BTC,phase1,xgb,phase1_xgb,2026-02-09,2026-02-10,-0.0191032375898973,-0.00138896908611056,0.006364944228521782,70120.78125,68793.9609375,70023.45326098119,ensemble
BTC,phase1,xgb,phase1_xgb,2026-02-10,2026-02-11,-0.0265432212123745,0.0030467340213362927,0.003756939209957207,68793.9609375,66991.96875,69003.87745626975,ensemble
BTC,phase1,xgb,phase1_xgb,2026-02-11,2026-02-12,-0.011562368274835,-0.0040345836197957004,0.003895486791203734,66991.96875,66221.84375,66722.2285607973,ensemble
BTC,phase1,xgb,phase1_xgb,2026-02-12,2026-02-13,0.0390337693571557,-0.007190096843987639,0.0028765460409676054,66221.84375,68857.84375,65747.40993670005,ensemble
BTC,phase1,xgb,phase1_xgb,2026-02-13,2026-02-14,0.0131259330678483,-0.00485109424917022,0.0031878091894398607,68857.84375,69767.625,68524.61677140271,ensemble
BTC,phase1,xgb,phase1_xgb,2026-02-14,2026-02-15,-0.0141380400688788,0.00369137210072948,0.003326549901812688,69767.625,68788.1875,70025.63918466064,ensemble
BTC,phase1,xgb,phase1_xgb,2026-02-15,2026-02-16,0.00079878247825,0.00154428968671706,0.004117633513787311,68788.1875,68843.15625,68894.49845485199,ensemble
BTC,phase1,xgb,phase1_xgb,2026-02-16,2026-02-17,-0.0197888733002862,-0.00679778037592766,0.0019465799481810093,68843.15625,67494.21875,68376.76261018863,ensemble
BTC,phase1,xgb,phase1_xgb,2026-02-17,2026-02-18,-0.0159636322602148,-0.00449576744576912,0.0021153041365896837,67494.21875,66425.3203125,67191.46151157642,ensemble
BTC,phase1,xgb,phase1_xgb,2026-02-18,2026-02-19,0.0079801259947047,0.008169656136305981,0.005729752196903404,66425.3203125,66957.5234375,66970.21510908754,ensemble
BTC,phase1,xgb,phase1_xgb,2026-02-19,2026-02-20,0.0155289956566322,-0.00016177498619070007,0.0022497846593549867,66957.5234375,68005.421875,66946.69226120085,ensemble
BTC,phase1,xgb,phase1_xgb,2026-02-20,2026-02-21,-2.4354972344490844e-05,0.00136395166628064,0.0052245193506257745,68005.421875,68003.765625,68098.24126967673,ensemble
BTC,phase1,xgb,phase1_xgb,2026-02-21,2026-02-22,-0.005076923598302,-0.00641407687216992,0.002365553840373659,68003.765625,67659.390625,67568.98010914751,ensemble
BTC,phase1,xgb,phase1_xgb,2026-02-22,2026-02-23,-0.0460126731356427,-0.022139064222574178,0.0020299521124818127,67659.390625,64616.73828125,66177.93456546722,ensemble
BTC,phase1,xgb,phase1_xgb,2026-02-23,2026-02-24,-0.0083405104387447,-0.01689091380685564,0.002268508726637394,64616.73828125,64080.04296875,63534.468518211936,ensemble
BTC,phase1,xgb,phase1_xgb,2026-02-24,2026-02-25,0.0587881628108732,-0.0038085238775238,0.0023258443631278785,64080.04296875,67960.125,63836.45674144405,ensemble
BTC,phase1,xgb,phase1_xgb,2026-02-25,2026-02-26,-0.0074786108124004,0.02917347289621828,0.0018761321672730261,67960.125,67453.7734375,69971.96130461895,ensemble
BTC,phase1,xgb,phase1_xgb,2026-02-26,2026-02-27,-0.0235803453997585,-0.0100527055561542,0.0012321291681452796,67453.7734375,65881.796875,66779.0774563805,ensemble
BTC,phase1,xgb,phase1_xgb,2026-02-27,2026-02-28,0.0167686372009838,-0.013746060244739,0.0018655435756860864,65881.796875,66995.859375,64982.37762410239,ensemble
BTC,phase1,xgb,phase1_xgb,2026-02-28,2026-03-01,-0.0189521272552437,-0.01082988306879994,0.001157911757426371,66995.859375,65738.1015625,66274.21675767947,ensemble
BTC,phase1,xgb,phase1_xgb,2026-03-01,2026-03-02,0.0451739987422587,-0.005926384986378199,0.004426648705221189,65738.1015625,68775.8515625,65349.66441529705,ensemble
BTC,phase1,xgb,phase1_xgb,2026-03-02,2026-03-03,-0.0070359214012543,0.00344862740021194,0.002557894571491452,68775.8515625,68293.6484375,69013.44329587846,ensemble
BTC,phase1,xgb,phase1_xgb,2026-03-03,2026-03-04,0.0626701105436228,-0.00905684847384684,0.003131785190095396,68293.6484375,72710.578125,67677.91571969926,ensemble
BTC,phase1,xgb,phase1_xgb,2026-03-04,2026-03-05,-0.026047184090688,-0.00497364797629414,0.005266123241277202,72710.578125,70841.125,72349.83914324499,ensemble
BTC,phase1,xgb,phase1_xgb,2026-03-05,2026-03-06,-0.0389267622298537,-0.00591243163216854,0.003030219811525871,70841.125,68136.4921875,70423.51744626646,ensemble
BTC,phase1,xgb,phase1_xgb,2026-03-06,2026-03-07,-0.0127600028163738,-0.0020961302536306797,0.0038173306739974324,68136.4921875,67272.59375,67993.8188080824,ensemble
BTC,phase1,xgb,phase1_xgb,2026-03-07,2026-03-08,-0.0195561512724631,-0.009701630938798141,0.0033929572344432173,67272.59375,65969.78125,66623.09556330487,ensemble
BTC,phase1,xgb,phase1_xgb,2026-03-08,2026-03-09,0.0362108831336739,-0.01829808298498388,0.006305821997209627,65969.78125,68402.3828125,64773.637659722335,ensemble
BTC,phase1,xgb,phase1_xgb,2026-03-09,2026-03-10,0.0220430630536829,-0.005654413198862993,0.003499491193556226,68402.3828125,69926.921875,68016.69891196262,ensemble
BTC,phase1,xgb,phase1_xgb,2026-03-10,2026-03-11,0.0039671408310243,-0.00899417912587518,0.0026655298198444734,69926.921875,70204.8828125,69300.80653151937,ensemble
BTC,phase1,xgb,phase1_xgb,2026-03-11,2026-03-12,0.0041020885103588,-0.00879200659692282,0.0020986682834038027,70204.8828125,70493.4609375,69590.3464820135,ensemble
BTC,phase1,xgb,phase1_xgb,2026-03-12,2026-03-13,0.0067128612385433,-0.010881029255688141,0.0022295647311212767,70493.4609375,70968.265625,69730.57753192952,ensemble
BTC,phase1,xgb,phase1_xgb,2026-03-13,2026-03-14,0.0034653905327112,-0.00472792449872938,0.005520417581746509,70968.265625,71214.625,70633.52496115735,ensemble
BTC,phase1,xgb,phase1_xgb,2026-03-14,2026-03-15,0.0218791978790222,-0.01400496456772082,0.0020195514604221553,71214.625,72789.9140625,70224.21819434834,ensemble
BTC,phase1,xgb,phase1_xgb,2026-03-15,2026-03-16,0.0280568061089276,-0.007114795967936479,0.0017042049863768745,72789.9140625,74861.0859375,72273.86663835999,ensemble
BTC,phase1,xgb,phase1_xgb,2026-03-16,2026-03-17,-0.012617278563279,-0.01121982317417854,0.0018402190184364595,74861.0859375,73922.4765625,74025.85214030372,ensemble
BTC,phase1,xgb,phase1_xgb,2026-03-17,2026-03-18,-0.0368841742334174,-0.0002020340180024801,0.00400529164165057,73922.4765625,71245.578125,73907.54321611216,ensemble
BTC,phase1,xgb,phase1_xgb,2026-03-18,2026-03-19,-0.0188841610476273,-0.01698522362858052,0.003018707273405916,71245.578125,69912.7890625,70045.67520502309,ensemble
BTC,phase1,xgb,phase1_xgb,2026-03-19,2026-03-20,0.0086844316474486,-0.015132172964513241,0.004049878551593096,69912.7890625,70522.5859375,68862.82083171244,ensemble
BTC,phase1,xgb,phase1_xgb,2026-03-20,2026-03-21,-0.0260161056310177,-0.00615371782332654,0.0022977215125889274,70522.5859375,68711.5234375,70089.94239190489,ensemble
BTC,phase1,xgb,phase1_xgb,2026-03-21,2026-03-22,-0.0126881200860849,0.00077584706014024,0.003223728029077407,68711.5234375,67845.2109375,68764.85375636717,ensemble
BTC,phase1,xgb,phase1_xgb,2026-03-22,2026-03-23,0.044251193034697,-0.0031960696331225203,0.0038986326916773555,67845.2109375,70914.859375,67628.71906490593,ensemble
BTC,phase1,xgb,phase1_xgb,2026-03-23,2026-03-24,-0.0056139915316955,-0.0223129224032163,0.004033573487920198,70914.859375,70517.859375,69350.06411914788,ensemble
BTC,phase1,xgb,phase1_xgb,2026-03-24,2026-03-25,0.0111689244808132,-0.0015233867903588715,0.0015920781366707418,70517.859375,71309.8828125,70410.51518366483,ensemble
BTC,phase1,xgb,phase1_xgb,2026-03-25,2026-03-26,-0.0359529188074161,-0.0082819571718573,0.002177473309489148,71309.8828125,68791.625,70721.7362810923,ensemble
BTC,phase1,xgb,phase1_xgb,2026-03-26,2026-03-27,-0.0363134696852071,-0.0010773083893582402,0.005447012293014432,68791.625,66338.375,68717.55511049036,ensemble
BTC,phase1,xgb,phase1_xgb,2026-03-27,2026-03-28,-0.0002816215791388,-0.01006051823496814,0.0018401948391217238,66338.375,66319.6953125,65674.32252559088,ensemble
BTC,phase1,xgb,phase1_xgb,2026-03-28,2026-03-29,-0.0055154098337006,-0.0101378053426742,0.0028037167763075316,66319.6953125,65954.921875,65650.75567016134,ensemble
BTC,phase1,xgb,phase1_xgb,2026-03-29,2026-03-30,0.0111051817312093,-0.018208126537501777,0.0027399670193708936,65954.921875,66691.4453125,64764.87346619863,ensemble
BTC,phase1,xgb,phase1_xgb,2026-03-30,2026-03-31,0.0228562101625793,-0.012708533927798221,0.0014819138829739464,66691.4453125,68233.3125,65849.25763726595,ensemble
BTC,phase1,xgb,phase1_xgb,2026-03-31,2026-04-01,-0.0022706442540199,-0.0009180664645100525,0.002906453995309871,68233.3125,68078.5546875,68170.69853032203,ensemble
BTC,phase1,xgb,phase1_xgb,2026-04-01,2026-04-02,-0.0176341492288758,-0.0026104887871042245,0.001954034563326713,68078.5546875,66888.5703125,67901.0681479491,ensemble
BTC,phase1,xgb,phase1_xgb,2026-04-02,2026-04-03,0.0006356502125007,-0.00043805843451990005,0.0006383613459595124,66888.5703125,66931.1015625,66859.27562696213,ensemble
BTC,phase1,xgb,phase1_xgb,2026-04-03,2026-04-04,0.0053555444955297,-0.00324253718135874,0.0030733169720296334,66931.1015625,67290.515625,66714.42645548402,ensemble
BTC,phase1,xgb,phase1_xgb,2026-04-04,2026-04-05,0.0248248287948484,0.001717144169379,0.003540580685271754,67290.515625,68981.8984375,67406.16240424014,ensemble
BTC,phase1,xgb,phase1_xgb,2026-04-05,2026-04-06,-0.0017711667933321,-0.00788121824152764,0.003165316759939136,68981.8984375,68859.828125,68440.37378119987,ensemble
BTC,phase1,xgb,phase1_xgb,2026-04-06,2026-04-07,0.0437692500886501,-0.00766977174207562,0.001104456230171104,68859.828125,71940.703125,68333.70914641417,ensemble
BTC,phase1,xgb,phase1_xgb,2026-04-07,2026-04-08,-0.0114263865929017,-0.00529252970591182,0.001470973947266435,71940.703125,71123.359375,71560.9606023471,ensemble
BTC,phase1,xgb,phase1_xgb,2026-04-08,2026-04-09,0.0090204739879136,-0.00142323005711658,0.0018414203235281145,71123.359375,71767.828125,71022.20647117542,ensemble
BTC,phase1,xgb,phase1_xgb,2026-04-09,2026-04-10,0.0167360714535282,0.0104302184656262,0.0015549924816327459,71767.828125,72979.046875,72520.29965061288,ensemble
BTC,phase1,xgb,phase1_xgb,2026-04-10,2026-04-11,0.0010302658186926,-0.00589981414377684,0.0015514651730266786,72979.046875,73054.2734375,72549.75168818963,ensemble
BTC,phase1,xgb,phase1_xgb,2026-04-11,2026-04-12,-0.0320019564160111,-0.01118986569344992,0.0017543001247261624,73054.2734375,70753.40625,72241.36259322504,ensemble
BTC,phase1,xgb,phase1_xgb,2026-04-12,2026-04-13,0.0513922577822332,0.00137423822307026,0.002224480033827441,70753.40625,74484.640625,70850.70512588567,ensemble
BTC,phase1,xgb,phase1_xgb,2026-04-13,2026-04-14,-0.0040766706589971,-0.01422123853117222,0.0020560495580293162,74484.640625,74181.609375,73432.87322732857,ensemble
BTC,phase1,xgb,phase1_xgb,2026-04-14,2026-04-15,0.0083695046837294,-0.0058830131543799805,0.0034947953709372447,74181.609375,74805.078125,73746.4791845326,ensemble
BTC,phase1,xgb,phase1_xgb,2026-04-15,2026-04-16,0.0046287244870706,-0.0037898468552157,0.0015643500756770854,74805.078125,75152.1328125,74522.11486730189,ensemble
BTC,phase1,xgb,phase1_xgb,2026-04-16,2026-04-17,0.025937296578403,-0.0021979173572617165,0.001668779966479765,75152.1328125,77126.875,74987.13602642893,ensemble
BTC,phase1,xgb,phase1_xgb,2026-04-17,2026-04-18,-0.0183274450765037,-0.0136245388537645,0.001088572345639848,77126.875,75726.2109375,76083.18295115596,ensemble
BTC,phase1,xgb,phase1_xgb,2026-04-18,2026-04-19,-0.0250023364949234,-0.0067803075537085,0.0006303083759070172,75726.2109375,73856.3515625,75214.50067433293,ensemble
BTC,phase1,xgb,phase1_xgb,2026-04-19,2026-04-20,0.026932597272259,-0.01320637408643954,0.0022516952197163508,73856.3515625,75872.5234375,72887.3892771962,ensemble
BTC,phase1,xgb,phase1_xgb,2026-04-20,2026-04-21,0.0063097475019448,-0.009549313597381062,0.005204325554230646,75872.5234375,76352.7734375,75151.44131699798,ensemble
BTC,phase1,xgb,phase1_xgb,2026-04-21,2026-04-22,0.0239449523733436,-0.0037244610633933597,0.002542501514538051,76352.7734375,78203.1015625,76068.9294168658,ensemble
BTC,phase1,xgb,phase1_xgb,2026-04-22,2026-04-23,0.0008417038623198,-0.02476028800010674,0.0032639002946654324,78203.1015625,78268.953125,76290.54567281828,ensemble
BTC,phase1,xgb,phase1_xgb,2026-04-23,2026-04-24,-0.0104498554007011,-0.00414911101106552,0.0021596696966166636,78268.953125,77455.3125,77944.87932376708,ensemble
BTC,phase1,xgb,phase1_xgb,2026-04-24,2026-04-25,0.002021098580043,-8.14433071354863e-05,0.0011169840013140295,77455.3125,77612.015625,77449.00454006883,ensemble
BTC,phase1,xgb,phase1_xgb,2026-04-25,2026-04-26,0.0133812250281389,-0.00322970754932606,0.0015240396680418667,77612.015625,78657.5390625,77361.75586267785,ensemble
BTC,phase1,xgb,phase1_xgb,2026-04-26,2026-04-27,-0.0165479947079337,-0.006697479076683499,0.003168711326065179,78657.5390625,77366.625,78132.49204873413,ensemble
BTC,phase1,xgb,phase1_xgb,2026-04-27,2026-04-28,-0.0132186544907372,-0.0038979965262114407,0.002678560494072451,77366.625,76350.671875,77065.63717037257,ensemble
BTC,phase1,xgb,phase1_xgb,2026-04-28,2026-04-29,-0.0075534590417408,-0.01165288342162962,0.0029038216664854246,76350.671875,75776.1328125,75466.13013663841,ensemble
BTC,phase1,xgb,phase1_xgb,2026-04-29,2026-04-30,0.0069461868751349,-0.00999793708324428,0.0016379437122915426,75776.1328125,76304.3203125,75022.30245777566,ensemble
BTC,phase1,xgb,phase1_xgb,2026-04-30,2026-05-01,0.0242715098940353,-0.01174554023891684,0.003215953947607685,76304.3203125,78179.0,75413.327685992,ensemble
BTC,phase1,xgb,phase1_xgb,2026-05-01,2026-05-02,0.0060987365147835,-0.00582877118140456,0.0017331181143096133,78179.0,78657.25,77724.63797035675,ensemble
BTC,phase1,xgb,phase1_xgb,2026-05-02,2026-05-03,-0.0015143369624661,-0.0055084583815186595,0.0014656307793756863,78657.25,78538.2265625,78225.1609767478,ensemble
BTC,phase1,xgb,phase1_xgb,2026-05-03,2026-05-04,0.0162876768649081,-0.0053199815563857,0.001924707903740388,78538.2265625,79827.90625,78121.51407990014,ensemble
BTC,phase1,xgb,phase1_xgb,2026-05-04,2026-05-05,0.0136750438065225,-0.00655913362279528,0.0005644618063640397,79827.90625,80927.0546875,79306.01778523254,ensemble
BTC,phase1,xgb,phase1_xgb,2026-05-05,2026-05-06,0.0061652480572739,-0.00817300891503688,0.0026039052801014304,80927.0546875,81427.53125,80268.3326852459,ensemble
BTC,phase1,xgb,phase1_xgb,2026-05-06,2026-05-07,-0.0175619083509024,-0.005400502891279741,0.0020446522209984293,81427.53125,80009.9921875,80988.96693189784,ensemble
BTC,phase1,xgb,phase1_xgb,2026-05-07,2026-05-08,0.0022069548930199,-0.007549082115292499,0.0023137614844275225,80009.9921875,80186.765625,79408.26429071977,ensemble
BTC,phase1,xgb,phase1_xgb,2026-05-08,2026-05-09,0.0059384470311886,-0.0042303684633225,0.0014436689055663861,80186.765625,80664.3671875,79848.2625616873,ensemble
BTC,phase1,xgb,phase1_xgb,2026-05-09,2026-05-10,0.018115146956791,-0.00216832888545468,0.0033371723900893287,80664.3671875,82138.9296875,80489.64980093346,ensemble
BTC,phase1,xgb,phase1_xgb,2026-05-10,2026-05-11,-0.0050117852194884,-0.00251189600094218,0.0018676522390845005,82138.9296875,81728.296875,81932.86415444012,ensemble
BTC,phase1,xgb,phase1_xgb,2026-05-11,2026-05-12,-0.0154227477056674,-0.0082872891798615,0.0021980831186475883,81728.296875,80477.4921875,81053.7896233219,ensemble
BTC,phase1,xgb,phase1_xgb,2026-05-12,2026-05-13,-0.0150280182312355,-0.00835542213171718,0.002897355634942486,80477.4921875,79277.1171875,79807.8701512557,ensemble
BTC,phase1,xgb,phase1_xgb,2026-05-13,2026-05-14,0.0221321436988218,-0.0081228638067841,0.0011809043974275648,79277.1171875,81051.25,78635.76828288902,ensemble
BTC,phase1,xgb,phase1_xgb,2026-05-14,2026-05-15,-0.0248027751369673,-0.0021576002742221866,0.0024220807437641914,81051.25,79065.6796875,80876.56232163306,ensemble
BTC,phase1,xgb,phase1_xgb,2026-05-15,2026-05-16,-0.0118863908425741,-0.0078039726708083994,0.0030328832812382745,79065.6796875,78131.4375,78451.0546617923,ensemble
BTC,phase1,xgb,phase1_xgb,2026-05-16,2026-05-17,-0.0090265767978541,-0.0073999031446873795,0.0017763402705033588,78131.4375,77429.3515625,77555.4063458702,ensemble
BTC,phase1,xgb,phase1_xgb,2026-05-17,2026-05-18,-0.0061558536491211,-0.0049544224981218,0.0023821110804614566,77429.3515625,76954.171875,77046.68257578107,ensemble
BTC,phase1,xgb,phase1_xgb,2026-05-18,2026-05-19,-0.0026448799997123,-0.00643447991460556,0.0013846811897570345,76954.171875,76750.90625,76460.60143917406,ensemble
BTC,phase1,xgb,phase1_xgb,2026-05-19,2026-05-20,0.0091677347836148,-0.00159356411313634,0.001572887479915397,76750.90625,77457.7734375,76628.69616081766,ensemble
BTC,phase1,xgb,phase1_xgb,2026-05-20,2026-05-21,0.0010503232153248,-0.01102184075862164,0.0014659528461760801,77457.7734375,77539.171875,76608.7337782783,ensemble
BTC,phase1,xgb,phase1_xgb,2026-05-21,2026-05-22,-0.0268063407026221,-0.00889097768813368,0.0015401508511687044,77539.171875,75488.2421875,76852.82848105564,ensemble
BTC,phase1,xgb,phase1_xgb,2026-05-22,2026-05-23,0.0155775030224184,-0.0043253828771412,0.0007742590914076758,75488.2421875,76673.3671875,75162.43177267516,ensemble
BTC,phase1,xgb,phase1_xgb,2026-05-23,2026-05-24,0.004005847400396,-0.0072330639697611,0.0026292715984588253,76673.3671875,76981.125,76120.78465937254,ensemble
BTC,phase1,xgb,phase1_xgb,2026-05-24,2026-05-25,0.0038740181286936,-0.0048356327693909,0.0019694877877319272,76981.125,77279.9296875,76609.77113840083,ensemble
BTC,phase1,xgb,phase1_xgb,2026-05-25,2026-05-26,-0.0189965414050318,-0.00718307252973312,0.0013198324387987351,77279.9296875,75825.734375,76726.81127056245,ensemble
BTC,phase1,xgb,phase1_xgb,2026-05-26,2026-05-27,-0.0197253107241087,-0.007548560202121681,0.0020386763214957707,75825.734375,74344.703125,75255.51413274318,ensemble
BTC,phase1,xgb,phase1_xgb,2026-05-27,2026-05-28,-0.0109298026618873,-0.0068084056489169,0.001474625542250118,74344.703125,73536.5546875,73840.25342598677,ensemble
BTC,phase1,xgb,phase1_xgb,2026-05-28,2026-05-29,-0.0022330998228095,-0.00574747654609378,0.0022288315348900673,73536.5546875,73372.5234375,73115.11732495963,ensemble
BTC,phase1,xgb,phase1_xgb,2026-05-29,2026-05-30,0.0051970396549028,-0.0009806402144022,0.002151283501639634,73372.5234375,73754.8359375,73300.60665839112,ensemble
BTC,phase1,xgb,phase1_xgb,2026-05-30,2026-05-31,-0.0023775625144765,-0.00317700838204472,0.003467531141555494,73754.8359375,73579.6875,73520.88802951964,ensemble
BTC,phase1,xgb,phase1_xgb,2026-05-31,2026-06-01,-0.0311953863032946,-0.00377847217023366,0.0008430271335355446,73579.6875,71319.7734375,73302.19328072447,ensemble
BTC,phase1,xgb,phase1_xgb,2026-06-01,2026-06-02,-0.0669138485252581,-0.006628999020904259,0.003124884598861894,71319.7734375,66703.65625,70848.55829713772,ensemble
BTC,phase1,xgb,phase1_xgb,2026-06-02,2026-06-03,-0.0411522222901916,0.00165672090370204,0.002904565263225011,66703.65625,64014.3671875,66814.25718380482,ensemble
BTC,phase1,xgb,phase1_xgb,2026-06-03,2026-06-04,-0.0033296811494371,-0.00206439409230368,0.0014075052346475092,64014.3671875,63801.57421875,63882.352617988385,ensemble
BTC,phase1,xgb,phase1_xgb,2026-06-04,2026-06-05,-0.0461725426252123,-6.361767009365988e-05,0.003193105937413161,63801.57421875,60922.66796875,63797.51544035628,ensemble
BTC,phase1,xgb,phase1_xgb,2026-06-05,2026-06-06,-0.0009073630482773,-0.00272044841403834,0.002332726884430049,60922.66796875,60867.4140625,60757.15622844827,ensemble
BTC,phase1,xgb,phase1_xgb,2026-06-06,2026-06-07,0.0382314561194156,0.0007913616331279242,0.0033299185505105467,60867.4140625,63239.51953125,60915.6012629328,ensemble
BTC,phase1,xgb,phase1_xgb,2026-06-07,2026-06-08,-0.0023577871851843,-0.007300092745572301,0.0023488186398060566,63239.51953125,63090.58984375,62779.546140408514,ensemble
BTC,phase1,xgb,phase1_xgb,2026-06-08,2026-06-09,-0.0231992749169722,-0.01252025440335268,0.0017935335759490048,63090.58984375,61643.78125,62305.60397413798,ensemble
BTC,phase1,xgb,phase1_xgb,2026-06-09,2026-06-10,-0.0031600860854061,0.00128962770249928,0.0016513441305358117,61643.78125,61449.2890625,61723.330061137014,ensemble
BTC,phase1,xgb,phase1_xgb,2026-06-10,2026-06-11,0.0337886685240648,-0.0057753135450184,0.0018049219988418,61449.2890625,63561.0546875,61095.42297841736,ensemble
BTC,phase1,xgb,phase1_xgb,2026-06-11,2026-06-12,-0.0002809578486747,-0.00931704975664612,0.0033002830732540025,63561.0546875,63543.19921875,62971.603415860794,ensemble
BTC,phase1,xgb,phase1_xgb,2026-06-12,2026-06-13,0.0137247224557035,-0.00451744940364728,0.002753210413578552,63543.19921875,64421.32421875,63256.79343022778,ensemble
BTC,phase1,xgb,phase1_xgb,2026-06-13,2026-06-14,0.0198124847553173,-0.0036645613610744197,0.003998222698891403,64421.32421875,65710.3984375,64185.680352597425,ensemble
BTC,phase1,xgb,phase1_xgb,2026-06-14,2026-06-15,0.0087743291428838,-0.00924406731501216,0.0036165933220293064,65710.3984375,66289.5,65105.76602801512,ensemble
BTC,phase1,xgb,phase1_xgb,2026-06-15,2026-06-16,-0.0104460520817153,-0.0049768197117373,0.00396099923840831,66289.5,65600.640625,65960.40870301,ensemble
BTC,phase1,xgb,phase1_xgb,2026-06-16,2026-06-17,-0.0181854515308644,-0.0031022639246657,0.0017446421483979034,65600.640625,64418.4453125,65397.4454696174,ensemble
BTC,phase1,xgb,phase1_xgb,2026-06-17,2026-06-18,-0.0239099264595433,-0.00818395800888532,0.001577278695159385,64418.4453125,62896.47265625,63893.39887058856,ensemble
BTC,phase1,xgb,phase1_xgb,2026-06-18,2026-06-19,0.0101927013006599,0.00310324842575934,0.0031305278514025515,62896.47265625,63540.8359375,63091.95920078173,ensemble
BTC,phase1,xgb,phase1_xgb,2026-06-19,2026-06-20,0.0109382377964082,-0.0010243588418234,0.0011237309893353436,63540.8359375,64239.67578125,63475.780646060666,ensemble
BTC,phase1,xgb,phase1_xgb,2026-06-20,2026-06-21,-0.0157229253051467,-0.0051094456110149,0.003339749284575157,64239.67578125,63237.5390625,63912.283759892656,ensemble
BTC,phase1,xgb,phase1_xgb,2026-06-21,2026-06-22,0.0112363538248423,-0.00363360481278504,0.003236989192018589,63237.5390625,63952.10546875,63008.17579630626,ensemble
BTC,phase1,xgb,phase1_xgb,2026-06-22,2026-06-23,-0.0202831889602721,-0.001774172885052365,0.0027416325373635923,63952.10546875,62668.01953125,63838.743968470895,ensemble
BTC,phase1,xgb,phase1_xgb,2026-06-23,2026-06-24,-0.0270571911625371,-0.00351336490130046,0.0023342751230007136,62668.01953125,60995.1328125,62448.2302370758,ensemble
BTC,phase1,xgb,phase1_xgb,2026-06-24,2026-06-25,-0.0210990381164694,-0.0019853434350807,0.0014860136479057664,60995.1328125,59721.67578125,60874.15665534505,ensemble
BTC,phase1,xgb,phase1_xgb,2026-06-25,2026-06-26,0.004923319948585,-0.00038215133827178006,0.003101290814752841,59721.67578125,60016.4296875,59698.85742323709,ensemble
BTC,phase1,xgb,phase1_xgb,2026-06-26,2026-06-27,-0.0012726617424323,-0.0037808321416377597,0.0036895283279013394,60016.4296875,59940.09765625,59789.946059194626,ensemble
BTC,phase1,xgb,phase1_xgb,2026-06-27,2026-06-28,-0.0068259994404737,-0.0038916643708944002,0.001246750413807498,59940.09765625,59532.33984375,59707.28422351474,ensemble
BTC,phase1,xgb,phase1_xgb,2026-06-28,2026-06-29,0.0101285301835763,-0.0021748456172644595,0.004407201004070932,59532.33984375,60138.37890625,59403.00688594179,ensemble
BTC,phase1,xgb,phase1_xgb,2026-06-29,2026-06-30,-0.0266158302862621,-0.01256542019546028,0.0029175268598066206,60138.37890625,58558.859375,59387.44270030665,ensemble
BTC,phase1,xgb,phase1_xgb,2026-06-30,2026-07-01,0.0243747988918137,-0.0010177763993851597,0.004335622513728936,58558.859375,60003.7578125,58499.2898693139,ensemble
BTC,phase1,xgb,phase1_xgb,2026-07-01,2026-07-02,0.0243909440883905,-0.00583215532824392,0.0022145056039480017,60003.7578125,61485.30078125,59654.82508065509,ensemble
BTC,phase1,xgb,phase1_xgb,2026-07-02,2026-07-03,0.0170753597454698,0.01050685364753004,0.001376008281432212,61485.30078125,62544.19921875,62134.72355871966,ensemble
BTC,phase1,xgb,phase1_xgb,2026-07-03,2026-07-04,0.0086619123839713,-0.00959404492750758,0.0020046657394181687,62544.19921875,63088.3046875,61947.01664040055,ensemble
BTC,phase1,xgb,phase1_xgb,2026-07-04,2026-07-05,0.0072582750905089,-0.00665005547925822,0.001400039129795959,63088.3046875,63547.8828125,62670.15585868102,ensemble
BTC,phase1,xgb,phase1_xgb,2026-07-05,2026-07-06,0.0070115176898403,-0.00814441479742524,0.0014670987061462212,63547.8828125,63995.015625,63032.4243982026,ensemble
BTC,phase1,xgb,phase1_xgb,2026-07-06,2026-07-07,-0.0109610318081771,-0.00874066716060036,0.0014583508982084026,63995.015625,63297.39453125,63438.0939725794,ensemble
BTC,phase1,xgb,phase1_xgb,2026-07-07,2026-07-08,-0.0165639655193486,-0.008640933502465439,0.0027973262227467773,63297.39453125,62257.57421875,62752.80223565987,ensemble
BTC,phase1,xgb,phase1_xgb,2026-07-08,2026-07-09,0.0149156823369863,-0.008459603972732979,0.002210221183877512,62257.57421875,63193.1484375,61733.12125643632,ensemble
BTC,phase1,xgb,phase1_xgb,2026-07-09,2026-07-10,0.0146718005231559,-0.00422834912751562,0.003046005381208971,63193.1484375,64127.140625,62926.50986120279,ensemble
BTC,phase1,xgb,phase1_xgb,2026-07-10,2026-07-11,-0.0050827186063555,-0.01002665916457766,0.0024996028994290023,64127.140625,63802.02734375,63487.37237172132,ensemble
BTC,phase1,xgb,phase1_xgb,2026-07-11,2026-07-12,-0.0006868690961942,-0.00868975017219778,0.0027002718620189286,63802.02734375,63758.21875,63250.00560482681,ensemble
BTC,phase1,xgb,phase1_xgb,2026-07-12,2026-07-13,-0.0241143387714378,-0.009077545721083841,0.0017560829680840296,63758.21875,62239.12109375,63182.06957076743,ensemble
BTC,phase1,xgb,phase1_xgb,2026-07-13,2026-07-14,0.0427281030442609,-0.00160066778771576,0.0021595019346520544,62239.12109375,64956.11328125,62139.576627543625,ensemble
BTC,phase1,xgb,phase1_xgb,2026-07-14,2026-07-15,-0.0037594109647903,-0.0047020179219543195,0.0021722445422453825,64956.11328125,64712.375,64651.405404807025,ensemble
BTC,phase1,xgb,phase1_xgb,2026-07-15,2026-07-16,-0.0143672798551762,-0.00655979500152166,0.0026286361656899467,64712.375,63789.28125,64289.26436269549,ensemble
BTC,phase1,xgb,phase1_xgb,2026-07-16,2026-07-17,0.0017257545646935,-0.01019268278032534,0.0013010106887888545,63789.28125,63899.4609375,63142.39967120806,ensemble
BTC,phase1,xgb,phase1_xgb,2026-07-17,2026-07-18,0.0139422316447508,-0.01256446484476324,0.0023815136988409023,63899.4609375,64796.6015625,63101.62111807223,ensemble
BTC,phase1,xgb,phase1_xgb,2026-07-18,2026-07-19,-0.0016340878484766,-0.00370957487029952,0.003677828153309608,64796.6015625,64690.8046875,64556.67899815075,ensemble
BTC,phase1,xgb,phase1_xgb,2026-07-19,2026-07-20,0.0083008358863908,-0.0010438467492349,0.0025660249206355197,64690.8046875,65230.02734375,64623.31263313071,ensemble
BTC,phase1,xgb,phase1_xgb,2026-07-20,2026-07-21,0.0193591073637143,-0.0014275510249717395,0.003173538933546057,65230.02734375,66505.125,65136.97458593908,ensemble
BTC,phase1,xgb,phase1_xgb,2026-07-21,2026-07-22,-0.0060982099788692,-0.00800669398158784,0.00411485465651259,66505.125,66100.796875,65974.76486488865,ensemble
BTC,phase1,xgb,phase1_xgb,2026-07-22,2026-07-23,-0.016104346952909,-0.0033248865787754247,0.0022034829731091923,66100.796875,65044.8125,65881.38418590809,ensemble
BTC,phase1,xgb,phase1_xgb,2026-07-23,2026-07-24,-0.0146555536542276,-0.004389917664229801,0.001834095605281358,65044.8125,64098.49609375,64759.896964071144,ensemble
BTC,phase1,xgb,phase1_xgb,2026-07-24,2026-07-25,0.003322421771433,-0.00758249983191486,0.0031764024971370325,64098.49609375,64311.8125,63614.3072586131,ensemble
BTC,phase1,xgb,phase1_xgb,2026-07-25,2026-07-26,0.0158656859403964,-0.0058427872136234595,0.0021952372039164584,64311.8125,65340.30078125,63937.1478729491,ensemble
BTC,phase1,xgb,phase1_xgb,2026-07-26,2026-07-27,-0.0250336529885953,-0.0036318774102255397,0.001616454208710018,65340.30078125,63724.8984375,65103.42323434941,ensemble
BTC,phase1,xgb,phase1_xgb,2026-07-27,2026-07-28,0.0022957554728576,-0.007024483848363119,0.0008845754161192006,63724.8984375,63871.36328125,63278.832443570594,ensemble
BTC,phase1,xgb,phase1_xgb,2026-07-28,2026-07-29,0.0005760654802496,-0.0066072675865143,0.0024899724441879737,63871.36328125,63908.16796875,63450.73921105659,ensemble
BTC,phase1,xgb,phase1_xgb,2026-07-29,2026-07-30,0.0127051159419568,-0.0053977818228304,0.0014361248128843727,63908.16796875,64725.30859375,63564.13496422017,ensemble
BTC,phase1,xgb,phase1_xgb,2026-07-30,2026-07-31,-0.0299783570286374,-0.010132772289216479,0.002821914727305245,64725.30859375,62813.74609375,64072.77335903264,ensemble
BTC,phase1,xgb,phase1_xgb,2026-07-31,2026-08-01,-0.0008031049841085,-0.0074926622211932605,0.002582884613535879,62813.74609375,62763.3203125,62344.86269746674,ensemble
BTC,phase1,xgb,phase1_xgb,2026-08-01,2026-08-02,0.0113855697670751,-0.00395419499836858,0.0010079809724833472,62763.3203125,63482.0,62515.6319320477,ensemble
BTC,phase1,xgb,phase1_xgb,2026-08-02,2026-08-03,-0.0003324575530272,-0.0011603901191847,0.0007203656232442097,63482.0,63460.8984375,63408.37883734971,ensemble
BTC,phase1,xgb,phase1_xgb,2026-08-03,2026-08-04,0.0093330253934836,-0.00376026775047644,0.0032249043060388954,63460.8984375,64055.953125,63222.71656215142,ensemble
BTC,phase1,xgb,phase1_xgb,2026-08-04,2026-08-05,0.0084187413608024,-0.0049986325204372005,0.001178088993984754,64055.953125,64597.5,63736.55988433994,ensemble
BTC,phase1,xgb,phase1_xgb,2026-08-05,2026-08-06,-0.0052054707838791,-0.014485309831798021,0.0010586385353349463,64597.5,64262.11328125,63668.52965310502,ensemble
BTC,phase1,xgb,phase1_xgb,2026-08-06,2026-08-07,0.0095721203953674,-0.007321178889833341,0.004337646663866556,64262.11328125,64880.19140625,63793.35687260444,ensemble
BTC,phase1,xgb,phase1_xgb,2026-08-07,2026-08-08,0.0003774876433575,-0.0043933959677814795,0.0014724273000170786,64880.19140625,64904.6875,64595.772275354626,ensemble
BTC,phase1,xgb,phase1_xgb,2026-08-08,2026-08-09,-0.0009217877722439,0.0006956416473257999,0.0015964247099487711,64904.6875,64844.88671875,64949.85361162443,ensemble
BTC,phase1,xgb,phase1_xgb,2026-08-09,2026-08-10,-0.0145130480455691,-0.0056256757117807196,0.0016280173615090593,64844.88671875,63910.5859375,64481.114605867886,ensemble
BTC,phase1,xgb,phase1_xgb,2026-08-10,2026-08-11,-0.0056285102588139,-0.00528792180120942,0.002748394352668174,63910.5859375,63551.875,63573.523721527185,ensemble
BTC,phase1,xgb,phase1_xgb,2026-08-11,2026-08-12,-0.0023542560615523,0.0027015118859708,0.0013889185727089036,63551.875,63402.43359375,63723.79326074331,ensemble
BTC,phase1,xgb,phase1_xgb,2026-08-12,2026-08-13,-4.127906065128786e-06,-0.006344836158677901,0.0029170917878301593,63402.43359375,63402.171875,63001.429039900046,ensemble
BTC,phase1,xgb,phase1_xgb,2026-08-13,2026-08-14,-0.0067508670210942,-0.0018028033955487803,0.0017952007454801863,63402.171875,62975.59375,63287.97319407321,ensemble
BTC,phase1,xgb,phase1_xgb,2026-08-14,2026-08-15,0.0007734380660748,-0.0056604140438139,0.0005175301848763958,62975.59375,63024.3203125,62620.13279190835,ensemble
BTC,phase1,xgb,phase1_xgb,2026-08-15,2026-08-16,-0.0032686473868631,-0.0027995278127490803,0.00040773447462130036,63024.3203125,62818.65234375,62848.12871661509,ensemble
BTC,phase1,xgb,phase1_xgb,2026-08-16,2026-08-17,0.0265101376702319,-0.00972888926044102,0.0014921377108940638,62818.65234375,64506.25390625,62210.459947021074,ensemble
BTC,phase1,xgb,phase1_xgb,2026-08-17,2026-08-18,0.0027008473728006,-0.008751673158258162,0.002057629959776039,64506.25390625,64680.7109375,63944.17938915055,ensemble
BTC,phase1,xgb,phase1_xgb,2026-08-18,2026-08-19,0.0684938460027011,-0.0054437983548268004,0.0029062517096239988,64680.7109375,69266.1875,64329.55885746436,ensemble
BTC,phase1,xgb,phase1_xgb,2026-08-19,2026-08-20,0.052951205389763,-0.014682033471763079,0.0022071374001516562,69266.1875,73032.7578125,68256.64819639003,ensemble
BTC,phase1,xgb,phase1_xgb,2026-08-20,2026-08-21,0.0700888177551632,0.00630149762146172,0.0026901636895485088,73032.7578125,78335.1875,73494.42663694915,ensemble
BTC,phase1,xgb,phase1_xgb,2026-08-21,2026-08-22,-0.0161087603875064,0.00521749611943956,0.001812738375937048,78335.1875,77083.4140625,78744.96912421564,ensemble
BTC,phase1,xgb,phase1_xgb,2026-08-22,2026-08-23,0.0086781388253158,-0.00424981745891268,0.0031580640794512385,77083.4140625,77755.265625,76756.51873835563,ensemble
BTC,phase1,xgb,phase1_xgb,2026-08-23,2026-08-24,0.0154319126625293,0.00510537592926992,0.0038739064926555937,77755.265625,78964.484375,78153.25055338112,ensemble
BTC,phase1,xgb,phase1_xgb,2026-08-24,2026-08-25,-0.0050721771868308,-0.003943465906195339,0.0030494439016332552,78964.484375,78564.9765625,78653.70380210728,ensemble
BTC,phase1,xgb,phase1_xgb,2026-08-25,2026-08-26,0.0058688952570538,0.00397951118648046,0.003954831700623967,78564.9765625,79027.421875,78878.24968912266,ensemble
BTC,phase1,xgb,phase1_xgb,2026-08-26,2026-08-27,0.0154457977224057,-0.0049769904697313395,0.0024619885100744783,79027.421875,80257.5390625,78635.08029949403,ensemble
BTC,phase1,xgb,phase1_xgb,2026-08-27,2026-08-28,-0.0307100273130926,-0.0037806873908266397,0.005636251707869753,80257.5390625,77830.2890625,79954.68325884816,ensemble
BTC,phase1,xgb,phase1_xgb,2026-08-28,2026-08-29,0.0053246386227652,-0.00809008907526728,0.0024498909931482656,77830.2890625,78245.8125,77203.17521502949,ensemble
BTC,phase1,xgb,phase1_xgb,2026-08-29,2026-08-30,-0.007417513856522,0.0005216422607190601,0.0018676751292176262,78245.8125,77667.5703125,78286.63947013501,ensemble
BTC,phase1,xgb,phase1_xgb,2026-08-30,2026-08-31,0.0112801594802717,-0.00507694259285924,0.0025452575099277645,77667.5703125,78548.6328125,77274.25577916772,ensemble
BTC,phase2,lstm,phase2_lstm,2025-10-31,2025-11-01,0.004624825172493095,1.2603204231709242e-05,0.0008692800586426646,109556.1640625,110064.015625,109557.54482991155,ensemble
BTC,phase2,lstm,phase2_lstm,2025-11-01,2025-11-02,0.005216141233319792,-5.1042383711319415e-05,0.0009512164670444135,110064.015625,110639.625,110058.39783865548,ensemble
BTC,phase2,lstm,phase2_lstm,2025-11-02,2025-11-03,-0.03768718290100999,-0.00010793406254379078,0.0009990456671924797,110639.625,106547.5234375,110627.68386023489,ensemble
BTC,phase2,lstm,phase2_lstm,2025-11-03,2025-11-04,-0.04764085753760775,-0.000198134285164997,0.001045192632434352,106547.5234375,101590.5234375,106526.41481134795,ensemble
BTC,phase2,lstm,phase2_lstm,2025-11-04,2025-11-05,0.022400061321748738,-0.0002061152714304626,0.0010887232233118829,101590.5234375,103891.8359375,101569.58623699943,ensemble
BTC,phase2,lstm,phase2_lstm,2025-11-05,2025-11-06,-0.025251182491850755,-0.00024148912634700537,0.0011262579592726074,103891.8359375,101301.2890625,103866.75021789104,ensemble
BTC,phase2,lstm,phase2_lstm,2025-11-06,2025-11-07,0.02023892596873405,-0.0002609238610602915,0.001180670090340153,101301.2890625,103372.40625,101274.8605870873,ensemble
BTC,phase2,lstm,phase2_lstm,2025-11-07,2025-11-08,-0.010603212214200236,-0.00032755379797890785,0.0012433813489580172,103372.40625,102282.1171875,103338.55177061094,ensemble
BTC,phase2,lstm,phase2_lstm,2025-11-08,2025-11-09,0.023551839699680072,-0.00044793840497732164,0.0013219795426987137,102282.1171875,104719.640625,102236.31135893012,ensemble
BTC,phase2,lstm,phase2_lstm,2025-11-09,2025-11-10,0.01212026933646231,-0.0005224216729402542,0.0014041807758370546,104719.640625,105996.59375,104664.94710293956,ensemble
BTC,phase2,lstm,phase2_lstm,2025-11-10,2025-11-11,-0.028702546476841843,-0.0006886818562634289,0.001435740942369683,105996.59375,102997.46875,105923.62094946466,ensemble
BTC,phase2,lstm,phase2_lstm,2025-11-11,2025-11-12,-0.013039146642676998,-0.0008575431769713759,0.0014596564569566645,102997.46875,101663.1875,102909.18183375981,ensemble
BTC,phase2,lstm,phase2_lstm,2025-11-12,2025-11-13,-0.019524742976585432,-0.0009886458399705588,0.0014535072786055936,101663.1875,99697.4921875,101562.72828007748,ensemble
BTC,phase2,lstm,phase2_lstm,2025-11-13,2025-11-14,-0.05462287113659148,-0.0010410464368760587,0.0015036992888634718,99697.4921875,94397.7890625,99593.75647470867,ensemble
BTC,phase2,lstm,phase2_lstm,2025-11-14,2025-11-15,0.01212310649874722,-0.0010712118353694677,0.0015528182333764892,94397.7890625,95549.1484375,94296.72317477546,ensemble
BTC,phase2,lstm,phase2_lstm,2025-11-15,2025-11-16,-0.014463938461922525,-0.0011010519228875637,0.001628353658373815,95549.1484375,94177.078125,95444.00176048065,ensemble
BTC,phase2,lstm,phase2_lstm,2025-11-16,2025-11-17,-0.02236838271634354,-0.0010915097664110363,0.0016040294723210775,94177.078125,92093.875,94074.33900503114,ensemble
BTC,phase2,lstm,phase2_lstm,2025-11-17,2025-11-18,0.009241173563305538,-0.0010853689105715602,0.001638532009697617,92093.875,92948.875,91993.97339607566,ensemble
BTC,phase2,lstm,phase2_lstm,2025-11-18,2025-11-19,-0.016082377699808928,-0.0009870059235254302,0.0016585504251127464,92948.875,91465.9921875,92857.17916939798,ensemble
BTC,phase2,lstm,phase2_lstm,2025-11-19,2025-11-20,-0.05429914313161118,-0.0008902619745640549,0.0016284541961395953,91465.9921875,86631.8984375,91384.59972837113,ensemble
BTC,phase2,lstm,phase2_lstm,2025-11-20,2025-11-21,-0.017950490472289502,-0.0007254724194353912,0.001620609503595836,86631.8984375,85090.6875,86569.0721766555,ensemble
BTC,phase2,lstm,phase2_lstm,2025-11-21,2025-11-22,-0.00521187239368071,-0.000648401552462019,0.0015981549959326535,85090.6875,84648.359375,85035.53244936754,ensemble
BTC,phase2,lstm,phase2_lstm,2025-11-22,2025-11-23,0.025158586579000386,-0.0006433127739001066,0.001559018357394591,84648.359375,86805.0078125,84593.92151628675,ensemble
BTC,phase2,lstm,phase2_lstm,2025-11-23,2025-11-24,0.016742357810839485,-0.0006758279690984636,0.0015184282799225056,86805.0078125,88270.5625,86746.36237970652,ensemble
BTC,phase2,lstm,phase2_lstm,2025-11-24,2025-11-25,-0.01057647695675446,-0.0007852289534639567,0.0014585513109763501,88270.5625,87341.890625,88201.27710459573,ensemble
BTC,phase2,lstm,phase2_lstm,2025-11-25,2025-11-26,0.0357225879133364,-0.0008804410812444985,0.001390789480494551,87341.890625,90518.3671875,87265.0250791377,ensemble
BTC,phase2,lstm,phase2_lstm,2025-11-26,2025-11-27,0.008437806108495432,-0.0009622288751415908,0.0013031412201781685,90518.3671875,91285.375,90431.3096921965,ensemble
BTC,phase2,lstm,phase2_lstm,2025-11-27,2025-11-28,-0.004018666774419681,-0.0010404945234768093,0.0012144779515330035,91285.375,90919.265625,91190.4424641955,ensemble
BTC,phase2,lstm,phase2_lstm,2025-11-28,2025-11-29,-0.00074277862694653,-0.0010999421589076518,0.0011462035258410367,90919.265625,90851.7578125,90819.31467189305,ensemble
BTC,phase2,lstm,phase2_lstm,2025-11-29,2025-11-30,-0.005047792573132774,-0.001137247949372977,0.001098139989783665,90851.7578125,90394.3125,90748.49556574936,ensemble
BTC,phase2,lstm,phase2_lstm,2025-11-30,2025-12-01,-0.04610183805407602,-0.0011573566705919802,0.0010797520444464977,90394.3125,86321.5703125,90289.75455653227,ensemble
BTC,phase2,lstm,phase2_lstm,2025-12-01,2025-12-02,0.05662099387030378,-0.001175473688635975,0.0011444805990530721,86321.5703125,91350.203125,86220.16119138949,ensemble
BTC,phase2,lstm,phase2_lstm,2025-12-02,2025-12-03,0.023558262011831657,-0.001175179798156023,0.0011936107092172736,91350.203125,93527.8046875,91242.91326651486,ensemble
BTC,phase2,lstm,phase2_lstm,2025-12-03,2025-12-04,-0.014931972865932171,-0.0011633167276158928,0.0012039398757884476,93527.8046875,92141.625,93419.06548913715,ensemble
BTC,phase2,lstm,phase2_lstm,2025-12-04,2025-12-05,-0.030343059975675362,-0.00119983033509925,0.001185130415928813,92141.625,89387.7578125,92031.13697989356,ensemble
BTC,phase2,lstm,phase2_lstm,2025-12-05,2025-12-06,-0.0012916460625568118,-0.0012512603600043804,0.0011466864269550113,89387.7578125,89272.375,89275.98040038571,ensemble
BTC,phase2,lstm,phase2_lstm,2025-12-06,2025-12-07,0.012614572226014349,-0.0013300738908583298,0.0011407962960656773,89272.375,90405.640625,89153.71507556469,ensemble
BTC,phase2,lstm,phase2_lstm,2025-12-07,2025-12-08,0.002591195979813834,-0.0013902282720664517,0.0011834468576573942,90405.640625,90640.203125,90280.04347203414,ensemble
BTC,phase2,lstm,phase2_lstm,2025-12-08,2025-12-09,0.022381192698197744,-0.001455749994784128,0.0012632075635091015,90640.203125,92691.7109375,90508.34964590971,ensemble
BTC,phase2,lstm,phase2_lstm,2025-12-09,2025-12-10,-0.007262832846635849,-0.0014981615750002675,0.001345720942368937,92691.7109375,92020.9453125,92552.94774864554,ensemble
BTC,phase2,lstm,phase2_lstm,2025-12-10,2025-12-11,0.0053149701081481185,-0.001557734542802791,0.0014150660932831108,92020.9453125,92511.3359375,91877.7126954862,ensemble
BTC,phase2,lstm,phase2_lstm,2025-12-11,2025-12-12,-0.024521421452147512,-0.0016076172159955604,0.001491456021392517,92511.3359375,90270.4140625,92362.73260181713,ensemble
BTC,phase2,lstm,phase2_lstm,2025-12-12,2025-12-13,0.0003134187556330964,-0.001622984165442176,0.0016073389496352104,90270.4140625,90298.7109375,90124.02543521395,ensemble
BTC,phase2,lstm,phase2_lstm,2025-12-13,2025-12-14,-0.02379767101791624,-0.0016045714117353782,0.0017206261293596613,90298.7109375,88175.1796875,90153.93638902593,ensemble
BTC,phase2,lstm,phase2_lstm,2025-12-14,2025-12-15,-0.020108914713088392,-0.0015403448895085603,0.0017898402856012332,88175.1796875,86419.78125,88039.46405136408,ensemble
BTC,phase2,lstm,phase2_lstm,2025-12-15,2025-12-16,0.016345736935078115,-0.0014958502215449698,0.0017936442556019568,86419.78125,87843.984375,86290.60683794414,ensemble
BTC,phase2,lstm,phase2_lstm,2025-12-16,2025-12-17,-0.019544833040854463,-0.001433820971124078,0.0017923239661689746,87843.984375,86143.7578125,87718.12208157669,ensemble
BTC,phase2,lstm,phase2_lstm,2025-12-17,2025-12-18,-0.007939728497768105,-0.0013700153038371354,0.001776974571178492,86143.7578125,85462.5078125,86025.8203524762,ensemble
BTC,phase2,lstm,phase2_lstm,2025-12-18,2025-12-19,0.030433154968407768,-0.001311239186907187,0.001710631433373264,85462.5078125,88103.3828125,85350.51946104792,ensemble
BTC,phase2,lstm,phase2_lstm,2025-12-19,2025-12-20,0.002727355122150639,-0.0012822038912418065,0.0015982103295748857,88103.3828125,88344.0,87990.48870432557,ensemble
BTC,phase2,lstm,phase2_lstm,2025-12-20,2025-12-21,0.0031390280669266876,-0.0012587634337251075,0.0014755931382376803,88344.0,88621.75,88232.86576374162,ensemble
BTC,phase2,lstm,phase2_lstm,2025-12-21,2025-12-22,-0.0014875849588890807,-0.0011926979947020299,0.0013786407030745283,88621.75,88490.015625,88516.11402491835,ensemble
BTC,phase2,lstm,phase2_lstm,2025-12-22,2025-12-23,-0.012234274952953525,-0.001185062604417908,0.0012880965987504735,88490.015625,87414.0,88385.21152859152,ensemble
BTC,phase2,lstm,phase2_lstm,2025-12-23,2025-12-24,0.002262076104062497,-0.0011756944188164198,0.0012166582753529327,87414.0,87611.9609375,87311.288238727,ensemble
BTC,phase2,lstm,phase2_lstm,2025-12-24,2025-12-25,-0.0043148578556266,-0.0011273965192231117,0.0011559478964137597,87611.9609375,87234.7421875,87513.2431751836,ensemble
BTC,phase2,lstm,phase2_lstm,2025-12-25,2025-12-26,0.0007641682813230021,-0.0010619581164064585,0.0011032416028951522,87234.7421875,87301.4296875,87142.15171730364,ensemble
BTC,phase2,lstm,phase2_lstm,2025-12-26,2025-12-27,0.00571921956587603,-0.00099135266700614,0.0010525176004159633,87301.4296875,87802.15625,87214.92606722769,ensemble
BTC,phase2,lstm,phase2_lstm,2025-12-27,2025-12-28,0.0003835125589097617,-0.0009398437290656147,0.0010109851551817963,87802.15625,87835.8359375,87719.67471000043,ensemble
BTC,phase2,lstm,phase2_lstm,2025-12-28,2025-12-29,-0.007974888882579774,-0.0009097608428419335,0.0010451149101536512,87835.8359375,87138.140625,87755.96267165962,ensemble
BTC,phase2,lstm,phase2_lstm,2025-12-29,2025-12-30,0.01471809780879094,-0.0009187749509692366,0.0011322033260702277,87138.140625,88430.1328125,87058.1170515764,ensemble
BTC,phase2,lstm,phase2_lstm,2025-12-30,2025-12-31,-0.010473099349299821,-0.0009213154946337454,0.001218539232336221,88430.1328125,87508.828125,88348.69828015583,ensemble
BTC,phase2,lstm,phase2_lstm,2025-12-31,2026-01-01,0.013880733660550057,-0.0008728245185920969,0.0013113196031736525,87508.828125,88731.984375,87432.48159762661,ensemble
BTC,phase2,lstm,phase2_lstm,2026-01-01,2026-01-02,0.013574570130194884,-0.0008683077205205337,0.001427522988741305,88731.984375,89944.6953125,88654.97114833845,ensemble
BTC,phase2,lstm,phase2_lstm,2026-01-02,2026-01-03,0.007294409627148249,-0.0009116939734667539,0.001566148856123706,89944.6953125,90603.1875,89862.73064486237,ensemble
BTC,phase2,lstm,phase2_lstm,2026-01-03,2026-01-04,0.008903689947606831,-0.0009400254464708268,0.0017028303770995267,90603.1875,91413.4921875,90518.05821633377,ensemble
BTC,phase2,lstm,phase2_lstm,2026-01-04,2026-01-05,0.02665149838136465,-0.0009474522259552032,0.0018503903575489917,91413.4921875,93882.5546875,91326.92328726906,ensemble
BTC,phase2,lstm,phase2_lstm,2026-01-05,2026-01-06,-0.00163660971149983,-0.000929056410677731,0.001981535788427146,93882.5546875,93729.03125,93795.37300283916,ensemble
BTC,phase2,lstm,phase2_lstm,2026-01-06,2026-01-07,-0.026168967250151644,-0.0008470058091916144,0.0021054725202577598,93729.03125,91308.0546875,93649.6758280373,ensemble
BTC,phase2,lstm,phase2_lstm,2026-01-07,2026-01-08,-0.003081466892755565,-0.0007669727085158229,0.00227280550521559,91308.0546875,91027.125,91238.05075047325,ensemble
BTC,phase2,lstm,phase2_lstm,2026-01-08,2026-01-09,-0.005662930149506993,-0.0006764006335288286,0.002431371485881661,91027.125,90513.1015625,90965.57501355329,ensemble
BTC,phase2,lstm,phase2_lstm,2026-01-09,2026-01-10,-0.0013980466595052143,-0.0005973229883238674,0.002541361662039017,90513.1015625,90386.6484375,90459.05215027748,ensemble
BTC,phase2,lstm,phase2_lstm,2026-01-10,2026-01-11,0.004865110901100388,-0.0005471365759149194,0.002615692797536158,90386.6484375,90827.4609375,90337.20812270112,ensemble
BTC,phase2,lstm,phase2_lstm,2026-01-11,2026-01-12,0.004016380962680633,-0.0005085055716335773,0.0026885394029580517,90827.4609375,91192.9921875,90781.28640855354,ensemble
BTC,phase2,lstm,phase2_lstm,2026-01-12,2026-01-13,0.044280285031478225,-0.0004815211286768317,0.0026968244001580296,91192.9921875,95321.78125,91149.09140539977,ensemble
BTC,phase2,lstm,phase2_lstm,2026-01-13,2026-01-14,0.016723797821879046,-0.0004367598798125982,0.0026970905069519644,95321.78125,96929.328125,95280.15761070725,ensemble
BTC,phase2,lstm,phase2_lstm,2026-01-14,2026-01-15,-0.014320038274756287,-0.00035940343514084816,0.0026970039791705492,96929.328125,95551.1875,96894.4976509769,ensemble
BTC,phase2,lstm,phase2_lstm,2026-01-15,2026-01-16,-0.00027287855188963723,-0.00027548475190997124,0.0027022946960803323,95551.1875,95525.1171875,95524.86823026206,ensemble
BTC,phase2,lstm,phase2_lstm,2026-01-16,2026-01-17,-0.004461072057980408,-0.00019533735467121006,0.0026845057641469443,95525.1171875,95099.921875,95506.45938614605,ensemble
BTC,phase2,lstm,phase2_lstm,2026-01-17,2026-01-18,-0.015529993658124637,-8.859807858243584e-05,0.0026061199347329556,95099.921875,93634.4296875,95091.49657788662,ensemble
BTC,phase2,lstm,phase2_lstm,2026-01-18,2026-01-19,-0.011610285761608208,4.623446147888899e-06,0.0025207760347300554,93634.4296875,92553.59375,93634.86260224403,ensemble
BTC,phase2,lstm,phase2_lstm,2026-01-19,2026-01-20,-0.046924255054821146,7.030158885754645e-05,0.002451196534708799,92553.59375,88310.90625,92560.1006434149,ensemble
BTC,phase2,lstm,phase2_lstm,2026-01-20,2026-01-21,0.011999327760148781,0.00014262186014093458,0.0023929406538946265,88310.90625,89376.9609375,88323.50221392866,ensemble
BTC,phase2,lstm,phase2_lstm,2026-01-21,2026-01-22,0.0009560777691027553,0.00023858262866269798,0.0023639343319148934,89376.9609375,89462.453125,89398.28727172763,ensemble
BTC,phase2,lstm,phase2_lstm,2026-01-22,2026-01-23,0.00046290133092210693,0.0003319792180263903,0.00235280551377644,89462.453125,89503.875,89492.15773061423,ensemble
BTC,phase2,lstm,phase2_lstm,2026-01-23,2026-01-24,-0.004402117623558332,0.00041856975003611295,0.0023512670479915736,89503.875,89110.734375,89541.34645624796,ensemble
BTC,phase2,lstm,phase2_lstm,2026-01-24,2026-01-25,-0.028900838361794738,0.0004509862919803709,0.0023250359191512872,89110.734375,86572.21875,89150.93115808922,ensemble
BTC,phase2,lstm,phase2_lstm,2026-01-25,2026-01-26,0.01938894055131375,0.0004786562465596944,0.002286108703860179,86572.21875,88267.140625,86613.66700222429,ensemble
BTC,phase2,lstm,phase2_lstm,2026-01-26,2026-01-27,0.00942027656458104,0.0004423802194651216,0.0022329543783492886,88267.140625,89102.5703125,88306.19690026612,ensemble
BTC,phase2,lstm,phase2_lstm,2026-01-27,2026-01-28,0.0009198645005418251,0.0003940463298931718,0.0021941866600389878,89102.5703125,89184.5703125,89137.68777181428,ensemble
BTC,phase2,lstm,phase2_lstm,2026-01-28,2026-01-29,-0.053227949504083015,0.0003547359898220748,0.0021732763196599587,89184.5703125,84561.5859375,89216.2129013774,ensemble
BTC,phase2,lstm,phase2_lstm,2026-01-29,2026-01-30,-0.005132847429550004,0.00026170443161390724,0.0021872212474075016,84561.5859375,84128.65625,84583.71897531486,ensemble
BTC,phase2,lstm,phase2_lstm,2026-01-30,2026-01-31,-0.06770691927198588,0.00018174877332057803,0.0021765040519968635,84128.65625,78621.1171875,84143.94791965355,ensemble
BTC,phase2,lstm,phase2_lstm,2026-01-31,2026-02-01,-0.021166842147211495,6.308189622359351e-05,0.0021215507783397735,78621.1171875,76974.4453125,78626.07691308821,ensemble
BTC,phase2,lstm,phase2_lstm,2026-02-01,2026-02-02,0.022026908157821636,-8.31271092465613e-05,0.00205248389342247,76974.4453125,78688.765625,76968.04691531912,ensemble
BTC,phase2,lstm,phase2_lstm,2026-02-02,2026-02-03,-0.03960046937497693,-0.00031222786346916107,0.001957657884791595,78688.765625,75633.546875,78664.20063496662,ensemble
BTC,phase2,lstm,phase2_lstm,2026-02-03,2026-02-04,-0.035170615941758965,-0.0005713299615308642,0.0018442925326536779,75633.546875,73019.703125,75590.34750529566,ensemble
BTC,phase2,lstm,phase2_lstm,2026-02-04,2026-02-05,-0.1523344080304475,-0.0007788276649080217,0.0017355376667901124,73019.703125,62702.09765625,72962.85550024781,ensemble
BTC,phase2,lstm,phase2_lstm,2026-02-05,2026-02-06,0.118003181433477,-0.0008935943595133721,0.0016349573735783213,62702.09765625,70555.390625,62646.09244215316,ensemble
BTC,phase2,lstm,phase2_lstm,2026-02-06,2026-02-07,-0.018213402812750957,-0.0009344021935248747,0.00153099951833848,70555.390625,69281.96875,70489.49430486259,ensemble
BTC,phase2,lstm,phase2_lstm,2026-02-07,2026-02-08,0.01408523588474713,-0.0009432055096112891,0.0014513754818827316,69281.96875,70264.7265625,69216.65242356008,ensemble
BTC,phase2,lstm,phase2_lstm,2026-02-08,2026-02-09,-0.0020507154219692207,-0.0008684346728841774,0.0013525515417829195,70264.7265625,70120.78125,70203.73272608694,ensemble
BTC,phase2,lstm,phase2_lstm,2026-02-09,2026-02-10,-0.01910323758989731,-0.0008453210990410298,0.0011779686828159565,70120.78125,68793.9609375,70061.53172009515,ensemble
BTC,phase2,lstm,phase2_lstm,2026-02-10,2026-02-11,-0.026543221212374526,-0.0007593044138047844,0.0009602958933359544,68793.9609375,66991.96875,68741.7452056436,ensemble
BTC,phase2,lstm,phase2_lstm,2026-02-11,2026-02-12,-0.01156236827483507,-0.0006174306443426758,0.0008479413668153867,66991.96875,66221.84375,66950.61862230052,ensemble
BTC,phase2,lstm,phase2_lstm,2026-02-12,2026-02-13,0.03903376935715579,-0.00033411523327231407,0.000903384131332328,66221.84375,68857.84375,66199.72171908729,ensemble
BTC,phase2,lstm,phase2_lstm,2026-02-13,2026-02-14,0.013125933067848304,-1.1848966823890806e-05,0.001088919869466062,68857.84375,69767.625,68857.02786052757,ensemble
BTC,phase2,lstm,phase2_lstm,2026-02-14,2026-02-15,-0.014138040068878806,0.00020876116468571126,0.0012281653044713175,69767.625,68788.1875,69782.1912910374,ensemble
BTC,phase2,lstm,phase2_lstm,2026-02-15,2026-02-16,0.0007987824782500607,0.0003382807153684553,0.0014159940255056116,68788.1875,68843.15625,68811.46115356855,ensemble
BTC,phase2,lstm,phase2_lstm,2026-02-16,2026-02-17,-0.019788873300286218,0.0004561775946058333,0.0017029643160332334,68843.15625,67494.21875,68874.56811957403,ensemble
BTC,phase2,lstm,phase2_lstm,2026-02-17,2026-02-18,-0.015963632260214883,0.0004216877379803918,0.001915738004683447,67494.21875,66425.3203125,67522.68623620452,ensemble
BTC,phase2,lstm,phase2_lstm,2026-02-18,2026-02-19,0.007980125994704771,0.00035750529641518367,0.0020146333888497753,66425.3203125,66957.5234375,66449.07196174502,ensemble
BTC,phase2,lstm,phase2_lstm,2026-02-19,2026-02-20,0.015528995656632263,0.00027432209608377887,0.002078694777006011,66957.5234375,68005.421875,66975.89388527263,ensemble
BTC,phase2,lstm,phase2_lstm,2026-02-20,2026-02-21,-2.4354972344490844e-05,0.00018376186199020594,0.0021753306684463946,68005.421875,68003.765625,68017.9198262374,ensemble
BTC,phase2,lstm,phase2_lstm,2026-02-21,2026-02-22,-0.005076923598302017,5.6773115647956726e-05,0.0022625134545601363,68003.765625,67659.390625,68007.6265202468,ensemble
BTC,phase2,lstm,phase2_lstm,2026-02-22,2026-02-23,-0.04601267313564273,-0.0001330672879703343,0.0023418925458691584,67659.390625,64616.73828125,67650.38797237637,ensemble
BTC,phase2,lstm,phase2_lstm,2026-02-23,2026-02-24,-0.00834051043874472,-0.0002883107867091894,0.0024446874610378365,64616.73828125,64080.04296875,64598.11126391559,ensemble
BTC,phase2,lstm,phase2_lstm,2026-02-24,2026-02-25,0.05878816281087323,-0.000341147487051785,0.0025530999477860546,64080.04296875,67960.125,64058.185951566265,ensemble
BTC,phase2,lstm,phase2_lstm,2026-02-25,2026-02-26,-0.007478610812400483,-0.0004516313900239766,0.0026322046673668015,67960.125,67453.7734375,67929.4390041811,ensemble
BTC,phase2,lstm,phase2_lstm,2026-02-26,2026-02-27,-0.023580345399758597,-0.0006766923586837947,0.0026968274770094703,67453.7734375,65881.796875,67408.14342493209,ensemble
BTC,phase2,lstm,phase2_lstm,2026-02-27,2026-02-28,0.016768637200983844,-0.0008901081047952176,0.002714652986134347,65881.796875,66995.859375,65823.18104472596,ensemble
BTC,phase2,lstm,phase2_lstm,2026-02-28,2026-03-01,-0.018952127255243773,-0.0010503783501917495,0.002708057218032829,66995.859375,65738.1015625,66925.52531991099,ensemble
BTC,phase2,lstm,phase2_lstm,2026-03-01,2026-03-02,0.04517399874225875,-0.001166287754313089,0.0026443081855069177,65738.1015625,68775.8515625,65661.47671165408,ensemble
BTC,phase2,lstm,phase2_lstm,2026-03-02,2026-03-03,-0.007035921401254354,-0.0012650185904931276,0.0025484625485992863,68775.8515625,68293.6484375,68688.90383853504,ensemble
BTC,phase2,lstm,phase2_lstm,2026-03-03,2026-03-04,0.06267011054362281,-0.0013694301713258028,0.002429493424203198,68293.6484375,72710.578125,68200.18906246942,ensemble
BTC,phase2,lstm,phase2_lstm,2026-03-04,2026-03-05,-0.026047184090688055,-0.0014273862296249717,0.0023610623417375572,72710.578125,70841.125,72606.8660832153,ensemble
BTC,phase2,lstm,phase2_lstm,2026-03-05,2026-03-06,-0.03892676222985379,-0.0015753380212117918,0.002245433172584009,70841.125,68136.4921875,70729.6141390329,ensemble
BTC,phase2,lstm,phase2_lstm,2026-03-06,2026-03-07,-0.012760002816373808,-0.0016449478760478086,0.0020587180793027607,68136.4921875,67272.59375,68024.50334255326,ensemble
BTC,phase2,lstm,phase2_lstm,2026-03-07,2026-03-08,-0.019556151272463178,-0.001602196843305137,0.0018661790657267991,67272.59375,65969.78125,67164.89611209917,ensemble
BTC,phase2,lstm,phase2_lstm,2026-03-08,2026-03-09,0.036210883133673905,-0.0012852753841798403,0.0016043562357358004,65969.78125,68402.3828125,65885.04637954592,ensemble
BTC,phase2,lstm,phase2_lstm,2026-03-09,2026-03-10,0.022043063053682945,-0.0009592467955371831,0.001340549803218271,68402.3828125,69926.921875,68336.79950629706,ensemble
BTC,phase2,lstm,phase2_lstm,2026-03-10,2026-03-11,0.003967140831024369,-0.0007480853913875762,0.0011341409985124481,69926.921875,70204.8828125,69874.63012806527,ensemble
BTC,phase2,lstm,phase2_lstm,2026-03-11,2026-03-12,0.004102088510358853,-0.0005319338248227723,0.0009894181454340879,70204.8828125,70493.4609375,70167.54839126539,ensemble
BTC,phase2,lstm,phase2_lstm,2026-03-12,2026-03-13,0.006712861238543366,-0.0003983770242484752,0.0008876939677925986,70493.4609375,70968.265625,70465.38355536605,ensemble
BTC,phase2,lstm,phase2_lstm,2026-03-13,2026-03-14,0.0034653905327112298,-0.00024335115376743487,0.0008666984000891688,70968.265625,71214.625,70950.99751687152,ensemble
BTC,phase2,lstm,phase2_lstm,2026-03-14,2026-03-15,0.021879197879022205,-0.00013854640928911977,0.0009059569826216522,71214.625,72789.9140625,71204.75915287201,ensemble
BTC,phase2,lstm,phase2_lstm,2026-03-15,2026-03-16,0.028056806108927662,-1.7929516161530046e-05,0.0009613145493478785,72789.9140625,74861.0859375,72788.60898625915,ensemble
BTC,phase2,lstm,phase2_lstm,2026-03-16,2026-03-17,-0.012617278563279094,8.201201562769711e-05,0.0010719606591119988,74861.0859375,73922.4765625,74867.22569781342,ensemble
BTC,phase2,lstm,phase2_lstm,2026-03-17,2026-03-18,-0.03688417423341742,0.00014490219473373145,0.00114845215627809,73922.4765625,71245.578125,73933.18886769358,ensemble
BTC,phase2,lstm,phase2_lstm,2026-03-18,2026-03-19,-0.01888416104762736,0.00016094820748548954,0.0012518870431264928,71245.578125,69912.7890625,71257.04589592431,ensemble
BTC,phase2,lstm,phase2_lstm,2026-03-19,2026-03-20,0.008684431647448684,0.0002196170127717778,0.0013438967466911855,69912.7890625,70522.5859375,69928.14478651586,ensemble
BTC,phase2,lstm,phase2_lstm,2026-03-20,2026-03-21,-0.026016105631017767,0.0003106625129476015,0.0013902567526955184,70522.5859375,68711.5234375,70544.49806472893,ensemble
BTC,phase2,lstm,phase2_lstm,2026-03-21,2026-03-22,-0.012688120086084904,0.0004291057091904804,0.0013919873308601862,68711.5234375,67845.2109375,68741.01427138428,ensemble
BTC,phase2,lstm,phase2_lstm,2026-03-22,2026-03-23,0.04425119303469704,0.0006018448213580996,0.0013242051508960359,67845.2109375,70914.859375,67886.05551617287,ensemble
BTC,phase2,lstm,phase2_lstm,2026-03-23,2026-03-24,-0.005613991531695598,0.0007283396902494132,0.0011910263591476628,70914.859375,70517.859375,70966.52829569,ensemble
BTC,phase2,lstm,phase2_lstm,2026-03-24,2026-03-25,0.011168924480813245,0.0008288883371278643,0.0010760386515688077,70517.859375,71309.8828125,70576.33503774459,ensemble
BTC,phase2,lstm,phase2_lstm,2026-03-25,2026-03-26,-0.03595291880741613,0.0009536671568639576,0.0009691330359017035,71309.8828125,68791.625,71377.9211435023,ensemble
BTC,phase2,lstm,phase2_lstm,2026-03-26,2026-03-27,-0.03631346968520713,0.0010596529202302918,0.0008516345909440428,68791.625,66338.375,68864.55888179448,ensemble
BTC,phase2,lstm,phase2_lstm,2026-03-27,2026-03-28,-0.0002816215791388498,0.0012604254487087018,0.0007589627098863527,66338.375,66319.6953125,66422.0422931921,ensemble
BTC,phase2,lstm,phase2_lstm,2026-03-28,2026-03-29,-0.005515409833700628,0.001392186339944601,0.0006703345720470012,66319.6953125,65954.921875,66412.08898606549,ensemble
BTC,phase2,lstm,phase2_lstm,2026-03-29,2026-03-30,0.011105181731209317,0.0015354829956777394,0.0005717262043884965,65954.921875,66691.4453125,66056.27232705528,ensemble
BTC,phase2,lstm,phase2_lstm,2026-03-30,2026-03-31,0.022856210162579323,0.00164533203933388,0.00047317622913457786,66691.4453125,68233.3125,66801.26520454099,ensemble
BTC,phase2,lstm,phase2_lstm,2026-03-31,2026-04-01,-0.002270644254019965,0.0016185102751478553,0.0004032079456356485,68233.3125,68078.5546875,68343.8382367814,ensemble
BTC,phase2,lstm,phase2_lstm,2026-04-01,2026-04-02,-0.017634149228875802,0.001526034320704639,0.00023739265003665122,68078.5546875,66888.5703125,68182.52420880916,ensemble
BTC,phase2,lstm,phase2_lstm,2026-04-02,2026-04-03,0.0006356502125007872,0.0013691619969904423,0.0002071937778411925,66888.5703125,66931.1015625,66980.21432443774,ensemble
BTC,phase2,lstm,phase2_lstm,2026-04-03,2026-04-04,0.005355544495529739,0.0013338565127924084,0.00024421322352176627,66931.1015625,67290.515625,67020.43761572037,ensemble
BTC,phase2,lstm,phase2_lstm,2026-04-04,2026-04-05,0.024824828794848448,0.0012734855408780277,0.00029692756619869134,67290.515625,68981.8984375,67376.26371157226,ensemble
BTC,phase2,lstm,phase2_lstm,2026-04-05,2026-04-06,-0.0017711667933321205,0.0012407176080159843,0.0002937741756201383,68981.8984375,68859.828125,69067.5386101748,ensemble
BTC,phase2,lstm,phase2_lstm,2026-04-06,2026-04-07,0.043769250088650125,0.0012031832011416554,0.00033071936970746786,68859.828125,71940.703125,68942.72897588812,ensemble
BTC,phase2,lstm,phase2_lstm,2026-04-07,2026-04-08,-0.011426386592901714,0.0011799490312114358,0.000373789634453784,71940.703125,71123.359375,72025.63958845127,ensemble
BTC,phase2,lstm,phase2_lstm,2026-04-08,2026-04-09,0.00902047398791368,0.0011302302358672024,0.00038559979960954566,71123.359375,71767.828125,71203.79059057591,ensemble
BTC,phase2,lstm,phase2_lstm,2026-04-09,2026-04-10,0.01673607145352826,0.0010228222992736847,0.0004169824602555281,71767.828125,72979.046875,71841.27141329036,ensemble
BTC,phase2,lstm,phase2_lstm,2026-04-10,2026-04-11,0.0010302658186926742,0.0009021149220643565,0.00044343087389580454,72979.046875,73054.2734375,73044.9120667033,ensemble
BTC,phase2,lstm,phase2_lstm,2026-04-11,2026-04-12,-0.03200195641601119,0.0007818996867285932,0.000498635537472812,73054.2734375,70753.40625,73111.41688832681,ensemble
BTC,phase2,lstm,phase2_lstm,2026-04-12,2026-04-13,0.05139225778223328,0.0007504989585868316,0.0005741106388992636,70753.40625,74484.640625,70806.5265385744,ensemble
BTC,phase2,lstm,phase2_lstm,2026-04-13,2026-04-14,-0.004076670658997154,0.0006968563247937709,0.0006984820120369096,74484.640625,74181.609375,74536.56380731732,ensemble
BTC,phase2,lstm,phase2_lstm,2026-04-14,2026-04-15,0.00836950468372944,0.0006717232885421254,0.0008184412271401731,74181.609375,74805.078125,74231.45562916933,ensemble
BTC,phase2,lstm,phase2_lstm,2026-04-15,2026-04-16,0.004628724487070657,0.0006982205231906846,0.0008911731269246209,74805.078125,75152.1328125,74857.32680421317,ensemble
BTC,phase2,lstm,phase2_lstm,2026-04-16,2026-04-17,0.025937296578403095,0.0007441176421707496,0.0010020577618164133,75152.1328125,77126.875,75208.07565181803,ensemble
BTC,phase2,lstm,phase2_lstm,2026-04-17,2026-04-18,-0.018327445076503752,0.0007645959471119568,0.0011367847921101605,77126.875,75726.2109375,77185.86844623937,ensemble
BTC,phase2,lstm,phase2_lstm,2026-04-18,2026-04-19,-0.025002336494923415,0.0008112970361253246,0.0012196490153712238,75726.2109375,73856.3515625,75787.67231633666,ensemble
BTC,phase2,lstm,phase2_lstm,2026-04-19,2026-04-20,0.02693259727225901,0.0007654779445147141,0.0012615016296323505,73856.3515625,75872.5234375,73912.90861450971,ensemble
BTC,phase2,lstm,phase2_lstm,2026-04-20,2026-04-21,0.006309747501944813,0.0007891468776506372,0.0012633433035370227,75872.5234375,76352.7734375,75932.42163359892,ensemble
BTC,phase2,lstm,phase2_lstm,2026-04-21,2026-04-22,0.02394495237334366,0.000818025922308152,0.0012405645350569239,76352.7734375,78203.1015625,76415.25753873492,ensemble
BTC,phase2,lstm,phase2_lstm,2026-04-22,2026-04-23,0.0008417038623198857,0.0008592872378358152,0.0011849054197219664,78203.1015625,78268.953125,78270.32936949353,ensemble
BTC,phase2,lstm,phase2_lstm,2026-04-23,2026-04-24,-0.010449855400701123,0.0008738011194509455,0.0011488392494705278,78268.953125,77455.3125,78337.37451284805,ensemble
BTC,phase2,lstm,phase2_lstm,2026-04-24,2026-04-25,0.0020210985800430967,0.000932208554877434,0.001096050747441677,77455.3125,77612.015625,77527.55067022202,ensemble
BTC,phase2,lstm,phase2_lstm,2026-04-25,2026-04-26,0.01338122502813899,0.0010040250073870994,0.0010650940973475197,77612.015625,78657.5390625,77689.9791616821,ensemble
BTC,phase2,lstm,phase2_lstm,2026-04-26,2026-04-27,-0.016547994707933746,0.0010885847892495803,0.0009817564750267585,78657.5390625,77366.625,78743.21108525344,ensemble
BTC,phase2,lstm,phase2_lstm,2026-04-27,2026-04-28,-0.013218654490737211,0.0011805257890955545,0.0008927175717931116,77366.625,76350.671875,77458.01222790404,ensemble
BTC,phase2,lstm,phase2_lstm,2026-04-28,2026-04-29,-0.0075534590417408835,0.0013021282735280692,0.0007965640641174648,76350.671875,75776.1328125,76450.15499938936,ensemble
BTC,phase2,lstm,phase2_lstm,2026-04-29,2026-04-30,0.006946186875134918,0.0014102553017437459,0.0007339697086471014,75776.1328125,76304.3203125,75883.0718935239,ensemble
BTC,phase2,lstm,phase2_lstm,2026-04-30,2026-05-01,0.02427150989403538,0.0015880070626735688,0.0006448340933834466,76304.3203125,78179.0,76425.58837385356,ensemble
BTC,phase2,lstm,phase2_lstm,2026-05-01,2026-05-02,0.006098736514783506,0.0017533941660076379,0.0005826330680945979,78179.0,78657.25,78316.19884918495,ensemble
BTC,phase2,lstm,phase2_lstm,2026-05-02,2026-05-03,-0.0015143369624661424,0.0019288417883217336,0.0005614601834035392,78657.25,78538.2265625,78809.11380429717,ensemble
BTC,phase2,lstm,phase2_lstm,2026-05-03,2026-05-04,0.01628767686490818,0.001993322465568781,0.0006249866601082332,78538.2265625,79827.90625,78694.93470695759,ensemble
BTC,phase2,lstm,phase2_lstm,2026-05-04,2026-05-05,0.013675043806522565,0.002028632001020014,0.0006436916912217641,79827.90625,80927.0546875,79990.01206612276,ensemble
BTC,phase2,lstm,phase2_lstm,2026-05-05,2026-05-06,0.006165248057273942,0.0020578318974003194,0.0006587989166121088,80927.0546875,81427.53125,81093.76042936646,ensemble
BTC,phase2,lstm,phase2_lstm,2026-05-06,2026-05-07,-0.017561908350902416,0.0021030063275247813,0.0006646203898482325,81427.53125,80009.9921875,81598.95405189363,ensemble
BTC,phase2,lstm,phase2_lstm,2026-05-07,2026-05-08,0.0022069548930199264,0.002108255960047245,0.000668982162493331,80009.9921875,80186.765625,80178.85166735027,ensemble
BTC,phase2,lstm,phase2_lstm,2026-05-08,2026-05-09,0.005938447031188693,0.0021767207654193044,0.0007244899229322776,80186.765625,80664.3671875,80361.49992774779,ensemble
BTC,phase2,lstm,phase2_lstm,2026-05-09,2026-05-10,0.018115146956791082,0.002156537980772555,0.0007365745369908948,80664.3671875,82138.9296875,80838.51066505644,ensemble
BTC,phase2,lstm,phase2_lstm,2026-05-10,2026-05-11,-0.005011785219488408,0.002045009157154709,0.0007234290220801443,82138.9296875,81728.296875,82307.07642307681,ensemble
BTC,phase2,lstm,phase2_lstm,2026-05-11,2026-05-12,-0.015422747705667463,0.001982241123914719,0.0007237292495817028,81728.296875,80477.4921875,81890.46273887569,ensemble
BTC,phase2,lstm,phase2_lstm,2026-05-12,2026-05-13,-0.015028018231235505,0.0019771137274801733,0.0007397422952083337,80477.4921875,79277.1171875,80636.76273817103,ensemble
BTC,phase2,lstm,phase2_lstm,2026-05-13,2026-05-14,0.022132143698821827,0.0020052025211043656,0.0007951166493241819,79277.1171875,81051.25,79436.24334952253,ensemble
BTC,phase2,lstm,phase2_lstm,2026-05-14,2026-05-15,-0.02480277513696735,0.001981950376648456,0.0008245229157260445,81051.25,79065.6796875,81212.04885049995,ensemble
BTC,phase2,lstm,phase2_lstm,2026-05-15,2026-05-16,-0.011886390842574117,0.0019644166342914103,0.0008751799624128846,79065.6796875,78131.4375,79221.15027839126,ensemble
BTC,phase2,lstm,phase2_lstm,2026-05-16,2026-05-17,-0.009026576797854137,0.0018770089140161873,0.0009702251679434688,78131.4375,77429.3515625,78278.22862568068,ensemble
BTC,phase2,lstm,phase2_lstm,2026-05-17,2026-05-18,-0.006155853649121142,0.0017800501722376794,0.001057734586886521,77429.3515625,76954.171875,77567.30243639782,ensemble
BTC,phase2,lstm,phase2_lstm,2026-05-18,2026-05-19,-0.002644879999712329,0.0015291408009943553,0.0011577201575002304,76954.171875,76750.90625,77071.93565477408,ensemble
BTC,phase2,lstm,phase2_lstm,2026-05-19,2026-05-20,0.009167734783614812,0.0013405449775746093,0.0012974937080439486,76750.90625,77457.7734375,76853.86328574798,ensemble
BTC,phase2,lstm,phase2_lstm,2026-05-20,2026-05-21,0.0010503232153248991,0.0011000509810401126,0.0015029953367731194,77457.7734375,77539.171875,77543.02782064573,ensemble
BTC,phase2,lstm,phase2_lstm,2026-05-21,2026-05-22,-0.026806340702622146,0.0009063724457519129,0.0016624858054036528,77539.171875,75488.2421875,77609.48310312036,ensemble
BTC,phase2,lstm,phase2_lstm,2026-05-22,2026-05-23,0.015577503022418466,0.0007626710081240162,0.0017897686357338314,75488.2421875,76673.3671875,75545.83684136526,ensemble
BTC,phase2,lstm,phase2_lstm,2026-05-23,2026-05-24,0.004005847400396048,0.0005776574442279525,0.0019365312547704836,76673.3671875,76981.125,76717.67092378944,ensemble
BTC,phase2,lstm,phase2_lstm,2026-05-24,2026-05-25,0.003874018128693613,0.00043846280896104873,0.0020309039497181155,76981.125,77279.9296875,77014.8857611827,ensemble
BTC,phase2,lstm,phase2_lstm,2026-05-25,2026-05-26,-0.018996541405031864,0.0003129758522845805,0.002068369943601508,77279.9296875,75825.734375,77304.12022468797,ensemble
BTC,phase2,lstm,phase2_lstm,2026-05-26,2026-05-27,-0.019725310724108713,0.00022584585240110756,0.0021019852409452557,75825.734375,74344.703125,75842.86123655639,ensemble
BTC,phase2,lstm,phase2_lstm,2026-05-27,2026-05-28,-0.010929802661887332,0.00017856041667982936,0.002097611948787814,74344.703125,73536.5546875,74357.97933143514,ensemble
BTC,phase2,lstm,phase2_lstm,2026-05-28,2026-05-29,-0.0022330998228095003,0.0001030356390401721,0.0021182452713304125,73536.5546875,73372.5234375,73544.13196376308,ensemble
BTC,phase2,lstm,phase2_lstm,2026-05-29,2026-05-30,0.005197039654902875,1.4565675519406795e-05,0.0021155815312837467,73372.5234375,73754.8359375,73373.59216565177,ensemble
BTC,phase2,lstm,phase2_lstm,2026-05-30,2026-05-31,-0.002377562514476544,-7.420665351673961e-05,0.002068891965943806,73754.8359375,73579.6875,73749.36304100958,ensemble
BTC,phase2,lstm,phase2_lstm,2026-05-31,2026-06-01,-0.031195386303294676,-0.00018550149397924542,0.0020539811604888356,73579.6875,71319.7734375,73566.03962393205,ensemble
BTC,phase2,lstm,phase2_lstm,2026-06-01,2026-06-02,-0.06691384852525814,-0.0002908112830482423,0.002058625232882714,71319.7734375,66703.65625,71299.03585818711,ensemble
BTC,phase2,lstm,phase2_lstm,2026-06-02,2026-06-03,-0.041152222290191665,-0.0003345216275192797,0.0020164520959483033,66703.65625,64014.3671875,66681.3461661606,ensemble
BTC,phase2,lstm,phase2_lstm,2026-06-03,2026-06-04,-0.003329681149437111,-0.00033640877809375523,0.00194482283947918,64014.3671875,63801.57421875,63992.83581432854,ensemble
BTC,phase2,lstm,phase2_lstm,2026-06-04,2026-06-05,-0.046172542625212365,-0.00035812973510473967,0.0018426817799994315,63801.57421875,60922.66796875,63778.72906888367,ensemble
BTC,phase2,lstm,phase2_lstm,2026-06-05,2026-06-06,-0.0009073630482773938,-0.00024553873809054496,0.0017612554575743367,60922.66796875,60867.4140625,60907.71093007719,ensemble
BTC,phase2,lstm,phase2_lstm,2026-06-06,2026-06-07,0.0382314561194156,-0.00012556732981465756,0.0016818741168975007,60867.4140625,63239.51953125,60859.771583676324,ensemble
BTC,phase2,lstm,phase2_lstm,2026-06-07,2026-06-08,-0.0023577871851843952,3.4681563920457845e-05,0.0016728533346079021,63239.51953125,63090.58984375,63241.71281472195,ensemble
BTC,phase2,lstm,phase2_lstm,2026-06-08,2026-06-09,-0.023199274916972237,8.040232060011477e-05,0.001629882199075104,63090.58984375,61643.78125,63095.66267751253,ensemble
BTC,phase2,lstm,phase2_lstm,2026-06-09,2026-06-10,-0.00316008608540611,0.00010233249049633742,0.0015491448771682418,61643.78125,61449.2890625,61650.08973443488,ensemble
BTC,phase2,lstm,phase2_lstm,2026-06-10,2026-06-11,0.03378866852406486,0.00016628759913146497,0.001459392337572312,61449.2890625,63561.0546875,61459.508166878164,ensemble
BTC,phase2,lstm,phase2_lstm,2026-06-11,2026-06-12,-0.0002809578486747506,0.00020866328850388527,0.0013606062873278782,63561.0546875,63543.19921875,63574.31893002397,ensemble
BTC,phase2,lstm,phase2_lstm,2026-06-12,2026-06-13,0.01372472245570358,0.00021917513950029389,0.0012762149329033595,63543.19921875,64421.32421875,63557.12783465048,ensemble
BTC,phase2,lstm,phase2_lstm,2026-06-13,2026-06-14,0.019812484755317328,0.00020068720186827704,0.0011969840988225345,64421.32421875,65710.3984375,64434.25405143069,ensemble
BTC,phase2,lstm,phase2_lstm,2026-06-14,2026-06-15,0.0087743291428838,0.00014165417960612103,0.0011229071717057224,65710.3984375,66289.5,65719.70724938274,ensemble
BTC,phase2,lstm,phase2_lstm,2026-06-15,2026-06-16,-0.010446052081715382,8.506216399837286e-05,0.0010397884105763553,66289.5,65600.640625,66295.13896814839,ensemble
BTC,phase2,lstm,phase2_lstm,2026-06-16,2026-06-17,-0.01818545153086442,4.976081836502999e-05,0.0009797352897274907,65600.640625,64418.4453125,65603.90504778226,ensemble
BTC,phase2,lstm,phase2_lstm,2026-06-17,2026-06-18,-0.023909926459543353,0.0001552355330204591,0.0009190543044961203,64418.4453125,62896.47265625,64428.44612041473,ensemble
BTC,phase2,lstm,phase2_lstm,2026-06-18,2026-06-19,0.0101927013006599,0.0003048722865059972,0.0008585155610732395,62896.47265625,63540.8359375,62915.65097100166,ensemble
BTC,phase2,lstm,phase2_lstm,2026-06-19,2026-06-20,0.01093823779640829,0.0005271956986689474,0.0007724234854027916,63540.8359375,64239.67578125,63574.34322456881,ensemble
BTC,phase2,lstm,phase2_lstm,2026-06-20,2026-06-21,-0.01572292530514671,0.0007115248787158635,0.0006985739566544891,64239.67578125,63237.5390625,64285.40017386139,ensemble
BTC,phase2,lstm,phase2_lstm,2026-06-21,2026-06-22,0.011236353824842346,0.0008889247867045925,0.000634856109647186,63237.5390625,63952.10546875,63293.777470577064,ensemble
BTC,phase2,lstm,phase2_lstm,2026-06-22,2026-06-23,-0.02028318896027214,0.001069736498175189,0.0005942316744668509,63952.10546875,62668.01953125,64020.553974510156,ensemble
BTC,phase2,lstm,phase2_lstm,2026-06-23,2026-06-24,-0.027057191162537193,0.001221661880845204,0.0006294093625705129,62668.01953125,60995.1328125,62744.6254455945,ensemble
BTC,phase2,lstm,phase2_lstm,2026-06-24,2026-06-25,-0.021099038116469408,0.0013641296420246363,0.0006413985761801466,60995.1328125,59721.67578125,61078.39485838967,ensemble
BTC,phase2,lstm,phase2_lstm,2026-06-25,2026-06-26,0.004923319948585001,0.0015855785924941302,0.0007133018976493543,59721.67578125,60016.4296875,59816.4443034922,ensemble
BTC,phase2,lstm,phase2_lstm,2026-06-26,2026-06-27,-0.0012726617424323222,0.0017943359911441804,0.0008745742156091011,60016.4296875,59940.09765625,60124.216000859524,ensemble
BTC,phase2,lstm,phase2_lstm,2026-06-27,2026-06-28,-0.006825999440473744,0.002012604381889105,0.0010705071025825764,59940.09765625,59532.33984375,60060.85483689794,ensemble
BTC,phase2,lstm,phase2_lstm,2026-06-28,2026-06-29,0.010128530183576383,0.002213011553976685,0.001215895413890062,59532.33984375,60138.37890625,59664.231484694734,ensemble
BTC,phase2,lstm,phase2_lstm,2026-06-29,2026-06-30,-0.026615830286262104,0.0023871468612924216,0.0012990955895297626,60138.37890625,58558.859375,60282.10953350341,ensemble
BTC,phase2,lstm,phase2_lstm,2026-06-30,2026-07-01,0.024374798891813786,0.002525240578688681,0.001344037761192345,58558.859375,60003.7578125,58706.92145043533,ensemble
BTC,phase2,lstm,phase2_lstm,2026-07-01,2026-07-02,0.024390944088390595,0.002637086436152458,0.001438542967164421,60003.7578125,61485.30078125,60162.201731679386,ensemble
BTC,phase2,lstm,phase2_lstm,2026-07-02,2026-07-03,0.01707535974546987,0.0027213230729103088,0.0014819330080615744,61485.30078125,62544.19921875,61652.85002331979,ensemble
BTC,phase2,lstm,phase2_lstm,2026-07-03,2026-07-04,0.00866191238397133,0.002713908883742988,0.0014430900978077551,62544.19921875,63088.3046875,62714.16901358122,ensemble
BTC,phase2,lstm,phase2_lstm,2026-07-04,2026-07-05,0.007258275090508953,0.00268198533449322,0.0013861978044605674,63088.3046875,63547.8828125,63257.73369695,ensemble
BTC,phase2,lstm,phase2_lstm,2026-07-05,2026-07-06,0.007011517689840301,0.0025594085222110153,0.0012361828644572765,63547.8828125,63995.015625,63710.736120512454,ensemble
BTC,phase2,lstm,phase2_lstm,2026-07-06,2026-07-07,-0.01096103180817717,0.0024161089328117668,0.0010614025407183604,63995.015625,63297.39453125,64149.82149251901,ensemble
BTC,phase2,lstm,phase2_lstm,2026-07-07,2026-07-08,-0.016563965519348627,0.0022948467754758894,0.0009092772374316398,63297.39453125,62257.57421875,63442.81915277689,ensemble
BTC,phase2,lstm,phase2_lstm,2026-07-08,2026-07-09,0.014915682336986301,0.0021574779762886464,0.0007863106346256042,62257.57421875,63193.1484375,62392.03856375786,ensemble
BTC,phase2,lstm,phase2_lstm,2026-07-09,2026-07-10,0.01467180052315595,0.0019901100313290954,0.0007173912303031862,63193.1484375,64127.140625,63319.03497860266,ensemble
BTC,phase2,lstm,phase2_lstm,2026-07-10,2026-07-11,-0.005082718606355573,0.0017535826773382723,0.000696899842701668,64127.140625,63802.02734375,64239.691522757894,ensemble
BTC,phase2,lstm,phase2_lstm,2026-07-11,2026-07-12,-0.0006868690961942699,0.001607492403127253,0.0007391801748573407,63802.02734375,63758.21875,63904.671095431826,ensemble
BTC,phase2,lstm,phase2_lstm,2026-07-12,2026-07-13,-0.024114338771437895,0.0014330028905533254,0.0007342556157344262,63758.21875,62239.12109375,63849.64995671089,ensemble
BTC,phase2,lstm,phase2_lstm,2026-07-13,2026-07-14,0.04272810304426096,0.001303254021331668,0.0007293854593257358,62239.12109375,64956.11328125,62320.28735724101,ensemble
BTC,phase2,lstm,phase2_lstm,2026-07-14,2026-07-15,-0.0037594109647903352,0.0012724376865662634,0.0007323266151834424,64956.11328125,64712.375,65038.81849521851,ensemble
BTC,phase2,lstm,phase2_lstm,2026-07-15,2026-07-16,-0.014367279855176223,0.00127155021764338,0.0006882649683482142,64712.375,63789.28125,64794.71237147291,ensemble
BTC,phase2,lstm,phase2_lstm,2026-07-16,2026-07-17,0.0017257545646935989,0.0012174988456536084,0.0006754780703615115,63789.28125,63899.4609375,63866.99192301506,ensemble
BTC,phase2,lstm,phase2_lstm,2026-07-17,2026-07-18,0.01394223164475083,0.0011810081487055868,0.0007381268453004619,63899.4609375,64796.6015625,63974.97130196625,ensemble
BTC,phase2,lstm,phase2_lstm,2026-07-18,2026-07-19,-0.0016340878484766735,0.0011909084336366505,0.0007244555076915731,64796.6015625,64690.8046875,64873.814349325614,ensemble
BTC,phase2,lstm,phase2_lstm,2026-07-19,2026-07-20,0.008300835886390828,0.001177942199865356,0.0007158705226037307,64690.8046875,65230.02734375,64767.05161470488,ensemble
BTC,phase2,lstm,phase2_lstm,2026-07-20,2026-07-21,0.019359107363714313,0.00115961559349671,0.000700024829175419,65230.02734375,66505.125,65305.712975260016,ensemble
BTC,phase2,lstm,phase2_lstm,2026-07-21,2026-07-22,-0.006098209978869257,0.001154833595501259,0.0006659498216529788,66505.125,66100.796875,66581.97171666758,ensemble
BTC,phase2,lstm,phase2_lstm,2026-07-22,2026-07-23,-0.016104346952909084,0.0011550153256393969,0.0006277754048815974,66100.796875,65044.8125,66177.18841663569,ensemble
BTC,phase2,lstm,phase2_lstm,2026-07-23,2026-07-24,-0.014655553654227636,0.0011388488695956767,0.0006395171407865122,65044.8125,64098.49609375,65118.930908010465,ensemble
BTC,phase2,lstm,phase2_lstm,2026-07-24,2026-07-25,0.0033224217714330475,0.0012311146419961005,0.0005944989863156115,64098.49609375,64311.8125,64177.45728598782,ensemble
BTC,phase2,lstm,phase2_lstm,2026-07-25,2026-07-26,0.015865685940396487,0.0012979839113540948,0.0005903380371507638,64311.8125,65340.30078125,64395.34239643853,ensemble
BTC,phase2,lstm,phase2_lstm,2026-07-26,2026-07-27,-0.02503365298859531,0.0013507168041542172,0.0005767070567327552,65340.30078125,63724.8984375,65428.616654943835,ensemble
BTC,phase2,lstm,phase2_lstm,2026-07-27,2026-07-28,0.0022957554728576246,0.001410026545636356,0.0005934179955899301,63724.8984375,63871.36328125,63814.81561382003,ensemble
BTC,phase2,lstm,phase2_lstm,2026-07-28,2026-07-29,0.0005760654802496461,0.0015435430919751524,0.0005381299967254129,63871.36328125,63908.16796875,63970.02760954981,ensemble
BTC,phase2,lstm,phase2_lstm,2026-07-29,2026-07-30,0.01270511594195683,0.0018327726051211358,0.0004520700563344639,63908.16796875,64725.30859375,64025.404509389606,ensemble
BTC,phase2,lstm,phase2_lstm,2026-07-30,2026-07-31,-0.02997835702863742,0.0020362210692837835,0.0005783030658167205,64725.30859375,62813.74609375,64857.237903861205,ensemble
BTC,phase2,lstm,phase2_lstm,2026-07-31,2026-08-01,-0.0008031049841085494,0.002103701955638826,0.0006632862272430869,62813.74609375,62763.3203125,62946.02658482768,ensemble
BTC,phase2,lstm,phase2_lstm,2026-08-01,2026-08-02,0.011385569767075112,0.002090838155709207,0.0006828475230102418,62763.3203125,63482.0,62894.68554124828,ensemble
BTC,phase2,lstm,phase2_lstm,2026-08-02,2026-08-03,-0.0003324575530272348,0.0020146719878539445,0.0006461803628022325,63482.0,63460.8984375,63610.024327342784,ensemble
BTC,phase2,lstm,phase2_lstm,2026-08-03,2026-08-04,0.00933302539348361,0.0018955691717565059,0.0005954559949368952,63460.8984375,64055.953125,63581.30704555865,ensemble
BTC,phase2,lstm,phase2_lstm,2026-08-04,2026-08-05,0.008418741360802475,0.0017971672350540757,0.00055055509277791,64055.953125,64597.5,64171.17589144441,ensemble
BTC,phase2,lstm,phase2_lstm,2026-08-05,2026-08-06,-0.005205470783879128,0.0017606830224394798,0.0005450614867636519,64597.5,64262.11328125,64711.33590660844,ensemble
BTC,phase2,lstm,phase2_lstm,2026-08-06,2026-08-07,0.00957212039536744,0.001634441176429391,0.000609268281392124,64262.11328125,64880.19140625,64367.23180690349,ensemble
BTC,phase2,lstm,phase2_lstm,2026-08-07,2026-08-08,0.00037748764335751974,0.001558551541529596,0.0006821022820562603,64880.19140625,64904.6875,64981.38936921668,ensemble
BTC,phase2,lstm,phase2_lstm,2026-08-08,2026-08-09,-0.0009217877722439945,0.0014928176533430815,0.0007418599209090449,64904.6875,64844.88671875,65001.65071948068,ensemble
BTC,phase2,lstm,phase2_lstm,2026-08-09,2026-08-10,-0.014513048045569134,0.001408792135771364,0.0008245128146806502,64844.88671875,63910.5859375,64936.30406410333,ensemble
BTC,phase2,lstm,phase2_lstm,2026-08-10,2026-08-11,-0.00562851025881392,0.0013034359086304902,0.0009388993285705912,63910.5859375,63551.875,63993.94360403879,ensemble
BTC,phase2,lstm,phase2_lstm,2026-08-11,2026-08-12,-0.0023542560615523694,0.0012144316802732646,0.0010443202325608795,63551.875,63402.43359375,63629.10129387829,ensemble
BTC,phase2,lstm,phase2_lstm,2026-08-12,2026-08-13,-4.127906065128786e-06,0.0011273511918261647,0.0011670492508139448,63402.43359375,63402.171875,63473.95070770405,ensemble
BTC,phase2,lstm,phase2_lstm,2026-08-13,2026-08-14,-0.006750867021094253,0.0010369395138695836,0.001275832329268088,63402.171875,62975.59375,63467.95019045558,ensemble
BTC,phase2,lstm,phase2_lstm,2026-08-14,2026-08-15,0.0007734380660748331,0.0009230118838786438,0.0013772209651039832,62975.59375,63024.3203125,63033.747805739134,ensemble
BTC,phase2,lstm,phase2_lstm,2026-08-15,2026-08-16,-0.0032686473868631834,0.0007599693948577624,0.0014974714891642733,63024.3203125,62818.65234375,63072.23507163836,ensemble
BTC,phase2,lstm,phase2_lstm,2026-08-16,2026-08-17,0.026510137670231988,0.0005382442672271281,0.001663667585801522,62818.65234375,64506.25390625,62852.47322438,ensemble
BTC,phase2,lstm,phase2_lstm,2026-08-17,2026-08-18,0.002700847372800676,0.0003673140425235033,0.0017932196616461014,64506.25390625,64680.7109375,64529.95231125238,ensemble
BTC,phase2,lstm,phase2_lstm,2026-08-18,2026-08-19,0.0684938460027011,0.0002485821838490665,0.0019222711616362499,64680.7109375,69266.1875,64696.79140845424,ensemble
BTC,phase2,lstm,phase2_lstm,2026-08-19,2026-08-20,0.05295120538976306,0.00020429770229384302,0.0019947147934890968,69266.1875,73032.7578125,69280.33986855188,ensemble
BTC,phase2,lstm,phase2_lstm,2026-08-20,2026-08-21,0.07008881775516321,0.000262714980635792,0.0020500330566092795,73032.7578125,78335.1875,73051.94713260506,ensemble
BTC,phase2,lstm,phase2_lstm,2026-08-21,2026-08-22,-0.016108760387506423,0.0003108298289589584,0.0021172366207872304,78335.1875,77083.4140625,78359.54019750842,ensemble
BTC,phase2,lstm,phase2_lstm,2026-08-22,2026-08-23,0.008678138825315892,0.000316158018540591,0.00223748834299791,77083.4140625,77755.265625,77107.7884548291,ensemble
BTC,phase2,lstm,phase2_lstm,2026-08-23,2026-08-24,0.0154319126625293,0.0003593157627619803,0.0022640179102475185,77755.265625,78964.484375,77783.20933758435,ensemble
BTC,phase2,lstm,phase2_lstm,2026-08-24,2026-08-25,-0.005072177186830813,0.00032410899875685574,0.0021458943706524377,78964.484375,78564.9765625,78990.08162289325,ensemble
BTC,phase2,lstm,phase2_lstm,2026-08-25,2026-08-26,0.005868895257053803,0.0003955469117499888,0.0019530432412195376,78564.9765625,79027.421875,78596.05884319582,ensemble
BTC,phase2,lstm,phase2_lstm,2026-08-26,2026-08-27,0.015445797722405792,0.0005363689095247536,0.0015521106707853513,79027.421875,80257.5390625,79069.82109688937,ensemble
BTC,phase2,lstm,phase2_lstm,2026-08-27,2026-08-28,-0.030710027313092664,0.0005921714247961063,0.0010405188372154632,80257.5390625,77830.2890625,80305.0793583704,ensemble
BTC,phase2,lstm,phase2_lstm,2026-08-28,2026-08-29,0.005324638622765287,0.000651876432402787,0.0006975991588692568,77830.2890625,78245.8125,77881.04133397454,ensemble
BTC,phase2,lstm,phase2_lstm,2026-08-29,2026-08-30,-0.007417513856522034,0.0007165063201682642,0.0006392951182114734,78245.8125,77667.5703125,78301.89620894955,ensemble
BTC,phase2,lstm,phase2_lstm,2026-08-30,2026-08-31,0.01128015948027171,0.000733691779896617,0.001006444635378714,77667.5703125,78548.6328125,77724.57527988365,ensemble
BTC,phase2,xgb,phase2_xgb,2025-10-31,2025-11-01,0.004624825172493095,0.0001714617566904053,0.0009460675335561119,109556.1640625,110064.015625,109574.95036536663,ensemble
BTC,phase2,xgb,phase2_xgb,2025-11-01,2025-11-02,0.005216141233319792,0.0007147686730604619,0.0008015237279843527,110064.015625,110639.625,110142.71405763656,ensemble
BTC,phase2,xgb,phase2_xgb,2025-11-02,2025-11-03,-0.03768718290100999,-0.008675227966159582,0.004027515286783701,110639.625,106547.5234375,109683.95236364457,ensemble
BTC,phase2,xgb,phase2_xgb,2025-11-03,2025-11-04,-0.04764085753760775,-0.003417026891838759,0.0022184854291300883,106547.5234375,101590.5234375,106184.0690050833,ensemble
BTC,phase2,xgb,phase2_xgb,2025-11-04,2025-11-05,0.022400061321748738,0.013640865124762059,0.002287744955448027,101590.5234375,103891.8359375,102985.80082575354,ensemble
BTC,phase2,xgb,phase2_xgb,2025-11-05,2025-11-06,-0.025251182491850755,0.0015295624965801836,0.0007032853554593193,103891.8359375,101301.2890625,104050.86658610366,ensemble
BTC,phase2,xgb,phase2_xgb,2025-11-06,2025-11-07,0.02023892596873405,0.017673988081514835,0.0015627544608825261,101301.2890625,103372.40625,103107.60219686739,ensemble
BTC,phase2,xgb,phase2_xgb,2025-11-07,2025-11-08,-0.010603212214200236,-0.008259850274771451,0.0033403201292847608,103372.40625,102282.1171875,102522.08226070013,ensemble
BTC,phase2,xgb,phase2_xgb,2025-11-08,2025-11-09,0.023551839699680072,0.005686659831553698,0.0015389401340901502,102282.1171875,104719.640625,102865.41773880203,ensemble
BTC,phase2,xgb,phase2_xgb,2025-11-09,2025-11-10,0.01212026933646231,-0.009945376683026553,0.0017627281493810746,104719.640625,105996.59375,103683.32616356626,ensemble
BTC,phase2,xgb,phase2_xgb,2025-11-10,2025-11-11,-0.028702546476841843,0.001400127843953669,0.0008014307237207174,105996.59375,102997.46875,106145.10647641381,ensemble
BTC,phase2,xgb,phase2_xgb,2025-11-11,2025-11-12,-0.013039146642676998,0.0013822836335748434,0.0021347733520637536,102997.46875,101663.1875,103139.9389097529,ensemble
BTC,phase2,xgb,phase2_xgb,2025-11-12,2025-11-13,-0.019524742976585432,-0.0024122414877638223,0.0027497521743457356,101663.1875,99697.4921875,101418.24688806119,ensemble
BTC,phase2,xgb,phase2_xgb,2025-11-13,2025-11-14,-0.05462287113659148,0.004608047974761576,0.0027090660456121985,99697.4921875,94397.7890625,100157.9631357666,ensemble
BTC,phase2,xgb,phase2_xgb,2025-11-14,2025-11-15,0.01212310649874722,0.006265733856707811,0.0015943164365177793,94397.7890625,95549.1484375,94991.11736289471,ensemble
BTC,phase2,xgb,phase2_xgb,2025-11-15,2025-11-16,-0.014463938461922525,0.0011651726672425866,0.0013746329947153272,95549.1484375,94177.078125,95660.5445789044,ensemble
BTC,phase2,xgb,phase2_xgb,2025-11-16,2025-11-17,-0.02236838271634354,0.004666008369531483,0.004132323713680695,94177.078125,92093.875,94617.53595057597,ensemble
BTC,phase2,xgb,phase2_xgb,2025-11-17,2025-11-18,0.009241173563305538,0.016254374012351035,0.0029477542597060695,92093.875,92948.875,93603.03528926928,ensemble
BTC,phase2,xgb,phase2_xgb,2025-11-18,2025-11-19,-0.016082377699808928,0.020958271995186805,0.0015137795689036306,92948.875,91465.9921875,94917.48002519929,ensemble
BTC,phase2,xgb,phase2_xgb,2025-11-19,2025-11-20,-0.05429914313161118,0.004942567134276032,0.0027166623900675944,91465.9921875,86631.8984375,91919.18804727889,ensemble
BTC,phase2,xgb,phase2_xgb,2025-11-20,2025-11-21,-0.017950490472289502,0.009203324839472771,0.0031148220872597074,86631.8984375,85090.6875,87432.880133985,ensemble
BTC,phase2,xgb,phase2_xgb,2025-11-21,2025-11-22,-0.00521187239368071,0.003991733372095041,0.0031292107073953293,85090.6875,84648.359375,85431.02565462267,ensemble
BTC,phase2,xgb,phase2_xgb,2025-11-22,2025-11-23,0.025158586579000386,0.011691062431782483,0.0034180199757557128,84648.359375,86805.0078125,85643.7961478532,ensemble
BTC,phase2,xgb,phase2_xgb,2025-11-23,2025-11-24,0.016742357810839485,0.006972588389180601,0.006366051517368783,86805.0078125,88270.5625,87412.37841398928,ensemble
BTC,phase2,xgb,phase2_xgb,2025-11-24,2025-11-25,-0.01057647695675446,0.006990710739046335,0.003200955848759523,88270.5625,87341.890625,88889.79839688957,ensemble
BTC,phase2,xgb,phase2_xgb,2025-11-25,2025-11-26,0.0357225879133364,0.010718131624162196,0.0015020573314193,87341.890625,90518.3671875,88283.0673228352,ensemble
BTC,phase2,xgb,phase2_xgb,2025-11-26,2025-11-27,0.008437806108495432,-0.01733339224010706,0.001740757749788536,90518.3671875,91285.375,88962.89655980433,ensemble
BTC,phase2,xgb,phase2_xgb,2025-11-27,2025-11-28,-0.004018666774419681,-0.000129302020650357,0.0026336571511587155,91285.375,90919.265625,91273.57237962446,ensemble
BTC,phase2,xgb,phase2_xgb,2025-11-28,2025-11-29,-0.00074277862694653,-0.007614322938024998,0.0014505523602204033,90919.265625,90851.7578125,90229.60595305546,ensemble
BTC,phase2,xgb,phase2_xgb,2025-11-29,2025-11-30,-0.005047792573132774,-0.005392021080479026,0.0023117377271506825,90851.7578125,90394.3125,90363.2015556797,ensemble
BTC,phase2,xgb,phase2_xgb,2025-11-30,2025-12-01,-0.04610183805407602,-0.007600628584623337,0.003121920968917029,90394.3125,86321.5703125,89709.86332154422,ensemble
BTC,phase2,xgb,phase2_xgb,2025-12-01,2025-12-02,0.05662099387030378,-0.0032749786972999574,0.0037842776541308857,86321.5703125,91350.203125,86039.33142404509,ensemble
BTC,phase2,xgb,phase2_xgb,2025-12-02,2025-12-03,0.023558262011831657,0.00023651499068364502,0.0027724600490428085,91350.203125,93527.8046875,91371.81137267758,ensemble
BTC,phase2,xgb,phase2_xgb,2025-12-03,2025-12-04,-0.014931972865932171,0.003134160488843918,0.00172300927987782,93527.8046875,92141.625,93821.39567787311,ensemble
BTC,phase2,xgb,phase2_xgb,2025-12-04,2025-12-05,-0.030343059975675362,0.0023497531830798833,0.0032309322916002406,92141.625,89387.7578125,92358.38964861349,ensemble
BTC,phase2,xgb,phase2_xgb,2025-12-05,2025-12-06,-0.0012916460625568118,0.003630253719165921,0.0011592922226147068,89387.7578125,89272.375,89712.84777524692,ensemble
BTC,phase2,xgb,phase2_xgb,2025-12-06,2025-12-07,0.012614572226014349,-0.0031010663486085834,0.0017714437894129661,89272.375,90405.640625,88995.96424757972,ensemble
BTC,phase2,xgb,phase2_xgb,2025-12-07,2025-12-08,0.002591195979813834,-0.009481858648359775,0.0018279827073809805,90405.640625,90640.203125,89552.47829389262,ensemble
BTC,phase2,xgb,phase2_xgb,2025-12-08,2025-12-09,0.022381192698197744,-0.0002441761113004759,0.002235517939739509,90640.203125,92691.7109375,90618.07365452743,ensemble
BTC,phase2,xgb,phase2_xgb,2025-12-09,2025-12-10,-0.007262832846635849,0.003600164339877665,0.001991520240301668,92691.7109375,92020.9453125,93026.0177484649,ensemble
BTC,phase2,xgb,phase2_xgb,2025-12-10,2025-12-11,0.0053149701081481185,-0.001128542551305145,0.0029959795605857637,92020.9453125,92511.3359375,91917.1543373852,ensemble
BTC,phase2,xgb,phase2_xgb,2025-12-11,2025-12-12,-0.024521421452147512,-0.0057897351682186125,0.0011982122814965233,92511.3359375,90270.4140625,91977.26735207615,ensemble
BTC,phase2,xgb,phase2_xgb,2025-12-12,2025-12-13,0.0003134187556330964,-0.007344992831349373,0.0016929301019375214,90270.4140625,90298.7109375,89609.80756324326,ensemble
BTC,phase2,xgb,phase2_xgb,2025-12-13,2025-12-14,-0.02379767101791624,-0.005610668659210205,0.0029318518903696136,90298.7109375,88175.1796875,89793.4934194597,ensemble
BTC,phase2,xgb,phase2_xgb,2025-12-14,2025-12-15,-0.020108914713088392,-0.008868329599499703,0.0037500255350888453,88175.1796875,86419.78125,87396.67027287539,ensemble
BTC,phase2,xgb,phase2_xgb,2025-12-15,2025-12-16,0.016345736935078115,0.0034474633634090424,0.0014375743442649113,86419.78125,87843.984375,86718.22442009757,ensemble
BTC,phase2,xgb,phase2_xgb,2025-12-16,2025-12-17,-0.019544833040854463,0.010507594794034958,0.0024097883714762347,87843.984375,86143.7578125,88771.87980514104,ensemble
BTC,phase2,xgb,phase2_xgb,2025-12-17,2025-12-18,-0.007939728497768105,0.000781596451997757,0.002751650100893087,86143.7578125,85462.5078125,86211.11378713445,ensemble
BTC,phase2,xgb,phase2_xgb,2025-12-18,2025-12-19,0.030433154968407768,0.0017242012429051102,0.0017411411414992542,85462.5078125,88103.3828125,85609.9894821942,ensemble
BTC,phase2,xgb,phase2_xgb,2025-12-19,2025-12-20,0.002727355122150639,0.0018907526973634958,0.0018483216261160472,88103.3828125,88344.0,88270.12210290747,ensemble
BTC,phase2,xgb,phase2_xgb,2025-12-20,2025-12-21,0.0031390280669266876,5.7738562463782725e-05,0.002102082566073818,88344.0,88621.75,88349.10100282317,ensemble
BTC,phase2,xgb,phase2_xgb,2025-12-21,2025-12-22,-0.0014875849588890807,-0.0017703816032735632,0.0015653720740452612,88621.75,88490.015625,88464.99448363387,ensemble
BTC,phase2,xgb,phase2_xgb,2025-12-22,2025-12-23,-0.012234274952953525,-0.00017395576287526637,0.0020519041504553025,88490.015625,87414.0,88474.62361562828,ensemble
BTC,phase2,xgb,phase2_xgb,2025-12-23,2025-12-24,0.002262076104062497,0.009401367325335742,0.0024943415976083627,87414.0,87611.9609375,88239.68633206493,ensemble
BTC,phase2,xgb,phase2_xgb,2025-12-24,2025-12-25,-0.0043148578556266,-0.007748180162161588,0.0008462495884820134,87611.9609375,87234.7421875,86935.75076191005,ensemble
BTC,phase2,xgb,phase2_xgb,2025-12-25,2025-12-26,0.0007641682813230021,-0.0039576692273840305,0.001965647642613566,87234.7421875,87301.4296875,86890.17821764213,ensemble
BTC,phase2,xgb,phase2_xgb,2025-12-26,2025-12-27,0.00571921956587603,0.0007252327312016859,0.0012296609586330122,87301.4296875,87802.15625,87364.76650598092,ensemble
BTC,phase2,xgb,phase2_xgb,2025-12-27,2025-12-28,0.0003835125589097617,-0.001863856165437028,0.0010586167712652661,87802.15625,87835.8359375,87638.65807560713,ensemble
BTC,phase2,xgb,phase2_xgb,2025-12-28,2025-12-29,-0.007974888882579774,0.0020503740524873137,0.0009410780157547182,87835.8359375,87138.140625,88016.11701504758,ensemble
BTC,phase2,xgb,phase2_xgb,2025-12-29,2025-12-30,0.01471809780879094,-0.010520742833614349,0.0020279083862898076,87138.140625,88430.1328125,86226.1882762372,ensemble
BTC,phase2,xgb,phase2_xgb,2025-12-30,2025-12-31,-0.010473099349299821,0.010117830894887447,0.0017675950218199983,88430.1328125,87508.828125,89329.39556505432,ensemble
BTC,phase2,xgb,phase2_xgb,2025-12-31,2026-01-01,0.013880733660550057,-0.0045090295181580585,0.003535619212226526,87508.828125,88731.984375,87115.13648651766,ensemble
BTC,phase2,xgb,phase2_xgb,2026-01-01,2026-01-02,0.013574570130194884,0.0018392539350315928,0.0019968057454468587,88731.984375,89944.6953125,88895.33520220139,ensemble
BTC,phase2,xgb,phase2_xgb,2026-01-02,2026-01-03,0.007294409627148249,-0.0006780644442187622,0.0018244718306398581,89944.6953125,90603.1875,89883.72768498867,ensemble
BTC,phase2,xgb,phase2_xgb,2026-01-03,2026-01-04,0.008903689947606831,0.003425812511704862,0.0015027680713015695,90603.1875,91413.4921875,90914.10930916341,ensemble
BTC,phase2,xgb,phase2_xgb,2026-01-04,2026-01-05,0.02665149838136465,-0.0007908194034826011,0.0037588193757776248,91413.4921875,93882.5546875,91341.22920138988,ensemble
BTC,phase2,xgb,phase2_xgb,2026-01-05,2026-01-06,-0.00163660971149983,-0.004512016172520816,0.004150263859408656,93882.5546875,93729.03125,93459.90929089268,ensemble
BTC,phase2,xgb,phase2_xgb,2026-01-06,2026-01-07,-0.026168967250151644,0.00649744113907218,0.0019205754187047515,93729.03125,91308.0546875,94340.01287266471,ensemble
BTC,phase2,xgb,phase2_xgb,2026-01-07,2026-01-08,-0.003081466892755565,-0.007592774368822575,0.0020221399003683615,91308.0546875,91027.125,90617.39854636158,ensemble
BTC,phase2,xgb,phase2_xgb,2026-01-08,2026-01-09,-0.005662930149506993,-0.003899501939304173,0.0035216285735028083,91027.125,90513.1015625,90672.85573529708,ensemble
BTC,phase2,xgb,phase2_xgb,2026-01-09,2026-01-10,-0.0013980466595052143,-0.003923737537115812,0.0012105824390974593,90513.1015625,90386.6484375,90158.6477549092,ensemble
BTC,phase2,xgb,phase2_xgb,2026-01-10,2026-01-11,0.004865110901100388,-0.013886325247585773,0.0022569766576607305,90386.6484375,90827.4609375,89140.18447085863,ensemble
BTC,phase2,xgb,phase2_xgb,2026-01-11,2026-01-12,0.004016380962680633,-0.00849022315815091,0.002693642516958898,90827.4609375,91192.9921875,90059.57987867545,ensemble
BTC,phase2,xgb,phase2_xgb,2026-01-12,2026-01-13,0.044280285031478225,0.0030509811243973673,0.002892472147435354,91192.9921875,95321.78125,91471.64515165526,ensemble
BTC,phase2,xgb,phase2_xgb,2026-01-13,2026-01-14,0.016723797821879046,0.012909391894936562,0.0032950129366238388,95321.78125,96929.328125,96560.30457155168,ensemble
BTC,phase2,xgb,phase2_xgb,2026-01-14,2026-01-15,-0.014320038274756287,-0.0040007177158258855,0.002163770753364353,96929.328125,95551.1875,96542.31592427238,ensemble
BTC,phase2,xgb,phase2_xgb,2026-01-15,2026-01-16,-0.00027287855188963723,0.004101419914513826,0.0016298292520368109,95551.1875,95525.1171875,95943.88780720954,ensemble
BTC,phase2,xgb,phase2_xgb,2026-01-16,2026-01-17,-0.004461072057980408,0.00012023182353004813,0.0019346275298753677,95525.1171875,95099.921875,95536.60303700085,ensemble
BTC,phase2,xgb,phase2_xgb,2026-01-17,2026-01-18,-0.015529993658124637,-0.002204407809767872,0.0022239498803176038,95099.921875,93634.4296875,94890.51375975282,ensemble
BTC,phase2,xgb,phase2_xgb,2026-01-18,2026-01-19,-0.011610285761608208,0.0038606248097494246,0.003061359465484402,93634.4296875,92553.59375,93996.61577224275,ensemble
BTC,phase2,xgb,phase2_xgb,2026-01-19,2026-01-20,-0.046924255054821146,-0.0018755975877866149,0.002413154204071376,92553.59375,88310.90625,92380.16314667428,ensemble
BTC,phase2,xgb,phase2_xgb,2026-01-20,2026-01-21,0.011999327760148781,0.004278164131392259,0.003793283885575441,88310.90625,89376.9609375,88689.52411874538,ensemble
BTC,phase2,xgb,phase2_xgb,2026-01-21,2026-01-22,0.0009560777691027553,-0.009783957712352276,0.005511414835472316,89376.9609375,89462.453125,88506.7644556975,ensemble
BTC,phase2,xgb,phase2_xgb,2026-01-22,2026-01-23,0.00046290133092210693,-0.010765227768570185,0.004008603605517487,89462.453125,89503.875,88504.53479596092,ensemble
BTC,phase2,xgb,phase2_xgb,2026-01-23,2026-01-24,-0.004402117623558332,-0.006607318483293057,0.0015945123285630283,89503.875,89110.734375,88914.44381654407,ensemble
BTC,phase2,xgb,phase2_xgb,2026-01-24,2026-01-25,-0.028900838361794738,-0.0064951000735163685,0.0019610216027349005,89110.734375,86572.21875,88533.82680195266,ensemble
BTC,phase2,xgb,phase2_xgb,2026-01-25,2026-01-26,0.01938894055131375,0.006042912974953652,0.002681438156845002,86572.21875,88267.140625,87096.9509928,ensemble
BTC,phase2,xgb,phase2_xgb,2026-01-26,2026-01-27,0.00942027656458104,-0.00022168099312693811,0.0020155591328795946,88267.140625,89102.5703125,88247.57564627785,ensemble
BTC,phase2,xgb,phase2_xgb,2026-01-27,2026-01-28,0.0009198645005418251,0.00126536603202112,0.0028170606655901244,89102.5703125,89184.5703125,89215.3890417798,ensemble
BTC,phase2,xgb,phase2_xgb,2026-01-28,2026-01-29,-0.053227949504083015,-0.009605702944099903,0.0026842236352057317,89184.5703125,84561.5859375,88331.991189357,ensemble
BTC,phase2,xgb,phase2_xgb,2026-01-29,2026-01-30,-0.005132847429550004,0.01129881665110588,0.0022474215262468546,84561.5859375,84128.65625,85522.4498832795,ensemble
BTC,phase2,xgb,phase2_xgb,2026-01-30,2026-01-31,-0.06770691927198588,-0.0060812939889729025,0.0022721076036143696,84128.65625,78621.1171875,83618.59763855088,ensemble
BTC,phase2,xgb,phase2_xgb,2026-01-31,2026-02-01,-0.021166842147211495,0.008096490148454904,0.004415320324430938,78621.1171875,76974.4453125,79260.25618811922,ensemble
BTC,phase2,xgb,phase2_xgb,2026-02-01,2026-02-02,0.022026908157821636,0.011046218033879996,0.003446352105717759,76974.4453125,78688.765625,77829.43532779194,ensemble
BTC,phase2,xgb,phase2_xgb,2026-02-02,2026-02-03,-0.03960046937497693,0.0055439281044527885,0.003204228541396797,78688.765625,75633.546875,79126.221977096,ensemble
BTC,phase2,xgb,phase2_xgb,2026-02-03,2026-02-04,-0.035170615941758965,0.01412224117666483,0.0034793382442286844,75633.546875,73019.703125,76709.23978461596,ensemble
BTC,phase2,xgb,phase2_xgb,2026-02-04,2026-02-05,-0.1523344080304475,0.002919482591096312,0.005016981054746298,73019.703125,62702.09765625,73233.19436742438,ensemble
BTC,phase2,xgb,phase2_xgb,2026-02-05,2026-02-06,0.118003181433477,0.01335572749376297,0.004578535649345691,62702.09765625,70555.390625,63545.147023065256,ensemble
BTC,phase2,xgb,phase2_xgb,2026-02-06,2026-02-07,-0.018213402812750957,0.0032302157022058966,0.004662033916185516,70555.390625,69281.96875,70783.66825016384,ensemble
BTC,phase2,xgb,phase2_xgb,2026-02-07,2026-02-08,0.01408523588474713,0.009625930339097977,0.002950205664496258,69281.96875,70264.7265625,69952.09226168352,ensemble
BTC,phase2,xgb,phase2_xgb,2026-02-08,2026-02-09,-0.0020507154219692207,-0.002305059228092432,0.004635695777171544,70264.7265625,70120.78125,70102.94873149999,ensemble
BTC,phase2,xgb,phase2_xgb,2026-02-09,2026-02-10,-0.01910323758989731,-0.0011714469408616423,0.002244944767100032,70120.78125,68793.9609375,70038.68656948316,ensemble
BTC,phase2,xgb,phase2_xgb,2026-02-10,2026-02-11,-0.026543221212374526,0.0068507389398291705,0.004152692295180107,68793.9609375,66991.96875,69266.8684378691,ensemble
BTC,phase2,xgb,phase2_xgb,2026-02-11,2026-02-12,-0.01156236827483507,-0.0031292006082367153,0.002189211904256326,66991.96875,66221.84375,66782.66508800369,ensemble
BTC,phase2,xgb,phase2_xgb,2026-02-12,2026-02-13,0.03903376935715579,-0.004765924089588225,0.0022314544094111056,66221.84375,68857.84375,65906.98635880086,ensemble
BTC,phase2,xgb,phase2_xgb,2026-02-13,2026-02-14,0.013125933067848304,-0.007626807317137718,0.001287050214215196,68857.84375,69767.625,68334.67582988091,ensemble
BTC,phase2,xgb,phase2_xgb,2026-02-14,2026-02-15,-0.014138040068878806,0.00867106458172202,0.003766934309003046,69767.625,68788.1875,70375.21500123905,ensemble
BTC,phase2,xgb,phase2_xgb,2026-02-15,2026-02-16,0.0007987824782500607,0.0013209504424594343,0.002654627397616701,68788.1875,68843.15625,68879.11332774886,ensemble
BTC,phase2,xgb,phase2_xgb,2026-02-16,2026-02-17,-0.019788873300286218,-0.0009111204220971558,0.003755117846689163,68843.15625,67494.21875,68780.46041048608,ensemble
BTC,phase2,xgb,phase2_xgb,2026-02-17,2026-02-18,-0.015963632260214883,-0.001556220999918878,0.003817169300457354,67494.21875,66425.3203125,67389.2645165809,ensemble
BTC,phase2,xgb,phase2_xgb,2026-02-18,2026-02-19,0.007980125994704771,0.012537234835326672,0.0037123583126573273,66425.3203125,66957.5234375,67263.35247834747,ensemble
BTC,phase2,xgb,phase2_xgb,2026-02-19,2026-02-20,0.015528995656632263,-0.0035386802512221037,0.003260829337631189,66957.5234375,68005.421875,66721.00090726063,ensemble
BTC,phase2,xgb,phase2_xgb,2026-02-20,2026-02-21,-2.4354972344490844e-05,0.0036459934432059526,0.0012332174685237248,68005.421875,68003.765625,68253.82175425377,ensemble
BTC,phase2,xgb,phase2_xgb,2026-02-21,2026-02-22,-0.005076923598302017,-0.00201057598751504,0.0036183118533113156,68003.765625,67659.390625,67867.1762444507,ensemble
BTC,phase2,xgb,phase2_xgb,2026-02-22,2026-02-23,-0.04601267313564273,-0.013931588269770145,0.0009518080770957576,67659.390625,64616.73828125,66723.32344350315,ensemble
BTC,phase2,xgb,phase2_xgb,2026-02-23,2026-02-24,-0.00834051043874472,-0.009718083404004573,0.003825901819171308,64616.73828125,64080.04296875,63991.82880861502,ensemble
BTC,phase2,xgb,phase2_xgb,2026-02-24,2026-02-25,0.05878816281087323,-0.00044626047601923344,0.002006092095461012,64080.04296875,67960.125,64051.452958041795,ensemble
BTC,phase2,xgb,phase2_xgb,2026-02-25,2026-02-26,-0.007478610812400483,0.03005121126770973,0.0022340451462532565,67960.125,67453.7734375,70033.40534193431,ensemble
BTC,phase2,xgb,phase2_xgb,2026-02-26,2026-02-27,-0.023580345399758597,-0.009734454657882452,0.002771751248162465,67453.7734375,65881.796875,66800.33333993937,ensemble
BTC,phase2,xgb,phase2_xgb,2026-02-27,2026-02-28,0.016768637200983844,-0.009453868679702281,0.0026686921238565963,65881.796875,66995.859375,65261.89387674246,ensemble
BTC,phase2,xgb,phase2_xgb,2026-02-28,2026-03-01,-0.018952127255243773,-0.012458976171910763,0.0029315817606901705,66995.859375,65738.1015625,66166.33778454975,ensemble
BTC,phase2,xgb,phase2_xgb,2026-03-01,2026-03-02,0.04517399874225875,-0.00040517670568078755,0.0051554389079463605,65738.1015625,68775.8515625,65711.47141039417,ensemble
BTC,phase2,xgb,phase2_xgb,2026-03-02,2026-03-03,-0.007035921401254354,0.004415566055104137,0.0005766518715766561,68775.8515625,68293.6484375,69080.20733507173,ensemble
BTC,phase2,xgb,phase2_xgb,2026-03-03,2026-03-04,0.06267011054362281,-0.010206098016351462,0.0035385998793084116,68293.6484375,72710.578125,67600.18158253729,ensemble
BTC,phase2,xgb,phase2_xgb,2026-03-04,2026-03-05,-0.026047184090688055,-0.0011275680619291962,0.00268033391426035,72710.578125,70841.125,72628.63820444215,ensemble
BTC,phase2,xgb,phase2_xgb,2026-03-05,2026-03-06,-0.03892676222985379,-0.005315030505880713,0.0037502249836159187,70841.125,68136.4921875,70465.60110406669,ensemble
BTC,phase2,xgb,phase2_xgb,2026-03-06,2026-03-07,-0.012760002816373808,-0.0011680559953674674,0.001746991084656342,68136.4921875,67272.59375,68056.9514123802,ensemble
BTC,phase2,xgb,phase2_xgb,2026-03-07,2026-03-08,-0.019556151272463178,-0.00970196919515729,0.004278948172232707,67272.59375,65969.78125,66623.07302762294,ensemble
BTC,phase2,xgb,phase2_xgb,2026-03-08,2026-03-09,0.036210883133673905,-0.009906836412847042,0.0036035369420597224,65969.78125,68402.3828125,65319.45607041008,ensemble
BTC,phase2,xgb,phase2_xgb,2026-03-09,2026-03-10,0.022043063053682945,0.004108930146321655,0.002317802891827373,68402.3828125,69926.921875,68684.02164621618,ensemble
BTC,phase2,xgb,phase2_xgb,2026-03-10,2026-03-11,0.003967140831024369,-0.003374090138822794,0.0027634644664678407,69926.921875,70204.8828125,69691.37973113621,ensemble
BTC,phase2,xgb,phase2_xgb,2026-03-11,2026-03-12,0.004102088510358853,-0.009472196828573943,0.0016876209543433185,70204.8828125,70493.4609375,69543.02790276127,ensemble
BTC,phase2,xgb,phase2_xgb,2026-03-12,2026-03-13,0.006712861238543366,-0.011228654719889163,0.0026439262785233858,70493.4609375,70968.265625,69706.34162030007,ensemble
BTC,phase2,xgb,phase2_xgb,2026-03-13,2026-03-14,0.0034653905327112298,-0.00024194091092795135,0.001514570921924664,70968.265625,71214.625,70951.09757507828,ensemble
BTC,phase2,xgb,phase2_xgb,2026-03-14,2026-03-15,0.021879197879022205,-0.012976120971143246,0.0034029932544023707,71214.625,72789.9140625,70296.50511115156,ensemble
BTC,phase2,xgb,phase2_xgb,2026-03-15,2026-03-16,0.028056806108927662,-0.003902489203028381,0.004363459878145486,72789.9140625,74861.0859375,72506.40576262688,ensemble
BTC,phase2,xgb,phase2_xgb,2026-03-16,2026-03-17,-0.012617278563279094,-0.0012829402810893952,0.0030633683071185787,74861.0859375,73922.4765625,74765.10521679593,ensemble
BTC,phase2,xgb,phase2_xgb,2026-03-17,2026-03-18,-0.03688417423341742,0.012585554830729961,0.0021371501479775846,73922.4765625,71245.578125,74858.7111021009,ensemble
BTC,phase2,xgb,phase2_xgb,2026-03-18,2026-03-19,-0.01888416104762736,-0.013828059285879135,0.0037357044509491464,71245.578125,69912.7890625,70267.17037748828,ensemble
BTC,phase2,xgb,phase2_xgb,2026-03-19,2026-03-20,0.008684431647448684,-0.008866117615252734,0.0015980017235453278,69912.7890625,70522.5859375,69295.67380261289,ensemble
BTC,phase2,xgb,phase2_xgb,2026-03-20,2026-03-21,-0.026016105631017767,-0.0010447705746628344,0.0011002305937070952,70522.5859375,68711.5234375,70448.94449077026,ensemble
BTC,phase2,xgb,phase2_xgb,2026-03-21,2026-03-22,-0.012688120086084904,-0.0022382126917364076,0.002281538546068501,68711.5234375,67845.2109375,68557.90441382864,ensemble
BTC,phase2,xgb,phase2_xgb,2026-03-22,2026-03-23,0.04425119303469704,-0.00024422050919383766,0.0019261052094800423,67845.2109375,70914.859375,67828.64376864202,ensemble
BTC,phase2,xgb,phase2_xgb,2026-03-23,2026-03-24,-0.005613991531695598,-0.00872207349166274,0.0016914821170561686,70914.859375,70517.859375,70299.02434319368,ensemble
BTC,phase2,xgb,phase2_xgb,2026-03-24,2026-03-25,0.011168924480813245,0.008516307920217514,0.0004224052449275817,70517.859375,71309.8828125,71120.97569625833,ensemble
BTC,phase2,xgb,phase2_xgb,2026-03-25,2026-03-26,-0.03595291880741613,0.00028745311428792777,0.0014533678747591968,71309.8828125,68791.625,71330.38400681887,ensemble
BTC,phase2,xgb,phase2_xgb,2026-03-26,2026-03-27,-0.03631346968520713,0.005418880144134164,0.0013267499920191956,68791.625,66338.375,69165.41040529008,ensemble
BTC,phase2,xgb,phase2_xgb,2026-03-27,2026-03-28,-0.0002816215791388498,-0.003585483384085819,0.0021388960995042984,66338.375,66319.6953125,66100.94576236316,ensemble
BTC,phase2,xgb,phase2_xgb,2026-03-28,2026-03-29,-0.005515409833700628,-0.008063431549817323,0.0028949286588448604,66319.6953125,65954.921875,65787.08122339786,ensemble
BTC,phase2,xgb,phase2_xgb,2026-03-29,2026-03-30,0.011105181731209317,-0.008115168195217848,0.003214632665444183,65954.921875,66691.4453125,65421.8524900209,ensemble
BTC,phase2,xgb,phase2_xgb,2026-03-30,2026-03-31,0.022856210162579323,-0.004557754728011787,0.0021450550747299166,66691.4453125,68233.3125,66388.17370609946,ensemble
BTC,phase2,xgb,phase2_xgb,2026-03-31,2026-04-01,-0.002270644254019965,0.00884017264470458,0.0026076219032902387,68233.3125,68078.5546875,68839.18080719368,ensemble
BTC,phase2,xgb,phase2_xgb,2026-04-01,2026-04-02,-0.017634149228875802,0.008528877049684525,0.001538837805418703,68078.5546875,66888.5703125,68661.671440958,ensemble
BTC,phase2,xgb,phase2_xgb,2026-04-02,2026-04-03,0.0006356502125007872,0.0029717721015913414,0.0019558927940934085,66888.5703125,66931.1015625,67087.6435533132,ensemble
BTC,phase2,xgb,phase2_xgb,2026-04-03,2026-04-04,0.005355544495529739,0.0034172132844105365,0.0015052732610487804,66931.1015625,67290.515625,67160.2106462531,ensemble
BTC,phase2,xgb,phase2_xgb,2026-04-04,2026-04-05,0.024824828794848448,0.0020137133076786997,0.002634791542449886,67290.515625,68981.8984375,67426.15595632917,ensemble
BTC,phase2,xgb,phase2_xgb,2026-04-05,2026-04-06,-0.0017711667933321205,-0.004601250938139856,0.0034857002444372187,68981.8984375,68859.828125,68665.22451938642,ensemble
BTC,phase2,xgb,phase2_xgb,2026-04-06,2026-04-07,0.043769250088650125,-0.0029106421978212895,0.0016827485287290633,68859.828125,71940.703125,68659.69320538832,ensemble
BTC,phase2,xgb,phase2_xgb,2026-04-07,2026-04-08,-0.011426386592901714,0.0005457583029055968,0.0011996391496303645,71940.703125,71123.359375,71979.97607684231,ensemble
BTC,phase2,xgb,phase2_xgb,2026-04-08,2026-04-09,0.00902047398791368,-0.0036497166380286216,0.002264851746352535,71123.359375,71767.828125,70864.25238809515,ensemble
BTC,phase2,xgb,phase2_xgb,2026-04-09,2026-04-10,0.01673607145352826,0.014080270752310753,0.0029147995420605952,71767.828125,72979.046875,72785.4862141743,ensemble
BTC,phase2,xgb,phase2_xgb,2026-04-10,2026-04-11,0.0010302658186926742,0.00043271877220831814,0.0018514165395246474,72979.046875,73054.2734375,73010.63311204668,ensemble
BTC,phase2,xgb,phase2_xgb,2026-04-11,2026-04-12,-0.03200195641601119,-0.005679117795079946,0.0015377570405129281,73054.2734375,70753.40625,72640.56547326685,ensemble
BTC,phase2,xgb,phase2_xgb,2026-04-12,2026-04-13,0.05139225778223328,0.005448799347504973,0.0029112463230395536,70753.40625,74484.640625,71139.97958765623,ensemble
BTC,phase2,xgb,phase2_xgb,2026-04-13,2026-04-14,-0.004076670658997154,-0.004963688226416707,0.0026721518931033038,74484.640625,74181.609375,74115.83815872946,ensemble
BTC,phase2,xgb,phase2_xgb,2026-04-14,2026-04-15,0.00836950468372944,0.0001263833313714713,0.0013022361081448143,74181.609375,74805.078125,74190.98528638629,ensemble
BTC,phase2,xgb,phase2_xgb,2026-04-15,2026-04-16,0.004628724487070657,0.0026411799204652197,0.002854781015480743,74805.078125,75152.1328125,75002.91293895649,ensemble
BTC,phase2,xgb,phase2_xgb,2026-04-16,2026-04-17,0.025937296578403095,0.005782956816256046,0.0009093474689226532,75152.1328125,77126.875,75587.9934180425,ensemble
BTC,phase2,xgb,phase2_xgb,2026-04-17,2026-04-18,-0.018327445076503752,-0.004122620145790279,0.0017555733482062653,77126.875,75726.2109375,76809.56471564545,ensemble
BTC,phase2,xgb,phase2_xgb,2026-04-18,2026-04-19,-0.025002336494923415,0.0003088706711423583,0.002113226322346646,75726.2109375,73856.3515625,75749.60415564885,ensemble
BTC,phase2,xgb,phase2_xgb,2026-04-19,2026-04-20,0.02693259727225901,-0.006497265584766865,0.0022250643203195228,73856.3515625,75872.5234375,73378.04276355346,ensemble
BTC,phase2,xgb,phase2_xgb,2026-04-20,2026-04-21,0.006309747501944813,-0.005282162223011255,0.0014955750371801765,75872.5234375,76352.7734375,75472.8090678822,ensemble
BTC,phase2,xgb,phase2_xgb,2026-04-21,2026-04-22,0.02394495237334366,0.00831966744735837,0.0014423459292870035,76352.7734375,78203.1015625,76990.65291441257,ensemble
BTC,phase2,xgb,phase2_xgb,2026-04-22,2026-04-23,0.0008417038623198857,-0.0162623580545187,0.001921364705187115,78203.1015625,78268.953125,76941.61985877203,ensemble
BTC,phase2,xgb,phase2_xgb,2026-04-23,2026-04-24,-0.010449855400701123,0.0010358799481764436,0.001746688978971786,78268.953125,77455.3125,78350.07237175378,ensemble
BTC,phase2,xgb,phase2_xgb,2026-04-24,2026-04-25,0.0020210985800430967,0.004053869307972491,0.0019044260265833892,77455.3125,77612.015625,77769.94351971695,ensemble
BTC,phase2,xgb,phase2_xgb,2026-04-25,2026-04-26,0.01338122502813899,0.004420993709936738,0.002085188247132339,77612.015625,78657.5390625,77955.89744747806,ensemble
BTC,phase2,xgb,phase2_xgb,2026-04-26,2026-04-27,-0.016547994707933746,0.0028010522539261727,0.00245451052534465,78657.5390625,77366.625,78878.17179723369,ensemble
BTC,phase2,xgb,phase2_xgb,2026-04-27,2026-04-28,-0.013218654490737211,0.0042390507645905014,0.001401307941311028,77366.625,76350.671875,77695.28215589236,ensemble
BTC,phase2,xgb,phase2_xgb,2026-04-28,2026-04-29,-0.0075534590417408835,-0.002716468482685741,0.0022685390647958457,76350.671875,75776.1328125,76143.54912979108,ensemble
BTC,phase2,xgb,phase2_xgb,2026-04-29,2026-04-30,0.006946186875134918,0.002225296253891429,0.0014386548267066072,75776.1328125,76304.3203125,75944.94491579024,ensemble
BTC,phase2,xgb,phase2_xgb,2026-04-30,2026-05-01,0.02427150989403538,-0.00028028774349877497,0.0024156175647394177,76304.3203125,78179.0,76282.9361437406,ensemble
BTC,phase2,xgb,phase2_xgb,2026-05-01,2026-05-02,0.006098736514783506,0.0023921454092487695,0.0012742129528642867,78179.0,78657.25,78366.23939859596,ensemble
BTC,phase2,xgb,phase2_xgb,2026-05-02,2026-05-03,-0.0015143369624661424,0.0015842214575968682,0.0007361321941696768,78657.25,78538.2265625,78781.95926070644,ensemble
BTC,phase2,xgb,phase2_xgb,2026-05-03,2026-05-04,0.01628767686490818,0.004028050787746906,0.0012941094933988488,78538.2265625,79827.90625,78855.22053317272,ensemble
BTC,phase2,xgb,phase2_xgb,2026-05-04,2026-05-05,0.013675043806522565,0.004055077544762753,0.002534300595800027,79827.90625,80927.0546875,80152.27181936865,ensemble
BTC,phase2,xgb,phase2_xgb,2026-05-05,2026-05-06,0.006165248057273942,-0.0022166805807501077,0.0011443953254492221,80927.0546875,81427.53125,80747.86393462171,ensemble
BTC,phase2,xgb,phase2_xgb,2026-05-06,2026-05-07,-0.017561908350902416,-0.0011938061041291803,0.0020515832581666166,81427.53125,80009.9921875,81330.38056722669,ensemble
BTC,phase2,xgb,phase2_xgb,2026-05-07,2026-05-08,0.0022069548930199264,-0.001286360784433782,0.0010565990699215797,80009.9921875,80186.765625,79907.13664004163,ensemble
BTC,phase2,xgb,phase2_xgb,2026-05-08,2026-05-09,0.005938447031188693,0.0032352400477975605,0.000788592599719916,80186.765625,80664.3671875,80446.60916191808,ensemble
BTC,phase2,xgb,phase2_xgb,2026-05-09,2026-05-10,0.018115146956791082,0.0034196408465504645,0.0019479759660587233,80664.3671875,82138.9296875,80940.68253274813,ensemble
BTC,phase2,xgb,phase2_xgb,2026-05-10,2026-05-11,-0.005011785219488408,-0.0005860563134774566,0.0027710533498199502,82138.9296875,81728.296875,82090.8057522198,ensemble
BTC,phase2,xgb,phase2_xgb,2026-05-11,2026-05-12,-0.015422747705667463,-0.00023347162641584873,0.002753524209345717,81728.296875,80477.4921875,81709.21786389494,ensemble
BTC,phase2,xgb,phase2_xgb,2026-05-12,2026-05-13,-0.015028018231235505,-0.0010529583669267595,0.0009617632198104919,80477.4921875,79277.1171875,80392.79733665305,ensemble
BTC,phase2,xgb,phase2_xgb,2026-05-13,2026-05-14,0.022132143698821827,0.0016643666735035368,0.0012598715052362264,79277.1171875,81051.25,79409.17324368356,ensemble
BTC,phase2,xgb,phase2_xgb,2026-05-14,2026-05-15,-0.02480277513696735,0.003933057468384504,0.0011938991735859186,81051.25,79065.6796875,81370.6569353101,ensemble
BTC,phase2,xgb,phase2_xgb,2026-05-15,2026-05-16,-0.011886390842574117,-0.0021824515191838146,0.0008830339631795438,79065.6796875,78131.4375,78893.3108364985,ensemble
BTC,phase2,xgb,phase2_xgb,2026-05-16,2026-05-17,-0.009026576797854137,0.00021495258552022277,0.0016605269948258945,78131.4375,77429.3515625,78148.23385964683,ensemble
BTC,phase2,xgb,phase2_xgb,2026-05-17,2026-05-18,-0.006155853649121142,0.0026629371646777144,0.001736575094687455,77429.3515625,76954.171875,77635.81583910316,ensemble
BTC,phase2,xgb,phase2_xgb,2026-05-18,2026-05-19,-0.002644879999712329,0.003081230376847088,0.0012622209858382184,76954.171875,76750.90625,77191.65108319622,ensemble
BTC,phase2,xgb,phase2_xgb,2026-05-19,2026-05-20,0.009167734783614812,0.00463285765144974,0.0024160659611047004,76750.90625,77457.7734375,77107.30721327728,ensemble
BTC,phase2,xgb,phase2_xgb,2026-05-20,2026-05-21,0.0010503232153248991,-0.003913836600258946,0.0015450573598196737,77457.7734375,77539.171875,77155.20884925201,ensemble
BTC,phase2,xgb,phase2_xgb,2026-05-21,2026-05-22,-0.026806340702622146,-0.001292935642413795,0.0024693870046471203,77539.171875,75488.2421875,77438.98349851795,ensemble
BTC,phase2,xgb,phase2_xgb,2026-05-22,2026-05-23,0.015577503022418466,0.0029404221568256617,0.001580143383601613,75488.2421875,76673.3671875,75710.53614628452,ensemble
BTC,phase2,xgb,phase2_xgb,2026-05-23,2026-05-24,0.004005847400396048,-0.0010293169994838535,0.0016007979460784948,76673.3671875,76981.125,76594.48659078026,ensemble
BTC,phase2,xgb,phase2_xgb,2026-05-24,2026-05-25,0.003874018128693613,-0.0004922818916384131,0.002040370326860328,76981.125,77279.9296875,76943.23791249323,ensemble
BTC,phase2,xgb,phase2_xgb,2026-05-25,2026-05-26,-0.018996541405031864,0.0021649944130331276,0.0011844072841909145,77279.9296875,75825.734375,77447.42154756133,ensemble
BTC,phase2,xgb,phase2_xgb,2026-05-26,2026-05-27,-0.019725310724108713,0.005648441333323717,0.0018787161888942467,75825.734375,74344.703125,76255.24347369368,ensemble
BTC,phase2,xgb,phase2_xgb,2026-05-27,2026-05-28,-0.010929802661887332,0.0007063015189487487,0.0017907274132508112,74344.703125,73536.5546875,74397.23144997715,ensemble
BTC,phase2,xgb,phase2_xgb,2026-05-28,2026-05-29,-0.0022330998228095003,-0.0017657025018706918,0.0006564639012220147,73536.5546875,73372.5234375,73406.82557412412,ensemble
BTC,phase2,xgb,phase2_xgb,2026-05-29,2026-05-30,0.005197039654902875,0.00510985367000103,0.0010290288783194451,73372.5234375,73754.8359375,73748.40582979922,ensemble
BTC,phase2,xgb,phase2_xgb,2026-05-30,2026-05-31,-0.002377562514476544,0.003995189722627401,0.001389328632455999,73754.8359375,73579.6875,74050.08990511447,ensemble
BTC,phase2,xgb,phase2_xgb,2026-05-31,2026-06-01,-0.031195386303294676,0.00402725778403692,0.0029874535498439266,73579.6875,71319.7734375,73876.60935835433,ensemble
BTC,phase2,xgb,phase2_xgb,2026-06-01,2026-06-02,-0.06691384852525814,5.579795688390732e-05,0.003849307458513209,71319.7734375,66703.65625,71323.75304616921,ensemble
BTC,phase2,xgb,phase2_xgb,2026-06-02,2026-06-03,-0.041152222290191665,0.009717449825257064,0.002299889247163312,66703.65625,64014.3671875,67355.00528304164,ensemble
BTC,phase2,xgb,phase2_xgb,2026-06-03,2026-06-04,-0.003329681149437111,0.0055810512509197,0.0023960691271146784,64014.3671875,63801.57421875,64372.63347287537,ensemble
BTC,phase2,xgb,phase2_xgb,2026-06-04,2026-06-05,-0.046172542625212365,0.004544695012737065,0.0037822054611312715,63801.57421875,60922.66796875,64092.192801108686,ensemble
BTC,phase2,xgb,phase2_xgb,2026-06-05,2026-06-06,-0.0009073630482773938,0.0050670315977185965,0.0023191322600207053,60922.66796875,60867.4140625,61232.14846393486,ensemble
BTC,phase2,xgb,phase2_xgb,2026-06-06,2026-06-07,0.0382314561194156,0.00550734787248075,0.002200234185367618,60867.4140625,63239.51953125,61203.556863886384,ensemble
BTC,phase2,xgb,phase2_xgb,2026-06-07,2026-06-08,-0.0023577871851843952,-0.0027686084620654585,0.003733449228636159,63239.51953125,63090.58984375,63064.676210371654,ensemble
BTC,phase2,xgb,phase2_xgb,2026-06-08,2026-06-09,-0.023199274916972237,-0.004062068648636341,0.0030661338407719555,63090.58984375,61643.78125,62834.831342692516,ensemble
BTC,phase2,xgb,phase2_xgb,2026-06-09,2026-06-10,-0.00316008608540611,0.004508493475441355,0.0038706502244865177,61643.78125,61449.2890625,61922.32927972878,ensemble
BTC,phase2,xgb,phase2_xgb,2026-06-10,2026-06-11,0.03378866852406486,0.0009558818768709898,0.004094680928397677,61449.2890625,63561.0546875,61508.0554066285,ensemble
BTC,phase2,xgb,phase2_xgb,2026-06-11,2026-06-12,-0.0002809578486747506,-0.0024833507486619055,0.0013617144435629305,63561.0546875,63543.19921875,63403.40612411363,ensemble
BTC,phase2,xgb,phase2_xgb,2026-06-12,2026-06-13,0.01372472245570358,-0.0010318033630028367,0.0036181222212456174,63543.19921875,64421.32421875,63477.66894509223,ensemble
BTC,phase2,xgb,phase2_xgb,2026-06-13,2026-06-14,0.019812484755317328,-0.0009797061618883162,0.0018142046910317666,64421.32421875,65710.3984375,64358.24115693379,ensemble
BTC,phase2,xgb,phase2_xgb,2026-06-14,2026-06-15,0.0087743291428838,-0.0010948904207907617,0.0025781922425907704,65710.3984375,66289.5,65638.4921236549,ensemble
BTC,phase2,xgb,phase2_xgb,2026-06-15,2026-06-16,-0.010446052081715382,0.0018352404760662467,0.0011927310038404577,66289.5,65600.640625,66411.26887694649,ensemble
BTC,phase2,xgb,phase2_xgb,2026-06-16,2026-06-17,-0.01818545153086442,0.006071117240935564,0.002366679368511614,65600.640625,64418.4453125,66000.12122507475,ensemble
BTC,phase2,xgb,phase2_xgb,2026-06-17,2026-06-18,-0.023909926459543353,-0.006517709139734507,0.003023279667734517,64418.4453125,62896.47265625,63999.9499198333,ensemble
BTC,phase2,xgb,phase2_xgb,2026-06-18,2026-06-19,0.0101927013006599,0.0039086578181013465,0.001588346948660446,62896.47265625,63540.8359375,63142.794526179554,ensemble
BTC,phase2,xgb,phase2_xgb,2026-06-19,2026-06-20,0.01093823779640829,0.0005257973272819072,0.002691005877138208,63540.8359375,64239.67578125,63574.25432408846,ensemble
BTC,phase2,xgb,phase2_xgb,2026-06-20,2026-06-21,-0.01572292530514671,0.0020282028788642494,0.002076019855962244,64239.67578125,63237.5390625,64370.09909436722,ensemble
BTC,phase2,xgb,phase2_xgb,2026-06-21,2026-06-22,0.011236353824842346,0.0005511179042514414,0.002356061471369812,63237.5390625,63952.10546875,63272.400007861346,ensemble
BTC,phase2,xgb,phase2_xgb,2026-06-22,2026-06-23,-0.02028318896027214,0.010578238405287266,0.001629858750121419,63952.10546875,62668.01953125,64632.19682940302,ensemble
BTC,phase2,xgb,phase2_xgb,2026-06-23,2026-06-24,-0.027057191162537193,0.001482114987447858,0.0016201014750315767,62668.01953125,60995.1328125,62760.96960656578,ensemble
BTC,phase2,xgb,phase2_xgb,2026-06-24,2026-06-25,-0.021099038116469408,0.0030086866434430705,0.002407679577471486,60995.1328125,59721.67578125,61178.92440091354,ensemble
BTC,phase2,xgb,phase2_xgb,2026-06-25,2026-06-26,0.004923319948585001,0.0043397424276918175,0.0029830316865911395,59721.67578125,60016.4296875,59981.415665941764,ensemble
BTC,phase2,xgb,phase2_xgb,2026-06-26,2026-06-27,-0.0012726617424323222,0.0005491076211910695,0.0011695518088542843,60016.4296875,59940.09765625,60049.39421614675,ensemble
BTC,phase2,xgb,phase2_xgb,2026-06-27,2026-06-28,-0.006825999440473744,0.0006609992815356236,0.0011900673945062091,59940.09765625,59532.33984375,59979.731115136834,ensemble
BTC,phase2,xgb,phase2_xgb,2026-06-28,2026-06-29,0.010128530183576383,0.005871250969357788,0.0034785356709340384,59532.33984375,60138.37890625,59882.89724999943,ensemble
BTC,phase2,xgb,phase2_xgb,2026-06-29,2026-06-30,-0.026615830286262104,-0.010041743330657483,0.0022936759831107224,60138.37890625,58558.859375,59537.50669237596,ensemble
BTC,phase2,xgb,phase2_xgb,2026-06-30,2026-07-01,0.024374798891813786,0.004348461562767625,0.0010145690167732825,58558.859375,60003.7578125,58814.05477572068,ensemble
BTC,phase2,xgb,phase2_xgb,2026-07-01,2026-07-02,0.024390944088390595,-0.0017358185723423958,0.0014152011960856207,60003.7578125,61485.30078125,59899.69252064153,ensemble
BTC,phase2,xgb,phase2_xgb,2026-07-02,2026-07-03,0.01707535974546987,0.017330698668956757,0.00196276973097261,61485.30078125,62544.19921875,62560.1712262997,ensemble
BTC,phase2,xgb,phase2_xgb,2026-07-03,2026-07-04,0.00866191238397133,-0.006366140767931938,0.002145428117372299,62544.19921875,63088.3046875,62147.2987449055,ensemble
BTC,phase2,xgb,phase2_xgb,2026-07-04,2026-07-05,0.007258275090508953,-0.005646716989576817,0.0015144229266938715,63088.3046875,63547.8828125,62733.06679341185,ensemble
BTC,phase2,xgb,phase2_xgb,2026-07-05,2026-07-06,0.007011517689840301,-0.0037871326319873335,0.0012181110180122911,63547.8828125,63995.015625,63307.673690806056,ensemble
BTC,phase2,xgb,phase2_xgb,2026-07-06,2026-07-07,-0.01096103180817717,-0.0039955901214852926,0.002033119521458356,63995.015625,63297.39453125,63739.82792497149,ensemble
BTC,phase2,xgb,phase2_xgb,2026-07-07,2026-07-08,-0.016563965519348627,-0.0029373494093306363,0.0016994428695247415,63297.39453125,62257.57421875,63111.74076528673,ensemble
BTC,phase2,xgb,phase2_xgb,2026-07-08,2026-07-09,0.014915682336986301,-0.0051037109922617676,0.0022722618750323316,62257.57421875,63193.1484375,61940.63901366008,ensemble
BTC,phase2,xgb,phase2_xgb,2026-07-09,2026-07-10,0.01467180052315595,0.005381997674703598,0.0019331157375293406,63193.1484375,64127.140625,63534.170682745695,ensemble
BTC,phase2,xgb,phase2_xgb,2026-07-10,2026-07-11,-0.005082718606355573,-0.0016245758772129193,0.0011917231092909882,64127.140625,63802.02734375,64023.04579713346,ensemble
BTC,phase2,xgb,phase2_xgb,2026-07-11,2026-07-12,-0.0006868690961942699,-0.0018360955582465976,0.0021765618319153283,63802.02734375,63758.21875,63684.988205138936,ensemble
BTC,phase2,xgb,phase2_xgb,2026-07-12,2026-07-13,-0.024114338771437895,-0.0009610210196115077,0.0013303819104352414,63758.21875,62239.12109375,63696.97519449386,ensemble
BTC,phase2,xgb,phase2_xgb,2026-07-13,2026-07-14,0.04272810304426096,0.008340686839073897,0.002206534908392173,62239.12109375,64956.11328125,62760.40903965153,ensemble
BTC,phase2,xgb,phase2_xgb,2026-07-14,2026-07-15,-0.0037594109647903352,0.0016482413702760823,0.0017159257525395414,64956.11328125,64712.375,65063.264916032924,ensemble
BTC,phase2,xgb,phase2_xgb,2026-07-15,2026-07-16,-0.014367279855176223,-0.002656303741969168,0.001118609097243998,64712.375,63789.28125,64540.7073777493,ensemble
BTC,phase2,xgb,phase2_xgb,2026-07-16,2026-07-17,0.0017257545646935989,-0.001083178399130702,0.0008417872545015952,63789.28125,63899.4609375,63720.22348614496,ensemble
BTC,phase2,xgb,phase2_xgb,2026-07-17,2026-07-18,0.01394223164475083,-0.005355486087501049,0.0013971035848696258,63899.4609375,64796.6015625,63558.162987398864,ensemble
BTC,phase2,xgb,phase2_xgb,2026-07-18,2026-07-19,-0.0016340878484766735,0.004714093077927828,0.0012552700177616738,64796.6015625,64690.8046875,65102.77988294134,ensemble
BTC,phase2,xgb,phase2_xgb,2026-07-19,2026-07-20,0.008300835886390828,0.0037830478977411985,0.0011536075821381284,64690.8046875,65230.02734375,64935.99659411873,ensemble
BTC,phase2,xgb,phase2_xgb,2026-07-20,2026-07-21,0.019359107363714313,0.005526798218488694,0.0011357361404210106,65230.02734375,66505.125,65591.53862239943,ensemble
BTC,phase2,xgb,phase2_xgb,2026-07-21,2026-07-22,-0.006098209978869257,0.0018178735859692096,0.002300911633002666,66505.125,66100.796875,66626.13286524585,ensemble
BTC,phase2,xgb,phase2_xgb,2026-07-22,2026-07-23,-0.016104346952909084,0.006112742424011231,0.002117263177325882,66100.796875,65044.8125,66506.09148910343,ensemble
BTC,phase2,xgb,phase2_xgb,2026-07-23,2026-07-24,-0.014655553654227636,0.0017291351803578436,0.0018651172517430493,65044.8125,64098.49609375,65157.3810686822,ensemble
BTC,phase2,xgb,phase2_xgb,2026-07-24,2026-07-25,0.0033224217714330475,9.49844739807304e-05,0.0008049387128335554,64098.49609375,64311.8125,64104.5847448435,ensemble
BTC,phase2,xgb,phase2_xgb,2026-07-25,2026-07-26,0.015865685940396487,0.0008086121146334335,0.0005487529118454835,64311.8125,65340.30078125,64363.83684162329,ensemble
BTC,phase2,xgb,phase2_xgb,2026-07-26,2026-07-27,-0.02503365298859531,0.0009343604673631489,0.002391181264537761,65340.30078125,63724.8984375,65401.38070611547,ensemble
BTC,phase2,xgb,phase2_xgb,2026-07-27,2026-07-28,0.0022957554728576246,0.0042860711924731735,0.0013330149665344202,63724.8984375,63871.36328125,63998.61405221972,ensemble
BTC,phase2,xgb,phase2_xgb,2026-07-28,2026-07-29,0.0005760654802496461,0.003027965151704848,0.0018472352676834557,63871.36328125,63908.16796875,64065.056643842574,ensemble
BTC,phase2,xgb,phase2_xgb,2026-07-29,2026-07-30,0.01270511594195683,-0.0005835652162204496,0.0015574474736953718,63908.16796875,64725.30859375,63870.88426468555,ensemble
BTC,phase2,xgb,phase2_xgb,2026-07-30,2026-07-31,-0.02997835702863742,-0.0001603820623131469,0.0007967414401379263,64725.30859375,62813.74609375,64714.92864767471,ensemble
BTC,phase2,xgb,phase2_xgb,2026-07-31,2026-08-01,-0.0008031049841085494,-0.0008003925322555006,0.0010399890639106392,62813.74609375,62763.3203125,62763.490555215365,ensemble
BTC,phase2,xgb,phase2_xgb,2026-08-01,2026-08-02,0.011385569767075112,0.001338901650160551,0.0005973963933242433,62763.3203125,63482.0,62847.410507324195,ensemble
BTC,phase2,xgb,phase2_xgb,2026-08-02,2026-08-03,-0.0003324575530272348,0.006229119608178735,0.001795946543674851,63482.0,63460.8984375,63878.671144334956,ensemble
BTC,phase2,xgb,phase2_xgb,2026-08-03,2026-08-04,0.00933302539348361,0.0027548161102458834,0.00170400962654467,63460.8984375,64055.953125,63635.962566914684,ensemble
BTC,phase2,xgb,phase2_xgb,2026-08-04,2026-08-05,0.008418741360802475,0.0007460482956958003,0.0017525502123950697,64055.953125,64597.5,64103.759790481345,ensemble
BTC,phase2,xgb,phase2_xgb,2026-08-05,2026-08-06,-0.005205470783879128,-0.01044040136039257,0.001250430323408723,64597.5,64262.11328125,63926.58458049933,ensemble
BTC,phase2,xgb,phase2_xgb,2026-08-06,2026-08-07,0.00957212039536744,0.00012118485174141824,0.0018458549897633302,64262.11328125,64880.19140625,64269.9013478089,ensemble
BTC,phase2,xgb,phase2_xgb,2026-08-07,2026-08-08,0.00037748764335751974,0.002627680939622223,0.0005441844351054117,64880.19140625,64904.6875,65050.90003424684,ensemble
BTC,phase2,xgb,phase2_xgb,2026-08-08,2026-08-09,-0.0009217877722439945,0.005492686433717609,0.0016411715910390682,64904.6875,64844.88671875,65262.16946593121,ensemble
BTC,phase2,xgb,phase2_xgb,2026-08-09,2026-08-10,-0.014513048045569134,4.42231830675155e-06,0.0020245488916260687,64844.88671875,63910.5859375,64845.17348411372,ensemble
BTC,phase2,xgb,phase2_xgb,2026-08-10,2026-08-11,-0.00562851025881392,0.001960421446710825,0.0026012098908718617,63910.5859375,63551.875,64036.00051338923,ensemble
BTC,phase2,xgb,phase2_xgb,2026-08-11,2026-08-12,-0.0023542560615523694,0.008386559132486582,0.0018227502810397513,63551.875,63402.43359375,64087.097759284996,ensemble
BTC,phase2,xgb,phase2_xgb,2026-08-12,2026-08-13,-4.127906065128786e-06,-0.001378622476477176,0.0016935572446010914,63402.43359375,63402.171875,63315.08579738641,ensemble
BTC,phase2,xgb,phase2_xgb,2026-08-13,2026-08-14,-0.006750867021094253,0.00393081340007484,0.000869362924774775,63402.171875,62975.59375,63651.884447030476,ensemble
BTC,phase2,xgb,phase2_xgb,2026-08-14,2026-08-15,0.0007734380660748331,0.00016224405844695867,0.0014389213932458785,62975.59375,63024.3203125,62985.81199481545,ensemble
BTC,phase2,xgb,phase2_xgb,2026-08-15,2026-08-16,-0.0032686473868631834,0.002154192766465712,0.0018328642064546396,63024.3203125,62818.65234375,63160.233186134064,ensemble
BTC,phase2,xgb,phase2_xgb,2026-08-16,2026-08-17,0.026510137670231988,-0.0038064184715040027,0.002476792859174966,62818.65234375,64506.25390625,62579.992772372134,ensemble
BTC,phase2,xgb,phase2_xgb,2026-08-17,2026-08-18,0.002700847372800676,-0.002620803110767156,0.0021785901416337444,64506.25390625,64680.7109375,64337.417056059174,ensemble
BTC,phase2,xgb,phase2_xgb,2026-08-18,2026-08-19,0.0684938460027011,-0.0003854022885207087,0.0015268280215750799,64680.7109375,69266.1875,64655.78764653672,ensemble
BTC,phase2,xgb,phase2_xgb,2026-08-19,2026-08-20,0.05295120538976306,-0.005881063546985388,0.0029291680256313137,69266.1875,73032.7578125,68860.02415653231,ensemble
BTC,phase2,xgb,phase2_xgb,2026-08-20,2026-08-21,0.07008881775516321,0.00972641808912158,0.003807171265764319,73032.7578125,78335.1875,73746.57074327976,ensemble
BTC,phase2,xgb,phase2_xgb,2026-08-21,2026-08-22,-0.016108760387506423,0.007849916629493237,0.0010803239309937244,78335.1875,77083.4140625,78952.53207262169,ensemble
BTC,phase2,xgb,phase2_xgb,2026-08-22,2026-08-23,0.008678138825315892,-0.0018722360196989029,0.0014561662033052314,77083.4140625,77755.265625,76939.23073289914,ensemble
BTC,phase2,xgb,phase2_xgb,2026-08-23,2026-08-24,0.0154319126625293,0.008345170225948096,0.00248571669396638,77755.265625,78964.484375,78406.86161078876,ensemble
BTC,phase2,xgb,phase2_xgb,2026-08-24,2026-08-25,-0.005072177186830813,0.002667820523492992,0.002900073135688962,78964.484375,78564.9765625,79175.42870273386,ensemble
BTC,phase2,xgb,phase2_xgb,2026-08-25,2026-08-26,0.005868895257053803,0.008478033076971769,0.0040589474081472515,78564.9765625,79027.421875,79233.88453786945,ensemble
BTC,phase2,xgb,phase2_xgb,2026-08-26,2026-08-27,0.015445797722405792,0.0018331400584429502,0.002234680935970893,79027.421875,80257.5390625,79172.4230708997,ensemble
BTC,phase2,xgb,phase2_xgb,2026-08-27,2026-08-28,-0.030710027313092664,0.0020470737130381168,0.002474386085269142,80257.5390625,77830.2890625,80422.00043583363,ensemble
BTC,phase2,xgb,phase2_xgb,2026-08-28,2026-08-29,0.005324638622765287,0.0026153235230594873,0.003252636854799152,77830.2890625,78245.8125,78034.10685685294,ensemble
BTC,phase2,xgb,phase2_xgb,2026-08-29,2026-08-30,-0.007417513856522034,0.0054094275459647175,0.0030657133327990937,78245.8125,77667.5703125,78670.2244313654,ensemble
BTC,phase2,xgb,phase2_xgb,2026-08-30,2026-08-31,0.01128015948027171,-3.376761451363563e-05,0.0024582312183777768,77667.5703125,78548.6328125,77664.94770820528,ensemble
BTC,benchmark,random_walk_zero_return,random_walk_zero_return,2025-10-31,2025-11-01,0.004624825172493095,0.0,0.0,109556.1640625,110064.015625,109556.1640625,benchmark
BTC,benchmark,random_walk_zero_return,random_walk_zero_return,2025-11-01,2025-11-02,0.005216141233319792,0.0,0.0,110064.015625,110639.625,110064.015625,benchmark
BTC,benchmark,random_walk_zero_return,random_walk_zero_return,2025-11-02,2025-11-03,-0.03768718290100999,0.0,0.0,110639.625,106547.5234375,110639.625,benchmark
BTC,benchmark,random_walk_zero_return,random_walk_zero_return,2025-11-03,2025-11-04,-0.04764085753760775,0.0,0.0,106547.5234375,101590.5234375,106547.5234375,benchmark
BTC,benchmark,random_walk_zero_return,random_walk_zero_return,2025-11-04,2025-11-05,0.022400061321748738,0.0,0.0,101590.5234375,103891.8359375,101590.5234375,benchmark
BTC,benchmark,random_walk_zero_return,random_walk_zero_return,2025-11-05,2025-11-06,-0.025251182491850755,0.0,0.0,103891.8359375,101301.2890625,103891.8359375,benchmark
BTC,benchmark,random_walk_zero_return,random_walk_zero_return,2025-11-06,2025-11-07,0.02023892596873405,0.0,0.0,101301.2890625,103372.40625,101301.2890625,benchmark
BTC,benchmark,random_walk_zero_return,random_walk_zero_return,2025-11-07,2025-11-08,-0.010603212214200236,0.0,0.0,103372.40625,102282.1171875,103372.40625,benchmark
BTC,benchmark,random_walk_zero_return,random_walk_zero_return,2025-11-08,2025-11-09,0.023551839699680072,0.0,0.0,102282.1171875,104719.640625,102282.1171875,benchmark
BTC,benchmark,random_walk_zero_return,random_walk_zero_return,2025-11-09,2025-11-10,0.01212026933646231,0.0,0.0,104719.640625,105996.59375,104719.640625,benchmark
BTC,benchmark,random_walk_zero_return,random_walk_zero_return,2025-11-10,2025-11-11,-0.028702546476841843,0.0,0.0,105996.59375,102997.46875,105996.59375,benchmark
BTC,benchmark,random_walk_zero_return,random_walk_zero_return,2025-11-11,2025-11-12,-0.013039146642676998,0.0,0.0,102997.46875,101663.1875,102997.46875,benchmark
BTC,benchmark,random_walk_zero_return,random_walk_zero_return,2025-11-12,2025-11-13,-0.019524742976585432,0.0,0.0,101663.1875,99697.4921875,101663.1875,benchmark
BTC,benchmark,random_walk_zero_return,random_walk_zero_return,2025-11-13,2025-11-14,-0.05462287113659148,0.0,0.0,99697.4921875,94397.7890625,99697.4921875,benchmark
BTC,benchmark,random_walk_zero_return,random_walk_zero_return,2025-11-14,2025-11-15,0.01212310649874722,0.0,0.0,94397.7890625,95549.1484375,94397.7890625,benchmark
BTC,benchmark,random_walk_zero_return,random_walk_zero_return,2025-11-15,2025-11-16,-0.014463938461922525,0.0,0.0,95549.1484375,94177.078125,95549.1484375,benchmark
BTC,benchmark,random_walk_zero_return,random_walk_zero_return,2025-11-16,2025-11-17,-0.02236838271634354,0.0,0.0,94177.078125,92093.875,94177.078125,benchmark
BTC,benchmark,random_walk_zero_return,random_walk_zero_return,2025-11-17,2025-11-18,0.009241173563305538,0.0,0.0,92093.875,92948.875,92093.875,benchmark
BTC,benchmark,random_walk_zero_return,random_walk_zero_return,2025-11-18,2025-11-19,-0.016082377699808928,0.0,0.0,92948.875,91465.9921875,92948.875,benchmark
BTC,benchmark,random_walk_zero_return,random_walk_zero_return,2025-11-19,2025-11-20,-0.05429914313161118,0.0,0.0,91465.9921875,86631.8984375,91465.9921875,benchmark
BTC,benchmark,random_walk_zero_return,random_walk_zero_return,2025-11-20,2025-11-21,-0.017950490472289502,0.0,0.0,86631.8984375,85090.6875,86631.8984375,benchmark
BTC,benchmark,random_walk_zero_return,random_walk_zero_return,2025-11-21,2025-11-22,-0.00521187239368071,0.0,0.0,85090.6875,84648.359375,85090.6875,benchmark
BTC,benchmark,random_walk_zero_return,random_walk_zero_return,2025-11-22,2025-11-23,0.025158586579000386,0.0,0.0,84648.359375,86805.0078125,84648.359375,benchmark
BTC,benchmark,random_walk_zero_return,random_walk_zero_return,2025-11-23,2025-11-24,0.016742357810839485,0.0,0.0,86805.0078125,88270.5625,86805.0078125,benchmark
BTC,benchmark,random_walk_zero_return,random_walk_zero_return,2025-11-24,2025-11-25,-0.01057647695675446,0.0,0.0,88270.5625,87341.890625,88270.5625,benchmark
BTC,benchmark,random_walk_zero_return,random_walk_zero_return,2025-11-25,2025-11-26,0.0357225879133364,0.0,0.0,87341.890625,90518.3671875,87341.890625,benchmark
BTC,benchmark,random_walk_zero_return,random_walk_zero_return,2025-11-26,2025-11-27,0.008437806108495432,0.0,0.0,90518.3671875,91285.375,90518.3671875,benchmark
BTC,benchmark,random_walk_zero_return,random_walk_zero_return,2025-11-27,2025-11-28,-0.004018666774419681,0.0,0.0,91285.375,90919.265625,91285.375,benchmark
BTC,benchmark,random_walk_zero_return,random_walk_zero_return,2025-11-28,2025-11-29,-0.00074277862694653,0.0,0.0,90919.265625,90851.7578125,90919.265625,benchmark
BTC,benchmark,random_walk_zero_return,random_walk_zero_return,2025-11-29,2025-11-30,-0.005047792573132774,0.0,0.0,90851.7578125,90394.3125,90851.7578125,benchmark
BTC,benchmark,random_walk_zero_return,random_walk_zero_return,2025-11-30,2025-12-01,-0.04610183805407602,0.0,0.0,90394.3125,86321.5703125,90394.3125,benchmark
BTC,benchmark,random_walk_zero_return,random_walk_zero_return,2025-12-01,2025-12-02,0.05662099387030378,0.0,0.0,86321.5703125,91350.203125,86321.5703125,benchmark
BTC,benchmark,random_walk_zero_return,random_walk_zero_return,2025-12-02,2025-12-03,0.023558262011831657,0.0,0.0,91350.203125,93527.8046875,91350.203125,benchmark
BTC,benchmark,random_walk_zero_return,random_walk_zero_return,2025-12-03,2025-12-04,-0.014931972865932171,0.0,0.0,93527.8046875,92141.625,93527.8046875,benchmark
BTC,benchmark,random_walk_zero_return,random_walk_zero_return,2025-12-04,2025-12-05,-0.030343059975675362,0.0,0.0,92141.625,89387.7578125,92141.625,benchmark
BTC,benchmark,random_walk_zero_return,random_walk_zero_return,2025-12-05,2025-12-06,-0.0012916460625568118,0.0,0.0,89387.7578125,89272.375,89387.7578125,benchmark
BTC,benchmark,random_walk_zero_return,random_walk_zero_return,2025-12-06,2025-12-07,0.012614572226014349,0.0,0.0,89272.375,90405.640625,89272.375,benchmark
BTC,benchmark,random_walk_zero_return,random_walk_zero_return,2025-12-07,2025-12-08,0.002591195979813834,0.0,0.0,90405.640625,90640.203125,90405.640625,benchmark
BTC,benchmark,random_walk_zero_return,random_walk_zero_return,2025-12-08,2025-12-09,0.022381192698197744,0.0,0.0,90640.203125,92691.7109375,90640.203125,benchmark
BTC,benchmark,random_walk_zero_return,random_walk_zero_return,2025-12-09,2025-12-10,-0.007262832846635849,0.0,0.0,92691.7109375,92020.9453125,92691.7109375,benchmark
BTC,benchmark,random_walk_zero_return,random_walk_zero_return,2025-12-10,2025-12-11,0.0053149701081481185,0.0,0.0,92020.9453125,92511.3359375,92020.9453125,benchmark
BTC,benchmark,random_walk_zero_return,random_walk_zero_return,2025-12-11,2025-12-12,-0.024521421452147512,0.0,0.0,92511.3359375,90270.4140625,92511.3359375,benchmark
BTC,benchmark,random_walk_zero_return,random_walk_zero_return,2025-12-12,2025-12-13,0.0003134187556330964,0.0,0.0,90270.4140625,90298.7109375,90270.4140625,benchmark
BTC,benchmark,random_walk_zero_return,random_walk_zero_return,2025-12-13,2025-12-14,-0.02379767101791624,0.0,0.0,90298.7109375,88175.1796875,90298.7109375,benchmark
BTC,benchmark,random_walk_zero_return,random_walk_zero_return,2025-12-14,2025-12-15,-0.020108914713088392,0.0,0.0,88175.1796875,86419.78125,88175.1796875,benchmark
BTC,benchmark,random_walk_zero_return,random_walk_zero_return,2025-12-15,2025-12-16,0.016345736935078115,0.0,0.0,86419.78125,87843.984375,86419.78125,benchmark
BTC,benchmark,random_walk_zero_return,random_walk_zero_return,2025-12-16,2025-12-17,-0.019544833040854463,0.0,0.0,87843.984375,86143.7578125,87843.984375,benchmark
BTC,benchmark,random_walk_zero_return,random_walk_zero_return,2025-12-17,2025-12-18,-0.007939728497768105,0.0,0.0,86143.7578125,85462.5078125,86143.7578125,benchmark
BTC,benchmark,random_walk_zero_return,random_walk_zero_return,2025-12-18,2025-12-19,0.030433154968407768,0.0,0.0,85462.5078125,88103.3828125,85462.5078125,benchmark
BTC,benchmark,random_walk_zero_return,random_walk_zero_return,2025-12-19,2025-12-20,0.002727355122150639,0.0,0.0,88103.3828125,88344.0,88103.3828125,benchmark
BTC,benchmark,random_walk_zero_return,random_walk_zero_return,2025-12-20,2025-12-21,0.0031390280669266876,0.0,0.0,88344.0,88621.75,88344.0,benchmark
BTC,benchmark,random_walk_zero_return,random_walk_zero_return,2025-12-21,2025-12-22,-0.0014875849588890807,0.0,0.0,88621.75,88490.015625,88621.75,benchmark
BTC,benchmark,random_walk_zero_return,random_walk_zero_return,2025-12-22,2025-12-23,-0.012234274952953525,0.0,0.0,88490.015625,87414.0,88490.015625,benchmark
BTC,benchmark,random_walk_zero_return,random_walk_zero_return,2025-12-23,2025-12-24,0.002262076104062497,0.0,0.0,87414.0,87611.9609375,87414.0,benchmark
BTC,benchmark,random_walk_zero_return,random_walk_zero_return,2025-12-24,2025-12-25,-0.0043148578556266,0.0,0.0,87611.9609375,87234.7421875,87611.9609375,benchmark
BTC,benchmark,random_walk_zero_return,random_walk_zero_return,2025-12-25,2025-12-26,0.0007641682813230021,0.0,0.0,87234.7421875,87301.4296875,87234.7421875,benchmark
BTC,benchmark,random_walk_zero_return,random_walk_zero_return,2025-12-26,2025-12-27,0.00571921956587603,0.0,0.0,87301.4296875,87802.15625,87301.4296875,benchmark
BTC,benchmark,random_walk_zero_return,random_walk_zero_return,2025-12-27,2025-12-28,0.0003835125589097617,0.0,0.0,87802.15625,87835.8359375,87802.15625,benchmark
BTC,benchmark,random_walk_zero_return,random_walk_zero_return,2025-12-28,2025-12-29,-0.007974888882579774,0.0,0.0,87835.8359375,87138.140625,87835.8359375,benchmark
BTC,benchmark,random_walk_zero_return,random_walk_zero_return,2025-12-29,2025-12-30,0.01471809780879094,0.0,0.0,87138.140625,88430.1328125,87138.140625,benchmark
BTC,benchmark,random_walk_zero_return,random_walk_zero_return,2025-12-30,2025-12-31,-0.010473099349299821,0.0,0.0,88430.1328125,87508.828125,88430.1328125,benchmark
BTC,benchmark,random_walk_zero_return,random_walk_zero_return,2025-12-31,2026-01-01,0.013880733660550057,0.0,0.0,87508.828125,88731.984375,87508.828125,benchmark
BTC,benchmark,random_walk_zero_return,random_walk_zero_return,2026-01-01,2026-01-02,0.013574570130194884,0.0,0.0,88731.984375,89944.6953125,88731.984375,benchmark
BTC,benchmark,random_walk_zero_return,random_walk_zero_return,2026-01-02,2026-01-03,0.007294409627148249,0.0,0.0,89944.6953125,90603.1875,89944.6953125,benchmark
BTC,benchmark,random_walk_zero_return,random_walk_zero_return,2026-01-03,2026-01-04,0.008903689947606831,0.0,0.0,90603.1875,91413.4921875,90603.1875,benchmark
BTC,benchmark,random_walk_zero_return,random_walk_zero_return,2026-01-04,2026-01-05,0.02665149838136465,0.0,0.0,91413.4921875,93882.5546875,91413.4921875,benchmark
BTC,benchmark,random_walk_zero_return,random_walk_zero_return,2026-01-05,2026-01-06,-0.00163660971149983,0.0,0.0,93882.5546875,93729.03125,93882.5546875,benchmark
BTC,benchmark,random_walk_zero_return,random_walk_zero_return,2026-01-06,2026-01-07,-0.026168967250151644,0.0,0.0,93729.03125,91308.0546875,93729.03125,benchmark
BTC,benchmark,random_walk_zero_return,random_walk_zero_return,2026-01-07,2026-01-08,-0.003081466892755565,0.0,0.0,91308.0546875,91027.125,91308.0546875,benchmark
BTC,benchmark,random_walk_zero_return,random_walk_zero_return,2026-01-08,2026-01-09,-0.005662930149506993,0.0,0.0,91027.125,90513.1015625,91027.125,benchmark
BTC,benchmark,random_walk_zero_return,random_walk_zero_return,2026-01-09,2026-01-10,-0.0013980466595052143,0.0,0.0,90513.1015625,90386.6484375,90513.1015625,benchmark
BTC,benchmark,random_walk_zero_return,random_walk_zero_return,2026-01-10,2026-01-11,0.004865110901100388,0.0,0.0,90386.6484375,90827.4609375,90386.6484375,benchmark
BTC,benchmark,random_walk_zero_return,random_walk_zero_return,2026-01-11,2026-01-12,0.004016380962680633,0.0,0.0,90827.4609375,91192.9921875,90827.4609375,benchmark
BTC,benchmark,random_walk_zero_return,random_walk_zero_return,2026-01-12,2026-01-13,0.044280285031478225,0.0,0.0,91192.9921875,95321.78125,91192.9921875,benchmark
BTC,benchmark,random_walk_zero_return,random_walk_zero_return,2026-01-13,2026-01-14,0.016723797821879046,0.0,0.0,95321.78125,96929.328125,95321.78125,benchmark
BTC,benchmark,random_walk_zero_return,random_walk_zero_return,2026-01-14,2026-01-15,-0.014320038274756287,0.0,0.0,96929.328125,95551.1875,96929.328125,benchmark
BTC,benchmark,random_walk_zero_return,random_walk_zero_return,2026-01-15,2026-01-16,-0.00027287855188963723,0.0,0.0,95551.1875,95525.1171875,95551.1875,benchmark
BTC,benchmark,random_walk_zero_return,random_walk_zero_return,2026-01-16,2026-01-17,-0.004461072057980408,0.0,0.0,95525.1171875,95099.921875,95525.1171875,benchmark
BTC,benchmark,random_walk_zero_return,random_walk_zero_return,2026-01-17,2026-01-18,-0.015529993658124637,0.0,0.0,95099.921875,93634.4296875,95099.921875,benchmark
BTC,benchmark,random_walk_zero_return,random_walk_zero_return,2026-01-18,2026-01-19,-0.011610285761608208,0.0,0.0,93634.4296875,92553.59375,93634.4296875,benchmark
BTC,benchmark,random_walk_zero_return,random_walk_zero_return,2026-01-19,2026-01-20,-0.046924255054821146,0.0,0.0,92553.59375,88310.90625,92553.59375,benchmark
BTC,benchmark,random_walk_zero_return,random_walk_zero_return,2026-01-20,2026-01-21,0.011999327760148781,0.0,0.0,88310.90625,89376.9609375,88310.90625,benchmark
BTC,benchmark,random_walk_zero_return,random_walk_zero_return,2026-01-21,2026-01-22,0.0009560777691027553,0.0,0.0,89376.9609375,89462.453125,89376.9609375,benchmark
BTC,benchmark,random_walk_zero_return,random_walk_zero_return,2026-01-22,2026-01-23,0.00046290133092210693,0.0,0.0,89462.453125,89503.875,89462.453125,benchmark
BTC,benchmark,random_walk_zero_return,random_walk_zero_return,2026-01-23,2026-01-24,-0.004402117623558332,0.0,0.0,89503.875,89110.734375,89503.875,benchmark
BTC,benchmark,random_walk_zero_return,random_walk_zero_return,2026-01-24,2026-01-25,-0.028900838361794738,0.0,0.0,89110.734375,86572.21875,89110.734375,benchmark
BTC,benchmark,random_walk_zero_return,random_walk_zero_return,2026-01-25,2026-01-26,0.01938894055131375,0.0,0.0,86572.21875,88267.140625,86572.21875,benchmark
BTC,benchmark,random_walk_zero_return,random_walk_zero_return,2026-01-26,2026-01-27,0.00942027656458104,0.0,0.0,88267.140625,89102.5703125,88267.140625,benchmark
BTC,benchmark,random_walk_zero_return,random_walk_zero_return,2026-01-27,2026-01-28,0.0009198645005418251,0.0,0.0,89102.5703125,89184.5703125,89102.5703125,benchmark
BTC,benchmark,random_walk_zero_return,random_walk_zero_return,2026-01-28,2026-01-29,-0.053227949504083015,0.0,0.0,89184.5703125,84561.5859375,89184.5703125,benchmark
BTC,benchmark,random_walk_zero_return,random_walk_zero_return,2026-01-29,2026-01-30,-0.005132847429550004,0.0,0.0,84561.5859375,84128.65625,84561.5859375,benchmark
BTC,benchmark,random_walk_zero_return,random_walk_zero_return,2026-01-30,2026-01-31,-0.06770691927198588,0.0,0.0,84128.65625,78621.1171875,84128.65625,benchmark
BTC,benchmark,random_walk_zero_return,random_walk_zero_return,2026-01-31,2026-02-01,-0.021166842147211495,0.0,0.0,78621.1171875,76974.4453125,78621.1171875,benchmark
BTC,benchmark,random_walk_zero_return,random_walk_zero_return,2026-02-01,2026-02-02,0.022026908157821636,0.0,0.0,76974.4453125,78688.765625,76974.4453125,benchmark
BTC,benchmark,random_walk_zero_return,random_walk_zero_return,2026-02-02,2026-02-03,-0.03960046937497693,0.0,0.0,78688.765625,75633.546875,78688.765625,benchmark
BTC,benchmark,random_walk_zero_return,random_walk_zero_return,2026-02-03,2026-02-04,-0.035170615941758965,0.0,0.0,75633.546875,73019.703125,75633.546875,benchmark
BTC,benchmark,random_walk_zero_return,random_walk_zero_return,2026-02-04,2026-02-05,-0.1523344080304475,0.0,0.0,73019.703125,62702.09765625,73019.703125,benchmark
BTC,benchmark,random_walk_zero_return,random_walk_zero_return,2026-02-05,2026-02-06,0.118003181433477,0.0,0.0,62702.09765625,70555.390625,62702.09765625,benchmark
BTC,benchmark,random_walk_zero_return,random_walk_zero_return,2026-02-06,2026-02-07,-0.018213402812750957,0.0,0.0,70555.390625,69281.96875,70555.390625,benchmark
BTC,benchmark,random_walk_zero_return,random_walk_zero_return,2026-02-07,2026-02-08,0.01408523588474713,0.0,0.0,69281.96875,70264.7265625,69281.96875,benchmark
BTC,benchmark,random_walk_zero_return,random_walk_zero_return,2026-02-08,2026-02-09,-0.0020507154219692207,0.0,0.0,70264.7265625,70120.78125,70264.7265625,benchmark
BTC,benchmark,random_walk_zero_return,random_walk_zero_return,2026-02-09,2026-02-10,-0.01910323758989731,0.0,0.0,70120.78125,68793.9609375,70120.78125,benchmark
BTC,benchmark,random_walk_zero_return,random_walk_zero_return,2026-02-10,2026-02-11,-0.026543221212374526,0.0,0.0,68793.9609375,66991.96875,68793.9609375,benchmark
BTC,benchmark,random_walk_zero_return,random_walk_zero_return,2026-02-11,2026-02-12,-0.01156236827483507,0.0,0.0,66991.96875,66221.84375,66991.96875,benchmark
BTC,benchmark,random_walk_zero_return,random_walk_zero_return,2026-02-12,2026-02-13,0.03903376935715579,0.0,0.0,66221.84375,68857.84375,66221.84375,benchmark
BTC,benchmark,random_walk_zero_return,random_walk_zero_return,2026-02-13,2026-02-14,0.013125933067848304,0.0,0.0,68857.84375,69767.625,68857.84375,benchmark
BTC,benchmark,random_walk_zero_return,random_walk_zero_return,2026-02-14,2026-02-15,-0.014138040068878806,0.0,0.0,69767.625,68788.1875,69767.625,benchmark
BTC,benchmark,random_walk_zero_return,random_walk_zero_return,2026-02-15,2026-02-16,0.0007987824782500607,0.0,0.0,68788.1875,68843.15625,68788.1875,benchmark
BTC,benchmark,random_walk_zero_return,random_walk_zero_return,2026-02-16,2026-02-17,-0.019788873300286218,0.0,0.0,68843.15625,67494.21875,68843.15625,benchmark
BTC,benchmark,random_walk_zero_return,random_walk_zero_return,2026-02-17,2026-02-18,-0.015963632260214883,0.0,0.0,67494.21875,66425.3203125,67494.21875,benchmark
BTC,benchmark,random_walk_zero_return,random_walk_zero_return,2026-02-18,2026-02-19,0.007980125994704771,0.0,0.0,66425.3203125,66957.5234375,66425.3203125,benchmark
BTC,benchmark,random_walk_zero_return,random_walk_zero_return,2026-02-19,2026-02-20,0.015528995656632263,0.0,0.0,66957.5234375,68005.421875,66957.5234375,benchmark
BTC,benchmark,random_walk_zero_return,random_walk_zero_return,2026-02-20,2026-02-21,-2.4354972344490844e-05,0.0,0.0,68005.421875,68003.765625,68005.421875,benchmark
BTC,benchmark,random_walk_zero_return,random_walk_zero_return,2026-02-21,2026-02-22,-0.005076923598302017,0.0,0.0,68003.765625,67659.390625,68003.765625,benchmark
BTC,benchmark,random_walk_zero_return,random_walk_zero_return,2026-02-22,2026-02-23,-0.04601267313564273,0.0,0.0,67659.390625,64616.73828125,67659.390625,benchmark
BTC,benchmark,random_walk_zero_return,random_walk_zero_return,2026-02-23,2026-02-24,-0.00834051043874472,0.0,0.0,64616.73828125,64080.04296875,64616.73828125,benchmark
BTC,benchmark,random_walk_zero_return,random_walk_zero_return,2026-02-24,2026-02-25,0.05878816281087323,0.0,0.0,64080.04296875,67960.125,64080.04296875,benchmark
BTC,benchmark,random_walk_zero_return,random_walk_zero_return,2026-02-25,2026-02-26,-0.007478610812400483,0.0,0.0,67960.125,67453.7734375,67960.125,benchmark
BTC,benchmark,random_walk_zero_return,random_walk_zero_return,2026-02-26,2026-02-27,-0.023580345399758597,0.0,0.0,67453.7734375,65881.796875,67453.7734375,benchmark
BTC,benchmark,random_walk_zero_return,random_walk_zero_return,2026-02-27,2026-02-28,0.016768637200983844,0.0,0.0,65881.796875,66995.859375,65881.796875,benchmark
BTC,benchmark,random_walk_zero_return,random_walk_zero_return,2026-02-28,2026-03-01,-0.018952127255243773,0.0,0.0,66995.859375,65738.1015625,66995.859375,benchmark
BTC,benchmark,random_walk_zero_return,random_walk_zero_return,2026-03-01,2026-03-02,0.04517399874225875,0.0,0.0,65738.1015625,68775.8515625,65738.1015625,benchmark
BTC,benchmark,random_walk_zero_return,random_walk_zero_return,2026-03-02,2026-03-03,-0.007035921401254354,0.0,0.0,68775.8515625,68293.6484375,68775.8515625,benchmark
BTC,benchmark,random_walk_zero_return,random_walk_zero_return,2026-03-03,2026-03-04,0.06267011054362281,0.0,0.0,68293.6484375,72710.578125,68293.6484375,benchmark
BTC,benchmark,random_walk_zero_return,random_walk_zero_return,2026-03-04,2026-03-05,-0.026047184090688055,0.0,0.0,72710.578125,70841.125,72710.578125,benchmark
BTC,benchmark,random_walk_zero_return,random_walk_zero_return,2026-03-05,2026-03-06,-0.03892676222985379,0.0,0.0,70841.125,68136.4921875,70841.125,benchmark
BTC,benchmark,random_walk_zero_return,random_walk_zero_return,2026-03-06,2026-03-07,-0.012760002816373808,0.0,0.0,68136.4921875,67272.59375,68136.4921875,benchmark
BTC,benchmark,random_walk_zero_return,random_walk_zero_return,2026-03-07,2026-03-08,-0.019556151272463178,0.0,0.0,67272.59375,65969.78125,67272.59375,benchmark
BTC,benchmark,random_walk_zero_return,random_walk_zero_return,2026-03-08,2026-03-09,0.036210883133673905,0.0,0.0,65969.78125,68402.3828125,65969.78125,benchmark
BTC,benchmark,random_walk_zero_return,random_walk_zero_return,2026-03-09,2026-03-10,0.022043063053682945,0.0,0.0,68402.3828125,69926.921875,68402.3828125,benchmark
BTC,benchmark,random_walk_zero_return,random_walk_zero_return,2026-03-10,2026-03-11,0.003967140831024369,0.0,0.0,69926.921875,70204.8828125,69926.921875,benchmark
BTC,benchmark,random_walk_zero_return,random_walk_zero_return,2026-03-11,2026-03-12,0.004102088510358853,0.0,0.0,70204.8828125,70493.4609375,70204.8828125,benchmark
BTC,benchmark,random_walk_zero_return,random_walk_zero_return,2026-03-12,2026-03-13,0.006712861238543366,0.0,0.0,70493.4609375,70968.265625,70493.4609375,benchmark
BTC,benchmark,random_walk_zero_return,random_walk_zero_return,2026-03-13,2026-03-14,0.0034653905327112298,0.0,0.0,70968.265625,71214.625,70968.265625,benchmark
BTC,benchmark,random_walk_zero_return,random_walk_zero_return,2026-03-14,2026-03-15,0.021879197879022205,0.0,0.0,71214.625,72789.9140625,71214.625,benchmark
BTC,benchmark,random_walk_zero_return,random_walk_zero_return,2026-03-15,2026-03-16,0.028056806108927662,0.0,0.0,72789.9140625,74861.0859375,72789.9140625,benchmark
BTC,benchmark,random_walk_zero_return,random_walk_zero_return,2026-03-16,2026-03-17,-0.012617278563279094,0.0,0.0,74861.0859375,73922.4765625,74861.0859375,benchmark
BTC,benchmark,random_walk_zero_return,random_walk_zero_return,2026-03-17,2026-03-18,-0.03688417423341742,0.0,0.0,73922.4765625,71245.578125,73922.4765625,benchmark
BTC,benchmark,random_walk_zero_return,random_walk_zero_return,2026-03-18,2026-03-19,-0.01888416104762736,0.0,0.0,71245.578125,69912.7890625,71245.578125,benchmark
BTC,benchmark,random_walk_zero_return,random_walk_zero_return,2026-03-19,2026-03-20,0.008684431647448684,0.0,0.0,69912.7890625,70522.5859375,69912.7890625,benchmark
BTC,benchmark,random_walk_zero_return,random_walk_zero_return,2026-03-20,2026-03-21,-0.026016105631017767,0.0,0.0,70522.5859375,68711.5234375,70522.5859375,benchmark
BTC,benchmark,random_walk_zero_return,random_walk_zero_return,2026-03-21,2026-03-22,-0.012688120086084904,0.0,0.0,68711.5234375,67845.2109375,68711.5234375,benchmark
BTC,benchmark,random_walk_zero_return,random_walk_zero_return,2026-03-22,2026-03-23,0.04425119303469704,0.0,0.0,67845.2109375,70914.859375,67845.2109375,benchmark
BTC,benchmark,random_walk_zero_return,random_walk_zero_return,2026-03-23,2026-03-24,-0.005613991531695598,0.0,0.0,70914.859375,70517.859375,70914.859375,benchmark
BTC,benchmark,random_walk_zero_return,random_walk_zero_return,2026-03-24,2026-03-25,0.011168924480813245,0.0,0.0,70517.859375,71309.8828125,70517.859375,benchmark
BTC,benchmark,random_walk_zero_return,random_walk_zero_return,2026-03-25,2026-03-26,-0.03595291880741613,0.0,0.0,71309.8828125,68791.625,71309.8828125,benchmark
BTC,benchmark,random_walk_zero_return,random_walk_zero_return,2026-03-26,2026-03-27,-0.03631346968520713,0.0,0.0,68791.625,66338.375,68791.625,benchmark
BTC,benchmark,random_walk_zero_return,random_walk_zero_return,2026-03-27,2026-03-28,-0.0002816215791388498,0.0,0.0,66338.375,66319.6953125,66338.375,benchmark
BTC,benchmark,random_walk_zero_return,random_walk_zero_return,2026-03-28,2026-03-29,-0.005515409833700628,0.0,0.0,66319.6953125,65954.921875,66319.6953125,benchmark
BTC,benchmark,random_walk_zero_return,random_walk_zero_return,2026-03-29,2026-03-30,0.011105181731209317,0.0,0.0,65954.921875,66691.4453125,65954.921875,benchmark
BTC,benchmark,random_walk_zero_return,random_walk_zero_return,2026-03-30,2026-03-31,0.022856210162579323,0.0,0.0,66691.4453125,68233.3125,66691.4453125,benchmark
BTC,benchmark,random_walk_zero_return,random_walk_zero_return,2026-03-31,2026-04-01,-0.002270644254019965,0.0,0.0,68233.3125,68078.5546875,68233.3125,benchmark
BTC,benchmark,random_walk_zero_return,random_walk_zero_return,2026-04-01,2026-04-02,-0.017634149228875802,0.0,0.0,68078.5546875,66888.5703125,68078.5546875,benchmark
BTC,benchmark,random_walk_zero_return,random_walk_zero_return,2026-04-02,2026-04-03,0.0006356502125007872,0.0,0.0,66888.5703125,66931.1015625,66888.5703125,benchmark
BTC,benchmark,random_walk_zero_return,random_walk_zero_return,2026-04-03,2026-04-04,0.005355544495529739,0.0,0.0,66931.1015625,67290.515625,66931.1015625,benchmark
BTC,benchmark,random_walk_zero_return,random_walk_zero_return,2026-04-04,2026-04-05,0.024824828794848448,0.0,0.0,67290.515625,68981.8984375,67290.515625,benchmark
BTC,benchmark,random_walk_zero_return,random_walk_zero_return,2026-04-05,2026-04-06,-0.0017711667933321205,0.0,0.0,68981.8984375,68859.828125,68981.8984375,benchmark
BTC,benchmark,random_walk_zero_return,random_walk_zero_return,2026-04-06,2026-04-07,0.043769250088650125,0.0,0.0,68859.828125,71940.703125,68859.828125,benchmark
BTC,benchmark,random_walk_zero_return,random_walk_zero_return,2026-04-07,2026-04-08,-0.011426386592901714,0.0,0.0,71940.703125,71123.359375,71940.703125,benchmark
BTC,benchmark,random_walk_zero_return,random_walk_zero_return,2026-04-08,2026-04-09,0.00902047398791368,0.0,0.0,71123.359375,71767.828125,71123.359375,benchmark
BTC,benchmark,random_walk_zero_return,random_walk_zero_return,2026-04-09,2026-04-10,0.01673607145352826,0.0,0.0,71767.828125,72979.046875,71767.828125,benchmark
BTC,benchmark,random_walk_zero_return,random_walk_zero_return,2026-04-10,2026-04-11,0.0010302658186926742,0.0,0.0,72979.046875,73054.2734375,72979.046875,benchmark
BTC,benchmark,random_walk_zero_return,random_walk_zero_return,2026-04-11,2026-04-12,-0.03200195641601119,0.0,0.0,73054.2734375,70753.40625,73054.2734375,benchmark
BTC,benchmark,random_walk_zero_return,random_walk_zero_return,2026-04-12,2026-04-13,0.05139225778223328,0.0,0.0,70753.40625,74484.640625,70753.40625,benchmark
BTC,benchmark,random_walk_zero_return,random_walk_zero_return,2026-04-13,2026-04-14,-0.004076670658997154,0.0,0.0,74484.640625,74181.609375,74484.640625,benchmark
BTC,benchmark,random_walk_zero_return,random_walk_zero_return,2026-04-14,2026-04-15,0.00836950468372944,0.0,0.0,74181.609375,74805.078125,74181.609375,benchmark
BTC,benchmark,random_walk_zero_return,random_walk_zero_return,2026-04-15,2026-04-16,0.004628724487070657,0.0,0.0,74805.078125,75152.1328125,74805.078125,benchmark
BTC,benchmark,random_walk_zero_return,random_walk_zero_return,2026-04-16,2026-04-17,0.025937296578403095,0.0,0.0,75152.1328125,77126.875,75152.1328125,benchmark
BTC,benchmark,random_walk_zero_return,random_walk_zero_return,2026-04-17,2026-04-18,-0.018327445076503752,0.0,0.0,77126.875,75726.2109375,77126.875,benchmark
BTC,benchmark,random_walk_zero_return,random_walk_zero_return,2026-04-18,2026-04-19,-0.025002336494923415,0.0,0.0,75726.2109375,73856.3515625,75726.2109375,benchmark
BTC,benchmark,random_walk_zero_return,random_walk_zero_return,2026-04-19,2026-04-20,0.02693259727225901,0.0,0.0,73856.3515625,75872.5234375,73856.3515625,benchmark
BTC,benchmark,random_walk_zero_return,random_walk_zero_return,2026-04-20,2026-04-21,0.006309747501944813,0.0,0.0,75872.5234375,76352.7734375,75872.5234375,benchmark
BTC,benchmark,random_walk_zero_return,random_walk_zero_return,2026-04-21,2026-04-22,0.02394495237334366,0.0,0.0,76352.7734375,78203.1015625,76352.7734375,benchmark
BTC,benchmark,random_walk_zero_return,random_walk_zero_return,2026-04-22,2026-04-23,0.0008417038623198857,0.0,0.0,78203.1015625,78268.953125,78203.1015625,benchmark
BTC,benchmark,random_walk_zero_return,random_walk_zero_return,2026-04-23,2026-04-24,-0.010449855400701123,0.0,0.0,78268.953125,77455.3125,78268.953125,benchmark
BTC,benchmark,random_walk_zero_return,random_walk_zero_return,2026-04-24,2026-04-25,0.0020210985800430967,0.0,0.0,77455.3125,77612.015625,77455.3125,benchmark
BTC,benchmark,random_walk_zero_return,random_walk_zero_return,2026-04-25,2026-04-26,0.01338122502813899,0.0,0.0,77612.015625,78657.5390625,77612.015625,benchmark
BTC,benchmark,random_walk_zero_return,random_walk_zero_return,2026-04-26,2026-04-27,-0.016547994707933746,0.0,0.0,78657.5390625,77366.625,78657.5390625,benchmark
BTC,benchmark,random_walk_zero_return,random_walk_zero_return,2026-04-27,2026-04-28,-0.013218654490737211,0.0,0.0,77366.625,76350.671875,77366.625,benchmark
BTC,benchmark,random_walk_zero_return,random_walk_zero_return,2026-04-28,2026-04-29,-0.0075534590417408835,0.0,0.0,76350.671875,75776.1328125,76350.671875,benchmark
BTC,benchmark,random_walk_zero_return,random_walk_zero_return,2026-04-29,2026-04-30,0.006946186875134918,0.0,0.0,75776.1328125,76304.3203125,75776.1328125,benchmark
BTC,benchmark,random_walk_zero_return,random_walk_zero_return,2026-04-30,2026-05-01,0.02427150989403538,0.0,0.0,76304.3203125,78179.0,76304.3203125,benchmark
BTC,benchmark,random_walk_zero_return,random_walk_zero_return,2026-05-01,2026-05-02,0.006098736514783506,0.0,0.0,78179.0,78657.25,78179.0,benchmark
BTC,benchmark,random_walk_zero_return,random_walk_zero_return,2026-05-02,2026-05-03,-0.0015143369624661424,0.0,0.0,78657.25,78538.2265625,78657.25,benchmark
BTC,benchmark,random_walk_zero_return,random_walk_zero_return,2026-05-03,2026-05-04,0.01628767686490818,0.0,0.0,78538.2265625,79827.90625,78538.2265625,benchmark
BTC,benchmark,random_walk_zero_return,random_walk_zero_return,2026-05-04,2026-05-05,0.013675043806522565,0.0,0.0,79827.90625,80927.0546875,79827.90625,benchmark
BTC,benchmark,random_walk_zero_return,random_walk_zero_return,2026-05-05,2026-05-06,0.006165248057273942,0.0,0.0,80927.0546875,81427.53125,80927.0546875,benchmark
BTC,benchmark,random_walk_zero_return,random_walk_zero_return,2026-05-06,2026-05-07,-0.017561908350902416,0.0,0.0,81427.53125,80009.9921875,81427.53125,benchmark
BTC,benchmark,random_walk_zero_return,random_walk_zero_return,2026-05-07,2026-05-08,0.0022069548930199264,0.0,0.0,80009.9921875,80186.765625,80009.9921875,benchmark
BTC,benchmark,random_walk_zero_return,random_walk_zero_return,2026-05-08,2026-05-09,0.005938447031188693,0.0,0.0,80186.765625,80664.3671875,80186.765625,benchmark
BTC,benchmark,random_walk_zero_return,random_walk_zero_return,2026-05-09,2026-05-10,0.018115146956791082,0.0,0.0,80664.3671875,82138.9296875,80664.3671875,benchmark
BTC,benchmark,random_walk_zero_return,random_walk_zero_return,2026-05-10,2026-05-11,-0.005011785219488408,0.0,0.0,82138.9296875,81728.296875,82138.9296875,benchmark
BTC,benchmark,random_walk_zero_return,random_walk_zero_return,2026-05-11,2026-05-12,-0.015422747705667463,0.0,0.0,81728.296875,80477.4921875,81728.296875,benchmark
BTC,benchmark,random_walk_zero_return,random_walk_zero_return,2026-05-12,2026-05-13,-0.015028018231235505,0.0,0.0,80477.4921875,79277.1171875,80477.4921875,benchmark
BTC,benchmark,random_walk_zero_return,random_walk_zero_return,2026-05-13,2026-05-14,0.022132143698821827,0.0,0.0,79277.1171875,81051.25,79277.1171875,benchmark
BTC,benchmark,random_walk_zero_return,random_walk_zero_return,2026-05-14,2026-05-15,-0.02480277513696735,0.0,0.0,81051.25,79065.6796875,81051.25,benchmark
BTC,benchmark,random_walk_zero_return,random_walk_zero_return,2026-05-15,2026-05-16,-0.011886390842574117,0.0,0.0,79065.6796875,78131.4375,79065.6796875,benchmark
BTC,benchmark,random_walk_zero_return,random_walk_zero_return,2026-05-16,2026-05-17,-0.009026576797854137,0.0,0.0,78131.4375,77429.3515625,78131.4375,benchmark
BTC,benchmark,random_walk_zero_return,random_walk_zero_return,2026-05-17,2026-05-18,-0.006155853649121142,0.0,0.0,77429.3515625,76954.171875,77429.3515625,benchmark
BTC,benchmark,random_walk_zero_return,random_walk_zero_return,2026-05-18,2026-05-19,-0.002644879999712329,0.0,0.0,76954.171875,76750.90625,76954.171875,benchmark
BTC,benchmark,random_walk_zero_return,random_walk_zero_return,2026-05-19,2026-05-20,0.009167734783614812,0.0,0.0,76750.90625,77457.7734375,76750.90625,benchmark
BTC,benchmark,random_walk_zero_return,random_walk_zero_return,2026-05-20,2026-05-21,0.0010503232153248991,0.0,0.0,77457.7734375,77539.171875,77457.7734375,benchmark
BTC,benchmark,random_walk_zero_return,random_walk_zero_return,2026-05-21,2026-05-22,-0.026806340702622146,0.0,0.0,77539.171875,75488.2421875,77539.171875,benchmark
BTC,benchmark,random_walk_zero_return,random_walk_zero_return,2026-05-22,2026-05-23,0.015577503022418466,0.0,0.0,75488.2421875,76673.3671875,75488.2421875,benchmark
BTC,benchmark,random_walk_zero_return,random_walk_zero_return,2026-05-23,2026-05-24,0.004005847400396048,0.0,0.0,76673.3671875,76981.125,76673.3671875,benchmark
BTC,benchmark,random_walk_zero_return,random_walk_zero_return,2026-05-24,2026-05-25,0.003874018128693613,0.0,0.0,76981.125,77279.9296875,76981.125,benchmark
BTC,benchmark,random_walk_zero_return,random_walk_zero_return,2026-05-25,2026-05-26,-0.018996541405031864,0.0,0.0,77279.9296875,75825.734375,77279.9296875,benchmark
BTC,benchmark,random_walk_zero_return,random_walk_zero_return,2026-05-26,2026-05-27,-0.019725310724108713,0.0,0.0,75825.734375,74344.703125,75825.734375,benchmark
BTC,benchmark,random_walk_zero_return,random_walk_zero_return,2026-05-27,2026-05-28,-0.010929802661887332,0.0,0.0,74344.703125,73536.5546875,74344.703125,benchmark
BTC,benchmark,random_walk_zero_return,random_walk_zero_return,2026-05-28,2026-05-29,-0.0022330998228095003,0.0,0.0,73536.5546875,73372.5234375,73536.5546875,benchmark
BTC,benchmark,random_walk_zero_return,random_walk_zero_return,2026-05-29,2026-05-30,0.005197039654902875,0.0,0.0,73372.5234375,73754.8359375,73372.5234375,benchmark
BTC,benchmark,random_walk_zero_return,random_walk_zero_return,2026-05-30,2026-05-31,-0.002377562514476544,0.0,0.0,73754.8359375,73579.6875,73754.8359375,benchmark
BTC,benchmark,random_walk_zero_return,random_walk_zero_return,2026-05-31,2026-06-01,-0.031195386303294676,0.0,0.0,73579.6875,71319.7734375,73579.6875,benchmark
BTC,benchmark,random_walk_zero_return,random_walk_zero_return,2026-06-01,2026-06-02,-0.06691384852525814,0.0,0.0,71319.7734375,66703.65625,71319.7734375,benchmark
BTC,benchmark,random_walk_zero_return,random_walk_zero_return,2026-06-02,2026-06-03,-0.041152222290191665,0.0,0.0,66703.65625,64014.3671875,66703.65625,benchmark
BTC,benchmark,random_walk_zero_return,random_walk_zero_return,2026-06-03,2026-06-04,-0.003329681149437111,0.0,0.0,64014.3671875,63801.57421875,64014.3671875,benchmark
BTC,benchmark,random_walk_zero_return,random_walk_zero_return,2026-06-04,2026-06-05,-0.046172542625212365,0.0,0.0,63801.57421875,60922.66796875,63801.57421875,benchmark
BTC,benchmark,random_walk_zero_return,random_walk_zero_return,2026-06-05,2026-06-06,-0.0009073630482773938,0.0,0.0,60922.66796875,60867.4140625,60922.66796875,benchmark
BTC,benchmark,random_walk_zero_return,random_walk_zero_return,2026-06-06,2026-06-07,0.0382314561194156,0.0,0.0,60867.4140625,63239.51953125,60867.4140625,benchmark
BTC,benchmark,random_walk_zero_return,random_walk_zero_return,2026-06-07,2026-06-08,-0.0023577871851843952,0.0,0.0,63239.51953125,63090.58984375,63239.51953125,benchmark
BTC,benchmark,random_walk_zero_return,random_walk_zero_return,2026-06-08,2026-06-09,-0.023199274916972237,0.0,0.0,63090.58984375,61643.78125,63090.58984375,benchmark
BTC,benchmark,random_walk_zero_return,random_walk_zero_return,2026-06-09,2026-06-10,-0.00316008608540611,0.0,0.0,61643.78125,61449.2890625,61643.78125,benchmark
BTC,benchmark,random_walk_zero_return,random_walk_zero_return,2026-06-10,2026-06-11,0.03378866852406486,0.0,0.0,61449.2890625,63561.0546875,61449.2890625,benchmark
BTC,benchmark,random_walk_zero_return,random_walk_zero_return,2026-06-11,2026-06-12,-0.0002809578486747506,0.0,0.0,63561.0546875,63543.19921875,63561.0546875,benchmark
BTC,benchmark,random_walk_zero_return,random_walk_zero_return,2026-06-12,2026-06-13,0.01372472245570358,0.0,0.0,63543.19921875,64421.32421875,63543.19921875,benchmark
BTC,benchmark,random_walk_zero_return,random_walk_zero_return,2026-06-13,2026-06-14,0.019812484755317328,0.0,0.0,64421.32421875,65710.3984375,64421.32421875,benchmark
BTC,benchmark,random_walk_zero_return,random_walk_zero_return,2026-06-14,2026-06-15,0.0087743291428838,0.0,0.0,65710.3984375,66289.5,65710.3984375,benchmark
BTC,benchmark,random_walk_zero_return,random_walk_zero_return,2026-06-15,2026-06-16,-0.010446052081715382,0.0,0.0,66289.5,65600.640625,66289.5,benchmark
BTC,benchmark,random_walk_zero_return,random_walk_zero_return,2026-06-16,2026-06-17,-0.01818545153086442,0.0,0.0,65600.640625,64418.4453125,65600.640625,benchmark
BTC,benchmark,random_walk_zero_return,random_walk_zero_return,2026-06-17,2026-06-18,-0.023909926459543353,0.0,0.0,64418.4453125,62896.47265625,64418.4453125,benchmark
BTC,benchmark,random_walk_zero_return,random_walk_zero_return,2026-06-18,2026-06-19,0.0101927013006599,0.0,0.0,62896.47265625,63540.8359375,62896.47265625,benchmark
BTC,benchmark,random_walk_zero_return,random_walk_zero_return,2026-06-19,2026-06-20,0.01093823779640829,0.0,0.0,63540.8359375,64239.67578125,63540.8359375,benchmark
BTC,benchmark,random_walk_zero_return,random_walk_zero_return,2026-06-20,2026-06-21,-0.01572292530514671,0.0,0.0,64239.67578125,63237.5390625,64239.67578125,benchmark
BTC,benchmark,random_walk_zero_return,random_walk_zero_return,2026-06-21,2026-06-22,0.011236353824842346,0.0,0.0,63237.5390625,63952.10546875,63237.5390625,benchmark
BTC,benchmark,random_walk_zero_return,random_walk_zero_return,2026-06-22,2026-06-23,-0.02028318896027214,0.0,0.0,63952.10546875,62668.01953125,63952.10546875,benchmark
BTC,benchmark,random_walk_zero_return,random_walk_zero_return,2026-06-23,2026-06-24,-0.027057191162537193,0.0,0.0,62668.01953125,60995.1328125,62668.01953125,benchmark
BTC,benchmark,random_walk_zero_return,random_walk_zero_return,2026-06-24,2026-06-25,-0.021099038116469408,0.0,0.0,60995.1328125,59721.67578125,60995.1328125,benchmark
BTC,benchmark,random_walk_zero_return,random_walk_zero_return,2026-06-25,2026-06-26,0.004923319948585001,0.0,0.0,59721.67578125,60016.4296875,59721.67578125,benchmark
BTC,benchmark,random_walk_zero_return,random_walk_zero_return,2026-06-26,2026-06-27,-0.0012726617424323222,0.0,0.0,60016.4296875,59940.09765625,60016.4296875,benchmark
BTC,benchmark,random_walk_zero_return,random_walk_zero_return,2026-06-27,2026-06-28,-0.006825999440473744,0.0,0.0,59940.09765625,59532.33984375,59940.09765625,benchmark
BTC,benchmark,random_walk_zero_return,random_walk_zero_return,2026-06-28,2026-06-29,0.010128530183576383,0.0,0.0,59532.33984375,60138.37890625,59532.33984375,benchmark
BTC,benchmark,random_walk_zero_return,random_walk_zero_return,2026-06-29,2026-06-30,-0.026615830286262104,0.0,0.0,60138.37890625,58558.859375,60138.37890625,benchmark
BTC,benchmark,random_walk_zero_return,random_walk_zero_return,2026-06-30,2026-07-01,0.024374798891813786,0.0,0.0,58558.859375,60003.7578125,58558.859375,benchmark
BTC,benchmark,random_walk_zero_return,random_walk_zero_return,2026-07-01,2026-07-02,0.024390944088390595,0.0,0.0,60003.7578125,61485.30078125,60003.7578125,benchmark
BTC,benchmark,random_walk_zero_return,random_walk_zero_return,2026-07-02,2026-07-03,0.01707535974546987,0.0,0.0,61485.30078125,62544.19921875,61485.30078125,benchmark
BTC,benchmark,random_walk_zero_return,random_walk_zero_return,2026-07-03,2026-07-04,0.00866191238397133,0.0,0.0,62544.19921875,63088.3046875,62544.19921875,benchmark
BTC,benchmark,random_walk_zero_return,random_walk_zero_return,2026-07-04,2026-07-05,0.007258275090508953,0.0,0.0,63088.3046875,63547.8828125,63088.3046875,benchmark
BTC,benchmark,random_walk_zero_return,random_walk_zero_return,2026-07-05,2026-07-06,0.007011517689840301,0.0,0.0,63547.8828125,63995.015625,63547.8828125,benchmark
BTC,benchmark,random_walk_zero_return,random_walk_zero_return,2026-07-06,2026-07-07,-0.01096103180817717,0.0,0.0,63995.015625,63297.39453125,63995.015625,benchmark
BTC,benchmark,random_walk_zero_return,random_walk_zero_return,2026-07-07,2026-07-08,-0.016563965519348627,0.0,0.0,63297.39453125,62257.57421875,63297.39453125,benchmark
BTC,benchmark,random_walk_zero_return,random_walk_zero_return,2026-07-08,2026-07-09,0.014915682336986301,0.0,0.0,62257.57421875,63193.1484375,62257.57421875,benchmark
BTC,benchmark,random_walk_zero_return,random_walk_zero_return,2026-07-09,2026-07-10,0.01467180052315595,0.0,0.0,63193.1484375,64127.140625,63193.1484375,benchmark
BTC,benchmark,random_walk_zero_return,random_walk_zero_return,2026-07-10,2026-07-11,-0.005082718606355573,0.0,0.0,64127.140625,63802.02734375,64127.140625,benchmark
BTC,benchmark,random_walk_zero_return,random_walk_zero_return,2026-07-11,2026-07-12,-0.0006868690961942699,0.0,0.0,63802.02734375,63758.21875,63802.02734375,benchmark
BTC,benchmark,random_walk_zero_return,random_walk_zero_return,2026-07-12,2026-07-13,-0.024114338771437895,0.0,0.0,63758.21875,62239.12109375,63758.21875,benchmark
BTC,benchmark,random_walk_zero_return,random_walk_zero_return,2026-07-13,2026-07-14,0.04272810304426096,0.0,0.0,62239.12109375,64956.11328125,62239.12109375,benchmark
BTC,benchmark,random_walk_zero_return,random_walk_zero_return,2026-07-14,2026-07-15,-0.0037594109647903352,0.0,0.0,64956.11328125,64712.375,64956.11328125,benchmark
BTC,benchmark,random_walk_zero_return,random_walk_zero_return,2026-07-15,2026-07-16,-0.014367279855176223,0.0,0.0,64712.375,63789.28125,64712.375,benchmark
BTC,benchmark,random_walk_zero_return,random_walk_zero_return,2026-07-16,2026-07-17,0.0017257545646935989,0.0,0.0,63789.28125,63899.4609375,63789.28125,benchmark
BTC,benchmark,random_walk_zero_return,random_walk_zero_return,2026-07-17,2026-07-18,0.01394223164475083,0.0,0.0,63899.4609375,64796.6015625,63899.4609375,benchmark
BTC,benchmark,random_walk_zero_return,random_walk_zero_return,2026-07-18,2026-07-19,-0.0016340878484766735,0.0,0.0,64796.6015625,64690.8046875,64796.6015625,benchmark
BTC,benchmark,random_walk_zero_return,random_walk_zero_return,2026-07-19,2026-07-20,0.008300835886390828,0.0,0.0,64690.8046875,65230.02734375,64690.8046875,benchmark
BTC,benchmark,random_walk_zero_return,random_walk_zero_return,2026-07-20,2026-07-21,0.019359107363714313,0.0,0.0,65230.02734375,66505.125,65230.02734375,benchmark
BTC,benchmark,random_walk_zero_return,random_walk_zero_return,2026-07-21,2026-07-22,-0.006098209978869257,0.0,0.0,66505.125,66100.796875,66505.125,benchmark
BTC,benchmark,random_walk_zero_return,random_walk_zero_return,2026-07-22,2026-07-23,-0.016104346952909084,0.0,0.0,66100.796875,65044.8125,66100.796875,benchmark
BTC,benchmark,random_walk_zero_return,random_walk_zero_return,2026-07-23,2026-07-24,-0.014655553654227636,0.0,0.0,65044.8125,64098.49609375,65044.8125,benchmark
BTC,benchmark,random_walk_zero_return,random_walk_zero_return,2026-07-24,2026-07-25,0.0033224217714330475,0.0,0.0,64098.49609375,64311.8125,64098.49609375,benchmark
BTC,benchmark,random_walk_zero_return,random_walk_zero_return,2026-07-25,2026-07-26,0.015865685940396487,0.0,0.0,64311.8125,65340.30078125,64311.8125,benchmark
BTC,benchmark,random_walk_zero_return,random_walk_zero_return,2026-07-26,2026-07-27,-0.02503365298859531,0.0,0.0,65340.30078125,63724.8984375,65340.30078125,benchmark
BTC,benchmark,random_walk_zero_return,random_walk_zero_return,2026-07-27,2026-07-28,0.0022957554728576246,0.0,0.0,63724.8984375,63871.36328125,63724.8984375,benchmark
BTC,benchmark,random_walk_zero_return,random_walk_zero_return,2026-07-28,2026-07-29,0.0005760654802496461,0.0,0.0,63871.36328125,63908.16796875,63871.36328125,benchmark
BTC,benchmark,random_walk_zero_return,random_walk_zero_return,2026-07-29,2026-07-30,0.01270511594195683,0.0,0.0,63908.16796875,64725.30859375,63908.16796875,benchmark
BTC,benchmark,random_walk_zero_return,random_walk_zero_return,2026-07-30,2026-07-31,-0.02997835702863742,0.0,0.0,64725.30859375,62813.74609375,64725.30859375,benchmark
BTC,benchmark,random_walk_zero_return,random_walk_zero_return,2026-07-31,2026-08-01,-0.0008031049841085494,0.0,0.0,62813.74609375,62763.3203125,62813.74609375,benchmark
BTC,benchmark,random_walk_zero_return,random_walk_zero_return,2026-08-01,2026-08-02,0.011385569767075112,0.0,0.0,62763.3203125,63482.0,62763.3203125,benchmark
BTC,benchmark,random_walk_zero_return,random_walk_zero_return,2026-08-02,2026-08-03,-0.0003324575530272348,0.0,0.0,63482.0,63460.8984375,63482.0,benchmark
BTC,benchmark,random_walk_zero_return,random_walk_zero_return,2026-08-03,2026-08-04,0.00933302539348361,0.0,0.0,63460.8984375,64055.953125,63460.8984375,benchmark
BTC,benchmark,random_walk_zero_return,random_walk_zero_return,2026-08-04,2026-08-05,0.008418741360802475,0.0,0.0,64055.953125,64597.5,64055.953125,benchmark
BTC,benchmark,random_walk_zero_return,random_walk_zero_return,2026-08-05,2026-08-06,-0.005205470783879128,0.0,0.0,64597.5,64262.11328125,64597.5,benchmark
BTC,benchmark,random_walk_zero_return,random_walk_zero_return,2026-08-06,2026-08-07,0.00957212039536744,0.0,0.0,64262.11328125,64880.19140625,64262.11328125,benchmark
BTC,benchmark,random_walk_zero_return,random_walk_zero_return,2026-08-07,2026-08-08,0.00037748764335751974,0.0,0.0,64880.19140625,64904.6875,64880.19140625,benchmark
BTC,benchmark,random_walk_zero_return,random_walk_zero_return,2026-08-08,2026-08-09,-0.0009217877722439945,0.0,0.0,64904.6875,64844.88671875,64904.6875,benchmark
BTC,benchmark,random_walk_zero_return,random_walk_zero_return,2026-08-09,2026-08-10,-0.014513048045569134,0.0,0.0,64844.88671875,63910.5859375,64844.88671875,benchmark
BTC,benchmark,random_walk_zero_return,random_walk_zero_return,2026-08-10,2026-08-11,-0.00562851025881392,0.0,0.0,63910.5859375,63551.875,63910.5859375,benchmark
BTC,benchmark,random_walk_zero_return,random_walk_zero_return,2026-08-11,2026-08-12,-0.0023542560615523694,0.0,0.0,63551.875,63402.43359375,63551.875,benchmark
BTC,benchmark,random_walk_zero_return,random_walk_zero_return,2026-08-12,2026-08-13,-4.127906065128786e-06,0.0,0.0,63402.43359375,63402.171875,63402.43359375,benchmark
BTC,benchmark,random_walk_zero_return,random_walk_zero_return,2026-08-13,2026-08-14,-0.006750867021094253,0.0,0.0,63402.171875,62975.59375,63402.171875,benchmark
BTC,benchmark,random_walk_zero_return,random_walk_zero_return,2026-08-14,2026-08-15,0.0007734380660748331,0.0,0.0,62975.59375,63024.3203125,62975.59375,benchmark
BTC,benchmark,random_walk_zero_return,random_walk_zero_return,2026-08-15,2026-08-16,-0.0032686473868631834,0.0,0.0,63024.3203125,62818.65234375,63024.3203125,benchmark
BTC,benchmark,random_walk_zero_return,random_walk_zero_return,2026-08-16,2026-08-17,0.026510137670231988,0.0,0.0,62818.65234375,64506.25390625,62818.65234375,benchmark
BTC,benchmark,random_walk_zero_return,random_walk_zero_return,2026-08-17,2026-08-18,0.002700847372800676,0.0,0.0,64506.25390625,64680.7109375,64506.25390625,benchmark
BTC,benchmark,random_walk_zero_return,random_walk_zero_return,2026-08-18,2026-08-19,0.0684938460027011,0.0,0.0,64680.7109375,69266.1875,64680.7109375,benchmark
BTC,benchmark,random_walk_zero_return,random_walk_zero_return,2026-08-19,2026-08-20,0.05295120538976306,0.0,0.0,69266.1875,73032.7578125,69266.1875,benchmark
BTC,benchmark,random_walk_zero_return,random_walk_zero_return,2026-08-20,2026-08-21,0.07008881775516321,0.0,0.0,73032.7578125,78335.1875,73032.7578125,benchmark
BTC,benchmark,random_walk_zero_return,random_walk_zero_return,2026-08-21,2026-08-22,-0.016108760387506423,0.0,0.0,78335.1875,77083.4140625,78335.1875,benchmark
BTC,benchmark,random_walk_zero_return,random_walk_zero_return,2026-08-22,2026-08-23,0.008678138825315892,0.0,0.0,77083.4140625,77755.265625,77083.4140625,benchmark
BTC,benchmark,random_walk_zero_return,random_walk_zero_return,2026-08-23,2026-08-24,0.0154319126625293,0.0,0.0,77755.265625,78964.484375,77755.265625,benchmark
BTC,benchmark,random_walk_zero_return,random_walk_zero_return,2026-08-24,2026-08-25,-0.005072177186830813,0.0,0.0,78964.484375,78564.9765625,78964.484375,benchmark
BTC,benchmark,random_walk_zero_return,random_walk_zero_return,2026-08-25,2026-08-26,0.005868895257053803,0.0,0.0,78564.9765625,79027.421875,78564.9765625,benchmark
BTC,benchmark,random_walk_zero_return,random_walk_zero_return,2026-08-26,2026-08-27,0.015445797722405792,0.0,0.0,79027.421875,80257.5390625,79027.421875,benchmark
BTC,benchmark,random_walk_zero_return,random_walk_zero_return,2026-08-27,2026-08-28,-0.030710027313092664,0.0,0.0,80257.5390625,77830.2890625,80257.5390625,benchmark
BTC,benchmark,random_walk_zero_return,random_walk_zero_return,2026-08-28,2026-08-29,0.005324638622765287,0.0,0.0,77830.2890625,78245.8125,77830.2890625,benchmark
BTC,benchmark,random_walk_zero_return,random_walk_zero_return,2026-08-29,2026-08-30,-0.007417513856522034,0.0,0.0,78245.8125,77667.5703125,78245.8125,benchmark
BTC,benchmark,random_walk_zero_return,random_walk_zero_return,2026-08-30,2026-08-31,0.01128015948027171,0.0,0.0,77667.5703125,78548.6328125,77667.5703125,benchmark
ETH,benchmark,arima,arima,2025-10-31,2025-11-01,0.007021586687225155,-0.0003754042108892192,0.0,3847.080322265625,3874.18798828125,3845.6363831603853,benchmark
ETH,benchmark,arima,arima,2025-11-01,2025-11-02,0.009473174047530416,-0.00023613721467716619,0.0,3874.18798828125,3911.063232421875,3873.2732563259397,benchmark
ETH,benchmark,arima,arima,2025-11-02,2025-11-03,-0.08223448305523949,-0.0003185845355730945,0.0,3911.063232421875,3602.30810546875,3909.817426616146,benchmark
ETH,benchmark,arima,arima,2025-11-03,2025-11-04,-0.08990501013567212,0.0027655603560959347,0.0,3602.30810546875,3292.574462890625,3612.2842944736594,benchmark
ETH,benchmark,arima,arima,2025-11-04,2025-11-05,0.039481668810072805,0.003023521552127958,0.0,3292.574462890625,3425.171142578125,3302.5446977557654,benchmark
ETH,benchmark,arima,arima,2025-11-05,2025-11-06,-0.03352136366985419,-0.0013277755753666142,0.0,3425.171142578125,3312.2578125,3420.626301925474,benchmark
ETH,benchmark,arima,arima,2025-11-06,2025-11-07,0.03647448115981518,0.001127329448710101,0.0,3312.2578125,3435.301025390625,3315.9939237922163,benchmark
ETH,benchmark,arima,arima,2025-11-07,2025-11-08,-0.010218549741346181,-0.0012266433174632323,0.0,3435.301025390625,3400.3759765625,3431.0897197573577,benchmark
ETH,benchmark,arima,arima,2025-11-08,2025-11-09,0.05220874290983875,0.0003436516533152914,0.0,3400.3759765625,3582.621337890625,3401.544722197922,benchmark
ETH,benchmark,arima,arima,2025-11-09,2025-11-10,-0.003960630532174714,-0.0017557893509960517,0.0,3582.621337890625,3568.4599609375,3576.336528512161,benchmark
ETH,benchmark,arima,arima,2025-11-10,2025-11-11,-0.04387398640993172,0.0001331967123520168,0.0,3568.4599609375,3415.2822265625,3568.935299728536,benchmark
ETH,benchmark,arima,arima,2025-11-11,2025-11-12,-0.0006408517068140884,0.001475490000924474,0.0,3415.2822265625,3413.09423828125,3420.3251608227642,benchmark
ETH,benchmark,arima,arima,2025-11-12,2025-11-13,-0.054283922809847215,2.1551957386428003e-05,0.0,3413.09423828125,3232.757080078125,3413.167797935504,benchmark
ETH,benchmark,arima,arima,2025-11-13,2025-11-14,-0.04071281618360177,0.0018255780217581142,0.0,3232.757080078125,3103.78564453125,3238.6641205943183,benchmark
ETH,benchmark,arima,arima,2025-11-14,2025-11-15,0.020045814386644864,0.0013691792814792463,0.0,3103.78564453125,3166.63134765625,3108.0381941169508,benchmark
ETH,benchmark,arima,arima,2025-11-15,2025-11-16,-0.023576197316441422,-0.0006741443189485753,0.0,3166.63134765625,3092.847412109375,3164.4973005317174,benchmark
ETH,benchmark,arima,arima,2025-11-16,2025-11-17,-0.022333536068642135,0.0007928717275701476,0.0,3092.847412109375,3024.538818359375,3095.300615789529,benchmark
ETH,benchmark,arima,arima,2025-11-17,2025-11-18,0.032028732106195945,0.000751080807808885,0.0,3024.538818359375,3122.97900390625,3026.811344736959,benchmark
ETH,benchmark,arima,arima,2025-11-18,2025-11-19,-0.03251421900082368,-0.001077131982570041,0.0,3122.97900390625,3023.07080078125,3119.616954350857,benchmark
ETH,benchmark,arima,arima,2025-11-19,2025-11-20,-0.06536849882670856,0.0010934589935671756,0.0,3023.07080078125,2831.777587890625,3026.3782126666474,benchmark
ETH,benchmark,arima,arima,2025-11-20,2025-11-21,-0.02361115238578957,0.002198354293432025,0.0,2831.777587890625,2765.69921875,2838.00968597895,benchmark
ETH,benchmark,arima,arima,2025-11-21,2025-11-22,0.0006897153274086759,0.0007940472727969459,0.0,2765.69921875,2767.607421875,2767.896186804837,benchmark
ETH,benchmark,arima,arima,2025-11-22,2025-11-23,0.012234618260287876,-2.3195249676365914e-05,0.0,2767.607421875,2801.676025390625,2767.5432272743515,benchmark
ETH,benchmark,arima,arima,2025-11-23,2025-11-24,0.05250671846439223,-0.0004114523977720045,0.0,2801.676025390625,2952.71337890625,2800.523506191851,benchmark
ETH,benchmark,arima,arima,2025-11-24,2025-11-25,0.0017672851723719149,-0.0017658103221281408,0.0,2952.71337890625,2957.936279296875,2947.504047842369,benchmark
ETH,benchmark,arima,arima,2025-11-25,2025-11-26,0.023348428095094007,-5.943411606715915e-05,0.0,2957.936279296875,3027.81201171875,2957.7604821929567,benchmark
ETH,benchmark,arima,arima,2025-11-26,2025-11-27,-0.004392260426713515,-0.0007852118079659333,0.0,3027.81201171875,3014.542236328125,3025.4354711408155,benchmark
ETH,benchmark,arima,arima,2025-11-27,2025-11-28,0.005874882913213043,0.00014771250281476623,0.0,3014.542236328125,3032.304443359375,3014.987554795437,benchmark
ETH,benchmark,arima,arima,2025-11-28,2025-11-29,-0.013485997805236051,-0.00019757336190188654,0.0,3032.304443359375,2991.685302734375,3031.7053999556488,benchmark
ETH,benchmark,arima,arima,2025-11-29,2025-11-30,0.00014280097860070945,0.0004535365154238822,0.0,2991.685302734375,2992.112548828125,2993.042448996252,benchmark
ETH,benchmark,arima,arima,2025-11-30,2025-12-01,-0.0662927736435053,-4.802422421316161e-06,0.0,2992.112548828125,2800.18896484375,2992.098179474237,benchmark
ETH,benchmark,arima,arima,2025-12-01,2025-12-02,0.06823838280892502,0.0022294378206398732,0.0,2800.18896484375,2997.939697265625,2806.438776221171,benchmark
ETH,benchmark,arima,arima,2025-12-02,2025-12-03,0.06258823046337834,-0.0022948690044502867,0.0,2997.939697265625,3191.57177734375,2991.067706552303,benchmark
ETH,benchmark,arima,arima,2025-12-03,2025-12-04,-0.01810241754529839,-0.002104853371686474,0.0,3191.57177734375,3134.31640625,3184.861051751527,benchmark
ETH,benchmark,arima,arima,2025-12-04,2025-12-05,-0.03568750802814642,0.0006087875359919706,0.0,3134.31640625,3024.432861328125,3136.2251199535854,benchmark
ETH,benchmark,arima,arima,2025-12-05,2025-12-06,0.005202266348911221,0.0012001772704547794,0.0,3024.432861328125,3040.207763671875,3028.0648960110702,benchmark
ETH,benchmark,arima,arima,2025-12-06,2025-12-07,0.006914380156550823,-0.00017495314668344777,0.0,3040.207763671875,3061.3017578125,3039.675916282593,benchmark
ETH,benchmark,arima,arima,2025-12-07,2025-12-08,0.020657404003744346,-0.00023253183989845738,0.0,3061.3017578125,3125.197998046875,3060.589990439767,benchmark
ETH,benchmark,arima,arima,2025-12-08,2025-12-09,0.06080292642241868,-0.000694712187030315,0.0,3125.197998046875,3321.114990234375,3123.027638885518,benchmark
ETH,benchmark,arima,arima,2025-12-09,2025-12-10,0.001286434597521452,-0.0020448132778496907,0.0,3321.114990234375,3325.39013671875,3314.330868699823,benchmark
ETH,benchmark,arima,arima,2025-12-10,2025-12-11,-0.02692245348848621,-4.3263025332398935e-05,0.0,3325.39013671875,3237.056884765625,3325.246273393029,benchmark
ETH,benchmark,arima,arima,2025-12-11,2025-12-12,-0.048381125268667786,0.0009054069204348247,0.0,3237.056884765625,3084.172607421875,3239.989065679071,benchmark
ETH,benchmark,arima,arima,2025-12-12,2025-12-13,0.010489822947687412,0.0016270658859308524,0.0,3084.172607421875,3116.6953125,3089.194844104757,benchmark
ETH,benchmark,arima,arima,2025-12-13,2025-12-14,-0.01816399360114702,-0.00035277461970670645,0.0,3116.6953125,3060.5947265625,3115.5960154098484,benchmark
ETH,benchmark,arima,arima,2025-12-14,2025-12-15,-0.03200777016588088,0.0006108583497505412,0.0,3060.5947265625,2964.18310546875,3062.464887549996,benchmark
ETH,benchmark,arima,arima,2025-12-15,2025-12-16,-7.412721688312701e-07,0.0010764270287724567,0.0,2964.18310546875,2964.180908203125,2967.3755501903443,benchmark
ETH,benchmark,arima,arima,2025-12-16,2025-12-17,-0.045828192848759323,2.492911546388919e-08,0.0,2964.180908203125,2831.403564453125,2964.1809820975345,benchmark
ETH,benchmark,arima,arima,2025-12-17,2025-12-18,-0.0015320294953636582,0.001541210312575472,0.0,2831.403564453125,2827.069091796875,2835.770717311782,benchmark
ETH,benchmark,arima,arima,2025-12-18,2025-12-19,0.05200157806139122,5.152242562163757e-05,0.0,2827.069091796875,2977.970703125,2827.2147530062616,benchmark
ETH,benchmark,arima,arima,2025-12-19,2025-12-20,-0.0001303602133292682,-0.0017488223601333712,0.0,2977.970703125,2977.58251953125,2972.767312600564,benchmark
ETH,benchmark,arima,arima,2025-12-20,2025-12-21,0.008038330984924418,4.384037262731513e-06,0.0,2977.58251953125,3001.61376953125,2977.595573392583,benchmark
ETH,benchmark,arima,arima,2025-12-21,2025-12-22,0.0014847515809792915,-0.00027033050704716705,0.0,3001.61376953125,3006.07373046875,3000.802451425931,benchmark
ETH,benchmark,arima,arima,2025-12-22,2025-12-23,-0.014306326840175283,-4.993246091483116e-05,0.0,3006.07373046875,2963.3740234375,3005.9236335570813,benchmark
ETH,benchmark,arima,arima,2025-12-23,2025-12-24,-0.0060191597554604985,0.0004811243274182549,0.0,2963.3740234375,2945.590576171875,2964.800117808253,benchmark
ETH,benchmark,arima,arima,2025-12-24,2025-12-25,-0.014365015056822026,0.00020242541788130142,0.0,2945.590576171875,2903.57958984375,2946.186898928569,benchmark
ETH,benchmark,arima,arima,2025-12-25,2025-12-26,0.007605038907991378,0.000483098022628562,0.0,2903.57958984375,2925.74560546875,2904.98264228079,benchmark
ETH,benchmark,arima,arima,2025-12-26,2025-12-27,0.0075770385642638756,-0.00025575881709355533,0.0,2925.74560546875,2947.998291015625,2924.9974159156945,benchmark
ETH,benchmark,arima,arima,2025-12-27,2025-12-28,0.00019327323098403297,-0.0002548171605318205,0.0,2947.998291015625,2948.568115234375,2947.247186163123,benchmark
ETH,benchmark,arima,arima,2025-12-28,2025-12-29,-0.00476952504017534,-6.499813285686585e-06,0.0,2948.568115234375,2934.538330078125,2948.5489501544507,benchmark
ETH,benchmark,arima,arima,2025-12-29,2025-12-30,0.012488715813386491,0.00016039997916269963,0.0,2934.538330078125,2971.416748046875,2935.009067717266,benchmark
ETH,benchmark,arima,arima,2025-12-30,2025-12-31,-0.0014748454494985343,-0.0004199977438764905,0.0,2971.416748046875,2967.03759765625,2970.1690217560335,benchmark
ETH,benchmark,arima,arima,2025-12-31,2026-01-01,0.01117969589667102,4.9599315943432085e-05,0.0,2967.03759765625,3000.394287109375,2967.184764341125,benchmark
ETH,benchmark,arima,arima,2026-01-01,2026-01-02,0.04050579142356504,-0.000375975170224796,0.0,3000.394287109375,3124.422607421875,2999.2664253938237,benchmark
ETH,benchmark,arima,arima,2026-01-02,2026-01-03,0.0004783333560596635,-0.001362217001814847,0.0,3124.422607421875,3125.91748046875,3120.1693634035532,benchmark
ETH,benchmark,arima,arima,2026-01-03,2026-01-04,0.004721198192569982,-1.6086436217131933e-05,0.0,3125.91748046875,3140.71044921875,3125.86719600103,benchmark
ETH,benchmark,arima,arima,2026-01-04,2026-01-05,0.02683435946003148,-0.00015877473864428244,0.0,3140.71044921875,3226.13037109375,3140.2118233236633,benchmark
ETH,benchmark,arima,arima,2026-01-05,2026-01-06,0.021410072765534124,-0.0009024443025201534,0.0,3226.13037109375,3295.94677734375,3223.2202814155935,benchmark
ETH,benchmark,arima,arima,2026-01-06,2026-01-07,-0.039957957746070624,-0.000720024571951363,0.0,3295.94677734375,3166.843994140625,3293.5744688389173,benchmark
ETH,benchmark,arima,arima,2026-01-07,2026-01-08,-0.01992066167813984,0.0013437932573718368,0.0,3166.843994140625,3104.382568359375,3171.102438340583,benchmark
ETH,benchmark,arima,arima,2026-01-08,2026-01-09,-0.006896412519137501,0.0006699354110033886,0.0,3104.382568359375,3083.047119140625,3106.463000971148,benchmark
ETH,benchmark,arima,arima,2026-01-09,2026-01-10,-0.00021121695136130524,0.0002319275850423819,0.0,3083.047119140625,3082.39599609375,3083.7622457391262,benchmark
ETH,benchmark,arima,arima,2026-01-10,2026-01-11,0.011768432191719677,7.1032638075670555e-06,0.0,3082.39599609375,3118.88525390625,3082.417891243433,benchmark
ETH,benchmark,arima,arima,2026-01-11,2026-01-12,-0.008552349240195838,-0.00039577447700328767,0.0,3118.88525390625,3092.3251953125,3117.651122960926,benchmark
ETH,benchmark,arima,arima,2026-01-12,2026-01-13,0.07167244785080332,0.0002876170327997925,0.0,3092.3251953125,3322.095458984375,3093.214728625962,benchmark
ETH,benchmark,arima,arima,2026-01-13,2026-01-14,0.009773355035415114,-0.0024103572252942604,0.0,3322.095458984375,3354.72265625,3314.0976648342994,benchmark
ETH,benchmark,arima,arima,2026-01-14,2026-01-15,-0.01127779653171091,-0.00032867967582210646,0.0,3354.72265625,3317.101318359375,3353.620208280916,benchmark
ETH,benchmark,arima,arima,2026-01-15,2026-01-16,-0.006538811242779367,0.000379274312106577,0.0,3317.101318359375,3295.482177734375,3318.3596482911094,benchmark
ETH,benchmark,arima,arima,2026-01-16,2026-01-17,0.004052512545503773,0.0002199013902340429,0.0,3295.482177734375,3308.8642578125,3296.2069385317827,benchmark
ETH,benchmark,arima,arima,2026-01-17,2026-01-18,-0.008408684018054191,-0.00013628672087472415,0.0,3308.8642578125,3281.15771484375,3308.413334281126,benchmark
ETH,benchmark,arima,arima,2026-01-18,2026-01-19,-0.029235184793820444,0.0002827855457138001,0.0,3281.15771484375,3186.62109375,3282.0857100243425,benchmark
ETH,benchmark,arima,arima,2026-01-19,2026-01-20,-0.08204732940901807,0.0009831844873958522,0.0,3186.62109375,2935.605712890625,3189.755670857873,benchmark
ETH,benchmark,arima,arima,2026-01-20,2026-01-21,0.014640674097217414,0.0027592663455390607,0.0,2935.605712890625,2978.901123046875,2943.7170164150752,benchmark
ETH,benchmark,arima,arima,2026-01-21,2026-01-22,-0.009873624051331843,-0.0004923684854027347,0.0,2978.901123046875,2949.63330078125,2977.4347670361235,benchmark
ETH,benchmark,arima,arima,2026-01-22,2026-01-23,0.0012275504187740749,0.0003320517407401504,0.0,2949.63330078125,2953.25634765625,2950.6128942821824,benchmark
ETH,benchmark,arima,arima,2026-01-23,2026-01-24,-0.0015302026847261398,-4.128273988163952e-05,0.0,2953.25634765625,2948.74072265625,2953.1344316591762,benchmark
ETH,benchmark,arima,arima,2026-01-24,2026-01-25,-0.046095446910964524,5.14609896535435e-05,0.0,2948.74072265625,2815.90234375,2948.8924716766137,benchmark
ETH,benchmark,arima,arima,2026-01-25,2026-01-26,0.0385097283715548,0.001550198114431584,0.0,2815.90234375,2926.45703125,2820.2709354701765,benchmark
ETH,benchmark,arima,arima,2026-01-26,2026-01-27,0.03219617504335294,-0.0012950890447849567,0.0,2926.45703125,3022.2109375,2922.669461957936,benchmark
ETH,benchmark,arima,arima,2026-01-27,2026-01-28,-0.005176321307197195,-0.0010827631184598184,0.0,3022.2109375,3006.607421875,3018.9403699051813,benchmark
ETH,benchmark,arima,arima,2026-01-28,2026-01-29,-0.06470236643237812,0.0001740806102955998,0.0,3006.607421875,2818.232666015625,3007.1308594887673,benchmark
ETH,benchmark,arima,arima,2026-01-29,2026-01-30,-0.04197886796827195,0.002175952142008101,0.0,2818.232666015625,2702.375244140625,2824.3716821022863,benchmark
ETH,benchmark,arima,arima,2026-01-30,2026-01-31,-0.10004843937927187,0.001411756829174127,0.0,2702.375244140625,2445.091796875,2706.193035108678,benchmark
ETH,benchmark,arima,arima,2026-01-31,2026-02-01,-0.07519978220290023,0.0033646468896839812,0.0,2445.091796875,2267.96484375,2453.332523177075,benchmark
ETH,benchmark,arima,arima,2026-02-01,2026-02-02,0.03312814665299069,0.0025289821097031744,0.0,2267.96484375,2344.356689453125,2273.7077450517577,benchmark
ETH,benchmark,arima,arima,2026-02-02,2026-02-03,-0.05110473707553693,-0.0011141054901859196,0.0,2344.356689453125,2227.558837890625,2341.746283198431,benchmark
ETH,benchmark,arima,arima,2026-02-03,2026-02-04,-0.03846435100865618,0.0017186614375610905,0.0,2227.558837890625,2143.504150390625,2231.390549129204,benchmark
ETH,benchmark,arima,arima,2026-02-04,2026-02-05,-0.16268108635736284,0.001293562995964144,0.0,2143.504150390625,1821.68310546875,2146.2787021831414,benchmark
ETH,benchmark,arima,arima,2026-02-05,2026-02-06,0.12458793243377704,0.005470993996695121,0.0,1821.68310546875,2063.386962890625,1831.6768356941895,benchmark
ETH,benchmark,arima,arima,2026-02-06,2026-02-07,0.013078072860626821,-0.00418991442501516,0.0,2063.386962890625,2090.54931640625,2054.759634595392,benchmark
ETH,benchmark,arima,arima,2026-02-07,2026-02-08,-0.00085486651992098,-0.00043981792666208377,0.0,2090.54931640625,2088.762939453125,2089.630057508413,benchmark
ETH,benchmark,arima,arima,2026-02-08,2026-02-09,0.007062777520560773,2.87493137843289e-05,0.0,2088.762939453125,2103.567626953125,2088.8229908175063,benchmark
ETH,benchmark,arima,arima,2026-02-09,2026-02-10,-0.04078608660125574,-0.00023752246976086413,0.0,2103.567626953125,2019.4974365234373,2103.0680417087715,benchmark
ETH,benchmark,arima,arima,2026-02-10,2026-02-11,-0.03984048759789168,0.0013716433787144934,0.0,2019.4974365234373,1940.621337890625,2022.2693674263162,benchmark
ETH,benchmark,arima,arima,2026-02-11,2026-02-12,0.003251056309532056,0.0013398427153028828,0.0,1940.621337890625,1946.940673828125,1943.2232079124212,benchmark
ETH,benchmark,arima,arima,2026-02-12,2026-02-13,0.05086191072713562,-0.0001093336044811989,0.0,1946.940673828125,2048.52734375,1946.727819422826,benchmark
ETH,benchmark,arima,arima,2026-02-13,2026-02-14,0.018131871977993777,-0.0017104951440841424,0.0,2048.52734375,2086.009765625,2045.0263427521957,benchmark
ETH,benchmark,arima,arima,2026-02-14,2026-02-15,-0.05923016066341757,-0.0006097780938254642,0.0,2086.009765625,1966.04296875,2084.7381503074,benchmark
ETH,benchmark,arima,arima,2026-02-15,2026-02-16,0.016082623092426845,0.001991920884404512,0.0,1966.04296875,1997.917724609375,1969.9630737724553,benchmark
ETH,benchmark,arima,arima,2026-02-16,2026-02-17,-0.002868787898831094,-0.0005408614877115696,0.0,1997.917724609375,1992.1943359375,1996.8374200304236,benchmark
ETH,benchmark,arima,arima,2026-02-17,2026-02-18,-0.019371403139241388,9.647784953819971e-05,0.0,1992.1943359375,1953.97412109375,1992.3865478348396,benchmark
ETH,benchmark,arima,arima,2026-02-18,2026-02-19,-0.002958901252870125,0.0006514637482168131,0.0,1953.97412109375,1948.2010498046875,1955.24747912686,benchmark
ETH,benchmark,arima,arima,2026-02-19,2026-02-20,0.010630736664791151,9.950837773301762e-05,0.0,1948.2010498046875,1969.0223388671875,1948.394921776434,benchmark
ETH,benchmark,arima,arima,2026-02-20,2026-02-21,0.0023916477643178046,-0.0003575135731867258,0.0,1969.0223388671875,1973.7371826171875,1968.3185124763752,benchmark
ETH,benchmark,arima,arima,2026-02-21,2026-02-22,-0.008104381025179103,-8.043154157483784e-05,0.0,1973.7371826171875,1957.805908203125,1973.5784382770375,benchmark
ETH,benchmark,arima,arima,2026-02-22,2026-02-23,-0.053668696967508325,0.0002725517817005773,0.0,1957.805908203125,1855.5028076171875,1958.3395844155273,benchmark
ETH,benchmark,arima,arima,2026-02-23,2026-02-24,-0.001366236763411363,0.0018048878667719726,0.0,1855.5028076171875,1852.969482421875,1858.8548062022433,benchmark
ETH,benchmark,arima,arima,2026-02-24,2026-02-25,0.10330529755605292,4.594678642769858e-05,0.0,1852.969482421875,2054.6279296875,1853.0546223708793,benchmark
ETH,benchmark,arima,arima,2026-02-25,2026-02-26,-0.013640230652308093,-0.0034741756119972505,0.0,2054.6279296875,2026.7926025390625,2047.5021766683863,benchmark
ETH,benchmark,arima,arima,2026-02-26,2026-02-27,-0.04853988358482078,0.00045872339362415895,0.0,2026.7926025390625,1930.7618408203125,2027.7225529985794,benchmark
ETH,benchmark,arima,arima,2026-02-27,2026-02-28,0.017603302415937827,0.001632404956464783,0.0,1930.7618408203125,1965.050537109375,1933.9161999142666,benchmark
ETH,benchmark,arima,arima,2026-02-28,2026-03-01,-0.013311214361673498,-0.0005920022050261268,0.0,1965.050537109375,1939.066650390625,1963.887567132779,benchmark
ETH,benchmark,arima,arima,2026-03-01,2026-03-02,0.04448277882265156,0.0004476585169923261,0.0,1939.066650390625,2027.2689208984373,1939.9348844133665,benchmark
ETH,benchmark,arima,arima,2026-03-02,2026-03-03,-0.02219521539096451,-0.001495963798523214,0.0,2027.2689208984373,1982.7689208984373,2024.238467272517,benchmark
ETH,benchmark,arima,arima,2026-03-03,2026-03-04,0.06998564880773499,0.000746429058708005,0.0,1982.7689208984373,2126.50537109375,1984.2494697312934,benchmark
ETH,benchmark,arima,arima,2026-03-04,2026-03-05,-0.026156066067129717,-0.0023536298721341907,0.0,2126.50537109375,2071.60546875,2121.506249877354,benchmark
ETH,benchmark,arima,arima,2026-03-05,2026-03-06,-0.04585794631276462,0.0008796331745417501,0.0,2071.60546875,1978.751220703125,2073.428523336972,benchmark
ETH,benchmark,arima,arima,2026-03-06,2026-03-07,-0.004708868776353749,0.0015422109268853387,0.0,1978.751220703125,1969.4554443359373,1981.8052268127697,benchmark
ETH,benchmark,arima,arima,2026-03-07,2026-03-08,-0.016820776457913442,0.00015836009817431663,0.0,1969.4554443359373,1936.604736328125,1969.7673521896795,benchmark
ETH,benchmark,arima,arima,2026-03-08,2026-03-09,0.028673744603590037,0.0005656857172618089,0.0,1936.604736328125,1992.938232421875,1937.700555882961,benchmark
ETH,benchmark,arima,arima,2026-03-09,2026-03-10,0.021927234478122906,-0.0009643031534987669,0.0,1992.938232421875,2037.1204833984373,1991.0173620991256,benchmark
ETH,benchmark,arima,arima,2026-03-10,2026-03-11,0.007069651069372434,-0.0007374168127351407,0.0,2037.1204833984373,2051.5732421875,2035.6188302446014,benchmark
ETH,benchmark,arima,arima,2026-03-11,2026-03-12,0.010455613837732266,-0.0002377536284353395,0.0,2051.5732421875,2073.13623046875,2051.085531184997,benchmark
ETH,benchmark,arima,arima,2026-03-12,2026-03-13,0.00932731032254328,-0.00035162416122755814,0.0,2073.13623046875,2092.5634765625,2072.407393826397,benchmark
ETH,benchmark,arima,arima,2026-03-13,2026-03-14,0.0021592233043722896,-0.00031367911244365224,0.0,2092.5634765625,2097.086669921875,2091.9071860461345,benchmark
ETH,benchmark,arima,arima,2026-03-14,2026-03-15,0.03761747257489843,-7.261506546492486e-05,0.0,2097.086669921875,2177.476318359375,2096.9343953648336,benchmark
ETH,benchmark,arima,arima,2026-03-15,2026-03-16,0.0767490852405507,-0.0012650823229445325,0.0,2177.476318359375,2351.176025390625,2174.723373278626,benchmark
ETH,benchmark,arima,arima,2026-03-16,2026-03-17,-0.014187828746907258,-0.002581085447637785,0.0,2351.176025390625,2318.053466796875,2345.1152642026395,benchmark
ETH,benchmark,arima,arima,2026-03-17,2026-03-18,-0.05060291819156262,0.00047713921537231586,0.0,2318.053466796875,2203.671630859375,2319.1597649173336,benchmark
ETH,benchmark,arima,arima,2026-03-18,2026-03-19,-0.030523607148640667,0.0017017851788445684,0.0,2203.671630859375,2137.423828125,2207.4249993874423,benchmark
ETH,benchmark,arima,arima,2026-03-19,2026-03-20,0.004235958585431247,0.0010265143613613157,0.0,2137.423828125,2146.4970703125,2139.619050901975,benchmark
ETH,benchmark,arima,arima,2026-03-20,2026-03-21,-0.033061992006107994,-0.0001424560439695799,0.0,2146.4970703125,2076.68994140625,2146.1913106106467,benchmark
ETH,benchmark,arima,arima,2026-03-21,2026-03-22,-0.011449568094526609,0.0011118806975929216,0.0,2076.68994140625,2053.04833984375,2079.0002570266406,benchmark
ETH,benchmark,arima,arima,2026-03-22,2026-03-23,0.04713979833568274,0.0003850510204505528,0.0,2053.04833984375,2152.14599609375,2053.839020418453,benchmark
ETH,benchmark,arima,arima,2026-03-23,2026-03-24,0.0016520306586044232,-0.0015853198394151643,0.0,2152.14599609375,2155.704345703125,2148.736859348881,benchmark
ETH,benchmark,arima,arima,2026-03-24,2026-03-25,0.005697480587391201,-5.555808617927894e-05,0.0,2155.704345703125,2168.021484375,2155.584582222255,benchmark
ETH,benchmark,arima,arima,2026-03-25,2026-03-26,-0.05131370661715102,-0.0001916072899920949,0.0,2168.021484375,2059.578369140625,2167.606115448862,benchmark
ETH,benchmark,arima,arima,2026-03-26,2026-03-27,-0.033727669892453536,0.0017256891205773652,0.0,2059.578369140625,1991.27197265625,2063.1356296052745,benchmark
ETH,benchmark,arima,arima,2026-03-27,2026-03-28,0.0007141663784116856,0.0011342675638321162,0.0,1991.27197265625,1992.694580078125,1993.5318892983805,benchmark
ETH,benchmark,arima,arima,2026-03-28,2026-03-29,-0.005098999439741094,-2.4017542889705386e-05,0.0,1992.694580078125,1982.5596923828125,1992.6467210253124,benchmark
ETH,benchmark,arima,arima,2026-03-29,2026-03-30,0.02044726139354914,0.00017148026207972717,0.0,1982.5596923828125,2023.514892578125,1982.8996913891774,benchmark
ETH,benchmark,arima,arima,2026-03-30,2026-03-31,0.039340814763852025,-0.0006876450535080917,0.0,2023.514892578125,2104.708251953125,2022.1239108771979,benchmark
ETH,benchmark,arima,arima,2026-03-31,2026-04-01,0.016038636316827372,-0.001323038628629049,0.0,2104.708251953125,2138.737060546875,2101.925482895196,benchmark
ETH,benchmark,arima,arima,2026-04-01,2026-04-02,-0.03903857547596571,-0.0005393822045900513,0.0,2138.737060546875,2056.8525390625,2137.5837748949584,benchmark
ETH,benchmark,arima,arima,2026-04-02,2026-04-03,-0.0016871461717564678,0.0013128742673832734,0.0,2056.8525390625,2053.38525390625,2059.5547012443053,benchmark
ETH,benchmark,arima,arima,2026-04-03,2026-04-04,0.00581068555550107,5.673902715986522e-05,0.0,2053.38525390625,2065.3515625,2053.501764293253,benchmark
ETH,benchmark,arima,arima,2026-04-04,2026-04-05,0.020911357684258978,-0.00019541439329336392,0.0,2065.3515625,2108.99560546875,2064.9480025094763,benchmark
ETH,benchmark,arima,arima,2026-04-05,2026-04-06,-0.0005853459761497797,-0.0007032526946740992,0.0,2108.99560546875,2107.761474609375,2107.51297002094,benchmark
ETH,benchmark,arima,arima,2026-04-06,2026-04-07,0.06165560497032879,1.9685289748251985e-05,0.0,2107.761474609375,2241.806640625,2107.8029669131156,benchmark
ETH,benchmark,arima,arima,2026-04-07,2026-04-08,-0.02322737152703056,-0.0020734890097444192,0.0,2241.806640625,2190.33544921875,2237.1630950277613,benchmark
ETH,benchmark,arima,arima,2026-04-08,2026-04-09,-0.0005440857898826656,0.0007811406539555603,0.0,2190.33544921875,2189.14404296875,2192.0470777082,benchmark
ETH,benchmark,arima,arima,2026-04-09,2026-04-10,0.025261127435567108,1.829770231307815e-05,0.0,2189.14404296875,2245.148681640625,2189.1840996412398,benchmark
ETH,benchmark,arima,arima,2026-04-10,2026-04-11,0.017765001038666954,-0.0008495362284841483,0.0,2245.148681640625,2285.39013671875,2243.242156443014,benchmark
ETH,benchmark,arima,arima,2026-04-11,2026-04-12,-0.04163060757712065,-0.0005974401585954902,0.0,2285.39013671875,2192.201171875,2284.025160659374,benchmark
ETH,benchmark,arima,arima,2026-04-12,2026-04-13,0.07828539113868566,0.0014000447700040157,0.0,2192.201171875,2370.71484375,2195.2725011580474,benchmark
ETH,benchmark,arima,arima,2026-04-13,2026-04-14,-0.02019924377033633,-0.0026327516894485876,0.0,2370.71484375,2323.30859375,2364.4815491987415,benchmark
ETH,benchmark,arima,arima,2026-04-14,2026-04-15,0.015430748489014857,0.000679304176531827,0.0,2323.30859375,2359.43701171875,2324.8873631527204,benchmark
ETH,benchmark,arima,arima,2026-04-15,2026-04-16,-0.004584461790341291,-0.0005189388283433462,0.0,2359.43701171875,2348.64501953125,2358.212925880644,benchmark
ETH,benchmark,arima,arima,2026-04-16,2026-04-17,0.03037175089257519,0.00015417626900977597,0.0,2348.64501953125,2421.07177734375,2349.0071527730483,benchmark
ETH,benchmark,arima,arima,2026-04-17,2026-04-18,-0.029326772361462847,-0.0010214074083411608,0.0,2421.07177734375,2351.1005859375,2418.6001391838918,benchmark
ETH,benchmark,arima,arima,2026-04-18,2026-04-19,-0.0373454427406088,0.0009862645936575154,0.0,2351.1005859375,2264.9169921875,2353.4205370563063,benchmark
ETH,benchmark,arima,arima,2026-04-19,2026-04-20,0.021963323579239753,0.0012559339110200434,0.0,2264.9169921875,2315.21240234375,2267.7633652977415,benchmark
ETH,benchmark,arima,arima,2026-04-20,2026-04-21,0.0054954065471357755,-0.0007386304956529119,0.0,2315.21240234375,2327.970458984375,2313.502947265011,benchmark
ETH,benchmark,arima,arima,2026-04-21,2026-04-22,0.02045865422003999,-0.0001848115039183727,0.0,2327.970458984375,2376.088134765625,2327.5402630165786,benchmark
ETH,benchmark,arima,arima,2026-04-22,2026-04-23,-0.0189376886242059,-0.0006880281962982739,0.0,2376.088134765625,2331.513916015625,2374.4538814026823,benchmark
ETH,benchmark,arima,arima,2026-04-23,2026-04-24,-0.006810026535066284,0.0006368778515943487,0.0,2331.513916015625,2315.690185546875,2332.999278536458,benchmark
ETH,benchmark,arima,arima,2026-04-24,2026-04-25,0.001354581263398566,0.00022902240896546518,0.0,2315.690185546875,2318.8291015625,2316.220591226662,benchmark
ETH,benchmark,arima,arima,2026-04-25,2026-04-26,0.02171324359272805,-4.555480988004746e-05,0.0,2318.8291015625,2369.72900390625,2318.723470149662,benchmark
ETH,benchmark,arima,arima,2026-04-26,2026-04-27,-0.02853520923910551,-0.0007302202610304702,0.0,2369.72900390625,2303.06396484375,2367.999211416072,benchmark
ETH,benchmark,arima,arima,2026-04-27,2026-04-28,-0.005942025412355139,0.0009596441844422173,0.0,2303.06396484375,2289.419677734375,2305.275147588649,benchmark
ETH,benchmark,arima,arima,2026-04-28,2026-04-29,-0.01585118391858995,0.0001998313761428449,0.0,2289.419677734375,2253.415771484375,2289.877221333406,benchmark
ETH,benchmark,arima,arima,2026-04-29,2026-04-30,0.0012574984349416124,0.0005330781469495079,0.0,2253.415771484375,2256.251220703125,2254.6173384242293,benchmark
ETH,benchmark,arima,arima,2026-04-30,2026-05-01,0.017069008220622378,-4.2289897015478695e-05,0.0,2256.251220703125,2295.09375,2256.1558060889115,benchmark
ETH,benchmark,arima,arima,2026-05-01,2026-05-02,0.00916800638403556,-0.0005740337957875838,0.0,2295.09375,2316.23193359375,2293.776666684333,benchmark
ETH,benchmark,arima,arima,2026-05-02,2026-05-03,0.0023302997915724253,-0.0003083216925324581,0.0,2316.23193359375,2321.6357421875,2315.517899125501,benchmark
ETH,benchmark,arima,arima,2026-05-03,2026-05-04,0.010608949945406291,-7.836839829177609e-05,0.0,2321.6357421875,2346.39697265625,2321.453806442067,benchmark
ETH,benchmark,arima,arima,2026-05-04,2026-05-05,0.00628165402969772,-0.00035678088192167974,0.0,2346.39697265625,2361.1826171875,2345.559972396731,benchmark
ETH,benchmark,arima,arima,2026-05-05,2026-05-06,-0.004406055141063485,-0.0002112531472177283,0.0,2361.1826171875,2350.802001953125,2360.6838626120552,benchmark
ETH,benchmark,arima,arima,2026-05-06,2026-05-07,-0.02572114978849261,0.00014817642152274086,0.0,2350.802001953125,2291.107666015625,2351.150361190158,benchmark
ETH,benchmark,arima,arima,2026-05-07,2026-05-08,0.006900517380177334,0.0008650068623946716,0.0,2291.107666015625,2306.97216796875,2293.090347262029,benchmark
ETH,benchmark,arima,arima,2026-05-08,2026-05-09,0.008526770803293412,-0.00023206563225247278,0.0,2306.97216796875,2326.727294921875,2306.4368611295636,benchmark
ETH,benchmark,arima,arima,2026-05-09,2026-05-10,0.018023789401602215,-0.0002867568253972515,0.0,2326.727294921875,2369.0439453125,2326.060185642859,benchmark
ETH,benchmark,arima,arima,2026-05-10,2026-05-11,-0.012608728464913158,-0.000606143257472782,0.0,2369.0439453125,2339.36083984375,2367.608400415275,benchmark
ETH,benchmark,arima,arima,2026-05-11,2026-05-12,-0.028054385823506677,0.0004240337907872391,0.0,2339.36083984375,2274.6435546875,2340.353018232403,benchmark
ETH,benchmark,arima,arima,2026-05-12,2026-05-13,-0.007531505292275851,0.0009434740070779415,0.0,2274.6435546875,2257.576416015625,2276.790634454423,benchmark
ETH,benchmark,arima,arima,2026-05-13,2026-05-14,0.01029350969888902,0.0002532858684604783,0.0,2257.576416015625,2280.934814453125,2258.1483006408607,benchmark
ETH,benchmark,arima,arima,2026-05-14,2026-05-15,-0.025579807171991084,-0.0003461725700788328,0.0,2280.934814453125,2223.328857421875,2280.1453540388775,benchmark
ETH,benchmark,arima,arima,2026-05-15,2026-05-16,-0.019794470746775893,0.0008602534849512831,0.0,2223.328857421875,2179.751953125,2225.24230672738,benchmark
ETH,benchmark,arima,arima,2026-05-16,2026-05-17,-0.024195229175847065,0.0006656915874379807,0.0,2179.751953125,2127.645263671875,2181.20347874349,benchmark
ETH,benchmark,arima,arima,2026-05-17,2026-05-18,0.0004092183281597835,0.0008136898795901781,0.0,2127.645263671875,2128.51611328125,2129.377211628986,benchmark
ETH,benchmark,arima,arima,2026-05-18,2026-05-19,-0.00875425372369268,-1.3762085481662764e-05,0.0,2128.51611328125,2109.9638671875,2128.486820662114,benchmark
ETH,benchmark,arima,arima,2026-05-19,2026-05-20,0.008033908248005973,0.00029440711664943274,0.0,2109.9638671875,2126.9833984375,2110.5851470159873,benchmark
ETH,benchmark,arima,arima,2026-05-20,2026-05-21,0.002079303908552925,-0.0002701817696144908,0.0,2126.9833984375,2131.41064453125,2126.408803924946,benchmark
ETH,benchmark,arima,arima,2026-05-21,2026-05-22,-0.031829628880296966,-6.992736190615492e-05,0.0,2131.41064453125,2064.636962890625,2131.261605818742,benchmark
ETH,benchmark,arima,arima,2026-05-22,2026-05-23,0.024550147375465296,0.0010704361055138534,0.0,2064.636962890625,2115.951416015625,2066.8482081277084,benchmark
ETH,benchmark,arima,arima,2026-05-23,2026-05-24,-0.008522952674199372,-0.0008256258420484303,0.0,2115.951416015625,2097.993896484375,2114.205152825248,benchmark
ETH,benchmark,arima,arima,2026-05-24,2026-05-25,0.006355596261768782,0.00028662842103372143,0.0,2097.993896484375,2111.370361328125,2098.595327351735,benchmark
ETH,benchmark,arima,arima,2026-05-25,2026-05-26,-0.019374108363781214,-0.0002137398376918401,0.0,2111.370361328125,2070.858154296875,2110.9191255950313,benchmark
ETH,benchmark,arima,arima,2026-05-26,2026-05-27,-0.023777930243884346,0.0006515547254013678,0.0,2070.858154296875,2022.1982421875,2072.2078713724636,benchmark
ETH,benchmark,arima,arima,2026-05-27,2026-05-28,-0.0072687232435778805,0.0007996560419590465,0.0,2022.1982421875,2007.552734375,2023.815951949393,benchmark
ETH,benchmark,arima,arima,2026-05-28,2026-05-29,0.00220213888797984,0.00024444846121752633,0.0,2007.552734375,2011.978515625,2008.0435375373258,benchmark
ETH,benchmark,arima,arima,2026-05-29,2026-05-30,0.0037107092790728668,-7.405832420838941e-05,0.0,2011.978515625,2019.458251953125,2011.8295173851377,benchmark
ETH,benchmark,arima,arima,2026-05-30,2026-05-31,-0.007513679144432405,-0.00012479181596250578,0.0,2019.458251953125,2004.341552734375,2019.206255814458,benchmark
ETH,benchmark,arima,arima,2026-05-31,2026-06-01,-0.0005591235515652776,0.00025268637192391437,0.0,2004.341552734375,2003.22119140625,2004.8480865238294,benchmark
ETH,benchmark,arima,arima,2026-06-01,2026-06-02,-0.07540853835127649,1.880342492491625e-05,0.0,2003.22119140625,1857.71630859375,2003.258859179671,benchmark
ETH,benchmark,arima,arima,2026-06-02,2026-06-03,-0.02506448300158351,0.002536002616266739,0.0,1857.71630859375,1811.7322998046875,1862.4334608397219,benchmark
ETH,benchmark,arima,arima,2026-06-03,2026-06-04,-0.023540908919617697,0.0008429230410393309,0.0,1811.7322998046875,1769.58056640625,1813.2600945206113,benchmark
ETH,benchmark,arima,arima,2026-06-04,2026-06-05,-0.11277301635815795,0.0007916849724807975,0.0,1769.58056640625,1580.86083984375,1770.982071450308,benchmark
ETH,benchmark,arima,arima,2026-06-05,2026-06-06,-0.00767912718680117,0.003792576686692126,0.0,1580.86083984375,1568.7677001953125,1586.867759461385,benchmark
ETH,benchmark,arima,arima,2026-06-06,2026-06-07,0.07230344307254986,0.00025825041914558154,0.0,1568.7677001953125,1686.396240234375,1569.1728874290643,benchmark
ETH,benchmark,arima,arima,2026-06-07,2026-06-08,0.002222580242866329,-0.002431577707327035,0.0,1686.396240234375,1690.1485595703125,1682.3006181605379,benchmark
ETH,benchmark,arima,arima,2026-06-08,2026-06-09,-0.031519541921552284,-7.47457706250099e-05,0.0,1690.1485595703125,1637.7066650390625,1690.02223283501,benchmark
ETH,benchmark,arima,arima,2026-06-09,2026-06-10,-0.010785745482471555,0.0010600078256951476,0.0,1637.7066650390625,1620.1376953125,1639.4435673225692,benchmark
ETH,benchmark,arima,arima,2026-06-10,2026-06-11,0.03167720451879468,0.0003627265474171865,0.0,1620.1376953125,1672.2806396484375,1620.725468859151,benchmark
ETH,benchmark,arima,arima,2026-06-11,2026-06-12,-0.004286465439468386,-0.0010653100470063683,0.0,1672.2806396484375,1665.1278076171875,1670.5000908682514,benchmark
ETH,benchmark,arima,arima,2026-06-12,2026-06-13,0.009019641302053691,0.00014415459849374964,0.0,1665.1278076171875,1680.214599609375,1665.3678607497009,benchmark
ETH,benchmark,arima,arima,2026-06-13,2026-06-14,0.02608131744744488,-0.00030333214832042285,0.0,1680.214599609375,1724.61328125,1679.7050137960232,benchmark
ETH,benchmark,arima,arima,2026-06-14,2026-06-15,0.03998055531190125,-0.000877119365108128,0.0,1724.61328125,1794.961181640625,1723.101252755368,benchmark
ETH,benchmark,arima,arima,2026-06-15,2026-06-16,-0.002545346375384009,-0.0013445532175477093,0.0,1794.961181640625,1790.398193359375,1792.5493825679207,benchmark
ETH,benchmark,arima,arima,2026-06-16,2026-06-17,-0.024031278966082516,8.560045332279855e-05,0.0,1790.398193359375,1747.885498046875,1790.5514588160577,benchmark
ETH,benchmark,arima,arima,2026-06-17,2026-06-18,-0.022186275106794908,0.0008081762047465739,0.0,1747.885498046875,1709.533447265625,1749.2986684834607,benchmark
ETH,benchmark,arima,arima,2026-06-18,2026-06-19,0.0008472258287815989,0.0007461283953542256,0.0,1709.533447265625,1710.982421875,1710.8094546869256,benchmark
ETH,benchmark,arima,arima,2026-06-19,2026-06-20,0.016415812264568657,-2.849235597632454e-05,0.0,1710.982421875,1739.3013916015625,1710.9336726492602,benchmark
ETH,benchmark,arima,arima,2026-06-20,2026-06-21,-0.020164455160312907,-0.0005520666990939631,0.0,1739.3013916015625,1704.58056640625,1738.34144622489,benchmark
ETH,benchmark,arima,arima,2026-06-21,2026-06-22,0.012783452112487081,0.0006781342293618564,0.0,1704.58056640625,1726.5108642578125,1705.7368928629976,benchmark
ETH,benchmark,arima,arima,2026-06-22,2026-06-23,-0.036015118575190234,-0.0004299097782690152,0.0,1726.5108642578125,1665.436767578125,1725.7687798810748,benchmark
ETH,benchmark,arima,arima,2026-06-23,2026-06-24,-0.027707605238555068,0.0012111948716785224,0.0,1665.436767578125,1619.9249267578125,1667.4551581355195,benchmark
ETH,benchmark,arima,arima,2026-06-24,2026-06-25,-0.03461114583410765,0.0009318117140546883,0.0,1619.9249267578125,1564.816650390625,1621.4350952675386,benchmark
ETH,benchmark,arima,arima,2026-06-25,2026-06-26,0.00751217354974333,0.0011639790175803192,0.0,1564.816650390625,1576.6160888671875,1566.6391245931413,benchmark
ETH,benchmark,arima,arima,2026-06-26,2026-06-27,-0.003194097811799365,-0.0002526357385055507,0.0,1576.6160888671875,1571.5882568359375,1576.2178296066163,benchmark
ETH,benchmark,arima,arima,2026-06-27,2026-06-28,-0.0007810761173124416,0.00010741808002698063,0.0,1571.5882568359375,1570.3612060546875,1571.757082896403,benchmark
ETH,benchmark,arima,arima,2026-06-28,2026-06-29,0.025056343014794192,2.6267729362165625e-05,0.0,1570.3612060546875,1610.205810546875,1570.4024564196231,benchmark
ETH,benchmark,arima,arima,2026-06-29,2026-06-30,-0.025551475094469023,-0.0008426492918294215,0.0,1610.205810546875,1569.5838623046875,1608.8495432700006,benchmark
ETH,benchmark,arima,arima,2026-06-30,2026-07-01,0.024777910106091337,0.000859300672122774,0.0,1569.5838623046875,1608.960693359375,1570.9331864270534,benchmark
ETH,benchmark,arima,arima,2026-07-01,2026-07-02,0.053962428648177775,-0.0008332855433685252,0.0,1608.960693359375,1698.16943359375,1607.6205281214566,benchmark
ETH,benchmark,arima,arima,2026-07-02,2026-07-03,0.0337829584823897,-0.001814766115667186,0.0,1698.16943359375,1756.5186767578125,1695.090447911467,benchmark
ETH,benchmark,arima,arima,2026-07-03,2026-07-04,0.012736109597214896,-0.001136126928988813,0.0,1756.5186767578125,1779.032958984375,1754.524181802129,benchmark
ETH,benchmark,arima,arima,2026-07-04,2026-07-05,0.002230758380216772,-0.00042831764102281073,0.0,1779.032958984375,1783.0059814453125,1778.2711309479216,benchmark
ETH,benchmark,arima,arima,2026-07-05,2026-07-06,0.008137134529373787,-7.502080284510544e-05,0.0,1783.0059814453125,1797.57373046875,1782.872223922468,benchmark
ETH,benchmark,arima,arima,2026-07-06,2026-07-07,-0.016299610142193822,-0.0002736532878979616,0.0,1797.57373046875,1768.511474609375,1797.0818858076918,benchmark
ETH,benchmark,arima,arima,2026-07-07,2026-07-08,-0.014715429926392411,0.0005481588009593304,0.0,1768.511474609375,1742.6776123046875,1769.4811654867933,benchmark
ETH,benchmark,arima,arima,2026-07-08,2026-07-09,0.0010363767887721133,0.0004948825372927986,0.0,1742.6776123046875,1744.484619140625,1743.5402464568317,benchmark
ETH,benchmark,arima,arima,2026-07-09,2026-07-10,0.028931987175530218,-3.485353655206752e-05,0.0,1744.484619140625,1795.6932373046875,1744.423818741748,benchmark
ETH,benchmark,arima,arima,2026-07-10,2026-07-11,-0.004237766868141637,-0.0009729878973273902,0.0,1795.6932373046875,1788.099609375,1793.9468992381514,benchmark
ETH,benchmark,arima,arima,2026-07-11,2026-07-12,0.00984372406415057,0.00014251685684017472,0.0,1788.099609375,1805.7880859375,1788.3544618710023,benchmark
ETH,benchmark,arima,arima,2026-07-12,2026-07-13,-0.018041700992512517,-0.00033104619882969955,0.0,1805.7880859375,1773.500732421875,1805.1903855944302,benchmark
ETH,benchmark,arima,arima,2026-07-13,2026-07-14,0.06334617578601259,0.0006067456274749484,0.0,1773.500732421875,1889.4798583984373,1774.5771227511366,benchmark
ETH,benchmark,arima,arima,2026-07-14,2026-07-15,0.014430524175558828,-0.0021303432082913636,0.0,1889.4798583984373,1916.9437255859373,1885.4589023438186,benchmark
ETH,benchmark,arima,arima,2026-07-15,2026-07-16,-0.028440232689138405,-0.0004853011059946918,0.0,1916.9437255859373,1863.193359375,1916.0136563758429,benchmark
ETH,benchmark,arima,arima,2026-07-16,2026-07-17,-0.011989404987594009,0.0009564501060995426,0.0,1863.193359375,1840.9881591796875,1864.9762633546925,benchmark
ETH,benchmark,arima,arima,2026-07-17,2026-07-18,0.011022172689536534,0.00040320583160468064,0.0,1840.9881591796875,1861.39208984375,1841.7306060107715,benchmark
ETH,benchmark,arima,arima,2026-07-18,2026-07-19,0.005420170979573819,-0.00037067763662780617,0.0,1861.39208984375,1871.508544921875,1860.7022412866643,benchmark
ETH,benchmark,arima,arima,2026-07-19,2026-07-20,0.01708549188125397,-0.0001822813183406515,0.0,1871.508544921875,1903.7589111328125,1871.1674349669515,benchmark
ETH,benchmark,arima,arima,2026-07-20,2026-07-21,0.012851931047764876,-0.0005745881442393816,0.0,1903.7589111328125,1928.3837890625,1902.6653480372672,benchmark
ETH,benchmark,arima,arima,2026-07-21,2026-07-22,0.0026444810723667356,-0.00043221273709596756,0.0,1928.3837890625,1933.4901123046875,1927.5504971195257,benchmark
ETH,benchmark,arima,arima,2026-07-22,2026-07-23,-0.029598568421148785,-8.893437089244933e-05,0.0,1933.4901123046875,1877.1002197265625,1933.3181662239945,benchmark
ETH,benchmark,arima,arima,2026-07-23,2026-07-24,-0.009056635454748527,0.0009954051437003192,0.0,1877.1002197265625,1860.1767578125,1878.9696251940732,benchmark
ETH,benchmark,arima,arima,2026-07-24,2026-07-25,0.006988648574768904,0.00030457626828444667,0.0,1860.1767578125,1873.222412109375,1860.7434097977368,benchmark
ETH,benchmark,arima,arima,2026-07-25,2026-07-26,0.041917042836694604,-0.00023502950007096572,0.0,1873.222412109375,1953.4112548828125,1872.782201315623,benchmark
ETH,benchmark,arima,arima,2026-07-26,2026-07-27,-0.032675812699619874,-0.0014096776389543036,0.0,1953.4112548828125,1890.613525390625,1950.6595147061062,benchmark
ETH,benchmark,arima,arima,2026-07-27,2026-07-28,0.015396962638548027,0.0010988934185259302,0.0,1890.613525390625,1919.948486328125,1892.692250089915,benchmark
ETH,benchmark,arima,arima,2026-07-28,2026-07-29,-0.005970784512141466,-0.000517802604156404,0.0,1919.948486328125,1908.51904296875,1918.954589345488,benchmark
ETH,benchmark,arima,arima,2026-07-29,2026-07-30,0.004628409644754907,0.00020079854980638762,0.0,1908.51904296875,1917.3729248046875,1908.9023093032304,benchmark
ETH,benchmark,arima,arima,2026-07-30,2026-07-31,-0.03019351719084729,-0.00015565424320486063,0.0,1917.3729248046875,1860.345947265625,1917.0745007992195,benchmark
ETH,benchmark,arima,arima,2026-07-31,2026-08-01,-0.009141155880177469,0.0010154133771111255,0.0,1860.345947265625,1843.417724609375,1862.235926819403,benchmark
ETH,benchmark,arima,arima,2026-08-01,2026-08-02,0.020991044981634618,0.00030741870529094707,0.0,1843.417724609375,1882.52197265625,1843.9845128157692,benchmark
ETH,benchmark,arima,arima,2026-08-02,2026-08-03,-0.012973686445006478,-0.000705932592720743,0.0,1882.52197265625,1858.2564697265625,1881.1935079976586,benchmark
ETH,benchmark,arima,arima,2026-08-03,2026-08-04,0.005436217682913836,0.00043630739285644587,0.0,1858.2564697265625,1868.3858642578125,1859.067417660552,benchmark
ETH,benchmark,arima,arima,2026-08-04,2026-08-05,0.02020785436698823,-0.00018282097184067257,0.0,1868.3858642578125,1906.5260009765625,1868.0443153604374,benchmark
ETH,benchmark,arima,arima,2026-08-05,2026-08-06,-0.002346545855886157,-0.000679593752435488,0.0,1906.5260009765625,1902.0574951171875,1905.230777980021,benchmark
ETH,benchmark,arima,arima,2026-08-06,2026-08-07,0.005882550580216205,7.891475633695842e-05,0.0,1902.0574951171875,1913.2794189453125,1902.207601443678,benchmark
ETH,benchmark,arima,arima,2026-08-07,2026-08-08,0.001177148461113393,-0.00019783122691300898,0.0,1913.2794189453125,1915.532958984375,1912.9009499681606,benchmark
ETH,benchmark,arima,arima,2026-08-08,2026-08-09,-0.0035825526559130822,-3.9587713041349475e-05,0.0,1915.532958984375,1908.6827392578125,1915.457128916253,benchmark
ETH,benchmark,arima,arima,2026-08-09,2026-08-10,-0.019791352046331357,0.0001204818858308389,0.0,1908.6827392578125,1871.2786865234373,1908.9127148073567,benchmark
ETH,benchmark,arima,arima,2026-08-10,2026-08-11,0.005380127113694831,0.0006655867049848843,0.0,1871.2786865234373,1881.37353515625,1872.524599324011,benchmark
ETH,benchmark,arima,arima,2026-08-11,2026-08-12,-0.0017228455012013328,-0.00018093463597742242,0.0,1881.37353515625,1878.135009765625,1881.0331603142565,benchmark
ETH,benchmark,arima,arima,2026-08-12,2026-08-13,0.0031133074431306308,5.793960198667611e-05,0.0,1878.135009765625,1883.9913330078125,1878.243831313076,benchmark
ETH,benchmark,arima,arima,2026-08-13,2026-08-14,-0.001775101080760423,-0.00010470108549568964,0.0,1883.9913330078125,1880.6500244140625,1883.794087396277,benchmark
ETH,benchmark,arima,arima,2026-08-14,2026-08-15,0.00013733711278611884,5.9696966462553716e-05,0.0,1880.6500244140625,1880.9083251953125,1880.7622968666267,benchmark
ETH,benchmark,arima,arima,2026-08-15,2026-08-16,-0.003710048377518096,-4.61867163786794e-06,0.0,1880.9083251953125,1873.9429931640625,1880.8996379174393,benchmark
ETH,benchmark,arima,arima,2026-08-16,2026-08-17,0.020210771727059512,0.0001247695897251507,0.0,1873.9429931640625,1912.2021484375,1874.1768188493518,benchmark
ETH,benchmark,arima,arima,2026-08-17,2026-08-18,0.0022239875598747453,-0.000679691863775863,0.0,1912.2021484375,1916.4595947265625,1910.9028817958147,benchmark
ETH,benchmark,arima,arima,2026-08-18,2026-08-19,0.16109848705425042,-7.479309894741598e-05,0.0,1916.4595947265625,2251.4580078125,1916.3162621346767,benchmark
ETH,benchmark,arima,arima,2026-08-19,2026-08-20,0.032737450034477825,-0.005417770899404745,0.0,2251.4580078125,2326.384765625,2239.2931072143465,benchmark
ETH,benchmark,arima,arima,2026-08-20,2026-08-21,0.07806936059159927,-0.0011009662931085315,0.0,2326.384765625,2515.28173828125,2323.824903832593,benchmark
ETH,benchmark,arima,arima,2026-08-21,2026-08-22,-0.036862118710177375,-0.0026254865435568517,0.0,2515.28173828125,2424.251220703125,2508.6865614865796,benchmark
ETH,benchmark,arima,arima,2026-08-22,2026-08-23,0.01618863252300956,0.0012396796375322198,0.0,2424.251220703125,2463.81591796875,2427.258379149121,benchmark
ETH,benchmark,arima,arima,2026-08-23,2026-08-24,0.007285380356811502,-0.0005444266038003389,0.0,2463.81591796875,2481.831298828125,2462.474916107808,benchmark
ETH,benchmark,arima,arima,2026-08-24,2026-08-25,-0.01570466707427711,-0.00024500864291131735,0.0,2481.831298828125,2443.159423828125,2481.223303194798,benchmark
ETH,benchmark,arima,arima,2026-08-25,2026-08-26,0.02549994808905242,0.0005281507593004644,0.0,2443.159423828125,2506.260986328125,2444.450121144293,benchmark
ETH,benchmark,arima,arima,2026-08-26,2026-08-27,0.0016541530230063984,-0.0008575678097254658,0.0,2506.260986328125,2510.41015625,2504.1126189005167,benchmark
ETH,benchmark,arima,arima,2026-08-27,2026-08-28,-0.02740935041425752,-5.562946167327153e-05,0.0,2510.41015625,2442.535888671875,2510.2705073687607,benchmark
ETH,benchmark,arima,arima,2026-08-28,2026-08-29,0.006183572246544925,0.0009217813510312158,0.0,2442.535888671875,2457.686279296875,2444.7884107101872,benchmark
ETH,benchmark,arima,arima,2026-08-29,2026-08-30,-0.016304961587388887,-0.00020795463932827806,0.0,2457.686279296875,2417.938720703125,2457.175245170882,benchmark
ETH,benchmark,arima,arima,2026-08-30,2026-08-31,0.020014589550137154,0.0005483387710172604,0.0,2417.938720703125,2466.8203125,2419.2649338234364,benchmark
ETH,phase0,lstm,phase0_lstm,2025-10-31,2025-11-01,0.0070215866872251,-0.0025808196747675,0.003898656735532639,3847.080322265625,3874.18798828125,3837.164502654483,ensemble
ETH,phase0,lstm,phase0_lstm,2025-11-01,2025-11-02,0.0094731740475304,-0.00261064202059056,0.0034154746811169623,3874.18798828125,3911.063232421875,3864.0870610128272,ensemble
ETH,phase0,lstm,phase0_lstm,2025-11-02,2025-11-03,-0.0822344830552394,-0.0036262515466659803,0.0017785224954268094,3911.063232421875,3602.30810546875,3896.9064169263934,ensemble
ETH,phase0,lstm,phase0_lstm,2025-11-03,2025-11-04,-0.0899050101356721,-0.00379156977869564,0.002269387487442828,3602.30810546875,3292.574462890625,3588.6755636211255,ensemble
ETH,phase0,lstm,phase0_lstm,2025-11-04,2025-11-05,0.0394816688100728,-0.00290534701198336,0.0029167781228460195,3292.574462890625,3425.171142578125,3283.022274443415,ensemble
ETH,phase0,lstm,phase0_lstm,2025-11-05,2025-11-06,-0.0335213636698541,-0.00304444716311988,0.005153135505702558,3425.171142578125,3312.2578125,3414.7592472844717,ensemble
ETH,phase0,lstm,phase0_lstm,2025-11-06,2025-11-07,0.0364744811598151,-0.0045635596849024,0.008393488565022384,3312.2578125,3435.301025390625,3297.1765645420546,ensemble
ETH,phase0,lstm,phase0_lstm,2025-11-07,2025-11-08,-0.0102185497413461,-0.0054342168383299996,0.011143022273084054,3435.301025390625,3400.3759765625,3416.6834864013904,ensemble
ETH,phase0,lstm,phase0_lstm,2025-11-08,2025-11-09,0.0522087429098387,-0.00503233396448192,0.011826732616292484,3400.3759765625,3582.621337890625,3383.3071331253996,ensemble
ETH,phase0,lstm,phase0_lstm,2025-11-09,2025-11-10,-0.0039606305321747,-0.004110846016556,0.011601884604817245,3582.621337890625,3568.4599609375,3567.9239632545564,ensemble
ETH,phase0,lstm,phase0_lstm,2025-11-10,2025-11-11,-0.0438739864099317,-0.00267548596020786,0.00905794449998153,3568.4599609375,3415.2822265625,3558.9253569495704,ensemble
ETH,phase0,lstm,phase0_lstm,2025-11-11,2025-11-12,-0.000640851706814,-0.00250487166922538,0.0061428555889672665,3415.2822265625,3413.09423828125,3406.738088323113,ensemble
ETH,phase0,lstm,phase0_lstm,2025-11-12,2025-11-13,-0.0542839228098472,-0.0025634119287132997,0.004309709868548278,3413.09423828125,3232.757080078125,3404.3562760801074,ensemble
ETH,phase0,lstm,phase0_lstm,2025-11-13,2025-11-14,-0.0407128161836017,-0.00325012198300094,0.002830011826240883,3232.757080078125,3103.78564453125,3222.2672810236136,ensemble
ETH,phase0,lstm,phase0_lstm,2025-11-14,2025-11-15,0.0200458143866448,-0.0035961098328697997,0.002790500730429118,3103.78564453125,3166.63134765625,3092.644135507743,ensemble
ETH,phase0,lstm,phase0_lstm,2025-11-15,2025-11-16,-0.0235761973164414,-0.0041496041230857,0.0022439211308858307,3166.63134765625,3092.847412109375,3153.518306939984,ensemble
ETH,phase0,lstm,phase0_lstm,2025-11-16,2025-11-17,-0.0223335360686421,-0.004776118369772981,0.0014260286049896699,3092.847412109375,3024.538818359375,3078.1108266212104,ensemble
ETH,phase0,lstm,phase0_lstm,2025-11-17,2025-11-18,0.0320287321061959,-0.00447351871989664,0.0019445213769942783,3024.538818359375,3122.97900390625,3011.0387063523776,ensemble
ETH,phase0,lstm,phase0_lstm,2025-11-18,2025-11-19,-0.0325142190008236,-0.0047372781205921605,0.002246150081255392,3122.97900390625,3023.07080078125,3108.219571171208,ensemble
ETH,phase0,lstm,phase0_lstm,2025-11-19,2025-11-20,-0.0653684988267085,-0.0054001248441636,0.002597688906097932,3023.07080078125,2831.777587890625,3006.78984021864,ensemble
ETH,phase0,lstm,phase0_lstm,2025-11-20,2025-11-21,-0.0236111523857895,-0.00581923933932554,0.004030278102928003,2831.777587890625,2765.69921875,2815.346650497041,ensemble
ETH,phase0,lstm,phase0_lstm,2025-11-21,2025-11-22,0.0006897153274086,-0.00505181150510906,0.005136369904742358,2765.69921875,2767.607421875,2751.762659691077,ensemble
ETH,phase0,lstm,phase0_lstm,2025-11-22,2025-11-23,0.0122346182602878,-0.00440698452293868,0.0054100777827406285,2767.607421875,2801.676025390625,2755.4374549258123,ensemble
ETH,phase0,lstm,phase0_lstm,2025-11-23,2025-11-24,0.0525067184643922,-0.0037761477287858404,0.005458472198599402,2801.676025390625,2952.71337890625,2791.116432669278,ensemble
ETH,phase0,lstm,phase0_lstm,2025-11-24,2025-11-25,0.0017672851723719,-0.00428933314979074,0.00442673148981381,2952.71337890625,2957.936279296875,2940.0753313031696,ensemble
ETH,phase0,lstm,phase0_lstm,2025-11-25,2025-11-26,0.023348428095094,-0.00507634659297764,0.004040795057850178,2957.936279296875,3027.81201171875,2942.958817101022,ensemble
ETH,phase0,lstm,phase0_lstm,2025-11-26,2025-11-27,-0.0043922604267135,-0.00601507632527494,0.003728702572027075,3027.81201171875,3014.542236328125,3009.65415655965,ensemble
ETH,phase0,lstm,phase0_lstm,2025-11-27,2025-11-28,0.005874882913213,-0.006632758490741219,0.003472972488556616,3014.542236328125,3032.304443359375,2994.61366946051,ensemble
ETH,phase0,lstm,phase0_lstm,2025-11-28,2025-11-29,-0.013485997805236,-0.007500363420695021,0.003400904560035404,3032.304443359375,2991.685302734375,3009.6461370190214,ensemble
ETH,phase0,lstm,phase0_lstm,2025-11-29,2025-11-30,0.0001428009786007,-0.00713261403143402,0.0027491106910837145,2991.685302734375,2992.112548828125,2970.4226853311884,ensemble
ETH,phase0,lstm,phase0_lstm,2025-11-30,2025-12-01,-0.0662927736435053,-0.00659689977765078,0.0024000291622519264,2992.112548828125,2800.18896484375,2972.438846290415,ensemble
ETH,phase0,lstm,phase0_lstm,2025-12-01,2025-12-02,0.068238382808925,-0.0053554999176412595,0.0021439034602057268,2800.18896484375,2997.939697265625,2785.232638123731,ensemble
ETH,phase0,lstm,phase0_lstm,2025-12-02,2025-12-03,0.0625882304633783,-0.0036667510401457394,0.0033944377900548234,2997.939697265625,3191.57177734375,2986.9671278963606,ensemble
ETH,phase0,lstm,phase0_lstm,2025-12-03,2025-12-04,-0.0181024175452983,-0.00396403778577218,0.002143252929484954,3191.57177734375,3134.31640625,3178.945308655776,ensemble
ETH,phase0,lstm,phase0_lstm,2025-12-04,2025-12-05,-0.0356875080281464,-0.00414612828753882,0.001847509140062146,3134.31640625,3024.432861328125,3121.3480311868984,ensemble
ETH,phase0,lstm,phase0_lstm,2025-12-05,2025-12-06,0.0052022663489112,-0.0050660932436584994,0.0017030002471459887,3024.432861328125,3040.207763671875,3009.1495484749994,ensemble
ETH,phase0,lstm,phase0_lstm,2025-12-06,2025-12-07,0.0069143801565508,-0.00544144571758802,0.002267475632601212,3040.207763671875,3061.3017578125,3023.7095658878684,ensemble
ETH,phase0,lstm,phase0_lstm,2025-12-07,2025-12-08,0.0206574040037443,-0.0059978088829665994,0.003247065058538239,3061.3017578125,3125.197998046875,3042.9956082077197,ensemble
ETH,phase0,lstm,phase0_lstm,2025-12-08,2025-12-09,0.0608029264224186,-0.0063639038242399,0.0039636266358481645,3125.197998046875,3321.114990234375,3105.3726886459253,ensemble
ETH,phase0,lstm,phase0_lstm,2025-12-09,2025-12-10,0.0012864345975214,-0.007200484443455881,0.00451922548023643,3321.114990234375,3325.39013671875,3297.2872420270446,ensemble
ETH,phase0,lstm,phase0_lstm,2025-12-10,2025-12-11,-0.0269224534884862,-0.00754630432929838,0.00537964336502703,3325.39013671875,3237.056884765625,3300.390178020371,ensemble
ETH,phase0,lstm,phase0_lstm,2025-12-11,2025-12-12,-0.0483811252686677,-0.00601756246760482,0.00548839661352993,3237.056884765625,3084.172607421875,3217.6361839940278,ensemble
ETH,phase0,lstm,phase0_lstm,2025-12-12,2025-12-13,0.0104898229476874,-0.00521715450158804,0.005658235939793651,3084.172607421875,3116.6953125,3068.1239031064288,ensemble
ETH,phase0,lstm,phase0_lstm,2025-12-13,2025-12-14,-0.018163993601147,-0.0061757721821777,0.005320997566854328,3116.6953125,3060.5947265625,3097.506625755905,ensemble
ETH,phase0,lstm,phase0_lstm,2025-12-14,2025-12-15,-0.0320077701658808,-0.0056449042167514,0.004798381787666193,3060.5947265625,2964.18310546875,3043.3666336994443,ensemble
ETH,phase0,lstm,phase0_lstm,2025-12-15,2025-12-16,-7.412721688312701e-07,-0.0032183481729589,0.0030433540955349084,2964.18310546875,2964.180908203125,2954.6586668876917,ensemble
ETH,phase0,lstm,phase0_lstm,2025-12-16,2025-12-17,-0.0458281928487593,-0.00096934864996,0.005674494698029792,2964.180908203125,2831.403564453125,2961.308975618389,ensemble
ETH,phase0,lstm,phase0_lstm,2025-12-17,2025-12-18,-0.0015320294953636,0.0013178010354750202,0.006778022476827272,2831.403564453125,2827.069091796875,2835.1372505896106,ensemble
ETH,phase0,lstm,phase0_lstm,2025-12-18,2025-12-19,0.0520015780613912,0.0012290953658521402,0.004853654266670596,2827.069091796875,2977.970703125,2830.545965583573,ensemble
ETH,phase0,lstm,phase0_lstm,2025-12-19,2025-12-20,-0.0001303602133292,-0.00139940492808818,0.0014985786512941319,2977.970703125,2977.58251953125,2973.806230818498,ensemble
ETH,phase0,lstm,phase0_lstm,2025-12-20,2025-12-21,0.0080383309849244,-0.00388858249643814,0.004586945335826495,2977.58251953125,3001.61376953125,2966.0264272349227,ensemble
ETH,phase0,lstm,phase0_lstm,2025-12-21,2025-12-22,0.0014847515809792,-0.00454110473801844,0.005626975573490302,3001.61376953125,3006.07373046875,2988.0140293138275,ensemble
ETH,phase0,lstm,phase0_lstm,2025-12-22,2025-12-23,-0.0143063268401752,-0.004446367736090874,0.005162391058013058,3006.07373046875,2963.3740234375,2992.7372925469094,ensemble
ETH,phase0,lstm,phase0_lstm,2025-12-23,2025-12-24,-0.0060191597554604,-0.0037189050868618803,0.003945735456158786,2963.3740234375,2945.590576171875,2952.3739834375965,ensemble
ETH,phase0,lstm,phase0_lstm,2025-12-24,2025-12-25,-0.014365015056822,-0.0023696880030911,0.002281369969448332,2945.590576171875,2903.57958984375,2938.6187093585727,ensemble
ETH,phase0,lstm,phase0_lstm,2025-12-25,2025-12-26,0.0076050389079913,-0.0010993107163812601,0.0010985119809054174,2903.57958984375,2925.74560546875,2900.3894075068574,ensemble
ETH,phase0,lstm,phase0_lstm,2025-12-26,2025-12-27,0.0075770385642638,0.00019401178578844002,0.0010923262972826738,2925.74560546875,2947.998291015625,2926.313289665361,ensemble
ETH,phase0,lstm,phase0_lstm,2025-12-27,2025-12-28,0.000193273230984,0.00065479761688036,0.0013405537270184766,2947.998291015625,2948.568115234375,2949.929265400868,ensemble
ETH,phase0,lstm,phase0_lstm,2025-12-28,2025-12-29,-0.0047695250401753,0.00086495982250196,0.0017716920116787281,2948.568115234375,2934.538330078125,2951.119611499765,ensemble
ETH,phase0,lstm,phase0_lstm,2025-12-29,2025-12-30,0.0124887158133864,0.00192705454537642,0.0026125933976573566,2934.538330078125,2971.416748046875,2940.1987977689823,ensemble
ETH,phase0,lstm,phase0_lstm,2025-12-30,2025-12-31,-0.0014748454494985,0.0032016856363043,0.003791952708212611,2971.416748046875,2967.03759765625,2980.945536321045,ensemble
ETH,phase0,lstm,phase0_lstm,2025-12-31,2026-01-01,0.011179695896671,0.00363178922816586,0.00410858575714916,2967.03759765625,3000.394287109375,2977.832844007011,ensemble
ETH,phase0,lstm,phase0_lstm,2026-01-01,2026-01-02,0.040505791423565,0.00333999147114804,0.004501909509605177,3000.394287109375,3124.422607421875,3010.432332599912,ensemble
ETH,phase0,lstm,phase0_lstm,2026-01-02,2026-01-03,0.0004783333560596,0.00305916160577902,0.004762484525448412,3124.422607421875,3125.91748046875,3133.995355929554,ensemble
ETH,phase0,lstm,phase0_lstm,2026-01-03,2026-01-04,0.0047211981925699,0.0029221601755125095,0.005016417373050522,3125.91748046875,3140.71044921875,3135.06527118755,ensemble
ETH,phase0,lstm,phase0_lstm,2026-01-04,2026-01-05,0.0268343594600314,0.003038079404541317,0.005181988039108,3140.71044921875,3226.13037109375,3150.2666859027977,ensemble
ETH,phase0,lstm,phase0_lstm,2026-01-05,2026-01-06,0.0214100727655341,0.00409126385056876,0.005171431193058041,3226.13037109375,3295.94677734375,3239.3563587122158,ensemble
ETH,phase0,lstm,phase0_lstm,2026-01-06,2026-01-07,-0.0399579577460706,0.0049051458598114205,0.004963932613802144,3295.94677734375,3166.843994140625,3312.153592934727,ensemble
ETH,phase0,lstm,phase0_lstm,2026-01-07,2026-01-08,-0.0199206616781398,0.005506274336948959,0.004796977958531246,3166.843994140625,3104.382568359375,3184.3296020528323,ensemble
ETH,phase0,lstm,phase0_lstm,2026-01-08,2026-01-09,-0.0068964125191375,0.00561999094206836,0.004229926060540856,3104.382568359375,3083.047119140625,3121.8782871155945,ensemble
ETH,phase0,lstm,phase0_lstm,2026-01-09,2026-01-10,-0.0002112169513613,0.00496471787337208,0.003176700186785326,3083.047119140625,3082.39599609375,3098.391637361236,ensemble
ETH,phase0,lstm,phase0_lstm,2026-01-10,2026-01-11,0.0117684321917196,0.00352816088125104,0.001979048384295277,3082.39599609375,3118.88525390625,3093.29039235801,ensemble
ETH,phase0,lstm,phase0_lstm,2026-01-11,2026-01-12,-0.0085523492401958,0.002124552419263607,0.001543130844462121,3118.88525390625,3092.3251953125,3125.5185329973474,ensemble
ETH,phase0,lstm,phase0_lstm,2026-01-12,2026-01-13,0.0716724478508033,0.00142733327811582,0.0020213492323871303,3092.3251953125,3322.095458984375,3096.742125436325,ensemble
ETH,phase0,lstm,phase0_lstm,2026-01-13,2026-01-14,0.0097733550354151,0.0018615504668559602,0.0015219443804440982,3322.095458984375,3354.72265625,3328.285467055639,ensemble
ETH,phase0,lstm,phase0_lstm,2026-01-14,2026-01-15,-0.0112777965317109,0.00349638895131642,0.002329835755770844,3354.72265625,3317.101318359375,3366.4726006980222,ensemble
ETH,phase0,lstm,phase0_lstm,2026-01-15,2026-01-16,-0.0065388112427793,0.005394491041079101,0.0035244704115847854,3317.101318359375,3295.482177734375,3335.0437433178054,ensemble
ETH,phase0,lstm,phase0_lstm,2026-01-16,2026-01-17,0.0040525125455037,0.0055575669277459,0.0030640419777653526,3295.482177734375,3308.8642578125,3313.84802794574,ensemble
ETH,phase0,lstm,phase0_lstm,2026-01-17,2026-01-18,-0.0084086840180541,0.00471647796221072,0.002126997981473851,3308.8642578125,3281.15771484375,3324.507304207711,ensemble
ETH,phase0,lstm,phase0_lstm,2026-01-18,2026-01-19,-0.0292351847938204,0.0036990517051889798,0.0017590779099023884,3281.15771484375,3186.62109375,3293.3173626017046,ensemble
ETH,phase0,lstm,phase0_lstm,2026-01-19,2026-01-20,-0.082047329409018,0.0031437469820957,0.0018543561354262554,3186.62109375,2935.605712890625,3196.654787630284,ensemble
ETH,phase0,lstm,phase0_lstm,2026-01-20,2026-01-21,0.0146406740972174,0.0031088826915947427,0.001951957048803891,2935.605712890625,2978.901123046875,2944.746367930749,ensemble
ETH,phase0,lstm,phase0_lstm,2026-01-21,2026-01-22,-0.0098736240513318,0.004215209610993,0.0031106046813390814,2978.901123046875,2949.63330078125,2991.484317460452,ensemble
ETH,phase0,lstm,phase0_lstm,2026-01-22,2026-01-23,0.001227550418774,0.0046536247129551605,0.0035442448791925007,2949.63330078125,2953.25634765625,2963.391775763809,ensemble
ETH,phase0,lstm,phase0_lstm,2026-01-23,2026-01-24,-0.0015302026847261,0.0050632129306904606,0.0036380404243742236,2953.25634765625,2948.74072265625,2968.2472323783613,ensemble
ETH,phase0,lstm,phase0_lstm,2026-01-24,2026-01-25,-0.0460954469109645,0.00493348013842474,0.0038201737469604363,2948.74072265625,2815.90234375,2963.3242205642355,ensemble
ETH,phase0,lstm,phase0_lstm,2026-01-25,2026-01-26,0.0385097283715548,0.0050905212061479205,0.004460762923861938,2815.90234375,2926.45703125,2830.2733011436258,ensemble
ETH,phase0,lstm,phase0_lstm,2026-01-26,2026-01-27,0.0321961750433529,0.00539540923200542,0.004446702131693378,2926.45703125,3022.2109375,2942.2891364701954,ensemble
ETH,phase0,lstm,phase0_lstm,2026-01-27,2026-01-28,-0.0051763213071971,0.0051510101184248395,0.0036280380725175255,3022.2109375,3006.607421875,3037.818539567594,ensemble
ETH,phase0,lstm,phase0_lstm,2026-01-28,2026-01-29,-0.0647023664323781,0.00468467746395612,0.002856008709204325,3006.607421875,2818.232666015625,3020.725451294598,ensemble
ETH,phase0,lstm,phase0_lstm,2026-01-29,2026-01-30,-0.0419788679682719,0.00477029464673246,0.0027790749098412612,2818.232666015625,2702.375244140625,2831.7085827076976,ensemble
ETH,phase0,lstm,phase0_lstm,2026-01-30,2026-01-31,-0.1000484393792718,0.0052066121948882394,0.0034909838760628182,2702.375244140625,2445.091796875,2716.4821567851814,ensemble
ETH,phase0,lstm,phase0_lstm,2026-01-31,2026-02-01,-0.0751997822029002,0.00545053768437352,0.00488123730188339,2445.091796875,2267.96484375,2458.4552477681273,ensemble
ETH,phase0,lstm,phase0_lstm,2026-02-01,2026-02-02,0.0331281466529906,0.00592289933374556,0.00724901938953836,2267.96484375,2344.356689453125,2281.4376308064943,ensemble
ETH,phase0,lstm,phase0_lstm,2026-02-02,2026-02-03,-0.0511047370755369,0.006799092469736939,0.010156648756290054,2344.356689453125,2227.558837890625,2360.3504974435214,ensemble
ETH,phase0,lstm,phase0_lstm,2026-02-03,2026-02-04,-0.0384643510086561,0.006800078880041841,0.011739050700221213,2227.558837890625,2143.504150390625,2242.758032992139,ensemble
ETH,phase0,lstm,phase0_lstm,2026-02-04,2026-02-05,-0.1626810863573628,0.006259620282799,0.012126571566413924,2143.504150390625,1821.68310546875,2156.9637545033543,ensemble
ETH,phase0,lstm,phase0_lstm,2026-02-05,2026-02-06,0.124587932433777,0.00609499902930112,0.013309340433734673,1821.68310546875,2063.386962890625,1832.8201679432098,ensemble
ETH,phase0,lstm,phase0_lstm,2026-02-06,2026-02-07,0.0130780728606268,0.00538496322988066,0.013122039809790343,2063.386962890625,2090.54931640625,2074.528196458737,ensemble
ETH,phase0,lstm,phase0_lstm,2026-02-07,2026-02-08,-0.0008548665199209,0.00458306948421526,0.01256866768163493,2090.54931640625,2088.762939453125,2100.152438261804,ensemble
ETH,phase0,lstm,phase0_lstm,2026-02-08,2026-02-09,0.0070627775205607,0.00358520563459026,0.011581450595105321,2088.762939453125,2103.567626953125,2096.2650243356784,ensemble
ETH,phase0,lstm,phase0_lstm,2026-02-09,2026-02-10,-0.0407860866012557,0.00349640990607442,0.01183276873689121,2103.567626953125,2019.4974365234373,2110.935434573997,ensemble
ETH,phase0,lstm,phase0_lstm,2026-02-10,2026-02-11,-0.0398404875978916,0.00253763098735364,0.010923172526782201,2019.4974365234373,1940.621337890625,2024.6286836495103,ensemble
ETH,phase0,lstm,phase0_lstm,2026-02-11,2026-02-12,0.003251056309532,0.0011176850181072995,0.009497770173661066,1940.621337890625,1946.940673828125,1942.791553868824,ensemble
ETH,phase0,lstm,phase0_lstm,2026-02-12,2026-02-13,0.0508619107271356,-0.0009308995446189999,0.00763942477798075,1946.940673828125,2048.52734375,1945.129110963802,ensemble
ETH,phase0,lstm,phase0_lstm,2026-02-13,2026-02-14,0.0181318719779937,-0.00304758925922212,0.006213400407084603,2048.52734375,2086.009765625,2042.2937773196907,ensemble
ETH,phase0,lstm,phase0_lstm,2026-02-14,2026-02-15,-0.0592301606634175,-0.00518303662538524,0.005273349050239781,2086.009765625,1966.04296875,2075.2258714096115,ensemble
ETH,phase0,lstm,phase0_lstm,2026-02-15,2026-02-16,0.0160826230924268,-0.00715557187795636,0.005594306308007211,1966.04296875,1997.917724609375,1952.0250200043183,ensemble
ETH,phase0,lstm,phase0_lstm,2026-02-16,2026-02-17,-0.002868787898831,-0.00790329305455084,0.005612863840738283,1997.917724609375,1992.1943359375,1982.1898282860834,ensemble
ETH,phase0,lstm,phase0_lstm,2026-02-17,2026-02-18,-0.0193714031392413,-0.008020900562405519,0.005172535203562984,1992.1943359375,1953.97412109375,1976.2790560322278,ensemble
ETH,phase0,lstm,phase0_lstm,2026-02-18,2026-02-19,-0.0029589012528701,-0.00658470359630878,0.003240403877178721,1953.97412109375,1948.2010498046875,1941.150048366216,ensemble
ETH,phase0,lstm,phase0_lstm,2026-02-19,2026-02-20,0.0106307366647911,-0.0013291644630953599,0.004490876216004432,1948.2010498046875,1969.0223388671875,1945.6132903622452,ensemble
ETH,phase0,lstm,phase0_lstm,2026-02-20,2026-02-21,0.0023916477643178,0.0020404808921739397,0.008659092080020924,1969.0223388671875,1973.7371826171875,1973.0441931889202,ensemble
ETH,phase0,lstm,phase0_lstm,2026-02-21,2026-02-22,-0.0081043810251791,0.00607883799821138,0.013959029118797166,1973.7371826171875,1957.805908203125,1985.771752242227,ensemble
ETH,phase0,lstm,phase0_lstm,2026-02-22,2026-02-23,-0.0536686969675083,0.008075086097233,0.016611988651105056,1957.805908203125,1855.5028076171875,1973.6793629755534,ensemble
ETH,phase0,lstm,phase0_lstm,2026-02-23,2026-02-24,-0.0013662367634113,0.0118690434668679,0.022316325870965794,1855.5028076171875,1852.969482421875,1877.6570659415443,ensemble
ETH,phase0,lstm,phase0_lstm,2026-02-24,2026-02-25,0.1033052975560529,0.012622369895689201,0.0236167180147481,1852.969482421875,2054.6279296875,1876.5065831284314,ensemble
ETH,phase0,lstm,phase0_lstm,2026-02-25,2026-02-26,-0.013640230652308,0.007228534761816301,0.016733993587045613,2054.6279296875,2026.7926025390625,2069.5336875901926,ensemble
ETH,phase0,lstm,phase0_lstm,2026-02-26,2026-02-27,-0.0485398835848207,-0.0003842368721961802,0.0074892535379716815,2026.7926025390625,1930.7618408203125,2026.0139836854885,ensemble
ETH,phase0,lstm,phase0_lstm,2026-02-27,2026-02-28,0.0176033024159378,-0.0054020870942622,0.002120836765536518,1930.7618408203125,1965.050537109375,1920.3598188087985,ensemble
ETH,phase0,lstm,phase0_lstm,2026-02-28,2026-03-01,-0.0133112143616734,-0.00875395685434336,0.0028062377481145677,1965.050537109375,1939.066650390625,1947.9236429092189,ensemble
ETH,phase0,lstm,phase0_lstm,2026-03-01,2026-03-02,0.0444827788226515,-0.01043922230601306,0.0043621187506322255,1939.066650390625,2027.2689208984373,1918.9295930434234,ensemble
ETH,phase0,lstm,phase0_lstm,2026-03-02,2026-03-03,-0.0221952153909645,-0.01187044400721784,0.00573458236411244,2027.2689208984373,1982.7689208984373,2003.3466038499098,ensemble
ETH,phase0,lstm,phase0_lstm,2026-03-03,2026-03-04,0.0699856488077349,-0.012589670531451661,0.006533912778884793,1982.7689208984373,2126.50537109375,1957.9629903345658,ensemble
ETH,phase0,lstm,phase0_lstm,2026-03-04,2026-03-05,-0.0261560660671297,-0.013712542410939898,0.00730154451439313,2126.50537109375,2071.60546875,2097.544592755204,ensemble
ETH,phase0,lstm,phase0_lstm,2026-03-05,2026-03-06,-0.0458579463127646,-0.014827094692736801,0.00818889073343759,2071.60546875,1978.751220703125,2041.1161707221863,ensemble
ETH,phase0,lstm,phase0_lstm,2026-03-06,2026-03-07,-0.0047088687763537,-0.01602786527946588,0.009335304618928291,1978.751220703125,1969.4554443359373,1947.2888733820164,ensemble
ETH,phase0,lstm,phase0_lstm,2026-03-07,2026-03-08,-0.0168207764579134,-0.017446804884821122,0.010783480940788775,1969.4554443359373,1936.604736328125,1935.3927461212436,ensemble
ETH,phase0,lstm,phase0_lstm,2026-03-08,2026-03-09,0.02867374460359,-0.01676292987540362,0.009929448625264384,1936.604736328125,1992.938232421875,1904.4121418669165,ensemble
ETH,phase0,lstm,phase0_lstm,2026-03-09,2026-03-10,0.0219272344781229,-0.015612322092056218,0.008844243792021712,1992.938232421875,2037.1204833984373,1962.0654637188409,ensemble
ETH,phase0,lstm,phase0_lstm,2026-03-10,2026-03-11,0.0070696510693724,-0.01372824246063822,0.007515128194057477,2037.1204833984373,2051.5732421875,2009.345486641419,ensemble
ETH,phase0,lstm,phase0_lstm,2026-03-11,2026-03-12,0.0104556138377322,-0.01219884846359486,0.00652008748933767,2051.5732421875,2073.13623046875,2026.6984415274344,ensemble
ETH,phase0,lstm,phase0_lstm,2026-03-12,2026-03-13,0.0093273103225432,-0.01062677577137942,0.005781087338646644,2073.13623046875,2092.5634765625,2051.222120994497,ensemble
ETH,phase0,lstm,phase0_lstm,2026-03-13,2026-03-14,0.0021592233043722,-0.00997545914724464,0.00641200334519757,2092.5634765625,2097.086669921875,2071.7929650225115,ensemble
ETH,phase0,lstm,phase0_lstm,2026-03-14,2026-03-15,0.0376174725748984,-0.008452496770769318,0.006599127454111217,2097.086669921875,2177.476318359375,2079.43575386042,ensemble
ETH,phase0,lstm,phase0_lstm,2026-03-15,2026-03-16,0.0767490852405507,-0.007192100939573659,0.007194517263270562,2177.476318359375,2351.176025390625,2161.8718705294777,ensemble
ETH,phase0,lstm,phase0_lstm,2026-03-16,2026-03-17,-0.0141878287469072,-0.00794771569781,0.006745125003838191,2351.176025390625,2318.053466796875,2332.563607859653,ensemble
ETH,phase0,lstm,phase0_lstm,2026-03-17,2026-03-18,-0.0506029181915626,-0.008794513624161438,0.007282255611870921,2318.053466796875,2203.671630859375,2297.7566949383086,ensemble
ETH,phase0,lstm,phase0_lstm,2026-03-18,2026-03-19,-0.0305236071486406,-0.01050370740704234,0.009264579332444445,2203.671630859375,2137.423828125,2180.6460475193417,ensemble
ETH,phase0,lstm,phase0_lstm,2026-03-19,2026-03-20,0.0042359585854312,-0.01079547503031784,0.010047542016324185,2137.423828125,2146.4970703125,2114.4734256980264,ensemble
ETH,phase0,lstm,phase0_lstm,2026-03-20,2026-03-21,-0.0330619920061079,-0.01054071304388338,0.010182314587042033,2146.4970703125,2076.68994140625,2123.990287800148,ensemble
ETH,phase0,lstm,phase0_lstm,2026-03-21,2026-03-22,-0.0114495680945266,-0.00958370969165112,0.009347721369035233,2076.68994140625,2053.04833984375,2056.8826133334665,ensemble
ETH,phase0,lstm,phase0_lstm,2026-03-22,2026-03-23,0.0471397983356827,-0.0064007713459432,0.005977463983822777,2053.04833984375,2152.14599609375,2039.949213835877,ensemble
ETH,phase0,lstm,phase0_lstm,2026-03-23,2026-03-24,0.0016520306586044,-0.00635775113478298,0.00648388379837068,2152.14599609375,2155.704345703125,2138.5065913584995,ensemble
ETH,phase0,lstm,phase0_lstm,2026-03-24,2026-03-25,0.0056974805873912,-0.007177197016426299,0.007581529548521542,2155.704345703125,2168.021484375,2140.2878208012594,ensemble
ETH,phase0,lstm,phase0_lstm,2026-03-25,2026-03-26,-0.051313706617151,-0.00749864533427166,0.008579115721538324,2168.021484375,2059.578369140625,2151.8250616945097,ensemble
ETH,phase0,lstm,phase0_lstm,2026-03-26,2026-03-27,-0.0337276698924535,-0.007567540847230661,0.008996232388405906,2059.578369140625,1991.27197265625,2044.0512508551055,ensemble
ETH,phase0,lstm,phase0_lstm,2026-03-27,2026-03-28,0.0007141663784116,-0.008266543282661559,0.009900202494693843,1991.27197265625,1992.694580078125,1974.8788871349286,ensemble
ETH,phase0,lstm,phase0_lstm,2026-03-28,2026-03-29,-0.005098999439741,-0.008111913804896159,0.009663301655387967,1992.694580078125,1982.5596923828125,1976.5953992698685,ensemble
ETH,phase0,lstm,phase0_lstm,2026-03-29,2026-03-30,0.0204472613935491,-0.007857190660433841,0.00945375653437512,1982.5596923828125,2023.514892578125,1967.0433800218086,ensemble
ETH,phase0,lstm,phase0_lstm,2026-03-30,2026-03-31,0.039340814763852,-0.00724215536029076,0.008743169385407529,2023.514892578125,2104.708251953125,2008.9132209593781,ensemble
ETH,phase0,lstm,phase0_lstm,2026-03-31,2026-04-01,0.0160386363168273,-0.006492235977202621,0.008128481003072664,2104.708251953125,2138.737060546875,2091.088249293155,ensemble
ETH,phase0,lstm,phase0_lstm,2026-04-01,2026-04-02,-0.0390385754759657,-0.00533735171775334,0.007246098315321726,2138.737060546875,2056.8525390625,2127.352277944252,ensemble
ETH,phase0,lstm,phase0_lstm,2026-04-02,2026-04-03,-0.0016871461717564,-0.0033396241953596397,0.005161426969275153,2056.8525390625,2053.38525390625,2049.9948819292736,ensemble
ETH,phase0,lstm,phase0_lstm,2026-04-03,2026-04-04,0.005810685555501,-0.00048791468143464004,0.0032022306303828947,2053.38525390625,2065.3515625,2052.383621469684,ensemble
ETH,phase0,lstm,phase0_lstm,2026-04-04,2026-04-05,0.0209113576842589,0.00081435481552034,0.002928613441390866,2065.3515625,2108.99560546875,2067.0341765200906,ensemble
ETH,phase0,lstm,phase0_lstm,2026-04-05,2026-04-06,-0.0005853459761497,0.00148941978113724,0.0034888872015848504,2108.99560546875,2107.761474609375,2112.1391256713277,ensemble
ETH,phase0,lstm,phase0_lstm,2026-04-06,2026-04-07,0.0616556049703287,0.00245256256312128,0.003435876371849511,2107.761474609375,2241.806640625,2112.9372358387272,ensemble
ETH,phase0,lstm,phase0_lstm,2026-04-07,2026-04-08,-0.0232273715270305,0.0044331640732707,0.004668097590047983,2241.806640625,2190.33544921875,2251.766998922194,ensemble
ETH,phase0,lstm,phase0_lstm,2026-04-08,2026-04-09,-0.0005440857898826,0.006395623233402099,0.006821846939565679,2190.33544921875,2189.14404296875,2204.3889018974496,ensemble
ETH,phase0,lstm,phase0_lstm,2026-04-09,2026-04-10,0.0252611274355671,0.007256805105134779,0.007236950583836981,2189.14404296875,2245.148681640625,2205.0880158183995,ensemble
ETH,phase0,lstm,phase0_lstm,2026-04-10,2026-04-11,0.0177650010386669,0.00727375531569118,0.006533283680074185,2245.148681640625,2285.39013671875,2261.538880683268,ensemble
ETH,phase0,lstm,phase0_lstm,2026-04-11,2026-04-12,-0.0416306075771206,0.006837316765449899,0.005290402453003398,2285.39013671875,2192.201171875,2301.06961471186,ensemble
ETH,phase0,lstm,phase0_lstm,2026-04-12,2026-04-13,0.0782853911386856,0.00591142789926376,0.00391479001506405,2192.201171875,2370.71484375,2205.1985898432986,ensemble
ETH,phase0,lstm,phase0_lstm,2026-04-13,2026-04-14,-0.0201992437703363,0.00584107285831118,0.003777468312793452,2370.71484375,2323.30859375,2384.6028829167994,ensemble
ETH,phase0,lstm,phase0_lstm,2026-04-14,2026-04-15,0.0154307484890148,0.00623170849867162,0.003708155513243302,2323.30859375,2359.43701171875,2337.831981417584,ensemble
ETH,phase0,lstm,phase0_lstm,2026-04-15,2026-04-16,-0.0045844617903412,0.00614638817496592,0.003355814784331982,2359.43701171875,2348.64501953125,2373.9836864264257,ensemble
ETH,phase0,lstm,phase0_lstm,2026-04-16,2026-04-17,0.0303717508925751,0.006359193846583319,0.003400726831525343,2348.64501953125,2421.07177734375,2363.6280981458012,ensemble
ETH,phase0,lstm,phase0_lstm,2026-04-17,2026-04-18,-0.0293267723614628,0.00693251383490856,0.003542301387175841,2421.07177734375,2351.1005859375,2437.914203658703,ensemble
ETH,phase0,lstm,phase0_lstm,2026-04-18,2026-04-19,-0.0373454427406088,0.0071901980321853794,0.0035919750500362775,2351.1005859375,2264.9169921875,2368.066385380092,ensemble
ETH,phase0,lstm,phase0_lstm,2026-04-19,2026-04-20,0.0219633235792397,0.00697703263722356,0.0032763095872959964,2264.9169921875,2315.21240234375,2280.7746473234843,ensemble
ETH,phase0,lstm,phase0_lstm,2026-04-20,2026-04-21,0.0054954065471357,0.0069874971639364205,0.0033508641340364675,2315.21240234375,2327.970458984375,2331.4465945721413,ensemble
ETH,phase0,lstm,phase0_lstm,2026-04-21,2026-04-22,0.0204586542200399,0.00649362681433552,0.003140652780008647,2327.970458984375,2376.088134765625,2343.1366187779468,ensemble
ETH,phase0,lstm,phase0_lstm,2026-04-22,2026-04-23,-0.0189376886242059,0.006429668609052861,0.0034423667769349353,2376.088134765625,2331.513916015625,2391.41481399103,ensemble
ETH,phase0,lstm,phase0_lstm,2026-04-23,2026-04-24,-0.0068100265350662,0.00661739697679872,0.003951204973631079,2331.513916015625,2315.690185546875,2346.993630374388,ensemble
ETH,phase0,lstm,phase0_lstm,2026-04-24,2026-04-25,0.0013545812633985,0.00632476783357558,0.0037277267492039634,2315.690185546875,2318.8291015625,2330.3828030636287,ensemble
ETH,phase0,lstm,phase0_lstm,2026-04-25,2026-04-26,0.021713243592728,0.00528221211861814,0.0028768037949631715,2318.8291015625,2369.72900390625,2331.1100554906006,ensemble
ETH,phase0,lstm,phase0_lstm,2026-04-26,2026-04-27,-0.0285352092391055,0.0043934522545896,0.0024391239119159933,2369.72900390625,2303.06396484375,2380.163199427381,ensemble
ETH,phase0,lstm,phase0_lstm,2026-04-27,2026-04-28,-0.0059420254123551,0.0043738011096138,0.002688718920166898,2303.06396484375,2289.419677734375,2313.159169684213,ensemble
ETH,phase0,lstm,phase0_lstm,2026-04-28,2026-04-29,-0.0158511839185899,0.004072896061916201,0.0025933582535435902,2289.419677734375,2253.415771484375,2298.763260929173,ensemble
ETH,phase0,lstm,phase0_lstm,2026-04-29,2026-04-30,0.0012574984349416,0.004516461546882,0.0029872262625503755,2253.415771484375,2256.251220703125,2263.6162548714333,ensemble
ETH,phase0,lstm,phase0_lstm,2026-04-30,2026-05-01,0.0170690082206223,0.00475383592420252,0.0031587639503183047,2256.251220703125,2295.09375,2267.00260371804,ensemble
ETH,phase0,lstm,phase0_lstm,2026-05-01,2026-05-02,0.0091680063840355,0.00465227950480762,0.002983025884058392,2295.09375,2316.23193359375,2305.7960433416215,ensemble
ETH,phase0,lstm,phase0_lstm,2026-05-02,2026-05-03,0.0023302997915724,0.00418929120642126,0.0025832187024417206,2316.23193359375,2321.6357421875,2325.955657199011,ensemble
ETH,phase0,lstm,phase0_lstm,2026-05-03,2026-05-04,0.0106089499454062,0.003922618473734417,0.0024837853712146576,2321.6357421875,2346.39697265625,2330.7605182464636,ensemble
ETH,phase0,lstm,phase0_lstm,2026-05-04,2026-05-05,0.0062816540296977,0.00403627561754542,0.0024608627570714037,2346.39697265625,2361.1826171875,2355.886816475013,ensemble
ETH,phase0,lstm,phase0_lstm,2026-05-05,2026-05-06,-0.0044060551410634,0.00417473627021534,0.0025196027110187167,2361.1826171875,2350.802001953125,2371.06053640752,ensemble
ETH,phase0,lstm,phase0_lstm,2026-05-06,2026-05-07,-0.0257211497884926,0.00459876328241076,0.0028287684397873786,2350.802001953125,2291.107666015625,2361.6376801467995,ensemble
ETH,phase0,lstm,phase0_lstm,2026-05-07,2026-05-08,0.0069005173801773,0.00517277531325812,0.0033058349805954418,2291.107666015625,2306.97216796875,2302.9897563876025,ensemble
ETH,phase0,lstm,phase0_lstm,2026-05-08,2026-05-09,0.0085267708032934,0.005675106309354259,0.00377498480808082,2306.97216796875,2326.727294921875,2320.1017007835835,ensemble
ETH,phase0,lstm,phase0_lstm,2026-05-09,2026-05-10,0.0180237894016022,0.0056087276898324,0.004123653601779327,2326.727294921875,2369.0439453125,2339.8139401358485,ensemble
ETH,phase0,lstm,phase0_lstm,2026-05-10,2026-05-11,-0.0126087284649131,0.0055504066869615995,0.004317247552263267,2369.0439453125,2339.36083984375,2382.2296618618934,ensemble
ETH,phase0,lstm,phase0_lstm,2026-05-11,2026-05-12,-0.0280543858235066,0.00504076289944346,0.003933019246363968,2339.36083984375,2274.6435546875,2351.182773924767,ensemble
ETH,phase0,lstm,phase0_lstm,2026-05-12,2026-05-13,-0.0075315052922758,0.004694135440513459,0.0034209523926873376,2274.6435546875,2257.576416015625,2285.346139651254,ensemble
ETH,phase0,lstm,phase0_lstm,2026-05-13,2026-05-14,0.010293509698889,0.00388777838088566,0.0024912710777248055,2257.576416015625,2280.934814453125,2266.3704563622855,ensemble
ETH,phase0,lstm,phase0_lstm,2026-05-14,2026-05-15,-0.025579807171991,0.00349147478118534,0.0019385754042016232,2280.934814453125,2223.328857421875,2288.9125597793027,ensemble
ETH,phase0,lstm,phase0_lstm,2026-05-15,2026-05-16,-0.0197944707467758,0.0034673575079068202,0.0016074572315710124,2223.328857421875,2179.751953125,2231.0513139500354,ensemble
ETH,phase0,lstm,phase0_lstm,2026-05-16,2026-05-17,-0.024195229175847,0.00334943712223316,0.0017382964060339181,2179.751953125,2127.645263671875,2187.0651359199746,ensemble
ETH,phase0,lstm,phase0_lstm,2026-05-17,2026-05-18,0.0004092183281597,0.0022859423246699997,0.0024420432319154153,2127.645263671875,2128.51611328125,2132.514501309826,ensemble
ETH,phase0,lstm,phase0_lstm,2026-05-18,2026-05-19,-0.0087542537236926,0.0029743131191935003,0.002580520040318726,2128.51611328125,2109.9638671875,2134.856411022633,ensemble
ETH,phase0,lstm,phase0_lstm,2026-05-19,2026-05-20,0.0080339082480059,0.00302076775988094,0.0032612683919105005,2109.9638671875,2126.9833984375,2116.3472144628154,ensemble
ETH,phase0,lstm,phase0_lstm,2026-05-20,2026-05-21,0.0020793039085529,0.0029557538364315197,0.0037127737475990525,2126.9833984375,2131.41064453125,2133.279538113117,ensemble
ETH,phase0,lstm,phase0_lstm,2026-05-21,2026-05-22,-0.0318296288802969,0.0031149279966484196,0.0034806348920506094,2131.41064453125,2064.636962890625,2138.0601862655276,ensemble
ETH,phase0,lstm,phase0_lstm,2026-05-22,2026-05-23,0.0245501473754652,0.0030912043381249197,0.00339159571386484,2064.636962890625,2115.951416015625,2071.029052164021,ensemble
ETH,phase0,lstm,phase0_lstm,2026-05-23,2026-05-24,-0.0085229526741993,0.0038141957018524,0.002568733969746757,2115.951416015625,2097.993896484375,2124.03747992396,ensemble
ETH,phase0,lstm,phase0_lstm,2026-05-24,2026-05-25,0.0063555962617687,0.00459604477509852,0.002603669859259933,2097.993896484375,2111.370361328125,2107.658562977742,ensemble
ETH,phase0,lstm,phase0_lstm,2026-05-25,2026-05-26,-0.0193741083637812,0.00548743836116042,0.0038915679985283887,2111.370361328125,2070.858154296875,2122.9882230404583,ensemble
ETH,phase0,lstm,phase0_lstm,2026-05-26,2026-05-27,-0.0237779302438843,0.00547571170609438,0.004008447850395594,2070.858154296875,2022.1982421875,2082.2286789809923,ensemble
ETH,phase0,lstm,phase0_lstm,2026-05-27,2026-05-28,-0.0072687232435778,0.00555180204100904,0.004291720881122778,2022.1982421875,2007.552734375,2033.4563088778118,ensemble
ETH,phase0,lstm,phase0_lstm,2026-05-28,2026-05-29,0.0022021388879798,0.00598075599409634,0.005107812505604596,2007.552734375,2011.978515625,2019.5953936312646,ensemble
ETH,phase0,lstm,phase0_lstm,2026-05-29,2026-05-30,0.0037107092790728,0.0055841851048171,0.004449494191507239,2011.978515625,2019.458251953125,2023.2452044435756,ensemble
ETH,phase0,lstm,phase0_lstm,2026-05-30,2026-05-31,-0.0075136791444324,0.00574997609946872,0.005672505887272834,2019.458251953125,2004.341552734375,2031.1035366050394,ensemble
ETH,phase0,lstm,phase0_lstm,2026-05-31,2026-06-01,-0.0005591235515652,0.00510737500735554,0.005497149946572831,2004.341552734375,2003.22119140625,2014.6046631541772,ensemble
ETH,phase0,lstm,phase0_lstm,2026-06-01,2026-06-02,-0.0754085383512764,0.00507482237298972,0.00602495841924617,2003.22119140625,1857.71630859375,2013.413022118499,ensemble
ETH,phase0,lstm,phase0_lstm,2026-06-02,2026-06-03,-0.0250644830015835,0.00516396572347724,0.005567974135586511,1857.71630859375,1811.7322998046875,1867.3343040615212,ensemble
ETH,phase0,lstm,phase0_lstm,2026-06-03,2026-06-04,-0.0235409089196176,0.00416785548441104,0.0025523605581958004,1811.7322998046875,1769.58056640625,1819.2990959094586,ensemble
ETH,phase0,lstm,phase0_lstm,2026-06-04,2026-06-05,-0.1127730163581579,0.00593138573458412,0.0037213762167388497,1769.58056640625,1580.86083984375,1780.1078210745552,ensemble
ETH,phase0,lstm,phase0_lstm,2026-06-05,2026-06-06,-0.0076791271868011,0.007747040278627461,0.007453903801588959,1580.86083984375,1568.7677001953125,1593.1553941589166,ensemble
ETH,phase0,lstm,phase0_lstm,2026-06-06,2026-06-07,0.0723034430725498,0.00845097028650342,0.009654474338097593,1568.7677001953125,1686.396240234375,1582.081487388166,ensemble
ETH,phase0,lstm,phase0_lstm,2026-06-07,2026-06-08,0.0022225802428663,0.007373155490495239,0.009758597362492408,1686.396240234375,1690.1485595703125,1698.8762539350093,ensemble
ETH,phase0,lstm,phase0_lstm,2026-06-08,2026-06-09,-0.0315195419215522,0.006274960163864279,0.01020076076740889,1690.1485595703125,1637.7066650390625,1700.7875190669683,ensemble
ETH,phase0,lstm,phase0_lstm,2026-06-09,2026-06-10,-0.0107857454824715,0.00485328163485974,0.010441046435563105,1637.7066650390625,1620.1376953125,1645.6742355122758,ensemble
ETH,phase0,lstm,phase0_lstm,2026-06-10,2026-06-11,0.0316772045187946,0.004064464382827279,0.011804819353404092,1620.1376953125,1672.2806396484375,1626.7360876519842,ensemble
ETH,phase0,lstm,phase0_lstm,2026-06-11,2026-06-12,-0.0042864654394683,0.00351844769902526,0.012484799762277142,1672.2806396484375,1665.1278076171875,1678.174834745136,ensemble
ETH,phase0,lstm,phase0_lstm,2026-06-12,2026-06-13,0.0090196413020536,0.0030920227523893,0.012306807283264335,1665.1278076171875,1680.214599609375,1670.2843887086701,ensemble
ETH,phase0,lstm,phase0_lstm,2026-06-13,2026-06-14,0.0260813174474448,0.0023068139795213993,0.011644576628544668,1680.214599609375,1724.61328125,1684.0950161151031,ensemble
ETH,phase0,lstm,phase0_lstm,2026-06-14,2026-06-15,0.0399805553119012,0.0009077467257157,0.01027783796889027,1724.61328125,1794.961181640625,1726.1795040684503,ensemble
ETH,phase0,lstm,phase0_lstm,2026-06-15,2026-06-16,-0.002545346375384,-0.0005189971212530202,0.007705312730409819,1794.961181640625,1790.398193359375,1794.0298436563642,ensemble
ETH,phase0,lstm,phase0_lstm,2026-06-16,2026-06-17,-0.0240312789660825,-0.0020310280146077,0.005331938985320562,1790.398193359375,1747.885498046875,1786.765534735824,ensemble
ETH,phase0,lstm,phase0_lstm,2026-06-17,2026-06-18,-0.0221862751067949,-0.00348828416317698,0.004064405757725504,1747.885498046875,1709.533447265625,1741.7989986365158,ensemble
ETH,phase0,lstm,phase0_lstm,2026-06-18,2026-06-19,0.0008472258287815,-0.004896333604119681,0.002828512001505433,1709.533447265625,1710.982421875,1701.1834600438594,ensemble
ETH,phase0,lstm,phase0_lstm,2026-06-19,2026-06-20,0.0164158122645686,-0.00575953861698504,0.0021872420131650245,1710.982421875,1739.3013916015625,1701.1562767373755,ensemble
ETH,phase0,lstm,phase0_lstm,2026-06-20,2026-06-21,-0.0201644551603129,-0.00571831020060922,0.0031485295201316675,1739.3013916015625,1704.58056640625,1729.383909356334,ensemble
ETH,phase0,lstm,phase0_lstm,2026-06-21,2026-06-22,0.012783452112487,-0.00498368060216302,0.005406506861271245,1704.58056640625,1726.5108642578125,1696.106614576312,ensemble
ETH,phase0,lstm,phase0_lstm,2026-06-22,2026-06-23,-0.0360151185751902,-0.0030405897647142396,0.007092830865119261,1726.5108642578125,1665.436767578125,1721.2692258696252,ensemble
ETH,phase0,lstm,phase0_lstm,2026-06-23,2026-06-24,-0.027707605238555,-0.0027583691291511,0.00659687785795068,1665.436767578125,1619.9249267578125,1660.8492082116932,ensemble
ETH,phase0,lstm,phase0_lstm,2026-06-24,2026-06-25,-0.0346111458341076,-0.00329100452363488,0.007880862753073785,1619.9249267578125,1564.816650390625,1614.6025093495832,ensemble
ETH,phase0,lstm,phase0_lstm,2026-06-25,2026-06-26,0.0075121735497433,-0.0033991491422056797,0.008305663737790205,1564.816650390625,1576.6160888671875,1559.5066350954621,ensemble
ETH,phase0,lstm,phase0_lstm,2026-06-26,2026-06-27,-0.0031940978117993,-0.00615480057895182,0.006525828382840509,1576.6160888671875,1571.5882568359375,1566.9421324256987,ensemble
ETH,phase0,lstm,phase0_lstm,2026-06-27,2026-06-28,-0.0007810761173124,-0.008978531323373281,0.004903600860777993,1571.5882568359375,1570.3612060546875,1557.540859311809,ensemble
ETH,phase0,lstm,phase0_lstm,2026-06-28,2026-06-29,0.0250563430147941,-0.01044480204582208,0.005122614765669286,1570.3612060546875,1610.205810546875,1554.044455071914,ensemble
ETH,phase0,lstm,phase0_lstm,2026-06-29,2026-06-30,-0.025551475094469,-0.01152750765904776,0.006157664966548746,1610.205810546875,1569.5838623046875,1591.7507256634572,ensemble
ETH,phase0,lstm,phase0_lstm,2026-06-30,2026-07-01,0.0247779101060913,-0.01109591666609044,0.006611585019497287,1569.5838623046875,1608.960693359375,1552.2641572688885,ensemble
ETH,phase0,lstm,phase0_lstm,2026-07-01,2026-07-02,0.0539624286481777,-0.0100917108356952,0.0064154277467259385,1608.960693359375,1698.16943359375,1592.805182776334,ensemble
ETH,phase0,lstm,phase0_lstm,2026-07-02,2026-07-03,0.0337829584823897,-0.0077861404977738,0.004602062869639455,1698.16943359375,1756.5186767578125,1684.9985893556404,ensemble
ETH,phase0,lstm,phase0_lstm,2026-07-03,2026-07-04,0.0127361095972148,-0.0046973598422482,0.003329132648319489,1756.5186767578125,1779.032958984375,1748.2870251144577,ensemble
ETH,phase0,lstm,phase0_lstm,2026-07-04,2026-07-05,0.0022307583802167,-0.00214249263517554,0.004575102869257438,1779.032958984375,1783.0059814453125,1775.2254741825398,ensemble
ETH,phase0,lstm,phase0_lstm,2026-07-05,2026-07-06,0.0081371345293737,-0.00045972538646308,0.004914450451414132,1783.0059814453125,1797.57373046875,1782.1864767194234,ensemble
ETH,phase0,lstm,phase0_lstm,2026-07-06,2026-07-07,-0.0162996101421938,0.0015247642295435201,0.005550482999479898,1797.57373046875,1768.511474609375,1800.3166972503232,ensemble
ETH,phase0,lstm,phase0_lstm,2026-07-07,2026-07-08,-0.0147154299263924,0.0012762790545821402,0.004838920956485607,1768.511474609375,1742.6776123046875,1770.7700297289257,ensemble
ETH,phase0,lstm,phase0_lstm,2026-07-08,2026-07-09,0.0010363767887721,0.00069240386364982,0.0037163594476207038,1742.6776123046875,1744.484619140625,1743.8846668529357,ensemble
ETH,phase0,lstm,phase0_lstm,2026-07-09,2026-07-10,0.0289319871755302,-0.00020328211539891115,0.0018744563714554218,1744.484619140625,1795.6932373046875,1744.1300326587314,ensemble
ETH,phase0,lstm,phase0_lstm,2026-07-10,2026-07-11,-0.0042377668681416,-0.0012231324741151,0.0017076408142635902,1795.6932373046875,1788.099609375,1793.4982092712826,ensemble
ETH,phase0,lstm,phase0_lstm,2026-07-11,2026-07-12,0.0098437240641505,-0.00192370798904446,0.0030705522947406857,1788.099609375,1805.7880859375,1784.663134318265,ensemble
ETH,phase0,lstm,phase0_lstm,2026-07-12,2026-07-13,-0.0180417009925125,-0.00237454235320908,0.003935430127075526,1805.7880859375,1773.500732421875,1801.5052525435426,ensemble
ETH,phase0,lstm,phase0_lstm,2026-07-13,2026-07-14,0.0633461757860125,-0.00255742933368308,0.004638595561599965,1773.500732421875,1889.4798583984373,1768.9709244263058,ensemble
ETH,phase0,lstm,phase0_lstm,2026-07-14,2026-07-15,0.0144305241755588,-0.00222416176693512,0.005052112503280297,1889.4798583984373,1916.9437255859373,1885.28201960479,ensemble
ETH,phase0,lstm,phase0_lstm,2026-07-15,2026-07-16,-0.0284402326891384,-0.0006441696896218,0.003937231687953048,1916.9437255859373,1863.193359375,1915.7092861781155,ensemble
ETH,phase0,lstm,phase0_lstm,2026-07-16,2026-07-17,-0.011989404987594,0.0013467824552208,0.002461823367892785,1863.193359375,1840.9881591796875,1865.7043660123886,ensemble
ETH,phase0,lstm,phase0_lstm,2026-07-17,2026-07-18,0.0110221726895365,0.0030505193630232996,0.0019650555826109094,1840.9881591796875,1861.39208984375,1846.6127037357217,ensemble
ETH,phase0,lstm,phase0_lstm,2026-07-18,2026-07-19,0.0054201709795738,0.00336900602560486,0.0016707409051282534,1861.39208984375,1871.508544921875,1867.673706471114,ensemble
ETH,phase0,lstm,phase0_lstm,2026-07-19,2026-07-20,0.0170854918812539,0.0034038584330118803,0.0023387308188461816,1871.508544921875,1903.7589111328125,1877.889749261878,ensemble
ETH,phase0,lstm,phase0_lstm,2026-07-20,2026-07-21,0.0128519310477648,0.00382272898859806,0.00329584601889698,1903.7589111328125,1928.3837890625,1911.0503933104903,ensemble
ETH,phase0,lstm,phase0_lstm,2026-07-21,2026-07-22,0.0026444810723667,0.004654388242488449,0.0040918453204050655,1928.3837890625,1933.4901123046875,1937.3801559485146,ensemble
ETH,phase0,lstm,phase0_lstm,2026-07-22,2026-07-23,-0.0295985684211487,0.004976397248742587,0.004199862358146627,1933.4901123046875,1877.1002197265625,1943.1359079293115,ensemble
ETH,phase0,lstm,phase0_lstm,2026-07-23,2026-07-24,-0.0090566354547485,0.004923657749532092,0.003990378281703069,1877.1002197265625,1860.1767578125,1886.3652088707393,ensemble
ETH,phase0,lstm,phase0_lstm,2026-07-24,2026-07-25,0.0069886485747689,0.0045184980612248005,0.003470299605835027,1860.1767578125,1873.222412109375,1868.6009809712302,ensemble
ETH,phase0,lstm,phase0_lstm,2026-07-25,2026-07-26,0.0419170428366946,0.0038431728724389797,0.002765439402848077,1873.222412109375,1953.4112548828125,1880.4353811331323,ensemble
ETH,phase0,lstm,phase0_lstm,2026-07-26,2026-07-27,-0.0326758126996198,0.0029494527960196,0.002258461058930582,1953.4112548828125,1890.613525390625,1959.181254157651,ensemble
ETH,phase0,lstm,phase0_lstm,2026-07-27,2026-07-28,0.015396962638548,0.00297902253223578,0.002164079034453849,1890.613525390625,1919.948486328125,1896.2541032152535,ensemble
ETH,phase0,lstm,phase0_lstm,2026-07-28,2026-07-29,-0.0059707845121414,0.0031230369640979404,0.002029228195576574,1919.948486328125,1908.51904296875,1925.9539291489461,ensemble
ETH,phase0,lstm,phase0_lstm,2026-07-29,2026-07-30,0.0046284096447549,0.0033921699994607308,0.001970447796481558,1908.51904296875,1917.3729248046875,1915.004056926116,ensemble
ETH,phase0,lstm,phase0_lstm,2026-07-30,2026-07-31,-0.0301935171908472,0.0036714923306134803,0.002031133252746001,1917.3729248046875,1860.345947265625,1924.4254835784704,ensemble
ETH,phase0,lstm,phase0_lstm,2026-07-31,2026-08-01,-0.0091411558801774,0.003468157668248731,0.0019096641854285511,1860.345947265625,1843.417724609375,1866.8091215035597,ensemble
ETH,phase0,lstm,phase0_lstm,2026-08-01,2026-08-02,0.0209910449816346,0.00273393577663224,0.001838502661146256,1843.417724609375,1882.52197265625,1848.4644057856622,ensemble
ETH,phase0,lstm,phase0_lstm,2026-08-02,2026-08-03,-0.0129736864450064,0.00191070198488882,0.002220700433484589,1882.52197265625,1858.2564697265625,1886.12234965439,ensemble
ETH,phase0,lstm,phase0_lstm,2026-08-03,2026-08-04,0.0054362176829138,0.0014485078951111002,0.0024980147257434495,1858.2564697265625,1868.3858642578125,1860.9501193094675,ensemble
ETH,phase0,lstm,phase0_lstm,2026-08-04,2026-08-05,0.0202078543669882,0.0011706248420523505,0.0028838532522416013,1868.3858642578125,1906.5260009765625,1870.5743238477178,ensemble
ETH,phase0,lstm,phase0_lstm,2026-08-05,2026-08-06,-0.0023465458558861,0.0014858564012683998,0.0034547406698032445,1906.5260009765625,1902.0574951171875,1909.3609304667905,ensemble
ETH,phase0,lstm,phase0_lstm,2026-08-06,2026-08-07,0.0058825505802162,0.0033038669498636998,0.003258501181979207,1902.0574951171875,1913.2794189453125,1908.3520324432773,ensemble
ETH,phase0,lstm,phase0_lstm,2026-08-07,2026-08-08,0.0011771484611133,0.00513586260494772,0.0036209129698675066,1913.2794189453125,1915.532958984375,1923.1310357864215,ensemble
ETH,phase0,lstm,phase0_lstm,2026-08-08,2026-08-09,-0.003582552655913,0.0059426837484352,0.004224670401657744,1915.532958984375,1908.6827392578125,1926.9502566634053,ensemble
ETH,phase0,lstm,phase0_lstm,2026-08-09,2026-08-10,-0.0197913520463313,0.00595481268828732,0.004352989156629114,1908.6827392578125,1871.2786865234373,1920.0824954718694,ensemble
ETH,phase0,lstm,phase0_lstm,2026-08-10,2026-08-11,0.0053801271136948,0.006529611081350539,0.004803512202620737,1871.2786865234373,1881.37353515625,1883.5373872904916,ensemble
ETH,phase0,lstm,phase0_lstm,2026-08-11,2026-08-12,-0.0017228455012013,0.00704020769335324,0.005254296253375808,1881.37353515625,1878.135009765625,1894.665529893428,ensemble
ETH,phase0,lstm,phase0_lstm,2026-08-12,2026-08-13,0.0031133074431306,0.00724123828113076,0.005340058223753595,1878.135009765625,1883.9913330078125,1891.7843924690767,ensemble
ETH,phase0,lstm,phase0_lstm,2026-08-13,2026-08-14,-0.0017751010807604,0.006791168428026099,0.004889683755010514,1883.9913330078125,1880.6500244140625,1896.8293787919956,ensemble
ETH,phase0,lstm,phase0_lstm,2026-08-14,2026-08-15,0.0001373371127861,0.006059838947840001,0.004590293806854994,1880.6500244140625,1880.9083251953125,1892.0810608185523,ensemble
ETH,phase0,lstm,phase0_lstm,2026-08-15,2026-08-16,-0.003710048377518,0.00496735876658926,0.004184006311213736,1880.9083251953125,1873.9429931640625,1890.274715504768,ensemble
ETH,phase0,lstm,phase0_lstm,2026-08-16,2026-08-17,0.0202107717270595,0.0038725073827663007,0.00394228704521627,1873.9429931640625,1912.2021484375,1881.2139205134704,ensemble
ETH,phase0,lstm,phase0_lstm,2026-08-17,2026-08-18,0.0022239875598747,0.0036416836956049805,0.0036093393735100138,1912.2021484375,1916.4595947265625,1919.178478908707,ensemble
ETH,phase0,lstm,phase0_lstm,2026-08-18,2026-08-19,0.1610984870542504,0.0035983144247438204,0.0032849737919029842,1916.4595947265625,2251.4580078125,1923.3680408572532,ensemble
ETH,phase0,lstm,phase0_lstm,2026-08-19,2026-08-20,0.0327374500344778,0.00517536681145426,0.003335731386429301,2251.4580078125,2326.384765625,2263.1403329470586,ensemble
ETH,phase0,lstm,phase0_lstm,2026-08-20,2026-08-21,0.0780693605915992,0.00680361632257694,0.004339396221566407,2326.384765625,2515.28173828125,2342.266560545666,ensemble
ETH,phase0,lstm,phase0_lstm,2026-08-21,2026-08-22,-0.0368621187101773,0.00797486775554712,0.005250137152565854,2515.28173828125,2424.251220703125,2535.4209746500064,ensemble
ETH,phase0,lstm,phase0_lstm,2026-08-22,2026-08-23,0.0161886325230095,0.00815838528797028,0.005330352485408403,2424.251220703125,2463.81591796875,2444.110094218024,ensemble
ETH,phase0,lstm,phase0_lstm,2026-08-23,2026-08-24,0.0072853803568115,0.007831856328994,0.004807341241889983,2463.81591796875,2481.831298828125,2483.1879306495307,ensemble
ETH,phase0,lstm,phase0_lstm,2026-08-24,2026-08-25,-0.0157046670742771,0.006793576246127439,0.003937399357657193,2481.831298828125,2443.159423828125,2498.7492104809144,ensemble
ETH,phase0,lstm,phase0_lstm,2026-08-25,2026-08-26,0.0254999480890524,0.00522151407785708,0.0029039883869382247,2443.159423828125,2506.260986328125,2455.949778602956,ensemble
ETH,phase0,lstm,phase0_lstm,2026-08-26,2026-08-27,0.0016541530230063,0.0034422159544191602,0.0022963931229797643,2506.260986328125,2510.41015625,2514.9029430888186,ensemble
ETH,phase0,lstm,phase0_lstm,2026-08-27,2026-08-28,-0.0274093504142575,0.00173340238688976,0.002948627511315627,2510.41015625,2442.535888671875,2514.7654808814405,ensemble
ETH,phase0,lstm,phase0_lstm,2026-08-28,2026-08-29,0.0061835722465449,0.0006276188214542404,0.0047088042545990316,2442.535888671875,2457.686279296875,2444.0693513323604,ensemble
ETH,phase0,lstm,phase0_lstm,2026-08-29,2026-08-30,-0.0163049615873888,-0.0002730531850829802,0.0067332456281486985,2457.686279296875,2417.938720703125,2457.015291842178,ensemble
ETH,phase0,lstm,phase0_lstm,2026-08-30,2026-08-31,0.0200145895501371,-0.0004736443515867399,0.007667587483196394,2417.938720703125,2466.8203125,2416.793748861709,ensemble
ETH,phase0,xgb,phase0_xgb,2025-10-31,2025-11-01,0.0070215866872251,-0.0004756804035423792,0.001665938171794652,3847.080322265625,3874.18798828125,3845.2507767194493,ensemble
ETH,phase0,xgb,phase0_xgb,2025-11-01,2025-11-02,0.0094731740475304,-0.00118168267945292,0.0017958768291083172,3874.18798828125,3911.063232421875,3869.6126312810225,ensemble
ETH,phase0,xgb,phase0_xgb,2025-11-02,2025-11-03,-0.0822344830552394,-0.01446277014911172,0.0023354545233709467,3911.063232421875,3602.30810546875,3854.9055009148533,ensemble
ETH,phase0,xgb,phase0_xgb,2025-11-03,2025-11-04,-0.0899050101356721,0.0045486272370908205,0.0055953600970034476,3602.30810546875,3292.574462890625,3618.7309846957755,ensemble
ETH,phase0,xgb,phase0_xgb,2025-11-04,2025-11-05,0.0394816688100728,-0.00621526059694582,0.007535182786622976,3292.574462890625,3425.171142578125,3272.173718213625,ensemble
ETH,phase0,xgb,phase0_xgb,2025-11-05,2025-11-06,-0.0335213636698541,0.00605341116024645,0.005943526791874602,3425.171142578125,3312.2578125,3445.9679942390885,ensemble
ETH,phase0,xgb,phase0_xgb,2025-11-06,2025-11-07,0.0364744811598151,0.01192500926554196,0.001850916552931718,3312.2578125,3435.301025390625,3351.992967771485,ensemble
ETH,phase0,xgb,phase0_xgb,2025-11-07,2025-11-08,-0.0102185497413461,-0.00011785762071665016,0.0027349181824387722,3435.301025390625,3400.3759765625,3434.8961728432746,ensemble
ETH,phase0,xgb,phase0_xgb,2025-11-08,2025-11-09,0.0522087429098387,0.0048545440891756995,0.002250927719724926,3400.3759765625,3582.621337890625,3416.923384223359,ensemble
ETH,phase0,xgb,phase0_xgb,2025-11-09,2025-11-10,-0.0039606305321747,-0.00130114492494612,0.004192439225462915,3582.621337890625,3568.4599609375,3577.962859653708,ensemble
ETH,phase0,xgb,phase0_xgb,2025-11-10,2025-11-11,-0.0438739864099317,-0.0026456967461854003,0.0032286278785443423,3568.4599609375,3415.2822265625,3559.0313761178245,ensemble
ETH,phase0,xgb,phase0_xgb,2025-11-11,2025-11-12,-0.000640851706814,-0.011069031432270959,0.0023136341430158155,3415.2822265625,3413.09423828125,3377.686816493667,ensemble
ETH,phase0,xgb,phase0_xgb,2025-11-12,2025-11-13,-0.0542839228098472,0.0034292410826310196,0.0043972409039334005,3413.09423828125,3232.757080078125,3424.8186526942177,ensemble
ETH,phase0,xgb,phase0_xgb,2025-11-13,2025-11-14,-0.0407128161836017,0.010003207996487561,0.004498526525204065,3232.757080078125,3103.78564453125,3265.2573037925977,ensemble
ETH,phase0,xgb,phase0_xgb,2025-11-14,2025-11-15,0.0200458143866448,0.0189858933910727,0.0023821563946275722,3103.78564453125,3166.63134765625,3163.276746725667,ensemble
ETH,phase0,xgb,phase0_xgb,2025-11-15,2025-11-16,-0.0235761973164414,-0.006793630650645319,0.004162095037986919,3166.63134765625,3092.847412109375,3145.191334100899,ensemble
ETH,phase0,xgb,phase0_xgb,2025-11-16,2025-11-17,-0.0223335360686421,-0.00632593660266134,0.00446245827310036,3092.847412109375,3024.538818359375,3073.344009143714,ensemble
ETH,phase0,xgb,phase0_xgb,2025-11-17,2025-11-18,0.0320287321061959,0.01011709710583086,0.0039645140164346225,3024.538818359375,3122.97900390625,3055.2936839384247,ensemble
ETH,phase0,xgb,phase0_xgb,2025-11-18,2025-11-19,-0.0325142190008236,0.00995937092229718,0.0038337529914411177,3122.97900390625,3023.07080078125,3154.2373083397433,ensemble
ETH,phase0,xgb,phase0_xgb,2025-11-19,2025-11-20,-0.0653684988267085,0.00509443776390978,0.0036305230028764878,3023.07080078125,2831.777587890625,3038.510942859631,ensemble
ETH,phase0,xgb,phase0_xgb,2025-11-20,2025-11-21,-0.0236111523857895,0.00492329327389594,0.005255881482399346,2831.777587890625,2765.69921875,2845.7536353021387,ensemble
ETH,phase0,xgb,phase0_xgb,2025-11-21,2025-11-22,0.0006897153274086,0.01185951922088856,0.0029832267293973215,2765.69921875,2767.607421875,2798.694348255699,ensemble
ETH,phase0,xgb,phase0_xgb,2025-11-22,2025-11-23,0.0122346182602878,0.01108663547784084,0.0053491285933196155,2767.607421875,2801.676025390625,2798.461594959892,ensemble
ETH,phase0,xgb,phase0_xgb,2025-11-23,2025-11-24,0.0525067184643922,0.0006450262095313399,0.006045277831622583,2801.676025390625,2952.71337890625,2803.48376281395,ensemble
ETH,phase0,xgb,phase0_xgb,2025-11-24,2025-11-25,0.0017672851723719,0.00419511595391662,0.0024277377394824056,2952.71337890625,2957.936279296875,2965.126372678866,ensemble
ETH,phase0,xgb,phase0_xgb,2025-11-25,2025-11-26,0.023348428095094,0.00120047704549504,0.0034335072823860353,2957.936279296875,3027.81201171875,2961.489346163108,ensemble
ETH,phase0,xgb,phase0_xgb,2025-11-26,2025-11-27,-0.0043922604267135,-0.011261931248009161,0.0014718893773903226,3027.81201171875,3014.542236328125,2993.90429259035,ensemble
ETH,phase0,xgb,phase0_xgb,2025-11-27,2025-11-28,0.005874882913213,-0.00685272114351386,0.003195828004044684,3014.542236328125,3032.304443359375,2993.955038733483,ensemble
ETH,phase0,xgb,phase0_xgb,2025-11-28,2025-11-29,-0.013485997805236,-0.00260448860935864,0.0023261920334464677,3032.304443359375,2991.685302734375,3024.417116661358,ensemble
ETH,phase0,xgb,phase0_xgb,2025-11-29,2025-11-30,0.0001428009786007,-0.0035160137340426003,0.0032728070171823688,2991.685302734375,2992.112548828125,2981.184966602456,ensemble
ETH,phase0,xgb,phase0_xgb,2025-11-30,2025-12-01,-0.0662927736435053,0.00099617688683796,0.0073282922927406504,2992.112548828125,2800.18896484375,2995.0947073241523,ensemble
ETH,phase0,xgb,phase0_xgb,2025-12-01,2025-12-02,0.068238382808925,0.00497948988340792,0.004914112126057631,2800.18896484375,2997.939697265625,2814.1672509499526,ensemble
ETH,phase0,xgb,phase0_xgb,2025-12-02,2025-12-03,0.0625882304633783,0.00247517129173502,0.005298635616984065,2997.939697265625,3191.57177734375,3005.369302518359,ensemble
ETH,phase0,xgb,phase0_xgb,2025-12-03,2025-12-04,-0.0181024175452983,0.0009136448497883799,0.0034415887556513256,3191.57177734375,3134.31640625,3194.4890729439667,ensemble
ETH,phase0,xgb,phase0_xgb,2025-12-04,2025-12-05,-0.0356875080281464,-0.01161878854036326,0.004212046070319231,3134.31640625,3024.432861328125,3098.1101901989528,ensemble
ETH,phase0,xgb,phase0_xgb,2025-12-05,2025-12-06,0.0052022663489112,0.0073863823898136,0.0024557875488425912,3024.432861328125,3040.207763671875,3046.855186945537,ensemble
ETH,phase0,xgb,phase0_xgb,2025-12-06,2025-12-07,0.0069143801565508,-0.013282250892370881,0.004267938383992088,3040.207763671875,3061.3017578125,3000.0939519775375,ensemble
ETH,phase0,xgb,phase0_xgb,2025-12-07,2025-12-08,0.0206574040037443,-0.00470157565141556,0.0035945130689854425,3061.3017578125,3125.197998046875,3046.942597795425,ensemble
ETH,phase0,xgb,phase0_xgb,2025-12-08,2025-12-09,0.0608029264224186,0.00251075628912076,0.0034943469215205263,3125.197998046875,3321.114990234375,3133.0544672878,ensemble
ETH,phase0,xgb,phase0_xgb,2025-12-09,2025-12-10,0.0012864345975214,-0.00767463588854294,0.004020908137105832,3321.114990234375,3325.39013671875,3295.7241991051837,ensemble
ETH,phase0,xgb,phase0_xgb,2025-12-10,2025-12-11,-0.0269224534884862,0.00017180915456264007,0.0035572294039650197,3325.39013671875,3237.056884765625,3325.9615182696157,ensemble
ETH,phase0,xgb,phase0_xgb,2025-12-11,2025-12-12,-0.0483811252686677,-0.00809637457132336,0.002671881428013774,3237.056884765625,3084.172607421875,3210.9542705769236,ensemble
ETH,phase0,xgb,phase0_xgb,2025-12-12,2025-12-13,0.0104898229476874,-0.01175951110199092,0.007122987791506819,3084.172607421875,3116.6953125,3048.116661057288,ensemble
ETH,phase0,xgb,phase0_xgb,2025-12-13,2025-12-14,-0.018163993601147,0.00040997401811184,0.0021768046430214083,3116.6953125,3060.5947265625,3117.973338561335,ensemble
ETH,phase0,xgb,phase0_xgb,2025-12-14,2025-12-15,-0.0320077701658808,-0.0097738868556916,0.002800127060147688,3060.5947265625,2964.18310546875,3030.826532450961,ensemble
ETH,phase0,xgb,phase0_xgb,2025-12-15,2025-12-16,-7.412721688312701e-07,0.00310259233228858,0.0030854184773501095,2964.18310546875,2964.180908203125,2973.3940387399834,ensemble
ETH,phase0,xgb,phase0_xgb,2025-12-16,2025-12-17,-0.0458281928487593,0.030302352458238556,0.004618551407540896,2964.180908203125,2831.403564453125,3055.377317516507,ensemble
ETH,phase0,xgb,phase0_xgb,2025-12-17,2025-12-18,-0.0015320294953636,-0.00759107980411496,0.006431458481420732,2831.403564453125,2827.069091796875,2809.991527101243,ensemble
ETH,phase0,xgb,phase0_xgb,2025-12-18,2025-12-19,0.0520015780613912,-0.00925111998803908,0.004742801026327455,2827.069091796875,2977.970703125,2801.0361390639373,ensemble
ETH,phase0,xgb,phase0_xgb,2025-12-19,2025-12-20,-0.0001303602133292,-0.00807703579775984,0.0026481662695266098,2977.970703125,2977.58251953125,2954.0144053279078,ensemble
ETH,phase0,xgb,phase0_xgb,2025-12-20,2025-12-21,0.0080383309849244,-0.0105980210937559,0.0027908534525585946,2977.58251953125,3001.61376953125,2946.1926661483794,ensemble
ETH,phase0,xgb,phase0_xgb,2025-12-21,2025-12-22,0.0014847515809792,0.00410432276548814,0.0031473879281497747,3001.61376953125,3006.07373046875,3013.958677672863,ensemble
ETH,phase0,xgb,phase0_xgb,2025-12-22,2025-12-23,-0.0143063268401752,-0.0057065722532570005,0.001152550478221909,3006.07373046875,2963.3740234375,2988.968206900341,ensemble
ETH,phase0,xgb,phase0_xgb,2025-12-23,2025-12-24,-0.0060191597554604,-0.0048946013441309,0.003471019583684172,2963.3740234375,2945.590576171875,2948.9049280725103,ensemble
ETH,phase0,xgb,phase0_xgb,2025-12-24,2025-12-25,-0.014365015056822,-0.01345580872148272,0.002973999046256185,2945.590576171875,2903.57958984375,2906.2207432967803,ensemble
ETH,phase0,xgb,phase0_xgb,2025-12-25,2025-12-26,0.0076050389079913,-0.009195287711918321,0.002602233516861693,2903.57958984375,2925.74560546875,2877.002718373795,ensemble
ETH,phase0,xgb,phase0_xgb,2025-12-26,2025-12-27,0.0075770385642638,0.00722765554673966,0.004307869642052437,2925.74560546875,2947.998291015625,2946.9684903849547,ensemble
ETH,phase0,xgb,phase0_xgb,2025-12-27,2025-12-28,0.000193273230984,0.005239637941122,0.0014097225036671047,2947.998291015625,2948.568115234375,2963.485272367771,ensemble
ETH,phase0,xgb,phase0_xgb,2025-12-28,2025-12-29,-0.0047695250401753,0.009970725793391401,0.0016492301114009553,2948.568115234375,2934.538330078125,2978.1145342352484,ensemble
ETH,phase0,xgb,phase0_xgb,2025-12-29,2025-12-30,0.0124887158133864,-0.0068280234932899,0.0027321544869072954,2934.538330078125,2971.416748046875,2914.569484872564,ensemble
ETH,phase0,xgb,phase0_xgb,2025-12-30,2025-12-31,-0.0014748454494985,0.01946296431124206,0.003884716387684654,2971.416748046875,2967.03759765625,3029.8157919359696,ensemble
ETH,phase0,xgb,phase0_xgb,2025-12-31,2026-01-01,0.011179695896671,-0.00855660084635014,0.0019171283702220528,2967.03759765625,3000.394287109375,2941.758148551725,ensemble
ETH,phase0,xgb,phase0_xgb,2026-01-01,2026-01-02,0.040505791423565,-0.00070694646856284,0.0024101467817035215,3000.394287109375,3124.422607421875,2998.2739185456494,ensemble
ETH,phase0,xgb,phase0_xgb,2026-01-02,2026-01-03,0.0004783333560596,-0.007805307162925559,0.003220349605812301,3124.422607421875,3125.91748046875,3100.1304564429142,ensemble
ETH,phase0,xgb,phase0_xgb,2026-01-03,2026-01-04,0.0047211981925699,0.013898542337119502,0.002554751991843576,3125.91748046875,3140.71044921875,3169.6664964431325,ensemble
ETH,phase0,xgb,phase0_xgb,2026-01-04,2026-01-05,0.0268343594600314,0.007205292908474739,0.003365084188053545,3140.71044921875,3226.13037109375,3163.4219110558015,ensemble
ETH,phase0,xgb,phase0_xgb,2026-01-05,2026-01-06,0.0214100727655341,0.00150707749999126,0.002438159365105748,3226.13037109375,3295.94677734375,3230.9960651561382,ensemble
ETH,phase0,xgb,phase0_xgb,2026-01-06,2026-01-07,-0.0399579577460706,0.00185558244120326,0.0030616129878429646,3295.94677734375,3166.843994140625,3302.06835610148,ensemble
ETH,phase0,xgb,phase0_xgb,2026-01-07,2026-01-08,-0.0199206616781398,0.0003828756976873,0.002099072836302692,3166.843994140625,3104.382568359375,3168.056733893823,ensemble
ETH,phase0,xgb,phase0_xgb,2026-01-08,2026-01-09,-0.0068964125191375,0.006599036976695,0.0012479814171708573,3104.382568359375,3083.047119140625,3124.936246370361,ensemble
ETH,phase0,xgb,phase0_xgb,2026-01-09,2026-01-10,-0.0002112169513613,0.00960842175409194,0.002031197622868624,3083.047119140625,3082.39599609375,3112.813109238743,ensemble
ETH,phase0,xgb,phase0_xgb,2026-01-10,2026-01-11,0.0117684321917196,0.00013390254462138,0.0017670339511234574,3082.39599609375,3118.88525390625,3082.808764395904,ensemble
ETH,phase0,xgb,phase0_xgb,2026-01-11,2026-01-12,-0.0085523492401958,0.00197802005568516,0.0029480359049211236,3118.88525390625,3092.3251953125,3125.060576932811,ensemble
ETH,phase0,xgb,phase0_xgb,2026-01-12,2026-01-13,0.0716724478508033,0.00202875707764176,0.001960982531933563,3092.3251953125,3322.095458984375,3098.6051400260576,ensemble
ETH,phase0,xgb,phase0_xgb,2026-01-13,2026-01-14,0.0097733550354151,0.02352900058031076,0.002890739248992689,3322.095458984375,3354.72265625,3401.1878789091083,ensemble
ETH,phase0,xgb,phase0_xgb,2026-01-14,2026-01-15,-0.0112777965317109,0.0052226754836737594,0.0016974966583555534,3354.72265625,3317.101318359375,3372.289116051751,ensemble
ETH,phase0,xgb,phase0_xgb,2026-01-15,2026-01-16,-0.0065388112427793,0.00497521413490172,0.0025380656909811446,3317.101318359375,3295.482177734375,3333.645729593056,ensemble
ETH,phase0,xgb,phase0_xgb,2026-01-16,2026-01-17,0.0040525125455037,-0.00258637373335656,0.001865383234901774,3295.482177734375,3308.8642578125,3286.969841977095,ensemble
ETH,phase0,xgb,phase0_xgb,2026-01-17,2026-01-18,-0.0084086840180541,0.006618738360702961,0.0016907872791005617,3308.8642578125,3281.15771484375,3330.837401634993,ensemble
ETH,phase0,xgb,phase0_xgb,2026-01-18,2026-01-19,-0.0292351847938204,0.01067749261856074,0.0030215563752339298,3281.15771484375,3186.62109375,3316.3799601196324,ensemble
ETH,phase0,xgb,phase0_xgb,2026-01-19,2026-01-20,-0.082047329409018,-0.00091934823431072,0.0032818528480017184,3186.62109375,2935.605712890625,3183.6928255294006,ensemble
ETH,phase0,xgb,phase0_xgb,2026-01-20,2026-01-21,0.0146406740972174,-0.00225002458319062,0.0007993241869722604,2935.605712890625,2978.901123046875,2929.0079532142895,ensemble
ETH,phase0,xgb,phase0_xgb,2026-01-21,2026-01-22,-0.0098736240513318,-0.00859059421345588,0.004157842089337206,2978.901123046875,2949.63330078125,2953.4201971479724,ensemble
ETH,phase0,xgb,phase0_xgb,2026-01-22,2026-01-23,0.001227550418774,0.00268265323247758,0.0035834302428296777,2949.63330078125,2953.25634765625,2957.5567672948887,ensemble
ETH,phase0,xgb,phase0_xgb,2026-01-23,2026-01-24,-0.0015302026847261,-0.0054208100773393605,0.004605464490430265,2953.25634765625,2948.74072265625,2937.290618574759,ensemble
ETH,phase0,xgb,phase0_xgb,2026-01-24,2026-01-25,-0.0460954469109645,-0.00308115010848264,0.0015199882629307957,2948.74072265625,2815.90234375,2939.6691924086567,ensemble
ETH,phase0,xgb,phase0_xgb,2026-01-25,2026-01-26,0.0385097283715548,0.030387899652123417,0.004534077827588805,2815.90234375,2926.45703125,2902.785108264006,ensemble
ETH,phase0,xgb,phase0_xgb,2026-01-26,2026-01-27,0.0321961750433529,-0.00187436167616398,0.004991940750383263,2926.45703125,3022.2109375,2920.9769297941652,ensemble
ETH,phase0,xgb,phase0_xgb,2026-01-27,2026-01-28,-0.0051763213071971,-0.007098077097907621,0.0033064466141888038,3022.2109375,3006.607421875,3000.8350050159124,ensemble
ETH,phase0,xgb,phase0_xgb,2026-01-28,2026-01-29,-0.0647023664323781,-0.0200601644814014,0.002179893285151147,3006.607421875,2818.232666015625,2946.89530231487,ensemble
ETH,phase0,xgb,phase0_xgb,2026-01-29,2026-01-30,-0.0419788679682719,-0.003248435864225,0.004986525205795239,2818.232666015625,2702.375244140625,2809.0926713302333,ensemble
ETH,phase0,xgb,phase0_xgb,2026-01-30,2026-01-31,-0.1000484393792718,-0.00144394090166314,0.0031845060650829873,2702.375244140625,2445.091796875,2698.4759898178536,ensemble
ETH,phase0,xgb,phase0_xgb,2026-01-31,2026-02-01,-0.0751997822029002,0.01219559106975788,0.0021154726593310583,2445.091796875,2267.96484375,2475.0937102371477,ensemble
ETH,phase0,xgb,phase0_xgb,2026-02-01,2026-02-02,0.0331281466529906,0.0318182252347469,0.0070457763976538405,2267.96484375,2344.356689453125,2341.2877768695967,ensemble
ETH,phase0,xgb,phase0_xgb,2026-02-02,2026-02-03,-0.0511047370755369,-0.0236154973506927,0.006134937119169698,2344.356689453125,2227.558837890625,2289.6421387254777,ensemble
ETH,phase0,xgb,phase0_xgb,2026-02-03,2026-02-04,-0.0384643510086561,0.016242717485874837,0.0064521388825350716,2227.558837890625,2143.504150390625,2264.035888025406,ensemble
ETH,phase0,xgb,phase0_xgb,2026-02-04,2026-02-05,-0.1626810863573628,-0.00049475539708506,0.0033450985798478424,2143.504150390625,1821.68310546875,2142.443902446869,ensemble
ETH,phase0,xgb,phase0_xgb,2026-02-05,2026-02-06,0.124587932433777,0.01337054958567018,0.004310826365407637,1821.68310546875,2063.386962890625,1846.203570510851,ensemble
ETH,phase0,xgb,phase0_xgb,2026-02-06,2026-02-07,0.0130780728606268,-0.005931340670213081,0.007856619448744235,2063.386962890625,2090.54931640625,2051.1845360288476,ensemble
ETH,phase0,xgb,phase0_xgb,2026-02-07,2026-02-08,-0.0008548665199209,0.0237092604860663,0.005022200127638578,2090.54931640625,2088.762939453125,2140.7069452858573,ensemble
ETH,phase0,xgb,phase0_xgb,2026-02-08,2026-02-09,0.0070627775205607,0.0114336790516972,0.004674040199005338,2088.762939453125,2103.567626953125,2112.7822373216536,ensemble
ETH,phase0,xgb,phase0_xgb,2026-02-09,2026-02-10,-0.0407860866012557,0.00604779077693816,0.0073318457783833405,2103.567626953125,2019.4974365234373,2116.3281113222247,ensemble
ETH,phase0,xgb,phase0_xgb,2026-02-10,2026-02-11,-0.0398404875978916,0.00773495661560442,0.007308048429085894,2019.4974365234373,1940.621337890625,2035.1787304607544,ensemble
ETH,phase0,xgb,phase0_xgb,2026-02-11,2026-02-12,0.003251056309532,0.00035638466943058004,0.004516399473965923,1940.621337890625,1946.940673828125,1941.3130688384501,ensemble
ETH,phase0,xgb,phase0_xgb,2026-02-12,2026-02-13,0.0508619107271356,-0.01025114022195332,0.004143899567586796,1946.940673828125,2048.52734375,1927.084261296874,ensemble
ETH,phase0,xgb,phase0_xgb,2026-02-13,2026-02-14,0.0181318719779937,0.0072097691241651395,0.003505557121490264,2048.52734375,2086.009765625,2063.3501231433434,ensemble
ETH,phase0,xgb,phase0_xgb,2026-02-14,2026-02-15,-0.0592301606634175,0.0100266167428344,0.005790740242293909,2086.009765625,1966.04296875,2107.0305938538413,ensemble
ETH,phase0,xgb,phase0_xgb,2026-02-15,2026-02-16,0.0160826230924268,0.0027688626432791205,0.0034160539551888617,1966.04296875,1997.917724609375,1971.494215074697,ensemble
ETH,phase0,xgb,phase0_xgb,2026-02-16,2026-02-17,-0.002868787898831,-0.00282519807806236,0.003949639237993596,1997.917724609375,1992.1943359375,1992.2811772242244,ensemble
ETH,phase0,xgb,phase0_xgb,2026-02-17,2026-02-18,-0.0193714031392413,0.00543793625547548,0.006295004607221053,1992.1943359375,1953.97412109375,2003.0572709498085,ensemble
ETH,phase0,xgb,phase0_xgb,2026-02-18,2026-02-19,-0.0029589012528701,0.03597769066691394,0.0036290199234150174,1953.97412109375,1948.2010498046875,2025.5535072718533,ensemble
ETH,phase0,xgb,phase0_xgb,2026-02-19,2026-02-20,0.0106307366647911,-0.00278948949417098,0.00522238119356734,1948.2010498046875,1969.0223388671875,1942.7741361220908,ensemble
ETH,phase0,xgb,phase0_xgb,2026-02-20,2026-02-21,0.0023916477643178,0.00297647143888752,0.0034242988432928666,1969.0223388671875,1973.7371826171875,1974.891808442311,ensemble
ETH,phase0,xgb,phase0_xgb,2026-02-21,2026-02-22,-0.0081043810251791,-0.0022393064922653,0.00347049020328172,1973.7371826171875,1957.805908203125,1969.322325084551,ensemble
ETH,phase0,xgb,phase0_xgb,2026-02-22,2026-02-23,-0.0536686969675083,0.00363699943700338,0.003511885085820499,1957.805908203125,1855.5028076171875,1964.939411599583,ensemble
ETH,phase0,xgb,phase0_xgb,2026-02-23,2026-02-24,-0.0013662367634113,0.00391318337060508,0.00606640927666516,1855.5028076171875,1852.969482421875,1862.7779555583418,ensemble
ETH,phase0,xgb,phase0_xgb,2026-02-24,2026-02-25,0.1033052975560529,-0.00210474090999922,0.0023408863245923837,1852.969482421875,2054.6279296875,1849.0735631358152,ensemble
ETH,phase0,xgb,phase0_xgb,2026-02-25,2026-02-26,-0.013640230652308,0.00985428411513562,0.0051572146021028565,2054.6279296875,2026.7926025390625,2074.9749048421627,ensemble
ETH,phase0,xgb,phase0_xgb,2026-02-26,2026-02-27,-0.0485398835848207,0.008263005269691301,0.006143987031223198,2026.7926025390625,1930.7618408203125,2043.6093833852608,ensemble
ETH,phase0,xgb,phase0_xgb,2026-02-27,2026-02-28,0.0176033024159378,-0.01775753106921906,0.0027037762509793937,1930.7618408203125,1965.050537109375,1896.7788970167478,ensemble
ETH,phase0,xgb,phase0_xgb,2026-02-28,2026-03-01,-0.0133112143616734,-0.03134310059249396,0.0010803379385586906,1965.050537109375,1939.066650390625,1904.4149775755056,ensemble
ETH,phase0,xgb,phase0_xgb,2026-03-01,2026-03-02,0.0444827788226515,0.00238198209262916,0.0029493105429924094,1939.066650390625,2027.2689208984373,1943.6909777743056,ensemble
ETH,phase0,xgb,phase0_xgb,2026-03-02,2026-03-03,-0.0221952153909645,0.006531049450859359,0.004577011151583035,2027.2689208984373,1982.7689208984373,2040.5524449302577,ensemble
ETH,phase0,xgb,phase0_xgb,2026-03-03,2026-03-04,0.0699856488077349,-0.03913438916206356,0.006641788988730248,1982.7689208984373,2126.50537109375,1906.6731623203789,ensemble
ETH,phase0,xgb,phase0_xgb,2026-03-04,2026-03-05,-0.0261560660671297,-0.00251171980053184,0.007105317905449013,2126.50537109375,2071.60546875,2121.1708876156126,ensemble
ETH,phase0,xgb,phase0_xgb,2026-03-05,2026-03-06,-0.0458579463127646,-0.01422502975910896,0.0037447037821138683,2071.60546875,1978.751220703125,2042.3454252024158,ensemble
ETH,phase0,xgb,phase0_xgb,2026-03-06,2026-03-07,-0.0047088687763537,0.00494556531775742,0.004267724219338011,1978.751220703125,1969.4554443359373,1988.5615028126979,ensemble
ETH,phase0,xgb,phase0_xgb,2026-03-07,2026-03-08,-0.0168207764579134,-0.02207880243659014,0.005250286125383433,1969.4554443359373,1936.604736328125,1926.4487419536297,ensemble
ETH,phase0,xgb,phase0_xgb,2026-03-08,2026-03-09,0.02867374460359,-0.02393169663846486,0.00561710456935264,1936.604736328125,1992.938232421875,1890.808673704525,ensemble
ETH,phase0,xgb,phase0_xgb,2026-03-09,2026-03-10,0.0219272344781229,-0.01051186905242498,0.006570354211324786,1992.938232421875,2037.1204833984373,1972.0984511174036,ensemble
ETH,phase0,xgb,phase0_xgb,2026-03-10,2026-03-11,0.0070696510693724,-0.001780552443233305,0.00412300027751519,2037.1204833984373,2051.5732421875,2033.496510838603,ensemble
ETH,phase0,xgb,phase0_xgb,2026-03-11,2026-03-12,0.0104556138377322,-0.020101600326597642,0.006809019269284093,2051.5732421875,2073.13623046875,2010.745067449832,ensemble
ETH,phase0,xgb,phase0_xgb,2026-03-12,2026-03-13,0.0093273103225432,-0.0105918845161795,0.002019232672510403,2073.13623046875,2092.5634765625,2051.2936919575855,ensemble
ETH,phase0,xgb,phase0_xgb,2026-03-13,2026-03-14,0.0021592233043722,0.0043445657473057,0.002736181456269723,2092.5634765625,2097.086669921875,2101.6745336289423,ensemble
ETH,phase0,xgb,phase0_xgb,2026-03-14,2026-03-15,0.0376174725748984,-0.0032271708827465,0.0015652541044421703,2097.086669921875,2177.476318359375,2090.3299213373407,ensemble
ETH,phase0,xgb,phase0_xgb,2026-03-15,2026-03-16,0.0767490852405507,-0.01136864554136988,0.0026544614281662064,2177.476318359375,2351.176025390625,2152.8615453489883,ensemble
ETH,phase0,xgb,phase0_xgb,2026-03-16,2026-03-17,-0.0141878287469072,-0.00565029210411006,0.003442361315007116,2351.176025390625,2318.053466796875,2337.9286550593692,ensemble
ETH,phase0,xgb,phase0_xgb,2026-03-17,2026-03-18,-0.0506029181915626,0.01025122711434954,0.0044546431168642235,2318.053466796875,2203.671630859375,2341.938576019044,ensemble
ETH,phase0,xgb,phase0_xgb,2026-03-18,2026-03-19,-0.0305236071486406,-0.02413418702781196,0.0041017464261284475,2203.671630859375,2137.423828125,2151.1244498429264,ensemble
ETH,phase0,xgb,phase0_xgb,2026-03-19,2026-03-20,0.0042359585854312,-0.01730063837021584,0.0025294328475435725,2137.423828125,2146.4970703125,2100.7630730761666,ensemble
ETH,phase0,xgb,phase0_xgb,2026-03-20,2026-03-21,-0.0330619920061079,0.00547605990432196,0.003081469335543903,2146.4970703125,2076.68994140625,2158.2836594341143,ensemble
ETH,phase0,xgb,phase0_xgb,2026-03-21,2026-03-22,-0.0114495680945266,-0.0007700208079768114,0.001973940546029823,2076.68994140625,2053.04833984375,2075.0914624496622,ensemble
ETH,phase0,xgb,phase0_xgb,2026-03-22,2026-03-23,0.0471397983356827,0.00616497049340972,0.005857013293826847,2053.04833984375,2152.14599609375,2065.7444175411442,ensemble
ETH,phase0,xgb,phase0_xgb,2026-03-23,2026-03-24,0.0016520306586044,-0.01659617442637678,0.0017468024995695673,2152.14599609375,2155.704345703125,2116.7233589272973,ensemble
ETH,phase0,xgb,phase0_xgb,2026-03-24,2026-03-25,0.0056974805873912,0.018586791679263078,0.0021853702697342665,2155.704345703125,2168.021484375,2196.1466554017593,ensemble
ETH,phase0,xgb,phase0_xgb,2026-03-25,2026-03-26,-0.051313706617151,-0.014018475450575302,0.0032738303119082554,2168.021484375,2059.578369140625,2137.8411637076842,ensemble
ETH,phase0,xgb,phase0_xgb,2026-03-26,2026-03-27,-0.0337276698924535,-0.0146531209349632,0.0042359610483782,2059.578369140625,1991.27197265625,2029.619152289629,ensemble
ETH,phase0,xgb,phase0_xgb,2026-03-27,2026-03-28,0.0007141663784116,-0.00830034529790278,0.00206787964897672,1991.27197265625,1992.694580078125,1974.8121333768981,ensemble
ETH,phase0,xgb,phase0_xgb,2026-03-28,2026-03-29,-0.005098999439741,0.00673846890858836,0.005646200123305478,1992.694580078125,1982.5596923828125,2006.1676334450713,ensemble
ETH,phase0,xgb,phase0_xgb,2026-03-29,2026-03-30,0.0204472613935491,-0.00252187591977418,0.005204000378602113,1982.5596923828125,2023.514892578125,1977.5662219379929,ensemble
ETH,phase0,xgb,phase0_xgb,2026-03-30,2026-03-31,0.039340814763852,-0.009897999092936479,0.003338448867340632,2023.514892578125,2104.708251953125,2003.5849400447216,ensemble
ETH,phase0,xgb,phase0_xgb,2026-03-31,2026-04-01,0.0160386363168273,0.00212658999662378,0.003220168544995107,2104.708251953125,2138.737060546875,2109.18886599345,ensemble
ETH,phase0,xgb,phase0_xgb,2026-04-01,2026-04-02,-0.0390385754759657,0.01425636094063516,0.0013520123967289675,2138.737060546875,2056.8525390625,2169.446047121608,ensemble
ETH,phase0,xgb,phase0_xgb,2026-04-02,2026-04-03,-0.0016871461717564,0.00440297663444648,0.0043985058191534305,2056.8525390625,2053.38525390625,2065.9287793065405,ensemble
ETH,phase0,xgb,phase0_xgb,2026-04-03,2026-04-04,0.005810685555501,0.0093136610463261,0.0010462868606269866,2053.38525390625,2065.3515625,2072.599125009157,ensemble
ETH,phase0,xgb,phase0_xgb,2026-04-04,2026-04-05,0.0209113576842589,0.00864193383604282,0.003348763645660962,2065.3515625,2108.99560546875,2083.277540043525,ensemble
ETH,phase0,xgb,phase0_xgb,2026-04-05,2026-04-06,-0.0005853459761497,0.0018378978827968202,0.002200596722414468,2108.99560546875,2107.761474609375,2112.8752881650876,ensemble
ETH,phase0,xgb,phase0_xgb,2026-04-06,2026-04-07,0.0616556049703287,-0.01019924767315382,0.0013480255117671483,2107.761474609375,2241.806640625,2086.373151107347,ensemble
ETH,phase0,xgb,phase0_xgb,2026-04-07,2026-04-08,-0.0232273715270305,0.0159252611920237,0.004274456290448934,2241.806640625,2190.33544921875,2277.7937887184394,ensemble
ETH,phase0,xgb,phase0_xgb,2026-04-08,2026-04-09,-0.0005440857898826,-0.00410919259884392,0.0030952222469435137,2190.33544921875,2189.14404296875,2181.3534061131877,ensemble
ETH,phase0,xgb,phase0_xgb,2026-04-09,2026-04-10,0.0252611274355671,0.01852121036499736,0.003226559171272666,2189.14404296875,2245.148681640625,2230.0674459448046,ensemble
ETH,phase0,xgb,phase0_xgb,2026-04-10,2026-04-11,0.0177650010386669,0.01588242575526232,0.0010931298556558107,2245.148681640625,2285.39013671875,2281.0917650080814,ensemble
ETH,phase0,xgb,phase0_xgb,2026-04-11,2026-04-12,-0.0416306075771206,0.01684677414596076,0.00369446914856349,2285.39013671875,2192.201171875,2324.2177297195353,ensemble
ETH,phase0,xgb,phase0_xgb,2026-04-12,2026-04-13,0.0782853911386856,0.02383522316813462,0.004308258124744894,2192.201171875,2370.71484375,2245.080467493103,ensemble
ETH,phase0,xgb,phase0_xgb,2026-04-13,2026-04-14,-0.0201992437703363,-0.0098012083675712,0.00384648965556147,2370.71484375,2323.30859375,2347.592472278075,ensemble
ETH,phase0,xgb,phase0_xgb,2026-04-14,2026-04-15,0.0154307484890148,0.012131087668240021,0.002170678051455783,2323.30859375,2359.43701171875,2351.664500230018,ensemble
ETH,phase0,xgb,phase0_xgb,2026-04-15,2026-04-16,-0.0045844617903412,0.007251101732254001,0.0036400548103871786,2359.43701171875,2348.64501953125,2376.607707518578,ensemble
ETH,phase0,xgb,phase0_xgb,2026-04-16,2026-04-17,0.0303717508925751,0.00566721288487312,0.002615627477773965,2348.64501953125,2421.07177734375,2361.993078267877,ensemble
ETH,phase0,xgb,phase0_xgb,2026-04-17,2026-04-18,-0.0293267723614628,-0.00026804072258524006,0.0028049877673432784,2421.07177734375,2351.1005859375,2420.4229184793044,ensemble
ETH,phase0,xgb,phase0_xgb,2026-04-18,2026-04-19,-0.0373454427406088,0.00921428212895982,0.002703802291717805,2351.1005859375,2264.9169921875,2372.8644050504117,ensemble
ETH,phase0,xgb,phase0_xgb,2026-04-19,2026-04-20,0.0219633235792397,-0.0035739518876653,0.004606449987807512,2264.9169921875,2315.21240234375,2256.8367356527606,ensemble
ETH,phase0,xgb,phase0_xgb,2026-04-20,2026-04-21,0.0054954065471357,-0.01982447747141118,0.0030426983492552544,2315.21240234375,2327.970458984375,2269.766485391895,ensemble
ETH,phase0,xgb,phase0_xgb,2026-04-21,2026-04-22,0.0204586542200399,0.009355736337602099,0.0032479159176722204,2327.970458984375,2376.088134765625,2349.8525386734614,ensemble
ETH,phase0,xgb,phase0_xgb,2026-04-22,2026-04-23,-0.0189376886242059,-0.02217829935252664,0.007055110501445704,2376.088134765625,2331.513916015625,2323.970616056908,ensemble
ETH,phase0,xgb,phase0_xgb,2026-04-23,2026-04-24,-0.0068100265350662,0.0009733365150168198,0.004174956089587829,2331.513916015625,2315.690185546875,2333.7843684232203,ensemble
ETH,phase0,xgb,phase0_xgb,2026-04-24,2026-04-25,0.0013545812633985,0.00565619263797994,0.0015550776502525135,2315.690185546875,2318.8291015625,2328.825287641363,ensemble
ETH,phase0,xgb,phase0_xgb,2026-04-25,2026-04-26,0.021713243592728,0.00553096905350682,0.002927976871695515,2318.8291015625,2369.72900390625,2331.6900074134332,ensemble
ETH,phase0,xgb,phase0_xgb,2026-04-26,2026-04-27,-0.0285352092391055,-0.00274384166114028,0.006037351840055739,2369.72900390625,2303.06396484375,2363.2357550368934,ensemble
ETH,phase0,xgb,phase0_xgb,2026-04-27,2026-04-28,-0.0059420254123551,-0.0049781250301748,0.003345481563991116,2303.06396484375,2289.419677734375,2291.627514132946,ensemble
ETH,phase0,xgb,phase0_xgb,2026-04-28,2026-04-29,-0.0158511839185899,0.01110662166029212,0.0017776823927399211,2289.419677734375,2253.415771484375,2314.9891281755413,ensemble
ETH,phase0,xgb,phase0_xgb,2026-04-29,2026-04-30,0.0012574984349416,0.0081463230773806,0.0037365161276132573,2253.415771484375,2256.251220703125,2271.84779907947,ensemble
ETH,phase0,xgb,phase0_xgb,2026-04-30,2026-05-01,0.0170690082206223,-0.01008770046755668,0.0055870521261277405,2256.251220703125,2295.09375,2233.605249138804,ensemble
ETH,phase0,xgb,phase0_xgb,2026-05-01,2026-05-02,0.0091680063840355,-0.0033089892705901796,0.0021970531268590307,2295.09375,2316.23193359375,2287.5118605198218,ensemble
ETH,phase0,xgb,phase0_xgb,2026-05-02,2026-05-03,0.0023302997915724,-0.0024304164340719,0.0013251680067346405,2316.23193359375,2321.6357421875,2310.6093608015553,ensemble
ETH,phase0,xgb,phase0_xgb,2026-05-03,2026-05-04,0.0106089499454062,0.006833684630691961,0.0027476352092866024,2321.6357421875,2346.39697265625,2337.5554016902274,ensemble
ETH,phase0,xgb,phase0_xgb,2026-05-04,2026-05-05,0.0062816540296977,0.012655814178287941,0.005619998961890484,2346.39697265625,2361.1826171875,2376.281242736867,ensemble
ETH,phase0,xgb,phase0_xgb,2026-05-05,2026-05-06,-0.0044060551410634,0.007588021829724239,0.003236027586574753,2361.1826171875,2350.802001953125,2379.1674708674927,ensemble
ETH,phase0,xgb,phase0_xgb,2026-05-06,2026-05-07,-0.0257211497884926,0.00150522350450044,0.005962956237613519,2350.802001953125,2291.107666015625,2354.3431488210435,ensemble
ETH,phase0,xgb,phase0_xgb,2026-05-07,2026-05-08,0.0069005173801773,0.00579641917720432,0.0023901550696225414,2291.107666015625,2306.97216796875,2304.4264497638437,ensemble
ETH,phase0,xgb,phase0_xgb,2026-05-08,2026-05-09,0.0085267708032934,-0.00036817277141378,0.00192913321412959,2306.97216796875,2326.727294921875,2306.1229599693183,ensemble
ETH,phase0,xgb,phase0_xgb,2026-05-09,2026-05-10,0.0180237894016022,-0.0025171013083308603,0.0011233778147034976,2326.727294921875,2369.0439453125,2320.8780512614353,ensemble
ETH,phase0,xgb,phase0_xgb,2026-05-10,2026-05-11,-0.0126087284649131,0.01025504125282166,0.0029330626619150234,2369.0439453125,2339.36083984375,2393.463586908368,ensemble
ETH,phase0,xgb,phase0_xgb,2026-05-11,2026-05-12,-0.0280543858235066,-0.00944278175011272,0.0013855874514181598,2339.36083984375,2274.6435546875,2317.374734363883,ensemble
ETH,phase0,xgb,phase0_xgb,2026-05-12,2026-05-13,-0.0075315052922758,-0.0046981530729680605,0.0019693233106771748,2274.6435546875,2257.576416015625,2263.981995510368,ensemble
ETH,phase0,xgb,phase0_xgb,2026-05-13,2026-05-14,0.010293509698889,-0.00499498320277778,0.005422137326313828,2257.576416015625,2280.934814453125,2246.3279760103196,ensemble
ETH,phase0,xgb,phase0_xgb,2026-05-14,2026-05-15,-0.025579807171991,-0.00446769944392138,0.0016216628142064933,2280.934814453125,2223.328857421875,2270.7670135030203,ensemble
ETH,phase0,xgb,phase0_xgb,2026-05-15,2026-05-16,-0.0197944707467758,0.00113368547754362,0.0019134112319731935,2223.328857421875,2179.751953125,2225.850842358073,ensemble
ETH,phase0,xgb,phase0_xgb,2026-05-16,2026-05-17,-0.024195229175847,0.011413483042269901,0.002894662292081691,2179.751953125,2127.645263671875,2204.773032290664,ensemble
ETH,phase0,xgb,phase0_xgb,2026-05-17,2026-05-18,0.0004092183281597,-0.00638809094671156,0.005252499056994363,2127.645263671875,2128.51611328125,2114.0969920934976,ensemble
ETH,phase0,xgb,phase0_xgb,2026-05-18,2026-05-19,-0.0087542537236926,0.00529330559074874,0.0032566964843238244,2128.51611328125,2109.9638671875,2139.812871743988,ensemble
ETH,phase0,xgb,phase0_xgb,2026-05-19,2026-05-20,0.0080339082480059,0.012616996280848941,0.004405423245423058,2109.9638671875,2126.9833984375,2136.7539230819852,ensemble
ETH,phase0,xgb,phase0_xgb,2026-05-20,2026-05-21,0.0020793039085529,-0.0029018123401328396,0.0011499112658983448,2126.9833984375,2131.41064453125,2120.820238256538,ensemble
ETH,phase0,xgb,phase0_xgb,2026-05-21,2026-05-22,-0.0318296288802969,0.01102590644732114,0.0054575034684631535,2131.41064453125,2064.636962890625,2155.0414148298537,ensemble
ETH,phase0,xgb,phase0_xgb,2026-05-22,2026-05-23,0.0245501473754652,0.00262752458220344,0.0028789666539576655,2064.636962890625,2115.951416015625,2070.068980518702,ensemble
ETH,phase0,xgb,phase0_xgb,2026-05-23,2026-05-24,-0.0085229526741993,0.00392261361703274,0.002406669113172294,2115.951416015625,2097.993896484375,2124.2677761231894,ensemble
ETH,phase0,xgb,phase0_xgb,2026-05-24,2026-05-25,0.0063555962617687,0.00614886695984748,0.0032927453260491453,2097.993896484375,2111.370361328125,2110.9339243209433,ensemble
ETH,phase0,xgb,phase0_xgb,2026-05-25,2026-05-26,-0.0193741083637812,-0.0021413421723991003,0.0006069217060243738,2111.370361328125,2070.858154296875,2106.8540321606592,ensemble
ETH,phase0,xgb,phase0_xgb,2026-05-26,2026-05-27,-0.0237779302438843,0.0012490010645705599,0.0006644890539121779,2070.858154296875,2022.1982421875,2073.4462742820183,ensemble
ETH,phase0,xgb,phase0_xgb,2026-05-27,2026-05-28,-0.0072687232435778,0.00446803015656764,0.0018817440720460198,2022.1982421875,2007.552734375,2031.2536998804537,ensemble
ETH,phase0,xgb,phase0_xgb,2026-05-28,2026-05-29,0.0022021388879798,0.00313769564381794,0.003366149399786733,2007.552734375,2011.978515625,2013.8617165011867,ensemble
ETH,phase0,xgb,phase0_xgb,2026-05-29,2026-05-30,0.0037107092790728,0.0123151089996099,0.003236224132926931,2011.978515625,2019.458251953125,2036.9094488411897,ensemble
ETH,phase0,xgb,phase0_xgb,2026-05-30,2026-05-31,-0.0075136791444324,-0.0003015417081769599,0.002727009181792817,2019.458251953125,2004.341552734375,2018.849392865057,ensemble
ETH,phase0,xgb,phase0_xgb,2026-05-31,2026-06-01,-0.0005591235515652,-0.0077962112147360405,0.00437099881187108,2004.341552734375,2003.22119140625,1988.7760375054156,ensemble
ETH,phase0,xgb,phase0_xgb,2026-06-01,2026-06-02,-0.0754085383512764,-0.0033041840510122217,0.0027817886774363218,2003.22119140625,1857.71630859375,1996.6131030770437,ensemble
ETH,phase0,xgb,phase0_xgb,2026-06-02,2026-06-03,-0.0250644830015835,0.01849940083920952,0.0030680204435714954,1857.71630859375,1811.7322998046875,1892.402797646456,ensemble
ETH,phase0,xgb,phase0_xgb,2026-06-03,2026-06-04,-0.0235409089196176,0.00655111847445364,0.001731768133674427,1811.7322998046875,1769.58056640625,1823.6401349766934,ensemble
ETH,phase0,xgb,phase0_xgb,2026-06-04,2026-06-05,-0.1127730163581579,0.00551962001482022,0.004103640416685893,1769.58056640625,1580.86083984375,1779.3749845851794,ensemble
ETH,phase0,xgb,phase0_xgb,2026-06-05,2026-06-06,-0.0076791271868011,0.009383819528738919,0.008117649714866115,1580.86083984375,1568.7677001953125,1595.7651730836317,ensemble
ETH,phase0,xgb,phase0_xgb,2026-06-06,2026-06-07,0.0723034430725498,0.03334511518478388,0.007648484142369267,1568.7677001953125,1686.396240234375,1621.9603690534148,ensemble
ETH,phase0,xgb,phase0_xgb,2026-06-07,2026-06-08,0.0022225802428663,0.021350909024476956,0.009944347955383362,1686.396240234375,1690.1485595703125,1722.789464639098,ensemble
ETH,phase0,xgb,phase0_xgb,2026-06-08,2026-06-09,-0.0315195419215522,0.0050627626595087395,0.006033935574740588,1690.1485595703125,1637.7066650390625,1698.7270777641236,ensemble
ETH,phase0,xgb,phase0_xgb,2026-06-09,2026-06-10,-0.0107857454824715,0.00791162196546788,0.0025562597800348873,1637.7066650390625,1620.1376953125,1650.7149716120202,ensemble
ETH,phase0,xgb,phase0_xgb,2026-06-10,2026-06-11,0.0316772045187946,-0.00241861398390028,0.0064986322342488545,1620.1376953125,1672.2806396484375,1616.2239424633128,ensemble
ETH,phase0,xgb,phase0_xgb,2026-06-11,2026-06-12,-0.0042864654394683,-0.012774775177240318,0.0038265160590017075,1672.2806396484375,1665.1278076171875,1651.053505058886,ensemble
ETH,phase0,xgb,phase0_xgb,2026-06-12,2026-06-13,0.0090196413020536,0.00641113710589702,0.003918887476849007,1665.1278076171875,1680.214599609375,1675.837464145905,ensemble
ETH,phase0,xgb,phase0_xgb,2026-06-13,2026-06-14,0.0260813174474448,-0.00902793696150178,0.002944325490980783,1680.214599609375,1724.61328125,1665.113994341253,ensemble
ETH,phase0,xgb,phase0_xgb,2026-06-14,2026-06-15,0.0399805553119012,-0.008068051002919619,0.0035799708909240806,1724.61328125,1794.961181640625,1710.7549931975361,ensemble
ETH,phase0,xgb,phase0_xgb,2026-06-15,2026-06-16,-0.002545346375384,-0.0039803770370780995,0.0012976639478825532,1794.961181640625,1790.398193359375,1787.8307596688924,ensemble
ETH,phase0,xgb,phase0_xgb,2026-06-16,2026-06-17,-0.0240312789660825,-0.00247703301720322,0.006639361367337555,1790.398193359375,1747.885498046875,1785.9688060545625,ensemble
ETH,phase0,xgb,phase0_xgb,2026-06-17,2026-06-18,-0.0221862751067949,-0.013174243783578241,0.006625878325643881,1747.885498046875,1709.533447265625,1725.0094465934842,ensemble
ETH,phase0,xgb,phase0_xgb,2026-06-18,2026-06-19,0.0008472258287815,-0.01761854719370598,0.00423097068360166,1709.533447265625,1710.982421875,1679.6777310153543,ensemble
ETH,phase0,xgb,phase0_xgb,2026-06-19,2026-06-20,0.0164158122645686,-0.01375513933598992,0.003799363004907426,1710.982421875,1739.3013916015625,1687.6087428976023,ensemble
ETH,phase0,xgb,phase0_xgb,2026-06-20,2026-06-21,-0.0201644551603129,-4.7306146007040006e-05,0.0032750040395506516,1739.3013916015625,1704.58056640625,1739.219113902117,ensemble
ETH,phase0,xgb,phase0_xgb,2026-06-21,2026-06-22,0.012783452112487,0.0053594197146594,0.002788179849054558,1704.58056640625,1726.5108642578125,1713.7406535491725,ensemble
ETH,phase0,xgb,phase0_xgb,2026-06-22,2026-06-23,-0.0360151185751902,0.00936845247633748,0.005884715604895702,1726.5108642578125,1665.436767578125,1742.7616025164402,ensemble
ETH,phase0,xgb,phase0_xgb,2026-06-23,2026-06-24,-0.027707605238555,-0.0140127323567867,0.0009189199607060872,1665.436767578125,1619.9249267578125,1642.2621966325264,ensemble
ETH,phase0,xgb,phase0_xgb,2026-06-24,2026-06-25,-0.0346111458341076,-0.00842526052147144,0.0027105112738372785,1619.9249267578125,1564.816650390625,1606.3339712910104,ensemble
ETH,phase0,xgb,phase0_xgb,2026-06-25,2026-06-26,0.0075121735497433,0.0087200329639017,0.0020457040538034263,1564.816650390625,1576.6160888671875,1578.5215699976375,ensemble
ETH,phase0,xgb,phase0_xgb,2026-06-26,2026-06-27,-0.0031940978117993,-0.013335878960788219,0.0036132678074686933,1576.6160888671875,1571.5882568359375,1555.730103563665,ensemble
ETH,phase0,xgb,phase0_xgb,2026-06-27,2026-06-28,-0.0007810761173124,-0.007276298780925521,0.004766659067446447,1571.5882568359375,1570.3612060546875,1560.194413891457,ensemble
ETH,phase0,xgb,phase0_xgb,2026-06-28,2026-06-29,0.0250563430147941,-0.013066639192402318,0.005237266359395921,1570.3612060546875,1610.205810546875,1549.9753402013646,ensemble
ETH,phase0,xgb,phase0_xgb,2026-06-29,2026-06-30,-0.025551475094469,-0.02198559530079362,0.003500434758166756,1610.205810546875,1569.5838623046875,1575.1908005764526,ensemble
ETH,phase0,xgb,phase0_xgb,2026-06-30,2026-07-01,0.0247779101060913,0.00605025952681896,0.00746478279949403,1569.5838623046875,1608.960693359375,1579.1090378565564,ensemble
ETH,phase0,xgb,phase0_xgb,2026-07-01,2026-07-02,0.0539624286481777,0.00865364717319604,0.004823237049054301,1608.960693359375,1698.16943359375,1622.9444896696366,ensemble
ETH,phase0,xgb,phase0_xgb,2026-07-02,2026-07-03,0.0337829584823897,0.00959135992452496,0.004087179565272313,1698.16943359375,1756.5186767578125,1714.535549030606,ensemble
ETH,phase0,xgb,phase0_xgb,2026-07-03,2026-07-04,0.0127361095972148,-0.01531886644661424,0.006675633479907445,1756.5186767578125,1779.032958984375,1729.8158524261712,ensemble
ETH,phase0,xgb,phase0_xgb,2026-07-04,2026-07-05,0.0022307583802167,0.00315096173435452,0.008662695860339794,1779.032958984375,1783.0059814453125,1784.6474646632373,ensemble
ETH,phase0,xgb,phase0_xgb,2026-07-05,2026-07-06,0.0081371345293737,-0.004539884245968956,0.0037090271638615846,1783.0059814453125,1797.57373046875,1774.9296872714233,ensemble
ETH,phase0,xgb,phase0_xgb,2026-07-06,2026-07-07,-0.0162996101421938,-0.014259448274970018,0.0028434237074366495,1797.57373046875,1768.511474609375,1772.1232072885166,ensemble
ETH,phase0,xgb,phase0_xgb,2026-07-07,2026-07-08,-0.0147154299263924,0.00288594900630412,0.0030503104544373303,1768.511474609375,1742.6776123046875,1773.6226803342274,ensemble
ETH,phase0,xgb,phase0_xgb,2026-07-08,2026-07-09,0.0010363767887721,-0.00895626777783032,0.0042554154508718835,1742.6776123046875,1744.484619140625,1727.1394109703413,ensemble
ETH,phase0,xgb,phase0_xgb,2026-07-09,2026-07-10,0.0289319871755302,0.005270086135715181,0.0028425616203402193,1744.484619140625,1795.6932373046875,1753.7024714491909,ensemble
ETH,phase0,xgb,phase0_xgb,2026-07-10,2026-07-11,-0.0042377668681416,-0.00721254860982296,0.0025799359412613083,1795.6932373046875,1788.099609375,1782.788307203872,ensemble
ETH,phase0,xgb,phase0_xgb,2026-07-11,2026-07-12,0.0098437240641505,-0.0062241815961897,0.0016265284785188295,1788.099609375,1805.7880859375,1777.0047168255749,ensemble
ETH,phase0,xgb,phase0_xgb,2026-07-12,2026-07-13,-0.0180417009925125,0.00472913580015298,0.0025438374073539333,1805.7880859375,1773.500732421875,1814.3481278689949,ensemble
ETH,phase0,xgb,phase0_xgb,2026-07-13,2026-07-14,0.0633461757860125,0.0098625161685049,0.002922750608920023,1773.500732421875,1889.4798583984373,1791.078449850733,ensemble
ETH,phase0,xgb,phase0_xgb,2026-07-14,2026-07-15,0.0144305241755588,0.01076839547604318,0.0021851033176025257,1889.4798583984373,1916.9437255859373,1909.936469521182,ensemble
ETH,phase0,xgb,phase0_xgb,2026-07-15,2026-07-16,-0.0284402326891384,0.00228760470927224,0.0019258009374820404,1916.9437255859373,1863.193359375,1921.3339547198632,ensemble
ETH,phase0,xgb,phase0_xgb,2026-07-16,2026-07-17,-0.011989404987594,-0.00330674850847566,0.0026713865148919043,1863.193359375,1840.9881591796875,1857.0424229176904,ensemble
ETH,phase0,xgb,phase0_xgb,2026-07-17,2026-07-18,0.0110221726895365,-0.01228745859116314,0.0006971450331284631,1840.9881591796875,1861.39208984375,1818.505503628136,ensemble
ETH,phase0,xgb,phase0_xgb,2026-07-18,2026-07-19,0.0054201709795738,0.00125019961851648,0.0024294989506525822,1861.39208984375,1871.508544921875,1863.7206568078516,ensemble
ETH,phase0,xgb,phase0_xgb,2026-07-19,2026-07-20,0.0170854918812539,0.018109002336859657,0.0037637332239122403,1871.508544921875,1903.7589111328125,1905.7084257874374,ensemble
ETH,phase0,xgb,phase0_xgb,2026-07-20,2026-07-21,0.0128519310477648,-0.01354539003223176,0.004767557792936543,1903.7589111328125,1928.3837890625,1878.1456168059467,ensemble
ETH,phase0,xgb,phase0_xgb,2026-07-21,2026-07-22,0.0026444810723667,-0.0018505189136703653,0.004136732616870397,1928.3837890625,1933.4901123046875,1924.818578150535,ensemble
ETH,phase0,xgb,phase0_xgb,2026-07-22,2026-07-23,-0.0295985684211487,0.00020933259183948568,0.0007451010787053197,1933.4901123046875,1877.1002197265625,1933.8948971670463,ensemble
ETH,phase0,xgb,phase0_xgb,2026-07-23,2026-07-24,-0.0090566354547485,0.00912351580336684,0.001740937649699858,1877.1002197265625,1860.1767578125,1894.3043349171992,ensemble
ETH,phase0,xgb,phase0_xgb,2026-07-24,2026-07-25,0.0069886485747689,-0.00711502628400916,0.001905479751888931,1860.1767578125,1873.222412109375,1846.9885242382948,ensemble
ETH,phase0,xgb,phase0_xgb,2026-07-25,2026-07-26,0.0419170428366946,0.00795644586905834,0.004071012593571972,1873.222412109375,1953.4112548828125,1888.18605459836,ensemble
ETH,phase0,xgb,phase0_xgb,2026-07-26,2026-07-27,-0.0326758126996198,-0.014742460474371838,0.004734326595804685,1953.4112548828125,1890.613525390625,1924.824404676101,ensemble
ETH,phase0,xgb,phase0_xgb,2026-07-27,2026-07-28,0.015396962638548,0.00275898700347166,0.003061765804691551,1890.613525390625,1919.948486328125,1895.836905841787,ensemble
ETH,phase0,xgb,phase0_xgb,2026-07-28,2026-07-29,-0.0059707845121414,0.01121501727029676,0.0024702104388426567,1919.948486328125,1908.51904296875,1941.601936712727,ensemble
ETH,phase0,xgb,phase0_xgb,2026-07-29,2026-07-30,0.0046284096447549,-0.00360922721447424,0.005428145441984531,1908.51904296875,1917.3729248046875,1901.6431798397352,ensemble
ETH,phase0,xgb,phase0_xgb,2026-07-30,2026-07-31,-0.0301935171908472,0.00697571514174338,0.0014935645989128342,1917.3729248046875,1860.345947265625,1930.794731071164,ensemble
ETH,phase0,xgb,phase0_xgb,2026-07-31,2026-08-01,-0.0091411558801774,0.00814042435958976,0.0021671309433717438,1860.345947265625,1843.417724609375,1875.5517596451787,ensemble
ETH,phase0,xgb,phase0_xgb,2026-08-01,2026-08-02,0.0209910449816346,0.004156154836527979,0.0024237410752998567,1843.417724609375,1882.52197265625,1851.0951974326772,ensemble
ETH,phase0,xgb,phase0_xgb,2026-08-02,2026-08-03,-0.0129736864450064,0.008908188436180301,0.000985976990459067,1882.52197265625,1858.2564697265625,1899.3667499549792,ensemble
ETH,phase0,xgb,phase0_xgb,2026-08-03,2026-08-04,0.0054362176829138,0.00985524598509068,0.0043175061286474525,1858.2564697265625,1868.3858642578125,1876.6605839159436,ensemble
ETH,phase0,xgb,phase0_xgb,2026-08-04,2026-08-05,0.0202078543669882,-0.006859758915379601,0.004023686513355672,1868.3858642578125,1906.5260009765625,1855.61304697845,ensemble
ETH,phase0,xgb,phase0_xgb,2026-08-05,2026-08-06,-0.0023465458558861,-0.0164859343320131,0.002382340813655512,1906.5260009765625,1902.0574951171875,1875.352804193153,ensemble
ETH,phase0,xgb,phase0_xgb,2026-08-06,2026-08-07,0.0058825505802162,0.00174403047421946,0.0034310417698474047,1902.0574951171875,1913.2794189453125,1905.377635724031,ensemble
ETH,phase0,xgb,phase0_xgb,2026-08-07,2026-08-08,0.0011771484611133,0.00922177219763394,0.002924291735703971,1913.2794189453125,1915.532958984375,1931.0048502262925,ensemble
ETH,phase0,xgb,phase0_xgb,2026-08-08,2026-08-09,-0.003582552655913,0.00884830104187126,0.0010739660518012434,1915.532958984375,1908.6827392578125,1932.5573787833612,ensemble
ETH,phase0,xgb,phase0_xgb,2026-08-09,2026-08-10,-0.0197913520463313,-0.0016812118352390799,0.004778758590250619,1908.6827392578125,1871.2786865234373,1905.4765351561841,ensemble
ETH,phase0,xgb,phase0_xgb,2026-08-10,2026-08-11,0.0053801271136948,-0.00962407570332284,0.0013289236789887587,1871.2786865234373,1881.37353515625,1853.3557430042192,ensemble
ETH,phase0,xgb,phase0_xgb,2026-08-11,2026-08-12,-0.0017228455012013,0.01888526435941452,0.007563334553110051,1881.37353515625,1878.135009765625,1917.2413926863392,ensemble
ETH,phase0,xgb,phase0_xgb,2026-08-12,2026-08-13,0.0031133074431306,0.0039965518051757794,0.0014537787255116655,1878.135009765625,1883.9913330078125,1885.6560928174654,ensemble
ETH,phase0,xgb,phase0_xgb,2026-08-13,2026-08-14,-0.0017751010807604,0.00923566715791814,0.0014705928546538574,1883.9913330078125,1880.6500244140625,1901.4718477422164,ensemble
ETH,phase0,xgb,phase0_xgb,2026-08-14,2026-08-15,0.0001373371127861,0.00178328213514758,0.0007749048786009672,1880.6500244140625,1880.9083251953125,1884.0067461064205,ensemble
ETH,phase0,xgb,phase0_xgb,2026-08-15,2026-08-16,-0.003710048377518,0.012762170098721942,0.0021462686239411707,1880.9083251953125,1873.9429931640625,1905.066625456521,ensemble
ETH,phase0,xgb,phase0_xgb,2026-08-16,2026-08-17,0.0202107717270595,0.00251971938996574,0.003404335501486234,1873.9429931640625,1912.2021484375,1878.6707574779593,ensemble
ETH,phase0,xgb,phase0_xgb,2026-08-17,2026-08-18,0.0022239875598747,0.01144166216254228,0.001858921346226808,1912.2021484375,1916.4595947265625,1934.2065628922517,ensemble
ETH,phase0,xgb,phase0_xgb,2026-08-18,2026-08-19,0.1610984870542504,0.00187652616295962,0.003432371495210157,1916.4595947265625,2251.4580078125,1920.059257670862,ensemble
ETH,phase0,xgb,phase0_xgb,2026-08-19,2026-08-20,0.0327374500344778,0.003827481771440937,0.005176427462341156,2251.4580078125,2326.384765625,2260.0919348554457,ensemble
ETH,phase0,xgb,phase0_xgb,2026-08-20,2026-08-21,0.0780693605915992,0.017442403361201238,0.00618108148731771,2326.384765625,2515.28173828125,2367.3184602955453,ensemble
ETH,phase0,xgb,phase0_xgb,2026-08-21,2026-08-22,-0.0368621187101773,0.00386073244735594,0.0039716609618512385,2515.28173828125,2424.251220703125,2525.0113377073994,ensemble
ETH,phase0,xgb,phase0_xgb,2026-08-22,2026-08-23,0.0161886325230095,0.0061473517678677595,0.0028384218887006775,2424.251220703125,2463.81591796875,2439.199845883585,ensemble
ETH,phase0,xgb,phase0_xgb,2026-08-23,2026-08-24,0.0072853803568115,-0.00030229396943466007,0.003197885235061526,2463.81591796875,2481.831298828125,2463.071233837383,ensemble
ETH,phase0,xgb,phase0_xgb,2026-08-24,2026-08-25,-0.0157046670742771,0.004214499823137851,0.0029404300842667034,2481.831298828125,2443.159423828125,2492.313048549528,ensemble
ETH,phase0,xgb,phase0_xgb,2026-08-25,2026-08-26,0.0254999480890524,-0.00576242515817284,0.007335852480213496,2443.159423828125,2506.260986328125,2429.1213859152863,ensemble
ETH,phase0,xgb,phase0_xgb,2026-08-26,2026-08-27,0.0016541530230063,-0.00014119823463260017,0.004136797839639294,2506.260986328125,2510.41015625,2505.9071316837403,ensemble
ETH,phase0,xgb,phase0_xgb,2026-08-27,2026-08-28,-0.0274093504142575,-0.00080416871933266,0.0024989708395685034,2510.41015625,2442.535888671875,2508.3921744373242,ensemble
ETH,phase0,xgb,phase0_xgb,2026-08-28,2026-08-29,0.0061835722465449,0.00059248677862342,0.004769183804112147,2442.535888671875,2457.686279296875,2443.983487691519,ensemble
ETH,phase0,xgb,phase0_xgb,2026-08-29,2026-08-30,-0.0163049615873888,0.0062706759665161205,0.006451014886853349,2457.686279296875,2417.938720703125,2473.1460545439722,ensemble
ETH,phase0,xgb,phase0_xgb,2026-08-30,2026-08-31,0.0200145895501371,-0.01103308694437142,0.005249118641979899,2417.938720703125,2466.8203125,2391.408019467275,ensemble
ETH,phase1,lstm,phase1_lstm,2025-10-31,2025-11-01,0.0070215866872251,-0.0016575912362896,0.003409484169934373,3847.080322265625,3874.18798828125,3840.7087178548413,ensemble
ETH,phase1,lstm,phase1_lstm,2025-11-01,2025-11-02,0.0094731740475304,-0.00170751417754216,0.0034106171096387598,3874.18798828125,3911.063232421875,3867.57840195189,ensemble
ETH,phase1,lstm,phase1_lstm,2025-11-02,2025-11-03,-0.0822344830552394,-0.0017593272379599401,0.0034837405051631838,3911.063232421875,3602.30810546875,3904.1884416243,ensemble
ETH,phase1,lstm,phase1_lstm,2025-11-03,2025-11-04,-0.0899050101356721,-0.00176844050874932,0.003582589143864959,3602.30810546875,3292.574462890625,3595.9432674674927,ensemble
ETH,phase1,lstm,phase1_lstm,2025-11-04,2025-11-05,0.0394816688100728,-0.0017615095130167797,0.0036447245561629918,3292.574462890625,3425.171142578125,3286.7796669444165,ensemble
ETH,phase1,lstm,phase1_lstm,2025-11-05,2025-11-06,-0.0335213636698541,-0.00178575072204694,0.0037029958944219837,3425.171142578125,3312.2578125,3419.0600987615476,ensemble
ETH,phase1,lstm,phase1_lstm,2025-11-06,2025-11-07,0.0364744811598151,-0.00182213950902222,0.003736028954466729,3312.2578125,3435.301025390625,3306.22791200411,ensemble
ETH,phase1,lstm,phase1_lstm,2025-11-07,2025-11-08,-0.0102185497413461,-0.0018777612887788402,0.0037640932931860354,3435.301025390625,3400.3759765625,3428.8564027349544,ensemble
ETH,phase1,lstm,phase1_lstm,2025-11-08,2025-11-09,0.0522087429098387,-0.0018821799108990997,0.003812605060829327,3400.3759765625,3582.621337890625,3393.981876520879,ensemble
ETH,phase1,lstm,phase1_lstm,2025-11-09,2025-11-10,-0.0039606305321747,-0.001804284783429431,0.0037336798771350497,3582.621337890625,3568.4599609375,3576.163096731042,ensemble
ETH,phase1,lstm,phase1_lstm,2025-11-10,2025-11-11,-0.0438739864099317,-0.0017934057599631645,0.00375860687606151,3568.4599609375,3415.2822265625,3562.065999486748,ensemble
ETH,phase1,lstm,phase1_lstm,2025-11-11,2025-11-12,-0.000640851706814,-0.0017627731926040402,0.003777969431490787,3415.2822265625,3413.09423828125,3409.267161763414,ensemble
ETH,phase1,lstm,phase1_lstm,2025-11-12,2025-11-13,-0.0542839228098472,-0.00173238785646387,0.00371376769536964,3413.09423828125,3232.757080078125,3407.1865539476803,ensemble
ETH,phase1,lstm,phase1_lstm,2025-11-13,2025-11-14,-0.0407128161836017,-0.00170985111617484,0.0036811714025543384,3232.757080078125,3103.78564453125,3227.2342697137005,ensemble
ETH,phase1,lstm,phase1_lstm,2025-11-14,2025-11-15,0.0200458143866448,-0.00170112533378412,0.003647071669545266,3103.78564453125,3166.63134765625,3098.5102045052245,ensemble
ETH,phase1,lstm,phase1_lstm,2025-11-15,2025-11-16,-0.0235761973164414,-0.00169993186136706,0.0035862591617596574,3166.63134765625,3092.847412109375,3161.252862959131,ensemble
ETH,phase1,lstm,phase1_lstm,2025-11-16,2025-11-17,-0.0223335360686421,-0.0017334755626506998,0.0036137146523119454,3092.847412109375,3024.538818359375,3087.490680924165,ensemble
ETH,phase1,lstm,phase1_lstm,2025-11-17,2025-11-18,0.0320287321061959,-0.00179517089854924,0.003653634900382928,3024.538818359375,3122.97900390625,3019.114124873882,ensemble
ETH,phase1,lstm,phase1_lstm,2025-11-18,2025-11-19,-0.0325142190008236,-0.0018292798951733999,0.003679223822647606,3122.97900390625,3023.07080078125,3117.271423174287,ensemble
ETH,phase1,lstm,phase1_lstm,2025-11-19,2025-11-20,-0.0653684988267085,-0.0018491682450985213,0.003723214740779681,3023.07080078125,2831.777587890625,3017.4857996485894,ensemble
ETH,phase1,lstm,phase1_lstm,2025-11-20,2025-11-21,-0.0236111523857895,-0.0018543285870691651,0.003773408362067605,2831.777587890625,2765.69921875,2826.5314073317336,ensemble
ETH,phase1,lstm,phase1_lstm,2025-11-21,2025-11-22,0.0006897153274086,-0.0018486770248273,0.003802809910358725,2765.69921875,2767.607421875,2760.591057271903,ensemble
ETH,phase1,lstm,phase1_lstm,2025-11-22,2025-11-23,0.0122346182602878,-0.0018242455122162563,0.00379635879466463,2767.607421875,2801.676025390625,2762.563228778247,ensemble
ETH,phase1,lstm,phase1_lstm,2025-11-23,2025-11-24,0.0525067184643922,-0.0018217394630482497,0.0037982491803939017,2801.676025390625,2952.71337890625,2796.576747800367,ensemble
ETH,phase1,lstm,phase1_lstm,2025-11-24,2025-11-25,0.0017672851723719,-0.0018652926584763608,0.003865737256619736,2952.71337890625,2957.936279296875,2947.2108378381436,ensemble
ETH,phase1,lstm,phase1_lstm,2025-11-25,2025-11-26,0.023348428095094,-0.0018797993223415598,0.0038505921484471906,2957.936279296875,3027.81201171875,2952.3811755594575,ensemble
ETH,phase1,lstm,phase1_lstm,2025-11-26,2025-11-27,-0.0043922604267135,-0.0018743132648523998,0.003853905260476278,3027.81201171875,3014.542236328125,3022.1422586082817,ensemble
ETH,phase1,lstm,phase1_lstm,2025-11-27,2025-11-28,0.005874882913213,-0.0018391221470664802,0.0038384527841179403,3014.542236328125,3032.304443359375,3009.003219963112,ensemble
ETH,phase1,lstm,phase1_lstm,2025-11-28,2025-11-29,-0.013485997805236,-0.00180790596059522,0.0038474250203745478,3032.304443359375,2991.685302734375,3026.827274676695,ensemble
ETH,phase1,lstm,phase1_lstm,2025-11-29,2025-11-30,0.0001428009786007,-0.00175818071002142,0.003825807628176276,2991.685302734375,2992.112548828125,2986.4300005838513,ensemble
ETH,phase1,lstm,phase1_lstm,2025-11-30,2025-12-01,-0.0662927736435053,-0.00171908526681364,0.003811493883759684,2992.112548828125,2800.18896484375,2986.9732709229065,ensemble
ETH,phase1,lstm,phase1_lstm,2025-12-01,2025-12-02,0.068238382808925,-0.0017217205371707598,0.0038700970697272932,2800.18896484375,2997.939697265625,2795.371969944469,ensemble
ETH,phase1,lstm,phase1_lstm,2025-12-02,2025-12-03,0.0625882304633783,-0.00174872128991408,0.003888152311150323,2997.939697265625,3191.57177734375,2992.701717509319,ensemble
ETH,phase1,lstm,phase1_lstm,2025-12-03,2025-12-04,-0.0181024175452983,-0.00179194578668104,0.00392773751290045,3191.57177734375,3134.31640625,3185.857774864787,ensemble
ETH,phase1,lstm,phase1_lstm,2025-12-04,2025-12-05,-0.0356875080281464,-0.00182698810240254,0.003980411529784437,3134.31640625,3024.432861328125,3128.5952752770995,ensemble
ETH,phase1,lstm,phase1_lstm,2025-12-05,2025-12-06,0.0052022663489112,-0.00185062737436964,0.004012084355968403,3024.432861328125,3040.207763671875,3018.8409389612566,ensemble
ETH,phase1,lstm,phase1_lstm,2025-12-06,2025-12-07,0.0069143801565508,-0.0018619163776748,0.003996454801079895,3040.207763671875,3061.3017578125,3034.5524175697224,ensemble
ETH,phase1,lstm,phase1_lstm,2025-12-07,2025-12-08,0.0206574040037443,-0.0018721559899859002,0.003987407465216998,3061.3017578125,3125.197998046875,3055.5758849254853,ensemble
ETH,phase1,lstm,phase1_lstm,2025-12-08,2025-12-09,0.0608029264224186,-0.00190716566285116,0.0040039201921267175,3125.197998046875,3321.114990234375,3119.243407735354,ensemble
ETH,phase1,lstm,phase1_lstm,2025-12-09,2025-12-10,0.0012864345975214,-0.0019506153301335801,0.00403051191310541,3321.114990234375,3325.39013671875,3314.643086570617,ensemble
ETH,phase1,lstm,phase1_lstm,2025-12-10,2025-12-11,-0.0269224534884862,-0.0019909322843887,0.004042315501531439,3325.39013671875,3237.056884765625,3318.7760963753276,ensemble
ETH,phase1,lstm,phase1_lstm,2025-12-11,2025-12-12,-0.0483811252686677,-0.00204335892340168,0.00405741062837078,3237.056884765625,3084.172607421875,3230.4491689612146,ensemble
ETH,phase1,lstm,phase1_lstm,2025-12-12,2025-12-13,0.0104898229476874,-0.00208966619102286,0.004048650511645117,3084.172607421875,3116.6953125,3077.7344453444757,ensemble
ETH,phase1,lstm,phase1_lstm,2025-12-13,2025-12-14,-0.018163993601147,-0.0020765762194059597,0.003984813845072476,3116.6953125,3060.5947265625,3110.2299723400447,ensemble
ETH,phase1,lstm,phase1_lstm,2025-12-14,2025-12-15,-0.0320077701658808,-0.0020383768365718202,0.003929933395578369,3060.5947265625,2964.18310546875,3054.3624352028346,ensemble
ETH,phase1,lstm,phase1_lstm,2025-12-15,2025-12-16,-7.412721688312701e-07,-0.0020758423837833,0.0038449837900740844,2964.18310546875,2964.180908203125,2958.0363106410114,ensemble
ETH,phase1,lstm,phase1_lstm,2025-12-16,2025-12-17,-0.0458281928487593,-0.00209098550258202,0.003825649776830281,2964.180908203125,2831.403564453125,2957.9893244089317,ensemble
ETH,phase1,lstm,phase1_lstm,2025-12-17,2025-12-18,-0.0015320294953636,-0.00210198264103382,0.0038231952549331798,2831.403564453125,2827.069091796875,2825.4582539696285,ensemble
ETH,phase1,lstm,phase1_lstm,2025-12-18,2025-12-19,0.0520015780613912,-0.00212411790853364,0.003816252809664333,2827.069091796875,2977.970703125,2821.0704368909164,ensemble
ETH,phase1,lstm,phase1_lstm,2025-12-19,2025-12-20,-0.0001303602133292,-0.00213510555913672,0.0038064920653687016,2977.970703125,2977.58251953125,2971.6192042949106,ensemble
ETH,phase1,lstm,phase1_lstm,2025-12-20,2025-12-21,0.0080383309849244,-0.00208662007935344,0.0037552226752751256,2977.58251953125,3001.61376953125,2971.37591372417,ensemble
ETH,phase1,lstm,phase1_lstm,2025-12-21,2025-12-22,0.0014847515809792,-0.0020344052114524,0.003707439112958979,3001.61376953125,3006.07373046875,2995.5134781720076,ensemble
ETH,phase1,lstm,phase1_lstm,2025-12-22,2025-12-23,-0.0143063268401752,-0.0020012840977869798,0.0036651529653741054,3006.07373046875,2963.3740234375,3000.0637387714974,ensemble
ETH,phase1,lstm,phase1_lstm,2025-12-23,2025-12-24,-0.0060191597554604,-0.00198784809326752,0.003644036124278355,2963.3740234375,2945.590576171875,2957.489137103274,ensemble
ETH,phase1,lstm,phase1_lstm,2025-12-24,2025-12-25,-0.014365015056822,-0.00196807297179474,0.0036414482899554765,2945.590576171875,2903.57958984375,2939.7991398269432,ensemble
ETH,phase1,lstm,phase1_lstm,2025-12-25,2025-12-26,0.0076050389079913,-0.00192706846864892,0.003614662145418163,2903.57958984375,2925.74560546875,2897.9895810646963,ensemble
ETH,phase1,lstm,phase1_lstm,2025-12-26,2025-12-27,0.0075770385642638,-0.0018880558782257,0.0035791583962204356,2925.74560546875,2947.998291015625,2920.226845782903,ensemble
ETH,phase1,lstm,phase1_lstm,2025-12-27,2025-12-28,0.000193273230984,-0.00181323898723348,0.0034992273738369715,2947.998291015625,2948.568115234375,2942.65770891914,ensemble
ETH,phase1,lstm,phase1_lstm,2025-12-28,2025-12-29,-0.0047695250401753,-0.00173398944316428,0.00343974772558601,2948.568115234375,2934.538330078125,2943.45975944756,ensemble
ETH,phase1,lstm,phase1_lstm,2025-12-29,2025-12-30,0.0124887158133864,-0.0017070325789973,0.0034311889005348597,2934.538330078125,2971.416748046875,2929.533250676548,ensemble
ETH,phase1,lstm,phase1_lstm,2025-12-30,2025-12-31,-0.0014748454494985,-0.00171206863597034,0.0034561239727752893,2971.416748046875,2967.03759765625,2966.3338310211348,ensemble
ETH,phase1,lstm,phase1_lstm,2025-12-31,2026-01-01,0.011179695896671,-0.0017303873784839802,0.0035095670862938413,2967.03759765625,3000.394287109375,2961.907912696792,ensemble
ETH,phase1,lstm,phase1_lstm,2026-01-01,2026-01-02,0.040505791423565,-0.00174422340933232,0.003534211505389735,3000.394287109375,3124.422607421875,2995.1654905768664,ensemble
ETH,phase1,lstm,phase1_lstm,2026-01-02,2026-01-03,0.0004783333560596,-0.0017639495665207402,0.0035619899502529586,3124.422607421875,3125.91748046875,3118.9161415097537,ensemble
ETH,phase1,lstm,phase1_lstm,2026-01-03,2026-01-04,0.0047211981925699,-0.00175689419265836,0.0035614985793095194,3125.91748046875,3140.71044921875,3120.4303957256498,ensemble
ETH,phase1,lstm,phase1_lstm,2026-01-04,2026-01-05,0.0268343594600314,-0.00171907595358788,0.0035545548907723245,3140.71044921875,3226.13037109375,3135.31596749871,ensemble
ETH,phase1,lstm,phase1_lstm,2026-01-05,2026-01-06,0.0214100727655341,-0.0017386870924383402,0.0035967204619413544,3226.13037109375,3295.94677734375,3220.526013383059,ensemble
ETH,phase1,lstm,phase1_lstm,2026-01-06,2026-01-07,-0.0399579577460706,-0.0017750315368175403,0.0036319283823250774,3295.94677734375,3166.843994140625,3290.1015571301314,ensemble
ETH,phase1,lstm,phase1_lstm,2026-01-07,2026-01-08,-0.0199206616781398,-0.00182545869611202,0.003671175195105672,3166.843994140625,3104.382568359375,3161.068324459369,ensemble
ETH,phase1,lstm,phase1_lstm,2026-01-08,2026-01-09,-0.0068964125191375,-0.00187575989402832,0.0037047454924364915,3104.382568359375,3083.047119140625,3098.5649499753094,ensemble
ETH,phase1,lstm,phase1_lstm,2026-01-09,2026-01-10,-0.0002112169513613,-0.0019192436244338603,0.003722987513323882,3083.047119140625,3082.39599609375,3077.135675178518,ensemble
ETH,phase1,lstm,phase1_lstm,2026-01-10,2026-01-11,0.0117684321917196,-0.0019183166325092201,0.0036950211978856555,3082.39599609375,3118.88525390625,3076.4886524757767,ensemble
ETH,phase1,lstm,phase1_lstm,2026-01-11,2026-01-12,-0.0085523492401958,-0.0018838329124264397,0.0036606215863891314,3118.88525390625,3092.3251953125,3113.0153259325616,ensemble
ETH,phase1,lstm,phase1_lstm,2026-01-12,2026-01-13,0.0716724478508033,-0.0018951434525661,0.003671579169314371,3092.3251953125,3322.095458984375,3086.4703451082546,ensemble
ETH,phase1,lstm,phase1_lstm,2026-01-13,2026-01-14,0.0097733550354151,-0.0019348227302543601,0.0036963473779047782,3322.095458984375,3354.72265625,3315.674007366779,ensemble
ETH,phase1,lstm,phase1_lstm,2026-01-14,2026-01-15,-0.0112777965317109,-0.00197476603789256,0.003732806706798043,3354.72265625,3317.101318359375,3348.104400785717,ensemble
ETH,phase1,lstm,phase1_lstm,2026-01-15,2026-01-16,-0.0065388112427793,-0.0020192740834318003,0.0037689131355004082,3317.101318359375,3295.482177734375,3310.4099397724326,ensemble
ETH,phase1,lstm,phase1_lstm,2026-01-16,2026-01-17,0.0040525125455037,-0.00205938852159302,0.0037990685031379845,3295.482177734375,3308.8642578125,3288.7024829733227,ensemble
ETH,phase1,lstm,phase1_lstm,2026-01-17,2026-01-18,-0.0084086840180541,-0.0020608962397091002,0.003780183863901631,3308.8642578125,3281.15771484375,3302.052053939658,ensemble
ETH,phase1,lstm,phase1_lstm,2026-01-18,2026-01-19,-0.0292351847938204,-0.00201800960348918,0.003739235607901383,3281.15771484375,3186.62109375,3274.5429836050134,ensemble
ETH,phase1,lstm,phase1_lstm,2026-01-19,2026-01-20,-0.082047329409018,-0.0019736995571293,0.0037139483740927302,3186.62109375,2935.605712890625,3180.3378637523465,ensemble
ETH,phase1,lstm,phase1_lstm,2026-01-20,2026-01-21,0.0146406740972174,-0.0019825226045213397,0.003708763298334407,2935.605712890625,2978.901123046875,2929.7915734426206,ensemble
ETH,phase1,lstm,phase1_lstm,2026-01-21,2026-01-22,-0.0098736240513318,-0.00201624914770944,0.003723568453244893,2978.901123046875,2949.63330078125,2972.900967133727,ensemble
ETH,phase1,lstm,phase1_lstm,2026-01-22,2026-01-23,0.001227550418774,-0.00205033508827906,0.0037499018451122757,2949.63330078125,2953.25634765625,2943.5917598352858,ensemble
ETH,phase1,lstm,phase1_lstm,2026-01-23,2026-01-24,-0.0015302026847261,-0.0020771201816387396,0.0037651585086727873,2953.25634765625,2948.74072265625,2947.1284456925996,ensemble
ETH,phase1,lstm,phase1_lstm,2026-01-24,2026-01-25,-0.0460954469109645,-0.0020716510131023602,0.0037393930207050186,2948.74072265625,2815.90234375,2942.6382841946993,ensemble
ETH,phase1,lstm,phase1_lstm,2026-01-25,2026-01-26,0.0385097283715548,-0.00203179825330152,0.003690387862538971,2815.90234375,2926.45703125,2810.186806661879,ensemble
ETH,phase1,lstm,phase1_lstm,2026-01-26,2026-01-27,0.0321961750433529,-0.00202379339607432,0.0036592036446710433,2926.45703125,3022.2109375,2920.5404757985752,ensemble
ETH,phase1,lstm,phase1_lstm,2026-01-27,2026-01-28,-0.0051763213071971,-0.00201933974167332,0.0036364826812530842,3022.2109375,3006.607421875,3016.114224585258,ensemble
ETH,phase1,lstm,phase1_lstm,2026-01-28,2026-01-29,-0.0647023664323781,-0.0020302469958551,0.003651036145109778,3006.607421875,2818.232666015625,3000.5094584695657,ensemble
ETH,phase1,lstm,phase1_lstm,2026-01-29,2026-01-30,-0.0419788679682719,-0.00205063318135216,0.0036725893320176534,2818.232666015625,2702.375244140625,2812.459426019758,ensemble
ETH,phase1,lstm,phase1_lstm,2026-01-30,2026-01-31,-0.1000484393792718,-0.00207075496437028,0.0036749246558897115,2702.375244140625,2445.091796875,2696.7850771188505,ensemble
ETH,phase1,lstm,phase1_lstm,2026-01-31,2026-02-01,-0.0751997822029002,-0.00207533655920998,0.0036408030944650857,2445.091796875,2267.96484375,2440.022670369504,ensemble
ETH,phase1,lstm,phase1_lstm,2026-02-01,2026-02-02,0.0331281466529906,-0.00204657787689938,0.0035958457261166727,2267.96484375,2344.356689453125,2263.3280235005027,ensemble
ETH,phase1,lstm,phase1_lstm,2026-02-02,2026-02-03,-0.0511047370755369,-0.00205082736210898,0.003583431241901624,2344.356689453125,2227.558837890625,2339.5537452958883,ensemble
ETH,phase1,lstm,phase1_lstm,2026-02-03,2026-02-04,-0.0384643510086561,-0.0020612039952539,0.0035687018560945105,2227.558837890625,2143.504150390625,2222.9721134256133,ensemble
ETH,phase1,lstm,phase1_lstm,2026-02-04,2026-02-05,-0.1626810863573628,-0.00209236840019002,0.003593661180491095,2143.504150390625,1821.68310546875,2139.0238389063265,ensemble
ETH,phase1,lstm,phase1_lstm,2026-02-05,2026-02-06,0.124587932433777,-0.00211201816564426,0.0036087631928646527,1821.68310546875,2063.386962890625,1817.8397377178567,ensemble
ETH,phase1,lstm,phase1_lstm,2026-02-06,2026-02-07,0.0130780728606268,-0.00214451242936776,0.0035990184895873033,2063.386962890625,2090.54931640625,2058.9667452020212,ensemble
ETH,phase1,lstm,phase1_lstm,2026-02-07,2026-02-08,-0.0008548665199209,-0.0021307983319275,0.003584288085533343,2090.54931640625,2088.762939453125,2086.0995199031404,ensemble
ETH,phase1,lstm,phase1_lstm,2026-02-08,2026-02-09,0.0070627775205607,-0.0020710407407022796,0.003533256342375485,2088.762939453125,2103.567626953125,2084.4415027881732,ensemble
ETH,phase1,lstm,phase1_lstm,2026-02-09,2026-02-10,-0.0407860866012557,-0.0020403280504979198,0.0035128646972515058,2103.567626953125,2019.4974365234373,2099.2800344527723,ensemble
ETH,phase1,lstm,phase1_lstm,2026-02-10,2026-02-11,-0.0398404875978916,-0.00202117507578806,0.003481935061996486,2019.4974365234373,1940.621337890625,2015.4198008350745,ensemble
ETH,phase1,lstm,phase1_lstm,2026-02-11,2026-02-12,0.003251056309532,-0.00203265683958306,0.003507678176932888,1940.621337890625,1946.940673828125,1936.6807269667772,ensemble
ETH,phase1,lstm,phase1_lstm,2026-02-12,2026-02-13,0.0508619107271356,-0.0020517377532087,0.0035478599419227165,1946.940673828125,2048.52734375,1942.9501572909737,ensemble
ETH,phase1,lstm,phase1_lstm,2026-02-13,2026-02-14,0.0181318719779937,-0.00207242519827558,0.0035715121820969805,2048.52734375,2086.009765625,2044.286320183423,ensemble
ETH,phase1,lstm,phase1_lstm,2026-02-14,2026-02-15,-0.0592301606634175,-0.0020611205487512,0.0035665293495385714,2086.009765625,1966.04296875,2081.714675901558,ensemble
ETH,phase1,lstm,phase1_lstm,2026-02-15,2026-02-16,0.0160826230924268,-0.0020307255559600798,0.0035515754455223395,1966.04296875,1997.917724609375,1962.0545261360596,ensemble
ETH,phase1,lstm,phase1_lstm,2026-02-16,2026-02-17,-0.002868787898831,-0.00200411699479444,0.0035178781237355967,1997.917724609375,1992.1943359375,1993.9176733674667,ensemble
ETH,phase1,lstm,phase1_lstm,2026-02-17,2026-02-18,-0.0193714031392413,-0.00199623067164794,0.003497957531820781,1992.1943359375,1953.97412109375,1988.221423244622,ensemble
ETH,phase1,lstm,phase1_lstm,2026-02-18,2026-02-19,-0.0029589012528701,-0.00200059307971968,0.0034889327291444316,1953.97412109375,1948.2010498046875,1950.0689216491355,ensemble
ETH,phase1,lstm,phase1_lstm,2026-02-19,2026-02-20,0.0106307366647911,-0.0020121545647270997,0.0035094482325146326,1948.2010498046875,1969.0223388671875,1944.2849094304765,ensemble
ETH,phase1,lstm,phase1_lstm,2026-02-20,2026-02-21,0.0023916477643178,-0.00202380741247906,0.0035171284276366284,1969.0223388671875,1973.7371826171875,1965.0414465009346,ensemble
ETH,phase1,lstm,phase1_lstm,2026-02-21,2026-02-22,-0.0081043810251791,-0.00200204212451352,0.0034883599613209164,1973.7371826171875,1957.805908203125,1969.7896305361858,ensemble
ETH,phase1,lstm,phase1_lstm,2026-02-22,2026-02-23,-0.0536686969675083,-0.0019435146707110003,0.00344065872310139,1957.805908203125,1855.5028076171875,1954.0045788643438,ensemble
ETH,phase1,lstm,phase1_lstm,2026-02-23,2026-02-24,-0.0013662367634113,-0.0019369575777091002,0.0034535439540198457,1855.5028076171875,1852.969482421875,1851.9122558892889,ensemble
ETH,phase1,lstm,phase1_lstm,2026-02-24,2026-02-25,0.1033052975560529,-0.00194233808433638,0.003445831857954869,1852.969482421875,2054.6279296875,1849.373882293007,ensemble
ETH,phase1,lstm,phase1_lstm,2026-02-25,2026-02-26,-0.013640230652308,-0.0019717939547263,0.0034680808731189844,2054.6279296875,2026.7926025390625,2050.580618299913,ensemble
ETH,phase1,lstm,phase1_lstm,2026-02-26,2026-02-27,-0.0485398835848207,-0.0019976913579739597,0.0035118856400145476,2026.7926025390625,1930.7618408203125,2022.7477380131954,ensemble
ETH,phase1,lstm,phase1_lstm,2026-02-27,2026-02-28,0.0176033024159378,-0.002033744181972,0.003552804494939622,1930.7618408203125,1965.050537109375,1926.839155381172,ensemble
ETH,phase1,lstm,phase1_lstm,2026-02-28,2026-03-01,-0.0133112143616734,-0.0020670162863098,0.0035755508519689973,1965.050537109375,1939.066650390625,1960.9929406494234,ensemble
ETH,phase1,lstm,phase1_lstm,2026-03-01,2026-03-02,0.0444827788226515,-0.00207361885113644,0.003571951305121752,1939.066650390625,2027.2689208984373,1935.049931242327,ensemble
ETH,phase1,lstm,phase1_lstm,2026-03-02,2026-03-03,-0.0221952153909645,-0.0020973445731215,0.0035750901257804073,2027.2689208984373,1982.7689208984373,2023.021495143595,ensemble
ETH,phase1,lstm,phase1_lstm,2026-03-03,2026-03-04,0.0699856488077349,-0.00212318293051792,0.003563166820479954,1982.7689208984373,2126.50537109375,1978.5636056769358,ensemble
ETH,phase1,lstm,phase1_lstm,2026-03-04,2026-03-05,-0.0261560660671297,-0.00216318474849684,0.0035803168909421144,2126.50537109375,2071.60546875,2121.910318872673,ensemble
ETH,phase1,lstm,phase1_lstm,2026-03-05,2026-03-06,-0.0458579463127646,-0.00218126889085396,0.0036008088519185297,2071.60546875,1978.751220703125,2067.091664886564,ensemble
ETH,phase1,lstm,phase1_lstm,2026-03-06,2026-03-07,-0.0047088687763537,-0.0021882184199057604,0.0036078011916429557,1978.751220703125,1969.4554443359373,1974.4260148070423,ensemble
ETH,phase1,lstm,phase1_lstm,2026-03-07,2026-03-08,-0.0168207764579134,-0.00216357741737738,0.0035814418879617136,1969.4554443359373,1936.604736328125,1965.198981266128,ensemble
ETH,phase1,lstm,phase1_lstm,2026-03-08,2026-03-09,0.02867374460359,-0.0021203288226388397,0.0035420226196327276,1936.604736328125,1992.938232421875,1932.5028477007422,ensemble
ETH,phase1,lstm,phase1_lstm,2026-03-09,2026-03-10,0.0219272344781229,-0.00210926296422256,0.0035211947998517704,1992.938232421875,2037.1204833984373,1988.7390317842867,ensemble
ETH,phase1,lstm,phase1_lstm,2026-03-10,2026-03-11,0.0070696510693724,-0.00209416876314208,0.0034850306941032324,2037.1204833984373,2051.5732421875,2032.858873138347,ensemble
ETH,phase1,lstm,phase1_lstm,2026-03-11,2026-03-12,0.0104556138377322,-0.00209927688119932,0.00349096867489376,2051.5732421875,2073.13623046875,2047.270939352535,ensemble
ETH,phase1,lstm,phase1_lstm,2026-03-12,2026-03-13,0.0093273103225432,-0.00211180386831984,0.0035107898575573123,2073.13623046875,2092.5634765625,2068.762792904233,ensemble
ETH,phase1,lstm,phase1_lstm,2026-03-13,2026-03-14,0.0021592233043722,-0.00213934587081892,0.0035320653048227643,2092.5634765625,2097.086669921875,2088.0915447395246,ensemble
ETH,phase1,lstm,phase1_lstm,2026-03-14,2026-03-15,0.0376174725748984,-0.00214795219944788,0.0035362181667612643,2097.086669921875,2177.476318359375,2092.5870621979234,ensemble
ETH,phase1,lstm,phase1_lstm,2026-03-15,2026-03-16,0.0767490852405507,-0.00214041975559666,0.0035276990925261213,2177.476318359375,2351.176025390625,2172.8205894147977,ensemble
ETH,phase1,lstm,phase1_lstm,2026-03-16,2026-03-17,-0.0141878287469072,-0.00214540130691602,0.0035101756231455334,2351.176025390625,2318.053466796875,2346.137216339421,ensemble
ETH,phase1,lstm,phase1_lstm,2026-03-17,2026-03-18,-0.0506029181915626,-0.00214419738622382,0.0034927105209010038,2318.053466796875,2203.671630859375,2313.0884275266194,ensemble
ETH,phase1,lstm,phase1_lstm,2026-03-18,2026-03-19,-0.0305236071486406,-0.0021549999597482,0.003478834931207602,2203.671630859375,2137.423828125,2198.927831862758,ensemble
ETH,phase1,lstm,phase1_lstm,2026-03-19,2026-03-20,0.0042359585854312,-0.0021688982262276,0.0034808693976203565,2137.423828125,2146.4970703125,2132.792997091422,ensemble
ETH,phase1,lstm,phase1_lstm,2026-03-20,2026-03-21,-0.0330619920061079,-0.00217750893207266,0.0034774096287640242,2146.4970703125,2076.68994140625,2141.828138933946,ensemble
ETH,phase1,lstm,phase1_lstm,2026-03-21,2026-03-22,-0.0114495680945266,-0.00214758064830676,0.0034439982047266417,2076.68994140625,2053.04833984375,2072.234867802753,ensemble
ETH,phase1,lstm,phase1_lstm,2026-03-22,2026-03-23,0.0471397983356827,-0.00209538083290682,0.0033895356486445725,2053.04833984375,2152.14599609375,2048.7509256354515,ensemble
ETH,phase1,lstm,phase1_lstm,2026-03-23,2026-03-24,0.0016520306586044,-0.00207261402392762,0.0033347181083851042,2152.14599609375,2155.704345703125,2147.690047446663,ensemble
ETH,phase1,lstm,phase1_lstm,2026-03-24,2026-03-25,0.0056974805873912,-0.0020621786941774,0.0032710602258281584,2155.704345703125,2168.021484375,2151.2634786349586,ensemble
ETH,phase1,lstm,phase1_lstm,2026-03-25,2026-03-26,-0.051313706617151,-0.0020598961622454197,0.003290504054391149,2168.021484375,2059.578369140625,2163.5601817272777,ensemble
ETH,phase1,lstm,phase1_lstm,2026-03-26,2026-03-27,-0.0337276698924535,-0.00206715230597182,0.0033046626850125236,2059.578369140625,1991.27197265625,2055.325304346362,ensemble
ETH,phase1,lstm,phase1_lstm,2026-03-27,2026-03-28,0.0007141663784116,-0.00208693250315264,0.003321967413987494,1991.27197265625,1992.694580078125,1987.1206557197013,ensemble
ETH,phase1,lstm,phase1_lstm,2026-03-28,2026-03-29,-0.005098999439741,-0.00208346325671298,0.0033120356128750234,1992.694580078125,1982.5596923828125,1988.5471960999996,ensemble
ETH,phase1,lstm,phase1_lstm,2026-03-29,2026-03-30,0.0204472613935491,-0.00205153572605922,0.0032862344665106494,1982.5596923828125,2023.514892578125,1978.4965695907,ensemble
ETH,phase1,lstm,phase1_lstm,2026-03-30,2026-03-31,0.039340814763852,-0.00204398651840162,0.0032870015619125,2023.514892578125,2104.708251953125,2019.3830795415006,ensemble
ETH,phase1,lstm,phase1_lstm,2026-03-31,2026-04-01,0.0160386363168273,-0.00204761755885554,0.003288686579862788,2104.708251953125,2138.737060546875,2100.403023614952,ensemble
ETH,phase1,lstm,phase1_lstm,2026-04-01,2026-04-02,-0.0390385754759657,-0.00206086098914966,0.0033165498495318297,2138.737060546875,2056.8525390625,2134.3339594208014,ensemble
ETH,phase1,lstm,phase1_lstm,2026-04-02,2026-04-03,-0.0016871461717564,-0.0020772803225554597,0.003342958388594209,2056.8525390625,2053.38525390625,2052.584314441032,ensemble
ETH,phase1,lstm,phase1_lstm,2026-04-03,2026-04-04,0.005810685555501,-0.00208572802366688,0.0033503904697830553,2053.38525390625,2065.3515625,2049.1069140164864,ensemble
ETH,phase1,lstm,phase1_lstm,2026-04-04,2026-04-05,0.0209113576842589,-0.0020752886426635,0.0033375218865404517,2065.3515625,2108.99560546875,2061.069806335936,ensemble
ETH,phase1,lstm,phase1_lstm,2026-04-05,2026-04-06,-0.0005853459761497,-0.0020242126774974003,0.00328553325865826,2108.99560546875,2107.761474609375,2104.730867651759,ensemble
ETH,phase1,lstm,phase1_lstm,2026-04-06,2026-04-07,0.0616556049703287,-0.0019953471724875197,0.0032747653636276126,2107.761474609375,2241.806640625,2103.55995185301,ensemble
ETH,phase1,lstm,phase1_lstm,2026-04-07,2026-04-08,-0.0232273715270305,-0.00198273899732156,0.003281833620951384,2241.806640625,2190.33544921875,2237.366126818856,ensemble
ETH,phase1,lstm,phase1_lstm,2026-04-08,2026-04-09,-0.0005440857898826,-0.00198820262448862,0.0033135866899822947,2190.33544921875,2189.14404296875,2185.984944805359,ensemble
ETH,phase1,lstm,phase1_lstm,2026-04-09,2026-04-10,0.0252611274355671,-0.00200581207172944,0.0033514886380923495,2189.14404296875,2245.148681640625,2184.75743224969,ensemble
ETH,phase1,lstm,phase1_lstm,2026-04-10,2026-04-11,0.0177650010386669,-0.00202619136543944,0.003378826086932633,2245.148681640625,2285.39013671875,2240.604186331102,ensemble
ETH,phase1,lstm,phase1_lstm,2026-04-11,2026-04-12,-0.0416306075771206,-0.0020198639598675,0.003369954426875495,2285.39013671875,2192.201171875,2280.778618435005,ensemble
ETH,phase1,lstm,phase1_lstm,2026-04-12,2026-04-13,0.0782853911386856,-0.00198566984618084,0.00335594895843308,2192.201171875,2370.71484375,2187.8525030503815,ensemble
ETH,phase1,lstm,phase1_lstm,2026-04-13,2026-04-14,-0.0201992437703363,-0.00198299292242152,0.003365085997611086,2370.71484375,2323.30859375,2366.0183910489704,ensemble
ETH,phase1,lstm,phase1_lstm,2026-04-14,2026-04-15,0.0154307484890148,-0.0019911656272597602,0.003388213587511641,2323.30859375,2359.43701171875,2318.687104139155,ensemble
ETH,phase1,lstm,phase1_lstm,2026-04-15,2026-04-16,-0.0045844617903412,-0.00200951324077322,0.0034226305905548974,2359.43701171875,2348.64501953125,2354.7004524860863,ensemble
ETH,phase1,lstm,phase1_lstm,2026-04-16,2026-04-17,0.0303717508925751,-0.0020278760115616,0.003456670364751103,2348.64501953125,2421.07177734375,2343.887084518105,ensemble
ETH,phase1,lstm,phase1_lstm,2026-04-17,2026-04-18,-0.0293267723614628,-0.00204632697859778,0.0034760378058670627,2421.07177734375,2351.1005859375,2416.1225384562385,ensemble
ETH,phase1,lstm,phase1_lstm,2026-04-18,2026-04-19,-0.0373454427406088,-0.0020416642888449197,0.0034705334500425887,2351.1005859375,2264.9169921875,2346.305324654279,ensemble
ETH,phase1,lstm,phase1_lstm,2026-04-19,2026-04-20,0.0219633235792397,-0.00200766274938358,0.0034432817857691124,2264.9169921875,2315.21240234375,2260.3743642701006,ensemble
ETH,phase1,lstm,phase1_lstm,2026-04-20,2026-04-21,0.0054954065471357,-0.00200122528476638,0.00344042693210029,2315.21240234375,2327.970458984375,2310.5837737536262,ensemble
ETH,phase1,lstm,phase1_lstm,2026-04-21,2026-04-22,0.0204586542200399,-0.00199621227802708,0.003418999324650973,2327.970458984375,2376.088134765625,2323.327971008655,ensemble
ETH,phase1,lstm,phase1_lstm,2026-04-22,2026-04-23,-0.0189376886242059,-0.0020092758932150805,0.003437184697968422,2376.088134765625,2331.513916015625,2371.3187113046674,ensemble
ETH,phase1,lstm,phase1_lstm,2026-04-23,2026-04-24,-0.0068100265350662,-0.0020270185661502,0.0034600666452213255,2331.513916015625,2315.690185546875,2326.792680653044,ensemble
ETH,phase1,lstm,phase1_lstm,2026-04-24,2026-04-25,0.0013545812633985,-0.0020477789104916,0.003472813466672682,2315.690185546875,2318.8291015625,2310.9530160150143,ensemble
ETH,phase1,lstm,phase1_lstm,2026-04-25,2026-04-26,0.021713243592728,-0.00204290064284576,0.0034557900966777112,2318.8291015625,2369.72900390625,2314.096799557505,ensemble
ETH,phase1,lstm,phase1_lstm,2026-04-26,2026-04-27,-0.0285352092391055,-0.0020178143284283597,0.00342219187984397,2369.72900390625,2303.06396484375,2364.952151788775,ensemble
ETH,phase1,lstm,phase1_lstm,2026-04-27,2026-04-28,-0.0059420254123551,-0.0020135628175921598,0.0034131234781395645,2303.06396484375,2289.419677734375,2298.4312665573593,ensemble
ETH,phase1,lstm,phase1_lstm,2026-04-28,2026-04-29,-0.0158511839185899,-0.00201298141619188,0.0033972179384015016,2289.419677734375,2253.415771484375,2284.8157538304895,ensemble
ETH,phase1,lstm,phase1_lstm,2026-04-29,2026-04-30,0.0012574984349416,-0.00203567302087322,0.003424346526812658,2253.415771484375,2256.251220703125,2248.8332196646015,ensemble
ETH,phase1,lstm,phase1_lstm,2026-04-30,2026-05-01,0.0170690082206223,-0.00206330582732334,0.0034490111814092232,2256.251220703125,2295.09375,2251.600683801355,ensemble
ETH,phase1,lstm,phase1_lstm,2026-05-01,2026-05-02,0.0091680063840355,-0.0020910206600092203,0.0034761435948287207,2295.09375,2316.23193359375,2290.2996755532367,ensemble
ETH,phase1,lstm,phase1_lstm,2026-05-02,2026-05-03,0.0023302997915724,-0.0020834962022490597,0.0034624420524883765,2316.23193359375,2321.6357421875,2311.4110969978688,ensemble
ETH,phase1,lstm,phase1_lstm,2026-05-03,2026-05-04,0.0106089499454062,-0.0020477836835198,0.003423303104246796,2321.6357421875,2346.39697265625,2316.8863988691146,ensemble
ETH,phase1,lstm,phase1_lstm,2026-05-04,2026-05-05,0.0062816540296977,-0.00203917977632954,0.003418205687777785,2346.39697265625,2361.1826171875,2341.6171225455278,ensemble
ETH,phase1,lstm,phase1_lstm,2026-05-05,2026-05-06,-0.0044060551410634,-0.00202994724968446,0.0033733582938728942,2361.1826171875,2350.802001953125,2356.3944025834976,ensemble
ETH,phase1,lstm,phase1_lstm,2026-05-06,2026-05-07,-0.0257211497884926,-0.00204000965459272,0.0033939912414386935,2350.802001953125,2291.107666015625,2346.011231443606,ensemble
ETH,phase1,lstm,phase1_lstm,2026-05-07,2026-05-08,0.0069005173801773,-0.00206149000441652,0.0034226692527367466,2291.107666015625,2306.97216796875,2286.3894354266286,ensemble
ETH,phase1,lstm,phase1_lstm,2026-05-08,2026-05-09,0.0085267708032934,-0.00208843258442356,0.0034455504291249534,2306.97216796875,2326.727294921875,2302.159239609331,ensemble
ETH,phase1,lstm,phase1_lstm,2026-05-09,2026-05-10,0.0180237894016022,-0.00208938339492306,0.003441587785196901,2326.727294921875,2369.0439453125,2321.8709447028136,ensemble
ETH,phase1,lstm,phase1_lstm,2026-05-10,2026-05-11,-0.0126087284649131,-0.0020553810172714,0.003401163013403905,2369.0439453125,2339.36083984375,2364.17965805254,ensemble
ETH,phase1,lstm,phase1_lstm,2026-05-11,2026-05-12,-0.0280543858235066,-0.00204287680098788,0.003385507749971465,2339.36083984375,2274.6435546875,2334.586692013165,ensemble
ETH,phase1,lstm,phase1_lstm,2026-05-12,2026-05-13,-0.0075315052922758,-0.00203601930988952,0.003365028123339104,2274.6435546875,2257.576416015625,2270.0170479138214,ensemble
ETH,phase1,lstm,phase1_lstm,2026-05-13,2026-05-14,0.010293509698889,-0.00204848978901282,0.003376531454879526,2257.576416015625,2280.934814453125,2252.956527292479,ensemble
ETH,phase1,lstm,phase1_lstm,2026-05-14,2026-05-15,-0.025579807171991,-0.00206794805126264,0.0033969363865930624,2280.934814453125,2223.328857421875,2276.222833493637,ensemble
ETH,phase1,lstm,phase1_lstm,2026-05-15,2026-05-16,-0.0197944707467758,-0.00209441262995822,0.0034191162659713355,2223.328857421875,2179.751953125,2218.67716236719,ensemble
ETH,phase1,lstm,phase1_lstm,2026-05-16,2026-05-17,-0.024195229175847,-0.00209518055198712,0.003410359977703195,2179.751953125,2127.645263671875,2175.1897602025183,ensemble
ETH,phase1,lstm,phase1_lstm,2026-05-17,2026-05-18,0.0004092183281597,-0.00207505504367874,0.003375846847778712,2127.645263671875,2128.51611328125,2123.234860133932,ensemble
ETH,phase1,lstm,phase1_lstm,2026-05-18,2026-05-19,-0.0087542537236926,-0.0020701034343801397,0.0033593631086122943,2128.51611328125,2109.9638671875,2124.114422314697,ensemble
ETH,phase1,lstm,phase1_lstm,2026-05-19,2026-05-20,0.0080339082480059,-0.00206748620839792,0.003329388280863703,2109.9638671875,2126.9833984375,2105.6060524051422,ensemble
ETH,phase1,lstm,phase1_lstm,2026-05-20,2026-05-21,0.0020793039085529,-0.00207501152763142,0.0033356363140825086,2126.9833984375,2131.41064453125,2122.5744592484366,ensemble
ETH,phase1,lstm,phase1_lstm,2026-05-21,2026-05-22,-0.0318296288802969,-0.00208433183142914,0.003342199623552717,2131.41064453125,2064.636962890625,2126.9727041558986,ensemble
ETH,phase1,lstm,phase1_lstm,2026-05-22,2026-05-23,0.0245501473754652,-0.0020912057603709204,0.003341778357621988,2064.636962890625,2115.951416015625,2060.323893510325,ensemble
ETH,phase1,lstm,phase1_lstm,2026-05-23,2026-05-24,-0.0085229526741993,-0.00207027109572664,0.0033105865420588816,2115.951416015625,2097.993896484375,2111.5753543390783,ensemble
ETH,phase1,lstm,phase1_lstm,2026-05-24,2026-05-25,0.0063555962617687,-0.00199672236340118,0.0032470374377299425,2097.993896484375,2111.370361328125,2093.8089646169187,ensemble
ETH,phase1,lstm,phase1_lstm,2026-05-25,2026-05-26,-0.0193741083637812,-0.00192257835296914,0.0032081776032561117,2111.370361328125,2070.858154296875,2107.3149860138906,ensemble
ETH,phase1,lstm,phase1_lstm,2026-05-26,2026-05-27,-0.0237779302438843,-0.0018883299897424599,0.0032360338281758405,2070.858154296875,2022.1982421875,2066.9513805395327,ensemble
ETH,phase1,lstm,phase1_lstm,2026-05-27,2026-05-28,-0.0072687232435778,-0.00188803054625168,0.003292291868191463,2022.1982421875,2007.552734375,2018.3838720923782,ensemble
ETH,phase1,lstm,phase1_lstm,2026-05-28,2026-05-29,0.0022021388879798,-0.00190496346913276,0.0033412393909536616,2007.552734375,2011.978515625,2003.7320600315832,ensemble
ETH,phase1,lstm,phase1_lstm,2026-05-29,2026-05-30,0.0037107092790728,-0.0019400360994041,0.003390175311600595,2011.978515625,2019.458251953125,2008.078988508218,ensemble
ETH,phase1,lstm,phase1_lstm,2026-05-30,2026-05-31,-0.0075136791444324,-0.0019523420603945803,0.003407871353304045,2019.458251953125,2004.341552734375,2015.519424888615,ensemble
ETH,phase1,lstm,phase1_lstm,2026-05-31,2026-06-01,-0.0005591235515652,-0.0019092447008006198,0.0033722903709289113,2004.341552734375,2003.22119140625,2000.5184250507011,ensemble
ETH,phase1,lstm,phase1_lstm,2026-06-01,2026-06-02,-0.0754085383512764,-0.0019140015006996597,0.0033979485625818414,2003.22119140625,1857.71630859375,1999.390690001772,ensemble
ETH,phase1,lstm,phase1_lstm,2026-06-02,2026-06-03,-0.0250644830015835,-0.0019276122795417801,0.003411776772931768,1857.71630859375,1811.7322998046875,1854.1388009569673,ensemble
ETH,phase1,lstm,phase1_lstm,2026-06-03,2026-06-04,-0.0235409089196176,-0.0019700066535733598,0.003453417092593515,1811.7322998046875,1769.58056640625,1808.1666884118188,ensemble
ETH,phase1,lstm,phase1_lstm,2026-06-04,2026-06-05,-0.1127730163581579,-0.00200992858735842,0.0034894081478493272,1769.58056640625,1580.86083984375,1766.0274078318678,ensemble
ETH,phase1,lstm,phase1_lstm,2026-06-05,2026-06-06,-0.0076791271868011,-0.00204826459521426,0.0035252397295329765,1580.86083984375,1568.7677001953125,1577.626132454752,ensemble
ETH,phase1,lstm,phase1_lstm,2026-06-06,2026-06-07,0.0723034430725498,-0.0020653508719988,0.003519650504294201,1568.7677001953125,1686.396240234375,1565.5309880814073,ensemble
ETH,phase1,lstm,phase1_lstm,2026-06-07,2026-06-08,0.0022225802428663,-0.00205829272745176,0.003488348155432913,1686.396240234375,1690.1485595703125,1682.9287129348115,ensemble
ETH,phase1,lstm,phase1_lstm,2026-06-08,2026-06-09,-0.0315195419215522,-0.0020617399481125003,0.0034955146081273375,1690.1485595703125,1637.7066650390625,1686.667502517094,ensemble
ETH,phase1,lstm,phase1_lstm,2026-06-09,2026-06-10,-0.0107857454824715,-0.0020582973374985,0.0034927803669320976,1637.7066650390625,1620.1376953125,1634.3392445360012,ensemble
ETH,phase1,lstm,phase1_lstm,2026-06-10,2026-06-11,0.0316772045187946,-0.00206813124241306,0.003517467297571936,1620.1376953125,1672.2806396484375,1616.790500340104,ensemble
ETH,phase1,lstm,phase1_lstm,2026-06-11,2026-06-12,-0.0042864654394683,-0.00208298336947336,0.0035318572204925806,1672.2806396484375,1665.1278076171875,1668.8009322314495,ensemble
ETH,phase1,lstm,phase1_lstm,2026-06-12,2026-06-13,0.0090196413020536,-0.0020946080680005396,0.003551153645355334,1665.1278076171875,1680.214599609375,1661.6436677047404,ensemble
ETH,phase1,lstm,phase1_lstm,2026-06-13,2026-06-14,0.0260813174474448,-0.00207237194990742,0.0035339148634647728,1680.214599609375,1724.61328125,1676.736175542459,ensemble
ETH,phase1,lstm,phase1_lstm,2026-06-14,2026-06-15,0.0399805553119012,-0.0020222516846843002,0.003489473266118876,1724.61328125,1794.961181640625,1721.1292031652968,ensemble
ETH,phase1,lstm,phase1_lstm,2026-06-15,2026-06-16,-0.002545346375384,-0.0020089910714887003,0.0034994214265534626,1794.961181640625,1790.398193359375,1791.3587405007174,ensemble
ETH,phase1,lstm,phase1_lstm,2026-06-16,2026-06-17,-0.0240312789660825,-0.00201297093881294,0.0035342130157950133,1790.398193359375,1747.885498046875,1786.7977987878087,ensemble
ETH,phase1,lstm,phase1_lstm,2026-06-17,2026-06-18,-0.0221862751067949,-0.00204436971107498,0.003594654144923028,1747.885498046875,1709.533447265625,1744.3158239862767,ensemble
ETH,phase1,lstm,phase1_lstm,2026-06-18,2026-06-19,0.0008472258287815,-0.00208969694795084,0.003648267834896411,1709.533447265625,1710.982421875,1705.964770463616,ensemble
ETH,phase1,lstm,phase1_lstm,2026-06-19,2026-06-20,0.0164158122645686,-0.0021160825970582596,0.00367355961510226,1710.982421875,1739.3013916015625,1707.365669770883,ensemble
ETH,phase1,lstm,phase1_lstm,2026-06-20,2026-06-21,-0.0201644551603129,-0.00207367212278766,0.0036308646779597636,1739.3013916015625,1704.58056640625,1735.6983878080462,ensemble
ETH,phase1,lstm,phase1_lstm,2026-06-21,2026-06-22,0.012783452112487,-0.00200139282969758,0.003574496003449809,1704.58056640625,1726.5108642578125,1701.172442717783,ensemble
ETH,phase1,lstm,phase1_lstm,2026-06-22,2026-06-23,-0.0360151185751902,-0.0019825124531052804,0.0035742015716343782,1726.5108642578125,1665.436767578125,1723.0914256287997,ensemble
ETH,phase1,lstm,phase1_lstm,2026-06-23,2026-06-24,-0.027707605238555,-0.00197201598202808,0.003563208910241457,1665.436767578125,1619.9249267578125,1662.1557358422,ensemble
ETH,phase1,lstm,phase1_lstm,2026-06-24,2026-06-25,-0.0346111458341076,-0.00198523133294656,0.00355984966806053,1619.9249267578125,1564.816650390625,1616.712191103089,ensemble
ETH,phase1,lstm,phase1_lstm,2026-06-25,2026-06-26,0.0075121735497433,-0.0020256913616321795,0.0036055437847750966,1564.816650390625,1576.6160888671875,1561.6500232068913,ensemble
ETH,phase1,lstm,phase1_lstm,2026-06-26,2026-06-27,-0.0031940978117993,-0.0020763720967806798,0.0036528999085104243,1576.6160888671875,1571.5882568359375,1573.3458435109549,ensemble
ETH,phase1,lstm,phase1_lstm,2026-06-27,2026-06-28,-0.0007810761173124,-0.00212028339738024,0.0036890413214358967,1571.5882568359375,1570.3612060546875,1568.2595744694645,ensemble
ETH,phase1,lstm,phase1_lstm,2026-06-28,2026-06-29,0.0250563430147941,-0.0021343278815038396,0.003690230023289197,1570.3612060546875,1610.205810546875,1567.0131145820417,ensemble
ETH,phase1,lstm,phase1_lstm,2026-06-29,2026-06-30,-0.025551475094469,-0.00216102096019312,0.003694895342422681,1610.205810546875,1569.5838623046875,1606.729879173056,ensemble
ETH,phase1,lstm,phase1_lstm,2026-06-30,2026-07-01,0.0247779101060913,-0.0021565200877375597,0.0036298206321468134,1569.5838623046875,1608.960693359375,1566.202670290863,ensemble
ETH,phase1,lstm,phase1_lstm,2026-07-01,2026-07-02,0.0539624286481777,-0.00218014010461046,0.0036370950157255818,1608.960693359375,1698.16943359375,1605.4567545516545,ensemble
ETH,phase1,lstm,phase1_lstm,2026-07-02,2026-07-03,0.0337829584823897,-0.00220193016575648,0.0036464542178502764,1698.16943359375,1756.5186767578125,1694.4342968556325,ensemble
ETH,phase1,lstm,phase1_lstm,2026-07-03,2026-07-04,0.0127361095972148,-0.0021988659980706803,0.003640779816295823,1756.5186767578125,1779.032958984375,1752.6605708479635,ensemble
ETH,phase1,lstm,phase1_lstm,2026-07-04,2026-07-05,0.0022307583802167,-0.00217369861202316,0.003622378856447969,1779.032958984375,1783.0059814453125,1775.1700774018527,ensemble
ETH,phase1,lstm,phase1_lstm,2026-07-05,2026-07-06,0.0081371345293737,-0.0021226629498414798,0.003589553374334182,1783.0059814453125,1797.57373046875,1779.2252747117666,ensemble
ETH,phase1,lstm,phase1_lstm,2026-07-06,2026-07-07,-0.0162996101421938,-0.0021167711704038,0.0035776219502088756,1797.57373046875,1768.511474609375,1793.772702591811,ensemble
ETH,phase1,lstm,phase1_lstm,2026-07-07,2026-07-08,-0.0147154299263924,-0.0021069586393423203,0.0035463356240217235,1768.511474609375,1742.6776123046875,1764.789216777829,ensemble
ETH,phase1,lstm,phase1_lstm,2026-07-08,2026-07-09,0.0010363767887721,-0.00210755978478118,0.0035564725778455294,1742.6776123046875,1744.484619140625,1739.0086826535055,ensemble
ETH,phase1,lstm,phase1_lstm,2026-07-09,2026-07-10,0.0289319871755302,-0.0021129934233613,0.00356619468588314,1744.484619140625,1795.6932373046875,1740.8024262079543,ensemble
ETH,phase1,lstm,phase1_lstm,2026-07-10,2026-07-11,-0.0042377668681416,-0.002111888944637,0.003563370660025387,1795.6932373046875,1788.099609375,1791.904934254539,ensemble
ETH,phase1,lstm,phase1_lstm,2026-07-11,2026-07-12,0.0098437240641505,-0.00206835636636242,0.003515699079441076,1788.099609375,1805.7880859375,1784.4050043613163,ensemble
ETH,phase1,lstm,phase1_lstm,2026-07-12,2026-07-13,-0.0180417009925125,-0.00200753192184492,0.0034646361779194865,1805.7880859375,1773.500732421875,1802.166545106595,ensemble
ETH,phase1,lstm,phase1_lstm,2026-07-13,2026-07-14,0.0633461757860125,-0.0019867909722961403,0.0034595411363639475,1773.500732421875,1889.4798583984373,1769.9806551641086,ensemble
ETH,phase1,lstm,phase1_lstm,2026-07-14,2026-07-15,0.0144305241755588,-0.0019826801144517798,0.003425761440595583,1889.4798583984373,1916.9437255859373,1885.7373355952977,ensemble
ETH,phase1,lstm,phase1_lstm,2026-07-15,2026-07-16,-0.0284402326891384,-0.00199565872317178,0.0034575028768286165,1916.9437255859373,1863.193359375,1913.1219748416402,ensemble
ETH,phase1,lstm,phase1_lstm,2026-07-16,2026-07-17,-0.011989404987594,-0.00201767230173572,0.0035010780686720536,1863.193359375,1840.9881591796875,1859.4378357230983,ensemble
ETH,phase1,lstm,phase1_lstm,2026-07-17,2026-07-18,0.0110221726895365,-0.00204545048763976,0.0035358457232010834,1840.9881591796875,1861.39208984375,1837.2263576527116,ensemble
ETH,phase1,lstm,phase1_lstm,2026-07-18,2026-07-19,0.0054201709795738,-0.00205126717919482,0.0035294057315937307,1861.39208984375,1871.508544921875,1857.5777907529603,ensemble
ETH,phase1,lstm,phase1_lstm,2026-07-19,2026-07-20,0.0170854918812539,-0.00203051237622278,0.0035016403261128163,1871.508544921875,1903.7589111328125,1867.7122791458528,ensemble
ETH,phase1,lstm,phase1_lstm,2026-07-20,2026-07-21,0.0128519310477648,-0.00201463151024652,0.0034430138500481217,1903.7589111328125,1928.3837890625,1899.927399280712,ensemble
ETH,phase1,lstm,phase1_lstm,2026-07-21,2026-07-22,0.0026444810723667,-0.0019955188152380203,0.0033723813666548773,1928.3837890625,1933.4901123046875,1924.5394998798172,ensemble
ETH,phase1,lstm,phase1_lstm,2026-07-22,2026-07-23,-0.0295985684211487,-0.00201262562768532,0.003385558860696045,1933.4901123046875,1877.1002197265625,1929.6026338853721,ensemble
ETH,phase1,lstm,phase1_lstm,2026-07-23,2026-07-24,-0.0090566354547485,-0.0020342573639937,0.0034047478307505474,1877.1002197265625,1860.1767578125,1873.2855960602453,ensemble
ETH,phase1,lstm,phase1_lstm,2026-07-24,2026-07-25,0.0069886485747689,-0.0020643151947297,0.003423290418398443,1860.1767578125,1873.222412109375,1856.3407274166186,ensemble
ETH,phase1,lstm,phase1_lstm,2026-07-25,2026-07-26,0.0419170428366946,-0.0020957098226062803,0.003440253147159283,1873.222412109375,1953.4112548828125,1869.3007922243605,ensemble
ETH,phase1,lstm,phase1_lstm,2026-07-26,2026-07-27,-0.0326758126996198,-0.00212219977984202,0.003454050832450673,1953.4112548828125,1890.613525390625,1949.270121657981,ensemble
ETH,phase1,lstm,phase1_lstm,2026-07-27,2026-07-28,0.015396962638548,-0.00215669194003568,0.0034691734416562397,1890.613525390625,1919.948486328125,1886.5404482038277,ensemble
ETH,phase1,lstm,phase1_lstm,2026-07-28,2026-07-29,-0.0059707845121414,-0.0021815147367306,0.0034708102929219345,1919.948486328125,1908.51904296875,1915.7646556148547,ensemble
ETH,phase1,lstm,phase1_lstm,2026-07-29,2026-07-30,0.0046284096447549,-0.00220737495692446,0.003488263291397489,1908.51904296875,1917.3729248046875,1904.3108720427397,ensemble
ETH,phase1,lstm,phase1_lstm,2026-07-30,2026-07-31,-0.0301935171908472,-0.00222698912257328,0.0034890957426813784,1917.3729248046875,1860.345947265625,1913.10770721659,ensemble
ETH,phase1,lstm,phase1_lstm,2026-07-31,2026-08-01,-0.0091411558801774,-0.00223509263014418,0.00349005307284849,1860.345947265625,1843.417724609375,1856.1925450977355,ensemble
ETH,phase1,lstm,phase1_lstm,2026-08-01,2026-08-02,0.0209910449816346,-0.00222255751723422,0.003467843519929188,1843.417724609375,1882.52197265625,1839.3251723392339,ensemble
ETH,phase1,lstm,phase1_lstm,2026-08-02,2026-08-03,-0.0129736864450064,-0.00215998074272646,0.0033982392974344893,1882.52197265625,1858.2564697265625,1878.4601497563835,ensemble
ETH,phase1,lstm,phase1_lstm,2026-08-03,2026-08-04,0.0054362176829138,-0.0021227225777693,0.0033658718920994523,1858.2564697265625,1868.3858642578125,1854.3160904086558,ensemble
ETH,phase1,lstm,phase1_lstm,2026-08-04,2026-08-05,0.0202078543669882,-0.00209187999134882,0.0033407299665503404,1868.3858642578125,1906.5260009765625,1864.4815103958892,ensemble
ETH,phase1,lstm,phase1_lstm,2026-08-05,2026-08-06,-0.0023465458558861,-0.00208647748222572,0.0033529904194899997,1906.5260009765625,1902.0574951171875,1902.5522244454887,ensemble
ETH,phase1,lstm,phase1_lstm,2026-08-06,2026-08-07,0.0058825505802162,-0.0020913421991281197,0.003368395144139655,1902.0574951171875,1913.2794189453125,1898.0837986403621,ensemble
ETH,phase1,lstm,phase1_lstm,2026-08-07,2026-08-08,0.0011771484611133,-0.0020988364587538,0.0033807373989267284,1913.2794189453125,1915.532958984375,1909.2679695057893,ensemble
ETH,phase1,lstm,phase1_lstm,2026-08-08,2026-08-09,-0.003582552655913,-0.0021021725726314,0.0033803868188273076,1915.532958984375,1908.6827392578125,1911.510407665901,ensemble
ETH,phase1,lstm,phase1_lstm,2026-08-09,2026-08-10,-0.0197913520463313,-0.00206556780030946,0.003331452258627893,1908.6827392578125,1871.2786865234373,1904.74429461312,ensemble
ETH,phase1,lstm,phase1_lstm,2026-08-10,2026-08-11,0.0053801271136948,-0.0020438785315491,0.003284185871589832,1871.2786865234373,1881.37353515625,1867.4579261046865,ensemble
ETH,phase1,lstm,phase1_lstm,2026-08-11,2026-08-12,-0.0017228455012013,-0.00201879133237526,0.003215573273553827,1881.37353515625,1878.135009765625,1877.5792657782174,ensemble
ETH,phase1,lstm,phase1_lstm,2026-08-12,2026-08-13,0.0031133074431306,-0.0020229300367645797,0.0032261135915519286,1878.135009765625,1883.9913330078125,1874.3395143464566,ensemble
ETH,phase1,lstm,phase1_lstm,2026-08-13,2026-08-14,-0.0017751010807604,-0.0020375600433908,0.0032456278799175317,1883.9913330078125,1880.6500244140625,1880.1564957279306,ensemble
ETH,phase1,lstm,phase1_lstm,2026-08-14,2026-08-15,0.0001373371127861,-0.00205014444654806,0.003255443565871543,1880.6500244140625,1880.9083251953125,1876.798369783856,ensemble
ETH,phase1,lstm,phase1_lstm,2026-08-15,2026-08-16,-0.003710048377518,-0.0020411638659425,0.0032404788153386236,1880.9083251953125,1873.9429931640625,1877.072998683328,ensemble
ETH,phase1,lstm,phase1_lstm,2026-08-16,2026-08-17,0.0202107717270595,-0.00200213679345324,0.0032161488229789734,1873.9429931640625,1912.2021484375,1870.1948563419842,ensemble
ETH,phase1,lstm,phase1_lstm,2026-08-17,2026-08-18,0.0022239875598747,-0.0019686450832523397,0.003205741121367695,1912.2021484375,1916.4595947265625,1908.441404079822,ensemble
ETH,phase1,lstm,phase1_lstm,2026-08-18,2026-08-19,0.1610984870542504,-0.0019465456833131598,0.003191964075178014,1916.4595947265625,2251.4580078125,1912.7327469916534,ensemble
ETH,phase1,lstm,phase1_lstm,2026-08-19,2026-08-20,0.0327374500344778,-0.0019644683576189,0.003210006429948484,2251.4580078125,2326.384765625,2247.039431295512,ensemble
ETH,phase1,lstm,phase1_lstm,2026-08-20,2026-08-21,0.0780693605915992,-0.00196964248316362,0.0032473148293726503,2326.384765625,2515.28173828125,2321.8071289921413,ensemble
ETH,phase1,lstm,phase1_lstm,2026-08-21,2026-08-22,-0.0368621187101773,-0.00198645727941766,0.003286932640512743,2515.28173828125,2424.251220703125,2510.2901979446633,ensemble
ETH,phase1,lstm,phase1_lstm,2026-08-22,2026-08-23,0.0161886325230095,-0.00197025750530884,0.003306152916129431,2424.251220703125,2463.81591796875,2419.4795238201887,ensemble
ETH,phase1,lstm,phase1_lstm,2026-08-23,2026-08-24,0.0072853803568115,-0.00193426139885556,0.0033043572321372746,2463.81591796875,2481.831298828125,2459.0548599944714,ensemble
ETH,phase1,lstm,phase1_lstm,2026-08-24,2026-08-25,-0.0157046670742771,-0.0019219848909415402,0.0033365737546553705,2481.831298828125,2443.159423828125,2477.06583760912,ensemble
ETH,phase1,lstm,phase1_lstm,2026-08-25,2026-08-26,0.0254999480890524,-0.00191518721403552,0.003359912634329197,2443.159423828125,2506.260986328125,2438.4847939622896,ensemble
ETH,phase1,lstm,phase1_lstm,2026-08-26,2026-08-27,0.0016541530230063,-0.00187630355358126,0.0033395851358573323,2506.260986328125,2510.41015625,2501.5628888400915,ensemble
ETH,phase1,lstm,phase1_lstm,2026-08-27,2026-08-28,-0.0274093504142575,-0.0018011524807661397,0.0033085833076833323,2510.41015625,2442.535888671875,2505.892594399501,ensemble
ETH,phase1,lstm,phase1_lstm,2026-08-28,2026-08-29,0.0061835722465449,-0.0017196709522977402,0.0032892066280621524,2442.535888671875,2457.686279296875,2438.3391402016427,ensemble
ETH,phase1,lstm,phase1_lstm,2026-08-29,2026-08-30,-0.0163049615873888,-0.0016107121715322002,0.003254446983985556,2457.686279296875,2417.938720703125,2453.730840484887,ensemble
ETH,phase1,lstm,phase1_lstm,2026-08-30,2026-08-31,0.0200145895501371,-0.00152359318453816,0.0032599370523661276,2417.938720703125,2466.8203125,2414.257570747222,ensemble
ETH,phase1,xgb,phase1_xgb,2025-10-31,2025-11-01,0.0070215866872251,0.006794488662853799,0.003094696282769059,3847.080322265625,3874.18798828125,3873.3082677382477,ensemble
ETH,phase1,xgb,phase1_xgb,2025-11-01,2025-11-02,0.0094731740475304,0.0161140521988272,0.0017644421890275418,3874.18798828125,3911.063232421875,3937.122559427382,ensemble
ETH,phase1,xgb,phase1_xgb,2025-11-02,2025-11-03,-0.0822344830552394,-0.01001322083175176,0.004694128779526208,3911.063232421875,3602.30810546875,3872.096310369511,ensemble
ETH,phase1,xgb,phase1_xgb,2025-11-03,2025-11-04,-0.0899050101356721,0.014108124468475541,0.005618976298257793,3602.30810546875,3292.574462890625,3653.490108698057,ensemble
ETH,phase1,xgb,phase1_xgb,2025-11-04,2025-11-05,0.0394816688100728,0.00444914610125122,0.00863439308316278,3292.574462890625,3425.171142578125,3307.2562442016206,ensemble
ETH,phase1,xgb,phase1_xgb,2025-11-05,2025-11-06,-0.0335213636698541,0.01854502502828832,0.004146786792242308,3425.171142578125,3312.2578125,3489.2836739491772,ensemble
ETH,phase1,xgb,phase1_xgb,2025-11-06,2025-11-07,0.0364744811598151,0.03035607598721976,0.006760907985615444,3312.2578125,3435.301025390625,3414.346630933902,ensemble
ETH,phase1,xgb,phase1_xgb,2025-11-07,2025-11-08,-0.0102185497413461,0.00127428732230328,0.004481317774470948,3435.301025390625,3400.3759765625,3439.6813762556258,ensemble
ETH,phase1,xgb,phase1_xgb,2025-11-08,2025-11-09,0.0522087429098387,0.008568804454989701,0.007116615303093304,3400.3759765625,3582.621337890625,3429.638326006908,ensemble
ETH,phase1,xgb,phase1_xgb,2025-11-09,2025-11-10,-0.0039606305321747,-0.0011438114364864201,0.0030699764045592852,3582.621337890625,3568.4599609375,3578.5258373184556,ensemble
ETH,phase1,xgb,phase1_xgb,2025-11-10,2025-11-11,-0.0438739864099317,0.006516391574405101,0.0035823317102141854,3568.4599609375,3415.2822265625,3591.789372597637,ensemble
ETH,phase1,xgb,phase1_xgb,2025-11-11,2025-11-12,-0.000640851706814,-0.0018277930561452602,0.006994906870808777,3415.2822265625,3413.09423828125,3409.045498884104,ensemble
ETH,phase1,xgb,phase1_xgb,2025-11-12,2025-11-13,-0.0542839228098472,0.0059456312097608405,0.0025038696632137744,3413.09423828125,3232.757080078125,3433.447684991497,ensemble
ETH,phase1,xgb,phase1_xgb,2025-11-13,2025-11-14,-0.0407128161836017,0.02233687378466124,0.004413379757702723,3232.757080078125,3103.78564453125,3305.779274632788,ensemble
ETH,phase1,xgb,phase1_xgb,2025-11-14,2025-11-15,0.0200458143866448,0.02109396159648888,0.0048550840124078724,3103.78564453125,3166.63134765625,3169.9521835263004,ensemble
ETH,phase1,xgb,phase1_xgb,2025-11-15,2025-11-16,-0.0235761973164414,-0.01290945857763286,0.0017934210218173735,3166.63134765625,3092.847412109375,3126.014585723574,ensemble
ETH,phase1,xgb,phase1_xgb,2025-11-16,2025-11-17,-0.0223335360686421,-0.013066547363996438,0.0046731279690196414,3092.847412109375,3024.538818359375,3052.697456803224,ensemble
ETH,phase1,xgb,phase1_xgb,2025-11-17,2025-11-18,0.0320287321061959,0.0099190700333565,0.004767573719070854,3024.538818359375,3122.97900390625,3054.688712976936,ensemble
ETH,phase1,xgb,phase1_xgb,2025-11-18,2025-11-19,-0.0325142190008236,0.01793493200093502,0.006481121621803467,3122.97900390625,3023.07080078125,3179.494707730462,ensemble
ETH,phase1,xgb,phase1_xgb,2025-11-19,2025-11-20,-0.0653684988267085,0.0124432342126965,0.0030639626096356214,3023.07080078125,2831.777587890625,3060.9225897403194,ensemble
ETH,phase1,xgb,phase1_xgb,2025-11-20,2025-11-21,-0.0236111523857895,0.01876926869153972,0.002438497548042747,2831.777587890625,2765.69921875,2885.4299147128695,ensemble
ETH,phase1,xgb,phase1_xgb,2025-11-21,2025-11-22,0.0006897153274086,0.015774147026240783,0.0032436558608221573,2765.69921875,2767.607421875,2809.6716670103583,ensemble
ETH,phase1,xgb,phase1_xgb,2025-11-22,2025-11-23,0.0122346182602878,0.01079168803989882,0.005250345499038688,2767.607421875,2801.676025390625,2797.6363175949846,ensemble
ETH,phase1,xgb,phase1_xgb,2025-11-23,2025-11-24,0.0525067184643922,-9.431615471840009e-05,0.007066246826993969,2801.676025390625,2952.71337890625,2801.411794541958,ensemble
ETH,phase1,xgb,phase1_xgb,2025-11-24,2025-11-25,0.0017672851723719,0.00791395278647536,0.0037681442063870916,2952.71337890625,2957.936279296875,2976.1737227611343,ensemble
ETH,phase1,xgb,phase1_xgb,2025-11-25,2025-11-26,0.023348428095094,0.00874657509848472,0.010084917721780091,2957.936279296875,3027.81201171875,2983.921566572008,ensemble
ETH,phase1,xgb,phase1_xgb,2025-11-26,2025-11-27,-0.0043922604267135,-0.010281560011207998,0.0028819216496091633,3027.81201171875,3014.542236328125,2996.840869477096,ensemble
ETH,phase1,xgb,phase1_xgb,2025-11-27,2025-11-28,0.005874882913213,0.00620399551116856,0.005727993250752331,3014.542236328125,3032.304443359375,3033.3025771927214,ensemble
ETH,phase1,xgb,phase1_xgb,2025-11-28,2025-11-29,-0.013485997805236,0.00223484130110592,0.0036435576174014338,3032.304443359375,2991.685302734375,3039.088740657132,ensemble
ETH,phase1,xgb,phase1_xgb,2025-11-29,2025-11-30,0.0001428009786007,0.00293078257236628,0.003738105325487082,2991.685302734375,2992.112548828125,3000.4661429631483,ensemble
ETH,phase1,xgb,phase1_xgb,2025-11-30,2025-12-01,-0.0662927736435053,0.0033934950362890398,0.006869769544224627,2992.112548828125,2800.18896484375,3002.2835157128366,ensemble
ETH,phase1,xgb,phase1_xgb,2025-12-01,2025-12-02,0.068238382808925,0.018901304714381662,0.0077659576027647005,2800.18896484375,2997.939697265625,2853.619552934236,ensemble
ETH,phase1,xgb,phase1_xgb,2025-12-02,2025-12-03,0.0625882304633783,0.01431980747729536,0.0028647726546488146,2997.939697265625,3191.57177734375,3041.1784630954307,ensemble
ETH,phase1,xgb,phase1_xgb,2025-12-03,2025-12-04,-0.0181024175452983,0.00863615924026814,0.0055664829799823,3191.57177734375,3134.31640625,3219.254061694859,ensemble
ETH,phase1,xgb,phase1_xgb,2025-12-04,2025-12-05,-0.0356875080281464,0.0023050215124385395,0.004569237457356709,3134.31640625,3024.432861328125,3141.5494059006073,ensemble
ETH,phase1,xgb,phase1_xgb,2025-12-05,2025-12-06,0.0052022663489112,0.01391557846218342,0.005468459436246397,3024.432861328125,3040.207763671875,3066.8137877707336,ensemble
ETH,phase1,xgb,phase1_xgb,2025-12-06,2025-12-07,0.0069143801565508,-0.0068322150187668145,0.005214496391000017,3040.207763671875,3061.3017578125,3019.507206381612,ensemble
ETH,phase1,xgb,phase1_xgb,2025-12-07,2025-12-08,0.0206574040037443,-0.00650239333044732,0.004656482328435067,3061.3017578125,3125.197998046875,3041.460547266574,ensemble
ETH,phase1,xgb,phase1_xgb,2025-12-08,2025-12-09,0.0608029264224186,0.00480027854209762,0.005082171235264609,3125.197998046875,3321.114990234375,3140.235883079046,ensemble
ETH,phase1,xgb,phase1_xgb,2025-12-09,2025-12-10,0.0012864345975214,-0.00176544816931708,0.0037638082262528316,3321.114990234375,3325.39013671875,3315.2569064479653,ensemble
ETH,phase1,xgb,phase1_xgb,2025-12-10,2025-12-11,-0.0269224534884862,0.00518738070677498,0.00804741661316808,3325.39013671875,3237.056884765625,3342.6850201465745,ensemble
ETH,phase1,xgb,phase1_xgb,2025-12-11,2025-12-12,-0.0483811252686677,0.0036921890918165203,0.005732323951914444,3237.056884765625,3084.172607421875,3249.0308022663107,ensemble
ETH,phase1,xgb,phase1_xgb,2025-12-12,2025-12-13,0.0104898229476874,-0.0059304698836057995,0.004255148609130263,3084.172607421875,3116.6953125,3065.9361435064584,ensemble
ETH,phase1,xgb,phase1_xgb,2025-12-13,2025-12-14,-0.018163993601147,0.008558453153818781,0.004550268065493384,3116.6953125,3060.5947265625,3143.4838741364524,ensemble
ETH,phase1,xgb,phase1_xgb,2025-12-14,2025-12-15,-0.0320077701658808,-0.0147820465266704,0.004558615766796349,3060.5947265625,2964.18310546875,3015.6856149542054,ensemble
ETH,phase1,xgb,phase1_xgb,2025-12-15,2025-12-16,-7.412721688312701e-07,-0.00861373594962054,0.003906688363974496,2964.18310546875,2964.180908203125,2938.760065758872,ensemble
ETH,phase1,xgb,phase1_xgb,2025-12-16,2025-12-17,-0.0458281928487593,0.02939941994845862,0.003740476397763586,2964.180908203125,2831.403564453125,3052.6197631369755,ensemble
ETH,phase1,xgb,phase1_xgb,2025-12-17,2025-12-18,-0.0015320294953636,-0.00705162957310672,0.00484053795445722,2831.403564453125,2827.069091796875,2811.5077866161714,ensemble
ETH,phase1,xgb,phase1_xgb,2025-12-18,2025-12-19,0.0520015780613912,-0.00151442312635478,0.005716143894319176,2827.069091796875,2977.970703125,2822.7909532580766,ensemble
ETH,phase1,xgb,phase1_xgb,2025-12-19,2025-12-20,-0.0001303602133292,-0.0017026958550559201,0.004204843224787556,2977.970703125,2977.58251953125,2972.904439129662,ensemble
ETH,phase1,xgb,phase1_xgb,2025-12-20,2025-12-21,0.0080383309849244,-0.00164810439455318,0.0033149224729785644,2977.58251953125,3001.61376953125,2972.6791944014003,ensemble
ETH,phase1,xgb,phase1_xgb,2025-12-21,2025-12-22,0.0014847515809792,0.007791458751307739,0.005394306519279143,3001.61376953125,3006.07373046875,3025.0920657177644,ensemble
ETH,phase1,xgb,phase1_xgb,2025-12-22,2025-12-23,-0.0143063268401752,0.00463333027437326,0.0048999903750557815,3006.07373046875,2963.3740234375,3020.034179601992,ensemble
ETH,phase1,xgb,phase1_xgb,2025-12-23,2025-12-24,-0.0060191597554604,0.007251842826371981,0.006444735679961805,2963.3740234375,2945.590576171875,2984.9420555603133,ensemble
ETH,phase1,xgb,phase1_xgb,2025-12-24,2025-12-25,-0.014365015056822,-0.00308796958997842,0.002890152078310492,2945.590576171875,2903.57958984375,2936.508711525771,ensemble
ETH,phase1,xgb,phase1_xgb,2025-12-25,2025-12-26,0.0076050389079913,-0.0035423533961875197,0.004719163255777016,2903.57958984375,2925.74560546875,2893.312280777546,ensemble
ETH,phase1,xgb,phase1_xgb,2025-12-26,2025-12-27,0.0075770385642638,0.01436325851827856,0.008153554442099628,2925.74560546875,2947.998291015625,2968.0720914171325,ensemble
ETH,phase1,xgb,phase1_xgb,2025-12-27,2025-12-28,0.000193273230984,0.010724701453000241,0.0063655181084889875,2947.998291015625,2948.568115234375,2979.78483851539,ensemble
ETH,phase1,xgb,phase1_xgb,2025-12-28,2025-12-29,-0.0047695250401753,0.0144200319424271,0.0037373002845451533,2948.568115234375,2934.538330078125,2991.3945991742166,ensemble
ETH,phase1,xgb,phase1_xgb,2025-12-29,2025-12-30,0.0124887158133864,0.004318763280753,0.0046688228501112275,2934.538330078125,2971.416748046875,2947.239312992093,ensemble
ETH,phase1,xgb,phase1_xgb,2025-12-30,2025-12-31,-0.0014748454494985,0.02375803291797634,0.007631575152705751,2971.416748046875,2967.03759765625,3042.8570451183414,ensemble
ETH,phase1,xgb,phase1_xgb,2025-12-31,2026-01-01,0.011179695896671,-0.0013319937454071202,0.008337189699633577,2967.03759765625,3000.394287109375,2963.088153035478,ensemble
ETH,phase1,xgb,phase1_xgb,2026-01-01,2026-01-02,0.040505791423565,0.00908925244584674,0.003453908569340415,3000.394287109375,3124.422607421875,3027.789942630167,ensemble
ETH,phase1,xgb,phase1_xgb,2026-01-02,2026-01-03,0.0004783333560596,-0.00202178168110546,0.005478395873965377,3124.422607421875,3125.91748046875,3118.112088425584,ensemble
ETH,phase1,xgb,phase1_xgb,2026-01-03,2026-01-04,0.0047211981925699,0.01700832583010192,0.006182706778903566,3125.91748046875,3140.71044921875,3179.5388154232696,ensemble
ETH,phase1,xgb,phase1_xgb,2026-01-04,2026-01-05,0.0268343594600314,0.008090980141423561,0.006383068565234408,3140.71044921875,3226.13037109375,3166.2249545815507,ensemble
ETH,phase1,xgb,phase1_xgb,2026-01-05,2026-01-06,0.0214100727655341,0.00282057385193182,0.005767335649115791,3226.13037109375,3295.94677734375,3235.2427550961693,ensemble
ETH,phase1,xgb,phase1_xgb,2026-01-06,2026-01-07,-0.0399579577460706,0.00910092797130344,0.009728018525393711,3295.94677734375,3166.843994140625,3326.079863097577,ensemble
ETH,phase1,xgb,phase1_xgb,2026-01-07,2026-01-08,-0.0199206616781398,0.014202180411666581,0.006913261921897875,3166.843994140625,3104.382568359375,3212.1409804956065,ensemble
ETH,phase1,xgb,phase1_xgb,2026-01-08,2026-01-09,-0.0068964125191375,0.01589387413114306,0.0033926530390397105,3104.382568359375,3083.047119140625,3154.117426969626,ensemble
ETH,phase1,xgb,phase1_xgb,2026-01-09,2026-01-10,-0.0002112169513613,0.012003782019019079,0.004614881779385132,3083.047119140625,3082.39599609375,3120.2783554803896,ensemble
ETH,phase1,xgb,phase1_xgb,2026-01-10,2026-01-11,0.0117684321917196,0.00571816079318518,0.0028330457652330668,3082.39599609375,3118.88525390625,3100.072121327297,ensemble
ETH,phase1,xgb,phase1_xgb,2026-01-11,2026-01-12,-0.0085523492401958,0.009805883187800579,0.007374917244238586,3118.88525390625,3092.3251953125,3149.6191184566696,ensemble
ETH,phase1,xgb,phase1_xgb,2026-01-12,2026-01-13,0.0716724478508033,0.00549088332336396,0.005149621792189844,3092.3251953125,3322.095458984375,3109.3514940895966,ensemble
ETH,phase1,xgb,phase1_xgb,2026-01-13,2026-01-14,0.0097733550354151,0.0314858049154281,0.008006152727923736,3322.095458984375,3354.72265625,3428.358417348837,ensemble
ETH,phase1,xgb,phase1_xgb,2026-01-14,2026-01-15,-0.0112777965317109,0.01018829504027958,0.003454381809148133,3354.72265625,3317.101318359375,3389.07626564219,ensemble
ETH,phase1,xgb,phase1_xgb,2026-01-15,2026-01-16,-0.0065388112427793,0.01072936905547974,0.004916178392074383,3317.101318359375,3295.482177734375,3352.883338582452,ensemble
ETH,phase1,xgb,phase1_xgb,2026-01-16,2026-01-17,0.0040525125455037,0.006089693045942079,0.006612333066157175,3295.482177734375,3308.8642578125,3315.6118822880044,ensemble
ETH,phase1,xgb,phase1_xgb,2026-01-17,2026-01-18,-0.0084086840180541,0.0113970628008246,0.0033014279351334737,3308.8642578125,3281.15771484375,3346.791309515799,ensemble
ETH,phase1,xgb,phase1_xgb,2026-01-18,2026-01-19,-0.0292351847938204,0.017350689880549823,0.006279323784894384,3281.15771484375,3186.62109375,3338.5848241066205,ensemble
ETH,phase1,xgb,phase1_xgb,2026-01-19,2026-01-20,-0.082047329409018,0.0010352736862842,0.003735947893584401,3186.62109375,2935.605712890625,3189.9218270028505,ensemble
ETH,phase1,xgb,phase1_xgb,2026-01-20,2026-01-21,0.0146406740972174,0.01420747423544522,0.0061606254766851205,2935.605712890625,2978.901123046875,2977.610942965231,ensemble
ETH,phase1,xgb,phase1_xgb,2026-01-21,2026-01-22,-0.0098736240513318,0.00262439782964064,0.00536143504290945,2978.901123046875,2949.63330078125,2986.72921220604,ensemble
ETH,phase1,xgb,phase1_xgb,2026-01-22,2026-01-23,0.001227550418774,0.0165284682065248,0.0052750967194761175,2949.63330078125,2953.25634765625,2998.7913555668724,ensemble
ETH,phase1,xgb,phase1_xgb,2026-01-23,2026-01-24,-0.0015302026847261,0.00370232022833076,0.0036116045939358268,2953.25634765625,2948.74072265625,2964.210513774473,ensemble
ETH,phase1,xgb,phase1_xgb,2026-01-24,2026-01-25,-0.0460954469109645,-0.002342699314613109,0.004970086210955647,2948.74072265625,2815.90234375,2941.8407951697127,ensemble
ETH,phase1,xgb,phase1_xgb,2026-01-25,2026-01-26,0.0385097283715548,0.02285694163292642,0.006743059109661433,2815.90234375,2926.45703125,2881.0064654291814,ensemble
ETH,phase1,xgb,phase1_xgb,2026-01-26,2026-01-27,0.0321961750433529,0.012992934323847242,0.0035871860132173244,2926.45703125,3022.2109375,2964.7283854534294,ensemble
ETH,phase1,xgb,phase1_xgb,2026-01-27,2026-01-28,-0.0051763213071971,0.00018784937565215982,0.005853508904965791,3022.2109375,3006.607421875,3022.778711264002,ensemble
ETH,phase1,xgb,phase1_xgb,2026-01-28,2026-01-29,-0.0647023664323781,-0.00612690713605836,0.005892832134874694,3006.607421875,2818.232666015625,2988.242534835225,ensemble
ETH,phase1,xgb,phase1_xgb,2026-01-29,2026-01-30,-0.0419788679682719,0.00303747045109046,0.0023926285465980736,2818.232666015625,2702.375244140625,2826.805978462949,ensemble
ETH,phase1,xgb,phase1_xgb,2026-01-30,2026-01-31,-0.1000484393792718,0.00987193295732136,0.003086204291163216,2702.375244140625,2445.091796875,2729.185025831311,ensemble
ETH,phase1,xgb,phase1_xgb,2026-01-31,2026-02-01,-0.0751997822029002,0.012142070475965699,0.00556645664736145,2445.091796875,2267.96484375,2474.9612452969172,ensemble
ETH,phase1,xgb,phase1_xgb,2026-02-01,2026-02-02,0.0331281466529906,0.0323400046676397,0.003780217131787541,2267.96484375,2344.356689453125,2342.50973144571,ensemble
ETH,phase1,xgb,phase1_xgb,2026-02-02,2026-02-03,-0.0511047370755369,-0.01259213667362922,0.005750522320871112,2344.356689453125,2227.558837890625,2315.02131475331,ensemble
ETH,phase1,xgb,phase1_xgb,2026-02-03,2026-02-04,-0.0384643510086561,0.02029967028647656,0.005929517907072042,2227.558837890625,2143.504150390625,2273.239631715268,ensemble
ETH,phase1,xgb,phase1_xgb,2026-02-04,2026-02-05,-0.1626810863573628,0.007773398887365999,0.0017123430329616899,2143.504150390625,1821.68310546875,2160.2313927021546,ensemble
ETH,phase1,xgb,phase1_xgb,2026-02-05,2026-02-06,0.124587932433777,0.0185779485851526,0.004462510143511124,1821.68310546875,2063.386962890625,1855.8425643986234,ensemble
ETH,phase1,xgb,phase1_xgb,2026-02-06,2026-02-07,0.0130780728606268,0.009107584599405461,0.007307595569159091,2063.386962890625,2090.54931640625,2082.2652716202506,ensemble
ETH,phase1,xgb,phase1_xgb,2026-02-07,2026-02-08,-0.0008548665199209,0.02389995492994778,0.007478521571729452,2090.54931640625,2088.762939453125,2141.115205131506,ensemble
ETH,phase1,xgb,phase1_xgb,2026-02-08,2026-02-09,0.0070627775205607,0.0193625438958406,0.006798962631043836,2088.762939453125,2103.567626953125,2129.6007900313784,ensemble
ETH,phase1,xgb,phase1_xgb,2026-02-09,2026-02-10,-0.0407860866012557,0.007587506575509881,0.009710314454879401,2103.567626953125,2019.4974365234373,2119.5891650539093,ensemble
ETH,phase1,xgb,phase1_xgb,2026-02-10,2026-02-11,-0.0398404875978916,0.01669615320861334,0.007400822904468028,2019.4974365234373,1940.621337890625,2053.498327327719,ensemble
ETH,phase1,xgb,phase1_xgb,2026-02-11,2026-02-12,0.003251056309532,0.00570932312402874,0.00745580705314011,1940.621337890625,1946.940673828125,1951.7326610547832,ensemble
ETH,phase1,xgb,phase1_xgb,2026-02-12,2026-02-13,0.0508619107271356,0.0015007159323431201,0.002658815952854092,1946.940673828125,2048.52734375,1949.864672213374,ensemble
ETH,phase1,xgb,phase1_xgb,2026-02-13,2026-02-14,0.0181318719779937,0.01628630757331844,0.005492806715942803,2048.52734375,2086.009765625,2082.1634506565015,ensemble
ETH,phase1,xgb,phase1_xgb,2026-02-14,2026-02-15,-0.0592301606634175,0.01615087054669852,0.006459631913545462,2086.009765625,1966.04296875,2119.974178425963,ensemble
ETH,phase1,xgb,phase1_xgb,2026-02-15,2026-02-16,0.0160826230924268,0.013093085587024638,0.00340658749505381,1966.04296875,1997.917724609375,1991.9537937782002,ensemble
ETH,phase1,xgb,phase1_xgb,2026-02-16,2026-02-17,-0.002868787898831,0.01191692771390074,0.003835887242659391,1997.917724609375,1992.1943359375,2021.8691962385333,ensemble
ETH,phase1,xgb,phase1_xgb,2026-02-17,2026-02-18,-0.0193714031392413,0.009884266136214081,0.00472315586753073,1992.1943359375,1953.97412109375,2011.983353795296,ensemble
ETH,phase1,xgb,phase1_xgb,2026-02-18,2026-02-19,-0.0029589012528701,0.03862403258681294,0.005424822908111566,1953.97412109375,1948.2010498046875,2030.920913292538,ensemble
ETH,phase1,xgb,phase1_xgb,2026-02-19,2026-02-20,0.0106307366647911,-0.00106753651052714,0.0069267320520684,1948.2010498046875,1969.0223388671875,1946.1223837775221,ensemble
ETH,phase1,xgb,phase1_xgb,2026-02-20,2026-02-21,0.0023916477643178,0.00605652732774608,0.0023155469503540775,1969.0223388671875,1973.7371826171875,1980.9839628585798,ensemble
ETH,phase1,xgb,phase1_xgb,2026-02-21,2026-02-22,-0.0081043810251791,0.00580014074221248,0.006577332533825266,1973.7371826171875,1957.805908203125,1985.2184002162646,ensemble
ETH,phase1,xgb,phase1_xgb,2026-02-22,2026-02-23,-0.0536686969675083,0.0064578950812574,0.0043866379728517025,1957.805908203125,1855.5028076171875,1970.490125939144,ensemble
ETH,phase1,xgb,phase1_xgb,2026-02-23,2026-02-24,-0.0013662367634113,0.009631851734593461,0.004457715857433712,1855.5028076171875,1852.969482421875,1873.4610824374595,ensemble
ETH,phase1,xgb,phase1_xgb,2026-02-24,2026-02-25,0.1033052975560529,0.0036201267386786204,0.0024441189819208115,1852.969482421875,2054.6279296875,1859.6896233329155,ensemble
ETH,phase1,xgb,phase1_xgb,2026-02-25,2026-02-26,-0.013640230652308,0.01767651923000806,0.0034603585063377735,2054.6279296875,2026.7926025390625,2091.26949337143,ensemble
ETH,phase1,xgb,phase1_xgb,2026-02-26,2026-02-27,-0.0485398835848207,0.014565040543675401,0.004961931510008799,2026.7926025390625,1930.7618408203125,2056.528948825114,ensemble
ETH,phase1,xgb,phase1_xgb,2026-02-27,2026-02-28,0.0176033024159378,-0.011232829676009661,0.005884200942496213,1930.7618408203125,1965.050537109375,1909.1952754607298,ensemble
ETH,phase1,xgb,phase1_xgb,2026-02-28,2026-03-01,-0.0133112143616734,-0.01739271492697294,0.009433118543674358,1965.050537109375,1939.066650390625,1931.1684779230006,ensemble
ETH,phase1,xgb,phase1_xgb,2026-03-01,2026-03-02,0.0444827788226515,0.00162713391473518,0.0036657508807448817,1939.066650390625,2027.2689208984373,1942.224339795487,ensemble
ETH,phase1,xgb,phase1_xgb,2026-03-02,2026-03-03,-0.0221952153909645,0.01377319311723108,0.00505397594581635,2027.2689208984373,1982.7689208984373,2055.384060415495,ensemble
ETH,phase1,xgb,phase1_xgb,2026-03-03,2026-03-04,0.0699856488077349,-0.02543863914906974,0.003652612039352135,1982.7689208984373,2126.50537109375,1932.9661212166839,ensemble
ETH,phase1,xgb,phase1_xgb,2026-03-04,2026-03-05,-0.0261560660671297,0.0034535670187324395,0.008967294993174765,2126.50537109375,2071.60546875,2133.862096067838,ensemble
ETH,phase1,xgb,phase1_xgb,2026-03-05,2026-03-06,-0.0458579463127646,0.00044334796257315993,0.004355902171216542,2071.60546875,1978.751220703125,2072.5241144386255,ensemble
ETH,phase1,xgb,phase1_xgb,2026-03-06,2026-03-07,-0.0047088687763537,0.01463941112160678,0.006776951819703788,1978.751220703125,1969.4554443359373,2007.9320472395293,ensemble
ETH,phase1,xgb,phase1_xgb,2026-03-07,2026-03-08,-0.0168207764579134,-0.01175562823191282,0.005398296039173328,1969.4554443359373,1936.604736328125,1946.4388108703945,ensemble
ETH,phase1,xgb,phase1_xgb,2026-03-08,2026-03-09,0.02867374460359,-0.02485728487372392,0.006114826655473378,1936.604736328125,1992.938232421875,1889.059373131921,ensemble
ETH,phase1,xgb,phase1_xgb,2026-03-09,2026-03-10,0.0219272344781229,-0.00567012995015824,0.003514978502723127,1992.938232421875,2037.1204833984373,1981.669990050516,ensemble
ETH,phase1,xgb,phase1_xgb,2026-03-10,2026-03-11,0.0070696510693724,-0.0027714083436876195,0.008659161261497888,2037.1204833984373,2051.5732421875,2031.482606731439,ensemble
ETH,phase1,xgb,phase1_xgb,2026-03-11,2026-03-12,0.0104556138377322,-0.00848722897935654,0.005947316496412773,2051.5732421875,2073.13623046875,2034.2347522588004,ensemble
ETH,phase1,xgb,phase1_xgb,2026-03-12,2026-03-13,0.0093273103225432,-0.0002677569398656599,0.004708907736352758,2073.13623046875,2092.5634765625,2072.5812081646077,ensemble
ETH,phase1,xgb,phase1_xgb,2026-03-13,2026-03-14,0.0021592233043722,0.00423479734454298,0.0032990053916112936,2092.5634765625,2097.086669921875,2101.4438488334417,ensemble
ETH,phase1,xgb,phase1_xgb,2026-03-14,2026-03-15,0.0376174725748984,0.0036702898854855197,0.0032649740711884075,2097.086669921875,2177.476318359375,2104.797728168699,ensemble
ETH,phase1,xgb,phase1_xgb,2026-03-15,2026-03-16,0.0767490852405507,-0.00610887974034994,0.00447273599160659,2177.476318359375,2351.176025390625,2164.214924763544,ensemble
ETH,phase1,xgb,phase1_xgb,2026-03-16,2026-03-17,-0.0141878287469072,0.00196291255997494,0.003957227284413838,2351.176025390625,2318.053466796875,2355.7957108775954,ensemble
ETH,phase1,xgb,phase1_xgb,2026-03-17,2026-03-18,-0.0506029181915626,0.017280660383403264,0.003005068629161986,2318.053466796875,2203.671630859375,2358.459073800626,ensemble
ETH,phase1,xgb,phase1_xgb,2026-03-18,2026-03-19,-0.0305236071486406,-0.015187739650718821,0.007982032916091977,2203.671630859375,2137.423828125,2170.4557156736355,ensemble
ETH,phase1,xgb,phase1_xgb,2026-03-19,2026-03-20,0.0042359585854312,-0.00701653875876212,0.003656071155083253,2137.423828125,2146.4970703125,2122.4790027775634,ensemble
ETH,phase1,xgb,phase1_xgb,2026-03-20,2026-03-21,-0.0330619920061079,0.00962628442794078,0.0027875827951573135,2146.4970703125,2076.68994140625,2167.2596344785156,ensemble
ETH,phase1,xgb,phase1_xgb,2026-03-21,2026-03-22,-0.0114495680945266,0.0006776898168027401,0.006736037571652153,2076.68994140625,2053.04833984375,2078.097770013873,ensemble
ETH,phase1,xgb,phase1_xgb,2026-03-22,2026-03-23,0.0471397983356827,0.00303229646524412,0.0053350403687326435,2053.04833984375,2152.14599609375,2059.2832393220597,ensemble
ETH,phase1,xgb,phase1_xgb,2026-03-23,2026-03-24,0.0016520306586044,-0.00831912183202798,0.003129712327490701,2152.14599609375,2155.704345703125,2134.316297897077,ensemble
ETH,phase1,xgb,phase1_xgb,2026-03-24,2026-03-25,0.0056974805873912,0.027363870665430955,0.006094681084800898,2155.704345703125,2168.021484375,2215.5072484986495,ensemble
ETH,phase1,xgb,phase1_xgb,2026-03-25,2026-03-26,-0.051313706617151,-0.01037755985744292,0.0066336345608672,2168.021484375,2059.578369140625,2145.6390500450107,ensemble
ETH,phase1,xgb,phase1_xgb,2026-03-26,2026-03-27,-0.0337276698924535,-0.012456328421831081,0.004530695291801686,2059.578369140625,1991.27197265625,2034.082705402865,ensemble
ETH,phase1,xgb,phase1_xgb,2026-03-27,2026-03-28,0.0007141663784116,0.00507550947950218,0.005987551965819691,1991.27197265625,1992.694580078125,2001.4043842537171,ensemble
ETH,phase1,xgb,phase1_xgb,2026-03-28,2026-03-29,-0.005098999439741,0.013248239643871739,0.002017902962307204,1992.694580078125,1982.5596923828125,2019.269924982609,ensemble
ETH,phase1,xgb,phase1_xgb,2026-03-29,2026-03-30,0.0204472613935491,-0.0018476990982890002,0.007753442167011443,1982.5596923828125,2023.514892578125,1978.899900764937,ensemble
ETH,phase1,xgb,phase1_xgb,2026-03-30,2026-03-31,0.039340814763852,-0.0030897485208697404,0.003982328656184274,2023.514892578125,2104.708251953125,2017.2723892806832,ensemble
ETH,phase1,xgb,phase1_xgb,2026-03-31,2026-04-01,0.0160386363168273,0.0017594232223927802,0.005044567802576654,2104.708251953125,2138.737060546875,2108.414584075275,ensemble
ETH,phase1,xgb,phase1_xgb,2026-04-01,2026-04-02,-0.0390385754759657,0.0213349193334579,0.0039715519498017575,2138.737060546875,2056.8525390625,2184.8570772358266,ensemble
ETH,phase1,xgb,phase1_xgb,2026-04-02,2026-04-03,-0.0016871461717564,0.01732807699590918,0.003735255248389516,2056.8525390625,2053.38525390625,2092.804427193036,ensemble
ETH,phase1,xgb,phase1_xgb,2026-04-03,2026-04-04,0.005810685555501,0.012840133719146218,0.003308283283770463,2053.38525390625,2065.3515625,2079.920991778852,ensemble
ETH,phase1,xgb,phase1_xgb,2026-04-04,2026-04-05,0.0209113576842589,0.005674744662246619,0.005152477206423628,2065.3515625,2108.99560546875,2077.1052232250468,ensemble
ETH,phase1,xgb,phase1_xgb,2026-04-05,2026-04-06,-0.0005853459761497,0.0087065767962485,0.0039941015828417,2108.99560546875,2107.761474609375,2127.437905822277,ensemble
ETH,phase1,xgb,phase1_xgb,2026-04-06,2026-04-07,0.0616556049703287,-0.0078862877329811,0.005478884382981457,2107.761474609375,2241.806640625,2091.204433753861,ensemble
ETH,phase1,xgb,phase1_xgb,2026-04-07,2026-04-08,-0.0232273715270305,0.027006354182958537,0.005087392247797736,2241.806640625,2190.33544921875,2303.174597345787,ensemble
ETH,phase1,xgb,phase1_xgb,2026-04-08,2026-04-09,-0.0005440857898826,-0.0027518822345882397,0.005803433640479685,2190.33544921875,2189.14404296875,2184.3161899531565,ensemble
ETH,phase1,xgb,phase1_xgb,2026-04-09,2026-04-10,0.0252611274355671,0.02293858528137202,0.005875644008719565,2189.14404296875,2245.148681640625,2239.9402798926512,ensemble
ETH,phase1,xgb,phase1_xgb,2026-04-10,2026-04-11,0.0177650010386669,0.01949467360973354,0.00335708282248803,2245.148681640625,2285.39013671875,2289.3465340019643,ensemble
ETH,phase1,xgb,phase1_xgb,2026-04-11,2026-04-12,-0.0416306075771206,0.014752340875565961,0.004822658533287619,2285.39013671875,2192.201171875,2319.354904987349,ensemble
ETH,phase1,xgb,phase1_xgb,2026-04-12,2026-04-13,0.0782853911386856,0.02309981472790236,0.005600836357772838,2192.201171875,2370.71484375,2243.4300233179792,ensemble
ETH,phase1,xgb,phase1_xgb,2026-04-13,2026-04-14,-0.0201992437703363,-0.005655889445915779,0.00483900151416259,2370.71484375,2323.30859375,2357.3441897991383,ensemble
ETH,phase1,xgb,phase1_xgb,2026-04-14,2026-04-15,0.0154307484890148,0.0174231376498937,0.006678477109433638,2323.30859375,2359.43701171875,2364.1426145861296,ensemble
ETH,phase1,xgb,phase1_xgb,2026-04-15,2026-04-16,-0.0045844617903412,0.01890420094132418,0.010940581299817816,2359.43701171875,2348.64501953125,2404.46454693844,ensemble
ETH,phase1,xgb,phase1_xgb,2026-04-16,2026-04-17,0.0303717508925751,0.005865827348316021,0.004249921015237261,2348.64501953125,2421.07177734375,2362.462250846461,ensemble
ETH,phase1,xgb,phase1_xgb,2026-04-17,2026-04-18,-0.0293267723614628,0.00858871345408256,0.005830079931444851,2421.07177734375,2351.1005859375,2441.955221676925,ensemble
ETH,phase1,xgb,phase1_xgb,2026-04-18,2026-04-19,-0.0373454427406088,0.009537299908697559,0.004003778249421573,2351.1005859375,2264.9169921875,2373.6310062483926,ensemble
ETH,phase1,xgb,phase1_xgb,2026-04-19,2026-04-20,0.0219633235792397,-0.0020740651991218205,0.00697318136355297,2264.9169921875,2315.21240234375,2260.2242748581953,ensemble
ETH,phase1,xgb,phase1_xgb,2026-04-20,2026-04-21,0.0054954065471357,-0.00284204073250292,0.00676031237036589,2315.21240234375,2327.970458984375,2308.6418157519174,ensemble
ETH,phase1,xgb,phase1_xgb,2026-04-21,2026-04-22,0.0204586542200399,0.01410955972969528,0.004818872535113868,2327.970458984375,2376.088134765625,2361.049916731345,ensemble
ETH,phase1,xgb,phase1_xgb,2026-04-22,2026-04-23,-0.0189376886242059,-0.01148204514756794,0.006039224828626607,2376.088134765625,2331.513916015625,2348.9618143666194,ensemble
ETH,phase1,xgb,phase1_xgb,2026-04-23,2026-04-24,-0.0068100265350662,0.01164782315026966,0.007685958743412698,2331.513916015625,2315.690185546875,2358.829753974969,ensemble
ETH,phase1,xgb,phase1_xgb,2026-04-24,2026-04-25,0.0013545812633985,0.01213811440393324,0.0042959385157654295,2315.690185546875,2318.8291015625,2343.9695799972465,ensemble
ETH,phase1,xgb,phase1_xgb,2026-04-25,2026-04-26,0.021713243592728,0.00985700450837606,0.004045452682779331,2318.8291015625,2369.72900390625,2341.7988308543786,ensemble
ETH,phase1,xgb,phase1_xgb,2026-04-26,2026-04-27,-0.0285352092391055,-0.0013683598488569205,0.007407241287601673,2369.72900390625,2303.06396484375,2366.4885794236275,ensemble
ETH,phase1,xgb,phase1_xgb,2026-04-27,2026-04-28,-0.0059420254123551,0.0057235713116824205,0.0019013105705708922,2303.06396484375,2289.419677734375,2316.28351110122,ensemble
ETH,phase1,xgb,phase1_xgb,2026-04-28,2026-04-29,-0.0158511839185899,0.015079904440790378,0.007718366625299316,2289.419677734375,2253.415771484375,2324.205532180301,ensemble
ETH,phase1,xgb,phase1_xgb,2026-04-29,2026-04-30,0.0012574984349416,0.00925055816769596,0.00782191518653165,2253.415771484375,2256.251220703125,2274.357838720946,ensemble
ETH,phase1,xgb,phase1_xgb,2026-04-30,2026-05-01,0.0170690082206223,-0.0030305728781968,0.006371310728915094,2256.251220703125,2295.09375,2249.423837613708,ensemble
ETH,phase1,xgb,phase1_xgb,2026-05-01,2026-05-02,0.0091680063840355,-0.0017942971549928,0.004783763462613343,2295.09375,2316.23193359375,2290.9793621350104,ensemble
ETH,phase1,xgb,phase1_xgb,2026-05-02,2026-05-03,0.0023302997915724,0.00374207573477178,0.004834116204931854,2316.23193359375,2321.6357421875,2324.9156864055885,ensemble
ETH,phase1,xgb,phase1_xgb,2026-05-03,2026-05-04,0.0106089499454062,0.006951090800430329,0.004858774897119013,2321.6357421875,2346.39697265625,2337.8298612277977,ensemble
ETH,phase1,xgb,phase1_xgb,2026-05-04,2026-05-05,0.0062816540296977,0.011032086797058522,0.0024797966171874576,2346.39697265625,2361.1826171875,2372.425940644357,ensemble
ETH,phase1,xgb,phase1_xgb,2026-05-05,2026-05-06,-0.0044060551410634,0.01252058483660216,0.0048551972583397805,2361.1826171875,2350.802001953125,2390.9318547513803,ensemble
ETH,phase1,xgb,phase1_xgb,2026-05-06,2026-05-07,-0.0257211497884926,0.00396763617172834,0.005586173730879838,2350.802001953125,2291.107666015625,2360.147656827765,ensemble
ETH,phase1,xgb,phase1_xgb,2026-05-07,2026-05-08,0.0069005173801773,0.0158970026299357,0.003134616610806256,2291.107666015625,2306.97216796875,2327.820449060331,ensemble
ETH,phase1,xgb,phase1_xgb,2026-05-08,2026-05-09,0.0085267708032934,0.006290035741403639,0.0037550670529906504,2306.97216796875,2326.727294921875,2321.5288383542197,ensemble
ETH,phase1,xgb,phase1_xgb,2026-05-09,2026-05-10,0.0180237894016022,0.00610983930528158,0.0030309074227159983,2326.727294921875,2369.0439453125,2340.9867419069933,ensemble
ETH,phase1,xgb,phase1_xgb,2026-05-10,2026-05-11,-0.0126087284649131,0.01144701475277536,0.004239724663918754,2369.0439453125,2339.36083984375,2396.318233070365,ensemble
ETH,phase1,xgb,phase1_xgb,2026-05-11,2026-05-12,-0.0280543858235066,0.0014493898954242401,0.004370366356150341,2339.36083984375,2274.6435546875,2342.753944178339,ensemble
ETH,phase1,xgb,phase1_xgb,2026-05-12,2026-05-13,-0.0075315052922758,0.00393657260574398,0.0043677828982568645,2274.6435546875,2257.576416015625,2283.6155019674334,ensemble
ETH,phase1,xgb,phase1_xgb,2026-05-13,2026-05-14,0.010293509698889,0.00418543162522836,0.005642949430031884,2257.576416015625,2280.934814453125,2267.0451492887923,ensemble
ETH,phase1,xgb,phase1_xgb,2026-05-14,2026-05-15,-0.025579807171991,0.0017789230158087002,0.007464425976409342,2280.934814453125,2223.328857421875,2284.9960331187935,ensemble
ETH,phase1,xgb,phase1_xgb,2026-05-15,2026-05-16,-0.0197944707467758,0.012137524038553199,0.004863527757857262,2223.328857421875,2179.751953125,2250.4789993131003,ensemble
ETH,phase1,xgb,phase1_xgb,2026-05-16,2026-05-17,-0.024195229175847,0.01482708696275944,0.004138912149683649,2179.751953125,2127.645263671875,2212.3121145569894,ensemble
ETH,phase1,xgb,phase1_xgb,2026-05-17,2026-05-18,0.0004092183281597,0.00449559991247948,0.0017155986033281637,2127.645263671875,2128.51611328125,2137.231838088863,ensemble
ETH,phase1,xgb,phase1_xgb,2026-05-18,2026-05-19,-0.0087542537236926,0.00879989052191372,0.004661205001240399,2128.51611328125,2109.9638671875,2147.329478423315,ensemble
ETH,phase1,xgb,phase1_xgb,2026-05-19,2026-05-20,0.0080339082480059,0.02312534861266608,0.0035384766938979717,2109.9638671875,2126.9833984375,2159.326076511349,ensemble
ETH,phase1,xgb,phase1_xgb,2026-05-20,2026-05-21,0.0020793039085529,0.00156471056398002,0.006667656200920151,2126.9833984375,2131.41064453125,2130.314116956116,ensemble
ETH,phase1,xgb,phase1_xgb,2026-05-21,2026-05-22,-0.0318296288802969,0.0128833767026662,0.004542015007018172,2131.41064453125,2064.636962890625,2159.048060117184,ensemble
ETH,phase1,xgb,phase1_xgb,2026-05-22,2026-05-23,0.0245501473754652,0.01331972945481534,0.005302708871116435,2064.636962890625,2115.951416015625,2092.321333521083,ensemble
ETH,phase1,xgb,phase1_xgb,2026-05-23,2026-05-24,-0.0085229526741993,0.00895565077662464,0.004467409464547323,2115.951416015625,2097.993896484375,2134.986245378169,ensemble
ETH,phase1,xgb,phase1_xgb,2026-05-24,2026-05-25,0.0063555962617687,0.019963153079152078,0.004055556620324691,2097.993896484375,2111.370361328125,2140.297319742429,ensemble
ETH,phase1,xgb,phase1_xgb,2026-05-25,2026-05-26,-0.0193741083637812,0.00603329683654006,0.005118887021560893,2111.370361328125,2070.858154296875,2124.147390497044,ensemble
ETH,phase1,xgb,phase1_xgb,2026-05-26,2026-05-27,-0.0237779302438843,0.01369177177548404,0.0014972585626623074,2070.858154296875,2022.1982421875,2099.40686676465,ensemble
ETH,phase1,xgb,phase1_xgb,2026-05-27,2026-05-28,-0.0072687232435778,0.0175573589280247,0.006537465584560757,2022.1982421875,2007.552734375,2058.0162169669525,ensemble
ETH,phase1,xgb,phase1_xgb,2026-05-28,2026-05-29,0.0022021388879798,0.0151412975043058,0.004349937003635496,2007.552734375,2011.978515625,2038.1809781094353,ensemble
ETH,phase1,xgb,phase1_xgb,2026-05-29,2026-05-30,0.0037107092790728,0.02237829193472856,0.005155393232726991,2011.978515625,2019.458251953125,2057.5107245971917,ensemble
ETH,phase1,xgb,phase1_xgb,2026-05-30,2026-05-31,-0.0075136791444324,0.008540170290507321,0.004622211578685725,2019.458251953125,2004.341552734375,2036.7786235097315,ensemble
ETH,phase1,xgb,phase1_xgb,2026-05-31,2026-06-01,-0.0005591235515652,-0.0015156119130551801,0.008277863249125486,2004.341552734375,2003.22119140625,2001.3060497025638,ensemble
ETH,phase1,xgb,phase1_xgb,2026-06-01,2026-06-02,-0.0754085383512764,0.0036159862764179804,0.006920564216412046,2003.22119140625,1857.71630859375,2010.4779239586362,ensemble
ETH,phase1,xgb,phase1_xgb,2026-06-02,2026-06-03,-0.0250644830015835,0.02401299886405462,0.005978402215553555,1857.71630859375,1811.7322998046875,1902.8655632100913,ensemble
ETH,phase1,xgb,phase1_xgb,2026-06-03,2026-06-04,-0.0235409089196176,0.014887708704918562,0.0070038642840317,1811.7322998046875,1769.58056640625,1838.906622317738,ensemble
ETH,phase1,xgb,phase1_xgb,2026-06-04,2026-06-05,-0.1127730163581579,0.01718987515196198,0.005659613849907056,1769.58056640625,1580.86083984375,1800.262388242314,ensemble
ETH,phase1,xgb,phase1_xgb,2026-06-05,2026-06-06,-0.0076791271868011,0.0252116940915584,0.006599164989550542,1580.86083984375,1568.7677001953125,1621.2236896884351,ensemble
ETH,phase1,xgb,phase1_xgb,2026-06-06,2026-06-07,0.0723034430725498,0.03902360945940012,0.0060919261894814775,1568.7677001953125,1686.396240234375,1631.1968615882865,ensemble
ETH,phase1,xgb,phase1_xgb,2026-06-07,2026-06-08,0.0022225802428663,0.023622260242700522,0.011139798771852548,1686.396240234375,1690.1485595703125,1726.7069719216045,ensemble
ETH,phase1,xgb,phase1_xgb,2026-06-08,2026-06-09,-0.0315195419215522,0.01263042320497328,0.007986298297837022,1690.1485595703125,1637.7066650390625,1711.6312331975341,ensemble
ETH,phase1,xgb,phase1_xgb,2026-06-09,2026-06-10,-0.0107857454824715,0.015383609011769262,0.002788397603637238,1637.7066650390625,1620.1376953125,1663.095287677701,ensemble
ETH,phase1,xgb,phase1_xgb,2026-06-10,2026-06-11,0.0316772045187946,0.01094026900827878,0.004095263444333537,1620.1376953125,1672.2806396484375,1637.9597488003765,ensemble
ETH,phase1,xgb,phase1_xgb,2026-06-11,2026-06-12,-0.0042864654394683,0.00110903405584392,0.0037766835231004083,1672.2806396484375,1665.1278076171875,1674.1362846252766,ensemble
ETH,phase1,xgb,phase1_xgb,2026-06-12,2026-06-13,0.0090196413020536,0.0144216591957956,0.007454735886172036,1665.1278076171875,1680.214599609375,1689.315708987431,ensemble
ETH,phase1,xgb,phase1_xgb,2026-06-13,2026-06-14,0.0260813174474448,0.00033059692941603996,0.005090102651008935,1680.214599609375,1724.61328125,1680.770165225849,ensemble
ETH,phase1,xgb,phase1_xgb,2026-06-14,2026-06-15,0.0399805553119012,-0.00190328618336934,0.006211480917595824,1724.61328125,1794.961181640625,1721.3339703436527,ensemble
ETH,phase1,xgb,phase1_xgb,2026-06-15,2026-06-16,-0.002545346375384,0.00384008319815616,0.002863512623870803,1794.961181640625,1790.398193359375,1801.8672333356033,ensemble
ETH,phase1,xgb,phase1_xgb,2026-06-16,2026-06-17,-0.0240312789660825,0.00391476368822622,0.0057056468585206304,1790.398193359375,1747.885498046875,1797.4209163759133,ensemble
ETH,phase1,xgb,phase1_xgb,2026-06-17,2026-06-18,-0.0221862751067949,-0.0010319634369807401,0.0062871232576285855,1747.885498046875,1709.533447265625,1746.0826745048441,ensemble
ETH,phase1,xgb,phase1_xgb,2026-06-18,2026-06-19,0.0008472258287815,-0.00479985275305802,0.0026532594107841648,1709.533447265625,1710.982421875,1701.3475995899307,ensemble
ETH,phase1,xgb,phase1_xgb,2026-06-19,2026-06-20,0.0164158122645686,-0.01013723812066014,0.005991841894278838,1710.982421875,1739.3013916015625,1693.7254026831167,ensemble
ETH,phase1,xgb,phase1_xgb,2026-06-20,2026-06-21,-0.0201644551603129,0.00613103131763632,0.0025573833310324214,1739.3013916015625,1704.58056640625,1749.9978595881275,ensemble
ETH,phase1,xgb,phase1_xgb,2026-06-21,2026-06-22,0.012783452112487,0.00276433841791002,0.004231691190728264,1704.58056640625,1726.5108642578125,1709.299122790972,ensemble
ETH,phase1,xgb,phase1_xgb,2026-06-22,2026-06-23,-0.0360151185751902,0.01239414840238166,0.007905990693688907,1726.5108642578125,1665.436767578125,1748.0426545971934,ensemble
ETH,phase1,xgb,phase1_xgb,2026-06-23,2026-06-24,-0.027707605238555,-0.0053401692101033,0.004247472542050974,1665.436767578125,1619.9249267578125,1656.5667581851862,ensemble
ETH,phase1,xgb,phase1_xgb,2026-06-24,2026-06-25,-0.0346111458341076,-0.00321160983294246,0.004156601286781112,1619.9249267578125,1564.816650390625,1614.7307053053762,ensemble
ETH,phase1,xgb,phase1_xgb,2026-06-25,2026-06-26,0.0075121735497433,0.012844723276793901,0.006011218075920143,1564.816650390625,1576.6160888671875,1585.0459288560432,ensemble
ETH,phase1,xgb,phase1_xgb,2026-06-26,2026-06-27,-0.0031940978117993,-0.00633418010547752,0.006416323789980425,1576.6160888671875,1571.5882568359375,1566.6610802961436,ensemble
ETH,phase1,xgb,phase1_xgb,2026-06-27,2026-06-28,-0.0007810761173124,0.0056371898390352206,0.0044529416610800095,1571.5882568359375,1570.3612060546875,1580.472616071139,ensemble
ETH,phase1,xgb,phase1_xgb,2026-06-28,2026-06-29,0.0250563430147941,-0.01162094036117192,0.003412097420510088,1570.3612060546875,1610.205810546875,1552.2177582791637,ensemble
ETH,phase1,xgb,phase1_xgb,2026-06-29,2026-06-30,-0.025551475094469,-0.01645621433854096,0.005531694991508507,1610.205810546875,1569.5838623046875,1583.9247550291252,ensemble
ETH,phase1,xgb,phase1_xgb,2026-06-30,2026-07-01,0.0247779101060913,0.00422806460410354,0.006713242429867318,1569.5838623046875,1608.960693359375,1576.2342134260632,ensemble
ETH,phase1,xgb,phase1_xgb,2026-07-01,2026-07-02,0.0539624286481777,0.01105119409039612,0.0026776332719699726,1608.960693359375,1698.16943359375,1626.8402434877682,ensemble
ETH,phase1,xgb,phase1_xgb,2026-07-02,2026-07-03,0.0337829584823897,0.01763015631586306,0.0052681476364166485,1698.16943359375,1756.5186767578125,1728.3738985299594,ensemble
ETH,phase1,xgb,phase1_xgb,2026-07-03,2026-07-04,0.0127361095972148,-0.00330406490247692,0.004237492647028585,1756.5186767578125,1779.032958984375,1750.7246023174755,ensemble
ETH,phase1,xgb,phase1_xgb,2026-07-04,2026-07-05,0.0022307583802167,0.01103846558835352,0.0076495555396330645,1779.032958984375,1783.0059814453125,1798.7795385462566,ensemble
ETH,phase1,xgb,phase1_xgb,2026-07-05,2026-07-06,0.0081371345293737,0.0006799848284572601,0.006879424024796578,1783.0059814453125,1797.57373046875,1784.218810767781,ensemble
ETH,phase1,xgb,phase1_xgb,2026-07-06,2026-07-07,-0.0162996101421938,-0.005302839796058801,0.0056882192713740886,1797.57373046875,1768.511474609375,1788.066714324431,ensemble
ETH,phase1,xgb,phase1_xgb,2026-07-07,2026-07-08,-0.0147154299263924,0.012148223537951659,0.004144392983815154,1768.511474609375,1742.6776123046875,1790.1267752540773,ensemble
ETH,phase1,xgb,phase1_xgb,2026-07-08,2026-07-09,0.0010363767887721,-0.00028131526196373995,0.0032133001657700527,1742.6776123046875,1744.484619140625,1742.1874394454494,ensemble
ETH,phase1,xgb,phase1_xgb,2026-07-09,2026-07-10,0.0289319871755302,0.01164383552968498,0.0048019574085501945,1744.484619140625,1795.6932373046875,1764.915829118052,ensemble
ETH,phase1,xgb,phase1_xgb,2026-07-10,2026-07-11,-0.0042377668681416,-0.0010734447307185996,0.004605492880678054,1795.6932373046875,1788.099609375,1793.766694064954,ensemble
ETH,phase1,xgb,phase1_xgb,2026-07-11,2026-07-12,0.0098437240641505,-0.00026795683661475986,0.004877528783455179,1788.099609375,1805.7880859375,1787.6205400479369,ensemble
ETH,phase1,xgb,phase1_xgb,2026-07-12,2026-07-13,-0.0180417009925125,0.0069779298268258195,0.003376094578326936,1805.7880859375,1773.500732421875,1818.43281418897,ensemble
ETH,phase1,xgb,phase1_xgb,2026-07-13,2026-07-14,0.0633461757860125,0.01297524760011578,0.0067010063828509235,1773.500732421875,1889.4798583984373,1796.662282014483,ensemble
ETH,phase1,xgb,phase1_xgb,2026-07-14,2026-07-15,0.0144305241755588,0.01288104336708778,0.0032512992250969867,1889.4798583984373,1916.9437255859373,1913.9757580703895,ensemble
ETH,phase1,xgb,phase1_xgb,2026-07-15,2026-07-16,-0.0284402326891384,0.01671357993036504,0.005855713563340853,1916.9437255859373,1863.193359375,1949.2519587961856,ensemble
ETH,phase1,xgb,phase1_xgb,2026-07-16,2026-07-17,-0.011989404987594,0.00760697028599676,0.004772479913734123,1863.193359375,1840.9881591796875,1877.420660619392,ensemble
ETH,phase1,xgb,phase1_xgb,2026-07-17,2026-07-18,0.0110221726895365,-0.00517378619115326,0.006019727162959491,1840.9881591796875,1861.39208984375,1831.4878774688134,ensemble
ETH,phase1,xgb,phase1_xgb,2026-07-18,2026-07-19,0.0054201709795738,0.007314514741301461,0.004941816961620232,1861.39208984375,1871.508544921875,1875.0571855704025,ensemble
ETH,phase1,xgb,phase1_xgb,2026-07-19,2026-07-20,0.0170854918812539,0.01931101754307742,0.0035172708210545766,1871.508544921875,1903.7589111328125,1908.0004935680415,ensemble
ETH,phase1,xgb,phase1_xgb,2026-07-20,2026-07-21,0.0128519310477648,-0.011548525653779462,0.007054062501052941,1903.7589111328125,1928.3837890625,1881.8997659015308,ensemble
ETH,phase1,xgb,phase1_xgb,2026-07-21,2026-07-22,0.0026444810723667,0.00719498789985658,0.00535422896285326,1928.3837890625,1933.4901123046875,1942.308521159488,ensemble
ETH,phase1,xgb,phase1_xgb,2026-07-22,2026-07-23,-0.0295985684211487,0.006465402897447301,0.0057773133433453965,1933.4901123046875,1877.1002197265625,1946.03140344203,ensemble
ETH,phase1,xgb,phase1_xgb,2026-07-23,2026-07-24,-0.0090566354547485,0.013322346797212881,0.006990708090400702,1877.1002197265625,1860.1767578125,1902.274920531148,ensemble
ETH,phase1,xgb,phase1_xgb,2026-07-24,2026-07-25,0.0069886485747689,0.0008866329211741598,0.007007498546873703,1860.1767578125,1873.222412109375,1861.826783140475,ensemble
ETH,phase1,xgb,phase1_xgb,2026-07-25,2026-07-26,0.0419170428366946,0.01229302659630774,0.005550796065834927,1873.222412109375,1953.4112548828125,1896.3921060943744,ensemble
ETH,phase1,xgb,phase1_xgb,2026-07-26,2026-07-27,-0.0326758126996198,-0.006617895525414459,0.004575396609538134,1953.4112548828125,1890.613525390625,1940.5264654008918,ensemble
ETH,phase1,xgb,phase1_xgb,2026-07-27,2026-07-28,0.015396962638548,0.01192367384210224,0.0035271563435381455,1890.613525390625,1919.948486328125,1913.2915182394722,ensemble
ETH,phase1,xgb,phase1_xgb,2026-07-28,2026-07-29,-0.0059707845121414,0.0176098603755235,0.007549087389872628,1919.948486328125,1908.51904296875,1954.0579611838677,ensemble
ETH,phase1,xgb,phase1_xgb,2026-07-29,2026-07-30,0.0046284096447549,-8.486048318460167e-06,0.00648461967893933,1908.51904296875,1917.3729248046875,1908.5028472526535,ensemble
ETH,phase1,xgb,phase1_xgb,2026-07-30,2026-07-31,-0.0301935171908472,0.01291044959798448,0.006143632953650866,1917.3729248046875,1860.345947265625,1942.2875547855845,ensemble
ETH,phase1,xgb,phase1_xgb,2026-07-31,2026-08-01,-0.0091411558801774,0.00909840813837938,0.005168551435976529,1860.345947265625,1843.417724609375,1877.3493687098844,ensemble
ETH,phase1,xgb,phase1_xgb,2026-08-01,2026-08-02,0.0209910449816346,0.00449072830379006,0.002050218632400777,1843.417724609375,1882.52197265625,1851.7146283879174,ensemble
ETH,phase1,xgb,phase1_xgb,2026-08-02,2026-08-03,-0.0129736864450064,0.0100044847466051,0.005179429470582601,1882.52197265625,1858.2564697265625,1901.4501605240932,ensemble
ETH,phase1,xgb,phase1_xgb,2026-08-03,2026-08-04,0.0054362176829138,0.01012201383709902,0.004246649626572441,1858.2564697265625,1868.3858642578125,1877.1612834111586,ensemble
ETH,phase1,xgb,phase1_xgb,2026-08-04,2026-08-05,0.0202078543669882,0.00849491169210518,0.004459212685769741,1868.3858642578125,1906.5260009765625,1884.3252431360943,ensemble
ETH,phase1,xgb,phase1_xgb,2026-08-05,2026-08-06,-0.0023465458558861,-0.0025324002373963207,0.00686724588961974,1906.5260009765625,1902.0574951171875,1901.704022246094,ensemble
ETH,phase1,xgb,phase1_xgb,2026-08-06,2026-08-07,0.0058825505802162,0.01110938619822258,0.002636051045839811,1902.0574951171875,1913.2794189453125,1923.305996769497,ensemble
ETH,phase1,xgb,phase1_xgb,2026-08-07,2026-08-08,0.0011771484611133,0.013172163907438481,0.0058732918918470555,1913.2794189453125,1915.532958984375,1938.6481628778188,ensemble
ETH,phase1,xgb,phase1_xgb,2026-08-08,2026-08-09,-0.003582552655913,0.010365596227347802,0.0032205906020185797,1915.532958984375,1908.6827392578125,1935.491864467369,ensemble
ETH,phase1,xgb,phase1_xgb,2026-08-09,2026-08-10,-0.0197913520463313,0.00542487930506462,0.0038353914874365473,1908.6827392578125,1871.2786865234373,1919.065249219157,ensemble
ETH,phase1,xgb,phase1_xgb,2026-08-10,2026-08-11,0.0053801271136948,-0.00632894695736466,0.0064137287443516156,1871.2786865234373,1881.37353515625,1859.4728616012376,ensemble
ETH,phase1,xgb,phase1_xgb,2026-08-11,2026-08-12,-0.0017228455012013,0.020858333632349898,0.007754553781923837,1881.37353515625,1878.135009765625,1921.0279771353296,ensemble
ETH,phase1,xgb,phase1_xgb,2026-08-12,2026-08-13,0.0031133074431306,0.007782979961484661,0.005685646722539739,1878.135009765625,1883.9913330078125,1892.8095285791278,ensemble
ETH,phase1,xgb,phase1_xgb,2026-08-13,2026-08-14,-0.0017751010807604,0.016969565115869,0.00437958382872957,1883.9913330078125,1880.6500244140625,1916.2346504031427,ensemble
ETH,phase1,xgb,phase1_xgb,2026-08-14,2026-08-15,0.0001373371127861,0.01114057339727874,0.0020886435141862967,1880.6500244140625,1880.9083251953125,1901.7186846169898,ensemble
ETH,phase1,xgb,phase1_xgb,2026-08-15,2026-08-16,-0.003710048377518,0.013459825795143801,0.005138896325391906,1880.9083251953125,1873.9429931640625,1906.3961697679886,ensemble
ETH,phase1,xgb,phase1_xgb,2026-08-16,2026-08-17,0.0202107717270595,0.00711673636687918,0.00604039762973298,1873.9429931640625,1912.2021484375,1887.3269198629316,ensemble
ETH,phase1,xgb,phase1_xgb,2026-08-17,2026-08-18,0.0022239875598747,0.01510766912251706,0.003539184481323642,1912.2021484375,1916.4595947265625,1941.3103909994325,ensemble
ETH,phase1,xgb,phase1_xgb,2026-08-18,2026-08-19,0.1610984870542504,0.01106192888692016,0.005502552867172415,1916.4595947265625,2251.4580078125,1937.777023038697,ensemble
ETH,phase1,xgb,phase1_xgb,2026-08-19,2026-08-20,0.0327374500344778,0.013667305558919863,0.004442690507552937,2251.4580078125,2326.384765625,2282.440614452207,ensemble
ETH,phase1,xgb,phase1_xgb,2026-08-20,2026-08-21,0.0780693605915992,0.02905544787645336,0.00410437458477726,2326.384765625,2515.28173828125,2394.9704862927106,ensemble
ETH,phase1,xgb,phase1_xgb,2026-08-21,2026-08-22,-0.0368621187101773,0.00536437677219508,0.006336963716371066,2515.28173828125,2424.251220703125,2528.8109125641963,ensemble
ETH,phase1,xgb,phase1_xgb,2026-08-22,2026-08-23,0.0161886325230095,0.00401223041117188,0.005579953858290362,2424.251220703125,2463.81591796875,2433.997414087386,ensemble
ETH,phase1,xgb,phase1_xgb,2026-08-23,2026-08-24,0.0072853803568115,-0.0013399282470345196,0.007804883405816121,2463.81591796875,2481.831298828125,2460.516792214271,ensemble
ETH,phase1,xgb,phase1_xgb,2026-08-24,2026-08-25,-0.0157046670742771,0.00459850574843582,0.007844494747661555,2481.831298828125,2443.159423828125,2493.2702953103194,ensemble
ETH,phase1,xgb,phase1_xgb,2026-08-25,2026-08-26,0.0254999480890524,0.00595235375221814,0.0054901714429978765,2443.159423828125,2506.260986328125,2457.7453401933,ensemble
ETH,phase1,xgb,phase1_xgb,2026-08-26,2026-08-27,0.0016541530230063,0.0073881486430764,0.0067989072345254285,2506.260986328125,2510.41015625,2524.8461856019126,ensemble
ETH,phase1,xgb,phase1_xgb,2026-08-27,2026-08-28,-0.0274093504142575,0.00586291868239636,0.002701616704083086,2510.41015625,2442.535888671875,2525.1717174878963,ensemble
ETH,phase1,xgb,phase1_xgb,2026-08-28,2026-08-29,0.0061835722465449,0.006564505118876659,0.0035792784551069963,2442.535888671875,2457.686279296875,2458.62267113043,ensemble
ETH,phase1,xgb,phase1_xgb,2026-08-29,2026-08-30,-0.0163049615873888,0.0107757217250764,0.003592876848656261,2457.686279296875,2417.938720703125,2484.312825207501,ensemble
ETH,phase1,xgb,phase1_xgb,2026-08-30,2026-08-31,0.0200145895501371,0.00047051496803759984,0.00722123472312893,2417.938720703125,2466.8203125,2419.0766647518735,ensemble
ETH,phase2,lstm,phase2_lstm,2025-10-31,2025-11-01,0.007021586687225155,0.0004736422328278422,0.0008947624045017482,3847.080322265625,3874.18798828125,3848.9028935686297,ensemble
ETH,phase2,lstm,phase2_lstm,2025-11-01,2025-11-02,0.009473174047530416,0.00015064688632264732,0.0007465661906912575,3874.18798828125,3911.063232421875,3874.77166660227,ensemble
ETH,phase2,lstm,phase2_lstm,2025-11-02,2025-11-03,-0.08223448305523949,-0.0004202975775115192,0.0015219913655813988,3911.063232421875,3602.30810546875,3909.4197674161674,ensemble
ETH,phase2,lstm,phase2_lstm,2025-11-03,2025-11-04,-0.08990501013567212,-0.0002238571527414024,0.0019975722128064734,3602.30810546875,3292.574462890625,3601.5017932857045,ensemble
ETH,phase2,lstm,phase2_lstm,2025-11-04,2025-11-05,0.039481668810072805,0.0010889843106269836,0.002511313057851747,3292.574462890625,3425.171142578125,3296.1619778414997,ensemble
ETH,phase2,lstm,phase2_lstm,2025-11-05,2025-11-06,-0.03352136366985419,0.0022233993979170917,0.0032445156578000986,3425.171142578125,3312.2578125,3432.795138487482,ensemble
ETH,phase2,lstm,phase2_lstm,2025-11-06,2025-11-07,0.03647448115981518,0.002916411648038775,0.00397287119353721,3312.2578125,3435.301025390625,3321.931819602361,ensemble
ETH,phase2,lstm,phase2_lstm,2025-11-07,2025-11-08,-0.010218549741346181,0.002947415984294821,0.004597448490736904,3435.301025390625,3400.3759765625,3445.4412228929496,ensemble
ETH,phase2,lstm,phase2_lstm,2025-11-08,2025-11-09,0.05220874290983875,0.0025922626024112105,0.004595550646072362,3400.3759765625,3582.621337890625,3409.202078885681,ensemble
ETH,phase2,lstm,phase2_lstm,2025-11-09,2025-11-10,-0.003960630532174714,0.002928246307419613,0.005251020511305902,3582.621337890625,3568.4599609375,3593.1275104174315,ensemble
ETH,phase2,lstm,phase2_lstm,2025-11-10,2025-11-11,-0.04387398640993172,0.0023887602812465046,0.005119919454053351,3568.4599609375,3415.2822265625,3576.994345598733,ensemble
ETH,phase2,lstm,phase2_lstm,2025-11-11,2025-11-12,-0.0006408517068140884,0.0016911582148168235,0.00511732961435272,3415.2822265625,3413.09423828125,3421.0628957912622,ensemble
ETH,phase2,lstm,phase2_lstm,2025-11-12,2025-11-13,-0.054283922809847215,0.0007875179639086127,0.0044566976547553505,3413.09423828125,3232.757080078125,3415.78316995844,ensemble
ETH,phase2,lstm,phase2_lstm,2025-11-13,2025-11-14,-0.04071281618360177,0.0002604112931294367,0.0039025566940590175,3232.757080078125,3103.78564453125,3233.599036152398,ensemble
ETH,phase2,lstm,phase2_lstm,2025-11-14,2025-11-15,0.020045814386644864,-0.0006167199346236885,0.00246801191484081,3103.78564453125,3166.63134765625,3101.87206818246,ensemble
ETH,phase2,lstm,phase2_lstm,2025-11-15,2025-11-16,-0.023576197316441422,-0.001499694984522648,0.0015826496444983163,3166.63134765625,3092.847412109375,3161.8859257384674,ensemble
ETH,phase2,lstm,phase2_lstm,2025-11-16,2025-11-17,-0.022333536068642135,-0.0025949084578314797,0.0019004691408646647,3092.847412109375,3024.538818359375,3084.832160121089,ensemble
ETH,phase2,lstm,phase2_lstm,2025-11-17,2025-11-18,0.032028732106195945,-0.0028867951477877796,0.002423837546852476,3024.538818359375,3122.97900390625,3015.820184883436,ensemble
ETH,phase2,lstm,phase2_lstm,2025-11-18,2025-11-19,-0.03251421900082368,-0.0034313622629269956,0.0031500526625255426,3122.97900390625,3023.07080078125,3112.281295956465,ensemble
ETH,phase2,lstm,phase2_lstm,2025-11-19,2025-11-20,-0.06536849882670856,-0.003986522485502064,0.0038979747124334566,3023.07080078125,2831.777587890625,3011.0432510362657,ensemble
ETH,phase2,lstm,phase2_lstm,2025-11-20,2025-11-21,-0.02361115238578957,-0.004454520135186613,0.0045007551859309915,2831.777587890625,2765.69921875,2819.191431063491,ensemble
ETH,phase2,lstm,phase2_lstm,2025-11-21,2025-11-22,0.0006897153274086759,-0.004061039630323648,0.0042294535037251104,2765.69921875,2767.607421875,2754.4903797914285,ensemble
ETH,phase2,lstm,phase2_lstm,2025-11-22,2025-11-23,0.012234618260287876,-0.0037976651452481746,0.004037300540638367,2767.607421875,2801.676025390625,2757.116907970794,ensemble
ETH,phase2,lstm,phase2_lstm,2025-11-23,2025-11-24,0.05250671846439223,-0.003729648934677243,0.003993635012363606,2801.676025390625,2952.71337890625,2791.24621923505,ensemble
ETH,phase2,lstm,phase2_lstm,2025-11-24,2025-11-25,0.0017672851723719149,-0.0035473127849400044,0.003909418755751044,2952.71337890625,2957.936279296875,2942.257736667669,ensemble
ETH,phase2,lstm,phase2_lstm,2025-11-25,2025-11-26,0.023348428095094007,-0.0036948479479178785,0.003907356417790667,2957.936279296875,3027.81201171875,2947.0273203881284,ensemble
ETH,phase2,lstm,phase2_lstm,2025-11-26,2025-11-27,-0.004392260426713515,-0.0038701076060533523,0.0040067787844417,3027.81201171875,3014.542236328125,3016.116699079134,ensemble
ETH,phase2,lstm,phase2_lstm,2025-11-27,2025-11-28,0.005874882913213043,-0.004181340534705669,0.004393744141656313,3014.542236328125,3032.304443359375,3001.9637245288864,ensemble
ETH,phase2,lstm,phase2_lstm,2025-11-28,2025-11-29,-0.013485997805236051,-0.004564591019880026,0.004950756276652787,3032.304443359375,2991.685302734375,3018.494755493911,ensemble
ETH,phase2,lstm,phase2_lstm,2025-11-29,2025-11-30,0.00014280097860070945,-0.004837796959327534,0.005275089075149257,2991.685302734375,2992.112548828125,2977.247089405466,ensemble
ETH,phase2,lstm,phase2_lstm,2025-11-30,2025-12-01,-0.0662927736435053,-0.005010211042826995,0.005593955551765994,2992.112548828125,2800.18896484375,2977.1589251805126,ensemble
ETH,phase2,lstm,phase2_lstm,2025-12-01,2025-12-02,0.06823838280892502,-0.004652141901897266,0.0054239916273415715,2800.18896484375,2997.939697265625,2787.192342931719,ensemble
ETH,phase2,lstm,phase2_lstm,2025-12-02,2025-12-03,0.06258823046337834,-0.004135648787632817,0.005114538171761959,2997.939697265625,3191.57177734375,2985.5668740518645,ensemble
ETH,phase2,lstm,phase2_lstm,2025-12-03,2025-12-04,-0.01810241754529839,-0.003625032232957892,0.004331558834810595,3191.57177734375,3134.31640625,3180.023171457918,ensemble
ETH,phase2,lstm,phase2_lstm,2025-12-04,2025-12-05,-0.03568750802814642,-0.0027368324343115093,0.003141468179511989,3134.31640625,3024.432861328125,3125.750035158127,ensemble
ETH,phase2,lstm,phase2_lstm,2025-12-05,2025-12-06,0.005202266348911221,-0.0028227975475601853,0.0028033137060904136,3024.432861328125,3040.207763671875,3015.907537956307,ensemble
ETH,phase2,lstm,phase2_lstm,2025-12-06,2025-12-07,0.006914380156550823,-0.0032645769882947207,0.001974873638192144,3040.207763671875,3061.3017578125,3030.2989542028727,ensemble
ETH,phase2,lstm,phase2_lstm,2025-12-07,2025-12-08,0.020657404003744346,-0.0034415657399222256,0.0011506462948971741,3061.3017578125,3125.197998046875,3050.7841953856673,ensemble
ETH,phase2,lstm,phase2_lstm,2025-12-08,2025-12-09,0.06080292642241868,-0.004244689410552382,0.001702732684691065,3125.197998046875,3321.114990234375,3111.9606173587476,ensemble
ETH,phase2,lstm,phase2_lstm,2025-12-09,2025-12-10,0.001286434597521452,-0.004386175703257322,0.0015860303923443586,3321.114990234375,3325.39013671875,3306.5798963970237,ensemble
ETH,phase2,lstm,phase2_lstm,2025-12-10,2025-12-11,-0.02692245348848621,-0.005035225069150329,0.0024863767496864824,3325.39013671875,3237.056884765625,3308.6881333983774,ensemble
ETH,phase2,lstm,phase2_lstm,2025-12-11,2025-12-12,-0.048381125268667786,-0.004268373921513557,0.0016912005475638156,3237.056884765625,3084.172607421875,3223.269361661185,ensemble
ETH,phase2,lstm,phase2_lstm,2025-12-12,2025-12-13,0.010489822947687412,-0.0043241822393611075,0.001928323468945978,3084.172607421875,3116.6953125,3070.864876273345,ensemble
ETH,phase2,lstm,phase2_lstm,2025-12-13,2025-12-14,-0.01816399360114702,-0.004041936062276363,0.001771744608457131,3116.6953125,3060.5947265625,3104.1232541653226,ensemble
ETH,phase2,lstm,phase2_lstm,2025-12-14,2025-12-15,-0.03200777016588088,-0.00390971836168319,0.0017589157967707071,3060.5947265625,2964.18310546875,3048.6520246757213,ensemble
ETH,phase2,lstm,phase2_lstm,2025-12-15,2025-12-16,-7.412721688312701e-07,-0.0036885249661281704,0.0017840601592246858,2964.18310546875,2964.180908203125,2953.2697814872126,ensemble
ETH,phase2,lstm,phase2_lstm,2025-12-16,2025-12-17,-0.045828192848759323,-0.0026371506392024457,0.0011195354614617473,2964.180908203125,2831.403564453125,2956.3742148638553,ensemble
ETH,phase2,lstm,phase2_lstm,2025-12-17,2025-12-18,-0.0015320294953636582,-0.0012307933764532208,0.0016533392454888645,2831.403564453125,2827.069091796875,2827.9208353995073,ensemble
ETH,phase2,lstm,phase2_lstm,2025-12-18,2025-12-19,0.05200157806139122,0.0003624538774602115,0.0026776850756559684,2827.069091796875,2977.970703125,2828.093959673493,ensemble
ETH,phase2,lstm,phase2_lstm,2025-12-19,2025-12-20,-0.0001303602133292682,0.00191548258299008,0.004212088308941908,2977.970703125,2977.58251953125,2983.6804208261146,ensemble
ETH,phase2,lstm,phase2_lstm,2025-12-20,2025-12-21,0.008038330984924418,0.0028030094887071754,0.005008764244311749,2977.58251953125,3001.61376953125,2985.9404197514777,ensemble
ETH,phase2,lstm,phase2_lstm,2025-12-21,2025-12-22,0.0014847515809792915,0.0026790095813339575,0.004824463880409092,3001.61376953125,3006.07373046875,3009.6659026342463,ensemble
ETH,phase2,lstm,phase2_lstm,2025-12-22,2025-12-23,-0.014306326840175283,0.0024908355786465108,0.0040874686933571255,3006.07373046875,2963.3740234375,3013.570698850329,ensemble
ETH,phase2,lstm,phase2_lstm,2025-12-23,2025-12-24,-0.0060191597554604985,0.002930777016445063,0.004565218652619266,2963.3740234375,2945.590576171875,2972.071751241165,ensemble
ETH,phase2,lstm,phase2_lstm,2025-12-24,2025-12-25,-0.014365015056822026,0.0029982802720041946,0.004922646313789776,2945.590576171875,2903.57958984375,2954.4355354932172,ensemble
ETH,phase2,lstm,phase2_lstm,2025-12-25,2025-12-26,0.007605038907991378,0.0027316204650560394,0.0047114408919126695,2903.57958984375,2925.74560546875,2911.521910036842,ensemble
ETH,phase2,lstm,phase2_lstm,2025-12-26,2025-12-27,0.0075770385642638756,0.0027104844361019787,0.0048110705431749935,2925.74560546875,2947.998291015625,2933.686550438579,ensemble
ETH,phase2,lstm,phase2_lstm,2025-12-27,2025-12-28,0.00019327323098403297,0.0018420181146211688,0.003852224723706704,2947.998291015625,2948.568115234375,2953.4335616662092,ensemble
ETH,phase2,lstm,phase2_lstm,2025-12-28,2025-12-29,-0.00476952504017534,0.0013250393705675379,0.003703899555456133,2948.568115234375,2934.538330078125,2952.4776736612685,ensemble
ETH,phase2,lstm,phase2_lstm,2025-12-29,2025-12-30,0.012488715813386491,0.0014053396356757731,0.0036279059051777425,2934.538330078125,2971.416748046875,2938.6652522902573,ensemble
ETH,phase2,lstm,phase2_lstm,2025-12-30,2025-12-31,-0.0014748454494985343,0.0022320282441796735,0.004744925182303576,2971.416748046875,2967.03759765625,2978.0564413887287,ensemble
ETH,phase2,lstm,phase2_lstm,2025-12-31,2026-01-01,0.01117969589667102,0.0033767353743314743,0.007000879182839551,2967.03759765625,3000.394287109375,2977.073433113527,ensemble
ETH,phase2,lstm,phase2_lstm,2026-01-01,2026-01-02,0.04050579142356504,0.003429723851149902,0.007626478665173614,3000.394287109375,3124.422607421875,3010.702477978163,ensemble
ETH,phase2,lstm,phase2_lstm,2026-01-02,2026-01-03,0.0004783333560596635,0.003009629502776079,0.007450216872571049,3124.422607421875,3125.91748046875,3133.840126393228,ensemble
ETH,phase2,lstm,phase2_lstm,2026-01-03,2026-01-04,0.004721198192569982,0.002973977627698332,0.007851706118920087,3125.91748046875,3140.71044921875,3135.227726491313,ensemble
ETH,phase2,lstm,phase2_lstm,2026-01-04,2026-01-05,0.02683435946003148,0.0025651964941062035,0.007273353602728143,3140.71044921875,3226.13037109375,3148.777330796763,ensemble
ETH,phase2,lstm,phase2_lstm,2026-01-05,2026-01-06,0.021410072765534124,0.0029767317580990495,0.00710675152761743,3226.13037109375,3295.94677734375,3235.7480032789695,ensemble
ETH,phase2,lstm,phase2_lstm,2026-01-06,2026-01-07,-0.039957957746070624,0.0043060964904725555,0.00832693867604101,3295.94677734375,3166.843994140625,3310.1700435950347,ensemble
ETH,phase2,lstm,phase2_lstm,2026-01-07,2026-01-08,-0.01992066167813984,0.005871596978977323,0.01016704007429831,3166.843994140625,3104.382568359375,3185.4931222733435,ensemble
ETH,phase2,lstm,phase2_lstm,2026-01-08,2026-01-09,-0.006896412519137501,0.006932771881110966,0.011094140520019755,3104.382568359375,3083.047119140625,3125.9793207153266,ensemble
ETH,phase2,lstm,phase2_lstm,2026-01-09,2026-01-10,-0.00021121695136130524,0.00813913047531969,0.0117239187942187,3083.047119140625,3082.39599609375,3108.2428384366044,ensemble
ETH,phase2,lstm,phase2_lstm,2026-01-10,2026-01-11,0.011768432191719677,0.008580425439868122,0.0118602936709003,3082.39599609375,3118.88525390625,3108.958059048489,ensemble
ETH,phase2,lstm,phase2_lstm,2026-01-11,2026-01-12,-0.008552349240195838,0.008274208498187363,0.011378567801780965,3118.88525390625,3092.3251953125,3144.7986192317526,ensemble
ETH,phase2,lstm,phase2_lstm,2026-01-12,2026-01-13,0.07167244785080332,0.008817176567390561,0.010947022269624017,3092.3251953125,3322.095458984375,3119.7113293307143,ensemble
ETH,phase2,lstm,phase2_lstm,2026-01-13,2026-01-14,0.009773355035415114,0.010453775711357593,0.01172260891679361,3322.095458984375,3354.72265625,3357.006055655353,ensemble
ETH,phase2,lstm,phase2_lstm,2026-01-14,2026-01-15,-0.01127779653171091,0.012993022278533318,0.013761950701688203,3354.72265625,3317.101318359375,3398.595042703655,ensemble
ETH,phase2,lstm,phase2_lstm,2026-01-15,2026-01-16,-0.006538811242779367,0.014203490177169441,0.014285920662658104,3317.101318359375,3295.482177734375,3364.5519187017335,ensemble
ETH,phase2,lstm,phase2_lstm,2026-01-16,2026-01-17,0.004052512545503773,0.014180105552077294,0.014205535866182468,3295.482177734375,3308.8642578125,3342.5453546666367,ensemble
ETH,phase2,lstm,phase2_lstm,2026-01-17,2026-01-18,-0.008408684018054191,0.013428063259925693,0.014035513829895768,3308.8642578125,3281.15771484375,3353.5955515723745,ensemble
ETH,phase2,lstm,phase2_lstm,2026-01-18,2026-01-19,-0.029235184793820444,0.011651530128438026,0.013517593741326743,3281.15771484375,3186.62109375,3319.6118123149085,ensemble
ETH,phase2,lstm,phase2_lstm,2026-01-19,2026-01-20,-0.08204732940901807,0.010270973504520952,0.01237682620523358,3186.62109375,2935.605712890625,3219.5194544569968,ensemble
ETH,phase2,lstm,phase2_lstm,2026-01-20,2026-01-21,0.014640674097217414,0.009857351216487587,0.011935957398310566,2935.605712890625,2978.901123046875,2964.686101767349,ensemble
ETH,phase2,lstm,phase2_lstm,2026-01-21,2026-01-22,-0.009873624051331843,0.009706160193309188,0.011180092903853628,2978.901123046875,2949.63330078125,3007.955590102664,ensemble
ETH,phase2,lstm,phase2_lstm,2026-01-22,2026-01-23,0.0012275504187740749,0.00982444673718419,0.010413968931251662,2949.63330078125,2953.25634765625,2978.7546322925728,ensemble
ETH,phase2,lstm,phase2_lstm,2026-01-23,2026-01-24,-0.0015302026847261398,0.009789579041535035,0.009515785530027398,2953.25634765625,2948.74072265625,2982.3094609489044,ensemble
ETH,phase2,lstm,phase2_lstm,2026-01-24,2026-01-25,-0.046095446910964524,0.00918505213339813,0.00867001959230145,2948.74072265625,2815.90234375,2975.949827151883,ensemble
ETH,phase2,lstm,phase2_lstm,2026-01-25,2026-01-26,0.0385097283715548,0.008875451009953395,0.008313039077158227,2815.90234375,2926.45703125,2841.0059853294047,ensemble
ETH,phase2,lstm,phase2_lstm,2026-01-26,2026-01-27,0.03219617504335294,0.008598979201633484,0.00762257509502282,2926.45703125,3022.2109375,2951.7300798768897,ensemble
ETH,phase2,lstm,phase2_lstm,2026-01-27,2026-01-28,-0.005176321307197195,0.008969562966376543,0.008247463724628562,3022.2109375,3006.607421875,3049.4407861625073,ensemble
ETH,phase2,lstm,phase2_lstm,2026-01-28,2026-01-29,-0.06470236643237812,0.008631513742147944,0.008390979683243375,3006.607421875,2818.232666015625,3032.671318776559,ensemble
ETH,phase2,lstm,phase2_lstm,2026-01-29,2026-01-30,-0.04197886796827195,0.008410370894125663,0.008240881501919112,2818.232666015625,2702.375244140625,2842.0350009317835,ensemble
ETH,phase2,lstm,phase2_lstm,2026-01-30,2026-01-31,-0.10004843937927187,0.008407649822765961,0.008233761454802155,2702.375244140625,2445.091796875,2725.1916506563894,ensemble
ETH,phase2,lstm,phase2_lstm,2026-01-31,2026-02-01,-0.07519978220290023,0.008816712780389934,0.008668177866612576,2445.091796875,2267.96484375,2466.744782783513,ensemble
ETH,phase2,lstm,phase2_lstm,2026-02-01,2026-02-02,0.03312814665299069,0.008657067618332803,0.00849009713565222,2267.96484375,2344.356689453125,2287.6840006417383,ensemble
ETH,phase2,lstm,phase2_lstm,2026-02-02,2026-02-03,-0.05110473707553693,0.008330726088024676,0.007852423810326498,2344.356689453125,2227.558837890625,2363.9684596053044,ensemble
ETH,phase2,lstm,phase2_lstm,2026-02-03,2026-02-04,-0.03846435100865618,0.008028799618114136,0.007887481593158979,2227.558837890625,2143.504150390625,2245.5154499985656,ensemble
ETH,phase2,lstm,phase2_lstm,2026-02-04,2026-02-05,-0.16268108635736284,0.007157627958804369,0.00733070666842066,2143.504150390625,1821.68310546875,2158.9015944791245,ensemble
ETH,phase2,lstm,phase2_lstm,2026-02-05,2026-02-06,0.12458793243377704,0.006764345359988511,0.006524116045499396,1821.68310546875,2063.386962890625,1834.0473700632324,ensemble
ETH,phase2,lstm,phase2_lstm,2026-02-06,2026-02-07,0.013078072860626821,0.0061311711557209495,0.005661383822233614,2063.386962890625,2090.54931640625,2076.0768035609017,ensemble
ETH,phase2,lstm,phase2_lstm,2026-02-07,2026-02-08,-0.00085486651992098,0.005140870111063123,0.004962354590503892,2090.54931640625,2088.762939453125,2101.3242313914307,ensemble
ETH,phase2,lstm,phase2_lstm,2026-02-08,2026-02-09,0.007062777520560773,0.0037635453103575856,0.004302225100156811,2088.762939453125,2103.567626953125,2096.6389048983187,ensemble
ETH,phase2,lstm,phase2_lstm,2026-02-09,2026-02-10,-0.04078608660125574,0.002163568255491555,0.003801702421820671,2103.567626953125,2019.4974365234373,2108.123766075783,ensemble
ETH,phase2,lstm,phase2_lstm,2026-02-10,2026-02-11,-0.03984048759789168,0.001014901269809343,0.003950156970513957,2019.4974365234373,1940.621337890625,2021.548067454093,ensemble
ETH,phase2,lstm,phase2_lstm,2026-02-11,2026-02-12,0.003251056309532056,-3.3328216522932054e-05,0.004480001335276432,1940.621337890625,1946.940673828125,1940.5566615202667,ensemble
ETH,phase2,lstm,phase2_lstm,2026-02-12,2026-02-13,0.05086191072713562,-0.0011301585473120213,0.005101825202607047,1946.940673828125,2048.52734375,1944.7415650893267,ensemble
ETH,phase2,lstm,phase2_lstm,2026-02-13,2026-02-14,0.018131871977993777,-0.00208559837192297,0.005849887633156637,2048.52734375,2086.009765625,2044.2593906221164,ensemble
ETH,phase2,lstm,phase2_lstm,2026-02-14,2026-02-15,-0.05923016066341757,-0.0029008998535573483,0.006583714104842998,2086.009765625,1966.04296875,2079.9672288358615,ensemble
ETH,phase2,lstm,phase2_lstm,2026-02-15,2026-02-16,0.016082623092426845,-0.0032988744787871838,0.007252620354795031,1966.04296875,1997.917724609375,1959.5679258252112,ensemble
ETH,phase2,lstm,phase2_lstm,2026-02-16,2026-02-17,-0.002868787898831094,-0.003104149445425719,0.007572246901920716,1997.917724609375,1992.1943359375,1991.725505172008,ensemble
ETH,phase2,lstm,phase2_lstm,2026-02-17,2026-02-18,-0.019371403139241388,-0.0026225053472444413,0.00782653657246344,1992.1943359375,1953.97412109375,1986.9766403464541,ensemble
ETH,phase2,lstm,phase2_lstm,2026-02-18,2026-02-19,-0.002958901252870125,-0.0020598378498107193,0.007943268803616406,1953.97412109375,1948.2010498046875,1949.9533936864584,ensemble
ETH,phase2,lstm,phase2_lstm,2026-02-19,2026-02-20,0.010630736664791151,-0.0015360521618276834,0.008270171299643444,1948.2010498046875,1969.0223388671875,1945.2108085416835,ensemble
ETH,phase2,lstm,phase2_lstm,2026-02-20,2026-02-21,0.0023916477643178046,-0.0005543394014239311,0.007245301491588592,1969.0223388671875,1973.7371826171875,1967.931134679151,ensemble
ETH,phase2,lstm,phase2_lstm,2026-02-21,2026-02-22,-0.008104381025179103,0.0002545548602938652,0.006058682288154718,1973.7371826171875,1957.805908203125,1974.2396709626773,ensemble
ETH,phase2,lstm,phase2_lstm,2026-02-22,2026-02-23,-0.053668696967508325,0.0011731886421330272,0.004982057002534459,1957.805908203125,1855.5028076171875,1960.104131719392,ensemble
ETH,phase2,lstm,phase2_lstm,2026-02-23,2026-02-24,-0.001366236763411363,0.0022664513206109406,0.00509141576318762,1855.5028076171875,1852.969482421875,1859.712983683225,ensemble
ETH,phase2,lstm,phase2_lstm,2026-02-24,2026-02-25,0.10330529755605292,0.0025314200669527055,0.005100555178838865,1852.969482421875,2054.6279296875,1857.6660685613174,ensemble
ETH,phase2,lstm,phase2_lstm,2026-02-25,2026-02-26,-0.013640230652308093,0.0018054512795060873,0.004462105127104154,2054.6279296875,2026.7926025390625,2058.3408110166774,ensemble
ETH,phase2,lstm,phase2_lstm,2026-02-26,2026-02-27,-0.04853988358482078,0.00020324884681031108,0.0035419102133516225,2026.7926025390625,1930.7618408203125,2027.2045876645848,ensemble
ETH,phase2,lstm,phase2_lstm,2026-02-27,2026-02-28,0.017603302415937827,-0.0015103768557310105,0.003043747941172119,1930.7618408203125,1965.050537109375,1927.847863977556,ensemble
ETH,phase2,lstm,phase2_lstm,2026-02-28,2026-03-01,-0.013311214361673498,-0.0030772411962971093,0.0031056368999554797,1965.050537109375,1939.066650390625,1959.0128970455512,ensemble
ETH,phase2,lstm,phase2_lstm,2026-03-01,2026-03-02,0.04448277882265156,-0.004470820468850434,0.0035287030868916334,1939.066650390625,2027.2689208984373,1930.4167819320346,ensemble
ETH,phase2,lstm,phase2_lstm,2026-03-02,2026-03-03,-0.02219521539096451,-0.005660620192065835,0.0036526276242817013,2027.2689208984373,1982.7689208984373,2015.8257398167748,ensemble
ETH,phase2,lstm,phase2_lstm,2026-03-03,2026-03-04,0.06998564880773499,-0.006900576734915375,0.0041694813789957715,1982.7689208984373,2126.50537109375,1969.1337711173082,ensemble
ETH,phase2,lstm,phase2_lstm,2026-03-04,2026-03-05,-0.026156066067129717,-0.007503327820450068,0.00407386208271752,2126.50537109375,2071.60546875,2110.6092157939324,ensemble
ETH,phase2,lstm,phase2_lstm,2026-03-05,2026-03-06,-0.04585794631276462,-0.008163724560290575,0.004266411228371354,2071.60546875,1978.751220703125,2054.7622973561465,ensemble
ETH,phase2,lstm,phase2_lstm,2026-03-06,2026-03-07,-0.004708868776353749,-0.009055508440360427,0.005027366618050685,1978.751220703125,1969.4554443359373,1960.9135089913386,ensemble
ETH,phase2,lstm,phase2_lstm,2026-03-07,2026-03-08,-0.016820776457913442,-0.009116793842986226,0.005385022722548183,1969.4554443359373,1936.604736328125,1951.5819234671717,ensemble
ETH,phase2,lstm,phase2_lstm,2026-03-08,2026-03-09,0.028673744603590037,-0.008899961225688457,0.0056272411066038905,1936.604736328125,1992.938232421875,1919.4455007948916,ensemble
ETH,phase2,lstm,phase2_lstm,2026-03-09,2026-03-10,0.021927234478122906,-0.007722482550889254,0.004993511116502327,1992.938232421875,2037.1204833984373,1977.6070751857242,ensemble
ETH,phase2,lstm,phase2_lstm,2026-03-10,2026-03-11,0.007069651069372434,-0.006528594507835805,0.004127585058410298,2037.1204833984373,2051.5732421875,2023.8642691070647,ensemble
ETH,phase2,lstm,phase2_lstm,2026-03-11,2026-03-12,0.010455613837732266,-0.005716129881329834,0.0037358411018634623,2051.5732421875,2073.13623046875,2039.879635999831,ensemble
ETH,phase2,lstm,phase2_lstm,2026-03-12,2026-03-13,0.00932731032254328,-0.005224146507680416,0.0038405555787779234,2073.13623046875,2092.5634765625,2062.334103584482,ensemble
ETH,phase2,lstm,phase2_lstm,2026-03-13,2026-03-14,0.0021592233043722896,-0.004970070696435869,0.0046288938089034965,2092.5634765625,2097.086669921875,2082.189090219306,ensemble
ETH,phase2,lstm,phase2_lstm,2026-03-14,2026-03-15,0.03761747257489843,-0.004756908945273608,0.00522859430230553,2097.086669921875,2177.476318359375,2087.134708635768,ensemble
ETH,phase2,lstm,phase2_lstm,2026-03-15,2026-03-16,0.0767490852405507,-0.004627907186659286,0.0057144802009225755,2177.476318359375,2351.176025390625,2167.422442203805,ensemble
ETH,phase2,lstm,phase2_lstm,2026-03-16,2026-03-17,-0.014187828746907258,-0.004337694519199431,0.005794237912955725,2351.176025390625,2318.053466796875,2340.9994294703415,ensemble
ETH,phase2,lstm,phase2_lstm,2026-03-17,2026-03-18,-0.05060291819156262,-0.004065210931003094,0.005505834132804335,2318.053466796875,2203.671630859375,2308.6492185824886,ensemble
ETH,phase2,lstm,phase2_lstm,2026-03-18,2026-03-19,-0.030523607148640667,-0.0038203953532502054,0.005931662774936584,2203.671630859375,2137.423828125,2195.2687952979577,ensemble
ETH,phase2,lstm,phase2_lstm,2026-03-19,2026-03-20,0.004235958585431247,-0.003321403206791729,0.005934687115834245,2137.423828125,2146.4970703125,2130.336358455816,ensemble
ETH,phase2,lstm,phase2_lstm,2026-03-20,2026-03-21,-0.033061992006107994,-0.002730039897141978,0.005508514837616191,2146.4970703125,2076.68994140625,2140.645039444978,ensemble
ETH,phase2,lstm,phase2_lstm,2026-03-21,2026-03-22,-0.011449568094526609,-0.002007789458730258,0.004745956622689413,2076.68994140625,2053.04833984375,2072.5245682283166,ensemble
ETH,phase2,lstm,phase2_lstm,2026-03-22,2026-03-23,0.04713979833568274,-0.0010373674827860667,0.003706988852474866,2053.04833984375,2152.14599609375,2050.9196785483064,ensemble
ETH,phase2,lstm,phase2_lstm,2026-03-23,2026-03-24,0.0016520306586044232,-0.00036078960984013974,0.0034184048903008147,2152.14599609375,2155.704345703125,2151.369664234156,ensemble
ETH,phase2,lstm,phase2_lstm,2026-03-24,2026-03-25,0.005697480587391201,2.4936802219599485e-05,0.003241073174202205,2155.704345703125,2168.021484375,2155.7581027462993,ensemble
ETH,phase2,lstm,phase2_lstm,2026-03-25,2026-03-26,-0.05131370661715102,0.000950823345920071,0.00263864645598285,2168.021484375,2059.578369140625,2170.083870143691,ensemble
ETH,phase2,lstm,phase2_lstm,2026-03-26,2026-03-27,-0.033727669892453536,0.001517382328165695,0.0026115707281120252,2059.578369140625,1991.27197265625,2062.705909198355,ensemble
ETH,phase2,lstm,phase2_lstm,2026-03-27,2026-03-28,0.0007141663784116856,0.0017994496680330484,0.0026133067732796882,1991.27197265625,1992.694580078125,1994.8583921693696,ensemble
ETH,phase2,lstm,phase2_lstm,2026-03-28,2026-03-29,-0.005098999439741094,0.0018574691493995488,0.003028075498827531,1992.694580078125,1982.5596923828125,1996.3993885032812,ensemble
ETH,phase2,lstm,phase2_lstm,2026-03-29,2026-03-30,0.02044726139354914,0.002189260395243764,0.0036959265492681223,1982.5596923828125,2023.514892578125,1986.9047863341511,ensemble
ETH,phase2,lstm,phase2_lstm,2026-03-30,2026-03-31,0.039340814763852025,0.0026273497613146903,0.00421631917118933,2023.514892578125,2104.708251953125,2028.8383641967885,ensemble
ETH,phase2,lstm,phase2_lstm,2026-03-31,2026-04-01,0.016038636316827372,0.003854226414114237,0.005555630125519108,2104.708251953125,2138.737060546875,2112.8359269802713,ensemble
ETH,phase2,lstm,phase2_lstm,2026-04-01,2026-04-02,-0.03903857547596571,0.005265118088573217,0.006735321926154277,2138.737060546875,2056.8525390625,2150.027460292834,ensemble
ETH,phase2,lstm,phase2_lstm,2026-04-02,2026-04-03,-0.0016871461717564678,0.006684287404641509,0.007772447733949364,2056.8525390625,2053.38525390625,2070.6471849096247,ensemble
ETH,phase2,lstm,phase2_lstm,2026-04-03,2026-04-04,0.00581068555550107,0.007740381365874782,0.00871032699193544,2053.38525390625,2065.3515625,2069.340910633358,ensemble
ETH,phase2,lstm,phase2_lstm,2026-04-04,2026-04-05,0.020911357684258978,0.007086716976482421,0.008093229438109069,2065.3515625,2108.99560546875,2080.0401097956883,ensemble
ETH,phase2,lstm,phase2_lstm,2026-04-05,2026-04-06,-0.0005853459761497797,0.006968788453377783,0.008131826951284034,2108.99560546875,2107.761474609375,2123.7440795031016,ensemble
ETH,phase2,lstm,phase2_lstm,2026-04-06,2026-04-07,0.06165560497032879,0.007203060761094093,0.00804741053072869,2107.761474609375,2241.806640625,2122.998619741599,ensemble
ETH,phase2,lstm,phase2_lstm,2026-04-07,2026-04-08,-0.02322737152703056,0.00891128279035911,0.008793716833174089,2241.806640625,2190.33544921875,2261.87329056456,ensemble
ETH,phase2,lstm,phase2_lstm,2026-04-08,2026-04-09,-0.0005440857898826656,0.010602159798145295,0.008950187949147028,2190.33544921875,2189.14404296875,2213.681275067616,ensemble
ETH,phase2,lstm,phase2_lstm,2026-04-09,2026-04-10,0.025261127435567108,0.011765812896192074,0.008828550812018133,2189.14404296875,2245.148681640625,2215.0532245799895,ensemble
ETH,phase2,lstm,phase2_lstm,2026-04-10,2026-04-11,0.017765001038666954,0.012419475894421338,0.008728874500630864,2245.148681640625,2285.39013671875,2273.2061202744485,ensemble
ETH,phase2,lstm,phase2_lstm,2026-04-11,2026-04-12,-0.04163060757712065,0.012201007874682545,0.008471379814726001,2285.39013671875,2192.201171875,2313.4450005503827,ensemble
ETH,phase2,lstm,phase2_lstm,2026-04-12,2026-04-13,0.07828539113868566,0.011478876555338502,0.007933496433652402,2192.201171875,2370.71484375,2217.5101599847517,ensemble
ETH,phase2,lstm,phase2_lstm,2026-04-13,2026-04-14,-0.02019924377033633,0.011179035995155573,0.007499641067000453,2370.71484375,2323.30859375,2397.365838990877,ensemble
ETH,phase2,lstm,phase2_lstm,2026-04-14,2026-04-15,0.015430748489014857,0.011233069375157357,0.007243626740077771,2323.30859375,2359.43701171875,2349.5536104402995,ensemble
ETH,phase2,lstm,phase2_lstm,2026-04-15,2026-04-16,-0.004584461790341291,0.010544010670855641,0.006353314396523786,2359.43701171875,2348.64501953125,2384.4465595118963,ensemble
ETH,phase2,lstm,phase2_lstm,2026-04-16,2026-04-17,0.03037175089257519,0.009914600383490324,0.005747098680261632,2348.64501953125,2421.07177734375,2372.0467138692043,ensemble
ETH,phase2,lstm,phase2_lstm,2026-04-17,2026-04-18,-0.029326772361462847,0.010107686603441834,0.00561758752723756,2421.07177734375,2351.1005859375,2445.667304654041,ensemble
ETH,phase2,lstm,phase2_lstm,2026-04-18,2026-04-19,-0.0373454427406088,0.010073513071984053,0.0054764802843381265,2351.1005859375,2264.9169921875,2374.9041197383294,ensemble
ETH,phase2,lstm,phase2_lstm,2026-04-19,2026-04-20,0.021963323579239753,0.00989126362837851,0.00576381770787157,2264.9169921875,2315.21240234375,2287.431045915165,ensemble
ETH,phase2,lstm,phase2_lstm,2026-04-20,2026-04-21,0.0054954065471357755,0.010200890619307757,0.006179457748981747,2315.21240234375,2327.970458984375,2338.9504998436864,ensemble
ETH,phase2,lstm,phase2_lstm,2026-04-21,2026-04-22,0.02045865422003999,0.010579848592169584,0.006913392050878655,2327.970458984375,2376.088134765625,2352.730783250298,ensemble
ETH,phase2,lstm,phase2_lstm,2026-04-22,2026-04-23,-0.0189376886242059,0.010740564088337123,0.007244824881561483,2376.088134765625,2331.513916015625,2401.7462060777557,ensemble
ETH,phase2,lstm,phase2_lstm,2026-04-23,2026-04-24,-0.006810026535066284,0.010611676797270774,0.007893366972863834,2331.513916015625,2315.690185546875,2356.386926909772,ensemble
ETH,phase2,lstm,phase2_lstm,2026-04-24,2026-04-25,0.001354581263398566,0.010649596457369626,0.008430141075357373,2315.690185546875,2318.8291015625,2340.4831346731776,ensemble
ETH,phase2,lstm,phase2_lstm,2026-04-25,2026-04-26,0.02171324359272805,0.009562113595893606,0.008976201167226337,2318.8291015625,2369.72900390625,2341.108357472464,ensemble
ETH,phase2,lstm,phase2_lstm,2026-04-26,2026-04-27,-0.02853520923910551,0.008754448592662811,0.00942397115383905,2369.72900390625,2303.06396484375,2390.5657486771406,ensemble
ETH,phase2,lstm,phase2_lstm,2026-04-27,2026-04-28,-0.005942025412355139,0.008713957597501576,0.009644818065230976,2303.06396484375,2289.419677734375,2323.220460456575,ensemble
ETH,phase2,lstm,phase2_lstm,2026-04-28,2026-04-29,-0.01585118391858995,0.008838130126241595,0.009892207792312634,2289.419677734375,2253.415771484375,2309.7435469646434,ensemble
ETH,phase2,lstm,phase2_lstm,2026-04-29,2026-04-30,0.0012574984349416124,0.009298211307032034,0.010283826710559867,2253.415771484375,2256.251220703125,2274.4662215943063,ensemble
ETH,phase2,lstm,phase2_lstm,2026-04-30,2026-05-01,0.017069008220622378,0.009743683837587013,0.010270673595346714,2256.251220703125,2295.09375,2278.3428715059126,ensemble
ETH,phase2,lstm,phase2_lstm,2026-05-01,2026-05-02,0.00916800638403556,0.009788019780535251,0.010098552553868457,2295.09375,2316.23193359375,2317.6684737130186,ensemble
ETH,phase2,lstm,phase2_lstm,2026-05-02,2026-05-03,0.0023302997915724253,0.009451587259536608,0.009858320686536953,2316.23193359375,2321.6357421875,2338.227785941209,ensemble
ETH,phase2,lstm,phase2_lstm,2026-05-03,2026-05-04,0.010608949945406291,0.009234483246109449,0.009804278069172926,2321.6357421875,2346.39697265625,2343.174143497051,ensemble
ETH,phase2,lstm,phase2_lstm,2026-05-04,2026-05-05,0.00628165402969772,0.009689903922844679,0.010094698241554982,2346.39697265625,2361.1826171875,2369.2438471298933,ensemble
ETH,phase2,lstm,phase2_lstm,2026-05-05,2026-05-06,-0.004406055141063485,0.010222300421446562,0.010400676909222244,2361.1826171875,2350.802001953125,2385.4431230811415,ensemble
ETH,phase2,lstm,phase2_lstm,2026-05-06,2026-05-07,-0.02572114978849261,0.010801213025115431,0.010355363952952118,2350.802001953125,2291.107666015625,2376.3311397856455,ensemble
ETH,phase2,lstm,phase2_lstm,2026-05-07,2026-05-08,0.006900517380177334,0.011066628247499466,0.009650981423377536,2291.107666015625,2306.97216796875,2316.6033180776667,ensemble
ETH,phase2,lstm,phase2_lstm,2026-05-08,2026-05-09,0.008526770803293412,0.011875317059457302,0.009443916528962037,2306.97216796875,2326.727294921875,2334.5315079863894,ensemble
ETH,phase2,lstm,phase2_lstm,2026-05-09,2026-05-10,0.018023789401602215,0.01223770622164011,0.009570284451041154,2326.727294921875,2369.0439453125,2355.3760399386515,ensemble
ETH,phase2,lstm,phase2_lstm,2026-05-10,2026-05-11,-0.012608728464913158,0.012194060161709786,0.009622994693069988,2369.0439453125,2339.36083984375,2398.109060436122,ensemble
ETH,phase2,lstm,phase2_lstm,2026-05-11,2026-05-12,-0.028054385823506677,0.011918430589139462,0.009692921347460135,2339.36083984375,2274.6435546875,2367.409163617518,ensemble
ETH,phase2,lstm,phase2_lstm,2026-05-12,2026-05-13,-0.007531505292275851,0.01189730390906334,0.010109966934423249,2274.6435546875,2257.576416015625,2301.867303834368,ensemble
ETH,phase2,lstm,phase2_lstm,2026-05-13,2026-05-14,0.01029350969888902,0.0113011181820184,0.00953454994397591,2257.576416015625,2280.934814453125,2283.234261998512,ensemble
ETH,phase2,lstm,phase2_lstm,2026-05-14,2026-05-15,-0.025579807171991084,0.010980037413537503,0.008977386708093959,2280.934814453125,2223.328857421875,2306.117564819506,ensemble
ETH,phase2,lstm,phase2_lstm,2026-05-15,2026-05-16,-0.019794470746775893,0.01159816882573068,0.009666422446657452,2223.328857421875,2179.751953125,2249.2655190113537,ensemble
ETH,phase2,lstm,phase2_lstm,2026-05-16,2026-05-17,-0.024195229175847065,0.011201357678510248,0.009879088935002781,2179.751953125,2127.645263671875,2204.305393609948,ensemble
ETH,phase2,lstm,phase2_lstm,2026-05-17,2026-05-18,0.0004092183281597835,0.010777266341028735,0.009655834739897617,2127.645263671875,2128.51611328125,2150.6994708793095,ensemble
ETH,phase2,lstm,phase2_lstm,2026-05-18,2026-05-19,-0.00875425372369268,0.010721013986039907,0.009977115678257308,2128.51611328125,2109.9638671875,2151.4587285992343,ensemble
ETH,phase2,lstm,phase2_lstm,2026-05-19,2026-05-20,0.008033908248005973,0.011260731006041169,0.011014495546647601,2109.9638671875,2126.9833984375,2133.857882279016,ensemble
ETH,phase2,lstm,phase2_lstm,2026-05-20,2026-05-21,0.002079303908552925,0.011157931340858341,0.01144426155536734,2126.9833984375,2131.41064453125,2150.849031101451,ensemble
ETH,phase2,lstm,phase2_lstm,2026-05-21,2026-05-22,-0.031829628880296966,0.010980465216562152,0.011707153143215361,2131.41064453125,2064.636962890625,2154.943489320572,ensemble
ETH,phase2,lstm,phase2_lstm,2026-05-22,2026-05-23,0.024550147375465296,0.011337723769247531,0.012245977949941868,2064.636962890625,2115.951416015625,2088.17844770985,ensemble
ETH,phase2,lstm,phase2_lstm,2026-05-23,2026-05-24,-0.008522952674199372,0.011139633925631642,0.012222125960815462,2115.951416015625,2097.993896484375,2139.6541147801013,ensemble
ETH,phase2,lstm,phase2_lstm,2026-05-24,2026-05-25,0.006355596261768782,0.011430589994415642,0.012779165883576202,2097.993896484375,2111.370361328125,2122.1127884980147,ensemble
ETH,phase2,lstm,phase2_lstm,2026-05-25,2026-05-26,-0.019374108363781214,0.011113603645935655,0.013119870794712909,2111.370361328125,2070.858154296875,2134.9661690373455,ensemble
ETH,phase2,lstm,phase2_lstm,2026-05-26,2026-05-27,-0.023777930243884346,0.011106577701866627,0.013669514446761183,2070.858154296875,2022.1982421875,2093.9865019408826,ensemble
ETH,phase2,lstm,phase2_lstm,2026-05-27,2026-05-28,-0.0072687232435778805,0.01097079012542963,0.013781280827764713,2022.1982421875,2007.552734375,2044.505495051255,ensemble
ETH,phase2,lstm,phase2_lstm,2026-05-28,2026-05-29,0.00220213888797984,0.011166269611567258,0.014014326261427335,2007.552734375,2011.978515625,2030.0952330488747,ensemble
ETH,phase2,lstm,phase2_lstm,2026-05-29,2026-05-30,0.0037107092790728668,0.010833250265568495,0.013789683898070212,2011.978515625,2019.458251953125,2033.8932721098256,ensemble
ETH,phase2,lstm,phase2_lstm,2026-05-30,2026-05-31,-0.007513679144432405,0.010666794329881667,0.01396246483030405,2019.458251953125,2004.341552734375,2041.114694855984,ensemble
ETH,phase2,lstm,phase2_lstm,2026-05-31,2026-06-01,-0.0005591235515652776,0.009895074460655452,0.013734715631465165,2004.341552734375,2003.22119140625,2024.2731111417547,ensemble
ETH,phase2,lstm,phase2_lstm,2026-06-01,2026-06-02,-0.07540853835127649,0.009296550694853068,0.013262061985121013,2003.22119140625,1857.71630859375,2021.9310726938415,ensemble
ETH,phase2,lstm,phase2_lstm,2026-06-02,2026-06-03,-0.02506448300158351,0.009591156663373113,0.013704882339667183,1857.71630859375,1811.7322998046875,1875.6196765043412,ensemble
ETH,phase2,lstm,phase2_lstm,2026-06-03,2026-06-04,-0.023540908919617697,0.009388467948883771,0.013301885814016772,1811.7322998046875,1769.58056640625,1828.8217869577193,ensemble
ETH,phase2,lstm,phase2_lstm,2026-06-04,2026-06-05,-0.11277301635815795,0.00981788318604231,0.013238729410686767,1769.58056640625,1580.86083984375,1787.0396671601752,ensemble
ETH,phase2,lstm,phase2_lstm,2026-06-05,2026-06-06,-0.00767912718680117,0.0108097834745422,0.013825263849241013,1580.86083984375,1568.7677001953125,1598.0422998508986,ensemble
ETH,phase2,lstm,phase2_lstm,2026-06-06,2026-06-07,0.07230344307254986,0.010587551607750356,0.013174381631100332,1568.7677001953125,1686.396240234375,1585.465346800947,ensemble
ETH,phase2,lstm,phase2_lstm,2026-06-07,2026-06-08,0.002222580242866329,0.010329472157172859,0.012598374876787274,1686.396240234375,1690.1485595703125,1703.906101366712,ensemble
ETH,phase2,lstm,phase2_lstm,2026-06-08,2026-06-09,-0.031519541921552284,0.008965627659927122,0.011097403456963006,1690.1485595703125,1637.7066650390625,1705.3699348762607,ensemble
ETH,phase2,lstm,phase2_lstm,2026-06-09,2026-06-10,-0.010785745482471555,0.008009178249631077,0.01042674637922329,1637.7066650390625,1620.1376953125,1650.8760170862345,ensemble
ETH,phase2,lstm,phase2_lstm,2026-06-10,2026-06-11,0.03167720451879468,0.006307146104518324,0.00891509503162883,1620.1376953125,1672.2806396484375,1630.3884329349542,ensemble
ETH,phase2,lstm,phase2_lstm,2026-06-11,2026-06-12,-0.004286465439468386,0.004814828943926841,0.007857572258852934,1672.2806396484375,1665.1278076171875,1680.3517999100857,ensemble
ETH,phase2,lstm,phase2_lstm,2026-06-12,2026-06-13,0.009019641302053691,0.0030375250382348893,0.0063346260902104835,1665.1278076171875,1680.214599609375,1670.1933645078257,ensemble
ETH,phase2,lstm,phase2_lstm,2026-06-13,2026-06-14,0.02608131744744488,0.0012499785050749778,0.005068900179557238,1680.214599609375,1724.61328125,1682.3161449123986,ensemble
ETH,phase2,lstm,phase2_lstm,2026-06-14,2026-06-15,0.03998055531190125,-0.0011134334956295789,0.004998888891033126,1724.61328125,1794.961181640625,1722.6941076899834,ensemble
ETH,phase2,lstm,phase2_lstm,2026-06-15,2026-06-16,-0.002545346375384009,-0.002699790499173105,0.005234258740416491,1794.961181640625,1790.398193359375,1790.1216982312417,ensemble
ETH,phase2,lstm,phase2_lstm,2026-06-16,2026-06-17,-0.024031278966082516,-0.0036125174025073647,0.005267686359620493,1790.398193359375,1747.885498046875,1783.9420172739194,ensemble
ETH,phase2,lstm,phase2_lstm,2026-06-17,2026-06-18,-0.022186275106794908,-0.004002796346321702,0.005083726995416807,1747.885498046875,1709.533447265625,1740.9030523385356,ensemble
ETH,phase2,lstm,phase2_lstm,2026-06-18,2026-06-19,0.0008472258287815989,-0.004261479724664241,0.0049415116638216305,1709.533447265625,1710.982421875,1702.263805857714,ensemble
ETH,phase2,lstm,phase2_lstm,2026-06-19,2026-06-20,0.016415812264568657,-0.00396866409573704,0.004542740513534748,1710.982421875,1739.3013916015625,1704.2055638003192,ensemble
ETH,phase2,lstm,phase2_lstm,2026-06-20,2026-06-21,-0.020164455160312907,-0.003907397860893979,0.004421118666962187,1739.3013916015625,1704.58056640625,1732.518509404211,ensemble
ETH,phase2,lstm,phase2_lstm,2026-06-21,2026-06-22,0.012783452112487081,-0.003990902103032568,0.0043250037032042015,1704.58056640625,1726.5108642578125,1697.7913088812672,ensemble
ETH,phase2,lstm,phase2_lstm,2026-06-22,2026-06-23,-0.036015118575190234,-0.003956079765339382,0.003979047115452358,1726.5108642578125,1665.436767578125,1719.6941422016412,ensemble
ETH,phase2,lstm,phase2_lstm,2026-06-23,2026-06-24,-0.027707605238555068,-0.004123035626253113,0.0037944491952824756,1665.436767578125,1619.9249267578125,1658.5842487491618,ensemble
ETH,phase2,lstm,phase2_lstm,2026-06-24,2026-06-25,-0.03461114583410765,-0.004229498095810413,0.003562854212593837,1619.9249267578125,1564.816650390625,1613.0879260974302,ensemble
ETH,phase2,lstm,phase2_lstm,2026-06-25,2026-06-26,0.00751217354974333,-0.004212984949117526,0.0032061285266640595,1564.816650390625,1576.6160888671875,1558.237969067648,ensemble
ETH,phase2,lstm,phase2_lstm,2026-06-26,2026-06-27,-0.003194097811799365,-0.004089431010652333,0.002867976665902752,1576.6160888671875,1571.5882568359375,1570.181791416211,ensemble
ETH,phase2,lstm,phase2_lstm,2026-06-27,2026-06-28,-0.0007810761173124416,-0.0038512885570526124,0.0025469296402860354,1571.5882568359375,1570.3612060546875,1565.5472572491647,ensemble
ETH,phase2,lstm,phase2_lstm,2026-06-28,2026-06-29,0.025056343014794192,-0.0037185769382631407,0.0026774699791414914,1570.3612060546875,1610.205810546875,1564.5325409753552,ensemble
ETH,phase2,lstm,phase2_lstm,2026-06-29,2026-06-30,-0.025551475094469023,-0.003518402314512059,0.0029925147680322094,1610.205810546875,1569.5838623046875,1604.550413511301,ensemble
ETH,phase2,lstm,phase2_lstm,2026-06-30,2026-07-01,0.024777910106091337,-0.0029126981855370103,0.0028556195486602195,1569.5838623046875,1608.960693359375,1565.0187898035338,ensemble
ETH,phase2,lstm,phase2_lstm,2026-07-01,2026-07-02,0.053962428648177775,-0.0019444809295237064,0.0021829492455675125,1608.960693359375,1698.16943359375,1605.8351397492904,ensemble
ETH,phase2,lstm,phase2_lstm,2026-07-02,2026-07-03,0.0337829584823897,-0.0009090369800105691,0.00211327090391945,1698.16943359375,1756.5186767578125,1696.6264362073862,ensemble
ETH,phase2,lstm,phase2_lstm,2026-07-03,2026-07-04,0.012736109597214896,-0.0002013523830100894,0.0031894677954929537,1756.5186767578125,1779.032958984375,1756.1650331411329,ensemble
ETH,phase2,lstm,phase2_lstm,2026-07-04,2026-07-05,0.002230758380216772,-0.00024490589275956155,0.00382285165390851,1779.032958984375,1783.0059814453125,1778.5973166771678,ensemble
ETH,phase2,lstm,phase2_lstm,2026-07-05,2026-07-06,0.008137134529373787,0.00032477775821462276,0.005148626929691939,1783.0059814453125,1797.57373046875,1783.585156177294,ensemble
ETH,phase2,lstm,phase2_lstm,2026-07-06,2026-07-07,-0.016299610142193822,2.3119316756492482e-05,0.005048728924285483,1797.57373046875,1768.511474609375,1797.6152896256256,ensemble
ETH,phase2,lstm,phase2_lstm,2026-07-07,2026-07-08,-0.014715429926392411,-6.748734158463776e-05,0.004734413113952167,1768.511474609375,1742.6776123046875,1768.3921264986802,ensemble
ETH,phase2,lstm,phase2_lstm,2026-07-08,2026-07-09,0.0010363767887721133,-7.226009383884958e-05,0.004046095389196997,1742.6776123046875,1744.484619140625,1742.5516908064958,ensemble
ETH,phase2,lstm,phase2_lstm,2026-07-09,2026-07-10,0.028931987175530218,-0.00021570109820459037,0.0030626044765797574,1744.484619140625,1795.6932373046875,1744.108372472344,ensemble
ETH,phase2,lstm,phase2_lstm,2026-07-10,2026-07-11,-0.004237766868141637,-0.00029305669304449113,0.002064365208511549,1795.6932373046875,1788.099609375,1795.1670744843743,ensemble
ETH,phase2,lstm,phase2_lstm,2026-07-11,2026-07-12,0.00984372406415057,-0.0005601613753242418,0.0009538105492906447,1788.099609375,1805.7880859375,1787.0982655218543,ensemble
ETH,phase2,lstm,phase2_lstm,2026-07-12,2026-07-13,-0.018041700992512517,-0.0009715413470985368,0.0006776654482496106,1805.7880859375,1773.500732421875,1804.034540106983,ensemble
ETH,phase2,lstm,phase2_lstm,2026-07-13,2026-07-14,0.06334617578601259,-0.0008745095576159656,0.0016722230455844965,1773.500732421875,1889.4798583984373,1771.9504670406789,ensemble
ETH,phase2,lstm,phase2_lstm,2026-07-14,2026-07-15,0.014430524175558828,-0.00022040185358491727,0.002166658630567386,1889.4798583984373,1916.9437255859373,1889.0634594245732,ensemble
ETH,phase2,lstm,phase2_lstm,2026-07-15,2026-07-16,-0.028440232689138405,0.0010719789745053277,0.0026201139609162683,1916.9437255859373,1863.193359375,1918.9997507660694,ensemble
ETH,phase2,lstm,phase2_lstm,2026-07-16,2026-07-17,-0.011989404987594009,0.002133041189517826,0.003026396032076645,1863.193359375,1840.9881591796875,1867.1718692087838,ensemble
ETH,phase2,lstm,phase2_lstm,2026-07-17,2026-07-18,0.011022172689536534,0.003115502721630037,0.0030834417375440455,1840.9881591796875,1861.39208984375,1846.7327067303127,ensemble
ETH,phase2,lstm,phase2_lstm,2026-07-18,2026-07-19,0.005420170979573819,0.0030706325022038074,0.0028398769471188632,1861.39208984375,1871.508544921875,1867.1165252149515,ensemble
ETH,phase2,lstm,phase2_lstm,2026-07-19,2026-07-20,0.01708549188125397,0.002686023048590869,0.0024492656459314957,1871.508544921875,1903.7589111328125,1876.5422172627557,ensemble
ETH,phase2,lstm,phase2_lstm,2026-07-20,2026-07-21,0.012851931047764876,0.002984961966285482,0.0022447719655941363,1903.7589111328125,1928.3837890625,1909.4500487645407,ensemble
ETH,phase2,lstm,phase2_lstm,2026-07-21,2026-07-22,0.0026444810723667356,0.004054036657908,0.0024483465769391506,1928.3837890625,1933.4901123046875,1936.217395769338,ensemble
ETH,phase2,lstm,phase2_lstm,2026-07-22,2026-07-23,-0.029598568421148785,0.005743728426750749,0.0037840816075420136,1933.4901123046875,1877.1002197265625,1944.6275088973491,ensemble
ETH,phase2,lstm,phase2_lstm,2026-07-23,2026-07-24,-0.009056635454748527,0.006680580996908247,0.004665662227323777,1877.1002197265625,1860.1767578125,1889.6823208615651,ensemble
ETH,phase2,lstm,phase2_lstm,2026-07-24,2026-07-25,0.006988648574768904,0.00795175798702985,0.006437865273572768,1860.1767578125,1873.222412109375,1875.0273993062922,ensemble
ETH,phase2,lstm,phase2_lstm,2026-07-25,2026-07-26,0.041917042836694604,0.008207004121504723,0.007208791660759091,1873.222412109375,1953.4112548828125,1888.6592144710737,ensemble
ETH,phase2,lstm,phase2_lstm,2026-07-26,2026-07-27,-0.032675812699619874,0.008219710737466811,0.007397702092630937,1953.4112548828125,1890.613525390625,1969.5339013189814,ensemble
ETH,phase2,lstm,phase2_lstm,2026-07-27,2026-07-28,0.015396962638548027,0.008083751238882542,0.0067878800988669715,1890.613525390625,1919.948486328125,1905.9587146014371,ensemble
ETH,phase2,lstm,phase2_lstm,2026-07-28,2026-07-29,-0.005970784512141466,0.008755041053518653,0.0068727463124044945,1919.948486328125,1908.51904296875,1936.8315120971906,ensemble
ETH,phase2,lstm,phase2_lstm,2026-07-29,2026-07-30,0.004628409644754907,0.009201370645314455,0.00686244209370098,1908.51904296875,1917.3729248046875,1926.161075032687,ensemble
ETH,phase2,lstm,phase2_lstm,2026-07-30,2026-07-31,-0.03019351719084729,0.00924058174714446,0.006339187207026048,1917.3729248046875,1860.345947265625,1935.1726794425508,ensemble
ETH,phase2,lstm,phase2_lstm,2026-07-31,2026-08-01,-0.009141155880177469,0.0092346235178411,0.005790533653759809,1860.345947265625,1843.417724609375,1877.6051099840774,ensemble
ETH,phase2,lstm,phase2_lstm,2026-08-01,2026-08-02,0.020991044981634618,0.008266495354473592,0.00457019039787894,1843.417724609375,1882.52197265625,1858.7194875051641,ensemble
ETH,phase2,lstm,phase2_lstm,2026-08-02,2026-08-03,-0.012973686445006478,0.007033473579213023,0.003615253754428689,1882.52197265625,1858.2564697265625,1895.8093145204402,ensemble
ETH,phase2,lstm,phase2_lstm,2026-08-03,2026-08-04,0.005436217682913836,0.0063704710453748705,0.0031526038033089492,1858.2564697265625,1868.3858642578125,1870.132225678862,ensemble
ETH,phase2,lstm,phase2_lstm,2026-08-04,2026-08-05,0.02020785436698823,0.006551027297973633,0.0032797405583311905,1868.3858642578125,1906.5260009765625,1880.6658905339973,ensemble
ETH,phase2,lstm,phase2_lstm,2026-08-05,2026-08-06,-0.002346545855886157,0.0075710996519774195,0.0037147363255864165,1906.5260009765625,1902.0574951171875,1921.0152799944456,ensemble
ETH,phase2,lstm,phase2_lstm,2026-08-06,2026-08-07,0.005882550580216205,0.008763364143669605,0.004547192668861948,1902.0574951171875,1913.2794189453125,1918.799167111373,ensemble
ETH,phase2,lstm,phase2_lstm,2026-08-07,2026-08-08,0.001177148461113393,0.010819006152451039,0.00538346775644787,1913.2794189453125,1915.532958984375,1934.091581199523,ensemble
ETH,phase2,lstm,phase2_lstm,2026-08-08,2026-08-09,-0.0035825526559130822,0.012181515991687774,0.006310519049961253,1915.532958984375,1908.6827392578125,1939.0097555350278,ensemble
ETH,phase2,lstm,phase2_lstm,2026-08-09,2026-08-10,-0.019791352046331357,0.012814257480204105,0.006897749350509411,1908.6827392578125,1871.2786865234373,1933.298470651764,ensemble
ETH,phase2,lstm,phase2_lstm,2026-08-10,2026-08-11,0.005380127113694831,0.013673525489866733,0.007519454551351811,1871.2786865234373,1881.37353515625,1897.0413954779167,ensemble
ETH,phase2,lstm,phase2_lstm,2026-08-11,2026-08-12,-0.0017228455012013328,0.014746045507490636,0.008260554076200948,1881.37353515625,1878.135009765625,1909.321912507991,ensemble
ETH,phase2,lstm,phase2_lstm,2026-08-12,2026-08-13,0.0031133074431306308,0.015486657619476318,0.008683190531102102,1878.135009765625,1883.9913330078125,1907.447433513398,ensemble
ETH,phase2,lstm,phase2_lstm,2026-08-13,2026-08-14,-0.001775101080760423,0.016022985335439444,0.008980230540710623,1883.9913330078125,1880.6500244140625,1914.4216396435493,ensemble
ETH,phase2,lstm,phase2_lstm,2026-08-14,2026-08-15,0.00013733711278611884,0.01600139532238245,0.009295988475003621,1880.6500244140625,1880.9083251953125,1910.9851034552285,ensemble
ETH,phase2,lstm,phase2_lstm,2026-08-15,2026-08-16,-0.003710048377518096,0.01558129144832492,0.009790064874588713,1880.9083251953125,1873.9429931640625,1910.4448167778437,ensemble
ETH,phase2,lstm,phase2_lstm,2026-08-16,2026-08-17,0.020210771727059512,0.014935404248535632,0.01024774604003406,1873.9429931640625,1912.2021484375,1902.1411405010297,ensemble
ETH,phase2,lstm,phase2_lstm,2026-08-17,2026-08-18,0.0022239875598747453,0.015086941095069051,0.010742772295977974,1912.2021484375,1916.4595947265625,1941.270151881403,ensemble
ETH,phase2,lstm,phase2_lstm,2026-08-18,2026-08-19,0.16109848705425042,0.015720338188111783,0.011404343373880715,1916.4595947265625,2251.4580078125,1946.8250398669204,ensemble
ETH,phase2,lstm,phase2_lstm,2026-08-19,2026-08-20,0.032737450034477825,0.016971824783831836,0.011487382675592371,2251.4580078125,2326.384765625,2289.995459032151,ensemble
ETH,phase2,lstm,phase2_lstm,2026-08-20,2026-08-21,0.07806936059159927,0.017914128862321375,0.011479927191767084,2326.384765625,2515.28173828125,2368.4354482176695,ensemble
ETH,phase2,lstm,phase2_lstm,2026-08-21,2026-08-22,-0.036862118710177375,0.0179905385710299,0.011191137514033936,2515.28173828125,2424.251220703125,2560.942510817043,ensemble
ETH,phase2,lstm,phase2_lstm,2026-08-22,2026-08-23,0.01618863252300956,0.016729168593883514,0.010825043965930228,2424.251220703125,2463.81591796875,2465.1480593472033,ensemble
ETH,phase2,lstm,phase2_lstm,2026-08-23,2026-08-24,0.007285380356811502,0.014914886746555566,0.010445548052912887,2463.81591796875,2481.831298828125,2500.838863547604,ensemble
ETH,phase2,lstm,phase2_lstm,2026-08-24,2026-08-25,-0.01570466707427711,0.0123416903661564,0.010085868562018131,2481.831298828125,2443.159423828125,2512.6510851915737,ensemble
ETH,phase2,lstm,phase2_lstm,2026-08-25,2026-08-26,0.02549994808905242,0.00944030242972076,0.009473777864462763,2443.159423828125,2506.260986328125,2466.332797401175,ensemble
ETH,phase2,lstm,phase2_lstm,2026-08-26,2026-08-27,0.0016541530230063984,0.006478521344251931,0.008139199748171717,2506.260986328125,2510.41015625,2522.5505608259255,ensemble
ETH,phase2,lstm,phase2_lstm,2026-08-27,2026-08-28,-0.02740935041425752,0.004488762293476611,0.006407014388996159,2510.41015625,2442.535888671875,2521.704119695678,ensemble
ETH,phase2,lstm,phase2_lstm,2026-08-28,2026-08-29,0.006183572246544925,0.0028551481431350113,0.004941229039775605,2442.535888671875,2457.686279296875,2449.519655579286,ensemble
ETH,phase2,lstm,phase2_lstm,2026-08-29,2026-08-30,-0.016304961587388887,0.001723914808826521,0.003686591318398516,2457.686279296875,2417.938720703125,2461.9267751458124,ensemble
ETH,phase2,lstm,phase2_lstm,2026-08-30,2026-08-31,0.020014589550137154,0.0013295799493789674,0.003310168134821687,2417.938720703125,2466.8203125,2421.155701687796,ensemble
ETH,phase2,xgb,phase2_xgb,2025-10-31,2025-11-01,0.007021586687225155,0.0063708335626870395,0.003137231547837117,3847.080322265625,3874.18798828125,3871.667668484761,ensemble
ETH,phase2,xgb,phase2_xgb,2025-11-01,2025-11-02,0.009473174047530416,0.005238749398267828,0.0031240916796267514,3874.18798828125,3911.063232421875,3894.537143797406,ensemble
ETH,phase2,xgb,phase2_xgb,2025-11-02,2025-11-03,-0.08223448305523949,-0.01751694791018963,0.0033590139681467916,3911.063232421875,3602.30810546875,3843.1498952556126,ensemble
ETH,phase2,xgb,phase2_xgb,2025-11-03,2025-11-04,-0.08990501013567212,0.00044148802990093825,0.0028418861549888066,3602.30810546875,3292.574462890625,3603.898832494962,ensemble
ETH,phase2,xgb,phase2_xgb,2025-11-04,2025-11-05,0.039481668810072805,-0.004367389774415642,0.004048471626115533,3292.574462890625,3425.171142578125,3278.225862622144,ensemble
ETH,phase2,xgb,phase2_xgb,2025-11-05,2025-11-06,-0.03352136366985419,0.006105566781479865,0.006482167109727038,3425.171142578125,3312.2578125,3446.1477255275363,ensemble
ETH,phase2,xgb,phase2_xgb,2025-11-06,2025-11-07,0.03647448115981518,0.005514471116475761,0.003131214782578516,3312.2578125,3435.301025390625,3330.573617110753,ensemble
ETH,phase2,xgb,phase2_xgb,2025-11-07,2025-11-08,-0.010218549741346181,0.0014254171401262283,0.004835653354467641,3435.301025390625,3400.3759765625,3440.20125395891,ensemble
ETH,phase2,xgb,phase2_xgb,2025-11-08,2025-11-09,0.05220874290983875,0.007087723212316632,0.006092197379933493,3400.3759765625,3582.621337890625,3424.562512786841,ensemble
ETH,phase2,xgb,phase2_xgb,2025-11-09,2025-11-10,-0.003960630532174714,-0.002131104102591053,0.0038197295379779448,3582.621337890625,3568.4599609375,3574.994528508294,ensemble
ETH,phase2,xgb,phase2_xgb,2025-11-10,2025-11-11,-0.04387398640993172,-0.007775905542075634,0.001874604817659673,3568.4599609375,3415.2822265625,3540.8195572071163,ensemble
ETH,phase2,xgb,phase2_xgb,2025-11-11,2025-11-12,-0.0006408517068140884,-0.011262084171175957,0.0018061551092216105,3415.2822265625,3413.09423828125,3377.034807740642,ensemble
ETH,phase2,xgb,phase2_xgb,2025-11-12,2025-11-13,-0.054283922809847215,-0.0005449462831165874,0.0011276130188825723,3413.09423828125,3232.757080078125,3411.2347919573695,ensemble
ETH,phase2,xgb,phase2_xgb,2025-11-13,2025-11-14,-0.04071281618360177,0.009402676951140165,0.0019951199460927225,3232.757080078125,3103.78564453125,3263.2970040799532,ensemble
ETH,phase2,xgb,phase2_xgb,2025-11-14,2025-11-15,0.020045814386644864,0.016404271498322485,0.003126667517528998,3103.78564453125,3166.63134765625,3155.12089441667,ensemble
ETH,phase2,xgb,phase2_xgb,2025-11-15,2025-11-16,-0.023576197316441422,-0.005208690476138145,0.00401009773019739,3166.63134765625,3092.847412109375,3150.18022670663,ensemble
ETH,phase2,xgb,phase2_xgb,2025-11-16,2025-11-17,-0.022333536068642135,-0.008053513616323471,0.003491341819276412,3092.847412109375,3024.538818359375,3068.0391542704824,ensemble
ETH,phase2,xgb,phase2_xgb,2025-11-17,2025-11-18,0.032028732106195945,0.01202555075287819,0.0014055765341567657,3024.538818359375,3122.97900390625,3061.130137841748,ensemble
ETH,phase2,xgb,phase2_xgb,2025-11-18,2025-11-19,-0.03251421900082368,0.006868039385881275,0.005853942628278826,3122.97900390625,3023.07080078125,3144.5015710241887,ensemble
ETH,phase2,xgb,phase2_xgb,2025-11-19,2025-11-20,-0.06536849882670856,0.005376557138515636,0.003243262658033871,3023.07080078125,2831.777587890625,3039.3682865975175,ensemble
ETH,phase2,xgb,phase2_xgb,2025-11-20,2025-11-21,-0.02361115238578957,0.0008995963609777391,0.00178191069073777,2831.777587890625,2765.69921875,2834.326190888905,ensemble
ETH,phase2,xgb,phase2_xgb,2025-11-21,2025-11-22,0.0006897153274086759,0.0014020407863426954,0.0017503772658755017,2765.69921875,2767.607421875,2769.5795614211497,ensemble
ETH,phase2,xgb,phase2_xgb,2025-11-22,2025-11-23,0.012234618260287876,0.01370138619095087,0.0018369957732303538,2767.607421875,2801.676025390625,2805.788449185153,ensemble
ETH,phase2,xgb,phase2_xgb,2025-11-23,2025-11-24,0.05250671846439223,0.015092414431273937,0.008255247660507635,2801.676025390625,2952.71337890625,2844.280776639708,ensemble
ETH,phase2,xgb,phase2_xgb,2025-11-24,2025-11-25,0.0017672851723719149,0.0011896949959918856,0.004824326192803139,2952.71337890625,2957.936279296875,2956.2282976637844,ensemble
ETH,phase2,xgb,phase2_xgb,2025-11-25,2025-11-26,0.023348428095094007,-0.0019956717966124415,0.0022400532840981115,2957.936279296875,3027.81201171875,2952.0390956668593,ensemble
ETH,phase2,xgb,phase2_xgb,2025-11-26,2025-11-27,-0.004392260426713515,-0.014231332577764988,0.004033232480050976,3027.81201171875,3014.542236328125,2985.0273752903568,ensemble
ETH,phase2,xgb,phase2_xgb,2025-11-27,2025-11-28,0.005874882913213043,-0.007138947769999504,0.003312159065325031,3014.542236328125,3032.304443359375,2993.0982117121002,ensemble
ETH,phase2,xgb,phase2_xgb,2025-11-28,2025-11-29,-0.013485997805236051,-0.008881890401244163,0.002222055431884769,3032.304443359375,2991.685302734375,3005.491100487225,ensemble
ETH,phase2,xgb,phase2_xgb,2025-11-29,2025-11-30,0.00014280097860070945,0.0022400208050385117,0.0016569055211229776,2991.685302734375,2992.112548828125,2998.394251341571,ensemble
ETH,phase2,xgb,phase2_xgb,2025-11-30,2025-12-01,-0.0662927736435053,-0.0007252084356878186,0.0020389853757493566,2992.112548828125,2800.18896484375,2989.94343019382,ensemble
ETH,phase2,xgb,phase2_xgb,2025-12-01,2025-12-02,0.06823838280892502,0.0037496442935662346,0.0033331907299144112,2800.18896484375,2997.939697265625,2810.7083871374643,ensemble
ETH,phase2,xgb,phase2_xgb,2025-12-02,2025-12-03,0.06258823046337834,0.004425671696662903,0.003925360973805561,2997.939697265625,3191.57177734375,3011.2369971699964,ensemble
ETH,phase2,xgb,phase2_xgb,2025-12-03,2025-12-04,-0.01810241754529839,0.004681944847106934,0.0019341941538372433,3191.57177734375,3134.31640625,3206.5495756334253,ensemble
ETH,phase2,xgb,phase2_xgb,2025-12-04,2025-12-05,-0.03568750802814642,-0.006209504371508956,0.003622506049888939,3134.31640625,3024.432861328125,3114.9141563440353,ensemble
ETH,phase2,xgb,phase2_xgb,2025-12-05,2025-12-06,0.005202266348911221,0.004154596012085676,0.002326565677389388,3024.432861328125,3040.207763671875,3037.0242960835544,ensemble
ETH,phase2,xgb,phase2_xgb,2025-12-06,2025-12-07,0.006914380156550823,-0.014944377541542053,0.005270621286587055,3040.207763671875,3061.3017578125,2995.1115577021465,ensemble
ETH,phase2,xgb,phase2_xgb,2025-12-07,2025-12-08,0.020657404003744346,-0.004742837138473987,0.0025160877456760294,3061.3017578125,3125.197998046875,3046.8168790065483,ensemble
ETH,phase2,xgb,phase2_xgb,2025-12-08,2025-12-09,0.06080292642241868,-0.0056544449646025894,0.004113306349617944,3125.197998046875,3321.114990234375,3107.5766045137384,ensemble
ETH,phase2,xgb,phase2_xgb,2025-12-09,2025-12-10,0.001286434597521452,-0.008728234283626079,0.0032895218130222516,3321.114990234375,3325.39013671875,3292.253657977696,ensemble
ETH,phase2,xgb,phase2_xgb,2025-12-10,2025-12-11,-0.02692245348848621,-0.009626709669828416,0.004281822451170886,3325.39013671875,3237.056884765625,3293.5311659047684,ensemble
ETH,phase2,xgb,phase2_xgb,2025-12-11,2025-12-12,-0.048381125268667786,-0.0012178558303276078,0.007470217553919776,3237.056884765625,3084.172607421875,3233.1170157485963,ensemble
ETH,phase2,xgb,phase2_xgb,2025-12-12,2025-12-13,0.010489822947687412,-0.004772198852151632,0.002390606883729016,3084.172607421875,3116.6953125,3069.489385937408,ensemble
ETH,phase2,xgb,phase2_xgb,2025-12-13,2025-12-14,-0.01816399360114702,-0.005693447589874267,0.0012905595017182598,3116.6953125,3060.5947265625,3099.0009897316077,ensemble
ETH,phase2,xgb,phase2_xgb,2025-12-14,2025-12-15,-0.03200777016588088,-0.01396088395267725,0.004256568445083454,3060.5947265625,2964.18310546875,3018.163000144925,ensemble
ETH,phase2,xgb,phase2_xgb,2025-12-15,2025-12-16,-7.412721688312701e-07,-0.00584944561123848,0.0060261010587442446,2964.18310546875,2964.180908203125,2946.894890143645,ensemble
ETH,phase2,xgb,phase2_xgb,2025-12-16,2025-12-17,-0.045828192848759323,0.018778357468545438,0.006374584744780721,2964.180908203125,2831.403564453125,3020.369268338221,ensemble
ETH,phase2,xgb,phase2_xgb,2025-12-17,2025-12-18,-0.0015320294953636582,-0.014538565836846828,0.0027891133309144393,2831.403564453125,2827.069091796875,2790.536809157791,ensemble
ETH,phase2,xgb,phase2_xgb,2025-12-18,2025-12-19,0.05200157806139122,-0.01518056783825159,0.004067292496999853,2827.069091796875,2977.970703125,2784.476684080075,ensemble
ETH,phase2,xgb,phase2_xgb,2025-12-19,2025-12-20,-0.0001303602133292682,-0.007482541655190289,0.003971565864310098,2977.970703125,2977.58251953125,2955.771071701139,ensemble
ETH,phase2,xgb,phase2_xgb,2025-12-20,2025-12-21,0.008038330984924418,-0.007324013020843267,0.003168057891761695,2977.58251953125,3001.61376953125,2955.8543322777728,ensemble
ETH,phase2,xgb,phase2_xgb,2025-12-21,2025-12-22,0.0014847515809792915,0.005882952222600579,0.0059878664619426826,3001.61376953125,3006.07373046875,3019.324163550622,ensemble
ETH,phase2,xgb,phase2_xgb,2025-12-22,2025-12-23,-0.014306326840175283,-0.007804052531719207,0.004238575641162896,3006.07373046875,2963.3740234375,2982.705475307453,ensemble
ETH,phase2,xgb,phase2_xgb,2025-12-23,2025-12-24,-0.0060191597554604985,-0.00673641914363543,0.0038646258856724295,2963.3740234375,2945.590576171875,2943.4785811920547,ensemble
ETH,phase2,xgb,phase2_xgb,2025-12-24,2025-12-25,-0.014365015056822026,-0.013620581943541765,0.004750298215410416,2945.590576171875,2903.57958984375,2905.741915390984,ensemble
ETH,phase2,xgb,phase2_xgb,2025-12-25,2025-12-26,0.007605038907991378,-0.006849023839458823,0.0030917048786140624,2903.57958984375,2925.74560546875,2883.7608509938214,ensemble
ETH,phase2,xgb,phase2_xgb,2025-12-26,2025-12-27,0.0075770385642638756,0.007015519216656685,0.0026465629804509326,2925.74560546875,2947.998291015625,2946.3433976093224,ensemble
ETH,phase2,xgb,phase2_xgb,2025-12-27,2025-12-28,0.00019327323098403297,0.002903502993285656,0.002952457943851422,2947.998291015625,2948.568115234375,2956.5702512117973,ensemble
ETH,phase2,xgb,phase2_xgb,2025-12-28,2025-12-29,-0.00476952504017534,0.003628942620707676,0.0032412615304477747,2948.568115234375,2934.538330078125,2959.28773842245,ensemble
ETH,phase2,xgb,phase2_xgb,2025-12-29,2025-12-30,0.012488715813386491,-0.0036705847131088378,0.0022635068122847583,2934.538330078125,2971.416748046875,2923.7866031775793,ensemble
ETH,phase2,xgb,phase2_xgb,2025-12-30,2025-12-31,-0.0014748454494985343,0.01751634581014514,0.007482328114393156,2971.416748046875,2967.03759765625,3023.9236332136693,ensemble
ETH,phase2,xgb,phase2_xgb,2025-12-31,2026-01-01,0.01117969589667102,-0.0025746656116098165,0.0036796184445478707,2967.03759765625,3000.394287109375,2959.408293653032,ensemble
ETH,phase2,xgb,phase2_xgb,2026-01-01,2026-01-02,0.04050579142356504,0.0008790661668172106,0.0031069515474678837,3000.394287109375,3124.422607421875,3003.0329918423886,ensemble
ETH,phase2,xgb,phase2_xgb,2026-01-02,2026-01-03,0.0004783333560596635,-0.009088919032365084,0.0014321551778471563,3124.422607421875,3125.91748046875,3096.1536450793833,ensemble
ETH,phase2,xgb,phase2_xgb,2026-01-03,2026-01-04,0.004721198192569982,0.009886955842375755,0.0026022244035209564,3125.91748046875,3140.71044921875,3156.976575508932,ensemble
ETH,phase2,xgb,phase2_xgb,2026-01-04,2026-01-05,0.02683435946003148,-0.0006354542128974572,0.0016581435258366185,3140.71044921875,3226.13037109375,3138.7153055106774,ensemble
ETH,phase2,xgb,phase2_xgb,2026-01-05,2026-01-06,0.021410072765534124,-0.00698764268308878,0.002312782036004212,3226.13037109375,3295.94677734375,3203.6659030555998,ensemble
ETH,phase2,xgb,phase2_xgb,2026-01-06,2026-01-07,-0.039957957746070624,-0.0031624452967662364,0.0016708689438858747,3295.94677734375,3166.843994140625,3285.5399900803063,ensemble
ETH,phase2,xgb,phase2_xgb,2026-01-07,2026-01-08,-0.01992066167813984,0.003360337048070505,0.003505095737334044,3166.843994140625,3104.382568359375,3177.5035571713524,ensemble
ETH,phase2,xgb,phase2_xgb,2026-01-08,2026-01-09,-0.006896412519137501,0.008421129826456309,0.0043532551347011525,3104.382568359375,3083.047119140625,3130.6353609420225,ensemble
ETH,phase2,xgb,phase2_xgb,2026-01-09,2026-01-10,-0.00021121695136130524,0.006310018990188837,0.0020713503375595303,3083.047119140625,3082.39599609375,3102.562712138011,ensemble
ETH,phase2,xgb,phase2_xgb,2026-01-10,2026-01-11,0.011768432191719677,-0.0029125569621101023,0.002916625297081006,3082.39599609375,3118.88525390625,3073.431403455907,ensemble
ETH,phase2,xgb,phase2_xgb,2026-01-11,2026-01-12,-0.008552349240195838,0.0004731071298010647,0.004600061519038779,3118.88525390625,3092.3251953125,3120.361169862556,ensemble
ETH,phase2,xgb,phase2_xgb,2026-01-12,2026-01-13,0.07167244785080332,6.60669436911121e-05,0.0020343396976996143,3092.3251953125,3322.095458984375,3092.5295025359565,ensemble
ETH,phase2,xgb,phase2_xgb,2026-01-13,2026-01-14,0.009773355035415114,0.030234288051724435,0.0036305219031381917,3322.095458984375,3354.72265625,3424.0704527643834,ensemble
ETH,phase2,xgb,phase2_xgb,2026-01-14,2026-01-15,-0.01127779653171091,0.003995272307656705,0.002940194885773245,3354.72265625,3317.101318359375,3368.1524968493595,ensemble
ETH,phase2,xgb,phase2_xgb,2026-01-15,2026-01-16,-0.006538811242779367,0.0015681331802625208,0.0033038627971801048,3317.101318359375,3295.482177734375,3322.3070555768554,ensemble
ETH,phase2,xgb,phase2_xgb,2026-01-16,2026-01-17,0.004052512545503773,0.0002981600147904828,0.00199169767067944,3295.482177734375,3308.8642578125,3296.4649052469745,ensemble
ETH,phase2,xgb,phase2_xgb,2026-01-17,2026-01-18,-0.008408684018054191,0.006064794678241015,0.0022542700385203046,3308.8642578125,3281.15771484375,3328.9928162444294,ensemble
ETH,phase2,xgb,phase2_xgb,2026-01-18,2026-01-19,-0.029235184793820444,0.014236885216087103,0.007255779486917739,3281.15771484375,3186.62109375,3328.2052914137403,ensemble
ETH,phase2,xgb,phase2_xgb,2026-01-19,2026-01-20,-0.08204732940901807,-0.004706803569570183,0.002853068400989491,3186.62109375,2935.605712890625,3171.6575370972123,ensemble
ETH,phase2,xgb,phase2_xgb,2026-01-20,2026-01-21,0.014640674097217414,5.085400716779987e-05,0.003156167900809448,2935.605712890625,2978.901123046875,2935.7550040005835,ensemble
ETH,phase2,xgb,phase2_xgb,2026-01-21,2026-01-22,-0.009873624051331843,-0.015975463762879373,0.004429540981231801,2978.901123046875,2949.63330078125,2931.6899106901424,ensemble
ETH,phase2,xgb,phase2_xgb,2026-01-22,2026-01-23,0.0012275504187740749,0.006701032118871808,0.004128401105396938,2949.63330078125,2953.25634765625,2969.4652613602266,ensemble
ETH,phase2,xgb,phase2_xgb,2026-01-23,2026-01-24,-0.0015302026847261398,-0.00015176267188508064,0.0023507240284324723,2953.25634765625,2948.74072265625,2952.808187590013,ensemble
ETH,phase2,xgb,phase2_xgb,2026-01-24,2026-01-25,-0.046095446910964524,-0.004870313452556729,0.0039893722379547875,2948.74072265625,2815.90234375,2934.4143463366568,ensemble
ETH,phase2,xgb,phase2_xgb,2026-01-25,2026-01-26,0.0385097283715548,0.02539568468928337,0.009313542349281497,2815.90234375,2926.45703125,2888.329892805387,ensemble
ETH,phase2,xgb,phase2_xgb,2026-01-26,2026-01-27,0.03219617504335294,0.0007472830791812157,0.004761955515169338,2926.45703125,3022.2109375,2928.6447403886073,ensemble
ETH,phase2,xgb,phase2_xgb,2026-01-27,2026-01-28,-0.005176321307197195,-0.0044599031563848255,0.0015308652111338643,3022.2109375,3006.607421875,3008.7621817667855,ensemble
ETH,phase2,xgb,phase2_xgb,2026-01-28,2026-01-29,-0.06470236643237812,-0.014531262777745723,0.002729513249682416,3006.607421875,2818.232666015625,2963.2335213559836,ensemble
ETH,phase2,xgb,phase2_xgb,2026-01-29,2026-01-30,-0.04197886796827195,-0.009787854552268983,0.0026955410053190647,2818.232666015625,2702.375244140625,2790.7827715197154,ensemble
ETH,phase2,xgb,phase2_xgb,2026-01-30,2026-01-31,-0.10004843937927187,-0.0018962177215144037,0.0026901034172135607,2702.375244140625,2445.091796875,2697.255807629593,ensemble
ETH,phase2,xgb,phase2_xgb,2026-01-31,2026-02-01,-0.07519978220290023,0.015267674438655376,0.006025694714776028,2445.091796875,2267.96484375,2482.7090960215305,ensemble
ETH,phase2,xgb,phase2_xgb,2026-02-01,2026-02-02,0.03312814665299069,0.023512476682662965,0.0067934159464414536,2267.96484375,2344.356689453125,2321.9221635927497,ensemble
ETH,phase2,xgb,phase2_xgb,2026-02-02,2026-02-03,-0.05110473707553693,-0.014529186300933361,0.004192860405212146,2344.356689453125,2227.558837890625,2310.5413439420586,ensemble
ETH,phase2,xgb,phase2_xgb,2026-02-03,2026-02-04,-0.03846435100865618,0.016281899623572828,0.007733418894328031,2227.558837890625,2143.504150390625,2264.124599529266,ensemble
ETH,phase2,xgb,phase2_xgb,2026-02-04,2026-02-05,-0.16268108635736284,0.0015510661993175744,0.0047942187971268145,2143.504150390625,1821.68310546875,2146.8314469879674,ensemble
ETH,phase2,xgb,phase2_xgb,2026-02-05,2026-02-06,0.12458793243377704,0.002624499759986065,0.0030015950685241487,1821.68310546875,2063.386962890625,1826.4703917097172,ensemble
ETH,phase2,xgb,phase2_xgb,2026-02-06,2026-02-07,0.013078072860626821,-0.001192761119455099,0.007298462878816022,2063.386962890625,2090.54931640625,2060.927302332248,ensemble
ETH,phase2,xgb,phase2_xgb,2026-02-07,2026-02-08,-0.00085486651992098,0.018479128554463386,0.004762621263739833,2090.54931640625,2088.762939453125,2129.5399933064923,ensemble
ETH,phase2,xgb,phase2_xgb,2026-02-08,2026-02-09,0.007062777520560773,0.01688992939889431,0.003495075121241981,2088.762939453125,2103.567626953125,2124.34161288354,ensemble
ETH,phase2,xgb,phase2_xgb,2026-02-09,2026-02-10,-0.04078608660125574,0.0035732893738895655,0.008781838565683242,2103.567626953125,2019.4974365234373,2111.097728405251,ensemble
ETH,phase2,xgb,phase2_xgb,2026-02-10,2026-02-11,-0.03984048759789168,0.0056506386754335836,0.004933669527282971,2019.4974365234373,1940.621337890625,2030.941188647737,ensemble
ETH,phase2,xgb,phase2_xgb,2026-02-11,2026-02-12,0.003251056309532056,0.002150399729362107,0.0029998344390048553,1940.621337890625,1946.940673828125,1944.7989396374069,ensemble
ETH,phase2,xgb,phase2_xgb,2026-02-12,2026-02-13,0.05086191072713562,-0.01697020884603262,0.006968919598463196,1946.940673828125,2048.52734375,1914.1794525983291,ensemble
ETH,phase2,xgb,phase2_xgb,2026-02-13,2026-02-14,0.018131871977993777,0.008111041132360696,0.004055411893090695,2048.52734375,2086.009765625,2065.2106011248648,ensemble
ETH,phase2,xgb,phase2_xgb,2026-02-14,2026-02-15,-0.05923016066341757,0.01735431756824255,0.0023922687786992946,2086.009765625,1966.04296875,2122.5269908158734,ensemble
ETH,phase2,xgb,phase2_xgb,2026-02-15,2026-02-16,0.016082623092426845,0.0022491767536848783,0.006372798871831296,1966.04296875,1997.917724609375,1970.4699235276908,ensemble
ETH,phase2,xgb,phase2_xgb,2026-02-16,2026-02-17,-0.002868787898831094,-0.004710041475482285,0.0034392324849359095,1997.917724609375,1992.1943359375,1988.529575902692,ensemble
ETH,phase2,xgb,phase2_xgb,2026-02-17,2026-02-18,-0.019371403139241388,-0.0012599567242432385,0.0036550925142196417,1992.1943359375,1953.97412109375,1989.6858379192606,ensemble
ETH,phase2,xgb,phase2_xgb,2026-02-18,2026-02-19,-0.002958901252870125,0.030304859578609466,0.008987245248665784,1953.97412109375,1948.2010498046875,2014.0954150035282,ensemble
ETH,phase2,xgb,phase2_xgb,2026-02-19,2026-02-20,0.010630736664791151,-0.011757412739098073,0.0023050119663279604,1948.2010498046875,1969.0223388671875,1925.4293762685672,ensemble
ETH,phase2,xgb,phase2_xgb,2026-02-20,2026-02-21,0.0023916477643178046,-0.0022596277040065615,0.001995072629152807,1969.0223388671875,1973.7371826171875,1964.5781044890284,ensemble
ETH,phase2,xgb,phase2_xgb,2026-02-21,2026-02-22,-0.008104381025179103,0.00045916275703348217,0.001932566101924541,1973.7371826171875,1957.805908203125,1974.6436573174028,ensemble
ETH,phase2,xgb,phase2_xgb,2026-02-22,2026-02-23,-0.053668696967508325,-0.004489328264025971,0.004183928486557103,1957.805908203125,1855.5028076171875,1949.0363741908807,ensemble
ETH,phase2,xgb,phase2_xgb,2026-02-23,2026-02-24,-0.001366236763411363,0.00235570827499032,0.006332168570679955,1855.5028076171875,1852.969482421875,1859.8789834083727,ensemble
ETH,phase2,xgb,phase2_xgb,2026-02-24,2026-02-25,0.10330529755605292,-0.0017187220277264715,0.0058520152869656825,1852.969482421875,2054.6279296875,1849.7874782293852,ensemble
ETH,phase2,xgb,phase2_xgb,2026-02-25,2026-02-26,-0.013640230652308093,0.007372347736964002,0.005722301962008445,2054.6279296875,2026.7926025390625,2069.8313347892245,ensemble
ETH,phase2,xgb,phase2_xgb,2026-02-26,2026-02-27,-0.04853988358482078,-0.0014517116127535702,0.004518020059821447,2026.7926025390625,1930.7618408203125,2023.8524188470797,ensemble
ETH,phase2,xgb,phase2_xgb,2026-02-27,2026-02-28,0.017603302415937827,-0.023844459652900697,0.0029951502390142557,1930.7618408203125,1965.050537109375,1885.268406637312,ensemble
ETH,phase2,xgb,phase2_xgb,2026-02-28,2026-03-01,-0.013311214361673498,-0.01828929837793112,0.004963991121275265,1965.050537109375,1939.066650390625,1929.4378001891257,ensemble
ETH,phase2,xgb,phase2_xgb,2026-03-01,2026-03-02,0.04448277882265156,0.005405047908425331,0.008183423836724081,1939.066650390625,2027.2689208984373,1949.5757741072734,ensemble
ETH,phase2,xgb,phase2_xgb,2026-03-02,2026-03-03,-0.02219521539096451,0.008604771783575415,0.0065698252201445186,2027.2689208984373,1982.7689208984373,2044.7883746594382,ensemble
ETH,phase2,xgb,phase2_xgb,2026-03-03,2026-03-04,0.06998564880773499,-0.02532128766179085,0.004370667642868888,1982.7689208984373,2126.50537109375,1933.1929709761864,ensemble
ETH,phase2,xgb,phase2_xgb,2026-03-04,2026-03-05,-0.026156066067129717,-0.006253675278276205,0.0026726900192454734,2126.50537109375,2071.60546875,2113.2483926495665,ensemble
ETH,phase2,xgb,phase2_xgb,2026-03-05,2026-03-06,-0.04585794631276462,-0.017782572843134403,0.005848072997859376,2071.60546875,1978.751220703125,2035.0926021244634,ensemble
ETH,phase2,xgb,phase2_xgb,2026-03-06,2026-03-07,-0.004708868776353749,-0.008798876125365496,0.002676459744977221,1978.751220703125,1969.4554443359373,1961.4168073432043,ensemble
ETH,phase2,xgb,phase2_xgb,2026-03-07,2026-03-08,-0.016820776457913442,-0.01859977003186941,0.00513271275654909,1969.4554443359373,1936.604736328125,1933.162591631366,ensemble
ETH,phase2,xgb,phase2_xgb,2026-03-08,2026-03-09,0.028673744603590037,-0.01633437816053629,0.006874694729082861,1936.604736328125,1992.938232421875,1905.2284558600152,ensemble
ETH,phase2,xgb,phase2_xgb,2026-03-09,2026-03-10,0.021927234478122906,0.0016089578159153462,0.0049129570587512945,1992.938232421875,2037.1204833984373,1996.14736695631,ensemble
ETH,phase2,xgb,phase2_xgb,2026-03-10,2026-03-11,0.007069651069372434,-0.010993549227714538,0.002750947890912983,2037.1204833984373,2051.5732421875,2014.8479504924694,ensemble
ETH,phase2,xgb,phase2_xgb,2026-03-11,2026-03-12,0.010455613837732266,-0.02461608685553074,0.0021873742618002557,2051.5732421875,2073.13623046875,2001.6880452144298,ensemble
ETH,phase2,xgb,phase2_xgb,2026-03-12,2026-03-13,0.00932731032254328,-0.01616089679300785,0.0041499111055271045,2073.13623046875,2092.5634765625,2039.9017625434044,ensemble
ETH,phase2,xgb,phase2_xgb,2026-03-13,2026-03-14,0.0021592233043722896,0.0010476591996848583,0.001686816071000174,2092.5634765625,2097.086669921875,2094.7569187289523,ensemble
ETH,phase2,xgb,phase2_xgb,2026-03-14,2026-03-15,0.03761747257489843,-0.0047405716497451065,0.00245879238559302,2097.086669921875,2177.476318359375,2087.168807050848,ensemble
ETH,phase2,xgb,phase2_xgb,2026-03-15,2026-03-16,0.0767490852405507,-0.00975007638335228,0.002915362506543214,2177.476318359375,2351.176025390625,2156.348922166709,ensemble
ETH,phase2,xgb,phase2_xgb,2026-03-16,2026-03-17,-0.014187828746907258,-0.007473486801609397,0.003756296790251053,2351.176025390625,2318.053466796875,2333.67003925486,ensemble
ETH,phase2,xgb,phase2_xgb,2026-03-17,2026-03-18,-0.05060291819156262,0.005781072960235179,0.003189061382759117,2318.053466796875,2203.671630859375,2331.493113372565,ensemble
ETH,phase2,xgb,phase2_xgb,2026-03-18,2026-03-19,-0.030523607148640667,-0.017792980931699277,0.0029897113388487485,2203.671630859375,2137.423828125,2164.8085141999186,ensemble
ETH,phase2,xgb,phase2_xgb,2026-03-19,2026-03-20,0.004235958585431247,-0.012895363848656416,0.005035636380207089,2137.423828125,2146.4970703125,2110.0379252534963,ensemble
ETH,phase2,xgb,phase2_xgb,2026-03-20,2026-03-21,-0.033061992006107994,-0.004039293574169278,0.0030619758381859657,2146.4970703125,2076.68994140625,2137.8442259436456,ensemble
ETH,phase2,xgb,phase2_xgb,2026-03-21,2026-03-22,-0.011449568094526609,-0.0032890656730160117,0.002787075015943103,2076.68994140625,2053.04833984375,2069.870792268582,ensemble
ETH,phase2,xgb,phase2_xgb,2026-03-22,2026-03-23,0.04713979833568274,0.002171271853148937,0.0019612964701642955,2053.04833984375,2152.14599609375,2057.510908889285,ensemble
ETH,phase2,xgb,phase2_xgb,2026-03-23,2026-03-24,0.0016520306586044232,-0.008136105549056083,0.005806726088347628,2152.14599609375,2155.704345703125,2134.706948279205,ensemble
ETH,phase2,xgb,phase2_xgb,2026-03-24,2026-03-25,0.005697480587391201,0.013190031237900256,0.006342928754206392,2155.704345703125,2168.021484375,2184.326501965201,ensemble
ETH,phase2,xgb,phase2_xgb,2026-03-25,2026-03-26,-0.05131370661715102,-0.010606595780700445,0.00560147976423421,2168.021484375,2059.578369140625,2145.1476778972915,ensemble
ETH,phase2,xgb,phase2_xgb,2026-03-26,2026-03-27,-0.033727669892453536,-0.005436469952110201,0.0036540417999573606,2059.578369140625,1991.27197265625,2048.411913774537,ensemble
ETH,phase2,xgb,phase2_xgb,2026-03-27,2026-03-28,0.0007141663784116856,-0.005712681449949741,0.0023613490166619656,1991.27197265625,1992.694580078125,1979.9289007227187,ensemble
ETH,phase2,xgb,phase2_xgb,2026-03-28,2026-03-29,-0.005098999439741094,0.0033326429664157333,0.0017300225833001635,1992.694580078125,1982.5596923828125,1999.3465978981137,ensemble
ETH,phase2,xgb,phase2_xgb,2026-03-29,2026-03-30,0.02044726139354914,-0.011012314888648688,0.005376037289744162,1982.5596923828125,2023.514892578125,1960.8468942771053,ensemble
ETH,phase2,xgb,phase2_xgb,2026-03-30,2026-03-31,0.039340814763852025,-0.00559683172032237,0.0038996506052862458,2023.514892578125,2104.708251953125,2012.2212540187027,ensemble
ETH,phase2,xgb,phase2_xgb,2026-03-31,2026-04-01,0.016038636316827372,0.010110101383179425,0.0024428293090972444,2104.708251953125,2138.737060546875,2126.0949946622413,ensemble
ETH,phase2,xgb,phase2_xgb,2026-04-01,2026-04-02,-0.03903857547596571,0.010422545252367854,0.006362055316191967,2138.737060546875,2056.8525390625,2161.144713889938,ensemble
ETH,phase2,xgb,phase2_xgb,2026-04-02,2026-04-03,-0.0016871461717564678,-0.00021614538272842764,0.004117533798499544,2056.8525390625,2053.38525390625,2056.4080079266355,ensemble
ETH,phase2,xgb,phase2_xgb,2026-04-03,2026-04-04,0.00581068555550107,0.012239636573940515,0.0031656941291528366,2053.38525390625,2065.3515625,2078.672380092433,ensemble
ETH,phase2,xgb,phase2_xgb,2026-04-04,2026-04-05,0.020911357684258978,0.00935602020472288,0.003938342712551675,2065.3515625,2108.99560546875,2084.7657114152553,ensemble
ETH,phase2,xgb,phase2_xgb,2026-04-05,2026-04-06,-0.0005853459761497797,0.010507354605942964,0.0028964496787886695,2108.99560546875,2107.761474609375,2131.2724002946547,ensemble
ETH,phase2,xgb,phase2_xgb,2026-04-06,2026-04-07,0.06165560497032879,-0.012040872499346733,0.0026455396051804857,2107.761474609375,2241.806640625,2082.534370397456,ensemble
ETH,phase2,xgb,phase2_xgb,2026-04-07,2026-04-08,-0.02322737152703056,0.003659819904714823,0.004923550929767269,2241.806640625,2190.33544921875,2250.026281218328,ensemble
ETH,phase2,xgb,phase2_xgb,2026-04-08,2026-04-09,-0.0005440857898826656,-0.01722496822476387,0.006067536042301207,2190.33544921875,2189.14404296875,2152.930068791028,ensemble
ETH,phase2,xgb,phase2_xgb,2026-04-09,2026-04-10,0.025261127435567108,0.01613341998308897,0.003699790975815267,2189.14404296875,2245.148681640625,2224.7488647019486,ensemble
ETH,phase2,xgb,phase2_xgb,2026-04-10,2026-04-11,0.017765001038666954,0.010607000440359116,0.0014101970760356925,2245.148681640625,2285.39013671875,2269.0897215421446,ensemble
ETH,phase2,xgb,phase2_xgb,2026-04-11,2026-04-12,-0.04163060757712065,0.007196063140872866,0.005215517738684035,2285.39013671875,2192.201171875,2301.8952631860775,ensemble
ETH,phase2,xgb,phase2_xgb,2026-04-12,2026-04-13,0.07828539113868566,0.02070898860692978,0.004035320744965024,2192.201171875,2370.71484375,2238.0727788894706,ensemble
ETH,phase2,xgb,phase2_xgb,2026-04-13,2026-04-14,-0.02019924377033633,-0.009673963952809572,0.003657073660733957,2370.71484375,2323.30859375,2347.8912093142158,ensemble
ETH,phase2,xgb,phase2_xgb,2026-04-14,2026-04-15,0.015430748489014857,0.004856294812634587,0.004076472608928569,2323.30859375,2359.43701171875,2334.6187056130093,ensemble
ETH,phase2,xgb,phase2_xgb,2026-04-15,2026-04-16,-0.004584461790341291,0.005247767269611359,0.004653091750010947,2359.43701171875,2348.64501953125,2371.8513332888783,ensemble
ETH,phase2,xgb,phase2_xgb,2026-04-16,2026-04-17,0.03037175089257519,0.0034752101171761753,0.0035480600406169985,2348.64501953125,2421.07177734375,2356.8212533011847,ensemble
ETH,phase2,xgb,phase2_xgb,2026-04-17,2026-04-18,-0.029326772361462847,-0.0007386717887129634,0.0024730469572270142,2421.07177734375,2351.1005859375,2419.284060272747,ensemble
ETH,phase2,xgb,phase2_xgb,2026-04-18,2026-04-19,-0.0373454427406088,0.009726537019014358,0.0029210204706719978,2351.1005859375,2264.9169921875,2374.080227824329,ensemble
ETH,phase2,xgb,phase2_xgb,2026-04-19,2026-04-20,0.021963323579239753,-0.0029816603899234908,0.0034717495688523325,2264.9169921875,2315.21240234375,2258.173836800811,ensemble
ETH,phase2,xgb,phase2_xgb,2026-04-20,2026-04-21,0.0054954065471357755,-0.012861496768891811,0.0035589912218990556,2315.21240234375,2327.970458984375,2285.6259762167983,ensemble
ETH,phase2,xgb,phase2_xgb,2026-04-21,2026-04-22,0.02045865422003999,0.006346602644771338,0.002040702113995109,2327.970458984375,2376.088134765625,2342.7921463858997,ensemble
ETH,phase2,xgb,phase2_xgb,2026-04-22,2026-04-23,-0.0189376886242059,-0.016934596002101898,0.004104529132971195,2376.088134765625,2331.513916015625,2336.1888349237865,ensemble
ETH,phase2,xgb,phase2_xgb,2026-04-23,2026-04-24,-0.006810026535066284,-0.002506394335068762,0.0021271442432967184,2331.513916015625,2315.690185546875,2325.6775399297176,ensemble
ETH,phase2,xgb,phase2_xgb,2026-04-24,2026-04-25,0.001354581263398566,0.0066755339968949555,0.0035758944953571408,2315.690185546875,2318.8291015625,2331.200365876828,ensemble
ETH,phase2,xgb,phase2_xgb,2026-04-25,2026-04-26,0.02171324359272805,0.005746496701613068,0.0020809364798719124,2318.8291015625,2369.72900390625,2332.192605236762,ensemble
ETH,phase2,xgb,phase2_xgb,2026-04-26,2026-04-27,-0.02853520923910551,-0.002464265003800392,0.004170774943830028,2369.72900390625,2303.06396484375,2363.8965529573256,ensemble
ETH,phase2,xgb,phase2_xgb,2026-04-27,2026-04-28,-0.005942025412355139,-0.00020891273161396384,0.001806241751207294,2303.06396484375,2289.419677734375,2302.5828757143445,ensemble
ETH,phase2,xgb,phase2_xgb,2026-04-28,2026-04-29,-0.01585118391858995,0.010549856768921017,0.004371792075532987,2289.419677734375,2253.415771484375,2313.7005822469205,ensemble
ETH,phase2,xgb,phase2_xgb,2026-04-29,2026-04-30,0.0012574984349416124,0.003967947635101154,0.002996630798253271,2253.415771484375,2256.251220703125,2262.3749703267454,ensemble
ETH,phase2,xgb,phase2_xgb,2026-04-30,2026-05-01,0.017069008220622378,-0.005930302292108535,0.0018009621841271575,2256.251220703125,2295.09375,2242.910565075272,ensemble
ETH,phase2,xgb,phase2_xgb,2026-05-01,2026-05-02,0.00916800638403556,-0.007692294009029865,0.0021299209095663536,2295.09375,2316.23193359375,2277.5069422641704,ensemble
ETH,phase2,xgb,phase2_xgb,2026-05-02,2026-05-03,0.0023302997915724253,-0.0036143739707767963,0.0015578129608100717,2316.23193359375,2321.6357421875,2307.875316250151,ensemble
ETH,phase2,xgb,phase2_xgb,2026-05-03,2026-05-04,0.010608949945406291,0.006492383219301701,0.002853333627359728,2321.6357421875,2346.39697265625,2336.7577268639425,ensemble
ETH,phase2,xgb,phase2_xgb,2026-05-04,2026-05-05,0.00628165402969772,0.007663865108042955,0.002456105153181478,2346.39697265625,2361.1826171875,2364.448526527046,ensemble
ETH,phase2,xgb,phase2_xgb,2026-05-05,2026-05-06,-0.004406055141063485,0.005702385772019624,0.0038258682466027726,2361.1826171875,2350.802001953125,2374.6854539514916,ensemble
ETH,phase2,xgb,phase2_xgb,2026-05-06,2026-05-07,-0.02572114978849261,0.001445928285829723,0.003238837776759951,2350.802001953125,2291.107666015625,2354.203551667971,ensemble
ETH,phase2,xgb,phase2_xgb,2026-05-07,2026-05-08,0.006900517380177334,0.003018815361429006,0.002121991451465939,2291.107666015625,2306.97216796875,2298.0345472597032,ensemble
ETH,phase2,xgb,phase2_xgb,2026-05-08,2026-05-09,0.008526770803293412,0.002822149987332523,0.0009776882092349013,2306.97216796875,2326.727294921875,2313.491985066957,ensemble
ETH,phase2,xgb,phase2_xgb,2026-05-09,2026-05-10,0.018023789401602215,0.0004902978893369436,0.0013623867762962171,2326.727294921875,2369.0439453125,2327.868364112687,ensemble
ETH,phase2,xgb,phase2_xgb,2026-05-10,2026-05-11,-0.012608728464913158,0.007381928991526366,0.0025762520435772423,2369.0439453125,2339.36083984375,2386.5967666263023,ensemble
ETH,phase2,xgb,phase2_xgb,2026-05-11,2026-05-12,-0.028054385823506677,-0.007230209652334452,0.001264192611851596,2339.36083984375,2274.6435546875,2322.5077695523964,ensemble
ETH,phase2,xgb,phase2_xgb,2026-05-12,2026-05-13,-0.007531505292275851,-0.0006851650541648269,0.0035724391089205936,2274.6435546875,2257.576416015625,2273.0855822082453,ensemble
ETH,phase2,xgb,phase2_xgb,2026-05-13,2026-05-14,0.01029350969888902,-0.0062699511647224425,0.003219804933742912,2257.576416015625,2280.934814453125,2243.465804784909,ensemble
ETH,phase2,xgb,phase2_xgb,2026-05-14,2026-05-15,-0.025579807171991084,-0.0031801787903532387,0.0030420869786008816,2280.934814453125,2223.328857421875,2273.6925558763196,ensemble
ETH,phase2,xgb,phase2_xgb,2026-05-15,2026-05-16,-0.019794470746775893,0.0010831120773218573,0.003288837763190028,2223.328857421875,2179.751953125,2225.7382763590344,ensemble
ETH,phase2,xgb,phase2_xgb,2026-05-16,2026-05-17,-0.024195229175847065,0.00909483777359128,0.003827697596892872,2179.751953125,2127.645263671875,2199.6668677106163,ensemble
ETH,phase2,xgb,phase2_xgb,2026-05-17,2026-05-18,0.0004092183281597835,-0.006201507989317179,0.002156382152385322,2127.645263671875,2128.51611328125,2114.491483364031,ensemble
ETH,phase2,xgb,phase2_xgb,2026-05-18,2026-05-19,-0.00875425372369268,0.002452062035445124,0.0010961465136457608,2128.51611328125,2109.9638671875,2133.741771034635,ensemble
ETH,phase2,xgb,phase2_xgb,2026-05-19,2026-05-20,0.008033908248005973,0.007042764686048031,0.0021673725762426208,2109.9638671875,2126.9833984375,2124.8762969282902,ensemble
ETH,phase2,xgb,phase2_xgb,2026-05-20,2026-05-21,0.002079303908552925,-0.0031623046495951714,0.0029876599202081416,2126.9833984375,2131.41064453125,2120.2678528439196,ensemble
ETH,phase2,xgb,phase2_xgb,2026-05-21,2026-05-22,-0.031829628880296966,0.008759663067758083,0.002259212346048633,2131.41064453125,2064.636962890625,2150.163096307202,ensemble
ETH,phase2,xgb,phase2_xgb,2026-05-22,2026-05-23,0.024550147375465296,0.003491889010183513,0.0036224680508416054,2064.636962890625,2115.951416015625,2071.859048032818,ensemble
ETH,phase2,xgb,phase2_xgb,2026-05-23,2026-05-24,-0.008522952674199372,0.004996613832190633,0.001767847880771355,2115.951416015625,2097.993896484375,2126.5504657569586,ensemble
ETH,phase2,xgb,phase2_xgb,2026-05-24,2026-05-25,0.006355596261768782,0.007467787060886621,0.0017720140830597042,2097.993896484375,2111.370361328125,2113.719914350958,ensemble
ETH,phase2,xgb,phase2_xgb,2026-05-25,2026-05-26,-0.019374108363781214,0.002649671002291143,0.0008728756283555778,2111.370361328125,2070.858154296875,2116.972216408678,ensemble
ETH,phase2,xgb,phase2_xgb,2026-05-26,2026-05-27,-0.023777930243884346,0.006567513314075768,0.0027733028875278217,2070.858154296875,2022.1982421875,2084.5033010929765,ensemble
ETH,phase2,xgb,phase2_xgb,2026-05-27,2026-05-28,-0.0072687232435778805,0.0039707928779535,0.004142780580754058,2022.1982421875,2007.552734375,2030.2439358855054,ensemble
ETH,phase2,xgb,phase2_xgb,2026-05-28,2026-05-29,0.00220213888797984,0.0029902758105890825,0.002129031095667889,2007.552734375,2011.978515625,2013.5648552249515,ensemble
ETH,phase2,xgb,phase2_xgb,2026-05-29,2026-05-30,0.0037107092790728668,0.014715411327779293,0.0014961635968684503,2011.978515625,2019.458251953125,2041.804519808407,ensemble
ETH,phase2,xgb,phase2_xgb,2026-05-30,2026-05-31,-0.007513679144432405,0.002475719409994781,0.0024562490168787343,2019.458251953125,2004.341552734375,2024.464057873807,ensemble
ETH,phase2,xgb,phase2_xgb,2026-05-31,2026-06-01,-0.0005591235515652776,-0.008499733917415143,0.0018504727651018464,2004.341552734375,2003.22119140625,1987.3773804636655,ensemble
ETH,phase2,xgb,phase2_xgb,2026-06-01,2026-06-02,-0.07540853835127649,0.00041533280164003373,0.002937899908439588,2003.22119140625,1857.71630859375,2004.0533676790703,ensemble
ETH,phase2,xgb,phase2_xgb,2026-06-02,2026-06-03,-0.02506448300158351,0.01852012537419796,0.004738573699924084,1857.71630859375,1811.7322998046875,1892.4420172208504,ensemble
ETH,phase2,xgb,phase2_xgb,2026-06-03,2026-06-04,-0.023540908919617697,0.007216214202344418,0.0021846375613396507,1811.7322998046875,1769.58056640625,1824.8534336748419,ensemble
ETH,phase2,xgb,phase2_xgb,2026-06-04,2026-06-05,-0.11277301635815795,0.005400836141780019,0.0031521376204444013,1769.58056640625,1580.86083984375,1779.163636085565,ensemble
ETH,phase2,xgb,phase2_xgb,2026-06-05,2026-06-06,-0.00767912718680117,0.00803767545730807,0.008270998218546962,1580.86083984375,1568.7677001953125,1593.6184884540507,ensemble
ETH,phase2,xgb,phase2_xgb,2026-06-06,2026-06-07,0.07230344307254986,0.024510815739631653,0.008822612639334213,1568.7677001953125,1686.396240234375,1607.694592317521,ensemble
ETH,phase2,xgb,phase2_xgb,2026-06-07,2026-06-08,0.002222580242866329,0.012231399212032557,0.006601630018727581,1686.396240234375,1690.1485595703125,1707.1498902269184,ensemble
ETH,phase2,xgb,phase2_xgb,2026-06-08,2026-06-09,-0.031519541921552284,0.0070572239346802235,0.004745945860020433,1690.1485595703125,1637.7066650390625,1702.1185040477822,ensemble
ETH,phase2,xgb,phase2_xgb,2026-06-09,2026-06-10,-0.010785745482471555,0.0070244261994957926,0.003777121968102565,1637.7066650390625,1620.1376953125,1649.2511137386518,ensemble
ETH,phase2,xgb,phase2_xgb,2026-06-10,2026-06-11,0.03167720451879468,-0.0021227399120107293,0.004725911894126707,1620.1376953125,1672.2806396484375,1616.7022119725393,ensemble
ETH,phase2,xgb,phase2_xgb,2026-06-11,2026-06-12,-0.004286465439468386,-0.007907829293981195,0.00472894731067339,1672.2806396484375,1665.1278076171875,1659.1086792665021,ensemble
ETH,phase2,xgb,phase2_xgb,2026-06-12,2026-06-13,0.009019641302053691,0.008088155277073383,0.0014615618917538022,1665.1278076171875,1680.214599609375,1678.6502318973144,ensemble
ETH,phase2,xgb,phase2_xgb,2026-06-13,2026-06-14,0.02608131744744488,-0.00612726011313498,0.0034508563169862194,1680.214599609375,1724.61328125,1669.9509638057098,ensemble
ETH,phase2,xgb,phase2_xgb,2026-06-14,2026-06-15,0.03998055531190125,-0.007218451987137086,0.004560361653251605,1724.61328125,1794.961181640625,1712.209066558185,ensemble
ETH,phase2,xgb,phase2_xgb,2026-06-15,2026-06-16,-0.002545346375384009,-0.0029125197208486496,0.0022359734410134758,1794.961181640625,1790.398193359375,1789.7409275376347,ensemble
ETH,phase2,xgb,phase2_xgb,2026-06-16,2026-06-17,-0.024031278966082516,-0.00197763157193549,0.0032559287276963155,1790.398193359375,1747.885498046875,1786.8609442065085,ensemble
ETH,phase2,xgb,phase2_xgb,2026-06-17,2026-06-18,-0.022186275106794908,-0.008493521995842458,0.003276023253525403,1747.885498046875,1709.533447265625,1733.1026621631406,ensemble
ETH,phase2,xgb,phase2_xgb,2026-06-18,2026-06-19,0.0008472258287815989,-0.013947680965065956,0.0015671972675007839,1709.533447265625,1710.982421875,1685.8549341797632,ensemble
ETH,phase2,xgb,phase2_xgb,2026-06-19,2026-06-20,0.016415812264568657,-0.011437744926661253,0.0027584731252625755,1710.982421875,1739.3013916015625,1691.5241329628109,ensemble
ETH,phase2,xgb,phase2_xgb,2026-06-20,2026-06-21,-0.020164455160312907,0.0045335260361753175,0.0027393819761728946,1739.3013916015625,1704.58056640625,1747.2044605937817,ensemble
ETH,phase2,xgb,phase2_xgb,2026-06-21,2026-06-22,0.012783452112487081,0.00020302011689636855,0.0012638503776854861,1704.58056640625,1726.5108642578125,1704.92666568347,ensemble
ETH,phase2,xgb,phase2_xgb,2026-06-22,2026-06-23,-0.036015118575190234,0.0004689882043749094,0.0038586459390590683,1726.5108642578125,1665.436767578125,1727.3207673905376,ensemble
ETH,phase2,xgb,phase2_xgb,2026-06-23,2026-06-24,-0.027707605238555068,-0.008396099880337715,0.0032442322643376027,1665.436767578125,1619.9249267578125,1651.5121322484115,ensemble
ETH,phase2,xgb,phase2_xgb,2026-06-24,2026-06-25,-0.03461114583410765,-0.012622078135609626,0.003954253991459009,1619.9249267578125,1564.816650390625,1599.6066072203635,ensemble
ETH,phase2,xgb,phase2_xgb,2026-06-25,2026-06-26,0.00751217354974333,0.0036179515067487956,0.004608258572914193,1564.816650390625,1576.6160888671875,1570.4883349017937,ensemble
ETH,phase2,xgb,phase2_xgb,2026-06-26,2026-06-27,-0.003194097811799365,-0.016979817114770413,0.0029030180193802854,1576.6160888671875,1571.5882568359375,1550.0714354617387,ensemble
ETH,phase2,xgb,phase2_xgb,2026-06-27,2026-06-28,-0.0007810761173124416,-0.006458094506524503,0.0071964831345599405,1571.5882568359375,1570.3612060546875,1561.4714940147614,ensemble
ETH,phase2,xgb,phase2_xgb,2026-06-28,2026-06-29,0.025056343014794192,-0.012411575019359588,0.0031505162125898553,1570.3612060546875,1610.205810546875,1550.9910061426958,ensemble
ETH,phase2,xgb,phase2_xgb,2026-06-29,2026-06-30,-0.025551475094469023,-0.02230352722108364,0.0026362304717150995,1610.205810546875,1569.5838623046875,1574.6900767426648,ensemble
ETH,phase2,xgb,phase2_xgb,2026-06-30,2026-07-01,0.024777910106091337,0.00046140793710947037,0.005680173080185969,1569.5838623046875,1608.960693359375,1570.3082478624851,ensemble
ETH,phase2,xgb,phase2_xgb,2026-07-01,2026-07-02,0.053962428648177775,0.0031264739809557796,0.006949364767020328,1608.960693359375,1698.16943359375,1613.9989389714488,ensemble
ETH,phase2,xgb,phase2_xgb,2026-07-02,2026-07-03,0.0337829584823897,0.007767601753585041,0.005749715263156041,1698.16943359375,1756.5186767578125,1711.4115004341784,ensemble
ETH,phase2,xgb,phase2_xgb,2026-07-03,2026-07-04,0.012736109597214896,-0.016509460285305977,0.0017572468667163043,1756.5186767578125,1779.032958984375,1727.7575698626074,ensemble
ETH,phase2,xgb,phase2_xgb,2026-07-04,2026-07-05,0.002230758380216772,-0.0019418463576585054,0.004230522209641457,1779.032958984375,1783.0059814453125,1775.5817023024158,ensemble
ETH,phase2,xgb,phase2_xgb,2026-07-05,2026-07-06,0.008137134529373787,-0.012090805917978287,0.004767996037944987,1783.0059814453125,1797.57373046875,1761.5778051770942,ensemble
ETH,phase2,xgb,phase2_xgb,2026-07-06,2026-07-07,-0.016299610142193822,-0.01177244116552174,0.0065971695209120045,1797.57373046875,1768.511474609375,1776.5359753221082,ensemble
ETH,phase2,xgb,phase2_xgb,2026-07-07,2026-07-08,-0.014715429926392411,-0.0024700056121218948,0.003709955318273997,1768.511474609375,1742.6776123046875,1764.1486316833596,ensemble
ETH,phase2,xgb,phase2_xgb,2026-07-08,2026-07-09,0.0010363767887721133,-0.006399296643212438,0.005217982463267575,1742.6776123046875,1744.484619140625,1731.5613075113274,ensemble
ETH,phase2,xgb,phase2_xgb,2026-07-09,2026-07-10,0.028931987175530218,0.00026826808461919425,0.002243318584253278,1744.484619140625,1795.6932373046875,1744.9526714669928,ensemble
ETH,phase2,xgb,phase2_xgb,2026-07-10,2026-07-11,-0.004237766868141637,-0.008600568864494562,0.0014964795437781158,1795.6932373046875,1788.099609375,1780.315477489559,ensemble
ETH,phase2,xgb,phase2_xgb,2026-07-11,2026-07-12,0.00984372406415057,-0.009604684449732304,0.0019501272551854423,1788.099609375,1805.7880859375,1771.0076895046407,ensemble
ETH,phase2,xgb,phase2_xgb,2026-07-12,2026-07-13,-0.018041700992512517,0.0018220595316961407,0.0029206649530784177,1805.7880859375,1773.500732421875,1809.0813386718671,ensemble
ETH,phase2,xgb,phase2_xgb,2026-07-13,2026-07-14,0.06334617578601259,0.007648539263755083,0.0013632432323153194,1773.500732421875,1889.4798583984373,1787.117429949434,ensemble
ETH,phase2,xgb,phase2_xgb,2026-07-14,2026-07-15,0.014430524175558828,0.004181305936072022,0.0028019827820864596,1889.4798583984373,1916.9437255859373,1897.3968919815402,ensemble
ETH,phase2,xgb,phase2_xgb,2026-07-15,2026-07-16,-0.028440232689138405,0.0009526732843369246,0.0025560982864353803,1916.9437255859373,1863.193359375,1918.7708168332028,ensemble
ETH,phase2,xgb,phase2_xgb,2026-07-16,2026-07-17,-0.011989404987594009,0.0009941118420101701,0.003083575482689844,1863.193359375,1840.9881591796875,1865.0465029208658,ensemble
ETH,phase2,xgb,phase2_xgb,2026-07-17,2026-07-18,0.011022172689536534,-0.010844817385077477,0.0021636794642131995,1840.9881591796875,1861.39208984375,1821.1308478607236,ensemble
ETH,phase2,xgb,phase2_xgb,2026-07-18,2026-07-19,0.005420170979573819,0.003219755250029266,0.001295993051483841,1861.39208984375,1871.508544921875,1867.3949755228236,ensemble
ETH,phase2,xgb,phase2_xgb,2026-07-19,2026-07-20,0.01708549188125397,0.013049679808318615,0.0019987840442548133,1871.508544921875,1903.7589111328125,1896.0911811015424,ensemble
ETH,phase2,xgb,phase2_xgb,2026-07-20,2026-07-21,0.012851931047764876,-0.009984076209366321,0.002496993928059591,1903.7589111328125,1928.3837890625,1884.8462071229508,ensemble
ETH,phase2,xgb,phase2_xgb,2026-07-21,2026-07-22,0.0026444810723667356,-0.0012799723772332072,0.001825000941835043,1928.3837890625,1933.4901123046875,1925.9170900698546,ensemble
ETH,phase2,xgb,phase2_xgb,2026-07-22,2026-07-23,-0.029598568421148785,-0.000402494752779603,0.0025507995057145734,1933.4901123046875,1877.1002197265625,1932.7120492735812,ensemble
ETH,phase2,xgb,phase2_xgb,2026-07-23,2026-07-24,-0.009056635454748527,0.004429432575125247,0.0023281764820867155,1877.1002197265625,1860.1767578125,1885.4331500388314,ensemble
ETH,phase2,xgb,phase2_xgb,2026-07-24,2026-07-25,0.006988648574768904,-0.010305465385317802,0.0036406123553449537,1860.1767578125,1873.222412109375,1841.1052099992658,ensemble
ETH,phase2,xgb,phase2_xgb,2026-07-25,2026-07-26,0.041917042836694604,-0.0008587398449890315,0.001869625532535864,1873.222412109375,1953.4112548828125,1871.6144918769671,ensemble
ETH,phase2,xgb,phase2_xgb,2026-07-26,2026-07-27,-0.032675812699619874,-0.0188397116959095,0.0022869696158964743,1953.4112548828125,1890.613525390625,1916.9540499533214,ensemble
ETH,phase2,xgb,phase2_xgb,2026-07-27,2026-07-28,0.015396962638548027,0.0017283335444517433,0.0027338617646885154,1890.613525390625,1919.948486328125,1893.8839615543116,ensemble
ETH,phase2,xgb,phase2_xgb,2026-07-28,2026-07-29,-0.005970784512141466,0.007791545893996954,0.005430779600219832,1919.948486328125,1908.51904296875,1934.9662830243622,ensemble
ETH,phase2,xgb,phase2_xgb,2026-07-29,2026-07-30,0.004628409644754907,-0.00677341315895319,0.002594380344584057,1908.51904296875,1917.3729248046875,1895.6355368807897,ensemble
ETH,phase2,xgb,phase2_xgb,2026-07-30,2026-07-31,-0.03019351719084729,0.004145350912585855,0.0009662451329932832,1917.3729248046875,1860.345947265625,1925.3376052004924,ensemble
ETH,phase2,xgb,phase2_xgb,2026-07-31,2026-08-01,-0.009141155880177469,0.007199562434107065,0.001502119091686882,1860.345947265625,1843.417724609375,1873.7879542840242,ensemble
ETH,phase2,xgb,phase2_xgb,2026-08-01,2026-08-02,0.020991044981634618,0.0012063485013641185,0.0007809281145667585,1843.417724609375,1882.52197265625,1845.6428706998208,ensemble
ETH,phase2,xgb,phase2_xgb,2026-08-02,2026-08-03,-0.012973686445006478,0.009771484415978193,0.0026985838557166413,1882.52197265625,1858.2564697265625,1901.0071736180723,ensemble
ETH,phase2,xgb,phase2_xgb,2026-08-03,2026-08-04,0.005436217682913836,0.0037915402557700873,0.002050417812646395,1858.2564697265625,1868.3858642578125,1865.3154977749994,ensemble
ETH,phase2,xgb,phase2_xgb,2026-08-04,2026-08-05,0.02020785436698823,-0.006470584962517023,0.0027489020821893717,1868.3858642578125,1906.5260009765625,1856.3353437833612,ensemble
ETH,phase2,xgb,phase2_xgb,2026-08-05,2026-08-06,-0.002346545855886157,-0.01229131817817688,0.0017008638326803333,1906.5260009765625,1902.0574951171875,1883.2357106850384,ensemble
ETH,phase2,xgb,phase2_xgb,2026-08-06,2026-08-07,0.005882550580216205,-0.0008573091821745038,0.002680000661979988,1902.0574951171875,1913.2794189453125,1900.4275425480835,ensemble
ETH,phase2,xgb,phase2_xgb,2026-08-07,2026-08-08,0.001177148461113393,0.007677607145160437,0.003352444429834779,1913.2794189453125,1915.532958984375,1928.0253610240027,ensemble
ETH,phase2,xgb,phase2_xgb,2026-08-08,2026-08-09,-0.0035825526559130822,0.006520711956545711,0.0024428508247839975,1915.532958984375,1908.6827392578125,1928.0644102424596,ensemble
ETH,phase2,xgb,phase2_xgb,2026-08-09,2026-08-10,-0.019791352046331357,-0.001582329603843391,0.0015266735409378508,1908.6827392578125,1871.2786865234373,1905.6649622437444,ensemble
ETH,phase2,xgb,phase2_xgb,2026-08-10,2026-08-11,0.005380127113694831,-0.008084231056272984,0.002510518006992166,1871.2786865234373,1881.37353515625,1856.2118213182728,ensemble
ETH,phase2,xgb,phase2_xgb,2026-08-11,2026-08-12,-0.0017228455012013328,0.00774167412891984,0.0019158183713363166,1881.37353515625,1878.135009765625,1895.995040418262,ensemble
ETH,phase2,xgb,phase2_xgb,2026-08-12,2026-08-13,0.0031133074431306308,-0.0032315227703293204,0.002732140454096633,1878.135009765625,1883.9913330078125,1872.075569598348,ensemble
ETH,phase2,xgb,phase2_xgb,2026-08-13,2026-08-14,-0.001775101080760423,0.00895976424217224,0.0020530821251684814,1883.9913330078125,1880.6500244140625,1900.947298480878,ensemble
ETH,phase2,xgb,phase2_xgb,2026-08-14,2026-08-15,0.00013733711278611884,0.0024122050264850257,0.0005830062570956189,1880.6500244140625,1880.9083251953125,1885.1920137583916,ensemble
ETH,phase2,xgb,phase2_xgb,2026-08-15,2026-08-16,-0.003710048377518096,0.008226467110216618,0.0011927896043099605,1880.9083251953125,1873.9429931640625,1896.4453755647091,ensemble
ETH,phase2,xgb,phase2_xgb,2026-08-16,2026-08-17,0.020210771727059512,0.004560482397209853,0.0028464499575560627,1873.9429931640625,1912.2021484375,1882.508593988043,ensemble
ETH,phase2,xgb,phase2_xgb,2026-08-17,2026-08-18,0.0022239875598747453,0.0018914665910415352,0.0009579203336077722,1912.2021484375,1916.4595947265625,1915.8224376653068,ensemble
ETH,phase2,xgb,phase2_xgb,2026-08-18,2026-08-19,0.16109848705425042,0.0032520553679205476,0.0027857780121634686,1916.4595947265625,2251.4580078125,1922.7021725416223,ensemble
ETH,phase2,xgb,phase2_xgb,2026-08-19,2026-08-20,0.032737450034477825,0.005417091288836673,0.004939368040727546,2251.4580078125,2326.384765625,2263.6874554850733,ensemble
ETH,phase2,xgb,phase2_xgb,2026-08-20,2026-08-21,0.07806936059159927,0.021310225129127502,0.006588194555388138,2326.384765625,2515.28173828125,2376.492556615542,ensemble
ETH,phase2,xgb,phase2_xgb,2026-08-21,2026-08-22,-0.036862118710177375,0.002217054972425103,0.002337149621481956,2515.28173828125,2424.251220703125,2520.8644424604495,ensemble
ETH,phase2,xgb,phase2_xgb,2026-08-22,2026-08-23,0.01618863252300956,0.0009292687522247433,0.001272426791593457,2424.251220703125,2463.81591796875,2426.5050486538216,ensemble
ETH,phase2,xgb,phase2_xgb,2026-08-23,2026-08-24,0.007285380356811502,0.00016106358671095223,0.0015067896830834031,2463.81591796875,2481.831298828125,2464.2127809567237,ensemble
ETH,phase2,xgb,phase2_xgb,2026-08-24,2026-08-25,-0.01570466707427711,0.002031675388570875,0.0016879805461544764,2481.831298828125,2443.159423828125,2486.8787000007264,ensemble
ETH,phase2,xgb,phase2_xgb,2026-08-25,2026-08-26,0.02549994808905242,0.003350008791312575,0.0024263305936783226,2443.159423828125,2506.260986328125,2451.35775394833,ensemble
ETH,phase2,xgb,phase2_xgb,2026-08-26,2026-08-27,0.0016541530230063984,-0.0007441618305165321,0.0016374305629807669,2506.260986328125,2510.41015625,2504.396616347313,ensemble
ETH,phase2,xgb,phase2_xgb,2026-08-27,2026-08-28,-0.02740935041425752,0.008897807728499175,0.0022478061646959437,2510.41015625,2442.535888671875,2532.8469743582186,ensemble
ETH,phase2,xgb,phase2_xgb,2026-08-28,2026-08-29,0.006183572246544925,0.006788795255124569,0.0017275145597945953,2442.535888671875,2457.686279296875,2459.1741777907596,ensemble
ETH,phase2,xgb,phase2_xgb,2026-08-29,2026-08-30,-0.016304961587388887,0.006836258666589856,0.0025198426428045626,2457.686279296875,2417.938720703125,2474.5452188014297,ensemble
ETH,phase2,xgb,phase2_xgb,2026-08-30,2026-08-31,0.020014589550137154,-0.0010486527142347768,0.001084672822273568,2417.938720703125,2466.8203125,2415.4044717065876,ensemble
ETH,benchmark,random_walk_zero_return,random_walk_zero_return,2025-10-31,2025-11-01,0.007021586687225155,0.0,0.0,3847.080322265625,3874.18798828125,3847.080322265625,benchmark
ETH,benchmark,random_walk_zero_return,random_walk_zero_return,2025-11-01,2025-11-02,0.009473174047530416,0.0,0.0,3874.18798828125,3911.063232421875,3874.18798828125,benchmark
ETH,benchmark,random_walk_zero_return,random_walk_zero_return,2025-11-02,2025-11-03,-0.08223448305523949,0.0,0.0,3911.063232421875,3602.30810546875,3911.063232421875,benchmark
ETH,benchmark,random_walk_zero_return,random_walk_zero_return,2025-11-03,2025-11-04,-0.08990501013567212,0.0,0.0,3602.30810546875,3292.574462890625,3602.30810546875,benchmark
ETH,benchmark,random_walk_zero_return,random_walk_zero_return,2025-11-04,2025-11-05,0.039481668810072805,0.0,0.0,3292.574462890625,3425.171142578125,3292.574462890625,benchmark
ETH,benchmark,random_walk_zero_return,random_walk_zero_return,2025-11-05,2025-11-06,-0.03352136366985419,0.0,0.0,3425.171142578125,3312.2578125,3425.171142578125,benchmark
ETH,benchmark,random_walk_zero_return,random_walk_zero_return,2025-11-06,2025-11-07,0.03647448115981518,0.0,0.0,3312.2578125,3435.301025390625,3312.2578125,benchmark
ETH,benchmark,random_walk_zero_return,random_walk_zero_return,2025-11-07,2025-11-08,-0.010218549741346181,0.0,0.0,3435.301025390625,3400.3759765625,3435.301025390625,benchmark
ETH,benchmark,random_walk_zero_return,random_walk_zero_return,2025-11-08,2025-11-09,0.05220874290983875,0.0,0.0,3400.3759765625,3582.621337890625,3400.3759765625,benchmark
ETH,benchmark,random_walk_zero_return,random_walk_zero_return,2025-11-09,2025-11-10,-0.003960630532174714,0.0,0.0,3582.621337890625,3568.4599609375,3582.621337890625,benchmark
ETH,benchmark,random_walk_zero_return,random_walk_zero_return,2025-11-10,2025-11-11,-0.04387398640993172,0.0,0.0,3568.4599609375,3415.2822265625,3568.4599609375,benchmark
ETH,benchmark,random_walk_zero_return,random_walk_zero_return,2025-11-11,2025-11-12,-0.0006408517068140884,0.0,0.0,3415.2822265625,3413.09423828125,3415.2822265625,benchmark
ETH,benchmark,random_walk_zero_return,random_walk_zero_return,2025-11-12,2025-11-13,-0.054283922809847215,0.0,0.0,3413.09423828125,3232.757080078125,3413.09423828125,benchmark
ETH,benchmark,random_walk_zero_return,random_walk_zero_return,2025-11-13,2025-11-14,-0.04071281618360177,0.0,0.0,3232.757080078125,3103.78564453125,3232.757080078125,benchmark
ETH,benchmark,random_walk_zero_return,random_walk_zero_return,2025-11-14,2025-11-15,0.020045814386644864,0.0,0.0,3103.78564453125,3166.63134765625,3103.78564453125,benchmark
ETH,benchmark,random_walk_zero_return,random_walk_zero_return,2025-11-15,2025-11-16,-0.023576197316441422,0.0,0.0,3166.63134765625,3092.847412109375,3166.63134765625,benchmark
ETH,benchmark,random_walk_zero_return,random_walk_zero_return,2025-11-16,2025-11-17,-0.022333536068642135,0.0,0.0,3092.847412109375,3024.538818359375,3092.847412109375,benchmark
ETH,benchmark,random_walk_zero_return,random_walk_zero_return,2025-11-17,2025-11-18,0.032028732106195945,0.0,0.0,3024.538818359375,3122.97900390625,3024.538818359375,benchmark
ETH,benchmark,random_walk_zero_return,random_walk_zero_return,2025-11-18,2025-11-19,-0.03251421900082368,0.0,0.0,3122.97900390625,3023.07080078125,3122.97900390625,benchmark
ETH,benchmark,random_walk_zero_return,random_walk_zero_return,2025-11-19,2025-11-20,-0.06536849882670856,0.0,0.0,3023.07080078125,2831.777587890625,3023.07080078125,benchmark
ETH,benchmark,random_walk_zero_return,random_walk_zero_return,2025-11-20,2025-11-21,-0.02361115238578957,0.0,0.0,2831.777587890625,2765.69921875,2831.777587890625,benchmark
ETH,benchmark,random_walk_zero_return,random_walk_zero_return,2025-11-21,2025-11-22,0.0006897153274086759,0.0,0.0,2765.69921875,2767.607421875,2765.69921875,benchmark
ETH,benchmark,random_walk_zero_return,random_walk_zero_return,2025-11-22,2025-11-23,0.012234618260287876,0.0,0.0,2767.607421875,2801.676025390625,2767.607421875,benchmark
ETH,benchmark,random_walk_zero_return,random_walk_zero_return,2025-11-23,2025-11-24,0.05250671846439223,0.0,0.0,2801.676025390625,2952.71337890625,2801.676025390625,benchmark
ETH,benchmark,random_walk_zero_return,random_walk_zero_return,2025-11-24,2025-11-25,0.0017672851723719149,0.0,0.0,2952.71337890625,2957.936279296875,2952.71337890625,benchmark
ETH,benchmark,random_walk_zero_return,random_walk_zero_return,2025-11-25,2025-11-26,0.023348428095094007,0.0,0.0,2957.936279296875,3027.81201171875,2957.936279296875,benchmark
ETH,benchmark,random_walk_zero_return,random_walk_zero_return,2025-11-26,2025-11-27,-0.004392260426713515,0.0,0.0,3027.81201171875,3014.542236328125,3027.81201171875,benchmark
ETH,benchmark,random_walk_zero_return,random_walk_zero_return,2025-11-27,2025-11-28,0.005874882913213043,0.0,0.0,3014.542236328125,3032.304443359375,3014.542236328125,benchmark
ETH,benchmark,random_walk_zero_return,random_walk_zero_return,2025-11-28,2025-11-29,-0.013485997805236051,0.0,0.0,3032.304443359375,2991.685302734375,3032.304443359375,benchmark
ETH,benchmark,random_walk_zero_return,random_walk_zero_return,2025-11-29,2025-11-30,0.00014280097860070945,0.0,0.0,2991.685302734375,2992.112548828125,2991.685302734375,benchmark
ETH,benchmark,random_walk_zero_return,random_walk_zero_return,2025-11-30,2025-12-01,-0.0662927736435053,0.0,0.0,2992.112548828125,2800.18896484375,2992.112548828125,benchmark
ETH,benchmark,random_walk_zero_return,random_walk_zero_return,2025-12-01,2025-12-02,0.06823838280892502,0.0,0.0,2800.18896484375,2997.939697265625,2800.18896484375,benchmark
ETH,benchmark,random_walk_zero_return,random_walk_zero_return,2025-12-02,2025-12-03,0.06258823046337834,0.0,0.0,2997.939697265625,3191.57177734375,2997.939697265625,benchmark
ETH,benchmark,random_walk_zero_return,random_walk_zero_return,2025-12-03,2025-12-04,-0.01810241754529839,0.0,0.0,3191.57177734375,3134.31640625,3191.57177734375,benchmark
ETH,benchmark,random_walk_zero_return,random_walk_zero_return,2025-12-04,2025-12-05,-0.03568750802814642,0.0,0.0,3134.31640625,3024.432861328125,3134.31640625,benchmark
ETH,benchmark,random_walk_zero_return,random_walk_zero_return,2025-12-05,2025-12-06,0.005202266348911221,0.0,0.0,3024.432861328125,3040.207763671875,3024.432861328125,benchmark
ETH,benchmark,random_walk_zero_return,random_walk_zero_return,2025-12-06,2025-12-07,0.006914380156550823,0.0,0.0,3040.207763671875,3061.3017578125,3040.207763671875,benchmark
ETH,benchmark,random_walk_zero_return,random_walk_zero_return,2025-12-07,2025-12-08,0.020657404003744346,0.0,0.0,3061.3017578125,3125.197998046875,3061.3017578125,benchmark
ETH,benchmark,random_walk_zero_return,random_walk_zero_return,2025-12-08,2025-12-09,0.06080292642241868,0.0,0.0,3125.197998046875,3321.114990234375,3125.197998046875,benchmark
ETH,benchmark,random_walk_zero_return,random_walk_zero_return,2025-12-09,2025-12-10,0.001286434597521452,0.0,0.0,3321.114990234375,3325.39013671875,3321.114990234375,benchmark
ETH,benchmark,random_walk_zero_return,random_walk_zero_return,2025-12-10,2025-12-11,-0.02692245348848621,0.0,0.0,3325.39013671875,3237.056884765625,3325.39013671875,benchmark
ETH,benchmark,random_walk_zero_return,random_walk_zero_return,2025-12-11,2025-12-12,-0.048381125268667786,0.0,0.0,3237.056884765625,3084.172607421875,3237.056884765625,benchmark
ETH,benchmark,random_walk_zero_return,random_walk_zero_return,2025-12-12,2025-12-13,0.010489822947687412,0.0,0.0,3084.172607421875,3116.6953125,3084.172607421875,benchmark
ETH,benchmark,random_walk_zero_return,random_walk_zero_return,2025-12-13,2025-12-14,-0.01816399360114702,0.0,0.0,3116.6953125,3060.5947265625,3116.6953125,benchmark
ETH,benchmark,random_walk_zero_return,random_walk_zero_return,2025-12-14,2025-12-15,-0.03200777016588088,0.0,0.0,3060.5947265625,2964.18310546875,3060.5947265625,benchmark
ETH,benchmark,random_walk_zero_return,random_walk_zero_return,2025-12-15,2025-12-16,-7.412721688312701e-07,0.0,0.0,2964.18310546875,2964.180908203125,2964.18310546875,benchmark
ETH,benchmark,random_walk_zero_return,random_walk_zero_return,2025-12-16,2025-12-17,-0.045828192848759323,0.0,0.0,2964.180908203125,2831.403564453125,2964.180908203125,benchmark
ETH,benchmark,random_walk_zero_return,random_walk_zero_return,2025-12-17,2025-12-18,-0.0015320294953636582,0.0,0.0,2831.403564453125,2827.069091796875,2831.403564453125,benchmark
ETH,benchmark,random_walk_zero_return,random_walk_zero_return,2025-12-18,2025-12-19,0.05200157806139122,0.0,0.0,2827.069091796875,2977.970703125,2827.069091796875,benchmark
ETH,benchmark,random_walk_zero_return,random_walk_zero_return,2025-12-19,2025-12-20,-0.0001303602133292682,0.0,0.0,2977.970703125,2977.58251953125,2977.970703125,benchmark
ETH,benchmark,random_walk_zero_return,random_walk_zero_return,2025-12-20,2025-12-21,0.008038330984924418,0.0,0.0,2977.58251953125,3001.61376953125,2977.58251953125,benchmark
ETH,benchmark,random_walk_zero_return,random_walk_zero_return,2025-12-21,2025-12-22,0.0014847515809792915,0.0,0.0,3001.61376953125,3006.07373046875,3001.61376953125,benchmark
ETH,benchmark,random_walk_zero_return,random_walk_zero_return,2025-12-22,2025-12-23,-0.014306326840175283,0.0,0.0,3006.07373046875,2963.3740234375,3006.07373046875,benchmark
ETH,benchmark,random_walk_zero_return,random_walk_zero_return,2025-12-23,2025-12-24,-0.0060191597554604985,0.0,0.0,2963.3740234375,2945.590576171875,2963.3740234375,benchmark
ETH,benchmark,random_walk_zero_return,random_walk_zero_return,2025-12-24,2025-12-25,-0.014365015056822026,0.0,0.0,2945.590576171875,2903.57958984375,2945.590576171875,benchmark
ETH,benchmark,random_walk_zero_return,random_walk_zero_return,2025-12-25,2025-12-26,0.007605038907991378,0.0,0.0,2903.57958984375,2925.74560546875,2903.57958984375,benchmark
ETH,benchmark,random_walk_zero_return,random_walk_zero_return,2025-12-26,2025-12-27,0.0075770385642638756,0.0,0.0,2925.74560546875,2947.998291015625,2925.74560546875,benchmark
ETH,benchmark,random_walk_zero_return,random_walk_zero_return,2025-12-27,2025-12-28,0.00019327323098403297,0.0,0.0,2947.998291015625,2948.568115234375,2947.998291015625,benchmark
ETH,benchmark,random_walk_zero_return,random_walk_zero_return,2025-12-28,2025-12-29,-0.00476952504017534,0.0,0.0,2948.568115234375,2934.538330078125,2948.568115234375,benchmark
ETH,benchmark,random_walk_zero_return,random_walk_zero_return,2025-12-29,2025-12-30,0.012488715813386491,0.0,0.0,2934.538330078125,2971.416748046875,2934.538330078125,benchmark
ETH,benchmark,random_walk_zero_return,random_walk_zero_return,2025-12-30,2025-12-31,-0.0014748454494985343,0.0,0.0,2971.416748046875,2967.03759765625,2971.416748046875,benchmark
ETH,benchmark,random_walk_zero_return,random_walk_zero_return,2025-12-31,2026-01-01,0.01117969589667102,0.0,0.0,2967.03759765625,3000.394287109375,2967.03759765625,benchmark
ETH,benchmark,random_walk_zero_return,random_walk_zero_return,2026-01-01,2026-01-02,0.04050579142356504,0.0,0.0,3000.394287109375,3124.422607421875,3000.394287109375,benchmark
ETH,benchmark,random_walk_zero_return,random_walk_zero_return,2026-01-02,2026-01-03,0.0004783333560596635,0.0,0.0,3124.422607421875,3125.91748046875,3124.422607421875,benchmark
ETH,benchmark,random_walk_zero_return,random_walk_zero_return,2026-01-03,2026-01-04,0.004721198192569982,0.0,0.0,3125.91748046875,3140.71044921875,3125.91748046875,benchmark
ETH,benchmark,random_walk_zero_return,random_walk_zero_return,2026-01-04,2026-01-05,0.02683435946003148,0.0,0.0,3140.71044921875,3226.13037109375,3140.71044921875,benchmark
ETH,benchmark,random_walk_zero_return,random_walk_zero_return,2026-01-05,2026-01-06,0.021410072765534124,0.0,0.0,3226.13037109375,3295.94677734375,3226.13037109375,benchmark
ETH,benchmark,random_walk_zero_return,random_walk_zero_return,2026-01-06,2026-01-07,-0.039957957746070624,0.0,0.0,3295.94677734375,3166.843994140625,3295.94677734375,benchmark
ETH,benchmark,random_walk_zero_return,random_walk_zero_return,2026-01-07,2026-01-08,-0.01992066167813984,0.0,0.0,3166.843994140625,3104.382568359375,3166.843994140625,benchmark
ETH,benchmark,random_walk_zero_return,random_walk_zero_return,2026-01-08,2026-01-09,-0.006896412519137501,0.0,0.0,3104.382568359375,3083.047119140625,3104.382568359375,benchmark
ETH,benchmark,random_walk_zero_return,random_walk_zero_return,2026-01-09,2026-01-10,-0.00021121695136130524,0.0,0.0,3083.047119140625,3082.39599609375,3083.047119140625,benchmark
ETH,benchmark,random_walk_zero_return,random_walk_zero_return,2026-01-10,2026-01-11,0.011768432191719677,0.0,0.0,3082.39599609375,3118.88525390625,3082.39599609375,benchmark
ETH,benchmark,random_walk_zero_return,random_walk_zero_return,2026-01-11,2026-01-12,-0.008552349240195838,0.0,0.0,3118.88525390625,3092.3251953125,3118.88525390625,benchmark
ETH,benchmark,random_walk_zero_return,random_walk_zero_return,2026-01-12,2026-01-13,0.07167244785080332,0.0,0.0,3092.3251953125,3322.095458984375,3092.3251953125,benchmark
ETH,benchmark,random_walk_zero_return,random_walk_zero_return,2026-01-13,2026-01-14,0.009773355035415114,0.0,0.0,3322.095458984375,3354.72265625,3322.095458984375,benchmark
ETH,benchmark,random_walk_zero_return,random_walk_zero_return,2026-01-14,2026-01-15,-0.01127779653171091,0.0,0.0,3354.72265625,3317.101318359375,3354.72265625,benchmark
ETH,benchmark,random_walk_zero_return,random_walk_zero_return,2026-01-15,2026-01-16,-0.006538811242779367,0.0,0.0,3317.101318359375,3295.482177734375,3317.101318359375,benchmark
ETH,benchmark,random_walk_zero_return,random_walk_zero_return,2026-01-16,2026-01-17,0.004052512545503773,0.0,0.0,3295.482177734375,3308.8642578125,3295.482177734375,benchmark
ETH,benchmark,random_walk_zero_return,random_walk_zero_return,2026-01-17,2026-01-18,-0.008408684018054191,0.0,0.0,3308.8642578125,3281.15771484375,3308.8642578125,benchmark
ETH,benchmark,random_walk_zero_return,random_walk_zero_return,2026-01-18,2026-01-19,-0.029235184793820444,0.0,0.0,3281.15771484375,3186.62109375,3281.15771484375,benchmark
ETH,benchmark,random_walk_zero_return,random_walk_zero_return,2026-01-19,2026-01-20,-0.08204732940901807,0.0,0.0,3186.62109375,2935.605712890625,3186.62109375,benchmark
ETH,benchmark,random_walk_zero_return,random_walk_zero_return,2026-01-20,2026-01-21,0.014640674097217414,0.0,0.0,2935.605712890625,2978.901123046875,2935.605712890625,benchmark
ETH,benchmark,random_walk_zero_return,random_walk_zero_return,2026-01-21,2026-01-22,-0.009873624051331843,0.0,0.0,2978.901123046875,2949.63330078125,2978.901123046875,benchmark
ETH,benchmark,random_walk_zero_return,random_walk_zero_return,2026-01-22,2026-01-23,0.0012275504187740749,0.0,0.0,2949.63330078125,2953.25634765625,2949.63330078125,benchmark
ETH,benchmark,random_walk_zero_return,random_walk_zero_return,2026-01-23,2026-01-24,-0.0015302026847261398,0.0,0.0,2953.25634765625,2948.74072265625,2953.25634765625,benchmark
ETH,benchmark,random_walk_zero_return,random_walk_zero_return,2026-01-24,2026-01-25,-0.046095446910964524,0.0,0.0,2948.74072265625,2815.90234375,2948.74072265625,benchmark
ETH,benchmark,random_walk_zero_return,random_walk_zero_return,2026-01-25,2026-01-26,0.0385097283715548,0.0,0.0,2815.90234375,2926.45703125,2815.90234375,benchmark
ETH,benchmark,random_walk_zero_return,random_walk_zero_return,2026-01-26,2026-01-27,0.03219617504335294,0.0,0.0,2926.45703125,3022.2109375,2926.45703125,benchmark
ETH,benchmark,random_walk_zero_return,random_walk_zero_return,2026-01-27,2026-01-28,-0.005176321307197195,0.0,0.0,3022.2109375,3006.607421875,3022.2109375,benchmark
ETH,benchmark,random_walk_zero_return,random_walk_zero_return,2026-01-28,2026-01-29,-0.06470236643237812,0.0,0.0,3006.607421875,2818.232666015625,3006.607421875,benchmark
ETH,benchmark,random_walk_zero_return,random_walk_zero_return,2026-01-29,2026-01-30,-0.04197886796827195,0.0,0.0,2818.232666015625,2702.375244140625,2818.232666015625,benchmark
ETH,benchmark,random_walk_zero_return,random_walk_zero_return,2026-01-30,2026-01-31,-0.10004843937927187,0.0,0.0,2702.375244140625,2445.091796875,2702.375244140625,benchmark
ETH,benchmark,random_walk_zero_return,random_walk_zero_return,2026-01-31,2026-02-01,-0.07519978220290023,0.0,0.0,2445.091796875,2267.96484375,2445.091796875,benchmark
ETH,benchmark,random_walk_zero_return,random_walk_zero_return,2026-02-01,2026-02-02,0.03312814665299069,0.0,0.0,2267.96484375,2344.356689453125,2267.96484375,benchmark
ETH,benchmark,random_walk_zero_return,random_walk_zero_return,2026-02-02,2026-02-03,-0.05110473707553693,0.0,0.0,2344.356689453125,2227.558837890625,2344.356689453125,benchmark
ETH,benchmark,random_walk_zero_return,random_walk_zero_return,2026-02-03,2026-02-04,-0.03846435100865618,0.0,0.0,2227.558837890625,2143.504150390625,2227.558837890625,benchmark
ETH,benchmark,random_walk_zero_return,random_walk_zero_return,2026-02-04,2026-02-05,-0.16268108635736284,0.0,0.0,2143.504150390625,1821.68310546875,2143.504150390625,benchmark
ETH,benchmark,random_walk_zero_return,random_walk_zero_return,2026-02-05,2026-02-06,0.12458793243377704,0.0,0.0,1821.68310546875,2063.386962890625,1821.68310546875,benchmark
ETH,benchmark,random_walk_zero_return,random_walk_zero_return,2026-02-06,2026-02-07,0.013078072860626821,0.0,0.0,2063.386962890625,2090.54931640625,2063.386962890625,benchmark
ETH,benchmark,random_walk_zero_return,random_walk_zero_return,2026-02-07,2026-02-08,-0.00085486651992098,0.0,0.0,2090.54931640625,2088.762939453125,2090.54931640625,benchmark
ETH,benchmark,random_walk_zero_return,random_walk_zero_return,2026-02-08,2026-02-09,0.007062777520560773,0.0,0.0,2088.762939453125,2103.567626953125,2088.762939453125,benchmark
ETH,benchmark,random_walk_zero_return,random_walk_zero_return,2026-02-09,2026-02-10,-0.04078608660125574,0.0,0.0,2103.567626953125,2019.4974365234373,2103.567626953125,benchmark
ETH,benchmark,random_walk_zero_return,random_walk_zero_return,2026-02-10,2026-02-11,-0.03984048759789168,0.0,0.0,2019.4974365234373,1940.621337890625,2019.4974365234373,benchmark
ETH,benchmark,random_walk_zero_return,random_walk_zero_return,2026-02-11,2026-02-12,0.003251056309532056,0.0,0.0,1940.621337890625,1946.940673828125,1940.621337890625,benchmark
ETH,benchmark,random_walk_zero_return,random_walk_zero_return,2026-02-12,2026-02-13,0.05086191072713562,0.0,0.0,1946.940673828125,2048.52734375,1946.940673828125,benchmark
ETH,benchmark,random_walk_zero_return,random_walk_zero_return,2026-02-13,2026-02-14,0.018131871977993777,0.0,0.0,2048.52734375,2086.009765625,2048.52734375,benchmark
ETH,benchmark,random_walk_zero_return,random_walk_zero_return,2026-02-14,2026-02-15,-0.05923016066341757,0.0,0.0,2086.009765625,1966.04296875,2086.009765625,benchmark
ETH,benchmark,random_walk_zero_return,random_walk_zero_return,2026-02-15,2026-02-16,0.016082623092426845,0.0,0.0,1966.04296875,1997.917724609375,1966.04296875,benchmark
ETH,benchmark,random_walk_zero_return,random_walk_zero_return,2026-02-16,2026-02-17,-0.002868787898831094,0.0,0.0,1997.917724609375,1992.1943359375,1997.917724609375,benchmark
ETH,benchmark,random_walk_zero_return,random_walk_zero_return,2026-02-17,2026-02-18,-0.019371403139241388,0.0,0.0,1992.1943359375,1953.97412109375,1992.1943359375,benchmark
ETH,benchmark,random_walk_zero_return,random_walk_zero_return,2026-02-18,2026-02-19,-0.002958901252870125,0.0,0.0,1953.97412109375,1948.2010498046875,1953.97412109375,benchmark
ETH,benchmark,random_walk_zero_return,random_walk_zero_return,2026-02-19,2026-02-20,0.010630736664791151,0.0,0.0,1948.2010498046875,1969.0223388671875,1948.2010498046875,benchmark
ETH,benchmark,random_walk_zero_return,random_walk_zero_return,2026-02-20,2026-02-21,0.0023916477643178046,0.0,0.0,1969.0223388671875,1973.7371826171875,1969.0223388671875,benchmark
ETH,benchmark,random_walk_zero_return,random_walk_zero_return,2026-02-21,2026-02-22,-0.008104381025179103,0.0,0.0,1973.7371826171875,1957.805908203125,1973.7371826171875,benchmark
ETH,benchmark,random_walk_zero_return,random_walk_zero_return,2026-02-22,2026-02-23,-0.053668696967508325,0.0,0.0,1957.805908203125,1855.5028076171875,1957.805908203125,benchmark
ETH,benchmark,random_walk_zero_return,random_walk_zero_return,2026-02-23,2026-02-24,-0.001366236763411363,0.0,0.0,1855.5028076171875,1852.969482421875,1855.5028076171875,benchmark
ETH,benchmark,random_walk_zero_return,random_walk_zero_return,2026-02-24,2026-02-25,0.10330529755605292,0.0,0.0,1852.969482421875,2054.6279296875,1852.969482421875,benchmark
ETH,benchmark,random_walk_zero_return,random_walk_zero_return,2026-02-25,2026-02-26,-0.013640230652308093,0.0,0.0,2054.6279296875,2026.7926025390625,2054.6279296875,benchmark
ETH,benchmark,random_walk_zero_return,random_walk_zero_return,2026-02-26,2026-02-27,-0.04853988358482078,0.0,0.0,2026.7926025390625,1930.7618408203125,2026.7926025390625,benchmark
ETH,benchmark,random_walk_zero_return,random_walk_zero_return,2026-02-27,2026-02-28,0.017603302415937827,0.0,0.0,1930.7618408203125,1965.050537109375,1930.7618408203125,benchmark
ETH,benchmark,random_walk_zero_return,random_walk_zero_return,2026-02-28,2026-03-01,-0.013311214361673498,0.0,0.0,1965.050537109375,1939.066650390625,1965.050537109375,benchmark
ETH,benchmark,random_walk_zero_return,random_walk_zero_return,2026-03-01,2026-03-02,0.04448277882265156,0.0,0.0,1939.066650390625,2027.2689208984373,1939.066650390625,benchmark
ETH,benchmark,random_walk_zero_return,random_walk_zero_return,2026-03-02,2026-03-03,-0.02219521539096451,0.0,0.0,2027.2689208984373,1982.7689208984373,2027.2689208984373,benchmark
ETH,benchmark,random_walk_zero_return,random_walk_zero_return,2026-03-03,2026-03-04,0.06998564880773499,0.0,0.0,1982.7689208984373,2126.50537109375,1982.7689208984373,benchmark
ETH,benchmark,random_walk_zero_return,random_walk_zero_return,2026-03-04,2026-03-05,-0.026156066067129717,0.0,0.0,2126.50537109375,2071.60546875,2126.50537109375,benchmark
ETH,benchmark,random_walk_zero_return,random_walk_zero_return,2026-03-05,2026-03-06,-0.04585794631276462,0.0,0.0,2071.60546875,1978.751220703125,2071.60546875,benchmark
ETH,benchmark,random_walk_zero_return,random_walk_zero_return,2026-03-06,2026-03-07,-0.004708868776353749,0.0,0.0,1978.751220703125,1969.4554443359373,1978.751220703125,benchmark
ETH,benchmark,random_walk_zero_return,random_walk_zero_return,2026-03-07,2026-03-08,-0.016820776457913442,0.0,0.0,1969.4554443359373,1936.604736328125,1969.4554443359373,benchmark
ETH,benchmark,random_walk_zero_return,random_walk_zero_return,2026-03-08,2026-03-09,0.028673744603590037,0.0,0.0,1936.604736328125,1992.938232421875,1936.604736328125,benchmark
ETH,benchmark,random_walk_zero_return,random_walk_zero_return,2026-03-09,2026-03-10,0.021927234478122906,0.0,0.0,1992.938232421875,2037.1204833984373,1992.938232421875,benchmark
ETH,benchmark,random_walk_zero_return,random_walk_zero_return,2026-03-10,2026-03-11,0.007069651069372434,0.0,0.0,2037.1204833984373,2051.5732421875,2037.1204833984373,benchmark
ETH,benchmark,random_walk_zero_return,random_walk_zero_return,2026-03-11,2026-03-12,0.010455613837732266,0.0,0.0,2051.5732421875,2073.13623046875,2051.5732421875,benchmark
ETH,benchmark,random_walk_zero_return,random_walk_zero_return,2026-03-12,2026-03-13,0.00932731032254328,0.0,0.0,2073.13623046875,2092.5634765625,2073.13623046875,benchmark
ETH,benchmark,random_walk_zero_return,random_walk_zero_return,2026-03-13,2026-03-14,0.0021592233043722896,0.0,0.0,2092.5634765625,2097.086669921875,2092.5634765625,benchmark
ETH,benchmark,random_walk_zero_return,random_walk_zero_return,2026-03-14,2026-03-15,0.03761747257489843,0.0,0.0,2097.086669921875,2177.476318359375,2097.086669921875,benchmark
ETH,benchmark,random_walk_zero_return,random_walk_zero_return,2026-03-15,2026-03-16,0.0767490852405507,0.0,0.0,2177.476318359375,2351.176025390625,2177.476318359375,benchmark
ETH,benchmark,random_walk_zero_return,random_walk_zero_return,2026-03-16,2026-03-17,-0.014187828746907258,0.0,0.0,2351.176025390625,2318.053466796875,2351.176025390625,benchmark
ETH,benchmark,random_walk_zero_return,random_walk_zero_return,2026-03-17,2026-03-18,-0.05060291819156262,0.0,0.0,2318.053466796875,2203.671630859375,2318.053466796875,benchmark
ETH,benchmark,random_walk_zero_return,random_walk_zero_return,2026-03-18,2026-03-19,-0.030523607148640667,0.0,0.0,2203.671630859375,2137.423828125,2203.671630859375,benchmark
ETH,benchmark,random_walk_zero_return,random_walk_zero_return,2026-03-19,2026-03-20,0.004235958585431247,0.0,0.0,2137.423828125,2146.4970703125,2137.423828125,benchmark
ETH,benchmark,random_walk_zero_return,random_walk_zero_return,2026-03-20,2026-03-21,-0.033061992006107994,0.0,0.0,2146.4970703125,2076.68994140625,2146.4970703125,benchmark
ETH,benchmark,random_walk_zero_return,random_walk_zero_return,2026-03-21,2026-03-22,-0.011449568094526609,0.0,0.0,2076.68994140625,2053.04833984375,2076.68994140625,benchmark
ETH,benchmark,random_walk_zero_return,random_walk_zero_return,2026-03-22,2026-03-23,0.04713979833568274,0.0,0.0,2053.04833984375,2152.14599609375,2053.04833984375,benchmark
ETH,benchmark,random_walk_zero_return,random_walk_zero_return,2026-03-23,2026-03-24,0.0016520306586044232,0.0,0.0,2152.14599609375,2155.704345703125,2152.14599609375,benchmark
ETH,benchmark,random_walk_zero_return,random_walk_zero_return,2026-03-24,2026-03-25,0.005697480587391201,0.0,0.0,2155.704345703125,2168.021484375,2155.704345703125,benchmark
ETH,benchmark,random_walk_zero_return,random_walk_zero_return,2026-03-25,2026-03-26,-0.05131370661715102,0.0,0.0,2168.021484375,2059.578369140625,2168.021484375,benchmark
ETH,benchmark,random_walk_zero_return,random_walk_zero_return,2026-03-26,2026-03-27,-0.033727669892453536,0.0,0.0,2059.578369140625,1991.27197265625,2059.578369140625,benchmark
ETH,benchmark,random_walk_zero_return,random_walk_zero_return,2026-03-27,2026-03-28,0.0007141663784116856,0.0,0.0,1991.27197265625,1992.694580078125,1991.27197265625,benchmark
ETH,benchmark,random_walk_zero_return,random_walk_zero_return,2026-03-28,2026-03-29,-0.005098999439741094,0.0,0.0,1992.694580078125,1982.5596923828125,1992.694580078125,benchmark
ETH,benchmark,random_walk_zero_return,random_walk_zero_return,2026-03-29,2026-03-30,0.02044726139354914,0.0,0.0,1982.5596923828125,2023.514892578125,1982.5596923828125,benchmark
ETH,benchmark,random_walk_zero_return,random_walk_zero_return,2026-03-30,2026-03-31,0.039340814763852025,0.0,0.0,2023.514892578125,2104.708251953125,2023.514892578125,benchmark
ETH,benchmark,random_walk_zero_return,random_walk_zero_return,2026-03-31,2026-04-01,0.016038636316827372,0.0,0.0,2104.708251953125,2138.737060546875,2104.708251953125,benchmark
ETH,benchmark,random_walk_zero_return,random_walk_zero_return,2026-04-01,2026-04-02,-0.03903857547596571,0.0,0.0,2138.737060546875,2056.8525390625,2138.737060546875,benchmark
ETH,benchmark,random_walk_zero_return,random_walk_zero_return,2026-04-02,2026-04-03,-0.0016871461717564678,0.0,0.0,2056.8525390625,2053.38525390625,2056.8525390625,benchmark
ETH,benchmark,random_walk_zero_return,random_walk_zero_return,2026-04-03,2026-04-04,0.00581068555550107,0.0,0.0,2053.38525390625,2065.3515625,2053.38525390625,benchmark
ETH,benchmark,random_walk_zero_return,random_walk_zero_return,2026-04-04,2026-04-05,0.020911357684258978,0.0,0.0,2065.3515625,2108.99560546875,2065.3515625,benchmark
ETH,benchmark,random_walk_zero_return,random_walk_zero_return,2026-04-05,2026-04-06,-0.0005853459761497797,0.0,0.0,2108.99560546875,2107.761474609375,2108.99560546875,benchmark
ETH,benchmark,random_walk_zero_return,random_walk_zero_return,2026-04-06,2026-04-07,0.06165560497032879,0.0,0.0,2107.761474609375,2241.806640625,2107.761474609375,benchmark
ETH,benchmark,random_walk_zero_return,random_walk_zero_return,2026-04-07,2026-04-08,-0.02322737152703056,0.0,0.0,2241.806640625,2190.33544921875,2241.806640625,benchmark
ETH,benchmark,random_walk_zero_return,random_walk_zero_return,2026-04-08,2026-04-09,-0.0005440857898826656,0.0,0.0,2190.33544921875,2189.14404296875,2190.33544921875,benchmark
ETH,benchmark,random_walk_zero_return,random_walk_zero_return,2026-04-09,2026-04-10,0.025261127435567108,0.0,0.0,2189.14404296875,2245.148681640625,2189.14404296875,benchmark
ETH,benchmark,random_walk_zero_return,random_walk_zero_return,2026-04-10,2026-04-11,0.017765001038666954,0.0,0.0,2245.148681640625,2285.39013671875,2245.148681640625,benchmark
ETH,benchmark,random_walk_zero_return,random_walk_zero_return,2026-04-11,2026-04-12,-0.04163060757712065,0.0,0.0,2285.39013671875,2192.201171875,2285.39013671875,benchmark
ETH,benchmark,random_walk_zero_return,random_walk_zero_return,2026-04-12,2026-04-13,0.07828539113868566,0.0,0.0,2192.201171875,2370.71484375,2192.201171875,benchmark
ETH,benchmark,random_walk_zero_return,random_walk_zero_return,2026-04-13,2026-04-14,-0.02019924377033633,0.0,0.0,2370.71484375,2323.30859375,2370.71484375,benchmark
ETH,benchmark,random_walk_zero_return,random_walk_zero_return,2026-04-14,2026-04-15,0.015430748489014857,0.0,0.0,2323.30859375,2359.43701171875,2323.30859375,benchmark
ETH,benchmark,random_walk_zero_return,random_walk_zero_return,2026-04-15,2026-04-16,-0.004584461790341291,0.0,0.0,2359.43701171875,2348.64501953125,2359.43701171875,benchmark
ETH,benchmark,random_walk_zero_return,random_walk_zero_return,2026-04-16,2026-04-17,0.03037175089257519,0.0,0.0,2348.64501953125,2421.07177734375,2348.64501953125,benchmark
ETH,benchmark,random_walk_zero_return,random_walk_zero_return,2026-04-17,2026-04-18,-0.029326772361462847,0.0,0.0,2421.07177734375,2351.1005859375,2421.07177734375,benchmark
ETH,benchmark,random_walk_zero_return,random_walk_zero_return,2026-04-18,2026-04-19,-0.0373454427406088,0.0,0.0,2351.1005859375,2264.9169921875,2351.1005859375,benchmark
ETH,benchmark,random_walk_zero_return,random_walk_zero_return,2026-04-19,2026-04-20,0.021963323579239753,0.0,0.0,2264.9169921875,2315.21240234375,2264.9169921875,benchmark
ETH,benchmark,random_walk_zero_return,random_walk_zero_return,2026-04-20,2026-04-21,0.0054954065471357755,0.0,0.0,2315.21240234375,2327.970458984375,2315.21240234375,benchmark
ETH,benchmark,random_walk_zero_return,random_walk_zero_return,2026-04-21,2026-04-22,0.02045865422003999,0.0,0.0,2327.970458984375,2376.088134765625,2327.970458984375,benchmark
ETH,benchmark,random_walk_zero_return,random_walk_zero_return,2026-04-22,2026-04-23,-0.0189376886242059,0.0,0.0,2376.088134765625,2331.513916015625,2376.088134765625,benchmark
ETH,benchmark,random_walk_zero_return,random_walk_zero_return,2026-04-23,2026-04-24,-0.006810026535066284,0.0,0.0,2331.513916015625,2315.690185546875,2331.513916015625,benchmark
ETH,benchmark,random_walk_zero_return,random_walk_zero_return,2026-04-24,2026-04-25,0.001354581263398566,0.0,0.0,2315.690185546875,2318.8291015625,2315.690185546875,benchmark
ETH,benchmark,random_walk_zero_return,random_walk_zero_return,2026-04-25,2026-04-26,0.02171324359272805,0.0,0.0,2318.8291015625,2369.72900390625,2318.8291015625,benchmark
ETH,benchmark,random_walk_zero_return,random_walk_zero_return,2026-04-26,2026-04-27,-0.02853520923910551,0.0,0.0,2369.72900390625,2303.06396484375,2369.72900390625,benchmark
ETH,benchmark,random_walk_zero_return,random_walk_zero_return,2026-04-27,2026-04-28,-0.005942025412355139,0.0,0.0,2303.06396484375,2289.419677734375,2303.06396484375,benchmark
ETH,benchmark,random_walk_zero_return,random_walk_zero_return,2026-04-28,2026-04-29,-0.01585118391858995,0.0,0.0,2289.419677734375,2253.415771484375,2289.419677734375,benchmark
ETH,benchmark,random_walk_zero_return,random_walk_zero_return,2026-04-29,2026-04-30,0.0012574984349416124,0.0,0.0,2253.415771484375,2256.251220703125,2253.415771484375,benchmark
ETH,benchmark,random_walk_zero_return,random_walk_zero_return,2026-04-30,2026-05-01,0.017069008220622378,0.0,0.0,2256.251220703125,2295.09375,2256.251220703125,benchmark
ETH,benchmark,random_walk_zero_return,random_walk_zero_return,2026-05-01,2026-05-02,0.00916800638403556,0.0,0.0,2295.09375,2316.23193359375,2295.09375,benchmark
ETH,benchmark,random_walk_zero_return,random_walk_zero_return,2026-05-02,2026-05-03,0.0023302997915724253,0.0,0.0,2316.23193359375,2321.6357421875,2316.23193359375,benchmark
ETH,benchmark,random_walk_zero_return,random_walk_zero_return,2026-05-03,2026-05-04,0.010608949945406291,0.0,0.0,2321.6357421875,2346.39697265625,2321.6357421875,benchmark
ETH,benchmark,random_walk_zero_return,random_walk_zero_return,2026-05-04,2026-05-05,0.00628165402969772,0.0,0.0,2346.39697265625,2361.1826171875,2346.39697265625,benchmark
ETH,benchmark,random_walk_zero_return,random_walk_zero_return,2026-05-05,2026-05-06,-0.004406055141063485,0.0,0.0,2361.1826171875,2350.802001953125,2361.1826171875,benchmark
ETH,benchmark,random_walk_zero_return,random_walk_zero_return,2026-05-06,2026-05-07,-0.02572114978849261,0.0,0.0,2350.802001953125,2291.107666015625,2350.802001953125,benchmark
ETH,benchmark,random_walk_zero_return,random_walk_zero_return,2026-05-07,2026-05-08,0.006900517380177334,0.0,0.0,2291.107666015625,2306.97216796875,2291.107666015625,benchmark
ETH,benchmark,random_walk_zero_return,random_walk_zero_return,2026-05-08,2026-05-09,0.008526770803293412,0.0,0.0,2306.97216796875,2326.727294921875,2306.97216796875,benchmark
ETH,benchmark,random_walk_zero_return,random_walk_zero_return,2026-05-09,2026-05-10,0.018023789401602215,0.0,0.0,2326.727294921875,2369.0439453125,2326.727294921875,benchmark
ETH,benchmark,random_walk_zero_return,random_walk_zero_return,2026-05-10,2026-05-11,-0.012608728464913158,0.0,0.0,2369.0439453125,2339.36083984375,2369.0439453125,benchmark
ETH,benchmark,random_walk_zero_return,random_walk_zero_return,2026-05-11,2026-05-12,-0.028054385823506677,0.0,0.0,2339.36083984375,2274.6435546875,2339.36083984375,benchmark
ETH,benchmark,random_walk_zero_return,random_walk_zero_return,2026-05-12,2026-05-13,-0.007531505292275851,0.0,0.0,2274.6435546875,2257.576416015625,2274.6435546875,benchmark
ETH,benchmark,random_walk_zero_return,random_walk_zero_return,2026-05-13,2026-05-14,0.01029350969888902,0.0,0.0,2257.576416015625,2280.934814453125,2257.576416015625,benchmark
ETH,benchmark,random_walk_zero_return,random_walk_zero_return,2026-05-14,2026-05-15,-0.025579807171991084,0.0,0.0,2280.934814453125,2223.328857421875,2280.934814453125,benchmark
ETH,benchmark,random_walk_zero_return,random_walk_zero_return,2026-05-15,2026-05-16,-0.019794470746775893,0.0,0.0,2223.328857421875,2179.751953125,2223.328857421875,benchmark
ETH,benchmark,random_walk_zero_return,random_walk_zero_return,2026-05-16,2026-05-17,-0.024195229175847065,0.0,0.0,2179.751953125,2127.645263671875,2179.751953125,benchmark
ETH,benchmark,random_walk_zero_return,random_walk_zero_return,2026-05-17,2026-05-18,0.0004092183281597835,0.0,0.0,2127.645263671875,2128.51611328125,2127.645263671875,benchmark
ETH,benchmark,random_walk_zero_return,random_walk_zero_return,2026-05-18,2026-05-19,-0.00875425372369268,0.0,0.0,2128.51611328125,2109.9638671875,2128.51611328125,benchmark
ETH,benchmark,random_walk_zero_return,random_walk_zero_return,2026-05-19,2026-05-20,0.008033908248005973,0.0,0.0,2109.9638671875,2126.9833984375,2109.9638671875,benchmark
ETH,benchmark,random_walk_zero_return,random_walk_zero_return,2026-05-20,2026-05-21,0.002079303908552925,0.0,0.0,2126.9833984375,2131.41064453125,2126.9833984375,benchmark
ETH,benchmark,random_walk_zero_return,random_walk_zero_return,2026-05-21,2026-05-22,-0.031829628880296966,0.0,0.0,2131.41064453125,2064.636962890625,2131.41064453125,benchmark
ETH,benchmark,random_walk_zero_return,random_walk_zero_return,2026-05-22,2026-05-23,0.024550147375465296,0.0,0.0,2064.636962890625,2115.951416015625,2064.636962890625,benchmark
ETH,benchmark,random_walk_zero_return,random_walk_zero_return,2026-05-23,2026-05-24,-0.008522952674199372,0.0,0.0,2115.951416015625,2097.993896484375,2115.951416015625,benchmark
ETH,benchmark,random_walk_zero_return,random_walk_zero_return,2026-05-24,2026-05-25,0.006355596261768782,0.0,0.0,2097.993896484375,2111.370361328125,2097.993896484375,benchmark
ETH,benchmark,random_walk_zero_return,random_walk_zero_return,2026-05-25,2026-05-26,-0.019374108363781214,0.0,0.0,2111.370361328125,2070.858154296875,2111.370361328125,benchmark
ETH,benchmark,random_walk_zero_return,random_walk_zero_return,2026-05-26,2026-05-27,-0.023777930243884346,0.0,0.0,2070.858154296875,2022.1982421875,2070.858154296875,benchmark
ETH,benchmark,random_walk_zero_return,random_walk_zero_return,2026-05-27,2026-05-28,-0.0072687232435778805,0.0,0.0,2022.1982421875,2007.552734375,2022.1982421875,benchmark
ETH,benchmark,random_walk_zero_return,random_walk_zero_return,2026-05-28,2026-05-29,0.00220213888797984,0.0,0.0,2007.552734375,2011.978515625,2007.552734375,benchmark
ETH,benchmark,random_walk_zero_return,random_walk_zero_return,2026-05-29,2026-05-30,0.0037107092790728668,0.0,0.0,2011.978515625,2019.458251953125,2011.978515625,benchmark
ETH,benchmark,random_walk_zero_return,random_walk_zero_return,2026-05-30,2026-05-31,-0.007513679144432405,0.0,0.0,2019.458251953125,2004.341552734375,2019.458251953125,benchmark
ETH,benchmark,random_walk_zero_return,random_walk_zero_return,2026-05-31,2026-06-01,-0.0005591235515652776,0.0,0.0,2004.341552734375,2003.22119140625,2004.341552734375,benchmark
ETH,benchmark,random_walk_zero_return,random_walk_zero_return,2026-06-01,2026-06-02,-0.07540853835127649,0.0,0.0,2003.22119140625,1857.71630859375,2003.22119140625,benchmark
ETH,benchmark,random_walk_zero_return,random_walk_zero_return,2026-06-02,2026-06-03,-0.02506448300158351,0.0,0.0,1857.71630859375,1811.7322998046875,1857.71630859375,benchmark
ETH,benchmark,random_walk_zero_return,random_walk_zero_return,2026-06-03,2026-06-04,-0.023540908919617697,0.0,0.0,1811.7322998046875,1769.58056640625,1811.7322998046875,benchmark
ETH,benchmark,random_walk_zero_return,random_walk_zero_return,2026-06-04,2026-06-05,-0.11277301635815795,0.0,0.0,1769.58056640625,1580.86083984375,1769.58056640625,benchmark
ETH,benchmark,random_walk_zero_return,random_walk_zero_return,2026-06-05,2026-06-06,-0.00767912718680117,0.0,0.0,1580.86083984375,1568.7677001953125,1580.86083984375,benchmark
ETH,benchmark,random_walk_zero_return,random_walk_zero_return,2026-06-06,2026-06-07,0.07230344307254986,0.0,0.0,1568.7677001953125,1686.396240234375,1568.7677001953125,benchmark
ETH,benchmark,random_walk_zero_return,random_walk_zero_return,2026-06-07,2026-06-08,0.002222580242866329,0.0,0.0,1686.396240234375,1690.1485595703125,1686.396240234375,benchmark
ETH,benchmark,random_walk_zero_return,random_walk_zero_return,2026-06-08,2026-06-09,-0.031519541921552284,0.0,0.0,1690.1485595703125,1637.7066650390625,1690.1485595703125,benchmark
ETH,benchmark,random_walk_zero_return,random_walk_zero_return,2026-06-09,2026-06-10,-0.010785745482471555,0.0,0.0,1637.7066650390625,1620.1376953125,1637.7066650390625,benchmark
ETH,benchmark,random_walk_zero_return,random_walk_zero_return,2026-06-10,2026-06-11,0.03167720451879468,0.0,0.0,1620.1376953125,1672.2806396484375,1620.1376953125,benchmark
ETH,benchmark,random_walk_zero_return,random_walk_zero_return,2026-06-11,2026-06-12,-0.004286465439468386,0.0,0.0,1672.2806396484375,1665.1278076171875,1672.2806396484375,benchmark
ETH,benchmark,random_walk_zero_return,random_walk_zero_return,2026-06-12,2026-06-13,0.009019641302053691,0.0,0.0,1665.1278076171875,1680.214599609375,1665.1278076171875,benchmark
ETH,benchmark,random_walk_zero_return,random_walk_zero_return,2026-06-13,2026-06-14,0.02608131744744488,0.0,0.0,1680.214599609375,1724.61328125,1680.214599609375,benchmark
ETH,benchmark,random_walk_zero_return,random_walk_zero_return,2026-06-14,2026-06-15,0.03998055531190125,0.0,0.0,1724.61328125,1794.961181640625,1724.61328125,benchmark
ETH,benchmark,random_walk_zero_return,random_walk_zero_return,2026-06-15,2026-06-16,-0.002545346375384009,0.0,0.0,1794.961181640625,1790.398193359375,1794.961181640625,benchmark
ETH,benchmark,random_walk_zero_return,random_walk_zero_return,2026-06-16,2026-06-17,-0.024031278966082516,0.0,0.0,1790.398193359375,1747.885498046875,1790.398193359375,benchmark
ETH,benchmark,random_walk_zero_return,random_walk_zero_return,2026-06-17,2026-06-18,-0.022186275106794908,0.0,0.0,1747.885498046875,1709.533447265625,1747.885498046875,benchmark
ETH,benchmark,random_walk_zero_return,random_walk_zero_return,2026-06-18,2026-06-19,0.0008472258287815989,0.0,0.0,1709.533447265625,1710.982421875,1709.533447265625,benchmark
ETH,benchmark,random_walk_zero_return,random_walk_zero_return,2026-06-19,2026-06-20,0.016415812264568657,0.0,0.0,1710.982421875,1739.3013916015625,1710.982421875,benchmark
ETH,benchmark,random_walk_zero_return,random_walk_zero_return,2026-06-20,2026-06-21,-0.020164455160312907,0.0,0.0,1739.3013916015625,1704.58056640625,1739.3013916015625,benchmark
ETH,benchmark,random_walk_zero_return,random_walk_zero_return,2026-06-21,2026-06-22,0.012783452112487081,0.0,0.0,1704.58056640625,1726.5108642578125,1704.58056640625,benchmark
ETH,benchmark,random_walk_zero_return,random_walk_zero_return,2026-06-22,2026-06-23,-0.036015118575190234,0.0,0.0,1726.5108642578125,1665.436767578125,1726.5108642578125,benchmark
ETH,benchmark,random_walk_zero_return,random_walk_zero_return,2026-06-23,2026-06-24,-0.027707605238555068,0.0,0.0,1665.436767578125,1619.9249267578125,1665.436767578125,benchmark
ETH,benchmark,random_walk_zero_return,random_walk_zero_return,2026-06-24,2026-06-25,-0.03461114583410765,0.0,0.0,1619.9249267578125,1564.816650390625,1619.9249267578125,benchmark
ETH,benchmark,random_walk_zero_return,random_walk_zero_return,2026-06-25,2026-06-26,0.00751217354974333,0.0,0.0,1564.816650390625,1576.6160888671875,1564.816650390625,benchmark
ETH,benchmark,random_walk_zero_return,random_walk_zero_return,2026-06-26,2026-06-27,-0.003194097811799365,0.0,0.0,1576.6160888671875,1571.5882568359375,1576.6160888671875,benchmark
ETH,benchmark,random_walk_zero_return,random_walk_zero_return,2026-06-27,2026-06-28,-0.0007810761173124416,0.0,0.0,1571.5882568359375,1570.3612060546875,1571.5882568359375,benchmark
ETH,benchmark,random_walk_zero_return,random_walk_zero_return,2026-06-28,2026-06-29,0.025056343014794192,0.0,0.0,1570.3612060546875,1610.205810546875,1570.3612060546875,benchmark
ETH,benchmark,random_walk_zero_return,random_walk_zero_return,2026-06-29,2026-06-30,-0.025551475094469023,0.0,0.0,1610.205810546875,1569.5838623046875,1610.205810546875,benchmark
ETH,benchmark,random_walk_zero_return,random_walk_zero_return,2026-06-30,2026-07-01,0.024777910106091337,0.0,0.0,1569.5838623046875,1608.960693359375,1569.5838623046875,benchmark
ETH,benchmark,random_walk_zero_return,random_walk_zero_return,2026-07-01,2026-07-02,0.053962428648177775,0.0,0.0,1608.960693359375,1698.16943359375,1608.960693359375,benchmark
ETH,benchmark,random_walk_zero_return,random_walk_zero_return,2026-07-02,2026-07-03,0.0337829584823897,0.0,0.0,1698.16943359375,1756.5186767578125,1698.16943359375,benchmark
ETH,benchmark,random_walk_zero_return,random_walk_zero_return,2026-07-03,2026-07-04,0.012736109597214896,0.0,0.0,1756.5186767578125,1779.032958984375,1756.5186767578125,benchmark
ETH,benchmark,random_walk_zero_return,random_walk_zero_return,2026-07-04,2026-07-05,0.002230758380216772,0.0,0.0,1779.032958984375,1783.0059814453125,1779.032958984375,benchmark
ETH,benchmark,random_walk_zero_return,random_walk_zero_return,2026-07-05,2026-07-06,0.008137134529373787,0.0,0.0,1783.0059814453125,1797.57373046875,1783.0059814453125,benchmark
ETH,benchmark,random_walk_zero_return,random_walk_zero_return,2026-07-06,2026-07-07,-0.016299610142193822,0.0,0.0,1797.57373046875,1768.511474609375,1797.57373046875,benchmark
ETH,benchmark,random_walk_zero_return,random_walk_zero_return,2026-07-07,2026-07-08,-0.014715429926392411,0.0,0.0,1768.511474609375,1742.6776123046875,1768.511474609375,benchmark
ETH,benchmark,random_walk_zero_return,random_walk_zero_return,2026-07-08,2026-07-09,0.0010363767887721133,0.0,0.0,1742.6776123046875,1744.484619140625,1742.6776123046875,benchmark
ETH,benchmark,random_walk_zero_return,random_walk_zero_return,2026-07-09,2026-07-10,0.028931987175530218,0.0,0.0,1744.484619140625,1795.6932373046875,1744.484619140625,benchmark
ETH,benchmark,random_walk_zero_return,random_walk_zero_return,2026-07-10,2026-07-11,-0.004237766868141637,0.0,0.0,1795.6932373046875,1788.099609375,1795.6932373046875,benchmark
ETH,benchmark,random_walk_zero_return,random_walk_zero_return,2026-07-11,2026-07-12,0.00984372406415057,0.0,0.0,1788.099609375,1805.7880859375,1788.099609375,benchmark
ETH,benchmark,random_walk_zero_return,random_walk_zero_return,2026-07-12,2026-07-13,-0.018041700992512517,0.0,0.0,1805.7880859375,1773.500732421875,1805.7880859375,benchmark
ETH,benchmark,random_walk_zero_return,random_walk_zero_return,2026-07-13,2026-07-14,0.06334617578601259,0.0,0.0,1773.500732421875,1889.4798583984373,1773.500732421875,benchmark
ETH,benchmark,random_walk_zero_return,random_walk_zero_return,2026-07-14,2026-07-15,0.014430524175558828,0.0,0.0,1889.4798583984373,1916.9437255859373,1889.4798583984373,benchmark
ETH,benchmark,random_walk_zero_return,random_walk_zero_return,2026-07-15,2026-07-16,-0.028440232689138405,0.0,0.0,1916.9437255859373,1863.193359375,1916.9437255859373,benchmark
ETH,benchmark,random_walk_zero_return,random_walk_zero_return,2026-07-16,2026-07-17,-0.011989404987594009,0.0,0.0,1863.193359375,1840.9881591796875,1863.193359375,benchmark
ETH,benchmark,random_walk_zero_return,random_walk_zero_return,2026-07-17,2026-07-18,0.011022172689536534,0.0,0.0,1840.9881591796875,1861.39208984375,1840.9881591796875,benchmark
ETH,benchmark,random_walk_zero_return,random_walk_zero_return,2026-07-18,2026-07-19,0.005420170979573819,0.0,0.0,1861.39208984375,1871.508544921875,1861.39208984375,benchmark
ETH,benchmark,random_walk_zero_return,random_walk_zero_return,2026-07-19,2026-07-20,0.01708549188125397,0.0,0.0,1871.508544921875,1903.7589111328125,1871.508544921875,benchmark
ETH,benchmark,random_walk_zero_return,random_walk_zero_return,2026-07-20,2026-07-21,0.012851931047764876,0.0,0.0,1903.7589111328125,1928.3837890625,1903.7589111328125,benchmark
ETH,benchmark,random_walk_zero_return,random_walk_zero_return,2026-07-21,2026-07-22,0.0026444810723667356,0.0,0.0,1928.3837890625,1933.4901123046875,1928.3837890625,benchmark
ETH,benchmark,random_walk_zero_return,random_walk_zero_return,2026-07-22,2026-07-23,-0.029598568421148785,0.0,0.0,1933.4901123046875,1877.1002197265625,1933.4901123046875,benchmark
ETH,benchmark,random_walk_zero_return,random_walk_zero_return,2026-07-23,2026-07-24,-0.009056635454748527,0.0,0.0,1877.1002197265625,1860.1767578125,1877.1002197265625,benchmark
ETH,benchmark,random_walk_zero_return,random_walk_zero_return,2026-07-24,2026-07-25,0.006988648574768904,0.0,0.0,1860.1767578125,1873.222412109375,1860.1767578125,benchmark
ETH,benchmark,random_walk_zero_return,random_walk_zero_return,2026-07-25,2026-07-26,0.041917042836694604,0.0,0.0,1873.222412109375,1953.4112548828125,1873.222412109375,benchmark
ETH,benchmark,random_walk_zero_return,random_walk_zero_return,2026-07-26,2026-07-27,-0.032675812699619874,0.0,0.0,1953.4112548828125,1890.613525390625,1953.4112548828125,benchmark
ETH,benchmark,random_walk_zero_return,random_walk_zero_return,2026-07-27,2026-07-28,0.015396962638548027,0.0,0.0,1890.613525390625,1919.948486328125,1890.613525390625,benchmark
ETH,benchmark,random_walk_zero_return,random_walk_zero_return,2026-07-28,2026-07-29,-0.005970784512141466,0.0,0.0,1919.948486328125,1908.51904296875,1919.948486328125,benchmark
ETH,benchmark,random_walk_zero_return,random_walk_zero_return,2026-07-29,2026-07-30,0.004628409644754907,0.0,0.0,1908.51904296875,1917.3729248046875,1908.51904296875,benchmark
ETH,benchmark,random_walk_zero_return,random_walk_zero_return,2026-07-30,2026-07-31,-0.03019351719084729,0.0,0.0,1917.3729248046875,1860.345947265625,1917.3729248046875,benchmark
ETH,benchmark,random_walk_zero_return,random_walk_zero_return,2026-07-31,2026-08-01,-0.009141155880177469,0.0,0.0,1860.345947265625,1843.417724609375,1860.345947265625,benchmark
ETH,benchmark,random_walk_zero_return,random_walk_zero_return,2026-08-01,2026-08-02,0.020991044981634618,0.0,0.0,1843.417724609375,1882.52197265625,1843.417724609375,benchmark
ETH,benchmark,random_walk_zero_return,random_walk_zero_return,2026-08-02,2026-08-03,-0.012973686445006478,0.0,0.0,1882.52197265625,1858.2564697265625,1882.52197265625,benchmark
ETH,benchmark,random_walk_zero_return,random_walk_zero_return,2026-08-03,2026-08-04,0.005436217682913836,0.0,0.0,1858.2564697265625,1868.3858642578125,1858.2564697265625,benchmark
ETH,benchmark,random_walk_zero_return,random_walk_zero_return,2026-08-04,2026-08-05,0.02020785436698823,0.0,0.0,1868.3858642578125,1906.5260009765625,1868.3858642578125,benchmark
ETH,benchmark,random_walk_zero_return,random_walk_zero_return,2026-08-05,2026-08-06,-0.002346545855886157,0.0,0.0,1906.5260009765625,1902.0574951171875,1906.5260009765625,benchmark
ETH,benchmark,random_walk_zero_return,random_walk_zero_return,2026-08-06,2026-08-07,0.005882550580216205,0.0,0.0,1902.0574951171875,1913.2794189453125,1902.0574951171875,benchmark
ETH,benchmark,random_walk_zero_return,random_walk_zero_return,2026-08-07,2026-08-08,0.001177148461113393,0.0,0.0,1913.2794189453125,1915.532958984375,1913.2794189453125,benchmark
ETH,benchmark,random_walk_zero_return,random_walk_zero_return,2026-08-08,2026-08-09,-0.0035825526559130822,0.0,0.0,1915.532958984375,1908.6827392578125,1915.532958984375,benchmark
ETH,benchmark,random_walk_zero_return,random_walk_zero_return,2026-08-09,2026-08-10,-0.019791352046331357,0.0,0.0,1908.6827392578125,1871.2786865234373,1908.6827392578125,benchmark
ETH,benchmark,random_walk_zero_return,random_walk_zero_return,2026-08-10,2026-08-11,0.005380127113694831,0.0,0.0,1871.2786865234373,1881.37353515625,1871.2786865234373,benchmark
ETH,benchmark,random_walk_zero_return,random_walk_zero_return,2026-08-11,2026-08-12,-0.0017228455012013328,0.0,0.0,1881.37353515625,1878.135009765625,1881.37353515625,benchmark
ETH,benchmark,random_walk_zero_return,random_walk_zero_return,2026-08-12,2026-08-13,0.0031133074431306308,0.0,0.0,1878.135009765625,1883.9913330078125,1878.135009765625,benchmark
ETH,benchmark,random_walk_zero_return,random_walk_zero_return,2026-08-13,2026-08-14,-0.001775101080760423,0.0,0.0,1883.9913330078125,1880.6500244140625,1883.9913330078125,benchmark
ETH,benchmark,random_walk_zero_return,random_walk_zero_return,2026-08-14,2026-08-15,0.00013733711278611884,0.0,0.0,1880.6500244140625,1880.9083251953125,1880.6500244140625,benchmark
ETH,benchmark,random_walk_zero_return,random_walk_zero_return,2026-08-15,2026-08-16,-0.003710048377518096,0.0,0.0,1880.9083251953125,1873.9429931640625,1880.9083251953125,benchmark
ETH,benchmark,random_walk_zero_return,random_walk_zero_return,2026-08-16,2026-08-17,0.020210771727059512,0.0,0.0,1873.9429931640625,1912.2021484375,1873.9429931640625,benchmark
ETH,benchmark,random_walk_zero_return,random_walk_zero_return,2026-08-17,2026-08-18,0.0022239875598747453,0.0,0.0,1912.2021484375,1916.4595947265625,1912.2021484375,benchmark
ETH,benchmark,random_walk_zero_return,random_walk_zero_return,2026-08-18,2026-08-19,0.16109848705425042,0.0,0.0,1916.4595947265625,2251.4580078125,1916.4595947265625,benchmark
ETH,benchmark,random_walk_zero_return,random_walk_zero_return,2026-08-19,2026-08-20,0.032737450034477825,0.0,0.0,2251.4580078125,2326.384765625,2251.4580078125,benchmark
ETH,benchmark,random_walk_zero_return,random_walk_zero_return,2026-08-20,2026-08-21,0.07806936059159927,0.0,0.0,2326.384765625,2515.28173828125,2326.384765625,benchmark
ETH,benchmark,random_walk_zero_return,random_walk_zero_return,2026-08-21,2026-08-22,-0.036862118710177375,0.0,0.0,2515.28173828125,2424.251220703125,2515.28173828125,benchmark
ETH,benchmark,random_walk_zero_return,random_walk_zero_return,2026-08-22,2026-08-23,0.01618863252300956,0.0,0.0,2424.251220703125,2463.81591796875,2424.251220703125,benchmark
ETH,benchmark,random_walk_zero_return,random_walk_zero_return,2026-08-23,2026-08-24,0.007285380356811502,0.0,0.0,2463.81591796875,2481.831298828125,2463.81591796875,benchmark
ETH,benchmark,random_walk_zero_return,random_walk_zero_return,2026-08-24,2026-08-25,-0.01570466707427711,0.0,0.0,2481.831298828125,2443.159423828125,2481.831298828125,benchmark
ETH,benchmark,random_walk_zero_return,random_walk_zero_return,2026-08-25,2026-08-26,0.02549994808905242,0.0,0.0,2443.159423828125,2506.260986328125,2443.159423828125,benchmark
ETH,benchmark,random_walk_zero_return,random_walk_zero_return,2026-08-26,2026-08-27,0.0016541530230063984,0.0,0.0,2506.260986328125,2510.41015625,2506.260986328125,benchmark
ETH,benchmark,random_walk_zero_return,random_walk_zero_return,2026-08-27,2026-08-28,-0.02740935041425752,0.0,0.0,2510.41015625,2442.535888671875,2510.41015625,benchmark
ETH,benchmark,random_walk_zero_return,random_walk_zero_return,2026-08-28,2026-08-29,0.006183572246544925,0.0,0.0,2442.535888671875,2457.686279296875,2442.535888671875,benchmark
ETH,benchmark,random_walk_zero_return,random_walk_zero_return,2026-08-29,2026-08-30,-0.016304961587388887,0.0,0.0,2457.686279296875,2417.938720703125,2457.686279296875,benchmark
ETH,benchmark,random_walk_zero_return,random_walk_zero_return,2026-08-30,2026-08-31,0.020014589550137154,0.0,0.0,2417.938720703125,2466.8203125,2417.938720703125,benchmark
